kaggle_path,kaggle_split,kaggle_label_malignant,ham_index,hamming_distance,matched,ham_lesion,ham_label_melanoma
$KAGGLE_ROOT/train/benign/100.jpg,train,0,8298,2.0,True,HAM_0000163,0
$KAGGLE_ROOT/train/benign/1000.jpg,train,0,3793,4.0,True,HAM_0002160,0
$KAGGLE_ROOT/train/benign/1001.jpg,train,0,5572,0.0,True,HAM_0003898,0
$KAGGLE_ROOT/train/benign/1002.jpg,train,0,8497,0.0,True,HAM_0002053,0
$KAGGLE_ROOT/train/benign/1004.jpg,train,0,5087,2.0,True,HAM_0005803,0
$KAGGLE_ROOT/train/benign/1005.jpg,train,0,9317,2.0,True,HAM_0002589,0
$KAGGLE_ROOT/train/benign/1007.jpg,train,0,5558,2.0,True,HAM_0002901,0
$KAGGLE_ROOT/train/benign/1008.jpg,train,0,8403,0.0,True,HAM_0007160,0
$KAGGLE_ROOT/train/benign/1009.jpg,train,0,6662,2.0,True,HAM_0006450,0
$KAGGLE_ROOT/train/benign/101.jpg,train,0,3161,2.0,True,HAM_0000776,0
$KAGGLE_ROOT/train/benign/1010.jpg,train,0,5273,6.0,True,HAM_0003598,0
$KAGGLE_ROOT/train/benign/1011.jpg,train,0,6262,2.0,True,HAM_0005900,0
$KAGGLE_ROOT/train/benign/1012.jpg,train,0,3014,2.0,True,HAM_0006678,0
$KAGGLE_ROOT/train/benign/1014.jpg,train,0,4275,2.0,True,HAM_0002407,0
$KAGGLE_ROOT/train/benign/1015.jpg,train,0,6656,4.0,True,HAM_0002780,0
$KAGGLE_ROOT/train/benign/1016.jpg,train,0,5840,2.0,True,HAM_0006639,0
$KAGGLE_ROOT/train/benign/1017.jpg,train,0,8108,2.0,True,HAM_0000861,0
$KAGGLE_ROOT/train/benign/102.jpg,train,0,5688,0.0,True,HAM_0007450,0
$KAGGLE_ROOT/train/benign/1020.jpg,train,0,6229,4.0,True,HAM_0004576,0
$KAGGLE_ROOT/train/benign/1021.jpg,train,0,5038,4.0,True,HAM_0004977,0
$KAGGLE_ROOT/train/benign/1022.jpg,train,0,4395,4.0,True,HAM_0003549,0
$KAGGLE_ROOT/train/benign/1024.jpg,train,0,6205,0.0,True,HAM_0001075,0
$KAGGLE_ROOT/train/benign/1026.jpg,train,0,3984,0.0,True,HAM_0003214,0
$KAGGLE_ROOT/train/benign/1027.jpg,train,0,4829,4.0,True,HAM_0005516,0
$KAGGLE_ROOT/train/benign/1028.jpg,train,0,7082,2.0,True,HAM_0005034,0
$KAGGLE_ROOT/train/benign/103.jpg,train,0,6189,2.0,True,HAM_0007041,0
$KAGGLE_ROOT/train/benign/1030.jpg,train,0,5116,2.0,True,HAM_0001303,0
$KAGGLE_ROOT/train/benign/1031.jpg,train,0,6195,0.0,True,HAM_0005385,0
$KAGGLE_ROOT/train/benign/1032.jpg,train,0,6703,2.0,True,HAM_0000288,0
$KAGGLE_ROOT/train/benign/1035.jpg,train,0,8424,0.0,True,HAM_0004443,0
$KAGGLE_ROOT/train/benign/1036.jpg,train,0,6994,0.0,True,HAM_0006185,0
$KAGGLE_ROOT/train/benign/1037.jpg,train,0,9040,2.0,True,HAM_0003415,0
$KAGGLE_ROOT/train/benign/1038.jpg,train,0,6025,6.0,True,HAM_0001080,0
$KAGGLE_ROOT/train/benign/1039.jpg,train,0,9229,2.0,True,HAM_0001541,0
$KAGGLE_ROOT/train/benign/104.jpg,train,0,5312,2.0,True,HAM_0000510,0
$KAGGLE_ROOT/train/benign/1040.jpg,train,0,8677,2.0,True,HAM_0003419,0
$KAGGLE_ROOT/train/benign/1041.jpg,train,0,3339,2.0,True,HAM_0000148,0
$KAGGLE_ROOT/train/benign/1043.jpg,train,0,3903,0.0,True,HAM_0005682,0
$KAGGLE_ROOT/train/benign/1045.jpg,train,0,4298,4.0,True,HAM_0007594,0
$KAGGLE_ROOT/train/benign/1046.jpg,train,0,3532,4.0,True,HAM_0005495,0
$KAGGLE_ROOT/train/benign/1047.jpg,train,0,5958,2.0,True,HAM_0002065,0
$KAGGLE_ROOT/train/benign/1048.jpg,train,0,4664,2.0,True,HAM_0006534,0
$KAGGLE_ROOT/train/benign/1049.jpg,train,0,3137,2.0,True,HAM_0003524,0
$KAGGLE_ROOT/train/benign/1050.jpg,train,0,7261,0.0,True,HAM_0000138,0
$KAGGLE_ROOT/train/benign/1051.jpg,train,0,5158,2.0,True,HAM_0005208,0
$KAGGLE_ROOT/train/benign/1052.jpg,train,0,4740,2.0,True,HAM_0000528,0
$KAGGLE_ROOT/train/benign/1053.jpg,train,0,6259,2.0,True,HAM_0007326,0
$KAGGLE_ROOT/train/benign/1054.jpg,train,0,5891,2.0,True,HAM_0004460,0
$KAGGLE_ROOT/train/benign/1056.jpg,train,0,3947,4.0,True,HAM_0005272,0
$KAGGLE_ROOT/train/benign/1057.jpg,train,0,9042,4.0,True,HAM_0001934,0
$KAGGLE_ROOT/train/benign/1058.jpg,train,0,5045,2.0,True,HAM_0002351,0
$KAGGLE_ROOT/train/benign/1059.jpg,train,0,3677,0.0,True,HAM_0003032,0
$KAGGLE_ROOT/train/benign/106.jpg,train,0,9057,2.0,True,HAM_0002326,0
$KAGGLE_ROOT/train/benign/1060.jpg,train,0,6695,4.0,True,HAM_0006032,0
$KAGGLE_ROOT/train/benign/1062.jpg,train,0,5298,4.0,True,HAM_0006606,0
$KAGGLE_ROOT/train/benign/1063.jpg,train,0,4708,4.0,True,HAM_0002420,0
$KAGGLE_ROOT/train/benign/1064.jpg,train,0,3894,2.0,True,HAM_0007365,0
$KAGGLE_ROOT/train/benign/1065.jpg,train,0,5603,2.0,True,HAM_0001727,0
$KAGGLE_ROOT/train/benign/1066.jpg,train,0,7276,4.0,True,HAM_0003235,0
$KAGGLE_ROOT/train/benign/1067.jpg,train,0,5550,4.0,True,HAM_0003855,0
$KAGGLE_ROOT/train/benign/1068.jpg,train,0,5778,4.0,True,HAM_0005549,0
$KAGGLE_ROOT/train/benign/1069.jpg,train,0,6752,2.0,True,HAM_0000977,0
$KAGGLE_ROOT/train/benign/107.jpg,train,0,2990,4.0,True,HAM_0005234,0
$KAGGLE_ROOT/train/benign/1071.jpg,train,0,3347,4.0,True,HAM_0006166,0
$KAGGLE_ROOT/train/benign/1072.jpg,train,0,5080,4.0,True,HAM_0004175,0
$KAGGLE_ROOT/train/benign/1073.jpg,train,0,8694,4.0,True,HAM_0005910,0
$KAGGLE_ROOT/train/benign/1075.jpg,train,0,6956,0.0,True,HAM_0002975,0
$KAGGLE_ROOT/train/benign/1076.jpg,train,0,5308,4.0,True,HAM_0003795,0
$KAGGLE_ROOT/train/benign/1078.jpg,train,0,3635,2.0,True,HAM_0001067,0
$KAGGLE_ROOT/train/benign/1079.jpg,train,0,3802,2.0,True,HAM_0003294,0
$KAGGLE_ROOT/train/benign/108.jpg,train,0,8145,0.0,True,HAM_0000354,0
$KAGGLE_ROOT/train/benign/1081.jpg,train,0,3712,0.0,True,HAM_0003992,0
$KAGGLE_ROOT/train/benign/1082.jpg,train,0,7072,2.0,True,HAM_0007138,0
$KAGGLE_ROOT/train/benign/1083.jpg,train,0,4961,2.0,True,HAM_0003053,0
$KAGGLE_ROOT/train/benign/1084.jpg,train,0,8446,2.0,True,HAM_0001517,0
$KAGGLE_ROOT/train/benign/1085.jpg,train,0,3324,2.0,True,HAM_0001816,0
$KAGGLE_ROOT/train/benign/1086.jpg,train,0,6506,4.0,True,HAM_0002690,0
$KAGGLE_ROOT/train/benign/1089.jpg,train,0,6290,0.0,True,HAM_0001750,0
$KAGGLE_ROOT/train/benign/109.jpg,train,0,4616,2.0,True,HAM_0000725,0
$KAGGLE_ROOT/train/benign/1090.jpg,train,0,3664,2.0,True,HAM_0001015,0
$KAGGLE_ROOT/train/benign/1091.jpg,train,0,9389,0.0,True,HAM_0007566,0
$KAGGLE_ROOT/train/benign/1093.jpg,train,0,3601,2.0,True,HAM_0004971,0
$KAGGLE_ROOT/train/benign/1094.jpg,train,0,5860,2.0,True,HAM_0005164,0
$KAGGLE_ROOT/train/benign/1095.jpg,train,0,5916,6.0,True,HAM_0004541,0
$KAGGLE_ROOT/train/benign/1096.jpg,train,0,4672,2.0,True,HAM_0004994,0
$KAGGLE_ROOT/train/benign/1097.jpg,train,0,6006,2.0,True,HAM_0007143,0
$KAGGLE_ROOT/train/benign/1098.jpg,train,0,7029,4.0,True,HAM_0002409,0
$KAGGLE_ROOT/train/benign/1099.jpg,train,0,6221,2.0,True,HAM_0003184,0
$KAGGLE_ROOT/train/benign/110.jpg,train,0,9050,2.0,True,HAM_0002293,0
$KAGGLE_ROOT/train/benign/1100.jpg,train,0,6387,4.0,True,HAM_0001016,0
$KAGGLE_ROOT/train/benign/1101.jpg,train,0,3264,0.0,True,HAM_0004828,0
$KAGGLE_ROOT/train/benign/1102.jpg,train,0,9065,4.0,True,HAM_0005230,0
$KAGGLE_ROOT/train/benign/1103.jpg,train,0,4584,0.0,True,HAM_0003837,0
$KAGGLE_ROOT/train/benign/1104.jpg,train,0,6931,2.0,True,HAM_0007028,0
$KAGGLE_ROOT/train/benign/1105.jpg,train,0,6044,0.0,True,HAM_0000800,0
$KAGGLE_ROOT/train/benign/1106.jpg,train,0,4397,2.0,True,HAM_0001047,0
$KAGGLE_ROOT/train/benign/1107.jpg,train,0,4794,4.0,True,HAM_0005201,0
$KAGGLE_ROOT/train/benign/1108.jpg,train,0,8707,2.0,True,HAM_0002107,0
$KAGGLE_ROOT/train/benign/1109.jpg,train,0,8643,0.0,True,HAM_0000336,0
$KAGGLE_ROOT/train/benign/111.jpg,train,0,4278,2.0,True,HAM_0004471,0
$KAGGLE_ROOT/train/benign/1111.jpg,train,0,3265,0.0,True,HAM_0003382,0
$KAGGLE_ROOT/train/benign/1113.jpg,train,0,3382,2.0,True,HAM_0005800,0
$KAGGLE_ROOT/train/benign/1114.jpg,train,0,9111,6.0,True,HAM_0004600,0
$KAGGLE_ROOT/train/benign/1116.jpg,train,0,5332,2.0,True,HAM_0003169,0
$KAGGLE_ROOT/train/benign/1117.jpg,train,0,8176,2.0,True,HAM_0004450,0
$KAGGLE_ROOT/train/benign/1119.jpg,train,0,8907,0.0,True,HAM_0001381,0
$KAGGLE_ROOT/train/benign/112.jpg,train,0,3491,4.0,True,HAM_0000473,0
$KAGGLE_ROOT/train/benign/1120.jpg,train,0,9041,0.0,True,HAM_0001190,0
$KAGGLE_ROOT/train/benign/1121.jpg,train,0,8931,2.0,True,HAM_0001702,0
$KAGGLE_ROOT/train/benign/1122.jpg,train,0,4656,2.0,True,HAM_0002492,0
$KAGGLE_ROOT/train/benign/1123.jpg,train,0,3066,4.0,True,HAM_0005858,0
$KAGGLE_ROOT/train/benign/1124.jpg,train,0,9046,6.0,True,HAM_0000486,0
$KAGGLE_ROOT/train/benign/1127.jpg,train,0,5112,0.0,True,HAM_0002995,0
$KAGGLE_ROOT/train/benign/1128.jpg,train,0,8936,0.0,True,HAM_0006225,0
$KAGGLE_ROOT/train/benign/1129.jpg,train,0,3342,0.0,True,HAM_0003838,0
$KAGGLE_ROOT/train/benign/113.jpg,train,0,4048,2.0,True,HAM_0004540,0
$KAGGLE_ROOT/train/benign/1131.jpg,train,0,9209,0.0,True,HAM_0006600,0
$KAGGLE_ROOT/train/benign/1132.jpg,train,0,5272,0.0,True,HAM_0006335,0
$KAGGLE_ROOT/train/benign/1133.jpg,train,0,5365,2.0,True,HAM_0007556,0
$KAGGLE_ROOT/train/benign/1136.jpg,train,0,4548,2.0,True,HAM_0005659,0
$KAGGLE_ROOT/train/benign/1137.jpg,train,0,4261,0.0,True,HAM_0005426,0
$KAGGLE_ROOT/train/benign/1138.jpg,train,0,9329,4.0,True,HAM_0003872,0
$KAGGLE_ROOT/train/benign/114.jpg,train,0,6816,0.0,True,HAM_0003767,0
$KAGGLE_ROOT/train/benign/1140.jpg,train,0,8801,2.0,True,HAM_0004399,0
$KAGGLE_ROOT/train/benign/1141.jpg,train,0,3952,2.0,True,HAM_0002891,0
$KAGGLE_ROOT/train/benign/1142.jpg,train,0,4673,2.0,True,HAM_0005698,0
$KAGGLE_ROOT/train/benign/1144.jpg,train,0,9310,2.0,True,HAM_0004996,0
$KAGGLE_ROOT/train/benign/1145.jpg,train,0,6601,2.0,True,HAM_0006136,0
$KAGGLE_ROOT/train/benign/1147.jpg,train,0,3901,2.0,True,HAM_0006448,0
$KAGGLE_ROOT/train/benign/1148.jpg,train,0,6678,6.0,True,HAM_0001518,0
$KAGGLE_ROOT/train/benign/1149.jpg,train,0,3142,0.0,True,HAM_0003349,0
$KAGGLE_ROOT/train/benign/115.jpg,train,0,8884,0.0,True,HAM_0003958,0
$KAGGLE_ROOT/train/benign/1150.jpg,train,0,6733,4.0,True,HAM_0001141,0
$KAGGLE_ROOT/train/benign/1152.jpg,train,0,3517,2.0,True,HAM_0000507,0
$KAGGLE_ROOT/train/benign/1153.jpg,train,0,5886,2.0,True,HAM_0001382,0
$KAGGLE_ROOT/train/benign/1154.jpg,train,0,8719,0.0,True,HAM_0005730,0
$KAGGLE_ROOT/train/benign/1156.jpg,train,0,4427,2.0,True,HAM_0000680,0
$KAGGLE_ROOT/train/benign/1157.jpg,train,0,3188,2.0,True,HAM_0000789,0
$KAGGLE_ROOT/train/benign/1158.jpg,train,0,3490,2.0,True,HAM_0001572,0
$KAGGLE_ROOT/train/benign/1159.jpg,train,0,4201,2.0,True,HAM_0000514,0
$KAGGLE_ROOT/train/benign/116.jpg,train,0,6998,0.0,True,HAM_0001160,0
$KAGGLE_ROOT/train/benign/1160.jpg,train,0,3512,0.0,True,HAM_0001336,0
$KAGGLE_ROOT/train/benign/1161.jpg,train,0,3961,0.0,True,HAM_0005377,0
$KAGGLE_ROOT/train/benign/1162.jpg,train,0,9219,2.0,True,HAM_0001689,0
$KAGGLE_ROOT/train/benign/1163.jpg,train,0,3697,2.0,True,HAM_0005218,0
$KAGGLE_ROOT/train/benign/1164.jpg,train,0,5598,4.0,True,HAM_0003890,0
$KAGGLE_ROOT/train/benign/1165.jpg,train,0,4828,2.0,True,HAM_0006690,0
$KAGGLE_ROOT/train/benign/1167.jpg,train,0,9029,0.0,True,HAM_0002370,0
$KAGGLE_ROOT/train/benign/1168.jpg,train,0,6437,4.0,True,HAM_0003109,0
$KAGGLE_ROOT/train/benign/1169.jpg,train,0,9167,2.0,True,HAM_0002486,0
$KAGGLE_ROOT/train/benign/117.jpg,train,0,4929,2.0,True,HAM_0000826,0
$KAGGLE_ROOT/train/benign/1171.jpg,train,0,5711,0.0,True,HAM_0001066,0
$KAGGLE_ROOT/train/benign/1172.jpg,train,0,6572,2.0,True,HAM_0007187,0
$KAGGLE_ROOT/train/benign/1174.jpg,train,0,6289,6.0,True,HAM_0000660,0
$KAGGLE_ROOT/train/benign/1175.jpg,train,0,4687,2.0,True,HAM_0000166,0
$KAGGLE_ROOT/train/benign/1176.jpg,train,0,6417,2.0,True,HAM_0003875,0
$KAGGLE_ROOT/train/benign/1178.jpg,train,0,8213,0.0,True,HAM_0003127,0
$KAGGLE_ROOT/train/benign/1179.jpg,train,0,6193,0.0,True,HAM_0004974,0
$KAGGLE_ROOT/train/benign/118.jpg,train,0,6378,0.0,True,HAM_0001030,0
$KAGGLE_ROOT/train/benign/1181.jpg,train,0,7034,4.0,True,HAM_0005561,0
$KAGGLE_ROOT/train/benign/1182.jpg,train,0,3295,4.0,True,HAM_0001322,0
$KAGGLE_ROOT/train/benign/1184.jpg,train,0,6929,2.0,True,HAM_0001849,0
$KAGGLE_ROOT/train/benign/1185.jpg,train,0,3441,2.0,True,HAM_0001449,0
$KAGGLE_ROOT/train/benign/1186.jpg,train,0,6764,2.0,True,HAM_0000930,0
$KAGGLE_ROOT/train/benign/1187.jpg,train,0,5996,0.0,True,HAM_0005202,0
$KAGGLE_ROOT/train/benign/1188.jpg,train,0,3392,2.0,True,HAM_0004819,0
$KAGGLE_ROOT/train/benign/1189.jpg,train,0,4559,2.0,True,HAM_0003100,0
$KAGGLE_ROOT/train/benign/1190.jpg,train,0,4094,2.0,True,HAM_0004608,0
$KAGGLE_ROOT/train/benign/1192.jpg,train,0,8961,2.0,True,HAM_0000762,0
$KAGGLE_ROOT/train/benign/1193.jpg,train,0,8636,2.0,True,HAM_0000674,0
$KAGGLE_ROOT/train/benign/1194.jpg,train,0,3655,2.0,True,HAM_0006611,0
$KAGGLE_ROOT/train/benign/1195.jpg,train,0,4807,0.0,True,HAM_0007338,0
$KAGGLE_ROOT/train/benign/1196.jpg,train,0,8930,0.0,True,HAM_0006409,0
$KAGGLE_ROOT/train/benign/1197.jpg,train,0,6692,2.0,True,HAM_0003155,0
$KAGGLE_ROOT/train/benign/1198.jpg,train,0,4574,4.0,True,HAM_0001194,0
$KAGGLE_ROOT/train/benign/1199.jpg,train,0,8709,2.0,True,HAM_0006352,0
$KAGGLE_ROOT/train/benign/12.jpg,train,0,9230,2.0,True,HAM_0006262,0
$KAGGLE_ROOT/train/benign/120.jpg,train,0,4623,4.0,True,HAM_0005839,0
$KAGGLE_ROOT/train/benign/1201.jpg,train,0,6164,2.0,True,HAM_0004311,0
$KAGGLE_ROOT/train/benign/1202.jpg,train,0,9673,0.0,True,HAM_0004857,0
$KAGGLE_ROOT/train/benign/1204.jpg,train,0,3267,2.0,True,HAM_0004929,0
$KAGGLE_ROOT/train/benign/1205.jpg,train,0,6775,2.0,True,HAM_0000068,0
$KAGGLE_ROOT/train/benign/1206.jpg,train,0,8591,2.0,True,HAM_0004170,0
$KAGGLE_ROOT/train/benign/1207.jpg,train,0,4839,2.0,True,HAM_0002340,0
$KAGGLE_ROOT/train/benign/1209.jpg,train,0,4446,2.0,True,HAM_0003481,0
$KAGGLE_ROOT/train/benign/121.jpg,train,0,6646,6.0,True,HAM_0003244,0
$KAGGLE_ROOT/train/benign/1210.jpg,train,0,8791,2.0,True,HAM_0005822,0
$KAGGLE_ROOT/train/benign/1211.jpg,train,0,9279,2.0,True,HAM_0002296,0
$KAGGLE_ROOT/train/benign/1212.jpg,train,0,4554,4.0,True,HAM_0000244,0
$KAGGLE_ROOT/train/benign/1213.jpg,train,0,4921,0.0,True,HAM_0006292,0
$KAGGLE_ROOT/train/benign/1216.jpg,train,0,6246,4.0,True,HAM_0004067,0
$KAGGLE_ROOT/train/benign/1217.jpg,train,0,6412,2.0,True,HAM_0004160,0
$KAGGLE_ROOT/train/benign/1218.jpg,train,0,6452,2.0,True,HAM_0003792,0
$KAGGLE_ROOT/train/benign/1219.jpg,train,0,4615,0.0,True,HAM_0000096,0
$KAGGLE_ROOT/train/benign/1220.jpg,train,0,6748,2.0,True,HAM_0004380,0
$KAGGLE_ROOT/train/benign/1221.jpg,train,0,4716,0.0,True,HAM_0001774,0
$KAGGLE_ROOT/train/benign/1222.jpg,train,0,4500,0.0,True,HAM_0000678,0
$KAGGLE_ROOT/train/benign/1223.jpg,train,0,8935,2.0,True,HAM_0006225,0
$KAGGLE_ROOT/train/benign/1224.jpg,train,0,5359,2.0,True,HAM_0005147,0
$KAGGLE_ROOT/train/benign/1225.jpg,train,0,6371,6.0,True,HAM_0002945,0
$KAGGLE_ROOT/train/benign/1227.jpg,train,0,9025,0.0,True,HAM_0002888,0
$KAGGLE_ROOT/train/benign/1228.jpg,train,0,4511,4.0,True,HAM_0003552,0
$KAGGLE_ROOT/train/benign/1229.jpg,train,0,3775,2.0,True,HAM_0007467,0
$KAGGLE_ROOT/train/benign/123.jpg,train,0,4817,2.0,True,HAM_0004567,0
$KAGGLE_ROOT/train/benign/1230.jpg,train,0,4841,2.0,True,HAM_0000180,0
$KAGGLE_ROOT/train/benign/1232.jpg,train,0,4085,4.0,True,HAM_0007430,0
$KAGGLE_ROOT/train/benign/1233.jpg,train,0,4636,4.0,True,HAM_0007389,0
$KAGGLE_ROOT/train/benign/1234.jpg,train,0,9336,2.0,True,HAM_0002832,0
$KAGGLE_ROOT/train/benign/1235.jpg,train,0,6736,2.0,True,HAM_0000476,0
$KAGGLE_ROOT/train/benign/1236.jpg,train,0,8927,0.0,True,HAM_0006685,0
$KAGGLE_ROOT/train/benign/1237.jpg,train,0,6223,0.0,True,HAM_0006672,0
$KAGGLE_ROOT/train/benign/1238.jpg,train,0,5741,0.0,True,HAM_0005019,0
$KAGGLE_ROOT/train/benign/1239.jpg,train,0,6442,4.0,True,HAM_0000333,0
$KAGGLE_ROOT/train/benign/124.jpg,train,0,3584,4.0,True,HAM_0007616,0
$KAGGLE_ROOT/train/benign/1240.jpg,train,0,4588,0.0,True,HAM_0004798,0
$KAGGLE_ROOT/train/benign/1241.jpg,train,0,6822,4.0,True,HAM_0003221,0
$KAGGLE_ROOT/train/benign/1245.jpg,train,0,6102,2.0,True,HAM_0001233,0
$KAGGLE_ROOT/train/benign/1246.jpg,train,0,3678,4.0,True,HAM_0003964,0
$KAGGLE_ROOT/train/benign/1247.jpg,train,0,3220,0.0,True,HAM_0003883,0
$KAGGLE_ROOT/train/benign/1248.jpg,train,0,5107,2.0,True,HAM_0007231,0
$KAGGLE_ROOT/train/benign/1249.jpg,train,0,5727,4.0,True,HAM_0007062,0
$KAGGLE_ROOT/train/benign/125.jpg,train,0,3466,0.0,True,HAM_0005349,0
$KAGGLE_ROOT/train/benign/1250.jpg,train,0,4015,6.0,True,HAM_0002341,0
$KAGGLE_ROOT/train/benign/1251.jpg,train,0,3395,2.0,True,HAM_0000444,0
$KAGGLE_ROOT/train/benign/1252.jpg,train,0,9062,2.0,True,HAM_0003932,0
$KAGGLE_ROOT/train/benign/1254.jpg,train,0,8521,0.0,True,HAM_0002368,0
$KAGGLE_ROOT/train/benign/1255.jpg,train,0,4855,2.0,True,HAM_0006050,0
$KAGGLE_ROOT/train/benign/1256.jpg,train,0,5635,8.0,True,HAM_0001626,0
$KAGGLE_ROOT/train/benign/1257.jpg,train,0,4293,2.0,True,HAM_0001193,0
$KAGGLE_ROOT/train/benign/1258.jpg,train,0,8720,0.0,True,HAM_0003918,0
$KAGGLE_ROOT/train/benign/1259.jpg,train,0,4122,2.0,True,HAM_0001436,0
$KAGGLE_ROOT/train/benign/126.jpg,train,0,4630,0.0,True,HAM_0005032,0
$KAGGLE_ROOT/train/benign/1260.jpg,train,0,5165,2.0,True,HAM_0006985,0
$KAGGLE_ROOT/train/benign/1262.jpg,train,0,5658,4.0,True,HAM_0002829,0
$KAGGLE_ROOT/train/benign/1263.jpg,train,0,5145,2.0,True,HAM_0005416,0
$KAGGLE_ROOT/train/benign/1264.jpg,train,0,4761,4.0,True,HAM_0002048,0
$KAGGLE_ROOT/train/benign/1267.jpg,train,0,3582,0.0,True,HAM_0000016,0
$KAGGLE_ROOT/train/benign/1268.jpg,train,0,9670,2.0,True,HAM_0001410,0
$KAGGLE_ROOT/train/benign/1270.jpg,train,0,9115,4.0,True,HAM_0000500,0
$KAGGLE_ROOT/train/benign/1271.jpg,train,0,4096,2.0,True,HAM_0000697,0
$KAGGLE_ROOT/train/benign/1272.jpg,train,0,3097,2.0,True,HAM_0002545,0
$KAGGLE_ROOT/train/benign/1274.jpg,train,0,5486,4.0,True,HAM_0004755,0
$KAGGLE_ROOT/train/benign/1275.jpg,train,0,9542,2.0,True,HAM_0003816,0
$KAGGLE_ROOT/train/benign/1279.jpg,train,0,4665,0.0,True,HAM_0001571,0
$KAGGLE_ROOT/train/benign/128.jpg,train,0,4379,4.0,True,HAM_0002989,0
$KAGGLE_ROOT/train/benign/1280.jpg,train,0,5099,2.0,True,HAM_0004689,0
$KAGGLE_ROOT/train/benign/1281.jpg,train,0,6275,2.0,True,HAM_0005507,0
$KAGGLE_ROOT/train/benign/1282.jpg,train,0,8729,0.0,True,HAM_0006514,0
$KAGGLE_ROOT/train/benign/1283.jpg,train,0,8512,0.0,True,HAM_0005090,0
$KAGGLE_ROOT/train/benign/1284.jpg,train,0,6282,2.0,True,HAM_0006161,0
$KAGGLE_ROOT/train/benign/1285.jpg,train,0,5519,0.0,True,HAM_0004666,0
$KAGGLE_ROOT/train/benign/1286.jpg,train,0,4006,2.0,True,HAM_0000213,0
$KAGGLE_ROOT/train/benign/1287.jpg,train,0,4304,2.0,True,HAM_0003147,0
$KAGGLE_ROOT/train/benign/1289.jpg,train,0,4455,2.0,True,HAM_0004179,0
$KAGGLE_ROOT/train/benign/129.jpg,train,0,9085,0.0,True,HAM_0002154,0
$KAGGLE_ROOT/train/benign/1291.jpg,train,0,8906,2.0,True,HAM_0001381,0
$KAGGLE_ROOT/train/benign/1292.jpg,train,0,4876,2.0,True,HAM_0002806,0
$KAGGLE_ROOT/train/benign/1293.jpg,train,0,5494,2.0,True,HAM_0000594,0
$KAGGLE_ROOT/train/benign/1294.jpg,train,0,7097,2.0,True,HAM_0007300,0
$KAGGLE_ROOT/train/benign/1295.jpg,train,0,5442,6.0,True,HAM_0005595,0
$KAGGLE_ROOT/train/benign/1296.jpg,train,0,3979,0.0,True,HAM_0003126,0
$KAGGLE_ROOT/train/benign/1298.jpg,train,0,8558,4.0,True,HAM_0007491,0
$KAGGLE_ROOT/train/benign/13.jpg,train,0,3371,2.0,True,HAM_0003341,0
$KAGGLE_ROOT/train/benign/130.jpg,train,0,4806,0.0,True,HAM_0005343,0
$KAGGLE_ROOT/train/benign/1300.jpg,train,0,6036,0.0,True,HAM_0000890,0
$KAGGLE_ROOT/train/benign/1301.jpg,train,0,5163,2.0,True,HAM_0006275,0
$KAGGLE_ROOT/train/benign/1302.jpg,train,0,7052,2.0,True,HAM_0005611,0
$KAGGLE_ROOT/train/benign/1303.jpg,train,0,8246,0.0,True,HAM_0001872,0
$KAGGLE_ROOT/train/benign/1304.jpg,train,0,3939,0.0,True,HAM_0006393,0
$KAGGLE_ROOT/train/benign/1305.jpg,train,0,6697,2.0,True,HAM_0000965,0
$KAGGLE_ROOT/train/benign/1306.jpg,train,0,8741,6.0,True,HAM_0003415,0
$KAGGLE_ROOT/train/benign/1307.jpg,train,0,6996,2.0,True,HAM_0002484,0
$KAGGLE_ROOT/train/benign/1308.jpg,train,0,8305,2.0,True,HAM_0001895,0
$KAGGLE_ROOT/train/benign/1309.jpg,train,0,8550,0.0,True,HAM_0001911,0
$KAGGLE_ROOT/train/benign/131.jpg,train,0,5771,4.0,True,HAM_0004452,0
$KAGGLE_ROOT/train/benign/1311.jpg,train,0,8377,2.0,True,HAM_0000188,0
$KAGGLE_ROOT/train/benign/1312.jpg,train,0,6496,6.0,True,HAM_0000849,0
$KAGGLE_ROOT/train/benign/1313.jpg,train,0,8623,6.0,True,HAM_0005510,0
$KAGGLE_ROOT/train/benign/1314.jpg,train,0,6651,2.0,True,HAM_0005877,0
$KAGGLE_ROOT/train/benign/1315.jpg,train,0,4853,2.0,True,HAM_0002247,0
$KAGGLE_ROOT/train/benign/1316.jpg,train,0,5330,4.0,True,HAM_0003477,0
$KAGGLE_ROOT/train/benign/1317.jpg,train,0,9207,0.0,True,HAM_0000604,0
$KAGGLE_ROOT/train/benign/1318.jpg,train,0,3525,2.0,True,HAM_0001162,0
$KAGGLE_ROOT/train/benign/132.jpg,train,0,8723,2.0,True,HAM_0007510,0
$KAGGLE_ROOT/train/benign/1320.jpg,train,0,8345,0.0,True,HAM_0001507,0
$KAGGLE_ROOT/train/benign/1323.jpg,train,0,8994,2.0,True,HAM_0006458,0
$KAGGLE_ROOT/train/benign/1324.jpg,train,0,8130,6.0,True,HAM_0003615,0
$KAGGLE_ROOT/train/benign/1325.jpg,train,0,6948,4.0,True,HAM_0006747,0
$KAGGLE_ROOT/train/benign/1326.jpg,train,0,6497,2.0,True,HAM_0006695,0
$KAGGLE_ROOT/train/benign/1327.jpg,train,0,4523,2.0,True,HAM_0003226,0
$KAGGLE_ROOT/train/benign/1328.jpg,train,0,4192,2.0,True,HAM_0000831,0
$KAGGLE_ROOT/train/benign/1329.jpg,train,0,5173,2.0,True,HAM_0003492,0
$KAGGLE_ROOT/train/benign/133.jpg,train,0,5406,8.0,True,HAM_0004037,0
$KAGGLE_ROOT/train/benign/1330.jpg,train,0,6118,0.0,True,HAM_0006331,0
$KAGGLE_ROOT/train/benign/1331.jpg,train,0,9308,0.0,True,HAM_0004996,0
$KAGGLE_ROOT/train/benign/1332.jpg,train,0,5343,4.0,True,HAM_0006758,0
$KAGGLE_ROOT/train/benign/1333.jpg,train,0,6591,2.0,True,HAM_0000503,0
$KAGGLE_ROOT/train/benign/1335.jpg,train,0,3205,2.0,True,HAM_0001367,0
$KAGGLE_ROOT/train/benign/1336.jpg,train,0,4981,2.0,True,HAM_0006012,0
$KAGGLE_ROOT/train/benign/1337.jpg,train,0,5648,2.0,True,HAM_0004315,0
$KAGGLE_ROOT/train/benign/1338.jpg,train,0,5918,4.0,True,HAM_0004529,0
$KAGGLE_ROOT/train/benign/1339.jpg,train,0,4373,2.0,True,HAM_0003666,0
$KAGGLE_ROOT/train/benign/134.jpg,train,0,3798,2.0,True,HAM_0005565,0
$KAGGLE_ROOT/train/benign/1340.jpg,train,0,9242,0.0,True,HAM_0002708,0
$KAGGLE_ROOT/train/benign/1341.jpg,train,0,6008,0.0,True,HAM_0003720,0
$KAGGLE_ROOT/train/benign/1344.jpg,train,0,6947,0.0,True,HAM_0006747,0
$KAGGLE_ROOT/train/benign/1345.jpg,train,0,6308,2.0,True,HAM_0007599,0
$KAGGLE_ROOT/train/benign/1346.jpg,train,0,5627,0.0,True,HAM_0001783,0
$KAGGLE_ROOT/train/benign/1347.jpg,train,0,8224,2.0,True,HAM_0005085,0
$KAGGLE_ROOT/train/benign/1348.jpg,train,0,3224,0.0,True,HAM_0002786,0
$KAGGLE_ROOT/train/benign/1349.jpg,train,0,6385,2.0,True,HAM_0003132,0
$KAGGLE_ROOT/train/benign/135.jpg,train,0,5385,2.0,True,HAM_0001724,0
$KAGGLE_ROOT/train/benign/1351.jpg,train,0,5296,4.0,True,HAM_0004353,0
$KAGGLE_ROOT/train/benign/1352.jpg,train,0,4125,2.0,True,HAM_0001691,0
$KAGGLE_ROOT/train/benign/1353.jpg,train,0,3675,0.0,True,HAM_0004750,0
$KAGGLE_ROOT/train/benign/1355.jpg,train,0,8382,0.0,True,HAM_0002470,0
$KAGGLE_ROOT/train/benign/1356.jpg,train,0,3152,2.0,True,HAM_0004538,0
$KAGGLE_ROOT/train/benign/1358.jpg,train,0,5347,2.0,True,HAM_0003905,0
$KAGGLE_ROOT/train/benign/136.jpg,train,0,3311,2.0,True,HAM_0005332,0
$KAGGLE_ROOT/train/benign/1360.jpg,train,0,8432,4.0,True,HAM_0007385,0
$KAGGLE_ROOT/train/benign/1361.jpg,train,0,5679,0.0,True,HAM_0006674,0
$KAGGLE_ROOT/train/benign/1363.jpg,train,0,5216,6.0,True,HAM_0001873,0
$KAGGLE_ROOT/train/benign/1364.jpg,train,0,5331,4.0,True,HAM_0007048,0
$KAGGLE_ROOT/train/benign/1366.jpg,train,0,8655,2.0,True,HAM_0005450,0
$KAGGLE_ROOT/train/benign/1368.jpg,train,0,3222,0.0,True,HAM_0005226,0
$KAGGLE_ROOT/train/benign/1369.jpg,train,0,5845,2.0,True,HAM_0004295,0
$KAGGLE_ROOT/train/benign/137.jpg,train,0,8422,0.0,True,HAM_0005261,0
$KAGGLE_ROOT/train/benign/1370.jpg,train,0,3179,0.0,True,HAM_0000580,0
$KAGGLE_ROOT/train/benign/1371.jpg,train,0,6600,2.0,True,HAM_0003564,0
$KAGGLE_ROOT/train/benign/1372.jpg,train,0,6021,4.0,True,HAM_0005941,0
$KAGGLE_ROOT/train/benign/1374.jpg,train,0,8564,2.0,True,HAM_0001508,0
$KAGGLE_ROOT/train/benign/1375.jpg,train,0,4763,2.0,True,HAM_0000071,0
$KAGGLE_ROOT/train/benign/1379.jpg,train,0,3624,0.0,True,HAM_0002459,0
$KAGGLE_ROOT/train/benign/138.jpg,train,0,5011,2.0,True,HAM_0000037,0
$KAGGLE_ROOT/train/benign/1380.jpg,train,0,8052,2.0,True,HAM_0000897,0
$KAGGLE_ROOT/train/benign/1382.jpg,train,0,6576,2.0,True,HAM_0006701,0
$KAGGLE_ROOT/train/benign/1383.jpg,train,0,4026,2.0,True,HAM_0006502,0
$KAGGLE_ROOT/train/benign/1384.jpg,train,0,8227,0.0,True,HAM_0006041,0
$KAGGLE_ROOT/train/benign/1385.jpg,train,0,5892,4.0,True,HAM_0003959,0
$KAGGLE_ROOT/train/benign/1386.jpg,train,0,3409,2.0,True,HAM_0005629,0
$KAGGLE_ROOT/train/benign/1387.jpg,train,0,5230,2.0,True,HAM_0007162,0
$KAGGLE_ROOT/train/benign/1388.jpg,train,0,4212,4.0,True,HAM_0001371,0
$KAGGLE_ROOT/train/benign/1389.jpg,train,0,4439,4.0,True,HAM_0007380,0
$KAGGLE_ROOT/train/benign/139.jpg,train,0,4266,0.0,True,HAM_0007397,0
$KAGGLE_ROOT/train/benign/1390.jpg,train,0,5205,6.0,True,HAM_0000026,0
$KAGGLE_ROOT/train/benign/1391.jpg,train,0,5978,2.0,True,HAM_0005081,0
$KAGGLE_ROOT/train/benign/1392.jpg,train,0,5783,6.0,True,HAM_0003163,0
$KAGGLE_ROOT/train/benign/1394.jpg,train,0,3916,4.0,True,HAM_0005768,0
$KAGGLE_ROOT/train/benign/1395.jpg,train,0,9093,0.0,True,HAM_0000798,0
$KAGGLE_ROOT/train/benign/1396.jpg,train,0,6534,4.0,True,HAM_0001946,0
$KAGGLE_ROOT/train/benign/1397.jpg,train,0,8148,2.0,True,HAM_0002881,0
$KAGGLE_ROOT/train/benign/1398.jpg,train,0,3665,2.0,True,HAM_0005119,0
$KAGGLE_ROOT/train/benign/1399.jpg,train,0,3230,2.0,True,HAM_0005863,0
$KAGGLE_ROOT/train/benign/14.jpg,train,0,8455,0.0,True,HAM_0002904,0
$KAGGLE_ROOT/train/benign/1402.jpg,train,0,9104,2.0,True,HAM_0004638,0
$KAGGLE_ROOT/train/benign/1403.jpg,train,0,3817,2.0,True,HAM_0004625,0
$KAGGLE_ROOT/train/benign/1404.jpg,train,0,3013,2.0,True,HAM_0000256,0
$KAGGLE_ROOT/train/benign/1405.jpg,train,0,7285,0.0,True,HAM_0000012,0
$KAGGLE_ROOT/train/benign/1406.jpg,train,0,8593,4.0,True,HAM_0000771,0
$KAGGLE_ROOT/train/benign/1407.jpg,train,0,6579,4.0,True,HAM_0000151,0
$KAGGLE_ROOT/train/benign/1408.jpg,train,0,3048,2.0,True,HAM_0006224,0
$KAGGLE_ROOT/train/benign/141.jpg,train,0,5444,4.0,True,HAM_0001491,0
$KAGGLE_ROOT/train/benign/1410.jpg,train,0,9632,2.0,True,HAM_0007069,0
$KAGGLE_ROOT/train/benign/1411.jpg,train,0,6423,0.0,True,HAM_0004876,0
$KAGGLE_ROOT/train/benign/1413.jpg,train,0,8244,2.0,True,HAM_0001137,0
$KAGGLE_ROOT/train/benign/1414.jpg,train,0,5322,2.0,True,HAM_0001182,0
$KAGGLE_ROOT/train/benign/1416.jpg,train,0,4897,2.0,True,HAM_0001068,0
$KAGGLE_ROOT/train/benign/1417.jpg,train,0,6812,2.0,True,HAM_0001342,0
$KAGGLE_ROOT/train/benign/1418.jpg,train,0,3869,2.0,True,HAM_0003304,0
$KAGGLE_ROOT/train/benign/1419.jpg,train,0,9648,4.0,True,HAM_0005522,0
$KAGGLE_ROOT/train/benign/142.jpg,train,0,8006,0.0,True,HAM_0003699,0
$KAGGLE_ROOT/train/benign/1420.jpg,train,0,8608,2.0,True,HAM_0004505,0
$KAGGLE_ROOT/train/benign/1421.jpg,train,0,3120,6.0,True,HAM_0003671,0
$KAGGLE_ROOT/train/benign/1422.jpg,train,0,6758,2.0,True,HAM_0006738,0
$KAGGLE_ROOT/train/benign/1423.jpg,train,0,5153,2.0,True,HAM_0003012,0
$KAGGLE_ROOT/train/benign/1424.jpg,train,0,5930,4.0,True,HAM_0002637,0
$KAGGLE_ROOT/train/benign/1425.jpg,train,0,4356,0.0,True,HAM_0006973,0
$KAGGLE_ROOT/train/benign/1426.jpg,train,0,4519,6.0,True,HAM_0006620,0
$KAGGLE_ROOT/train/benign/1427.jpg,train,0,4938,2.0,True,HAM_0002781,0
$KAGGLE_ROOT/train/benign/1428.jpg,train,0,4949,2.0,True,HAM_0005171,0
$KAGGLE_ROOT/train/benign/1429.jpg,train,0,3684,4.0,True,HAM_0002681,0
$KAGGLE_ROOT/train/benign/143.jpg,train,0,8204,2.0,True,HAM_0001567,0
$KAGGLE_ROOT/train/benign/1430.jpg,train,0,8359,4.0,True,HAM_0000275,0
$KAGGLE_ROOT/train/benign/1431.jpg,train,0,4620,0.0,True,HAM_0005344,0
$KAGGLE_ROOT/train/benign/1432.jpg,train,0,3377,0.0,True,HAM_0005187,0
$KAGGLE_ROOT/train/benign/1433.jpg,train,0,3432,4.0,True,HAM_0004707,0
$KAGGLE_ROOT/train/benign/1434.jpg,train,0,4203,4.0,True,HAM_0000711,0
$KAGGLE_ROOT/train/benign/1435.jpg,train,0,3843,0.0,True,HAM_0006144,0
$KAGGLE_ROOT/train/benign/1436.jpg,train,0,6833,2.0,True,HAM_0004575,0
$KAGGLE_ROOT/train/benign/1437.jpg,train,0,9114,2.0,True,HAM_0001701,0
$KAGGLE_ROOT/train/benign/1438.jpg,train,0,8051,4.0,True,HAM_0001755,0
$KAGGLE_ROOT/train/benign/1439.jpg,train,0,6585,0.0,True,HAM_0006958,0
$KAGGLE_ROOT/train/benign/1440.jpg,train,0,4805,0.0,True,HAM_0002101,0
$KAGGLE_ROOT/train/benign/1442.jpg,train,0,6311,0.0,True,HAM_0000369,0
$KAGGLE_ROOT/train/benign/1444.jpg,train,0,6989,2.0,True,HAM_0007579,0
$KAGGLE_ROOT/train/benign/1446.jpg,train,0,7254,2.0,True,HAM_0003394,0
$KAGGLE_ROOT/train/benign/1447.jpg,train,0,5853,2.0,True,HAM_0002116,0
$KAGGLE_ROOT/train/benign/1449.jpg,train,0,6904,4.0,True,HAM_0003677,0
$KAGGLE_ROOT/train/benign/145.jpg,train,0,3926,2.0,True,HAM_0002062,0
$KAGGLE_ROOT/train/benign/1450.jpg,train,0,3434,2.0,True,HAM_0004286,0
$KAGGLE_ROOT/train/benign/1451.jpg,train,0,6557,2.0,True,HAM_0002866,0
$KAGGLE_ROOT/train/benign/1452.jpg,train,0,4737,0.0,True,HAM_0001422,0
$KAGGLE_ROOT/train/benign/1453.jpg,train,0,6494,2.0,True,HAM_0004504,0
$KAGGLE_ROOT/train/benign/1454.jpg,train,0,6271,4.0,True,HAM_0005455,0
$KAGGLE_ROOT/train/benign/1455.jpg,train,0,4487,4.0,True,HAM_0002469,0
$KAGGLE_ROOT/train/benign/1456.jpg,train,0,5267,2.0,True,HAM_0003203,0
$KAGGLE_ROOT/train/benign/1457.jpg,train,0,7106,0.0,True,HAM_0005866,0
$KAGGLE_ROOT/train/benign/1458.jpg,train,0,4331,2.0,True,HAM_0005177,0
$KAGGLE_ROOT/train/benign/1459.jpg,train,0,6064,2.0,True,HAM_0000297,0
$KAGGLE_ROOT/train/benign/146.jpg,train,0,8612,0.0,True,HAM_0007046,0
$KAGGLE_ROOT/train/benign/1460.jpg,train,0,3662,2.0,True,HAM_0002250,0
$KAGGLE_ROOT/train/benign/1461.jpg,train,0,5097,0.0,True,HAM_0003291,0
$KAGGLE_ROOT/train/benign/1462.jpg,train,0,5975,0.0,True,HAM_0003794,0
$KAGGLE_ROOT/train/benign/1463.jpg,train,0,6837,2.0,True,HAM_0003327,0
$KAGGLE_ROOT/train/benign/1464.jpg,train,0,8167,0.0,True,HAM_0000167,0
$KAGGLE_ROOT/train/benign/1465.jpg,train,0,8681,0.0,True,HAM_0002480,0
$KAGGLE_ROOT/train/benign/1467.jpg,train,0,7047,2.0,True,HAM_0006062,0
$KAGGLE_ROOT/train/benign/1469.jpg,train,0,5611,2.0,True,HAM_0005235,0
$KAGGLE_ROOT/train/benign/1470.jpg,train,0,8496,0.0,True,HAM_0002738,0
$KAGGLE_ROOT/train/benign/1472.jpg,train,0,9116,0.0,True,HAM_0000500,0
$KAGGLE_ROOT/train/benign/1474.jpg,train,0,5492,6.0,True,HAM_0001128,0
$KAGGLE_ROOT/train/benign/1475.jpg,train,0,5926,0.0,True,HAM_0001368,0
$KAGGLE_ROOT/train/benign/1476.jpg,train,0,4948,0.0,True,HAM_0000749,0
$KAGGLE_ROOT/train/benign/1477.jpg,train,0,6438,2.0,True,HAM_0006263,0
$KAGGLE_ROOT/train/benign/1478.jpg,train,0,4220,2.0,True,HAM_0000957,0
$KAGGLE_ROOT/train/benign/148.jpg,train,0,6129,6.0,True,HAM_0000570,0
$KAGGLE_ROOT/train/benign/1480.jpg,train,0,5136,0.0,True,HAM_0006981,0
$KAGGLE_ROOT/train/benign/1482.jpg,train,0,4074,2.0,True,HAM_0006977,0
$KAGGLE_ROOT/train/benign/1484.jpg,train,0,4634,2.0,True,HAM_0002762,0
$KAGGLE_ROOT/train/benign/1486.jpg,train,0,5955,2.0,True,HAM_0007344,0
$KAGGLE_ROOT/train/benign/1487.jpg,train,0,3278,4.0,True,HAM_0003704,0
$KAGGLE_ROOT/train/benign/1489.jpg,train,0,4770,2.0,True,HAM_0006762,0
$KAGGLE_ROOT/train/benign/149.jpg,train,0,3898,4.0,True,HAM_0004628,0
$KAGGLE_ROOT/train/benign/1490.jpg,train,0,5925,2.0,True,HAM_0003266,0
$KAGGLE_ROOT/train/benign/1491.jpg,train,0,3488,2.0,True,HAM_0003976,0
$KAGGLE_ROOT/train/benign/1493.jpg,train,0,3755,2.0,True,HAM_0000205,0
$KAGGLE_ROOT/train/benign/1494.jpg,train,0,6893,4.0,True,HAM_0006397,0
$KAGGLE_ROOT/train/benign/1495.jpg,train,0,9097,0.0,True,HAM_0004069,0
$KAGGLE_ROOT/train/benign/1496.jpg,train,0,5576,0.0,True,HAM_0004168,0
$KAGGLE_ROOT/train/benign/1497.jpg,train,0,4887,2.0,True,HAM_0002937,0
$KAGGLE_ROOT/train/benign/1498.jpg,train,0,8916,0.0,True,HAM_0005175,0
$KAGGLE_ROOT/train/benign/150.jpg,train,0,6753,2.0,True,HAM_0004524,0
$KAGGLE_ROOT/train/benign/1500.jpg,train,0,8393,2.0,True,HAM_0000211,0
$KAGGLE_ROOT/train/benign/1501.jpg,train,0,4415,4.0,True,HAM_0001364,0
$KAGGLE_ROOT/train/benign/1503.jpg,train,0,8307,0.0,True,HAM_0002547,0
$KAGGLE_ROOT/train/benign/1504.jpg,train,0,4388,0.0,True,HAM_0004031,0
$KAGGLE_ROOT/train/benign/1505.jpg,train,0,6588,4.0,True,HAM_0002249,0
$KAGGLE_ROOT/train/benign/1506.jpg,train,0,4720,2.0,True,HAM_0001663,0
$KAGGLE_ROOT/train/benign/1507.jpg,train,0,3213,4.0,True,HAM_0005134,0
$KAGGLE_ROOT/train/benign/1508.jpg,train,0,3052,0.0,True,HAM_0001061,0
$KAGGLE_ROOT/train/benign/1509.jpg,train,0,8492,0.0,True,HAM_0003707,0
$KAGGLE_ROOT/train/benign/151.jpg,train,0,6932,2.0,True,HAM_0001696,0
$KAGGLE_ROOT/train/benign/1510.jpg,train,0,6035,2.0,True,HAM_0007034,0
$KAGGLE_ROOT/train/benign/1511.jpg,train,0,8879,2.0,True,HAM_0000267,0
$KAGGLE_ROOT/train/benign/1512.jpg,train,0,8060,2.0,True,HAM_0004412,0
$KAGGLE_ROOT/train/benign/1513.jpg,train,0,4628,2.0,True,HAM_0006314,0
$KAGGLE_ROOT/train/benign/1515.jpg,train,0,5430,4.0,True,HAM_0000664,0
$KAGGLE_ROOT/train/benign/1517.jpg,train,0,9385,2.0,True,HAM_0002147,0
$KAGGLE_ROOT/train/benign/1518.jpg,train,0,3068,2.0,True,HAM_0003516,0
$KAGGLE_ROOT/train/benign/152.jpg,train,0,4354,2.0,True,HAM_0006719,0
$KAGGLE_ROOT/train/benign/1520.jpg,train,0,6946,6.0,True,HAM_0007419,0
$KAGGLE_ROOT/train/benign/1522.jpg,train,0,3982,2.0,True,HAM_0002394,0
$KAGGLE_ROOT/train/benign/1523.jpg,train,0,5571,6.0,True,HAM_0006640,0
$KAGGLE_ROOT/train/benign/1524.jpg,train,0,5407,0.0,True,HAM_0005477,0
$KAGGLE_ROOT/train/benign/1525.jpg,train,0,7165,2.0,True,HAM_0005048,0
$KAGGLE_ROOT/train/benign/1526.jpg,train,0,8885,6.0,True,HAM_0003958,0
$KAGGLE_ROOT/train/benign/1527.jpg,train,0,4355,6.0,True,HAM_0001831,0
$KAGGLE_ROOT/train/benign/1528.jpg,train,0,9191,0.0,True,HAM_0006129,0
$KAGGLE_ROOT/train/benign/1529.jpg,train,0,3261,2.0,True,HAM_0005046,0
$KAGGLE_ROOT/train/benign/153.jpg,train,0,6938,2.0,True,HAM_0005227,0
$KAGGLE_ROOT/train/benign/1531.jpg,train,0,8236,4.0,True,HAM_0004787,0
$KAGGLE_ROOT/train/benign/1532.jpg,train,0,3047,0.0,True,HAM_0005853,0
$KAGGLE_ROOT/train/benign/1533.jpg,train,0,8194,2.0,True,HAM_0006020,0
$KAGGLE_ROOT/train/benign/1534.jpg,train,0,8583,2.0,True,HAM_0000886,0
$KAGGLE_ROOT/train/benign/1535.jpg,train,0,6202,2.0,True,HAM_0003082,0
$KAGGLE_ROOT/train/benign/1536.jpg,train,0,8098,4.0,True,HAM_0000626,0
$KAGGLE_ROOT/train/benign/1539.jpg,train,0,5032,2.0,True,HAM_0003864,0
$KAGGLE_ROOT/train/benign/1540.jpg,train,0,4882,0.0,True,HAM_0003160,0
$KAGGLE_ROOT/train/benign/1541.jpg,train,0,8457,0.0,True,HAM_0004069,0
$KAGGLE_ROOT/train/benign/1542.jpg,train,0,5134,4.0,True,HAM_0002679,0
$KAGGLE_ROOT/train/benign/1543.jpg,train,0,9366,4.0,True,HAM_0006756,0
$KAGGLE_ROOT/train/benign/1544.jpg,train,0,4950,0.0,True,HAM_0004229,0
$KAGGLE_ROOT/train/benign/1546.jpg,train,0,4479,4.0,True,HAM_0007520,0
$KAGGLE_ROOT/train/benign/1547.jpg,train,0,8663,0.0,True,HAM_0007133,0
$KAGGLE_ROOT/train/benign/1548.jpg,train,0,3899,4.0,True,HAM_0000499,0
$KAGGLE_ROOT/train/benign/1549.jpg,train,0,6389,2.0,True,HAM_0001131,0
$KAGGLE_ROOT/train/benign/155.jpg,train,0,8223,0.0,True,HAM_0000184,0
$KAGGLE_ROOT/train/benign/1550.jpg,train,0,3440,0.0,True,HAM_0001804,0
$KAGGLE_ROOT/train/benign/1551.jpg,train,0,4764,2.0,True,HAM_0005502,0
$KAGGLE_ROOT/train/benign/1552.jpg,train,0,5528,2.0,True,HAM_0003599,0
$KAGGLE_ROOT/train/benign/1553.jpg,train,0,8380,2.0,True,HAM_0000211,0
$KAGGLE_ROOT/train/benign/1554.jpg,train,0,4916,2.0,True,HAM_0000818,0
$KAGGLE_ROOT/train/benign/1555.jpg,train,0,8751,0.0,True,HAM_0006684,0
$KAGGLE_ROOT/train/benign/1556.jpg,train,0,6848,2.0,True,HAM_0006735,0
$KAGGLE_ROOT/train/benign/1557.jpg,train,0,5256,2.0,True,HAM_0002842,0
$KAGGLE_ROOT/train/benign/1558.jpg,train,0,3493,0.0,True,HAM_0005655,0
$KAGGLE_ROOT/train/benign/156.jpg,train,0,5776,2.0,True,HAM_0007287,0
$KAGGLE_ROOT/train/benign/1560.jpg,train,0,5573,2.0,True,HAM_0004800,0
$KAGGLE_ROOT/train/benign/1561.jpg,train,0,4632,0.0,True,HAM_0007132,0
$KAGGLE_ROOT/train/benign/1562.jpg,train,0,4878,2.0,True,HAM_0004276,0
$KAGGLE_ROOT/train/benign/1563.jpg,train,0,5828,2.0,True,HAM_0004433,0
$KAGGLE_ROOT/train/benign/1564.jpg,train,0,2992,2.0,True,HAM_0006489,0
$KAGGLE_ROOT/train/benign/1565.jpg,train,0,5047,4.0,True,HAM_0004292,0
$KAGGLE_ROOT/train/benign/1566.jpg,train,0,4874,2.0,True,HAM_0002564,0
$KAGGLE_ROOT/train/benign/1567.jpg,train,0,3615,4.0,True,HAM_0004227,0
$KAGGLE_ROOT/train/benign/1568.jpg,train,0,5392,6.0,True,HAM_0004019,0
$KAGGLE_ROOT/train/benign/1569.jpg,train,0,5076,2.0,True,HAM_0003170,0
$KAGGLE_ROOT/train/benign/157.jpg,train,0,6379,4.0,True,HAM_0000620,0
$KAGGLE_ROOT/train/benign/1570.jpg,train,0,3359,2.0,True,HAM_0002302,0
$KAGGLE_ROOT/train/benign/1571.jpg,train,0,6158,0.0,True,HAM_0005485,0
$KAGGLE_ROOT/train/benign/1572.jpg,train,0,7277,0.0,True,HAM_0001220,0
$KAGGLE_ROOT/train/benign/1573.jpg,train,0,3080,4.0,True,HAM_0001807,0
$KAGGLE_ROOT/train/benign/1574.jpg,train,0,3985,4.0,True,HAM_0001543,0
$KAGGLE_ROOT/train/benign/1575.jpg,train,0,8316,0.0,True,HAM_0005284,0
$KAGGLE_ROOT/train/benign/1577.jpg,train,0,5973,2.0,True,HAM_0005451,0
$KAGGLE_ROOT/train/benign/158.jpg,train,0,9215,0.0,True,HAM_0000505,0
$KAGGLE_ROOT/train/benign/1580.jpg,train,0,5138,2.0,True,HAM_0005099,0
$KAGGLE_ROOT/train/benign/1581.jpg,train,0,4778,0.0,True,HAM_0000586,0
$KAGGLE_ROOT/train/benign/1582.jpg,train,0,9252,4.0,True,HAM_0001329,0
$KAGGLE_ROOT/train/benign/1583.jpg,train,0,6757,8.0,True,HAM_0006738,0
$KAGGLE_ROOT/train/benign/1584.jpg,train,0,8057,2.0,True,HAM_0000312,0
$KAGGLE_ROOT/train/benign/1585.jpg,train,0,7252,2.0,True,HAM_0000395,0
$KAGGLE_ROOT/train/benign/1586.jpg,train,0,6676,4.0,True,HAM_0006694,0
$KAGGLE_ROOT/train/benign/1587.jpg,train,0,6143,0.0,True,HAM_0005593,0
$KAGGLE_ROOT/train/benign/1588.jpg,train,0,8381,2.0,True,HAM_0001699,0
$KAGGLE_ROOT/train/benign/1589.jpg,train,0,7273,2.0,True,HAM_0005298,0
$KAGGLE_ROOT/train/benign/159.jpg,train,0,3263,2.0,True,HAM_0006192,0
$KAGGLE_ROOT/train/benign/1590.jpg,train,0,4676,2.0,True,HAM_0002039,0
$KAGGLE_ROOT/train/benign/1591.jpg,train,0,8185,2.0,True,HAM_0006754,0
$KAGGLE_ROOT/train/benign/1593.jpg,train,0,8326,0.0,True,HAM_0002645,0
$KAGGLE_ROOT/train/benign/1594.jpg,train,0,8235,2.0,True,HAM_0001142,0
$KAGGLE_ROOT/train/benign/1595.jpg,train,0,9322,4.0,True,HAM_0001902,0
$KAGGLE_ROOT/train/benign/1596.jpg,train,0,6429,2.0,True,HAM_0006016,0
$KAGGLE_ROOT/train/benign/1597.jpg,train,0,9037,2.0,True,HAM_0003754,0
$KAGGLE_ROOT/train/benign/1598.jpg,train,0,5945,2.0,True,HAM_0006880,0
$KAGGLE_ROOT/train/benign/1599.jpg,train,0,5994,2.0,True,HAM_0001825,0
$KAGGLE_ROOT/train/benign/160.jpg,train,0,4332,2.0,True,HAM_0007615,0
$KAGGLE_ROOT/train/benign/1600.jpg,train,0,3435,0.0,True,HAM_0001314,0
$KAGGLE_ROOT/train/benign/1601.jpg,train,0,6384,0.0,True,HAM_0000567,0
$KAGGLE_ROOT/train/benign/1603.jpg,train,0,5054,2.0,True,HAM_0000583,0
$KAGGLE_ROOT/train/benign/1604.jpg,train,0,4541,2.0,True,HAM_0005754,0
$KAGGLE_ROOT/train/benign/1605.jpg,train,0,3114,4.0,True,HAM_0002443,0
$KAGGLE_ROOT/train/benign/1606.jpg,train,0,6608,0.0,True,HAM_0006530,0
$KAGGLE_ROOT/train/benign/1608.jpg,train,0,3893,2.0,True,HAM_0006976,0
$KAGGLE_ROOT/train/benign/1609.jpg,train,0,5303,2.0,True,HAM_0006455,0
$KAGGLE_ROOT/train/benign/1612.jpg,train,0,8511,2.0,True,HAM_0002305,0
$KAGGLE_ROOT/train/benign/1613.jpg,train,0,6489,2.0,True,HAM_0006590,0
$KAGGLE_ROOT/train/benign/1614.jpg,train,0,4145,2.0,True,HAM_0007377,0
$KAGGLE_ROOT/train/benign/1615.jpg,train,0,8710,4.0,True,HAM_0005183,0
$KAGGLE_ROOT/train/benign/1616.jpg,train,0,3718,2.0,True,HAM_0005671,0
$KAGGLE_ROOT/train/benign/1617.jpg,train,0,3602,0.0,True,HAM_0005241,0
$KAGGLE_ROOT/train/benign/1618.jpg,train,0,6114,0.0,True,HAM_0001787,0
$KAGGLE_ROOT/train/benign/1619.jpg,train,0,3393,2.0,True,HAM_0001425,0
$KAGGLE_ROOT/train/benign/162.jpg,train,0,7015,0.0,True,HAM_0001968,0
$KAGGLE_ROOT/train/benign/1620.jpg,train,0,4318,4.0,True,HAM_0000824,0
$KAGGLE_ROOT/train/benign/1621.jpg,train,0,3520,0.0,True,HAM_0000617,0
$KAGGLE_ROOT/train/benign/1622.jpg,train,0,8104,4.0,True,HAM_0003745,0
$KAGGLE_ROOT/train/benign/1623.jpg,train,0,3981,2.0,True,HAM_0003972,0
$KAGGLE_ROOT/train/benign/1624.jpg,train,0,5876,0.0,True,HAM_0000774,0
$KAGGLE_ROOT/train/benign/1625.jpg,train,0,3773,4.0,True,HAM_0000899,0
$KAGGLE_ROOT/train/benign/1626.jpg,train,0,5232,6.0,True,HAM_0003763,0
$KAGGLE_ROOT/train/benign/1627.jpg,train,0,4801,4.0,True,HAM_0002068,0
$KAGGLE_ROOT/train/benign/1629.jpg,train,0,5790,2.0,True,HAM_0004438,0
$KAGGLE_ROOT/train/benign/163.jpg,train,0,3247,2.0,True,HAM_0002539,0
$KAGGLE_ROOT/train/benign/1630.jpg,train,0,4386,2.0,True,HAM_0006494,0
$KAGGLE_ROOT/train/benign/1631.jpg,train,0,5871,2.0,True,HAM_0000098,0
$KAGGLE_ROOT/train/benign/1633.jpg,train,0,5355,2.0,True,HAM_0003545,0
$KAGGLE_ROOT/train/benign/1635.jpg,train,0,6961,2.0,True,HAM_0000230,0
$KAGGLE_ROOT/train/benign/1636.jpg,train,0,4252,0.0,True,HAM_0006212,0
$KAGGLE_ROOT/train/benign/1638.jpg,train,0,4629,0.0,True,HAM_0002440,0
$KAGGLE_ROOT/train/benign/1639.jpg,train,0,8317,0.0,True,HAM_0005284,0
$KAGGLE_ROOT/train/benign/164.jpg,train,0,8319,0.0,True,HAM_0001157,0
$KAGGLE_ROOT/train/benign/1640.jpg,train,0,6963,0.0,True,HAM_0004724,0
$KAGGLE_ROOT/train/benign/1641.jpg,train,0,6268,2.0,True,HAM_0000929,0
$KAGGLE_ROOT/train/benign/1643.jpg,train,0,3338,2.0,True,HAM_0003008,0
$KAGGLE_ROOT/train/benign/1644.jpg,train,0,8115,0.0,True,HAM_0002907,0
$KAGGLE_ROOT/train/benign/1645.jpg,train,0,4858,4.0,True,HAM_0006356,0
$KAGGLE_ROOT/train/benign/1647.jpg,train,0,5457,2.0,True,HAM_0003537,0
$KAGGLE_ROOT/train/benign/1649.jpg,train,0,8538,2.0,True,HAM_0003088,0
$KAGGLE_ROOT/train/benign/165.jpg,train,0,5651,2.0,True,HAM_0002840,0
$KAGGLE_ROOT/train/benign/1650.jpg,train,0,6100,4.0,True,HAM_0000515,0
$KAGGLE_ROOT/train/benign/1651.jpg,train,0,5020,2.0,True,HAM_0003637,0
$KAGGLE_ROOT/train/benign/1652.jpg,train,0,6476,2.0,True,HAM_0007352,0
$KAGGLE_ROOT/train/benign/1653.jpg,train,0,6139,4.0,True,HAM_0005367,0
$KAGGLE_ROOT/train/benign/1654.jpg,train,0,8245,4.0,True,HAM_0001137,0
$KAGGLE_ROOT/train/benign/1656.jpg,train,0,8982,2.0,True,HAM_0001962,0
$KAGGLE_ROOT/train/benign/1658.jpg,train,0,3436,2.0,True,HAM_0004786,0
$KAGGLE_ROOT/train/benign/1659.jpg,train,0,6742,2.0,True,HAM_0000028,0
$KAGGLE_ROOT/train/benign/166.jpg,train,0,3206,2.0,True,HAM_0004381,0
$KAGGLE_ROOT/train/benign/1660.jpg,train,0,5874,0.0,True,HAM_0005646,0
$KAGGLE_ROOT/train/benign/1661.jpg,train,0,5077,4.0,True,HAM_0000389,0
$KAGGLE_ROOT/train/benign/1662.jpg,train,0,6825,2.0,True,HAM_0003221,0
$KAGGLE_ROOT/train/benign/1663.jpg,train,0,4719,6.0,True,HAM_0001288,0
$KAGGLE_ROOT/train/benign/1664.jpg,train,0,4580,4.0,True,HAM_0004314,0
$KAGGLE_ROOT/train/benign/1665.jpg,train,0,9297,0.0,True,HAM_0001765,0
$KAGGLE_ROOT/train/benign/1666.jpg,train,0,6046,2.0,True,HAM_0005948,0
$KAGGLE_ROOT/train/benign/1667.jpg,train,0,4578,4.0,True,HAM_0007587,0
$KAGGLE_ROOT/train/benign/1668.jpg,train,0,6425,0.0,True,HAM_0005739,0
$KAGGLE_ROOT/train/benign/1669.jpg,train,0,5404,0.0,True,HAM_0005348,0
$KAGGLE_ROOT/train/benign/167.jpg,train,0,6850,0.0,True,HAM_0005447,0
$KAGGLE_ROOT/train/benign/1670.jpg,train,0,5254,4.0,True,HAM_0004023,0
$KAGGLE_ROOT/train/benign/1671.jpg,train,0,4733,4.0,True,HAM_0003734,0
$KAGGLE_ROOT/train/benign/1673.jpg,train,0,5248,2.0,True,HAM_0004107,0
$KAGGLE_ROOT/train/benign/1674.jpg,train,0,9088,2.0,True,HAM_0004656,0
$KAGGLE_ROOT/train/benign/1675.jpg,train,0,4040,4.0,True,HAM_0006805,0
$KAGGLE_ROOT/train/benign/1676.jpg,train,0,8622,2.0,True,HAM_0003340,0
$KAGGLE_ROOT/train/benign/1677.jpg,train,0,6644,2.0,True,HAM_0004393,0
$KAGGLE_ROOT/train/benign/1678.jpg,train,0,8070,0.0,True,HAM_0002432,0
$KAGGLE_ROOT/train/benign/1679.jpg,train,0,6279,2.0,True,HAM_0001189,0
$KAGGLE_ROOT/train/benign/168.jpg,train,0,3231,2.0,True,HAM_0002853,0
$KAGGLE_ROOT/train/benign/1680.jpg,train,0,4774,2.0,True,HAM_0007120,0
$KAGGLE_ROOT/train/benign/1681.jpg,train,0,3358,0.0,True,HAM_0005563,0
$KAGGLE_ROOT/train/benign/1683.jpg,train,0,9358,2.0,True,HAM_0007058,0
$KAGGLE_ROOT/train/benign/1684.jpg,train,0,5521,0.0,True,HAM_0004136,0
$KAGGLE_ROOT/train/benign/1685.jpg,train,0,4469,4.0,True,HAM_0004822,0
$KAGGLE_ROOT/train/benign/1686.jpg,train,0,6726,2.0,True,HAM_0001684,0
$KAGGLE_ROOT/train/benign/1688.jpg,train,0,9291,0.0,True,HAM_0006734,0
$KAGGLE_ROOT/train/benign/1689.jpg,train,0,4250,2.0,True,HAM_0002737,0
$KAGGLE_ROOT/train/benign/169.jpg,train,0,5453,8.0,True,HAM_0002330,0
$KAGGLE_ROOT/train/benign/1690.jpg,train,0,5792,4.0,True,HAM_0000860,0
$KAGGLE_ROOT/train/benign/1691.jpg,train,0,6086,0.0,True,HAM_0003404,0
$KAGGLE_ROOT/train/benign/1692.jpg,train,0,3993,2.0,True,HAM_0003517,0
$KAGGLE_ROOT/train/benign/1693.jpg,train,0,6500,0.0,True,HAM_0003995,0
$KAGGLE_ROOT/train/benign/1694.jpg,train,0,5769,0.0,True,HAM_0003702,0
$KAGGLE_ROOT/train/benign/1695.jpg,train,0,8867,2.0,True,HAM_0003940,0
$KAGGLE_ROOT/train/benign/1697.jpg,train,0,4437,0.0,True,HAM_0006204,0
$KAGGLE_ROOT/train/benign/1698.jpg,train,0,5488,4.0,True,HAM_0002380,0
$KAGGLE_ROOT/train/benign/1699.jpg,train,0,9417,2.0,True,HAM_0003540,0
$KAGGLE_ROOT/train/benign/17.jpg,train,0,4343,2.0,True,HAM_0003842,0
$KAGGLE_ROOT/train/benign/170.jpg,train,0,9387,2.0,True,HAM_0000698,0
$KAGGLE_ROOT/train/benign/1700.jpg,train,0,8105,0.0,True,HAM_0004014,0
$KAGGLE_ROOT/train/benign/1702.jpg,train,0,6331,4.0,True,HAM_0007457,0
$KAGGLE_ROOT/train/benign/1703.jpg,train,0,8099,2.0,True,HAM_0004485,0
$KAGGLE_ROOT/train/benign/1705.jpg,train,0,4547,2.0,True,HAM_0003074,0
$KAGGLE_ROOT/train/benign/1706.jpg,train,0,5903,2.0,True,HAM_0003572,0
$KAGGLE_ROOT/train/benign/1707.jpg,train,0,5503,4.0,True,HAM_0001577,0
$KAGGLE_ROOT/train/benign/1708.jpg,train,0,6606,2.0,True,HAM_0005707,0
$KAGGLE_ROOT/train/benign/1709.jpg,train,0,3373,4.0,True,HAM_0006332,0
$KAGGLE_ROOT/train/benign/171.jpg,train,0,7244,4.0,True,HAM_0007196,0
$KAGGLE_ROOT/train/benign/1712.jpg,train,0,2978,0.0,True,HAM_0006510,0
$KAGGLE_ROOT/train/benign/1713.jpg,train,0,3093,0.0,True,HAM_0006992,0
$KAGGLE_ROOT/train/benign/1715.jpg,train,0,8969,0.0,True,HAM_0006664,0
$KAGGLE_ROOT/train/benign/1716.jpg,train,0,6091,2.0,True,HAM_0004454,0
$KAGGLE_ROOT/train/benign/1717.jpg,train,0,8270,2.0,True,HAM_0001512,0
$KAGGLE_ROOT/train/benign/1718.jpg,train,0,9254,2.0,True,HAM_0002364,0
$KAGGLE_ROOT/train/benign/172.jpg,train,0,4583,0.0,True,HAM_0001668,0
$KAGGLE_ROOT/train/benign/1720.jpg,train,0,4161,2.0,True,HAM_0002999,0
$KAGGLE_ROOT/train/benign/1722.jpg,train,0,6995,4.0,True,HAM_0002484,0
$KAGGLE_ROOT/train/benign/1723.jpg,train,0,3653,2.0,True,HAM_0001993,0
$KAGGLE_ROOT/train/benign/1724.jpg,train,0,6017,2.0,True,HAM_0006714,0
$KAGGLE_ROOT/train/benign/1725.jpg,train,0,4816,4.0,True,HAM_0002444,0
$KAGGLE_ROOT/train/benign/1726.jpg,train,0,5209,4.0,True,HAM_0001485,0
$KAGGLE_ROOT/train/benign/1727.jpg,train,0,6842,2.0,True,HAM_0003933,0
$KAGGLE_ROOT/train/benign/1728.jpg,train,0,8878,2.0,True,HAM_0003958,0
$KAGGLE_ROOT/train/benign/1729.jpg,train,0,4648,2.0,True,HAM_0005965,0
$KAGGLE_ROOT/train/benign/173.jpg,train,0,4063,2.0,True,HAM_0006808,0
$KAGGLE_ROOT/train/benign/1730.jpg,train,0,8260,0.0,True,HAM_0002300,0
$KAGGLE_ROOT/train/benign/1732.jpg,train,0,5530,2.0,True,HAM_0000804,0
$KAGGLE_ROOT/train/benign/1733.jpg,train,0,4368,2.0,True,HAM_0000276,0
$KAGGLE_ROOT/train/benign/1734.jpg,train,0,8290,2.0,True,HAM_0003828,0
$KAGGLE_ROOT/train/benign/1735.jpg,train,0,4638,2.0,True,HAM_0006761,0
$KAGGLE_ROOT/train/benign/1736.jpg,train,0,8449,0.0,True,HAM_0002128,0
$KAGGLE_ROOT/train/benign/1738.jpg,train,0,6669,4.0,True,HAM_0004995,0
$KAGGLE_ROOT/train/benign/1739.jpg,train,0,3100,0.0,True,HAM_0002151,0
$KAGGLE_ROOT/train/benign/174.jpg,train,0,4522,0.0,True,HAM_0006915,0
$KAGGLE_ROOT/train/benign/1740.jpg,train,0,4053,2.0,True,HAM_0003529,0
$KAGGLE_ROOT/train/benign/1741.jpg,train,0,6137,2.0,True,HAM_0005824,0
$KAGGLE_ROOT/train/benign/1742.jpg,train,0,4515,2.0,True,HAM_0003527,0
$KAGGLE_ROOT/train/benign/1743.jpg,train,0,6650,2.0,True,HAM_0003584,0
$KAGGLE_ROOT/train/benign/1744.jpg,train,0,3390,2.0,True,HAM_0002286,0
$KAGGLE_ROOT/train/benign/1746.jpg,train,0,8687,2.0,True,HAM_0000217,0
$KAGGLE_ROOT/train/benign/1749.jpg,train,0,6652,2.0,True,HAM_0007459,0
$KAGGLE_ROOT/train/benign/175.jpg,train,0,3721,0.0,True,HAM_0003025,0
$KAGGLE_ROOT/train/benign/1750.jpg,train,0,5821,2.0,True,HAM_0000638,0
$KAGGLE_ROOT/train/benign/1751.jpg,train,0,3143,2.0,True,HAM_0003217,0
$KAGGLE_ROOT/train/benign/1752.jpg,train,0,5854,4.0,True,HAM_0000052,0
$KAGGLE_ROOT/train/benign/1753.jpg,train,0,3258,2.0,True,HAM_0006511,0
$KAGGLE_ROOT/train/benign/1754.jpg,train,0,6894,4.0,True,HAM_0006397,0
$KAGGLE_ROOT/train/benign/1755.jpg,train,0,9374,2.0,True,HAM_0004777,0
$KAGGLE_ROOT/train/benign/1759.jpg,train,0,7262,2.0,True,HAM_0000138,0
$KAGGLE_ROOT/train/benign/176.jpg,train,0,5393,4.0,True,HAM_0007455,0
$KAGGLE_ROOT/train/benign/1760.jpg,train,0,4527,0.0,True,HAM_0001102,0
$KAGGLE_ROOT/train/benign/1761.jpg,train,0,8110,2.0,True,HAM_0007079,0
$KAGGLE_ROOT/train/benign/1762.jpg,train,0,8838,2.0,True,HAM_0006420,0
$KAGGLE_ROOT/train/benign/1763.jpg,train,0,4301,0.0,True,HAM_0001644,0
$KAGGLE_ROOT/train/benign/1765.jpg,train,0,6135,0.0,True,HAM_0001646,0
$KAGGLE_ROOT/train/benign/1766.jpg,train,0,5632,2.0,True,HAM_0006045,0
$KAGGLE_ROOT/train/benign/1767.jpg,train,0,3123,6.0,True,HAM_0000647,0
$KAGGLE_ROOT/train/benign/1769.jpg,train,0,3383,2.0,True,HAM_0000170,0
$KAGGLE_ROOT/train/benign/177.jpg,train,0,5438,4.0,True,HAM_0000738,0
$KAGGLE_ROOT/train/benign/1770.jpg,train,0,9313,2.0,True,HAM_0004475,0
$KAGGLE_ROOT/train/benign/1771.jpg,train,0,4639,6.0,True,HAM_0002453,0
$KAGGLE_ROOT/train/benign/1772.jpg,train,0,4970,2.0,True,HAM_0007121,0
$KAGGLE_ROOT/train/benign/1774.jpg,train,0,4649,2.0,True,HAM_0004061,0
$KAGGLE_ROOT/train/benign/1775.jpg,train,0,8499,2.0,True,HAM_0004030,0
$KAGGLE_ROOT/train/benign/1776.jpg,train,0,6123,4.0,True,HAM_0001179,0
$KAGGLE_ROOT/train/benign/1777.jpg,train,0,5283,2.0,True,HAM_0006317,0
$KAGGLE_ROOT/train/benign/1778.jpg,train,0,5156,2.0,True,HAM_0002593,0
$KAGGLE_ROOT/train/benign/1779.jpg,train,0,6081,2.0,True,HAM_0000575,0
$KAGGLE_ROOT/train/benign/178.jpg,train,0,6718,2.0,True,HAM_0006347,0
$KAGGLE_ROOT/train/benign/1780.jpg,train,0,8303,0.0,True,HAM_0001895,0
$KAGGLE_ROOT/train/benign/1781.jpg,train,0,5947,4.0,True,HAM_0001557,0
$KAGGLE_ROOT/train/benign/1782.jpg,train,0,3946,2.0,True,HAM_0007297,0
$KAGGLE_ROOT/train/benign/1783.jpg,train,0,4899,4.0,True,HAM_0001089,0
$KAGGLE_ROOT/train/benign/1784.jpg,train,0,5694,2.0,True,HAM_0003211,0
$KAGGLE_ROOT/train/benign/1785.jpg,train,0,3260,4.0,True,HAM_0002632,0
$KAGGLE_ROOT/train/benign/1786.jpg,train,0,4505,0.0,True,HAM_0006119,0
$KAGGLE_ROOT/train/benign/1787.jpg,train,0,6954,0.0,True,HAM_0000324,0
$KAGGLE_ROOT/train/benign/1788.jpg,train,0,5909,4.0,True,HAM_0001374,0
$KAGGLE_ROOT/train/benign/1789.jpg,train,0,4960,4.0,True,HAM_0001988,0
$KAGGLE_ROOT/train/benign/179.jpg,train,0,6105,0.0,True,HAM_0007399,0
$KAGGLE_ROOT/train/benign/1790.jpg,train,0,4823,2.0,True,HAM_0002337,0
$KAGGLE_ROOT/train/benign/1791.jpg,train,0,3534,4.0,True,HAM_0000232,0
$KAGGLE_ROOT/train/benign/1792.jpg,train,0,5931,2.0,True,HAM_0002570,0
$KAGGLE_ROOT/train/benign/1793.jpg,train,0,7166,0.0,True,HAM_0002793,0
$KAGGLE_ROOT/train/benign/1794.jpg,train,0,6096,0.0,True,HAM_0000736,0
$KAGGLE_ROOT/train/benign/1795.jpg,train,0,6542,2.0,True,HAM_0003906,0
$KAGGLE_ROOT/train/benign/1796.jpg,train,0,4534,0.0,True,HAM_0005073,0
$KAGGLE_ROOT/train/benign/1799.jpg,train,0,5183,0.0,True,HAM_0001451,0
$KAGGLE_ROOT/train/benign/180.jpg,train,0,5700,2.0,True,HAM_0002968,0
$KAGGLE_ROOT/train/benign/181.jpg,train,0,5649,2.0,True,HAM_0003963,0
$KAGGLE_ROOT/train/benign/182.jpg,train,0,5177,2.0,True,HAM_0006410,0
$KAGGLE_ROOT/train/benign/183.jpg,train,0,5323,2.0,True,HAM_0004146,0
$KAGGLE_ROOT/train/benign/184.jpg,train,0,4003,0.0,True,HAM_0000780,0
$KAGGLE_ROOT/train/benign/187.jpg,train,0,7000,2.0,True,HAM_0007425,0
$KAGGLE_ROOT/train/benign/188.jpg,train,0,5060,4.0,True,HAM_0006999,0
$KAGGLE_ROOT/train/benign/189.jpg,train,0,4702,4.0,True,HAM_0000137,0
$KAGGLE_ROOT/train/benign/19.jpg,train,0,3104,2.0,True,HAM_0004737,0
$KAGGLE_ROOT/train/benign/190.jpg,train,0,8808,4.0,True,HAM_0005017,0
$KAGGLE_ROOT/train/benign/191.jpg,train,0,6872,2.0,True,HAM_0006914,0
$KAGGLE_ROOT/train/benign/192.jpg,train,0,6242,2.0,True,HAM_0005380,0
$KAGGLE_ROOT/train/benign/193.jpg,train,0,5895,2.0,True,HAM_0002214,0
$KAGGLE_ROOT/train/benign/194.jpg,train,0,8711,0.0,True,HAM_0001454,0
$KAGGLE_ROOT/train/benign/195.jpg,train,0,3526,0.0,True,HAM_0002531,0
$KAGGLE_ROOT/train/benign/196.jpg,train,0,9086,4.0,True,HAM_0002154,0
$KAGGLE_ROOT/train/benign/197.jpg,train,0,8762,0.0,True,HAM_0005884,0
$KAGGLE_ROOT/train/benign/198.jpg,train,0,8598,4.0,True,HAM_0005395,0
$KAGGLE_ROOT/train/benign/199.jpg,train,0,3616,2.0,True,HAM_0004256,0
$KAGGLE_ROOT/train/benign/20.jpg,train,0,6533,0.0,True,HAM_0005741,0
$KAGGLE_ROOT/train/benign/200.jpg,train,0,4390,2.0,True,HAM_0000315,0
$KAGGLE_ROOT/train/benign/201.jpg,train,0,9089,2.0,True,HAM_0004656,0
$KAGGLE_ROOT/train/benign/202.jpg,train,0,4589,2.0,True,HAM_0001942,0
$KAGGLE_ROOT/train/benign/203.jpg,train,0,4115,2.0,True,HAM_0000641,0
$KAGGLE_ROOT/train/benign/204.jpg,train,0,3034,0.0,True,HAM_0002180,0
$KAGGLE_ROOT/train/benign/206.jpg,train,0,3641,0.0,True,HAM_0001502,0
$KAGGLE_ROOT/train/benign/207.jpg,train,0,5036,6.0,True,HAM_0005181,0
$KAGGLE_ROOT/train/benign/208.jpg,train,0,5362,2.0,True,HAM_0001756,0
$KAGGLE_ROOT/train/benign/209.jpg,train,0,3626,2.0,True,HAM_0003060,0
$KAGGLE_ROOT/train/benign/21.jpg,train,0,6582,4.0,True,HAM_0004772,0
$KAGGLE_ROOT/train/benign/210.jpg,train,0,8513,0.0,True,HAM_0000129,0
$KAGGLE_ROOT/train/benign/212.jpg,train,0,8662,2.0,True,HAM_0007133,0
$KAGGLE_ROOT/train/benign/213.jpg,train,0,4308,0.0,True,HAM_0007495,0
$KAGGLE_ROOT/train/benign/214.jpg,train,0,9637,6.0,True,HAM_0003642,0
$KAGGLE_ROOT/train/benign/217.jpg,train,0,8502,2.0,True,HAM_0000508,0
$KAGGLE_ROOT/train/benign/218.jpg,train,0,4577,0.0,True,HAM_0004139,0
$KAGGLE_ROOT/train/benign/219.jpg,train,0,6889,0.0,True,HAM_0004699,0
$KAGGLE_ROOT/train/benign/22.jpg,train,0,8458,0.0,True,HAM_0002668,0
$KAGGLE_ROOT/train/benign/220.jpg,train,0,8987,2.0,True,HAM_0007014,0
$KAGGLE_ROOT/train/benign/221.jpg,train,0,5642,2.0,True,HAM_0001070,0
$KAGGLE_ROOT/train/benign/222.jpg,train,0,4555,0.0,True,HAM_0006082,0
$KAGGLE_ROOT/train/benign/223.jpg,train,0,6696,0.0,True,HAM_0006032,0
$KAGGLE_ROOT/train/benign/225.jpg,train,0,8112,2.0,True,HAM_0005805,0
$KAGGLE_ROOT/train/benign/227.jpg,train,0,8297,4.0,True,HAM_0001525,0
$KAGGLE_ROOT/train/benign/228.jpg,train,0,5301,2.0,True,HAM_0005897,0
$KAGGLE_ROOT/train/benign/229.jpg,train,0,9179,2.0,True,HAM_0004738,0
$KAGGLE_ROOT/train/benign/23.jpg,train,0,4285,4.0,True,HAM_0000405,0
$KAGGLE_ROOT/train/benign/230.jpg,train,0,8358,2.0,True,HAM_0000637,0
$KAGGLE_ROOT/train/benign/231.jpg,train,0,6577,8.0,True,HAM_0003687,0
$KAGGLE_ROOT/train/benign/232.jpg,train,0,6131,2.0,True,HAM_0001685,0
$KAGGLE_ROOT/train/benign/233.jpg,train,0,4677,2.0,True,HAM_0000346,0
$KAGGLE_ROOT/train/benign/234.jpg,train,0,8241,4.0,True,HAM_0004895,0
$KAGGLE_ROOT/train/benign/235.jpg,train,0,6249,4.0,True,HAM_0002055,0
$KAGGLE_ROOT/train/benign/236.jpg,train,0,5119,4.0,True,HAM_0005554,0
$KAGGLE_ROOT/train/benign/238.jpg,train,0,5293,6.0,True,HAM_0002026,0
$KAGGLE_ROOT/train/benign/239.jpg,train,0,9638,0.0,True,HAM_0003642,0
$KAGGLE_ROOT/train/benign/24.jpg,train,0,8255,4.0,True,HAM_0000342,0
$KAGGLE_ROOT/train/benign/240.jpg,train,0,6682,2.0,True,HAM_0001248,0
$KAGGLE_ROOT/train/benign/241.jpg,train,0,5659,6.0,True,HAM_0005602,0
$KAGGLE_ROOT/train/benign/242.jpg,train,0,4351,2.0,True,HAM_0001885,0
$KAGGLE_ROOT/train/benign/243.jpg,train,0,9009,2.0,True,HAM_0006821,0
$KAGGLE_ROOT/train/benign/244.jpg,train,0,6830,2.0,True,HAM_0000464,0
$KAGGLE_ROOT/train/benign/246.jpg,train,0,3975,2.0,True,HAM_0006176,0
$KAGGLE_ROOT/train/benign/247.jpg,train,0,8696,2.0,True,HAM_0005910,0
$KAGGLE_ROOT/train/benign/248.jpg,train,0,3914,2.0,True,HAM_0007254,0
$KAGGLE_ROOT/train/benign/249.jpg,train,0,4270,4.0,True,HAM_0007509,0
$KAGGLE_ROOT/train/benign/25.jpg,train,0,3632,2.0,True,HAM_0001833,0
$KAGGLE_ROOT/train/benign/252.jpg,train,0,7032,2.0,True,HAM_0004761,0
$KAGGLE_ROOT/train/benign/254.jpg,train,0,5819,2.0,True,HAM_0006035,0
$KAGGLE_ROOT/train/benign/255.jpg,train,0,4036,4.0,True,HAM_0002974,0
$KAGGLE_ROOT/train/benign/257.jpg,train,0,5110,2.0,True,HAM_0003503,0
$KAGGLE_ROOT/train/benign/258.jpg,train,0,5491,2.0,True,HAM_0005916,0
$KAGGLE_ROOT/train/benign/26.jpg,train,0,4560,0.0,True,HAM_0001972,0
$KAGGLE_ROOT/train/benign/260.jpg,train,0,9290,4.0,True,HAM_0000144,0
$KAGGLE_ROOT/train/benign/261.jpg,train,0,3469,0.0,True,HAM_0004826,0
$KAGGLE_ROOT/train/benign/262.jpg,train,0,6407,0.0,True,HAM_0004733,0
$KAGGLE_ROOT/train/benign/263.jpg,train,0,3732,2.0,True,HAM_0004664,0
$KAGGLE_ROOT/train/benign/264.jpg,train,0,8159,0.0,True,HAM_0004830,0
$KAGGLE_ROOT/train/benign/265.jpg,train,0,8668,0.0,True,HAM_0006398,0
$KAGGLE_ROOT/train/benign/266.jpg,train,0,8576,2.0,True,HAM_0005009,0
$KAGGLE_ROOT/train/benign/269.jpg,train,0,3370,2.0,True,HAM_0006271,0
$KAGGLE_ROOT/train/benign/27.jpg,train,0,4174,0.0,True,HAM_0001687,0
$KAGGLE_ROOT/train/benign/270.jpg,train,0,8237,2.0,True,HAM_0005794,0
$KAGGLE_ROOT/train/benign/271.jpg,train,0,3736,2.0,True,HAM_0002758,0
$KAGGLE_ROOT/train/benign/272.jpg,train,0,3310,0.0,True,HAM_0003063,0
$KAGGLE_ROOT/train/benign/274.jpg,train,0,3969,2.0,True,HAM_0004726,0
$KAGGLE_ROOT/train/benign/275.jpg,train,0,5833,2.0,True,HAM_0005205,0
$KAGGLE_ROOT/train/benign/276.jpg,train,0,8084,4.0,True,HAM_0001269,0
$KAGGLE_ROOT/train/benign/277.jpg,train,0,5822,4.0,True,HAM_0001925,0
$KAGGLE_ROOT/train/benign/278.jpg,train,0,3139,2.0,True,HAM_0000785,0
$KAGGLE_ROOT/train/benign/279.jpg,train,0,5334,6.0,True,HAM_0001421,0
$KAGGLE_ROOT/train/benign/28.jpg,train,0,4352,0.0,True,HAM_0003708,0
$KAGGLE_ROOT/train/benign/280.jpg,train,0,6333,0.0,True,HAM_0003907,0
$KAGGLE_ROOT/train/benign/281.jpg,train,0,4290,2.0,True,HAM_0004718,0
$KAGGLE_ROOT/train/benign/282.jpg,train,0,3509,8.0,True,HAM_0001614,0
$KAGGLE_ROOT/train/benign/283.jpg,train,0,4691,6.0,True,HAM_0006960,0
$KAGGLE_ROOT/train/benign/285.jpg,train,0,5318,2.0,True,HAM_0006933,0
$KAGGLE_ROOT/train/benign/286.jpg,train,0,8332,0.0,True,HAM_0004007,0
$KAGGLE_ROOT/train/benign/288.jpg,train,0,4997,2.0,True,HAM_0000399,0
$KAGGLE_ROOT/train/benign/29.jpg,train,0,5730,2.0,True,HAM_0007375,0
$KAGGLE_ROOT/train/benign/290.jpg,train,0,4799,4.0,True,HAM_0001006,0
$KAGGLE_ROOT/train/benign/292.jpg,train,0,3805,2.0,True,HAM_0005266,0
$KAGGLE_ROOT/train/benign/293.jpg,train,0,9353,0.0,True,HAM_0000741,0
$KAGGLE_ROOT/train/benign/294.jpg,train,0,3890,0.0,True,HAM_0006996,0
$KAGGLE_ROOT/train/benign/295.jpg,train,0,4994,2.0,True,HAM_0000160,0
$KAGGLE_ROOT/train/benign/296.jpg,train,0,9175,2.0,True,HAM_0006512,0
$KAGGLE_ROOT/train/benign/297.jpg,train,0,4126,2.0,True,HAM_0000363,0
$KAGGLE_ROOT/train/benign/298.jpg,train,0,5167,0.0,True,HAM_0006518,0
$KAGGLE_ROOT/train/benign/299.jpg,train,0,5124,2.0,True,HAM_0006286,0
$KAGGLE_ROOT/train/benign/3.jpg,train,0,6400,4.0,True,HAM_0006846,0
$KAGGLE_ROOT/train/benign/30.jpg,train,0,6773,4.0,True,HAM_0003091,0
$KAGGLE_ROOT/train/benign/301.jpg,train,0,3643,2.0,True,HAM_0000541,0
$KAGGLE_ROOT/train/benign/302.jpg,train,0,4870,2.0,True,HAM_0002132,0
$KAGGLE_ROOT/train/benign/305.jpg,train,0,4813,2.0,True,HAM_0006436,0
$KAGGLE_ROOT/train/benign/306.jpg,train,0,5056,4.0,True,HAM_0002578,0
$KAGGLE_ROOT/train/benign/307.jpg,train,0,3625,0.0,True,HAM_0004070,0
$KAGGLE_ROOT/train/benign/308.jpg,train,0,8348,4.0,True,HAM_0000222,0
$KAGGLE_ROOT/train/benign/309.jpg,train,0,4605,4.0,True,HAM_0000171,0
$KAGGLE_ROOT/train/benign/310.jpg,train,0,3481,4.0,True,HAM_0002414,0
$KAGGLE_ROOT/train/benign/312.jpg,train,0,6019,4.0,True,HAM_0000422,0
$KAGGLE_ROOT/train/benign/314.jpg,train,0,8389,2.0,True,HAM_0000146,0
$KAGGLE_ROOT/train/benign/315.jpg,train,0,8163,2.0,True,HAM_0003016,0
$KAGGLE_ROOT/train/benign/316.jpg,train,0,8534,2.0,True,HAM_0000971,0
$KAGGLE_ROOT/train/benign/318.jpg,train,0,5378,4.0,True,HAM_0004115,0
$KAGGLE_ROOT/train/benign/319.jpg,train,0,6814,2.0,True,HAM_0005937,0
$KAGGLE_ROOT/train/benign/32.jpg,train,0,8524,2.0,True,HAM_0003850,0
$KAGGLE_ROOT/train/benign/320.jpg,train,0,4449,2.0,True,HAM_0002550,0
$KAGGLE_ROOT/train/benign/321.jpg,train,0,5587,0.0,True,HAM_0005738,0
$KAGGLE_ROOT/train/benign/324.jpg,train,0,4685,8.0,True,HAM_0002673,0
$KAGGLE_ROOT/train/benign/325.jpg,train,0,4905,2.0,True,HAM_0004467,0
$KAGGLE_ROOT/train/benign/326.jpg,train,0,8995,2.0,True,HAM_0001936,0
$KAGGLE_ROOT/train/benign/327.jpg,train,0,9545,4.0,True,HAM_0003819,0
$KAGGLE_ROOT/train/benign/328.jpg,train,0,6529,2.0,True,HAM_0004999,0
$KAGGLE_ROOT/train/benign/329.jpg,train,0,3344,0.0,True,HAM_0001482,0
$KAGGLE_ROOT/train/benign/33.jpg,train,0,6796,0.0,True,HAM_0005237,0
$KAGGLE_ROOT/train/benign/331.jpg,train,0,5255,4.0,True,HAM_0007405,0
$KAGGLE_ROOT/train/benign/333.jpg,train,0,4603,0.0,True,HAM_0002155,0
$KAGGLE_ROOT/train/benign/334.jpg,train,0,7044,2.0,True,HAM_0002176,0
$KAGGLE_ROOT/train/benign/336.jpg,train,0,5399,2.0,True,HAM_0005461,0
$KAGGLE_ROOT/train/benign/337.jpg,train,0,5647,2.0,True,HAM_0005653,0
$KAGGLE_ROOT/train/benign/338.jpg,train,0,3172,0.0,True,HAM_0001049,0
$KAGGLE_ROOT/train/benign/339.jpg,train,0,5068,2.0,True,HAM_0002618,0
$KAGGLE_ROOT/train/benign/34.jpg,train,0,6245,2.0,True,HAM_0000995,0
$KAGGLE_ROOT/train/benign/340.jpg,train,0,8318,4.0,True,HAM_0005284,0
$KAGGLE_ROOT/train/benign/341.jpg,train,0,7023,2.0,True,HAM_0007312,0
$KAGGLE_ROOT/train/benign/342.jpg,train,0,9164,2.0,True,HAM_0005057,0
$KAGGLE_ROOT/train/benign/343.jpg,train,0,3992,0.0,True,HAM_0002784,0
$KAGGLE_ROOT/train/benign/345.jpg,train,0,8240,2.0,True,HAM_0006126,0
$KAGGLE_ROOT/train/benign/346.jpg,train,0,6303,2.0,True,HAM_0004611,0
$KAGGLE_ROOT/train/benign/347.jpg,train,0,3181,2.0,True,HAM_0005647,0
$KAGGLE_ROOT/train/benign/349.jpg,train,0,4538,4.0,True,HAM_0006412,0
$KAGGLE_ROOT/train/benign/35.jpg,train,0,8829,4.0,True,HAM_0003578,0
$KAGGLE_ROOT/train/benign/350.jpg,train,0,4046,2.0,True,HAM_0003264,0
$KAGGLE_ROOT/train/benign/351.jpg,train,0,8544,0.0,True,HAM_0001154,0
$KAGGLE_ROOT/train/benign/352.jpg,train,0,3024,2.0,True,HAM_0005775,0
$KAGGLE_ROOT/train/benign/353.jpg,train,0,5718,0.0,True,HAM_0003342,0
$KAGGLE_ROOT/train/benign/355.jpg,train,0,9249,4.0,True,HAM_0006936,0
$KAGGLE_ROOT/train/benign/357.jpg,train,0,4105,4.0,True,HAM_0000437,0
$KAGGLE_ROOT/train/benign/358.jpg,train,0,3189,0.0,True,HAM_0006132,0
$KAGGLE_ROOT/train/benign/359.jpg,train,0,6286,4.0,True,HAM_0006229,0
$KAGGLE_ROOT/train/benign/36.jpg,train,0,5190,2.0,True,HAM_0007288,0
$KAGGLE_ROOT/train/benign/360.jpg,train,0,6819,0.0,True,HAM_0002670,0
$KAGGLE_ROOT/train/benign/361.jpg,train,0,3889,0.0,True,HAM_0006726,0
$KAGGLE_ROOT/train/benign/362.jpg,train,0,6887,4.0,True,HAM_0006389,0
$KAGGLE_ROOT/train/benign/363.jpg,train,0,4400,2.0,True,HAM_0003397,0
$KAGGLE_ROOT/train/benign/364.jpg,train,0,5551,2.0,True,HAM_0000419,0
$KAGGLE_ROOT/train/benign/365.jpg,train,0,5194,2.0,True,HAM_0004591,0
$KAGGLE_ROOT/train/benign/366.jpg,train,0,5125,0.0,True,HAM_0003450,0
$KAGGLE_ROOT/train/benign/368.jpg,train,0,4947,2.0,True,HAM_0000466,0
$KAGGLE_ROOT/train/benign/370.jpg,train,0,8404,0.0,True,HAM_0000143,0
$KAGGLE_ROOT/train/benign/371.jpg,train,0,3155,2.0,True,HAM_0007241,0
$KAGGLE_ROOT/train/benign/372.jpg,train,0,8078,0.0,True,HAM_0002533,0
$KAGGLE_ROOT/train/benign/373.jpg,train,0,9066,2.0,True,HAM_0003305,0
$KAGGLE_ROOT/train/benign/374.jpg,train,0,6693,2.0,True,HAM_0007112,0
$KAGGLE_ROOT/train/benign/375.jpg,train,0,3724,4.0,True,HAM_0007145,0
$KAGGLE_ROOT/train/benign/376.jpg,train,0,5320,2.0,True,HAM_0000663,0
$KAGGLE_ROOT/train/benign/377.jpg,train,0,5631,0.0,True,HAM_0006345,0
$KAGGLE_ROOT/train/benign/38.jpg,train,0,4784,0.0,True,HAM_0006162,0
$KAGGLE_ROOT/train/benign/380.jpg,train,0,3852,2.0,True,HAM_0005307,0
$KAGGLE_ROOT/train/benign/381.jpg,train,0,8939,4.0,True,HAM_0001609,0
$KAGGLE_ROOT/train/benign/382.jpg,train,0,6937,4.0,True,HAM_0005227,0
$KAGGLE_ROOT/train/benign/383.jpg,train,0,6913,2.0,True,HAM_0002207,0
$KAGGLE_ROOT/train/benign/384.jpg,train,0,6206,0.0,True,HAM_0007360,0
$KAGGLE_ROOT/train/benign/386.jpg,train,0,5277,2.0,True,HAM_0000819,0
$KAGGLE_ROOT/train/benign/387.jpg,train,0,6380,6.0,True,HAM_0006682,0
$KAGGLE_ROOT/train/benign/39.jpg,train,0,8073,2.0,True,HAM_0002740,0
$KAGGLE_ROOT/train/benign/390.jpg,train,0,9198,0.0,True,HAM_0001679,0
$KAGGLE_ROOT/train/benign/391.jpg,train,0,3128,2.0,True,HAM_0001723,0
$KAGGLE_ROOT/train/benign/392.jpg,train,0,4570,4.0,True,HAM_0006259,0
$KAGGLE_ROOT/train/benign/393.jpg,train,0,5703,4.0,True,HAM_0004220,0
$KAGGLE_ROOT/train/benign/395.jpg,train,0,6645,0.0,True,HAM_0005544,0
$KAGGLE_ROOT/train/benign/396.jpg,train,0,5429,2.0,True,HAM_0003929,0
$KAGGLE_ROOT/train/benign/397.jpg,train,0,5241,2.0,True,HAM_0002072,0
$KAGGLE_ROOT/train/benign/398.jpg,train,0,9118,2.0,True,HAM_0007014,0
$KAGGLE_ROOT/train/benign/399.jpg,train,0,4194,2.0,True,HAM_0000654,0
$KAGGLE_ROOT/train/benign/4.jpg,train,0,4289,2.0,True,HAM_0001805,0
$KAGGLE_ROOT/train/benign/40.jpg,train,0,4461,4.0,True,HAM_0001447,0
$KAGGLE_ROOT/train/benign/400.jpg,train,0,8247,0.0,True,HAM_0001872,0
$KAGGLE_ROOT/train/benign/401.jpg,train,0,6040,4.0,True,HAM_0002288,0
$KAGGLE_ROOT/train/benign/402.jpg,train,0,5022,0.0,True,HAM_0005841,0
$KAGGLE_ROOT/train/benign/403.jpg,train,0,6421,4.0,True,HAM_0003962,0
$KAGGLE_ROOT/train/benign/405.jpg,train,0,3149,2.0,True,HAM_0006668,0
$KAGGLE_ROOT/train/benign/406.jpg,train,0,5524,2.0,True,HAM_0003085,0
$KAGGLE_ROOT/train/benign/408.jpg,train,0,6924,2.0,True,HAM_0004546,0
$KAGGLE_ROOT/train/benign/409.jpg,train,0,4008,2.0,True,HAM_0007153,0
$KAGGLE_ROOT/train/benign/41.jpg,train,0,8158,0.0,True,HAM_0004830,0
$KAGGLE_ROOT/train/benign/410.jpg,train,0,3325,2.0,True,HAM_0005094,0
$KAGGLE_ROOT/train/benign/411.jpg,train,0,5752,0.0,True,HAM_0004401,0
$KAGGLE_ROOT/train/benign/412.jpg,train,0,5746,0.0,True,HAM_0006930,0
$KAGGLE_ROOT/train/benign/413.jpg,train,0,8239,0.0,True,HAM_0006126,0
$KAGGLE_ROOT/train/benign/415.jpg,train,0,4991,0.0,True,HAM_0000343,0
$KAGGLE_ROOT/train/benign/416.jpg,train,0,8310,2.0,True,HAM_0006608,0
$KAGGLE_ROOT/train/benign/417.jpg,train,0,5441,4.0,True,HAM_0001516,0
$KAGGLE_ROOT/train/benign/418.jpg,train,0,4644,4.0,True,HAM_0003461,0
$KAGGLE_ROOT/train/benign/42.jpg,train,0,6755,0.0,True,HAM_0001869,0
$KAGGLE_ROOT/train/benign/420.jpg,train,0,5513,2.0,True,HAM_0007126,0
$KAGGLE_ROOT/train/benign/421.jpg,train,0,3216,2.0,True,HAM_0002994,0
$KAGGLE_ROOT/train/benign/422.jpg,train,0,7833,2.0,True,HAM_0002476,0
$KAGGLE_ROOT/train/benign/423.jpg,train,0,6749,4.0,True,HAM_0003230,0
$KAGGLE_ROOT/train/benign/424.jpg,train,0,8979,0.0,True,HAM_0002271,0
$KAGGLE_ROOT/train/benign/425.jpg,train,0,5437,4.0,True,HAM_0002932,0
$KAGGLE_ROOT/train/benign/426.jpg,train,0,6273,2.0,True,HAM_0000355,0
$KAGGLE_ROOT/train/benign/429.jpg,train,0,5579,4.0,True,HAM_0006167,0
$KAGGLE_ROOT/train/benign/43.jpg,train,0,7238,2.0,True,HAM_0003937,0
$KAGGLE_ROOT/train/benign/430.jpg,train,0,7257,0.0,True,HAM_0000249,0
$KAGGLE_ROOT/train/benign/431.jpg,train,0,6763,2.0,True,HAM_0000930,0
$KAGGLE_ROOT/train/benign/432.jpg,train,0,9192,2.0,True,HAM_0006129,0
$KAGGLE_ROOT/train/benign/434.jpg,train,0,8266,0.0,True,HAM_0004068,0
$KAGGLE_ROOT/train/benign/435.jpg,train,0,3154,2.0,True,HAM_0002105,0
$KAGGLE_ROOT/train/benign/438.jpg,train,0,6386,4.0,True,HAM_0004900,0
$KAGGLE_ROOT/train/benign/439.jpg,train,0,6901,2.0,True,HAM_0003343,0
$KAGGLE_ROOT/train/benign/440.jpg,train,0,5977,4.0,True,HAM_0007271,0
$KAGGLE_ROOT/train/benign/441.jpg,train,0,5405,2.0,True,HAM_0000944,0
$KAGGLE_ROOT/train/benign/442.jpg,train,0,6278,2.0,True,HAM_0004329,0
$KAGGLE_ROOT/train/benign/443.jpg,train,0,9295,4.0,True,HAM_0003430,0
$KAGGLE_ROOT/train/benign/445.jpg,train,0,3725,0.0,True,HAM_0001411,0
$KAGGLE_ROOT/train/benign/446.jpg,train,0,6120,2.0,True,HAM_0005129,0
$KAGGLE_ROOT/train/benign/447.jpg,train,0,3854,2.0,True,HAM_0004310,0
$KAGGLE_ROOT/train/benign/448.jpg,train,0,9127,4.0,True,HAM_0006114,0
$KAGGLE_ROOT/train/benign/450.jpg,train,0,6093,2.0,True,HAM_0007580,0
$KAGGLE_ROOT/train/benign/451.jpg,train,0,6885,2.0,True,HAM_0007189,0
$KAGGLE_ROOT/train/benign/452.jpg,train,0,4879,2.0,True,HAM_0003863,0
$KAGGLE_ROOT/train/benign/453.jpg,train,0,5353,4.0,True,HAM_0005687,0
$KAGGLE_ROOT/train/benign/455.jpg,train,0,6125,0.0,True,HAM_0001823,0
$KAGGLE_ROOT/train/benign/456.jpg,train,0,8692,0.0,True,HAM_0001737,0
$KAGGLE_ROOT/train/benign/458.jpg,train,0,3374,2.0,True,HAM_0000003,0
$KAGGLE_ROOT/train/benign/459.jpg,train,0,8249,2.0,True,HAM_0004239,0
$KAGGLE_ROOT/train/benign/46.jpg,train,0,8919,2.0,True,HAM_0007284,0
$KAGGLE_ROOT/train/benign/460.jpg,train,0,8811,0.0,True,HAM_0002490,0
$KAGGLE_ROOT/train/benign/461.jpg,train,0,5302,0.0,True,HAM_0006717,0
$KAGGLE_ROOT/train/benign/463.jpg,train,0,3921,2.0,True,HAM_0004015,0
$KAGGLE_ROOT/train/benign/464.jpg,train,0,6211,4.0,True,HAM_0002236,0
$KAGGLE_ROOT/train/benign/465.jpg,train,0,4347,6.0,True,HAM_0001653,0
$KAGGLE_ROOT/train/benign/466.jpg,train,0,8420,0.0,True,HAM_0003164,0
$KAGGLE_ROOT/train/benign/467.jpg,train,0,6727,0.0,True,HAM_0007202,0
$KAGGLE_ROOT/train/benign/468.jpg,train,0,6563,0.0,True,HAM_0005644,0
$KAGGLE_ROOT/train/benign/469.jpg,train,0,4110,2.0,True,HAM_0004320,0
$KAGGLE_ROOT/train/benign/47.jpg,train,0,4305,6.0,True,HAM_0005816,0
$KAGGLE_ROOT/train/benign/470.jpg,train,0,8254,2.0,True,HAM_0000342,0
$KAGGLE_ROOT/train/benign/471.jpg,train,0,5354,4.0,True,HAM_0000185,0
$KAGGLE_ROOT/train/benign/472.jpg,train,0,6943,2.0,True,HAM_0007606,0
$KAGGLE_ROOT/train/benign/473.jpg,train,0,9012,2.0,True,HAM_0001104,0
$KAGGLE_ROOT/train/benign/474.jpg,train,0,8133,2.0,True,HAM_0000139,0
$KAGGLE_ROOT/train/benign/476.jpg,train,0,6844,4.0,True,HAM_0002942,0
$KAGGLE_ROOT/train/benign/477.jpg,train,0,3259,2.0,True,HAM_0002322,0
$KAGGLE_ROOT/train/benign/478.jpg,train,0,5061,2.0,True,HAM_0001564,0
$KAGGLE_ROOT/train/benign/48.jpg,train,0,8210,0.0,True,HAM_0006547,0
$KAGGLE_ROOT/train/benign/480.jpg,train,0,8674,0.0,True,HAM_0003117,0
$KAGGLE_ROOT/train/benign/481.jpg,train,0,5477,2.0,True,HAM_0005844,0
$KAGGLE_ROOT/train/benign/482.jpg,train,0,3455,0.0,True,HAM_0006523,0
$KAGGLE_ROOT/train/benign/483.jpg,train,0,6628,2.0,True,HAM_0003547,0
$KAGGLE_ROOT/train/benign/485.jpg,train,0,5215,4.0,True,HAM_0003643,0
$KAGGLE_ROOT/train/benign/486.jpg,train,0,9682,0.0,True,HAM_0006283,0
$KAGGLE_ROOT/train/benign/487.jpg,train,0,8215,0.0,True,HAM_0002031,0
$KAGGLE_ROOT/train/benign/488.jpg,train,0,6250,6.0,True,HAM_0006360,0
$KAGGLE_ROOT/train/benign/489.jpg,train,0,4254,2.0,True,HAM_0006614,0
$KAGGLE_ROOT/train/benign/49.jpg,train,0,4353,2.0,True,HAM_0004520,0
$KAGGLE_ROOT/train/benign/490.jpg,train,0,8683,2.0,True,HAM_0001077,0
$KAGGLE_ROOT/train/benign/491.jpg,train,0,6401,2.0,True,HAM_0003442,0
$KAGGLE_ROOT/train/benign/492.jpg,train,0,7278,2.0,True,HAM_0001220,0
$KAGGLE_ROOT/train/benign/493.jpg,train,0,3376,0.0,True,HAM_0005569,0
$KAGGLE_ROOT/train/benign/494.jpg,train,0,8151,2.0,True,HAM_0000070,0
$KAGGLE_ROOT/train/benign/496.jpg,train,0,3698,2.0,True,HAM_0005219,0
$KAGGLE_ROOT/train/benign/497.jpg,train,0,4168,2.0,True,HAM_0000428,0
$KAGGLE_ROOT/train/benign/498.jpg,train,0,3682,4.0,True,HAM_0006885,0
$KAGGLE_ROOT/train/benign/499.jpg,train,0,3417,0.0,True,HAM_0002741,0
$KAGGLE_ROOT/train/benign/50.jpg,train,0,9133,0.0,True,HAM_0003590,0
$KAGGLE_ROOT/train/benign/500.jpg,train,0,4796,2.0,True,HAM_0003436,0
$KAGGLE_ROOT/train/benign/501.jpg,train,0,4162,2.0,True,HAM_0002290,0
$KAGGLE_ROOT/train/benign/502.jpg,train,0,8171,0.0,True,HAM_0001041,0
$KAGGLE_ROOT/train/benign/503.jpg,train,0,4663,2.0,True,HAM_0004891,0
$KAGGLE_ROOT/train/benign/504.jpg,train,0,3039,4.0,True,HAM_0003414,0
$KAGGLE_ROOT/train/benign/505.jpg,train,0,9181,2.0,True,HAM_0003054,0
$KAGGLE_ROOT/train/benign/506.jpg,train,0,6480,2.0,True,HAM_0007226,0
$KAGGLE_ROOT/train/benign/507.jpg,train,0,6524,0.0,True,HAM_0004416,0
$KAGGLE_ROOT/train/benign/508.jpg,train,0,9361,4.0,True,HAM_0000159,0
$KAGGLE_ROOT/train/benign/509.jpg,train,0,8733,2.0,True,HAM_0002087,0
$KAGGLE_ROOT/train/benign/51.jpg,train,0,6739,2.0,True,HAM_0005360,0
$KAGGLE_ROOT/train/benign/510.jpg,train,0,4054,4.0,True,HAM_0005080,0
$KAGGLE_ROOT/train/benign/511.jpg,train,0,6456,2.0,True,HAM_0003773,0
$KAGGLE_ROOT/train/benign/512.jpg,train,0,4913,2.0,True,HAM_0001099,0
$KAGGLE_ROOT/train/benign/513.jpg,train,0,9158,2.0,True,HAM_0007083,0
$KAGGLE_ROOT/train/benign/514.jpg,train,0,9372,0.0,True,HAM_0005365,0
$KAGGLE_ROOT/train/benign/515.jpg,train,0,4321,0.0,True,HAM_0003432,0
$KAGGLE_ROOT/train/benign/516.jpg,train,0,8595,2.0,True,HAM_0000891,0
$KAGGLE_ROOT/train/benign/517.jpg,train,0,5540,2.0,True,HAM_0003784,0
$KAGGLE_ROOT/train/benign/518.jpg,train,0,6288,4.0,True,HAM_0000223,0
$KAGGLE_ROOT/train/benign/519.jpg,train,0,9341,4.0,True,HAM_0006551,0
$KAGGLE_ROOT/train/benign/52.jpg,train,0,9650,2.0,True,HAM_0005347,0
$KAGGLE_ROOT/train/benign/521.jpg,train,0,5547,4.0,True,HAM_0000440,0
$KAGGLE_ROOT/train/benign/522.jpg,train,0,3084,0.0,True,HAM_0000750,0
$KAGGLE_ROOT/train/benign/523.jpg,train,0,6227,2.0,True,HAM_0002799,0
$KAGGLE_ROOT/train/benign/524.jpg,train,0,5517,2.0,True,HAM_0004512,0
$KAGGLE_ROOT/train/benign/525.jpg,train,0,8453,0.0,True,HAM_0006470,0
$KAGGLE_ROOT/train/benign/526.jpg,train,0,5662,2.0,True,HAM_0003272,0
$KAGGLE_ROOT/train/benign/528.jpg,train,0,4401,2.0,True,HAM_0006648,0
$KAGGLE_ROOT/train/benign/529.jpg,train,0,9147,0.0,True,HAM_0007413,0
$KAGGLE_ROOT/train/benign/53.jpg,train,0,9293,0.0,True,HAM_0003430,0
$KAGGLE_ROOT/train/benign/530.jpg,train,0,5810,2.0,True,HAM_0004357,0
$KAGGLE_ROOT/train/benign/531.jpg,train,0,6451,4.0,True,HAM_0003725,0
$KAGGLE_ROOT/train/benign/533.jpg,train,0,8569,4.0,True,HAM_0007240,0
$KAGGLE_ROOT/train/benign/534.jpg,train,0,5588,4.0,True,HAM_0004451,0
$KAGGLE_ROOT/train/benign/537.jpg,train,0,6145,2.0,True,HAM_0001317,0
$KAGGLE_ROOT/train/benign/538.jpg,train,0,9059,0.0,True,HAM_0004008,0
$KAGGLE_ROOT/train/benign/539.jpg,train,0,9052,2.0,True,HAM_0002295,0
$KAGGLE_ROOT/train/benign/540.jpg,train,0,4983,2.0,True,HAM_0001496,0
$KAGGLE_ROOT/train/benign/541.jpg,train,0,6302,2.0,True,HAM_0005778,0
$KAGGLE_ROOT/train/benign/542.jpg,train,0,5345,2.0,True,HAM_0002168,0
$KAGGLE_ROOT/train/benign/543.jpg,train,0,6647,4.0,True,HAM_0004745,0
$KAGGLE_ROOT/train/benign/544.jpg,train,0,6445,2.0,True,HAM_0000117,0
$KAGGLE_ROOT/train/benign/546.jpg,train,0,3334,4.0,True,HAM_0006969,0
$KAGGLE_ROOT/train/benign/547.jpg,train,0,9667,4.0,True,HAM_0005018,0
$KAGGLE_ROOT/train/benign/549.jpg,train,0,6778,2.0,True,HAM_0002120,0
$KAGGLE_ROOT/train/benign/55.jpg,train,0,3132,2.0,True,HAM_0002317,0
$KAGGLE_ROOT/train/benign/550.jpg,train,0,6166,4.0,True,HAM_0007489,0
$KAGGLE_ROOT/train/benign/551.jpg,train,0,6626,2.0,True,HAM_0002927,0
$KAGGLE_ROOT/train/benign/553.jpg,train,0,9645,2.0,True,HAM_0005696,0
$KAGGLE_ROOT/train/benign/554.jpg,train,0,6983,2.0,True,HAM_0002575,0
$KAGGLE_ROOT/train/benign/555.jpg,train,0,9099,2.0,True,HAM_0005664,0
$KAGGLE_ROOT/train/benign/556.jpg,train,0,5782,2.0,True,HAM_0002468,0
$KAGGLE_ROOT/train/benign/557.jpg,train,0,5787,2.0,True,HAM_0005041,0
$KAGGLE_ROOT/train/benign/56.jpg,train,0,8875,4.0,True,HAM_0006757,0
$KAGGLE_ROOT/train/benign/563.jpg,train,0,5922,0.0,True,HAM_0004509,0
$KAGGLE_ROOT/train/benign/564.jpg,train,0,8405,2.0,True,HAM_0007358,0
$KAGGLE_ROOT/train/benign/565.jpg,train,0,6449,2.0,True,HAM_0005765,0
$KAGGLE_ROOT/train/benign/567.jpg,train,0,3229,0.0,True,HAM_0005753,0
$KAGGLE_ROOT/train/benign/568.jpg,train,0,4837,0.0,True,HAM_0000084,0
$KAGGLE_ROOT/train/benign/569.jpg,train,0,6210,2.0,True,HAM_0001868,0
$KAGGLE_ROOT/train/benign/570.jpg,train,0,5923,2.0,True,HAM_0005114,0
$KAGGLE_ROOT/train/benign/571.jpg,train,0,6043,4.0,True,HAM_0000035,0
$KAGGLE_ROOT/train/benign/576.jpg,train,0,4933,4.0,True,HAM_0003719,0
$KAGGLE_ROOT/train/benign/577.jpg,train,0,6071,6.0,True,HAM_0002621,0
$KAGGLE_ROOT/train/benign/578.jpg,train,0,3637,6.0,True,HAM_0002631,0
$KAGGLE_ROOT/train/benign/579.jpg,train,0,6255,2.0,True,HAM_0004051,0
$KAGGLE_ROOT/train/benign/58.jpg,train,0,4654,0.0,True,HAM_0004606,0
$KAGGLE_ROOT/train/benign/581.jpg,train,0,3268,2.0,True,HAM_0004890,0
$KAGGLE_ROOT/train/benign/582.jpg,train,0,4846,0.0,True,HAM_0002697,0
$KAGGLE_ROOT/train/benign/583.jpg,train,0,8281,0.0,True,HAM_0001830,0
$KAGGLE_ROOT/train/benign/584.jpg,train,0,3823,2.0,True,HAM_0001005,0
$KAGGLE_ROOT/train/benign/585.jpg,train,0,8083,0.0,True,HAM_0005421,0
$KAGGLE_ROOT/train/benign/586.jpg,train,0,6473,4.0,True,HAM_0002059,0
$KAGGLE_ROOT/train/benign/587.jpg,train,0,3691,0.0,True,HAM_0004964,0
$KAGGLE_ROOT/train/benign/589.jpg,train,0,9523,0.0,True,HAM_0005689,0
$KAGGLE_ROOT/train/benign/59.jpg,train,0,4768,4.0,True,HAM_0007472,0
$KAGGLE_ROOT/train/benign/590.jpg,train,0,9282,0.0,True,HAM_0002768,0
$KAGGLE_ROOT/train/benign/591.jpg,train,0,6519,6.0,True,HAM_0002331,0
$KAGGLE_ROOT/train/benign/592.jpg,train,0,5006,2.0,True,HAM_0000989,0
$KAGGLE_ROOT/train/benign/593.jpg,train,0,4372,2.0,True,HAM_0000969,0
$KAGGLE_ROOT/train/benign/594.jpg,train,0,5188,4.0,True,HAM_0000081,0
$KAGGLE_ROOT/train/benign/595.jpg,train,0,6367,4.0,True,HAM_0006753,0
$KAGGLE_ROOT/train/benign/597.jpg,train,0,3574,2.0,True,HAM_0002166,0
$KAGGLE_ROOT/train/benign/598.jpg,train,0,6184,0.0,True,HAM_0005637,0
$KAGGLE_ROOT/train/benign/599.jpg,train,0,4572,4.0,True,HAM_0000086,0
$KAGGLE_ROOT/train/benign/6.jpg,train,0,9087,2.0,True,HAM_0000287,0
$KAGGLE_ROOT/train/benign/60.jpg,train,0,3421,4.0,True,HAM_0000649,0
$KAGGLE_ROOT/train/benign/600.jpg,train,0,4068,2.0,True,HAM_0007496,0
$KAGGLE_ROOT/train/benign/601.jpg,train,0,9156,2.0,True,HAM_0007514,0
$KAGGLE_ROOT/train/benign/602.jpg,train,0,5463,2.0,True,HAM_0007564,0
$KAGGLE_ROOT/train/benign/604.jpg,train,0,8988,0.0,True,HAM_0005102,0
$KAGGLE_ROOT/train/benign/605.jpg,train,0,6432,6.0,True,HAM_0005963,0
$KAGGLE_ROOT/train/benign/606.jpg,train,0,8763,2.0,True,HAM_0007263,0
$KAGGLE_ROOT/train/benign/607.jpg,train,0,9145,4.0,True,HAM_0003790,0
$KAGGLE_ROOT/train/benign/608.jpg,train,0,4114,2.0,True,HAM_0003087,0
$KAGGLE_ROOT/train/benign/609.jpg,train,0,5070,0.0,True,HAM_0004022,0
$KAGGLE_ROOT/train/benign/610.jpg,train,0,8493,2.0,True,HAM_0002944,0
$KAGGLE_ROOT/train/benign/611.jpg,train,0,3252,4.0,True,HAM_0003560,0
$KAGGLE_ROOT/train/benign/613.jpg,train,0,5516,0.0,True,HAM_0004111,0
$KAGGLE_ROOT/train/benign/614.jpg,train,0,8893,2.0,True,HAM_0002429,0
$KAGGLE_ROOT/train/benign/615.jpg,train,0,4751,4.0,True,HAM_0002814,0
$KAGGLE_ROOT/train/benign/616.jpg,train,0,9119,0.0,True,HAM_0007014,0
$KAGGLE_ROOT/train/benign/617.jpg,train,0,3504,0.0,True,HAM_0001431,0
$KAGGLE_ROOT/train/benign/618.jpg,train,0,4240,0.0,True,HAM_0006373,0
$KAGGLE_ROOT/train/benign/619.jpg,train,0,5804,2.0,True,HAM_0006125,0
$KAGGLE_ROOT/train/benign/62.jpg,train,0,5971,8.0,True,HAM_0005618,0
$KAGGLE_ROOT/train/benign/620.jpg,train,0,7022,2.0,True,HAM_0003175,0
$KAGGLE_ROOT/train/benign/621.jpg,train,0,6329,0.0,True,HAM_0004650,0
$KAGGLE_ROOT/train/benign/622.jpg,train,0,8792,0.0,True,HAM_0002451,0
$KAGGLE_ROOT/train/benign/625.jpg,train,0,5538,4.0,True,HAM_0004294,0
$KAGGLE_ROOT/train/benign/627.jpg,train,0,4494,4.0,True,HAM_0004865,0
$KAGGLE_ROOT/train/benign/628.jpg,train,0,7289,2.0,True,HAM_0006146,0
$KAGGLE_ROOT/train/benign/629.jpg,train,0,3711,2.0,True,HAM_0006659,0
$KAGGLE_ROOT/train/benign/630.jpg,train,0,4943,2.0,True,HAM_0005150,0
$KAGGLE_ROOT/train/benign/632.jpg,train,0,3101,0.0,True,HAM_0006443,0
$KAGGLE_ROOT/train/benign/633.jpg,train,0,8863,2.0,True,HAM_0005510,0
$KAGGLE_ROOT/train/benign/637.jpg,train,0,5422,2.0,True,HAM_0005346,0
$KAGGLE_ROOT/train/benign/638.jpg,train,0,6322,8.0,True,HAM_0001731,0
$KAGGLE_ROOT/train/benign/639.jpg,train,0,8617,2.0,True,HAM_0005755,0
$KAGGLE_ROOT/train/benign/64.jpg,train,0,6828,0.0,True,HAM_0006108,0
$KAGGLE_ROOT/train/benign/640.jpg,train,0,3460,2.0,True,HAM_0000958,0
$KAGGLE_ROOT/train/benign/641.jpg,train,0,5078,2.0,True,HAM_0002950,0
$KAGGLE_ROOT/train/benign/643.jpg,train,0,6505,4.0,True,HAM_0006083,0
$KAGGLE_ROOT/train/benign/645.jpg,train,0,5089,4.0,True,HAM_0006777,0
$KAGGLE_ROOT/train/benign/646.jpg,train,0,4173,0.0,True,HAM_0000426,0
$KAGGLE_ROOT/train/benign/648.jpg,train,0,3645,0.0,True,HAM_0007152,0
$KAGGLE_ROOT/train/benign/649.jpg,train,0,3064,0.0,True,HAM_0005252,0
$KAGGLE_ROOT/train/benign/65.jpg,train,0,8168,0.0,True,HAM_0005902,0
$KAGGLE_ROOT/train/benign/650.jpg,train,0,8633,0.0,True,HAM_0000634,0
$KAGGLE_ROOT/train/benign/651.jpg,train,0,4808,2.0,True,HAM_0006471,0
$KAGGLE_ROOT/train/benign/652.jpg,train,0,5287,2.0,True,HAM_0006849,0
$KAGGLE_ROOT/train/benign/653.jpg,train,0,6062,4.0,True,HAM_0001677,0
$KAGGLE_ROOT/train/benign/654.jpg,train,0,4420,0.0,True,HAM_0006656,0
$KAGGLE_ROOT/train/benign/655.jpg,train,0,4346,2.0,True,HAM_0007554,0
$KAGGLE_ROOT/train/benign/656.jpg,train,0,6760,2.0,True,HAM_0001100,0
$KAGGLE_ROOT/train/benign/657.jpg,train,0,7070,2.0,True,HAM_0006221,0
$KAGGLE_ROOT/train/benign/66.jpg,train,0,5893,4.0,True,HAM_0005832,0
$KAGGLE_ROOT/train/benign/661.jpg,train,0,5092,6.0,True,HAM_0007438,0
$KAGGLE_ROOT/train/benign/662.jpg,train,0,4889,0.0,True,HAM_0002401,0
$KAGGLE_ROOT/train/benign/665.jpg,train,0,4510,4.0,True,HAM_0000491,0
$KAGGLE_ROOT/train/benign/666.jpg,train,0,4010,4.0,True,HAM_0002398,0
$KAGGLE_ROOT/train/benign/667.jpg,train,0,8059,4.0,True,HAM_0003857,0
$KAGGLE_ROOT/train/benign/669.jpg,train,0,6640,6.0,True,HAM_0000200,0
$KAGGLE_ROOT/train/benign/67.jpg,train,0,6067,8.0,True,HAM_0001581,0
$KAGGLE_ROOT/train/benign/671.jpg,train,0,8434,0.0,True,HAM_0007049,0
$KAGGLE_ROOT/train/benign/672.jpg,train,0,8565,0.0,True,HAM_0000763,0
$KAGGLE_ROOT/train/benign/673.jpg,train,0,4225,0.0,True,HAM_0003930,0
$KAGGLE_ROOT/train/benign/674.jpg,train,0,7016,0.0,True,HAM_0001968,0
$KAGGLE_ROOT/train/benign/675.jpg,train,0,9171,2.0,True,HAM_0003263,0
$KAGGLE_ROOT/train/benign/677.jpg,train,0,6602,0.0,True,HAM_0003618,0
$KAGGLE_ROOT/train/benign/679.jpg,train,0,2981,2.0,True,HAM_0002530,0
$KAGGLE_ROOT/train/benign/68.jpg,train,0,4917,2.0,True,HAM_0003565,0
$KAGGLE_ROOT/train/benign/680.jpg,train,0,5887,4.0,True,HAM_0001635,0
$KAGGLE_ROOT/train/benign/682.jpg,train,0,3495,4.0,True,HAM_0000768,0
$KAGGLE_ROOT/train/benign/683.jpg,train,0,9015,4.0,True,HAM_0002556,0
$KAGGLE_ROOT/train/benign/684.jpg,train,0,5238,2.0,True,HAM_0001533,0
$KAGGLE_ROOT/train/benign/685.jpg,train,0,4674,4.0,True,HAM_0006067,0
$KAGGLE_ROOT/train/benign/686.jpg,train,0,4183,0.0,True,HAM_0005538,0
$KAGGLE_ROOT/train/benign/687.jpg,train,0,6691,0.0,True,HAM_0003155,0
$KAGGLE_ROOT/train/benign/688.jpg,train,0,4565,6.0,True,HAM_0002245,0
$KAGGLE_ROOT/train/benign/69.jpg,train,0,3431,0.0,True,HAM_0003502,0
$KAGGLE_ROOT/train/benign/691.jpg,train,0,5594,2.0,True,HAM_0002884,0
$KAGGLE_ROOT/train/benign/692.jpg,train,0,9419,0.0,True,HAM_0001259,0
$KAGGLE_ROOT/train/benign/693.jpg,train,0,6630,4.0,True,HAM_0007406,0
$KAGGLE_ROOT/train/benign/694.jpg,train,0,6890,2.0,True,HAM_0004699,0
$KAGGLE_ROOT/train/benign/695.jpg,train,0,4988,0.0,True,HAM_0004218,0
$KAGGLE_ROOT/train/benign/696.jpg,train,0,6087,2.0,True,HAM_0005969,0
$KAGGLE_ROOT/train/benign/697.jpg,train,0,5072,2.0,True,HAM_0001348,0
$KAGGLE_ROOT/train/benign/698.jpg,train,0,3403,2.0,True,HAM_0005139,0
$KAGGLE_ROOT/train/benign/699.jpg,train,0,9007,0.0,True,HAM_0005429,0
$KAGGLE_ROOT/train/benign/7.jpg,train,0,4599,0.0,True,HAM_0005706,0
$KAGGLE_ROOT/train/benign/70.jpg,train,0,5408,2.0,True,HAM_0006460,0
$KAGGLE_ROOT/train/benign/701.jpg,train,0,8256,0.0,True,HAM_0000291,0
$KAGGLE_ROOT/train/benign/702.jpg,train,0,8280,0.0,True,HAM_0001027,0
$KAGGLE_ROOT/train/benign/703.jpg,train,0,3009,2.0,True,HAM_0003882,0
$KAGGLE_ROOT/train/benign/704.jpg,train,0,6196,4.0,True,HAM_0006195,0
$KAGGLE_ROOT/train/benign/705.jpg,train,0,5420,4.0,True,HAM_0004875,0
$KAGGLE_ROOT/train/benign/706.jpg,train,0,5179,0.0,True,HAM_0001282,0
$KAGGLE_ROOT/train/benign/707.jpg,train,0,3309,2.0,True,HAM_0004710,0
$KAGGLE_ROOT/train/benign/708.jpg,train,0,8338,0.0,True,HAM_0000025,0
$KAGGLE_ROOT/train/benign/709.jpg,train,0,9263,2.0,True,HAM_0001306,0
$KAGGLE_ROOT/train/benign/710.jpg,train,0,5400,2.0,True,HAM_0000242,0
$KAGGLE_ROOT/train/benign/711.jpg,train,0,5176,2.0,True,HAM_0007597,0
$KAGGLE_ROOT/train/benign/713.jpg,train,0,9080,6.0,True,HAM_0001126,0
$KAGGLE_ROOT/train/benign/714.jpg,train,0,4440,4.0,True,HAM_0005168,0
$KAGGLE_ROOT/train/benign/715.jpg,train,0,4902,4.0,True,HAM_0002191,0
$KAGGLE_ROOT/train/benign/716.jpg,train,0,4076,2.0,True,HAM_0001843,0
$KAGGLE_ROOT/train/benign/718.jpg,train,0,8903,2.0,True,HAM_0006300,0
$KAGGLE_ROOT/train/benign/719.jpg,train,0,3250,4.0,True,HAM_0002624,0
$KAGGLE_ROOT/train/benign/72.jpg,train,0,4861,2.0,True,HAM_0001746,0
$KAGGLE_ROOT/train/benign/722.jpg,train,0,7113,0.0,True,HAM_0006934,0
$KAGGLE_ROOT/train/benign/723.jpg,train,0,3106,4.0,True,HAM_0002748,0
$KAGGLE_ROOT/train/benign/726.jpg,train,0,6735,2.0,True,HAM_0000476,0
$KAGGLE_ROOT/train/benign/727.jpg,train,0,6355,6.0,True,HAM_0007186,0
$KAGGLE_ROOT/train/benign/728.jpg,train,0,5885,2.0,True,HAM_0006365,0
$KAGGLE_ROOT/train/benign/729.jpg,train,0,8610,2.0,True,HAM_0001630,0
$KAGGLE_ROOT/train/benign/73.jpg,train,0,9005,2.0,True,HAM_0003451,0
$KAGGLE_ROOT/train/benign/730.jpg,train,0,3025,2.0,True,HAM_0004140,0
$KAGGLE_ROOT/train/benign/731.jpg,train,0,3647,2.0,True,HAM_0001540,0
$KAGGLE_ROOT/train/benign/732.jpg,train,0,6313,0.0,True,HAM_0004092,0
$KAGGLE_ROOT/train/benign/733.jpg,train,0,4283,4.0,True,HAM_0005069,0
$KAGGLE_ROOT/train/benign/734.jpg,train,0,3140,2.0,True,HAM_0007302,0
$KAGGLE_ROOT/train/benign/735.jpg,train,0,8488,2.0,True,HAM_0003005,0
$KAGGLE_ROOT/train/benign/736.jpg,train,0,8626,2.0,True,HAM_0001318,0
$KAGGLE_ROOT/train/benign/737.jpg,train,0,8744,2.0,True,HAM_0000689,0
$KAGGLE_ROOT/train/benign/738.jpg,train,0,8899,0.0,True,HAM_0000693,0
$KAGGLE_ROOT/train/benign/739.jpg,train,0,5956,4.0,True,HAM_0000600,0
$KAGGLE_ROOT/train/benign/740.jpg,train,0,5526,0.0,True,HAM_0002315,0
$KAGGLE_ROOT/train/benign/741.jpg,train,0,4619,4.0,True,HAM_0004166,0
$KAGGLE_ROOT/train/benign/742.jpg,train,0,6580,2.0,True,HAM_0002516,0
$KAGGLE_ROOT/train/benign/743.jpg,train,0,4109,2.0,True,HAM_0001886,0
$KAGGLE_ROOT/train/benign/744.jpg,train,0,3586,2.0,True,HAM_0001464,0
$KAGGLE_ROOT/train/benign/745.jpg,train,0,5709,4.0,True,HAM_0005577,0
$KAGGLE_ROOT/train/benign/746.jpg,train,0,5380,4.0,True,HAM_0001032,0
$KAGGLE_ROOT/train/benign/747.jpg,train,0,4513,4.0,True,HAM_0003493,0
$KAGGLE_ROOT/train/benign/748.jpg,train,0,4622,2.0,True,HAM_0006710,0
$KAGGLE_ROOT/train/benign/749.jpg,train,0,6416,2.0,True,HAM_0000449,0
$KAGGLE_ROOT/train/benign/75.jpg,train,0,3380,2.0,True,HAM_0003092,0
$KAGGLE_ROOT/train/benign/750.jpg,train,0,6464,2.0,True,HAM_0001304,0
$KAGGLE_ROOT/train/benign/752.jpg,train,0,6797,0.0,True,HAM_0006197,0
$KAGGLE_ROOT/train/benign/753.jpg,train,0,5426,2.0,True,HAM_0002259,0
$KAGGLE_ROOT/train/benign/754.jpg,train,0,6454,2.0,True,HAM_0002826,0
$KAGGLE_ROOT/train/benign/755.jpg,train,0,3572,0.0,True,HAM_0000546,0
$KAGGLE_ROOT/train/benign/756.jpg,train,0,9662,2.0,True,HAM_0004742,0
$KAGGLE_ROOT/train/benign/757.jpg,train,0,3162,2.0,True,HAM_0000472,0
$KAGGLE_ROOT/train/benign/759.jpg,train,0,6562,2.0,True,HAM_0006804,0
$KAGGLE_ROOT/train/benign/76.jpg,train,0,4303,2.0,True,HAM_0005825,0
$KAGGLE_ROOT/train/benign/760.jpg,train,0,6482,8.0,True,HAM_0006008,0
$KAGGLE_ROOT/train/benign/761.jpg,train,0,9130,2.0,True,HAM_0003423,0
$KAGGLE_ROOT/train/benign/764.jpg,train,0,3687,0.0,True,HAM_0003841,0
$KAGGLE_ROOT/train/benign/765.jpg,train,0,6174,0.0,True,HAM_0002485,0
$KAGGLE_ROOT/train/benign/766.jpg,train,0,3238,2.0,True,HAM_0000326,0
$KAGGLE_ROOT/train/benign/767.jpg,train,0,8816,4.0,True,HAM_0005666,0
$KAGGLE_ROOT/train/benign/769.jpg,train,0,8615,0.0,True,HAM_0004283,0
$KAGGLE_ROOT/train/benign/77.jpg,train,0,6731,0.0,True,HAM_0004997,0
$KAGGLE_ROOT/train/benign/771.jpg,train,0,3129,2.0,True,HAM_0001842,0
$KAGGLE_ROOT/train/benign/772.jpg,train,0,8259,0.0,True,HAM_0002300,0
$KAGGLE_ROOT/train/benign/775.jpg,train,0,8650,2.0,True,HAM_0000777,0
$KAGGLE_ROOT/train/benign/776.jpg,train,0,3474,2.0,True,HAM_0007209,0
$KAGGLE_ROOT/train/benign/777.jpg,train,0,6113,2.0,True,HAM_0002435,0
$KAGGLE_ROOT/train/benign/779.jpg,train,0,7028,0.0,True,HAM_0002409,0
$KAGGLE_ROOT/train/benign/78.jpg,train,0,3810,2.0,True,HAM_0002262,0
$KAGGLE_ROOT/train/benign/780.jpg,train,0,5597,2.0,True,HAM_0002175,0
$KAGGLE_ROOT/train/benign/781.jpg,train,0,6891,4.0,True,HAM_0007464,0
$KAGGLE_ROOT/train/benign/782.jpg,train,0,6916,2.0,True,HAM_0002715,0
$KAGGLE_ROOT/train/benign/783.jpg,train,0,5063,2.0,True,HAM_0005398,0
$KAGGLE_ROOT/train/benign/784.jpg,train,0,3751,6.0,True,HAM_0006997,0
$KAGGLE_ROOT/train/benign/785.jpg,train,0,3768,2.0,True,HAM_0007408,0
$KAGGLE_ROOT/train/benign/786.jpg,train,0,8678,4.0,True,HAM_0001001,0
$KAGGLE_ROOT/train/benign/787.jpg,train,0,6023,2.0,True,HAM_0003333,0
$KAGGLE_ROOT/train/benign/788.jpg,train,0,9681,4.0,True,HAM_0003965,0
$KAGGLE_ROOT/train/benign/789.jpg,train,0,4934,0.0,True,HAM_0002522,0
$KAGGLE_ROOT/train/benign/79.jpg,train,0,8589,0.0,True,HAM_0003496,0
$KAGGLE_ROOT/train/benign/791.jpg,train,0,9234,4.0,True,HAM_0005817,0
$KAGGLE_ROOT/train/benign/792.jpg,train,0,6856,4.0,True,HAM_0006359,0
$KAGGLE_ROOT/train/benign/793.jpg,train,0,4507,4.0,True,HAM_0004470,0
$KAGGLE_ROOT/train/benign/794.jpg,train,0,8376,0.0,True,HAM_0000188,0
$KAGGLE_ROOT/train/benign/795.jpg,train,0,4833,2.0,True,HAM_0005528,0
$KAGGLE_ROOT/train/benign/796.jpg,train,0,4184,2.0,True,HAM_0002634,0
$KAGGLE_ROOT/train/benign/797.jpg,train,0,4904,0.0,True,HAM_0004684,0
$KAGGLE_ROOT/train/benign/798.jpg,train,0,3200,0.0,True,HAM_0006001,0
$KAGGLE_ROOT/train/benign/799.jpg,train,0,6076,2.0,True,HAM_0005977,0
$KAGGLE_ROOT/train/benign/80.jpg,train,0,3945,2.0,True,HAM_0003199,0
$KAGGLE_ROOT/train/benign/800.jpg,train,0,4024,2.0,True,HAM_0006183,0
$KAGGLE_ROOT/train/benign/801.jpg,train,0,4894,6.0,True,HAM_0003399,0
$KAGGLE_ROOT/train/benign/803.jpg,train,0,8772,2.0,True,HAM_0006118,0
$KAGGLE_ROOT/train/benign/804.jpg,train,0,6866,0.0,True,HAM_0005342,0
$KAGGLE_ROOT/train/benign/807.jpg,train,0,5034,2.0,True,HAM_0002816,0
$KAGGLE_ROOT/train/benign/808.jpg,train,0,4759,2.0,True,HAM_0001345,0
$KAGGLE_ROOT/train/benign/809.jpg,train,0,8551,4.0,True,HAM_0006506,0
$KAGGLE_ROOT/train/benign/81.jpg,train,0,9347,2.0,True,HAM_0002084,0
$KAGGLE_ROOT/train/benign/810.jpg,train,0,4701,2.0,True,HAM_0005133,0
$KAGGLE_ROOT/train/benign/811.jpg,train,0,6740,2.0,True,HAM_0005360,0
$KAGGLE_ROOT/train/benign/812.jpg,train,0,5081,2.0,True,HAM_0003332,0
$KAGGLE_ROOT/train/benign/814.jpg,train,0,8559,0.0,True,HAM_0005079,0
$KAGGLE_ROOT/train/benign/815.jpg,train,0,5924,2.0,True,HAM_0000085,0
$KAGGLE_ROOT/train/benign/816.jpg,train,0,4244,4.0,True,HAM_0002820,0
$KAGGLE_ROOT/train/benign/817.jpg,train,0,6714,2.0,True,HAM_0006439,0
$KAGGLE_ROOT/train/benign/818.jpg,train,0,3183,4.0,True,HAM_0000703,0
$KAGGLE_ROOT/train/benign/82.jpg,train,0,6838,2.0,True,HAM_0003327,0
$KAGGLE_ROOT/train/benign/821.jpg,train,0,4227,2.0,True,HAM_0002931,0
$KAGGLE_ROOT/train/benign/822.jpg,train,0,3580,2.0,True,HAM_0001338,0
$KAGGLE_ROOT/train/benign/827.jpg,train,0,5384,2.0,True,HAM_0000712,0
$KAGGLE_ROOT/train/benign/829.jpg,train,0,7272,0.0,True,HAM_0005127,0
$KAGGLE_ROOT/train/benign/831.jpg,train,0,9679,0.0,True,HAM_0003384,0
$KAGGLE_ROOT/train/benign/832.jpg,train,0,6624,2.0,True,HAM_0000684,0
$KAGGLE_ROOT/train/benign/833.jpg,train,0,6566,4.0,True,HAM_0001461,0
$KAGGLE_ROOT/train/benign/834.jpg,train,0,8825,0.0,True,HAM_0000603,0
$KAGGLE_ROOT/train/benign/835.jpg,train,0,3610,2.0,True,HAM_0004601,0
$KAGGLE_ROOT/train/benign/836.jpg,train,0,6511,2.0,True,HAM_0007411,0
$KAGGLE_ROOT/train/benign/837.jpg,train,0,3053,2.0,True,HAM_0006498,0
$KAGGLE_ROOT/train/benign/838.jpg,train,0,9022,2.0,True,HAM_0005745,0
$KAGGLE_ROOT/train/benign/839.jpg,train,0,8423,2.0,True,HAM_0004839,0
$KAGGLE_ROOT/train/benign/841.jpg,train,0,6791,2.0,True,HAM_0002856,0
$KAGGLE_ROOT/train/benign/842.jpg,train,0,8340,2.0,True,HAM_0002216,0
$KAGGLE_ROOT/train/benign/843.jpg,train,0,3016,2.0,True,HAM_0004270,0
$KAGGLE_ROOT/train/benign/844.jpg,train,0,6571,6.0,True,HAM_0001742,0
$KAGGLE_ROOT/train/benign/845.jpg,train,0,5622,2.0,True,HAM_0006680,0
$KAGGLE_ROOT/train/benign/846.jpg,train,0,4151,6.0,True,HAM_0006109,0
$KAGGLE_ROOT/train/benign/847.jpg,train,0,6785,2.0,True,HAM_0000072,0
$KAGGLE_ROOT/train/benign/848.jpg,train,0,3351,4.0,True,HAM_0004702,0
$KAGGLE_ROOT/train/benign/849.jpg,train,0,9112,2.0,True,HAM_0004600,0
$KAGGLE_ROOT/train/benign/85.jpg,train,0,3015,2.0,True,HAM_0002202,0
$KAGGLE_ROOT/train/benign/850.jpg,train,0,3508,4.0,True,HAM_0006261,0
$KAGGLE_ROOT/train/benign/851.jpg,train,0,9139,2.0,True,HAM_0000961,0
$KAGGLE_ROOT/train/benign/852.jpg,train,0,5278,0.0,True,HAM_0002145,0
$KAGGLE_ROOT/train/benign/853.jpg,train,0,4967,0.0,True,HAM_0000811,0
$KAGGLE_ROOT/train/benign/855.jpg,train,0,8976,2.0,True,HAM_0005769,0
$KAGGLE_ROOT/train/benign/856.jpg,train,0,4100,2.0,True,HAM_0004682,0
$KAGGLE_ROOT/train/benign/857.jpg,train,0,6167,4.0,True,HAM_0006897,0
$KAGGLE_ROOT/train/benign/858.jpg,train,0,8782,0.0,True,HAM_0007264,0
$KAGGLE_ROOT/train/benign/859.jpg,train,0,9261,2.0,True,HAM_0005531,0
$KAGGLE_ROOT/train/benign/86.jpg,train,0,3203,0.0,True,HAM_0004437,0
$KAGGLE_ROOT/train/benign/860.jpg,train,0,8790,0.0,True,HAM_0002154,0
$KAGGLE_ROOT/train/benign/861.jpg,train,0,3043,4.0,True,HAM_0003548,0
$KAGGLE_ROOT/train/benign/862.jpg,train,0,3228,2.0,True,HAM_0004169,0
$KAGGLE_ROOT/train/benign/863.jpg,train,0,4782,4.0,True,HAM_0003709,0
$KAGGLE_ROOT/train/benign/864.jpg,train,0,8468,0.0,True,HAM_0006258,0
$KAGGLE_ROOT/train/benign/865.jpg,train,0,5055,0.0,True,HAM_0005567,0
$KAGGLE_ROOT/train/benign/866.jpg,train,0,8129,2.0,True,HAM_0003891,0
$KAGGLE_ROOT/train/benign/867.jpg,train,0,6950,2.0,True,HAM_0001975,0
$KAGGLE_ROOT/train/benign/868.jpg,train,0,4956,2.0,True,HAM_0004758,0
$KAGGLE_ROOT/train/benign/87.jpg,train,0,4017,4.0,True,HAM_0001857,0
$KAGGLE_ROOT/train/benign/870.jpg,train,0,8330,2.0,True,HAM_0005110,0
$KAGGLE_ROOT/train/benign/871.jpg,train,0,9187,0.0,True,HAM_0000000,0
$KAGGLE_ROOT/train/benign/872.jpg,train,0,7279,2.0,True,HAM_0006326,0
$KAGGLE_ROOT/train/benign/873.jpg,train,0,4532,2.0,True,HAM_0000142,0
$KAGGLE_ROOT/train/benign/875.jpg,train,0,9154,0.0,True,HAM_0006910,0
$KAGGLE_ROOT/train/benign/876.jpg,train,0,4987,0.0,True,HAM_0006838,0
$KAGGLE_ROOT/train/benign/877.jpg,train,0,8621,0.0,True,HAM_0003340,0
$KAGGLE_ROOT/train/benign/879.jpg,train,0,8398,2.0,True,HAM_0002835,0
$KAGGLE_ROOT/train/benign/881.jpg,train,0,4333,4.0,True,HAM_0002311,0
$KAGGLE_ROOT/train/benign/882.jpg,train,0,3201,2.0,True,HAM_0006463,0
$KAGGLE_ROOT/train/benign/883.jpg,train,0,4735,2.0,True,HAM_0005113,0
$KAGGLE_ROOT/train/benign/884.jpg,train,0,8395,0.0,True,HAM_0002919,0
$KAGGLE_ROOT/train/benign/885.jpg,train,0,4964,2.0,True,HAM_0002446,0
$KAGGLE_ROOT/train/benign/886.jpg,train,0,5798,0.0,True,HAM_0004906,0
$KAGGLE_ROOT/train/benign/889.jpg,train,0,6352,4.0,True,HAM_0004028,0
$KAGGLE_ROOT/train/benign/89.jpg,train,0,9241,4.0,True,HAM_0005273,0
$KAGGLE_ROOT/train/benign/890.jpg,train,0,6941,2.0,True,HAM_0006484,0
$KAGGLE_ROOT/train/benign/891.jpg,train,0,6953,2.0,True,HAM_0000324,0
$KAGGLE_ROOT/train/benign/896.jpg,train,0,6338,2.0,True,HAM_0001404,0
$KAGGLE_ROOT/train/benign/897.jpg,train,0,7007,4.0,True,HAM_0003653,0
$KAGGLE_ROOT/train/benign/898.jpg,train,0,4178,2.0,True,HAM_0005493,0
$KAGGLE_ROOT/train/benign/899.jpg,train,0,6126,2.0,True,HAM_0003903,0
$KAGGLE_ROOT/train/benign/900.jpg,train,0,8119,0.0,True,HAM_0007276,0
$KAGGLE_ROOT/train/benign/901.jpg,train,0,9077,2.0,True,HAM_0006273,0
$KAGGLE_ROOT/train/benign/902.jpg,train,0,3486,2.0,True,HAM_0006013,0
$KAGGLE_ROOT/train/benign/904.jpg,train,0,6461,4.0,True,HAM_0004686,0
$KAGGLE_ROOT/train/benign/905.jpg,train,0,5959,2.0,True,HAM_0003528,0
$KAGGLE_ROOT/train/benign/907.jpg,train,0,8806,2.0,True,HAM_0003874,0
$KAGGLE_ROOT/train/benign/908.jpg,train,0,8787,2.0,True,HAM_0006881,0
$KAGGLE_ROOT/train/benign/91.jpg,train,0,6018,2.0,True,HAM_0001044,0
$KAGGLE_ROOT/train/benign/910.jpg,train,0,9672,0.0,True,HAM_0002554,0
$KAGGLE_ROOT/train/benign/911.jpg,train,0,9257,2.0,True,HAM_0000690,0
$KAGGLE_ROOT/train/benign/913.jpg,train,0,8680,2.0,True,HAM_0002480,0
$KAGGLE_ROOT/train/benign/914.jpg,train,0,6293,2.0,True,HAM_0000295,0
$KAGGLE_ROOT/train/benign/915.jpg,train,0,7931,0.0,True,HAM_0000468,0
$KAGGLE_ROOT/train/benign/917.jpg,train,0,3275,2.0,True,HAM_0006228,0
$KAGGLE_ROOT/train/benign/918.jpg,train,0,4492,2.0,True,HAM_0003237,0
$KAGGLE_ROOT/train/benign/92.jpg,train,0,8441,0.0,True,HAM_0006077,0
$KAGGLE_ROOT/train/benign/920.jpg,train,0,3449,2.0,True,HAM_0000652,0
$KAGGLE_ROOT/train/benign/921.jpg,train,0,8475,4.0,True,HAM_0006633,0
$KAGGLE_ROOT/train/benign/922.jpg,train,0,8673,2.0,True,HAM_0001319,0
$KAGGLE_ROOT/train/benign/923.jpg,train,0,8761,0.0,True,HAM_0007268,0
$KAGGLE_ROOT/train/benign/924.jpg,train,0,5604,2.0,True,HAM_0001116,0
$KAGGLE_ROOT/train/benign/926.jpg,train,0,4309,6.0,True,HAM_0007559,0
$KAGGLE_ROOT/train/benign/927.jpg,train,0,5695,6.0,True,HAM_0006449,0
$KAGGLE_ROOT/train/benign/928.jpg,train,0,6374,4.0,True,HAM_0000076,0
$KAGGLE_ROOT/train/benign/929.jpg,train,0,5289,2.0,True,HAM_0004044,0
$KAGGLE_ROOT/train/benign/93.jpg,train,0,3090,2.0,True,HAM_0003189,0
$KAGGLE_ROOT/train/benign/930.jpg,train,0,9140,2.0,True,HAM_0003434,0
$KAGGLE_ROOT/train/benign/931.jpg,train,0,3872,2.0,True,HAM_0007608,0
$KAGGLE_ROOT/train/benign/932.jpg,train,0,8257,2.0,True,HAM_0000291,0
$KAGGLE_ROOT/train/benign/933.jpg,train,0,4246,0.0,True,HAM_0002403,0
$KAGGLE_ROOT/train/benign/934.jpg,train,0,3505,2.0,True,HAM_0004080,0
$KAGGLE_ROOT/train/benign/935.jpg,train,0,6372,2.0,True,HAM_0006966,0
$KAGGLE_ROOT/train/benign/937.jpg,train,0,5785,4.0,True,HAM_0006487,0
$KAGGLE_ROOT/train/benign/938.jpg,train,0,9663,0.0,True,HAM_0001633,0
$KAGGLE_ROOT/train/benign/939.jpg,train,0,5803,2.0,True,HAM_0000939,0
$KAGGLE_ROOT/train/benign/94.jpg,train,0,4327,2.0,True,HAM_0005951,0
$KAGGLE_ROOT/train/benign/940.jpg,train,0,8363,0.0,True,HAM_0000391,0
$KAGGLE_ROOT/train/benign/941.jpg,train,0,5259,0.0,True,HAM_0003750,0
$KAGGLE_ROOT/train/benign/942.jpg,train,0,8141,0.0,True,HAM_0006790,0
$KAGGLE_ROOT/train/benign/945.jpg,train,0,6172,0.0,True,HAM_0001003,0
$KAGGLE_ROOT/train/benign/947.jpg,train,0,8661,2.0,True,HAM_0000338,0
$KAGGLE_ROOT/train/benign/948.jpg,train,0,9384,2.0,True,HAM_0005960,0
$KAGGLE_ROOT/train/benign/949.jpg,train,0,6770,2.0,True,HAM_0001563,0
$KAGGLE_ROOT/train/benign/950.jpg,train,0,4986,0.0,True,HAM_0000481,0
$KAGGLE_ROOT/train/benign/951.jpg,train,0,9307,2.0,True,HAM_0002416,0
$KAGGLE_ROOT/train/benign/952.jpg,train,0,6918,0.0,True,HAM_0002097,0
$KAGGLE_ROOT/train/benign/953.jpg,train,0,8613,2.0,True,HAM_0007046,0
$KAGGLE_ROOT/train/benign/954.jpg,train,0,5451,0.0,True,HAM_0001320,0
$KAGGLE_ROOT/train/benign/955.jpg,train,0,3251,0.0,True,HAM_0006340,0
$KAGGLE_ROOT/train/benign/956.jpg,train,0,5839,2.0,True,HAM_0004805,0
$KAGGLE_ROOT/train/benign/957.jpg,train,0,8999,2.0,True,HAM_0005537,0
$KAGGLE_ROOT/train/benign/959.jpg,train,0,3976,0.0,True,HAM_0005849,0
$KAGGLE_ROOT/train/benign/96.jpg,train,0,5189,2.0,True,HAM_0001985,0
$KAGGLE_ROOT/train/benign/960.jpg,train,0,8777,0.0,True,HAM_0005670,0
$KAGGLE_ROOT/train/benign/961.jpg,train,0,9142,2.0,True,HAM_0003754,0
$KAGGLE_ROOT/train/benign/963.jpg,train,0,5411,4.0,True,HAM_0006597,0
$KAGGLE_ROOT/train/benign/965.jpg,train,0,3606,2.0,True,HAM_0003674,0
$KAGGLE_ROOT/train/benign/966.jpg,train,0,4780,4.0,True,HAM_0006776,0
$KAGGLE_ROOT/train/benign/967.jpg,train,0,5768,2.0,True,HAM_0000635,0
$KAGGLE_ROOT/train/benign/968.jpg,train,0,6144,2.0,True,HAM_0002695,0
$KAGGLE_ROOT/train/benign/969.jpg,train,0,9320,4.0,True,HAM_0005193,0
$KAGGLE_ROOT/train/benign/970.jpg,train,0,4475,2.0,True,HAM_0003806,0
$KAGGLE_ROOT/train/benign/971.jpg,train,0,3299,0.0,True,HAM_0003197,0
$KAGGLE_ROOT/train/benign/973.jpg,train,0,5220,6.0,True,HAM_0003888,0
$KAGGLE_ROOT/train/benign/974.jpg,train,0,9123,2.0,True,HAM_0004553,0
$KAGGLE_ROOT/train/benign/975.jpg,train,0,4385,4.0,True,HAM_0000962,0
$KAGGLE_ROOT/train/benign/976.jpg,train,0,8602,4.0,True,HAM_0001799,0
$KAGGLE_ROOT/train/benign/977.jpg,train,0,5851,2.0,True,HAM_0006198,0
$KAGGLE_ROOT/train/benign/978.jpg,train,0,8349,2.0,True,HAM_0000222,0
$KAGGLE_ROOT/train/benign/979.jpg,train,0,8529,0.0,True,HAM_0005239,0
$KAGGLE_ROOT/train/benign/980.jpg,train,0,3219,4.0,True,HAM_0002651,0
$KAGGLE_ROOT/train/benign/981.jpg,train,0,4239,4.0,True,HAM_0006839,0
$KAGGLE_ROOT/train/benign/983.jpg,train,0,9190,2.0,True,HAM_0005329,0
$KAGGLE_ROOT/train/benign/984.jpg,train,0,8705,0.0,True,HAM_0002537,0
$KAGGLE_ROOT/train/benign/985.jpg,train,0,3232,2.0,True,HAM_0002773,0
$KAGGLE_ROOT/train/benign/986.jpg,train,0,4936,2.0,True,HAM_0001161,0
$KAGGLE_ROOT/train/benign/987.jpg,train,0,8183,2.0,True,HAM_0005840,0
$KAGGLE_ROOT/train/benign/988.jpg,train,0,3384,0.0,True,HAM_0004841,0
$KAGGLE_ROOT/train/benign/989.jpg,train,0,4247,4.0,True,HAM_0006010,0
$KAGGLE_ROOT/train/benign/99.jpg,train,0,5957,2.0,True,HAM_0006943,0
$KAGGLE_ROOT/train/benign/990.jpg,train,0,5360,2.0,True,HAM_0001585,0
$KAGGLE_ROOT/train/benign/991.jpg,train,0,9109,2.0,True,HAM_0003033,0
$KAGGLE_ROOT/train/benign/992.jpg,train,0,3496,2.0,True,HAM_0002260,0
$KAGGLE_ROOT/train/benign/994.jpg,train,0,5387,2.0,True,HAM_0007345,0
$KAGGLE_ROOT/train/benign/995.jpg,train,0,6335,0.0,True,HAM_0006427,0
$KAGGLE_ROOT/train/benign/996.jpg,train,0,3531,2.0,True,HAM_0002353,0
$KAGGLE_ROOT/train/benign/997.jpg,train,0,8386,2.0,True,HAM_0002986,0
$KAGGLE_ROOT/train/benign/999.jpg,train,0,3881,2.0,True,HAM_0001355,0
$KAGGLE_ROOT/train/malignant/10.jpg,train,1,6512,80.0,False,HAM_0002273,0
$KAGGLE_ROOT/train/malignant/100.jpg,train,1,1179,80.0,False,HAM_0003081,0
$KAGGLE_ROOT/train/malignant/1000.jpg,train,1,2237,0.0,True,HAM_0004878,1
$KAGGLE_ROOT/train/malignant/1001.jpg,train,1,2098,0.0,True,HAM_0002525,1
$KAGGLE_ROOT/train/malignant/1002.jpg,train,1,2303,2.0,True,HAM_0003504,1
$KAGGLE_ROOT/train/malignant/1004.jpg,train,1,2173,0.0,True,HAM_0002194,1
$KAGGLE_ROOT/train/malignant/1006.jpg,train,1,2207,0.0,True,HAM_0003587,1
$KAGGLE_ROOT/train/malignant/1008.jpg,train,1,1280,2.0,True,HAM_0007560,1
$KAGGLE_ROOT/train/malignant/101.jpg,train,1,8062,80.0,False,HAM_0001031,0
$KAGGLE_ROOT/train/malignant/1010.jpg,train,1,1289,4.0,True,HAM_0007171,1
$KAGGLE_ROOT/train/malignant/1011.jpg,train,1,2087,0.0,True,HAM_0000320,1
$KAGGLE_ROOT/train/malignant/1013.jpg,train,1,1388,4.0,True,HAM_0007617,1
$KAGGLE_ROOT/train/malignant/1014.jpg,train,1,2002,2.0,True,HAM_0003194,1
$KAGGLE_ROOT/train/malignant/1015.jpg,train,1,1447,2.0,True,HAM_0001741,1
$KAGGLE_ROOT/train/malignant/1016.jpg,train,1,1597,0.0,True,HAM_0000358,1
$KAGGLE_ROOT/train/malignant/1017.jpg,train,1,2010,4.0,True,HAM_0003558,1
$KAGGLE_ROOT/train/malignant/1018.jpg,train,1,1217,0.0,True,HAM_0005186,1
$KAGGLE_ROOT/train/malignant/102.jpg,train,1,8018,60.0,False,HAM_0006610,0
$KAGGLE_ROOT/train/malignant/1020.jpg,train,1,2144,0.0,True,HAM_0006940,1
$KAGGLE_ROOT/train/malignant/1021.jpg,train,1,2069,2.0,True,HAM_0004254,1
$KAGGLE_ROOT/train/malignant/1023.jpg,train,1,1262,2.0,True,HAM_0007390,1
$KAGGLE_ROOT/train/malignant/1024.jpg,train,1,1325,2.0,True,HAM_0002471,1
$KAGGLE_ROOT/train/malignant/1025.jpg,train,1,1272,0.0,True,HAM_0004813,1
$KAGGLE_ROOT/train/malignant/1028.jpg,train,1,1930,4.0,True,HAM_0005926,1
$KAGGLE_ROOT/train/malignant/1029.jpg,train,1,2120,0.0,True,HAM_0001596,1
$KAGGLE_ROOT/train/malignant/103.jpg,train,1,2978,92.0,False,HAM_0006510,0
$KAGGLE_ROOT/train/malignant/1030.jpg,train,1,1230,0.0,True,HAM_0000492,1
$KAGGLE_ROOT/train/malignant/1031.jpg,train,1,2190,4.0,True,HAM_0002800,1
$KAGGLE_ROOT/train/malignant/1032.jpg,train,1,1558,4.0,True,HAM_0005352,1
$KAGGLE_ROOT/train/malignant/1033.jpg,train,1,2164,0.0,True,HAM_0001835,1
$KAGGLE_ROOT/train/malignant/1034.jpg,train,1,1312,0.0,True,HAM_0003782,1
$KAGGLE_ROOT/train/malignant/1035.jpg,train,1,2114,4.0,True,HAM_0005747,1
$KAGGLE_ROOT/train/malignant/1036.jpg,train,1,1235,0.0,True,HAM_0003182,1
$KAGGLE_ROOT/train/malignant/1039.jpg,train,1,1974,6.0,True,HAM_0005064,1
$KAGGLE_ROOT/train/malignant/104.jpg,train,1,6394,98.0,False,HAM_0002967,0
$KAGGLE_ROOT/train/malignant/1040.jpg,train,1,1866,2.0,True,HAM_0007592,1
$KAGGLE_ROOT/train/malignant/1041.jpg,train,1,2057,0.0,True,HAM_0000282,1
$KAGGLE_ROOT/train/malignant/1042.jpg,train,1,2176,0.0,True,HAM_0006964,1
$KAGGLE_ROOT/train/malignant/1043.jpg,train,1,2043,2.0,True,HAM_0002696,1
$KAGGLE_ROOT/train/malignant/1044.jpg,train,1,1263,2.0,True,HAM_0007390,1
$KAGGLE_ROOT/train/malignant/1045.jpg,train,1,2199,2.0,True,HAM_0006061,1
$KAGGLE_ROOT/train/malignant/1047.jpg,train,1,1213,0.0,True,HAM_0000040,1
$KAGGLE_ROOT/train/malignant/1048.jpg,train,1,1918,2.0,True,HAM_0001532,1
$KAGGLE_ROOT/train/malignant/105.jpg,train,1,2224,92.0,False,HAM_0005692,1
$KAGGLE_ROOT/train/malignant/1050.jpg,train,1,1367,2.0,True,HAM_0006152,1
$KAGGLE_ROOT/train/malignant/1051.jpg,train,1,1315,2.0,True,HAM_0005697,1
$KAGGLE_ROOT/train/malignant/1052.jpg,train,1,1444,0.0,True,HAM_0002391,1
$KAGGLE_ROOT/train/malignant/1053.jpg,train,1,1359,2.0,True,HAM_0005084,1
$KAGGLE_ROOT/train/malignant/1054.jpg,train,1,1392,0.0,True,HAM_0003449,1
$KAGGLE_ROOT/train/malignant/1055.jpg,train,1,1257,0.0,True,HAM_0004720,1
$KAGGLE_ROOT/train/malignant/1057.jpg,train,1,1449,0.0,True,HAM_0003350,1
$KAGGLE_ROOT/train/malignant/1059.jpg,train,1,1751,0.0,True,HAM_0006097,1
$KAGGLE_ROOT/train/malignant/106.jpg,train,1,352,92.0,False,HAM_0000884,0
$KAGGLE_ROOT/train/malignant/1060.jpg,train,1,1458,0.0,True,HAM_0004397,1
$KAGGLE_ROOT/train/malignant/1061.jpg,train,1,2058,2.0,True,HAM_0004651,1
$KAGGLE_ROOT/train/malignant/1062.jpg,train,1,2202,0.0,True,HAM_0002970,1
$KAGGLE_ROOT/train/malignant/1063.jpg,train,1,1381,4.0,True,HAM_0003683,1
$KAGGLE_ROOT/train/malignant/1064.jpg,train,1,2300,0.0,True,HAM_0000536,1
$KAGGLE_ROOT/train/malignant/1066.jpg,train,1,1766,2.0,True,HAM_0006556,1
$KAGGLE_ROOT/train/malignant/1067.jpg,train,1,2007,0.0,True,HAM_0000373,1
$KAGGLE_ROOT/train/malignant/1068.jpg,train,1,2117,0.0,True,HAM_0001551,1
$KAGGLE_ROOT/train/malignant/1069.jpg,train,1,2127,2.0,True,HAM_0002493,1
$KAGGLE_ROOT/train/malignant/107.jpg,train,1,6369,88.0,False,HAM_0005098,0
$KAGGLE_ROOT/train/malignant/1070.jpg,train,1,2080,0.0,True,HAM_0002375,1
$KAGGLE_ROOT/train/malignant/1071.jpg,train,1,2223,2.0,True,HAM_0005504,1
$KAGGLE_ROOT/train/malignant/1072.jpg,train,1,1355,2.0,True,HAM_0004483,1
$KAGGLE_ROOT/train/malignant/1073.jpg,train,1,2115,0.0,True,HAM_0005747,1
$KAGGLE_ROOT/train/malignant/1075.jpg,train,1,2148,2.0,True,HAM_0002906,1
$KAGGLE_ROOT/train/malignant/1076.jpg,train,1,2001,2.0,True,HAM_0007091,1
$KAGGLE_ROOT/train/malignant/1077.jpg,train,1,2216,2.0,True,HAM_0003885,1
$KAGGLE_ROOT/train/malignant/1078.jpg,train,1,1992,2.0,True,HAM_0004565,1
$KAGGLE_ROOT/train/malignant/1079.jpg,train,1,2146,4.0,True,HAM_0006942,1
$KAGGLE_ROOT/train/malignant/108.jpg,train,1,5043,82.0,False,HAM_0006918,0
$KAGGLE_ROOT/train/malignant/1081.jpg,train,1,1445,0.0,True,HAM_0002391,1
$KAGGLE_ROOT/train/malignant/1082.jpg,train,1,1358,2.0,True,HAM_0007620,1
$KAGGLE_ROOT/train/malignant/1084.jpg,train,1,1963,0.0,True,HAM_0006467,1
$KAGGLE_ROOT/train/malignant/1085.jpg,train,1,1365,2.0,True,HAM_0005742,1
$KAGGLE_ROOT/train/malignant/1086.jpg,train,1,1405,0.0,True,HAM_0005642,1
$KAGGLE_ROOT/train/malignant/1087.jpg,train,1,2139,2.0,True,HAM_0006355,1
$KAGGLE_ROOT/train/malignant/1088.jpg,train,1,1969,2.0,True,HAM_0002711,1
$KAGGLE_ROOT/train/malignant/109.jpg,train,1,226,90.0,False,HAM_0000790,0
$KAGGLE_ROOT/train/malignant/1090.jpg,train,1,1371,4.0,True,HAM_0004980,1
$KAGGLE_ROOT/train/malignant/1092.jpg,train,1,1408,2.0,True,HAM_0004364,1
$KAGGLE_ROOT/train/malignant/1093.jpg,train,1,2113,2.0,True,HAM_0005203,1
$KAGGLE_ROOT/train/malignant/1095.jpg,train,1,1467,2.0,True,HAM_0003622,1
$KAGGLE_ROOT/train/malignant/1096.jpg,train,1,2009,2.0,True,HAM_0006870,1
$KAGGLE_ROOT/train/malignant/1097.jpg,train,1,2318,0.0,True,HAM_0000910,1
$KAGGLE_ROOT/train/malignant/1098.jpg,train,1,1390,2.0,True,HAM_0000059,1
$KAGGLE_ROOT/train/malignant/1099.jpg,train,1,2316,2.0,True,HAM_0003509,1
$KAGGLE_ROOT/train/malignant/11.jpg,train,1,2135,92.0,False,HAM_0007242,1
$KAGGLE_ROOT/train/malignant/1100.jpg,train,1,1943,2.0,True,HAM_0007016,1
$KAGGLE_ROOT/train/malignant/1101.jpg,train,1,2088,0.0,True,HAM_0000320,1
$KAGGLE_ROOT/train/malignant/1102.jpg,train,1,1232,6.0,True,HAM_0004784,1
$KAGGLE_ROOT/train/malignant/1103.jpg,train,1,2047,4.0,True,HAM_0000563,1
$KAGGLE_ROOT/train/malignant/1104.jpg,train,1,2239,0.0,True,HAM_0007522,1
$KAGGLE_ROOT/train/malignant/1105.jpg,train,1,2157,0.0,True,HAM_0001791,1
$KAGGLE_ROOT/train/malignant/1106.jpg,train,1,2104,2.0,True,HAM_0000125,1
$KAGGLE_ROOT/train/malignant/1107.jpg,train,1,2013,2.0,True,HAM_0003484,1
$KAGGLE_ROOT/train/malignant/1108.jpg,train,1,2063,2.0,True,HAM_0000910,1
$KAGGLE_ROOT/train/malignant/1109.jpg,train,1,1349,0.0,True,HAM_0001202,1
$KAGGLE_ROOT/train/malignant/111.jpg,train,1,1159,94.0,False,HAM_0002450,0
$KAGGLE_ROOT/train/malignant/1110.jpg,train,1,2238,0.0,True,HAM_0007522,1
$KAGGLE_ROOT/train/malignant/1111.jpg,train,1,1426,0.0,True,HAM_0007243,1
$KAGGLE_ROOT/train/malignant/1114.jpg,train,1,2054,2.0,True,HAM_0006636,1
$KAGGLE_ROOT/train/malignant/1115.jpg,train,1,1298,2.0,True,HAM_0004979,1
$KAGGLE_ROOT/train/malignant/1116.jpg,train,1,2140,0.0,True,HAM_0000136,1
$KAGGLE_ROOT/train/malignant/1117.jpg,train,1,1245,0.0,True,HAM_0001811,1
$KAGGLE_ROOT/train/malignant/1118.jpg,train,1,2302,0.0,True,HAM_0003504,1
$KAGGLE_ROOT/train/malignant/112.jpg,train,1,4920,100.0,False,HAM_0004062,0
$KAGGLE_ROOT/train/malignant/1121.jpg,train,1,1413,0.0,True,HAM_0002981,1
$KAGGLE_ROOT/train/malignant/1122.jpg,train,1,2182,0.0,True,HAM_0002338,1
$KAGGLE_ROOT/train/malignant/1123.jpg,train,1,1276,2.0,True,HAM_0000814,1
$KAGGLE_ROOT/train/malignant/1124.jpg,train,1,1987,0.0,True,HAM_0002430,1
$KAGGLE_ROOT/train/malignant/1125.jpg,train,1,1968,0.0,True,HAM_0004850,1
$KAGGLE_ROOT/train/malignant/1126.jpg,train,1,1374,0.0,True,HAM_0005911,1
$KAGGLE_ROOT/train/malignant/1127.jpg,train,1,1929,0.0,True,HAM_0003176,1
$KAGGLE_ROOT/train/malignant/1129.jpg,train,1,1946,2.0,True,HAM_0005927,1
$KAGGLE_ROOT/train/malignant/113.jpg,train,1,7644,94.0,False,HAM_0006623,0
$KAGGLE_ROOT/train/malignant/1130.jpg,train,1,1973,0.0,True,HAM_0005064,1
$KAGGLE_ROOT/train/malignant/1131.jpg,train,1,1448,2.0,True,HAM_0001741,1
$KAGGLE_ROOT/train/malignant/1132.jpg,train,1,1241,2.0,True,HAM_0005557,1
$KAGGLE_ROOT/train/malignant/1133.jpg,train,1,2203,0.0,True,HAM_0003256,1
$KAGGLE_ROOT/train/malignant/1134.jpg,train,1,1385,0.0,True,HAM_0000233,1
$KAGGLE_ROOT/train/malignant/1136.jpg,train,1,1885,2.0,True,HAM_0001349,1
$KAGGLE_ROOT/train/malignant/1137.jpg,train,1,2175,0.0,True,HAM_0006877,1
$KAGGLE_ROOT/train/malignant/1138.jpg,train,1,2037,0.0,True,HAM_0003608,1
$KAGGLE_ROOT/train/malignant/1139.jpg,train,1,2289,2.0,True,HAM_0004767,1
$KAGGLE_ROOT/train/malignant/114.jpg,train,1,3093,94.0,False,HAM_0006992,0
$KAGGLE_ROOT/train/malignant/1140.jpg,train,1,2066,2.0,True,HAM_0004709,1
$KAGGLE_ROOT/train/malignant/1142.jpg,train,1,2086,0.0,True,HAM_0007238,1
$KAGGLE_ROOT/train/malignant/1143.jpg,train,1,1438,4.0,True,HAM_0005752,1
$KAGGLE_ROOT/train/malignant/1144.jpg,train,1,1428,2.0,True,HAM_0001729,1
$KAGGLE_ROOT/train/malignant/1145.jpg,train,1,1324,2.0,True,HAM_0002471,1
$KAGGLE_ROOT/train/malignant/1146.jpg,train,1,2250,0.0,True,HAM_0006423,1
$KAGGLE_ROOT/train/malignant/1147.jpg,train,1,1237,0.0,True,HAM_0001747,1
$KAGGLE_ROOT/train/malignant/1148.jpg,train,1,1756,2.0,True,HAM_0007558,1
$KAGGLE_ROOT/train/malignant/1149.jpg,train,1,1219,0.0,True,HAM_0007310,1
$KAGGLE_ROOT/train/malignant/115.jpg,train,1,383,86.0,False,HAM_0000847,0
$KAGGLE_ROOT/train/malignant/1152.jpg,train,1,1338,0.0,True,HAM_0001328,1
$KAGGLE_ROOT/train/malignant/1153.jpg,train,1,1229,0.0,True,HAM_0000492,1
$KAGGLE_ROOT/train/malignant/1154.jpg,train,1,1664,0.0,True,HAM_0002099,1
$KAGGLE_ROOT/train/malignant/1157.jpg,train,1,1394,2.0,True,HAM_0004676,1
$KAGGLE_ROOT/train/malignant/1158.jpg,train,1,2021,2.0,True,HAM_0000396,1
$KAGGLE_ROOT/train/malignant/1159.jpg,train,1,1436,2.0,True,HAM_0005785,1
$KAGGLE_ROOT/train/malignant/116.jpg,train,1,8674,90.0,False,HAM_0003117,0
$KAGGLE_ROOT/train/malignant/1161.jpg,train,1,1360,0.0,True,HAM_0005084,1
$KAGGLE_ROOT/train/malignant/1162.jpg,train,1,2254,0.0,True,HAM_0001607,1
$KAGGLE_ROOT/train/malignant/1163.jpg,train,1,1450,2.0,True,HAM_0003350,1
$KAGGLE_ROOT/train/malignant/1165.jpg,train,1,1872,2.0,True,HAM_0001793,1
$KAGGLE_ROOT/train/malignant/1167.jpg,train,1,2045,2.0,True,HAM_0004669,1
$KAGGLE_ROOT/train/malignant/1168.jpg,train,1,2027,2.0,True,HAM_0000133,1
$KAGGLE_ROOT/train/malignant/1169.jpg,train,1,1411,2.0,True,HAM_0005624,1
$KAGGLE_ROOT/train/malignant/117.jpg,train,1,1823,92.0,False,HAM_0003225,1
$KAGGLE_ROOT/train/malignant/1171.jpg,train,1,1246,2.0,True,HAM_0001811,1
$KAGGLE_ROOT/train/malignant/1172.jpg,train,1,1821,2.0,True,HAM_0004302,1
$KAGGLE_ROOT/train/malignant/1174.jpg,train,1,1258,2.0,True,HAM_0004720,1
$KAGGLE_ROOT/train/malignant/1175.jpg,train,1,1763,0.0,True,HAM_0007102,1
$KAGGLE_ROOT/train/malignant/1177.jpg,train,1,2138,2.0,True,HAM_0006423,1
$KAGGLE_ROOT/train/malignant/1178.jpg,train,1,1419,4.0,True,HAM_0003330,1
$KAGGLE_ROOT/train/malignant/1179.jpg,train,1,2171,0.0,True,HAM_0002197,1
$KAGGLE_ROOT/train/malignant/118.jpg,train,1,1933,94.0,False,HAM_0007305,1
$KAGGLE_ROOT/train/malignant/1180.jpg,train,1,2050,0.0,True,HAM_0006380,1
$KAGGLE_ROOT/train/malignant/1181.jpg,train,1,1491,0.0,True,HAM_0000878,1
$KAGGLE_ROOT/train/malignant/1182.jpg,train,1,2003,0.0,True,HAM_0006088,1
$KAGGLE_ROOT/train/malignant/1183.jpg,train,1,2298,0.0,True,HAM_0004746,1
$KAGGLE_ROOT/train/malignant/1184.jpg,train,1,2233,0.0,True,HAM_0004354,1
$KAGGLE_ROOT/train/malignant/1188.jpg,train,1,1398,2.0,True,HAM_0000062,1
$KAGGLE_ROOT/train/malignant/119.jpg,train,1,3312,96.0,False,HAM_0002495,0
$KAGGLE_ROOT/train/malignant/1190.jpg,train,1,2119,0.0,True,HAM_0001069,1
$KAGGLE_ROOT/train/malignant/1191.jpg,train,1,2032,0.0,True,HAM_0000863,1
$KAGGLE_ROOT/train/malignant/1192.jpg,train,1,1402,0.0,True,HAM_0006635,1
$KAGGLE_ROOT/train/malignant/1193.jpg,train,1,1305,0.0,True,HAM_0006739,1
$KAGGLE_ROOT/train/malignant/1195.jpg,train,1,1425,0.0,True,HAM_0006208,1
$KAGGLE_ROOT/train/malignant/1196.jpg,train,1,2132,0.0,True,HAM_0000588,1
$KAGGLE_ROOT/train/malignant/1199.jpg,train,1,2306,0.0,True,HAM_0001910,1
$KAGGLE_ROOT/train/malignant/12.jpg,train,1,257,96.0,False,HAM_0007402,0
$KAGGLE_ROOT/train/malignant/120.jpg,train,1,2356,92.0,False,HAM_0005878,0
$KAGGLE_ROOT/train/malignant/1200.jpg,train,1,1440,2.0,True,HAM_0005328,1
$KAGGLE_ROOT/train/malignant/1201.jpg,train,1,2137,2.0,True,HAM_0001598,1
$KAGGLE_ROOT/train/malignant/1202.jpg,train,1,1380,0.0,True,HAM_0006092,1
$KAGGLE_ROOT/train/malignant/1203.jpg,train,1,1391,2.0,True,HAM_0003449,1
$KAGGLE_ROOT/train/malignant/1204.jpg,train,1,1772,2.0,True,HAM_0001272,1
$KAGGLE_ROOT/train/malignant/1205.jpg,train,1,2229,0.0,True,HAM_0005783,1
$KAGGLE_ROOT/train/malignant/1206.jpg,train,1,2309,2.0,True,HAM_0002911,1
$KAGGLE_ROOT/train/malignant/1207.jpg,train,1,1247,2.0,True,HAM_0001726,1
$KAGGLE_ROOT/train/malignant/1208.jpg,train,1,2000,0.0,True,HAM_0006978,1
$KAGGLE_ROOT/train/malignant/1209.jpg,train,1,2095,2.0,True,HAM_0002609,1
$KAGGLE_ROOT/train/malignant/121.jpg,train,1,9439,96.0,False,HAM_0007596,0
$KAGGLE_ROOT/train/malignant/1210.jpg,train,1,2092,0.0,True,HAM_0005315,1
$KAGGLE_ROOT/train/malignant/1212.jpg,train,1,2155,0.0,True,HAM_0001744,1
$KAGGLE_ROOT/train/malignant/1213.jpg,train,1,1542,2.0,True,HAM_0005400,1
$KAGGLE_ROOT/train/malignant/1214.jpg,train,1,1351,2.0,True,HAM_0006433,1
$KAGGLE_ROOT/train/malignant/1217.jpg,train,1,1462,4.0,True,HAM_0005719,1
$KAGGLE_ROOT/train/malignant/1219.jpg,train,1,1364,2.0,True,HAM_0001796,1
$KAGGLE_ROOT/train/malignant/122.jpg,train,1,7225,84.0,False,HAM_0002750,0
$KAGGLE_ROOT/train/malignant/1222.jpg,train,1,1931,0.0,True,HAM_0003617,1
$KAGGLE_ROOT/train/malignant/1223.jpg,train,1,1231,2.0,True,HAM_0004784,1
$KAGGLE_ROOT/train/malignant/1224.jpg,train,1,1423,2.0,True,HAM_0000645,1
$KAGGLE_ROOT/train/malignant/1225.jpg,train,1,1285,0.0,True,HAM_0002534,1
$KAGGLE_ROOT/train/malignant/1226.jpg,train,1,1322,2.0,True,HAM_0007165,1
$KAGGLE_ROOT/train/malignant/123.jpg,train,1,7787,82.0,False,HAM_0006014,0
$KAGGLE_ROOT/train/malignant/1230.jpg,train,1,1368,2.0,True,HAM_0006152,1
$KAGGLE_ROOT/train/malignant/1231.jpg,train,1,2198,0.0,True,HAM_0005986,1
$KAGGLE_ROOT/train/malignant/1232.jpg,train,1,1236,0.0,True,HAM_0001747,1
$KAGGLE_ROOT/train/malignant/1233.jpg,train,1,2030,0.0,True,HAM_0005121,1
$KAGGLE_ROOT/train/malignant/1235.jpg,train,1,1318,0.0,True,HAM_0006692,1
$KAGGLE_ROOT/train/malignant/1236.jpg,train,1,1586,4.0,True,HAM_0005535,1
$KAGGLE_ROOT/train/malignant/1237.jpg,train,1,2177,0.0,True,HAM_0006964,1
$KAGGLE_ROOT/train/malignant/1239.jpg,train,1,2293,2.0,True,HAM_0006832,1
$KAGGLE_ROOT/train/malignant/124.jpg,train,1,4602,94.0,False,HAM_0001874,0
$KAGGLE_ROOT/train/malignant/1240.jpg,train,1,1415,0.0,True,HAM_0001703,1
$KAGGLE_ROOT/train/malignant/1241.jpg,train,1,2041,0.0,True,HAM_0005425,1
$KAGGLE_ROOT/train/malignant/1243.jpg,train,1,1422,0.0,True,HAM_0004102,1
$KAGGLE_ROOT/train/malignant/1244.jpg,train,1,1823,0.0,True,HAM_0003225,1
$KAGGLE_ROOT/train/malignant/1245.jpg,train,1,2077,0.0,True,HAM_0003782,1
$KAGGLE_ROOT/train/malignant/1246.jpg,train,1,2121,0.0,True,HAM_0001596,1
$KAGGLE_ROOT/train/malignant/1247.jpg,train,1,1979,2.0,True,HAM_0007586,1
$KAGGLE_ROOT/train/malignant/1248.jpg,train,1,2099,4.0,True,HAM_0002113,1
$KAGGLE_ROOT/train/malignant/1249.jpg,train,1,2049,2.0,True,HAM_0006257,1
$KAGGLE_ROOT/train/malignant/125.jpg,train,1,4683,86.0,False,HAM_0003994,0
$KAGGLE_ROOT/train/malignant/1250.jpg,train,1,2012,0.0,True,HAM_0000492,1
$KAGGLE_ROOT/train/malignant/1252.jpg,train,1,2169,2.0,True,HAM_0000856,1
$KAGGLE_ROOT/train/malignant/1253.jpg,train,1,2178,0.0,True,HAM_0006699,1
$KAGGLE_ROOT/train/malignant/1255.jpg,train,1,1288,4.0,True,HAM_0007171,1
$KAGGLE_ROOT/train/malignant/1257.jpg,train,1,1933,2.0,True,HAM_0007305,1
$KAGGLE_ROOT/train/malignant/1258.jpg,train,1,2042,0.0,True,HAM_0000766,1
$KAGGLE_ROOT/train/malignant/1259.jpg,train,1,2150,2.0,True,HAM_0004507,1
$KAGGLE_ROOT/train/malignant/126.jpg,train,1,325,96.0,False,HAM_0002078,0
$KAGGLE_ROOT/train/malignant/1260.jpg,train,1,2159,0.0,True,HAM_0001835,1
$KAGGLE_ROOT/train/malignant/1261.jpg,train,1,2228,2.0,True,HAM_0005746,1
$KAGGLE_ROOT/train/malignant/1263.jpg,train,1,1762,2.0,True,HAM_0007102,1
$KAGGLE_ROOT/train/malignant/1264.jpg,train,1,2205,2.0,True,HAM_0005724,1
$KAGGLE_ROOT/train/malignant/1265.jpg,train,1,1997,2.0,True,HAM_0006207,1
$KAGGLE_ROOT/train/malignant/1269.jpg,train,1,2227,0.0,True,HAM_0005746,1
$KAGGLE_ROOT/train/malignant/127.jpg,train,1,7576,94.0,False,HAM_0005814,0
$KAGGLE_ROOT/train/malignant/1270.jpg,train,1,1357,0.0,True,HAM_0007620,1
$KAGGLE_ROOT/train/malignant/1271.jpg,train,1,1334,0.0,True,HAM_0001531,1
$KAGGLE_ROOT/train/malignant/1272.jpg,train,1,2038,2.0,True,HAM_0004888,1
$KAGGLE_ROOT/train/malignant/1273.jpg,train,1,2083,0.0,True,HAM_0001655,1
$KAGGLE_ROOT/train/malignant/1274.jpg,train,1,1240,2.0,True,HAM_0005557,1
$KAGGLE_ROOT/train/malignant/1275.jpg,train,1,2275,0.0,True,HAM_0003171,1
$KAGGLE_ROOT/train/malignant/1276.jpg,train,1,1243,4.0,True,HAM_0003558,1
$KAGGLE_ROOT/train/malignant/1277.jpg,train,1,1294,2.0,True,HAM_0001203,1
$KAGGLE_ROOT/train/malignant/1278.jpg,train,1,1903,2.0,True,HAM_0005124,1
$KAGGLE_ROOT/train/malignant/1279.jpg,train,1,1375,0.0,True,HAM_0005911,1
$KAGGLE_ROOT/train/malignant/128.jpg,train,1,5983,82.0,False,HAM_0004837,0
$KAGGLE_ROOT/train/malignant/1281.jpg,train,1,2186,4.0,True,HAM_0005532,1
$KAGGLE_ROOT/train/malignant/1282.jpg,train,1,1994,0.0,True,HAM_0002622,1
$KAGGLE_ROOT/train/malignant/1283.jpg,train,1,2011,2.0,True,HAM_0006453,1
$KAGGLE_ROOT/train/malignant/1284.jpg,train,1,1279,0.0,True,HAM_0004126,1
$KAGGLE_ROOT/train/malignant/1285.jpg,train,1,1406,0.0,True,HAM_0005642,1
$KAGGLE_ROOT/train/malignant/1287.jpg,train,1,2201,0.0,True,HAM_0003149,1
$KAGGLE_ROOT/train/malignant/1288.jpg,train,1,2192,2.0,True,HAM_0002817,1
$KAGGLE_ROOT/train/malignant/1290.jpg,train,1,1249,2.0,True,HAM_0003315,1
$KAGGLE_ROOT/train/malignant/1291.jpg,train,1,1442,2.0,True,HAM_0005095,1
$KAGGLE_ROOT/train/malignant/1293.jpg,train,1,2006,2.0,True,HAM_0005481,1
$KAGGLE_ROOT/train/malignant/1294.jpg,train,1,2048,2.0,True,HAM_0000220,1
$KAGGLE_ROOT/train/malignant/1296.jpg,train,1,2062,2.0,True,HAM_0005640,1
$KAGGLE_ROOT/train/malignant/1298.jpg,train,1,1767,2.0,True,HAM_0000337,1
$KAGGLE_ROOT/train/malignant/1299.jpg,train,1,1220,0.0,True,HAM_0004476,1
$KAGGLE_ROOT/train/malignant/130.jpg,train,1,8909,66.0,False,HAM_0001989,0
$KAGGLE_ROOT/train/malignant/1301.jpg,train,1,1432,0.0,True,HAM_0002509,1
$KAGGLE_ROOT/train/malignant/1302.jpg,train,1,1223,2.0,True,HAM_0006722,1
$KAGGLE_ROOT/train/malignant/1303.jpg,train,1,1295,2.0,True,HAM_0003031,1
$KAGGLE_ROOT/train/malignant/1304.jpg,train,1,1233,0.0,True,HAM_0001150,1
$KAGGLE_ROOT/train/malignant/1305.jpg,train,1,2059,2.0,True,HAM_0000887,1
$KAGGLE_ROOT/train/malignant/1306.jpg,train,1,2247,2.0,True,HAM_0000517,1
$KAGGLE_ROOT/train/malignant/1307.jpg,train,1,2028,4.0,True,HAM_0006833,1
$KAGGLE_ROOT/train/malignant/1308.jpg,train,1,1354,4.0,True,HAM_0006522,1
$KAGGLE_ROOT/train/malignant/1309.jpg,train,1,1342,2.0,True,HAM_0002182,1
$KAGGLE_ROOT/train/malignant/131.jpg,train,1,322,100.0,False,HAM_0000236,0
$KAGGLE_ROOT/train/malignant/1311.jpg,train,1,1593,2.0,True,HAM_0005613,1
$KAGGLE_ROOT/train/malignant/1312.jpg,train,1,1472,0.0,True,HAM_0002032,1
$KAGGLE_ROOT/train/malignant/1313.jpg,train,1,2280,2.0,True,HAM_0002613,1
$KAGGLE_ROOT/train/malignant/1314.jpg,train,1,2122,2.0,True,HAM_0005623,1
$KAGGLE_ROOT/train/malignant/1315.jpg,train,1,1212,2.0,True,HAM_0000871,1
$KAGGLE_ROOT/train/malignant/1316.jpg,train,1,2162,0.0,True,HAM_0003957,1
$KAGGLE_ROOT/train/malignant/1317.jpg,train,1,1457,0.0,True,HAM_0004397,1
$KAGGLE_ROOT/train/malignant/1318.jpg,train,1,2070,0.0,True,HAM_0000952,1
$KAGGLE_ROOT/train/malignant/1319.jpg,train,1,2183,0.0,True,HAM_0004164,1
$KAGGLE_ROOT/train/malignant/132.jpg,train,1,7084,84.0,False,HAM_0002703,0
$KAGGLE_ROOT/train/malignant/1321.jpg,train,1,1996,0.0,True,HAM_0007502,1
$KAGGLE_ROOT/train/malignant/1323.jpg,train,1,1310,0.0,True,HAM_0001353,1
$KAGGLE_ROOT/train/malignant/1324.jpg,train,1,1410,2.0,True,HAM_0005624,1
$KAGGLE_ROOT/train/malignant/1325.jpg,train,1,2105,0.0,True,HAM_0005078,1
$KAGGLE_ROOT/train/malignant/1326.jpg,train,1,2235,0.0,True,HAM_0003601,1
$KAGGLE_ROOT/train/malignant/1327.jpg,train,1,1296,0.0,True,HAM_0001913,1
$KAGGLE_ROOT/train/malignant/1328.jpg,train,1,1328,4.0,True,HAM_0002838,1
$KAGGLE_ROOT/train/malignant/1329.jpg,train,1,1427,2.0,True,HAM_0000330,1
$KAGGLE_ROOT/train/malignant/133.jpg,train,1,584,90.0,False,HAM_0005199,0
$KAGGLE_ROOT/train/malignant/1331.jpg,train,1,2118,0.0,True,HAM_0001069,1
$KAGGLE_ROOT/train/malignant/1332.jpg,train,1,1820,2.0,True,HAM_0004326,1
$KAGGLE_ROOT/train/malignant/1334.jpg,train,1,2261,2.0,True,HAM_0002131,1
$KAGGLE_ROOT/train/malignant/1335.jpg,train,1,2136,0.0,True,HAM_0001598,1
$KAGGLE_ROOT/train/malignant/1337.jpg,train,1,2304,0.0,True,HAM_0003530,1
$KAGGLE_ROOT/train/malignant/1338.jpg,train,1,2031,2.0,True,HAM_0000241,1
$KAGGLE_ROOT/train/malignant/134.jpg,train,1,1103,88.0,False,HAM_0004330,0
$KAGGLE_ROOT/train/malignant/1340.jpg,train,1,2283,2.0,True,HAM_0000590,1
$KAGGLE_ROOT/train/malignant/1341.jpg,train,1,1995,0.0,True,HAM_0003497,1
$KAGGLE_ROOT/train/malignant/1343.jpg,train,1,2245,0.0,True,HAM_0000517,1
$KAGGLE_ROOT/train/malignant/1344.jpg,train,1,1439,2.0,True,HAM_0005752,1
$KAGGLE_ROOT/train/malignant/1345.jpg,train,1,1214,0.0,True,HAM_0005678,1
$KAGGLE_ROOT/train/malignant/1346.jpg,train,1,2282,2.0,True,HAM_0002911,1
$KAGGLE_ROOT/train/malignant/1348.jpg,train,1,2017,4.0,True,HAM_0005826,1
$KAGGLE_ROOT/train/malignant/1349.jpg,train,1,2287,0.0,True,HAM_0004596,1
$KAGGLE_ROOT/train/malignant/135.jpg,train,1,9143,88.0,False,HAM_0002172,0
$KAGGLE_ROOT/train/malignant/1350.jpg,train,1,1251,0.0,True,HAM_0006900,1
$KAGGLE_ROOT/train/malignant/1351.jpg,train,1,2106,2.0,True,HAM_0005006,1
$KAGGLE_ROOT/train/malignant/1352.jpg,train,1,2152,0.0,True,HAM_0003428,1
$KAGGLE_ROOT/train/malignant/1353.jpg,train,1,1216,0.0,True,HAM_0005191,1
$KAGGLE_ROOT/train/malignant/1356.jpg,train,1,2185,4.0,True,HAM_0004164,1
$KAGGLE_ROOT/train/malignant/1357.jpg,train,1,1934,4.0,True,HAM_0001299,1
$KAGGLE_ROOT/train/malignant/136.jpg,train,1,8865,74.0,False,HAM_0001643,0
$KAGGLE_ROOT/train/malignant/1360.jpg,train,1,2294,2.0,True,HAM_0006832,1
$KAGGLE_ROOT/train/malignant/1361.jpg,train,1,2285,2.0,True,HAM_0004547,1
$KAGGLE_ROOT/train/malignant/1362.jpg,train,1,1430,0.0,True,HAM_0003497,1
$KAGGLE_ROOT/train/malignant/1363.jpg,train,1,2143,2.0,True,HAM_0001744,1
$KAGGLE_ROOT/train/malignant/1365.jpg,train,1,2263,2.0,True,HAM_0002576,1
$KAGGLE_ROOT/train/malignant/1367.jpg,train,1,2278,2.0,True,HAM_0000022,1
$KAGGLE_ROOT/train/malignant/1368.jpg,train,1,2023,2.0,True,HAM_0000417,1
$KAGGLE_ROOT/train/malignant/1369.jpg,train,1,2273,0.0,True,HAM_0002591,1
$KAGGLE_ROOT/train/malignant/137.jpg,train,1,36,90.0,False,HAM_0000351,0
$KAGGLE_ROOT/train/malignant/1371.jpg,train,1,1254,0.0,True,HAM_0000060,1
$KAGGLE_ROOT/train/malignant/1372.jpg,train,1,1971,2.0,True,HAM_0000201,1
$KAGGLE_ROOT/train/malignant/1373.jpg,train,1,2215,0.0,True,HAM_0003782,1
$KAGGLE_ROOT/train/malignant/1375.jpg,train,1,1777,0.0,True,HAM_0000274,1
$KAGGLE_ROOT/train/malignant/1376.jpg,train,1,2085,2.0,True,HAM_0007238,1
$KAGGLE_ROOT/train/malignant/1377.jpg,train,1,2255,0.0,True,HAM_0001953,1
$KAGGLE_ROOT/train/malignant/138.jpg,train,1,341,96.0,False,HAM_0002121,0
$KAGGLE_ROOT/train/malignant/1381.jpg,train,1,2035,0.0,True,HAM_0007188,1
$KAGGLE_ROOT/train/malignant/1384.jpg,train,1,1944,0.0,True,HAM_0000433,1
$KAGGLE_ROOT/train/malignant/1385.jpg,train,1,1301,2.0,True,HAM_0006521,1
$KAGGLE_ROOT/train/malignant/1386.jpg,train,1,2213,0.0,True,HAM_0006744,1
$KAGGLE_ROOT/train/malignant/1387.jpg,train,1,2024,4.0,True,HAM_0000442,1
$KAGGLE_ROOT/train/malignant/1388.jpg,train,1,1340,2.0,True,HAM_0001671,1
$KAGGLE_ROOT/train/malignant/1389.jpg,train,1,1362,2.0,True,HAM_0005381,1
$KAGGLE_ROOT/train/malignant/1390.jpg,train,1,1261,2.0,True,HAM_0004607,1
$KAGGLE_ROOT/train/malignant/1391.jpg,train,1,1978,2.0,True,HAM_0000775,1
$KAGGLE_ROOT/train/malignant/1392.jpg,train,1,2142,0.0,True,HAM_0006130,1
$KAGGLE_ROOT/train/malignant/1393.jpg,train,1,1726,2.0,True,HAM_0000282,1
$KAGGLE_ROOT/train/malignant/1394.jpg,train,1,1266,0.0,True,HAM_0002011,1
$KAGGLE_ROOT/train/malignant/1396.jpg,train,1,1889,2.0,True,HAM_0006400,1
$KAGGLE_ROOT/train/malignant/1397.jpg,train,1,1339,2.0,True,HAM_0001671,1
$KAGGLE_ROOT/train/malignant/1398.jpg,train,1,2312,0.0,True,HAM_0003534,1
$KAGGLE_ROOT/train/malignant/1399.jpg,train,1,2277,2.0,True,HAM_0003509,1
$KAGGLE_ROOT/train/malignant/14.jpg,train,1,5126,94.0,False,HAM_0006206,0
$KAGGLE_ROOT/train/malignant/140.jpg,train,1,7580,88.0,False,HAM_0001026,0
$KAGGLE_ROOT/train/malignant/1400.jpg,train,1,1337,4.0,True,HAM_0001284,1
$KAGGLE_ROOT/train/malignant/1403.jpg,train,1,2234,0.0,True,HAM_0003957,1
$KAGGLE_ROOT/train/malignant/1404.jpg,train,1,2317,2.0,True,HAM_0000536,1
$KAGGLE_ROOT/train/malignant/1405.jpg,train,1,1383,0.0,True,HAM_0007420,1
$KAGGLE_ROOT/train/malignant/1406.jpg,train,1,2264,0.0,True,HAM_0001113,1
$KAGGLE_ROOT/train/malignant/1407.jpg,train,1,2160,0.0,True,HAM_0002772,1
$KAGGLE_ROOT/train/malignant/1408.jpg,train,1,2131,2.0,True,HAM_0000136,1
$KAGGLE_ROOT/train/malignant/1409.jpg,train,1,2224,0.0,True,HAM_0005692,1
$KAGGLE_ROOT/train/malignant/141.jpg,train,1,3899,92.0,False,HAM_0000499,0
$KAGGLE_ROOT/train/malignant/1410.jpg,train,1,1326,4.0,True,HAM_0007538,1
$KAGGLE_ROOT/train/malignant/1411.jpg,train,1,1253,0.0,True,HAM_0000060,1
$KAGGLE_ROOT/train/malignant/1412.jpg,train,1,2284,2.0,True,HAM_0004081,1
$KAGGLE_ROOT/train/malignant/1413.jpg,train,1,1352,2.0,True,HAM_0006433,1
$KAGGLE_ROOT/train/malignant/1414.jpg,train,1,1341,2.0,True,HAM_0002182,1
$KAGGLE_ROOT/train/malignant/1415.jpg,train,1,1343,2.0,True,HAM_0006828,1
$KAGGLE_ROOT/train/malignant/1416.jpg,train,1,2018,2.0,True,HAM_0003531,1
$KAGGLE_ROOT/train/malignant/1418.jpg,train,1,1299,2.0,True,HAM_0003194,1
$KAGGLE_ROOT/train/malignant/1419.jpg,train,1,2033,0.0,True,HAM_0004637,1
$KAGGLE_ROOT/train/malignant/142.jpg,train,1,3770,92.0,False,HAM_0007258,0
$KAGGLE_ROOT/train/malignant/1420.jpg,train,1,1309,0.0,True,HAM_0004643,1
$KAGGLE_ROOT/train/malignant/1421.jpg,train,1,1316,0.0,True,HAM_0005697,1
$KAGGLE_ROOT/train/malignant/1423.jpg,train,1,1631,2.0,True,HAM_0004593,1
$KAGGLE_ROOT/train/malignant/1424.jpg,train,1,1259,2.0,True,HAM_0005555,1
$KAGGLE_ROOT/train/malignant/1426.jpg,train,1,2232,2.0,True,HAM_0005789,1
$KAGGLE_ROOT/train/malignant/1428.jpg,train,1,1959,0.0,True,HAM_0002834,1
$KAGGLE_ROOT/train/malignant/1429.jpg,train,1,1986,2.0,True,HAM_0002430,1
$KAGGLE_ROOT/train/malignant/143.jpg,train,1,7142,80.0,False,HAM_0000407,0
$KAGGLE_ROOT/train/malignant/1431.jpg,train,1,1896,2.0,True,HAM_0003869,1
$KAGGLE_ROOT/train/malignant/1432.jpg,train,1,1407,0.0,True,HAM_0006651,1
$KAGGLE_ROOT/train/malignant/1433.jpg,train,1,1517,0.0,True,HAM_0000006,1
$KAGGLE_ROOT/train/malignant/1434.jpg,train,1,1378,0.0,True,HAM_0006214,1
$KAGGLE_ROOT/train/malignant/1435.jpg,train,1,2125,0.0,True,HAM_0007070,1
$KAGGLE_ROOT/train/malignant/1437.jpg,train,1,2231,4.0,True,HAM_0005789,1
$KAGGLE_ROOT/train/malignant/1439.jpg,train,1,1244,0.0,True,HAM_0007454,1
$KAGGLE_ROOT/train/malignant/144.jpg,train,1,8876,96.0,False,HAM_0006757,0
$KAGGLE_ROOT/train/malignant/1440.jpg,train,1,2093,2.0,True,HAM_0005315,1
$KAGGLE_ROOT/train/malignant/1441.jpg,train,1,1373,0.0,True,HAM_0003521,1
$KAGGLE_ROOT/train/malignant/1442.jpg,train,1,2244,0.0,True,HAM_0004878,1
$KAGGLE_ROOT/train/malignant/1444.jpg,train,1,2020,0.0,True,HAM_0004979,1
$KAGGLE_ROOT/train/malignant/1445.jpg,train,1,1228,0.0,True,HAM_0002119,1
$KAGGLE_ROOT/train/malignant/1446.jpg,train,1,10014,2.0,True,HAM_0003521,1
$KAGGLE_ROOT/train/malignant/1448.jpg,train,1,2194,0.0,True,HAM_0003256,1
$KAGGLE_ROOT/train/malignant/1449.jpg,train,1,2259,2.0,True,HAM_0006223,1
$KAGGLE_ROOT/train/malignant/145.jpg,train,1,7241,92.0,False,HAM_0002567,0
$KAGGLE_ROOT/train/malignant/1450.jpg,train,1,1292,0.0,True,HAM_0003802,1
$KAGGLE_ROOT/train/malignant/1452.jpg,train,1,1273,0.0,True,HAM_0004813,1
$KAGGLE_ROOT/train/malignant/1453.jpg,train,1,2128,2.0,True,HAM_0000125,1
$KAGGLE_ROOT/train/malignant/1454.jpg,train,1,2310,2.0,True,HAM_0003102,1
$KAGGLE_ROOT/train/malignant/1455.jpg,train,1,1222,0.0,True,HAM_0000876,1
$KAGGLE_ROOT/train/malignant/1456.jpg,train,1,1274,0.0,True,HAM_0006803,1
$KAGGLE_ROOT/train/malignant/1457.jpg,train,1,1431,0.0,True,HAM_0002115,1
$KAGGLE_ROOT/train/malignant/1458.jpg,train,1,2072,2.0,True,HAM_0003055,1
$KAGGLE_ROOT/train/malignant/1459.jpg,train,1,1941,2.0,True,HAM_0001819,1
$KAGGLE_ROOT/train/malignant/146.jpg,train,1,6828,88.0,False,HAM_0006108,0
$KAGGLE_ROOT/train/malignant/1460.jpg,train,1,2079,2.0,True,HAM_0001349,1
$KAGGLE_ROOT/train/malignant/1462.jpg,train,1,2222,4.0,True,HAM_0005504,1
$KAGGLE_ROOT/train/malignant/1463.jpg,train,1,1441,2.0,True,HAM_0005328,1
$KAGGLE_ROOT/train/malignant/1465.jpg,train,1,1314,0.0,True,HAM_0006908,1
$KAGGLE_ROOT/train/malignant/1466.jpg,train,1,1773,2.0,True,HAM_0001274,1
$KAGGLE_ROOT/train/malignant/1467.jpg,train,1,1948,2.0,True,HAM_0005061,1
$KAGGLE_ROOT/train/malignant/1468.jpg,train,1,2151,0.0,True,HAM_0001744,1
$KAGGLE_ROOT/train/malignant/1469.jpg,train,1,2156,2.0,True,HAM_0001791,1
$KAGGLE_ROOT/train/malignant/147.jpg,train,1,119,86.0,False,HAM_0005077,0
$KAGGLE_ROOT/train/malignant/1470.jpg,train,1,1825,4.0,True,HAM_0003335,1
$KAGGLE_ROOT/train/malignant/1471.jpg,train,1,1635,0.0,True,HAM_0003620,1
$KAGGLE_ROOT/train/malignant/1472.jpg,train,1,1727,2.0,True,HAM_0004240,1
$KAGGLE_ROOT/train/malignant/1473.jpg,train,1,1609,0.0,True,HAM_0005303,1
$KAGGLE_ROOT/train/malignant/1474.jpg,train,1,1780,2.0,True,HAM_0005249,1
$KAGGLE_ROOT/train/malignant/1475.jpg,train,1,1764,0.0,True,HAM_0005409,1
$KAGGLE_ROOT/train/malignant/1476.jpg,train,1,1481,0.0,True,HAM_0004405,1
$KAGGLE_ROOT/train/malignant/1477.jpg,train,1,1627,2.0,True,HAM_0003602,1
$KAGGLE_ROOT/train/malignant/1478.jpg,train,1,1705,0.0,True,HAM_0006566,1
$KAGGLE_ROOT/train/malignant/1479.jpg,train,1,1582,2.0,True,HAM_0001928,1
$KAGGLE_ROOT/train/malignant/148.jpg,train,1,8825,96.0,False,HAM_0000603,0
$KAGGLE_ROOT/train/malignant/1480.jpg,train,1,1602,0.0,True,HAM_0000388,1
$KAGGLE_ROOT/train/malignant/1481.jpg,train,1,1687,0.0,True,HAM_0002993,1
$KAGGLE_ROOT/train/malignant/1482.jpg,train,1,1486,4.0,True,HAM_0000179,1
$KAGGLE_ROOT/train/malignant/1483.jpg,train,1,1787,2.0,True,HAM_0001105,1
$KAGGLE_ROOT/train/malignant/1485.jpg,train,1,1535,2.0,True,HAM_0000321,1
$KAGGLE_ROOT/train/malignant/1486.jpg,train,1,1560,2.0,True,HAM_0002235,1
$KAGGLE_ROOT/train/malignant/1487.jpg,train,1,1515,0.0,True,HAM_0000006,1
$KAGGLE_ROOT/train/malignant/1488.jpg,train,1,1585,0.0,True,HAM_0005758,1
$KAGGLE_ROOT/train/malignant/149.jpg,train,1,6841,84.0,False,HAM_0003933,0
$KAGGLE_ROOT/train/malignant/1490.jpg,train,1,1715,2.0,True,HAM_0001863,1
$KAGGLE_ROOT/train/malignant/1491.jpg,train,1,1799,0.0,True,HAM_0005992,1
$KAGGLE_ROOT/train/malignant/1492.jpg,train,1,1624,0.0,True,HAM_0006545,1
$KAGGLE_ROOT/train/malignant/1493.jpg,train,1,1567,2.0,True,HAM_0004811,1
$KAGGLE_ROOT/train/malignant/1494.jpg,train,1,1644,0.0,True,HAM_0000064,1
$KAGGLE_ROOT/train/malignant/1496.jpg,train,1,1737,2.0,True,HAM_0006802,1
$KAGGLE_ROOT/train/malignant/1497.jpg,train,1,1682,0.0,True,HAM_0006101,1
$KAGGLE_ROOT/train/malignant/1498.jpg,train,1,1661,0.0,True,HAM_0000002,1
$KAGGLE_ROOT/train/malignant/15.jpg,train,1,9026,94.0,False,HAM_0002888,0
$KAGGLE_ROOT/train/malignant/150.jpg,train,1,7561,94.0,False,HAM_0002253,0
$KAGGLE_ROOT/train/malignant/1500.jpg,train,1,1855,2.0,True,HAM_0005953,1
$KAGGLE_ROOT/train/malignant/151.jpg,train,1,4657,88.0,False,HAM_0004987,0
$KAGGLE_ROOT/train/malignant/152.jpg,train,1,5301,88.0,False,HAM_0005897,0
$KAGGLE_ROOT/train/malignant/153.jpg,train,1,2295,88.0,False,HAM_0001095,1
$KAGGLE_ROOT/train/malignant/154.jpg,train,1,7757,90.0,False,HAM_0003424,0
$KAGGLE_ROOT/train/malignant/155.jpg,train,1,4511,88.0,False,HAM_0003552,0
$KAGGLE_ROOT/train/malignant/157.jpg,train,1,1365,88.0,False,HAM_0005742,1
$KAGGLE_ROOT/train/malignant/158.jpg,train,1,6287,90.0,False,HAM_0003185,0
$KAGGLE_ROOT/train/malignant/159.jpg,train,1,6999,90.0,False,HAM_0007425,0
$KAGGLE_ROOT/train/malignant/16.jpg,train,1,6330,88.0,False,HAM_0005833,0
$KAGGLE_ROOT/train/malignant/160.jpg,train,1,2791,90.0,False,HAM_0001654,0
$KAGGLE_ROOT/train/malignant/162.jpg,train,1,7788,78.0,False,HAM_0000316,0
$KAGGLE_ROOT/train/malignant/163.jpg,train,1,4175,84.0,False,HAM_0006403,0
$KAGGLE_ROOT/train/malignant/164.jpg,train,1,5761,96.0,False,HAM_0000416,0
$KAGGLE_ROOT/train/malignant/165.jpg,train,1,8877,94.0,False,HAM_0006835,0
$KAGGLE_ROOT/train/malignant/166.jpg,train,1,5759,92.0,False,HAM_0004870,0
$KAGGLE_ROOT/train/malignant/167.jpg,train,1,3792,94.0,False,HAM_0003657,0
$KAGGLE_ROOT/train/malignant/168.jpg,train,1,8896,80.0,False,HAM_0004288,0
$KAGGLE_ROOT/train/malignant/169.jpg,train,1,899,86.0,False,HAM_0001982,0
$KAGGLE_ROOT/train/malignant/170.jpg,train,1,8469,84.0,False,HAM_0002823,0
$KAGGLE_ROOT/train/malignant/171.jpg,train,1,323,96.0,False,HAM_0003613,0
$KAGGLE_ROOT/train/malignant/172.jpg,train,1,7919,82.0,False,HAM_0005209,0
$KAGGLE_ROOT/train/malignant/174.jpg,train,1,7649,96.0,False,HAM_0002367,0
$KAGGLE_ROOT/train/malignant/175.jpg,train,1,6212,94.0,False,HAM_0006718,0
$KAGGLE_ROOT/train/malignant/176.jpg,train,1,8255,96.0,False,HAM_0000342,0
$KAGGLE_ROOT/train/malignant/177.jpg,train,1,6927,78.0,False,HAM_0006826,0
$KAGGLE_ROOT/train/malignant/178.jpg,train,1,5023,86.0,False,HAM_0005788,0
$KAGGLE_ROOT/train/malignant/18.jpg,train,1,9166,96.0,False,HAM_0000787,0
$KAGGLE_ROOT/train/malignant/180.jpg,train,1,1893,88.0,False,HAM_0000079,1
$KAGGLE_ROOT/train/malignant/181.jpg,train,1,2195,78.0,False,HAM_0003435,1
$KAGGLE_ROOT/train/malignant/183.jpg,train,1,7460,94.0,False,HAM_0007259,0
$KAGGLE_ROOT/train/malignant/187.jpg,train,1,8030,88.0,False,HAM_0007533,0
$KAGGLE_ROOT/train/malignant/188.jpg,train,1,5618,94.0,False,HAM_0001489,0
$KAGGLE_ROOT/train/malignant/189.jpg,train,1,3435,92.0,False,HAM_0001314,0
$KAGGLE_ROOT/train/malignant/19.jpg,train,1,61,100.0,False,HAM_0003021,0
$KAGGLE_ROOT/train/malignant/191.jpg,train,1,2804,82.0,False,HAM_0007588,0
$KAGGLE_ROOT/train/malignant/192.jpg,train,1,2553,92.0,False,HAM_0001239,0
$KAGGLE_ROOT/train/malignant/194.jpg,train,1,400,94.0,False,HAM_0004945,0
$KAGGLE_ROOT/train/malignant/197.jpg,train,1,1941,92.0,False,HAM_0001819,1
$KAGGLE_ROOT/train/malignant/198.jpg,train,1,2484,90.0,False,HAM_0000195,0
$KAGGLE_ROOT/train/malignant/199.jpg,train,1,7518,94.0,False,HAM_0003512,0
$KAGGLE_ROOT/train/malignant/2.jpg,train,1,2609,90.0,False,HAM_0000263,0
$KAGGLE_ROOT/train/malignant/20.jpg,train,1,2162,82.0,False,HAM_0003957,1
$KAGGLE_ROOT/train/malignant/201.jpg,train,1,6689,88.0,False,HAM_0004886,0
$KAGGLE_ROOT/train/malignant/202.jpg,train,1,5812,92.0,False,HAM_0004645,0
$KAGGLE_ROOT/train/malignant/203.jpg,train,1,5171,94.0,False,HAM_0006068,0
$KAGGLE_ROOT/train/malignant/204.jpg,train,1,5798,96.0,False,HAM_0004906,0
$KAGGLE_ROOT/train/malignant/205.jpg,train,1,5024,98.0,False,HAM_0000371,0
$KAGGLE_ROOT/train/malignant/206.jpg,train,1,2412,88.0,False,HAM_0000934,0
$KAGGLE_ROOT/train/malignant/207.jpg,train,1,6973,90.0,False,HAM_0001604,0
$KAGGLE_ROOT/train/malignant/209.jpg,train,1,8338,92.0,False,HAM_0000025,0
$KAGGLE_ROOT/train/malignant/21.jpg,train,1,4700,96.0,False,HAM_0004323,0
$KAGGLE_ROOT/train/malignant/210.jpg,train,1,2766,90.0,False,HAM_0004627,0
$KAGGLE_ROOT/train/malignant/211.jpg,train,1,1341,90.0,False,HAM_0002182,1
$KAGGLE_ROOT/train/malignant/212.jpg,train,1,2276,92.0,False,HAM_0003167,1
$KAGGLE_ROOT/train/malignant/213.jpg,train,1,1691,96.0,False,HAM_0004998,1
$KAGGLE_ROOT/train/malignant/214.jpg,train,1,2150,94.0,False,HAM_0004507,1
$KAGGLE_ROOT/train/malignant/215.jpg,train,1,1486,88.0,False,HAM_0000179,1
$KAGGLE_ROOT/train/malignant/216.jpg,train,1,1933,98.0,False,HAM_0007305,1
$KAGGLE_ROOT/train/malignant/217.jpg,train,1,7833,92.0,False,HAM_0002476,0
$KAGGLE_ROOT/train/malignant/218.jpg,train,1,4017,94.0,False,HAM_0001857,0
$KAGGLE_ROOT/train/malignant/219.jpg,train,1,1456,92.0,False,HAM_0004121,1
$KAGGLE_ROOT/train/malignant/22.jpg,train,1,8712,86.0,False,HAM_0005994,0
$KAGGLE_ROOT/train/malignant/220.jpg,train,1,9097,98.0,False,HAM_0004069,0
$KAGGLE_ROOT/train/malignant/221.jpg,train,1,5202,100.0,False,HAM_0000409,0
$KAGGLE_ROOT/train/malignant/222.jpg,train,1,8382,98.0,False,HAM_0002470,0
$KAGGLE_ROOT/train/malignant/223.jpg,train,1,1835,94.0,False,HAM_0006184,1
$KAGGLE_ROOT/train/malignant/224.jpg,train,1,4473,90.0,False,HAM_0002633,0
$KAGGLE_ROOT/train/malignant/225.jpg,train,1,4303,92.0,False,HAM_0005825,0
$KAGGLE_ROOT/train/malignant/226.jpg,train,1,9560,88.0,False,HAM_0004206,0
$KAGGLE_ROOT/train/malignant/227.jpg,train,1,5880,92.0,False,HAM_0003228,0
$KAGGLE_ROOT/train/malignant/228.jpg,train,1,4539,92.0,False,HAM_0002122,0
$KAGGLE_ROOT/train/malignant/229.jpg,train,1,4724,84.0,False,HAM_0003370,0
$KAGGLE_ROOT/train/malignant/23.jpg,train,1,1825,78.0,False,HAM_0003335,1
$KAGGLE_ROOT/train/malignant/230.jpg,train,1,8208,100.0,False,HAM_0002324,0
$KAGGLE_ROOT/train/malignant/233.jpg,train,1,6401,94.0,False,HAM_0003442,0
$KAGGLE_ROOT/train/malignant/234.jpg,train,1,3018,100.0,False,HAM_0001287,0
$KAGGLE_ROOT/train/malignant/235.jpg,train,1,1581,96.0,False,HAM_0001928,1
$KAGGLE_ROOT/train/malignant/236.jpg,train,1,8633,94.0,False,HAM_0000634,0
$KAGGLE_ROOT/train/malignant/239.jpg,train,1,1484,92.0,False,HAM_0001412,1
$KAGGLE_ROOT/train/malignant/240.jpg,train,1,7810,84.0,False,HAM_0000639,0
$KAGGLE_ROOT/train/malignant/241.jpg,train,1,5810,92.0,False,HAM_0004357,0
$KAGGLE_ROOT/train/malignant/242.jpg,train,1,9472,90.0,False,HAM_0004854,0
$KAGGLE_ROOT/train/malignant/243.jpg,train,1,2433,94.0,False,HAM_0004653,0
$KAGGLE_ROOT/train/malignant/244.jpg,train,1,1779,90.0,False,HAM_0005249,1
$KAGGLE_ROOT/train/malignant/245.jpg,train,1,2359,96.0,False,HAM_0004776,0
$KAGGLE_ROOT/train/malignant/246.jpg,train,1,5488,92.0,False,HAM_0002380,0
$KAGGLE_ROOT/train/malignant/248.jpg,train,1,1302,100.0,False,HAM_0001847,1
$KAGGLE_ROOT/train/malignant/249.jpg,train,1,1019,96.0,False,HAM_0005993,0
$KAGGLE_ROOT/train/malignant/25.jpg,train,1,7048,76.0,False,HAM_0001497,0
$KAGGLE_ROOT/train/malignant/250.jpg,train,1,9621,72.0,False,HAM_0001366,0
$KAGGLE_ROOT/train/malignant/251.jpg,train,1,5884,88.0,False,HAM_0001271,0
$KAGGLE_ROOT/train/malignant/252.jpg,train,1,4170,92.0,False,HAM_0002859,0
$KAGGLE_ROOT/train/malignant/253.jpg,train,1,6256,92.0,False,HAM_0001622,0
$KAGGLE_ROOT/train/malignant/254.jpg,train,1,3105,90.0,False,HAM_0006703,0
$KAGGLE_ROOT/train/malignant/255.jpg,train,1,1553,92.0,False,HAM_0000611,1
$KAGGLE_ROOT/train/malignant/259.jpg,train,1,5905,88.0,False,HAM_0002951,0
$KAGGLE_ROOT/train/malignant/26.jpg,train,1,1580,100.0,False,HAM_0000097,1
$KAGGLE_ROOT/train/malignant/261.jpg,train,1,2950,96.0,False,HAM_0004084,0
$KAGGLE_ROOT/train/malignant/262.jpg,train,1,7327,88.0,False,HAM_0000313,0
$KAGGLE_ROOT/train/malignant/263.jpg,train,1,3618,88.0,False,HAM_0006100,0
$KAGGLE_ROOT/train/malignant/264.jpg,train,1,3920,96.0,False,HAM_0000497,0
$KAGGLE_ROOT/train/malignant/265.jpg,train,1,1622,88.0,False,HAM_0000662,1
$KAGGLE_ROOT/train/malignant/266.jpg,train,1,2563,92.0,False,HAM_0001907,0
$KAGGLE_ROOT/train/malignant/267.jpg,train,1,2563,88.0,False,HAM_0001907,0
$KAGGLE_ROOT/train/malignant/268.jpg,train,1,436,96.0,False,HAM_0006123,0
$KAGGLE_ROOT/train/malignant/269.jpg,train,1,6761,98.0,False,HAM_0006150,0
$KAGGLE_ROOT/train/malignant/27.jpg,train,1,1850,92.0,False,HAM_0004056,1
$KAGGLE_ROOT/train/malignant/270.jpg,train,1,2642,94.0,False,HAM_0000879,0
$KAGGLE_ROOT/train/malignant/271.jpg,train,1,269,94.0,False,HAM_0004807,0
$KAGGLE_ROOT/train/malignant/272.jpg,train,1,1070,94.0,False,HAM_0003691,0
$KAGGLE_ROOT/train/malignant/273.jpg,train,1,4406,88.0,False,HAM_0000434,0
$KAGGLE_ROOT/train/malignant/274.jpg,train,1,999,96.0,False,HAM_0004078,0
$KAGGLE_ROOT/train/malignant/277.jpg,train,1,3309,78.0,False,HAM_0004710,0
$KAGGLE_ROOT/train/malignant/278.jpg,train,1,1907,96.0,False,HAM_0004620,1
$KAGGLE_ROOT/train/malignant/279.jpg,train,1,5421,94.0,False,HAM_0003575,0
$KAGGLE_ROOT/train/malignant/28.jpg,train,1,445,90.0,False,HAM_0005606,0
$KAGGLE_ROOT/train/malignant/280.jpg,train,1,8945,92.0,False,HAM_0007516,0
$KAGGLE_ROOT/train/malignant/281.jpg,train,1,1645,86.0,False,HAM_0000064,1
$KAGGLE_ROOT/train/malignant/282.jpg,train,1,2074,80.0,False,HAM_0002436,1
$KAGGLE_ROOT/train/malignant/283.jpg,train,1,1881,94.0,False,HAM_0001974,1
$KAGGLE_ROOT/train/malignant/284.jpg,train,1,1783,92.0,False,HAM_0004129,1
$KAGGLE_ROOT/train/malignant/285.jpg,train,1,1783,98.0,False,HAM_0004129,1
$KAGGLE_ROOT/train/malignant/286.jpg,train,1,2012,98.0,False,HAM_0000492,1
$KAGGLE_ROOT/train/malignant/287.jpg,train,1,9411,92.0,False,HAM_0003365,0
$KAGGLE_ROOT/train/malignant/288.jpg,train,1,3970,96.0,False,HAM_0000270,0
$KAGGLE_ROOT/train/malignant/289.jpg,train,1,7183,88.0,False,HAM_0006634,0
$KAGGLE_ROOT/train/malignant/29.jpg,train,1,8904,92.0,False,HAM_0006174,0
$KAGGLE_ROOT/train/malignant/290.jpg,train,1,7447,88.0,False,HAM_0006980,0
$KAGGLE_ROOT/train/malignant/291.jpg,train,1,7953,90.0,False,HAM_0002519,0
$KAGGLE_ROOT/train/malignant/292.jpg,train,1,1475,82.0,False,HAM_0007163,1
$KAGGLE_ROOT/train/malignant/293.jpg,train,1,7978,84.0,False,HAM_0004586,0
$KAGGLE_ROOT/train/malignant/294.jpg,train,1,7389,82.0,False,HAM_0005539,0
$KAGGLE_ROOT/train/malignant/295.jpg,train,1,7978,88.0,False,HAM_0004586,0
$KAGGLE_ROOT/train/malignant/296.jpg,train,1,9231,86.0,False,HAM_0006262,0
$KAGGLE_ROOT/train/malignant/297.jpg,train,1,9364,88.0,False,HAM_0007445,0
$KAGGLE_ROOT/train/malignant/298.jpg,train,1,7768,82.0,False,HAM_0004038,0
$KAGGLE_ROOT/train/malignant/299.jpg,train,1,9242,86.0,False,HAM_0002708,0
$KAGGLE_ROOT/train/malignant/30.jpg,train,1,4696,86.0,False,HAM_0003823,0
$KAGGLE_ROOT/train/malignant/300.jpg,train,1,6542,92.0,False,HAM_0003906,0
$KAGGLE_ROOT/train/malignant/301.jpg,train,1,5060,94.0,False,HAM_0006999,0
$KAGGLE_ROOT/train/malignant/302.jpg,train,1,9198,90.0,False,HAM_0001679,0
$KAGGLE_ROOT/train/malignant/304.jpg,train,1,8955,80.0,False,HAM_0006205,0
$KAGGLE_ROOT/train/malignant/305.jpg,train,1,967,90.0,False,HAM_0006238,0
$KAGGLE_ROOT/train/malignant/306.jpg,train,1,5975,80.0,False,HAM_0003794,0
$KAGGLE_ROOT/train/malignant/308.jpg,train,1,5262,86.0,False,HAM_0003769,0
$KAGGLE_ROOT/train/malignant/309.jpg,train,1,3022,92.0,False,HAM_0004290,0
$KAGGLE_ROOT/train/malignant/31.jpg,train,1,977,98.0,False,HAM_0006074,0
$KAGGLE_ROOT/train/malignant/311.jpg,train,1,2995,98.0,False,HAM_0002971,0
$KAGGLE_ROOT/train/malignant/312.jpg,train,1,2578,86.0,False,HAM_0000009,0
$KAGGLE_ROOT/train/malignant/313.jpg,train,1,2660,90.0,False,HAM_0002397,0
$KAGGLE_ROOT/train/malignant/314.jpg,train,1,7704,92.0,False,HAM_0003133,0
$KAGGLE_ROOT/train/malignant/315.jpg,train,1,6361,94.0,False,HAM_0007094,0
$KAGGLE_ROOT/train/malignant/316.jpg,train,1,7704,86.0,False,HAM_0003133,0
$KAGGLE_ROOT/train/malignant/319.jpg,train,1,7704,86.0,False,HAM_0003133,0
$KAGGLE_ROOT/train/malignant/32.jpg,train,1,8332,82.0,False,HAM_0004007,0
$KAGGLE_ROOT/train/malignant/320.jpg,train,1,7704,80.0,False,HAM_0003133,0
$KAGGLE_ROOT/train/malignant/321.jpg,train,1,7704,80.0,False,HAM_0003133,0
$KAGGLE_ROOT/train/malignant/323.jpg,train,1,2239,92.0,False,HAM_0007522,1
$KAGGLE_ROOT/train/malignant/324.jpg,train,1,2239,92.0,False,HAM_0007522,1
$KAGGLE_ROOT/train/malignant/325.jpg,train,1,1490,94.0,False,HAM_0003083,1
$KAGGLE_ROOT/train/malignant/326.jpg,train,1,299,96.0,False,HAM_0006325,0
$KAGGLE_ROOT/train/malignant/327.jpg,train,1,9153,94.0,False,HAM_0006926,0
$KAGGLE_ROOT/train/malignant/328.jpg,train,1,8945,88.0,False,HAM_0007516,0
$KAGGLE_ROOT/train/malignant/329.jpg,train,1,1838,94.0,False,HAM_0001344,1
$KAGGLE_ROOT/train/malignant/330.jpg,train,1,4657,92.0,False,HAM_0004987,0
$KAGGLE_ROOT/train/malignant/331.jpg,train,1,2134,98.0,False,HAM_0007242,1
$KAGGLE_ROOT/train/malignant/332.jpg,train,1,833,100.0,False,HAM_0003030,0
$KAGGLE_ROOT/train/malignant/333.jpg,train,1,3862,98.0,False,HAM_0000743,0
$KAGGLE_ROOT/train/malignant/334.jpg,train,1,973,100.0,False,HAM_0007281,0
$KAGGLE_ROOT/train/malignant/335.jpg,train,1,3267,90.0,False,HAM_0004929,0
$KAGGLE_ROOT/train/malignant/336.jpg,train,1,1855,92.0,False,HAM_0005953,1
$KAGGLE_ROOT/train/malignant/337.jpg,train,1,7942,92.0,False,HAM_0002448,0
$KAGGLE_ROOT/train/malignant/339.jpg,train,1,561,94.0,False,HAM_0001024,0
$KAGGLE_ROOT/train/malignant/34.jpg,train,1,4425,94.0,False,HAM_0000314,0
$KAGGLE_ROOT/train/malignant/340.jpg,train,1,9398,92.0,False,HAM_0000765,0
$KAGGLE_ROOT/train/malignant/341.jpg,train,1,2680,96.0,False,HAM_0004435,0
$KAGGLE_ROOT/train/malignant/344.jpg,train,1,2516,92.0,False,HAM_0007002,0
$KAGGLE_ROOT/train/malignant/345.jpg,train,1,3720,96.0,False,HAM_0007539,0
$KAGGLE_ROOT/train/malignant/346.jpg,train,1,4593,98.0,False,HAM_0006432,0
$KAGGLE_ROOT/train/malignant/347.jpg,train,1,9475,94.0,False,HAM_0006353,0
$KAGGLE_ROOT/train/malignant/349.jpg,train,1,4511,90.0,False,HAM_0003552,0
$KAGGLE_ROOT/train/malignant/35.jpg,train,1,8287,94.0,False,HAM_0000963,0
$KAGGLE_ROOT/train/malignant/350.jpg,train,1,2993,96.0,False,HAM_0005586,0
$KAGGLE_ROOT/train/malignant/351.jpg,train,1,4114,100.0,False,HAM_0003087,0
$KAGGLE_ROOT/train/malignant/352.jpg,train,1,7549,98.0,False,HAM_0001133,0
$KAGGLE_ROOT/train/malignant/353.jpg,train,1,6515,90.0,False,HAM_0004251,0
$KAGGLE_ROOT/train/malignant/354.jpg,train,1,6515,92.0,False,HAM_0004251,0
$KAGGLE_ROOT/train/malignant/357.jpg,train,1,6877,86.0,False,HAM_0004418,0
$KAGGLE_ROOT/train/malignant/358.jpg,train,1,2998,82.0,False,HAM_0000727,0
$KAGGLE_ROOT/train/malignant/359.jpg,train,1,2998,86.0,False,HAM_0000727,0
$KAGGLE_ROOT/train/malignant/36.jpg,train,1,4928,86.0,False,HAM_0005940,0
$KAGGLE_ROOT/train/malignant/361.jpg,train,1,2931,90.0,False,HAM_0004621,0
$KAGGLE_ROOT/train/malignant/362.jpg,train,1,9305,90.0,False,HAM_0003035,0
$KAGGLE_ROOT/train/malignant/363.jpg,train,1,4245,74.0,False,HAM_0006328,0
$KAGGLE_ROOT/train/malignant/365.jpg,train,1,3465,100.0,False,HAM_0001231,0
$KAGGLE_ROOT/train/malignant/366.jpg,train,1,3549,86.0,False,HAM_0003131,0
$KAGGLE_ROOT/train/malignant/367.jpg,train,1,8421,88.0,False,HAM_0006492,0
$KAGGLE_ROOT/train/malignant/368.jpg,train,1,8421,80.0,False,HAM_0006492,0
$KAGGLE_ROOT/train/malignant/369.jpg,train,1,4724,86.0,False,HAM_0003370,0
$KAGGLE_ROOT/train/malignant/37.jpg,train,1,9859,90.0,False,HAM_0004568,0
$KAGGLE_ROOT/train/malignant/370.jpg,train,1,8925,86.0,False,HAM_0005762,0
$KAGGLE_ROOT/train/malignant/371.jpg,train,1,3299,92.0,False,HAM_0003197,0
$KAGGLE_ROOT/train/malignant/372.jpg,train,1,2161,92.0,False,HAM_0002772,1
$KAGGLE_ROOT/train/malignant/373.jpg,train,1,163,88.0,False,HAM_0005386,0
$KAGGLE_ROOT/train/malignant/374.jpg,train,1,6213,94.0,False,HAM_0003200,0
$KAGGLE_ROOT/train/malignant/376.jpg,train,1,7169,94.0,False,HAM_0000304,0
$KAGGLE_ROOT/train/malignant/377.jpg,train,1,807,90.0,False,HAM_0000835,0
$KAGGLE_ROOT/train/malignant/378.jpg,train,1,1114,90.0,False,HAM_0002909,0
$KAGGLE_ROOT/train/malignant/379.jpg,train,1,4390,94.0,False,HAM_0000315,0
$KAGGLE_ROOT/train/malignant/38.jpg,train,1,1291,92.0,False,HAM_0002714,1
$KAGGLE_ROOT/train/malignant/380.jpg,train,1,3200,94.0,False,HAM_0006001,0
$KAGGLE_ROOT/train/malignant/383.jpg,train,1,2453,90.0,False,HAM_0001038,0
$KAGGLE_ROOT/train/malignant/385.jpg,train,1,5769,88.0,False,HAM_0003702,0
$KAGGLE_ROOT/train/malignant/386.jpg,train,1,7633,88.0,False,HAM_0001935,0
$KAGGLE_ROOT/train/malignant/387.jpg,train,1,2007,96.0,False,HAM_0000373,1
$KAGGLE_ROOT/train/malignant/388.jpg,train,1,8025,92.0,False,HAM_0001437,0
$KAGGLE_ROOT/train/malignant/391.jpg,train,1,3412,92.0,False,HAM_0006809,0
$KAGGLE_ROOT/train/malignant/392.jpg,train,1,2404,94.0,False,HAM_0002498,0
$KAGGLE_ROOT/train/malignant/393.jpg,train,1,3483,96.0,False,HAM_0007026,0
$KAGGLE_ROOT/train/malignant/395.jpg,train,1,5540,90.0,False,HAM_0003784,0
$KAGGLE_ROOT/train/malignant/396.jpg,train,1,8163,82.0,False,HAM_0003016,0
$KAGGLE_ROOT/train/malignant/397.jpg,train,1,1601,88.0,False,HAM_0000388,1
$KAGGLE_ROOT/train/malignant/398.jpg,train,1,3876,86.0,False,HAM_0000027,0
$KAGGLE_ROOT/train/malignant/40.jpg,train,1,5644,70.0,False,HAM_0003861,0
$KAGGLE_ROOT/train/malignant/400.jpg,train,1,4507,82.0,False,HAM_0004470,0
$KAGGLE_ROOT/train/malignant/401.jpg,train,1,7855,80.0,False,HAM_0006329,0
$KAGGLE_ROOT/train/malignant/403.jpg,train,1,4628,88.0,False,HAM_0006314,0
$KAGGLE_ROOT/train/malignant/404.jpg,train,1,6385,96.0,False,HAM_0003132,0
$KAGGLE_ROOT/train/malignant/406.jpg,train,1,7407,88.0,False,HAM_0006615,0
$KAGGLE_ROOT/train/malignant/408.jpg,train,1,405,100.0,False,HAM_0002306,0
$KAGGLE_ROOT/train/malignant/41.jpg,train,1,1508,92.0,False,HAM_0002824,1
$KAGGLE_ROOT/train/malignant/410.jpg,train,1,6825,80.0,False,HAM_0003221,0
$KAGGLE_ROOT/train/malignant/411.jpg,train,1,1911,96.0,False,HAM_0005040,1
$KAGGLE_ROOT/train/malignant/412.jpg,train,1,3290,90.0,False,HAM_0002473,0
$KAGGLE_ROOT/train/malignant/413.jpg,train,1,5933,88.0,False,HAM_0000753,0
$KAGGLE_ROOT/train/malignant/414.jpg,train,1,2791,96.0,False,HAM_0001654,0
$KAGGLE_ROOT/train/malignant/415.jpg,train,1,7057,96.0,False,HAM_0006312,0
$KAGGLE_ROOT/train/malignant/416.jpg,train,1,2995,94.0,False,HAM_0002971,0
$KAGGLE_ROOT/train/malignant/417.jpg,train,1,4749,88.0,False,HAM_0003219,0
$KAGGLE_ROOT/train/malignant/418.jpg,train,1,5116,96.0,False,HAM_0001303,0
$KAGGLE_ROOT/train/malignant/42.jpg,train,1,5914,92.0,False,HAM_0003196,0
$KAGGLE_ROOT/train/malignant/420.jpg,train,1,8274,86.0,False,HAM_0000509,0
$KAGGLE_ROOT/train/malignant/422.jpg,train,1,7555,88.0,False,HAM_0007415,0
$KAGGLE_ROOT/train/malignant/423.jpg,train,1,33,90.0,False,HAM_0005612,0
$KAGGLE_ROOT/train/malignant/425.jpg,train,1,7555,78.0,False,HAM_0007415,0
$KAGGLE_ROOT/train/malignant/427.jpg,train,1,3905,94.0,False,HAM_0001806,0
$KAGGLE_ROOT/train/malignant/429.jpg,train,1,8698,90.0,False,HAM_0000266,0
$KAGGLE_ROOT/train/malignant/43.jpg,train,1,5246,90.0,False,HAM_0000115,0
$KAGGLE_ROOT/train/malignant/431.jpg,train,1,1668,86.0,False,HAM_0003421,1
$KAGGLE_ROOT/train/malignant/432.jpg,train,1,8242,100.0,False,HAM_0004895,0
$KAGGLE_ROOT/train/malignant/433.jpg,train,1,118,64.0,False,HAM_0007179,0
$KAGGLE_ROOT/train/malignant/434.jpg,train,1,8767,66.0,False,HAM_0003919,0
$KAGGLE_ROOT/train/malignant/435.jpg,train,1,1768,90.0,False,HAM_0006376,1
$KAGGLE_ROOT/train/malignant/438.jpg,train,1,8496,78.0,False,HAM_0002738,0
$KAGGLE_ROOT/train/malignant/439.jpg,train,1,773,94.0,False,HAM_0005415,0
$KAGGLE_ROOT/train/malignant/440.jpg,train,1,5250,90.0,False,HAM_0001007,0
$KAGGLE_ROOT/train/malignant/441.jpg,train,1,3433,96.0,False,HAM_0005797,0
$KAGGLE_ROOT/train/malignant/442.jpg,train,1,5808,94.0,False,HAM_0004661,0
$KAGGLE_ROOT/train/malignant/443.jpg,train,1,8755,94.0,False,HAM_0004225,0
$KAGGLE_ROOT/train/malignant/444.jpg,train,1,4969,88.0,False,HAM_0003249,0
$KAGGLE_ROOT/train/malignant/446.jpg,train,1,6026,86.0,False,HAM_0005233,0
$KAGGLE_ROOT/train/malignant/447.jpg,train,1,7586,88.0,False,HAM_0004221,0
$KAGGLE_ROOT/train/malignant/448.jpg,train,1,7150,80.0,False,HAM_0004708,0
$KAGGLE_ROOT/train/malignant/449.jpg,train,1,8320,84.0,False,HAM_0001157,0
$KAGGLE_ROOT/train/malignant/45.jpg,train,1,4215,86.0,False,HAM_0004602,0
$KAGGLE_ROOT/train/malignant/451.jpg,train,1,7327,84.0,False,HAM_0000313,0
$KAGGLE_ROOT/train/malignant/452.jpg,train,1,6921,82.0,False,HAM_0003627,0
$KAGGLE_ROOT/train/malignant/453.jpg,train,1,6974,70.0,False,HAM_0001604,0
$KAGGLE_ROOT/train/malignant/454.jpg,train,1,9466,96.0,False,HAM_0004387,0
$KAGGLE_ROOT/train/malignant/455.jpg,train,1,5151,96.0,False,HAM_0003519,0
$KAGGLE_ROOT/train/malignant/456.jpg,train,1,1553,88.0,False,HAM_0000611,1
$KAGGLE_ROOT/train/malignant/457.jpg,train,1,9361,60.0,False,HAM_0000159,0
$KAGGLE_ROOT/train/malignant/458.jpg,train,1,7545,82.0,False,HAM_0003181,0
$KAGGLE_ROOT/train/malignant/460.jpg,train,1,549,72.0,False,HAM_0006541,0
$KAGGLE_ROOT/train/malignant/461.jpg,train,1,7545,80.0,False,HAM_0003181,0
$KAGGLE_ROOT/train/malignant/462.jpg,train,1,9336,66.0,False,HAM_0002832,0
$KAGGLE_ROOT/train/malignant/464.jpg,train,1,3918,96.0,False,HAM_0005169,0
$KAGGLE_ROOT/train/malignant/465.jpg,train,1,7953,90.0,False,HAM_0002519,0
$KAGGLE_ROOT/train/malignant/466.jpg,train,1,5161,76.0,False,HAM_0002669,0
$KAGGLE_ROOT/train/malignant/467.jpg,train,1,104,90.0,False,HAM_0001853,0
$KAGGLE_ROOT/train/malignant/468.jpg,train,1,4211,92.0,False,HAM_0003511,0
$KAGGLE_ROOT/train/malignant/469.jpg,train,1,1250,84.0,False,HAM_0003315,1
$KAGGLE_ROOT/train/malignant/47.jpg,train,1,15,98.0,False,HAM_0007207,0
$KAGGLE_ROOT/train/malignant/470.jpg,train,1,1126,94.0,False,HAM_0004036,0
$KAGGLE_ROOT/train/malignant/471.jpg,train,1,6824,82.0,False,HAM_0003221,0
$KAGGLE_ROOT/train/malignant/472.jpg,train,1,4627,96.0,False,HAM_0006446,0
$KAGGLE_ROOT/train/malignant/473.jpg,train,1,1553,88.0,False,HAM_0000611,1
$KAGGLE_ROOT/train/malignant/475.jpg,train,1,856,86.0,False,HAM_0003317,0
$KAGGLE_ROOT/train/malignant/476.jpg,train,1,1168,90.0,False,HAM_0006371,0
$KAGGLE_ROOT/train/malignant/477.jpg,train,1,768,82.0,False,HAM_0004453,0
$KAGGLE_ROOT/train/malignant/478.jpg,train,1,8377,96.0,False,HAM_0000188,0
$KAGGLE_ROOT/train/malignant/48.jpg,train,1,8617,98.0,False,HAM_0005755,0
$KAGGLE_ROOT/train/malignant/480.jpg,train,1,3203,88.0,False,HAM_0004437,0
$KAGGLE_ROOT/train/malignant/481.jpg,train,1,582,86.0,False,HAM_0006343,0
$KAGGLE_ROOT/train/malignant/482.jpg,train,1,9345,92.0,False,HAM_0000406,0
$KAGGLE_ROOT/train/malignant/484.jpg,train,1,668,92.0,False,HAM_0006945,0
$KAGGLE_ROOT/train/malignant/485.jpg,train,1,329,84.0,False,HAM_0006143,0
$KAGGLE_ROOT/train/malignant/486.jpg,train,1,9968,84.0,False,HAM_0004363,0
$KAGGLE_ROOT/train/malignant/487.jpg,train,1,4580,94.0,False,HAM_0004314,0
$KAGGLE_ROOT/train/malignant/488.jpg,train,1,770,90.0,False,HAM_0000999,0
$KAGGLE_ROOT/train/malignant/489.jpg,train,1,7098,90.0,False,HAM_0007300,0
$KAGGLE_ROOT/train/malignant/49.jpg,train,1,2197,94.0,False,HAM_0003172,1
$KAGGLE_ROOT/train/malignant/490.jpg,train,1,1170,80.0,False,HAM_0007396,0
$KAGGLE_ROOT/train/malignant/491.jpg,train,1,1553,88.0,False,HAM_0000611,1
$KAGGLE_ROOT/train/malignant/492.jpg,train,1,7784,88.0,False,HAM_0005185,0
$KAGGLE_ROOT/train/malignant/493.jpg,train,1,9188,88.0,False,HAM_0000000,0
$KAGGLE_ROOT/train/malignant/494.jpg,train,1,7103,88.0,False,HAM_0003468,0
$KAGGLE_ROOT/train/malignant/495.jpg,train,1,7986,82.0,False,HAM_0004172,0
$KAGGLE_ROOT/train/malignant/496.jpg,train,1,6487,82.0,False,HAM_0005355,0
$KAGGLE_ROOT/train/malignant/497.jpg,train,1,6226,88.0,False,HAM_0006995,0
$KAGGLE_ROOT/train/malignant/498.jpg,train,1,9539,92.0,False,HAM_0003813,0
$KAGGLE_ROOT/train/malignant/499.jpg,train,1,6811,92.0,False,HAM_0003848,0
$KAGGLE_ROOT/train/malignant/5.jpg,train,1,5652,94.0,False,HAM_0001072,0
$KAGGLE_ROOT/train/malignant/50.jpg,train,1,1114,90.0,False,HAM_0002909,0
$KAGGLE_ROOT/train/malignant/500.jpg,train,1,9644,92.0,False,HAM_0007069,0
$KAGGLE_ROOT/train/malignant/502.jpg,train,1,796,88.0,False,HAM_0005632,0
$KAGGLE_ROOT/train/malignant/503.jpg,train,1,1553,88.0,False,HAM_0000611,1
$KAGGLE_ROOT/train/malignant/505.jpg,train,1,2267,90.0,False,HAM_0002130,1
$KAGGLE_ROOT/train/malignant/506.jpg,train,1,21,92.0,False,HAM_0003301,0
$KAGGLE_ROOT/train/malignant/509.jpg,train,1,8069,76.0,False,HAM_0005578,0
$KAGGLE_ROOT/train/malignant/51.jpg,train,1,9214,86.0,False,HAM_0000505,0
$KAGGLE_ROOT/train/malignant/510.jpg,train,1,770,76.0,False,HAM_0000999,0
$KAGGLE_ROOT/train/malignant/512.jpg,train,1,793,90.0,False,HAM_0006346,0
$KAGGLE_ROOT/train/malignant/513.jpg,train,1,5999,86.0,False,HAM_0003740,0
$KAGGLE_ROOT/train/malignant/514.jpg,train,1,36,76.0,False,HAM_0000351,0
$KAGGLE_ROOT/train/malignant/515.jpg,train,1,3728,92.0,False,HAM_0001862,0
$KAGGLE_ROOT/train/malignant/516.jpg,train,1,2368,86.0,False,HAM_0006946,0
$KAGGLE_ROOT/train/malignant/517.jpg,train,1,7233,90.0,False,HAM_0000294,0
$KAGGLE_ROOT/train/malignant/518.jpg,train,1,2184,92.0,False,HAM_0004507,1
$KAGGLE_ROOT/train/malignant/520.jpg,train,1,64,96.0,False,HAM_0001751,0
$KAGGLE_ROOT/train/malignant/521.jpg,train,1,7050,84.0,False,HAM_0002231,0
$KAGGLE_ROOT/train/malignant/522.jpg,train,1,1142,84.0,False,HAM_0003110,0
$KAGGLE_ROOT/train/malignant/523.jpg,train,1,5171,92.0,False,HAM_0006068,0
$KAGGLE_ROOT/train/malignant/524.jpg,train,1,8130,90.0,False,HAM_0003615,0
$KAGGLE_ROOT/train/malignant/525.jpg,train,1,7785,90.0,False,HAM_0005185,0
$KAGGLE_ROOT/train/malignant/526.jpg,train,1,2791,86.0,False,HAM_0001654,0
$KAGGLE_ROOT/train/malignant/527.jpg,train,1,736,86.0,False,HAM_0004383,0
$KAGGLE_ROOT/train/malignant/529.jpg,train,1,8275,88.0,False,HAM_0000509,0
$KAGGLE_ROOT/train/malignant/53.jpg,train,1,4085,98.0,False,HAM_0007430,0
$KAGGLE_ROOT/train/malignant/530.jpg,train,1,5846,94.0,False,HAM_0001187,0
$KAGGLE_ROOT/train/malignant/531.jpg,train,1,7656,90.0,False,HAM_0004773,0
$KAGGLE_ROOT/train/malignant/532.jpg,train,1,2396,82.0,False,HAM_0000502,0
$KAGGLE_ROOT/train/malignant/533.jpg,train,1,3667,90.0,False,HAM_0007251,0
$KAGGLE_ROOT/train/malignant/534.jpg,train,1,2416,76.0,False,HAM_0000460,0
$KAGGLE_ROOT/train/malignant/535.jpg,train,1,8500,94.0,False,HAM_0002003,0
$KAGGLE_ROOT/train/malignant/537.jpg,train,1,8854,96.0,False,HAM_0000759,0
$KAGGLE_ROOT/train/malignant/538.jpg,train,1,9392,92.0,False,HAM_0007239,0
$KAGGLE_ROOT/train/malignant/539.jpg,train,1,1644,90.0,False,HAM_0000064,1
$KAGGLE_ROOT/train/malignant/540.jpg,train,1,1780,88.0,False,HAM_0005249,1
$KAGGLE_ROOT/train/malignant/541.jpg,train,1,5142,74.0,False,HAM_0004530,0
$KAGGLE_ROOT/train/malignant/542.jpg,train,1,787,86.0,False,HAM_0002042,0
$KAGGLE_ROOT/train/malignant/543.jpg,train,1,6616,96.0,False,HAM_0004825,0
$KAGGLE_ROOT/train/malignant/544.jpg,train,1,4793,82.0,False,HAM_0000221,0
$KAGGLE_ROOT/train/malignant/545.jpg,train,1,9392,86.0,False,HAM_0007239,0
$KAGGLE_ROOT/train/malignant/547.jpg,train,1,6729,82.0,False,HAM_0002698,0
$KAGGLE_ROOT/train/malignant/548.jpg,train,1,6163,88.0,False,HAM_0003746,0
$KAGGLE_ROOT/train/malignant/549.jpg,train,1,1852,94.0,False,HAM_0002617,1
$KAGGLE_ROOT/train/malignant/55.jpg,train,1,0,90.0,False,HAM_0000118,0
$KAGGLE_ROOT/train/malignant/550.jpg,train,1,2434,84.0,False,HAM_0001122,0
$KAGGLE_ROOT/train/malignant/551.jpg,train,1,9420,88.0,False,HAM_0003040,0
$KAGGLE_ROOT/train/malignant/552.jpg,train,1,141,82.0,False,HAM_0006663,0
$KAGGLE_ROOT/train/malignant/553.jpg,train,1,2361,94.0,False,HAM_0000940,0
$KAGGLE_ROOT/train/malignant/555.jpg,train,1,9511,90.0,False,HAM_0002724,0
$KAGGLE_ROOT/train/malignant/557.jpg,train,1,4323,88.0,False,HAM_0001181,0
$KAGGLE_ROOT/train/malignant/558.jpg,train,1,2771,92.0,False,HAM_0000719,0
$KAGGLE_ROOT/train/malignant/559.jpg,train,1,1170,80.0,False,HAM_0007396,0
$KAGGLE_ROOT/train/malignant/56.jpg,train,1,8804,92.0,False,HAM_0004806,0
$KAGGLE_ROOT/train/malignant/560.jpg,train,1,1515,92.0,False,HAM_0000006,1
$KAGGLE_ROOT/train/malignant/561.jpg,train,1,7640,90.0,False,HAM_0001683,0
$KAGGLE_ROOT/train/malignant/563.jpg,train,1,5112,96.0,False,HAM_0002995,0
$KAGGLE_ROOT/train/malignant/564.jpg,train,1,8053,84.0,False,HAM_0000226,0
$KAGGLE_ROOT/train/malignant/565.jpg,train,1,7594,94.0,False,HAM_0007475,0
$KAGGLE_ROOT/train/malignant/566.jpg,train,1,4314,90.0,False,HAM_0004948,0
$KAGGLE_ROOT/train/malignant/567.jpg,train,1,36,82.0,False,HAM_0000351,0
$KAGGLE_ROOT/train/malignant/569.jpg,train,1,768,96.0,False,HAM_0004453,0
$KAGGLE_ROOT/train/malignant/571.jpg,train,1,2644,92.0,False,HAM_0005435,0
$KAGGLE_ROOT/train/malignant/574.jpg,train,1,770,88.0,False,HAM_0000999,0
$KAGGLE_ROOT/train/malignant/576.jpg,train,1,9392,88.0,False,HAM_0007239,0
$KAGGLE_ROOT/train/malignant/577.jpg,train,1,123,92.0,False,HAM_0004332,0
$KAGGLE_ROOT/train/malignant/578.jpg,train,1,436,92.0,False,HAM_0006123,0
$KAGGLE_ROOT/train/malignant/579.jpg,train,1,1101,94.0,False,HAM_0005684,0
$KAGGLE_ROOT/train/malignant/580.jpg,train,1,1553,88.0,False,HAM_0000611,1
$KAGGLE_ROOT/train/malignant/581.jpg,train,1,787,88.0,False,HAM_0002042,0
$KAGGLE_ROOT/train/malignant/582.jpg,train,1,770,78.0,False,HAM_0000999,0
$KAGGLE_ROOT/train/malignant/583.jpg,train,1,883,96.0,False,HAM_0007090,0
$KAGGLE_ROOT/train/malignant/584.jpg,train,1,7150,78.0,False,HAM_0004708,0
$KAGGLE_ROOT/train/malignant/585.jpg,train,1,7249,86.0,False,HAM_0002797,0
$KAGGLE_ROOT/train/malignant/586.jpg,train,1,1170,82.0,False,HAM_0007396,0
$KAGGLE_ROOT/train/malignant/587.jpg,train,1,2579,84.0,False,HAM_0000009,0
$KAGGLE_ROOT/train/malignant/588.jpg,train,1,1151,84.0,False,HAM_0005362,0
$KAGGLE_ROOT/train/malignant/589.jpg,train,1,7065,72.0,False,HAM_0002106,0
$KAGGLE_ROOT/train/malignant/59.jpg,train,1,2880,92.0,False,HAM_0002998,0
$KAGGLE_ROOT/train/malignant/591.jpg,train,1,6952,92.0,False,HAM_0004156,0
$KAGGLE_ROOT/train/malignant/594.jpg,train,1,1553,80.0,False,HAM_0000611,1
$KAGGLE_ROOT/train/malignant/595.jpg,train,1,7223,84.0,False,HAM_0003178,0
$KAGGLE_ROOT/train/malignant/597.jpg,train,1,894,86.0,False,HAM_0003559,0
$KAGGLE_ROOT/train/malignant/598.jpg,train,1,856,92.0,False,HAM_0003317,0
$KAGGLE_ROOT/train/malignant/599.jpg,train,1,75,90.0,False,HAM_0001469,0
$KAGGLE_ROOT/train/malignant/6.jpg,train,1,8860,84.0,False,HAM_0003987,0
$KAGGLE_ROOT/train/malignant/60.jpg,train,1,8873,86.0,False,HAM_0006613,0
$KAGGLE_ROOT/train/malignant/600.jpg,train,1,7997,86.0,False,HAM_0004000,0
$KAGGLE_ROOT/train/malignant/601.jpg,train,1,8110,82.0,False,HAM_0007079,0
$KAGGLE_ROOT/train/malignant/604.jpg,train,1,1324,92.0,False,HAM_0002471,1
$KAGGLE_ROOT/train/malignant/605.jpg,train,1,7223,84.0,False,HAM_0003178,0
$KAGGLE_ROOT/train/malignant/606.jpg,train,1,2297,92.0,False,HAM_0004428,1
$KAGGLE_ROOT/train/malignant/607.jpg,train,1,5547,94.0,False,HAM_0000440,0
$KAGGLE_ROOT/train/malignant/608.jpg,train,1,2507,86.0,False,HAM_0002791,0
$KAGGLE_ROOT/train/malignant/609.jpg,train,1,770,78.0,False,HAM_0000999,0
$KAGGLE_ROOT/train/malignant/61.jpg,train,1,764,96.0,False,HAM_0002303,0
$KAGGLE_ROOT/train/malignant/610.jpg,train,1,1170,78.0,False,HAM_0007396,0
$KAGGLE_ROOT/train/malignant/611.jpg,train,1,856,86.0,False,HAM_0003317,0
$KAGGLE_ROOT/train/malignant/612.jpg,train,1,1170,90.0,False,HAM_0007396,0
$KAGGLE_ROOT/train/malignant/613.jpg,train,1,1355,82.0,False,HAM_0004483,1
$KAGGLE_ROOT/train/malignant/616.jpg,train,1,5057,82.0,False,HAM_0002627,0
$KAGGLE_ROOT/train/malignant/617.jpg,train,1,2545,78.0,False,HAM_0000463,0
$KAGGLE_ROOT/train/malignant/618.jpg,train,1,8110,82.0,False,HAM_0007079,0
$KAGGLE_ROOT/train/malignant/620.jpg,train,1,7876,94.0,False,HAM_0001883,0
$KAGGLE_ROOT/train/malignant/621.jpg,train,1,1494,72.0,False,HAM_0003983,1
$KAGGLE_ROOT/train/malignant/622.jpg,train,1,7103,88.0,False,HAM_0003468,0
$KAGGLE_ROOT/train/malignant/623.jpg,train,1,7114,88.0,False,HAM_0005267,0
$KAGGLE_ROOT/train/malignant/624.jpg,train,1,120,84.0,False,HAM_0000566,0
$KAGGLE_ROOT/train/malignant/625.jpg,train,1,6871,86.0,False,HAM_0000837,0
$KAGGLE_ROOT/train/malignant/626.jpg,train,1,1170,86.0,False,HAM_0007396,0
$KAGGLE_ROOT/train/malignant/627.jpg,train,1,9064,80.0,False,HAM_0005230,0
$KAGGLE_ROOT/train/malignant/629.jpg,train,1,6741,74.0,False,HAM_0000028,0
$KAGGLE_ROOT/train/malignant/63.jpg,train,1,7590,92.0,False,HAM_0001076,0
$KAGGLE_ROOT/train/malignant/630.jpg,train,1,7268,82.0,False,HAM_0004128,0
$KAGGLE_ROOT/train/malignant/631.jpg,train,1,1170,88.0,False,HAM_0007396,0
$KAGGLE_ROOT/train/malignant/632.jpg,train,1,1492,84.0,False,HAM_0003983,1
$KAGGLE_ROOT/train/malignant/633.jpg,train,1,888,84.0,False,HAM_0000106,0
$KAGGLE_ROOT/train/malignant/634.jpg,train,1,7356,84.0,False,HAM_0004272,0
$KAGGLE_ROOT/train/malignant/635.jpg,train,1,2368,82.0,False,HAM_0006946,0
$KAGGLE_ROOT/train/malignant/636.jpg,train,1,4599,92.0,False,HAM_0005706,0
$KAGGLE_ROOT/train/malignant/637.jpg,train,1,2368,88.0,False,HAM_0006946,0
$KAGGLE_ROOT/train/malignant/639.jpg,train,1,1162,90.0,False,HAM_0006188,0
$KAGGLE_ROOT/train/malignant/64.jpg,train,1,4800,96.0,False,HAM_0003834,0
$KAGGLE_ROOT/train/malignant/640.jpg,train,1,1418,92.0,False,HAM_0000796,1
$KAGGLE_ROOT/train/malignant/642.jpg,train,1,1976,86.0,False,HAM_0000888,1
$KAGGLE_ROOT/train/malignant/644.jpg,train,1,1170,72.0,False,HAM_0007396,0
$KAGGLE_ROOT/train/malignant/645.jpg,train,1,770,82.0,False,HAM_0000999,0
$KAGGLE_ROOT/train/malignant/646.jpg,train,1,1124,86.0,False,HAM_0004036,0
$KAGGLE_ROOT/train/malignant/647.jpg,train,1,5845,90.0,False,HAM_0004295,0
$KAGGLE_ROOT/train/malignant/648.jpg,train,1,8033,94.0,False,HAM_0002596,0
$KAGGLE_ROOT/train/malignant/649.jpg,train,1,5245,94.0,False,HAM_0002830,0
$KAGGLE_ROOT/train/malignant/650.jpg,train,1,226,96.0,False,HAM_0000790,0
$KAGGLE_ROOT/train/malignant/651.jpg,train,1,8790,92.0,False,HAM_0002154,0
$KAGGLE_ROOT/train/malignant/652.jpg,train,1,3257,94.0,False,HAM_0003654,0
$KAGGLE_ROOT/train/malignant/654.jpg,train,1,6961,94.0,False,HAM_0000230,0
$KAGGLE_ROOT/train/malignant/655.jpg,train,1,2007,90.0,False,HAM_0000373,1
$KAGGLE_ROOT/train/malignant/656.jpg,train,1,4372,90.0,False,HAM_0000969,0
$KAGGLE_ROOT/train/malignant/657.jpg,train,1,235,88.0,False,HAM_0005131,0
$KAGGLE_ROOT/train/malignant/659.jpg,train,1,2433,86.0,False,HAM_0004653,0
$KAGGLE_ROOT/train/malignant/661.jpg,train,1,950,94.0,False,HAM_0000571,0
$KAGGLE_ROOT/train/malignant/662.jpg,train,1,6572,88.0,False,HAM_0007187,0
$KAGGLE_ROOT/train/malignant/663.jpg,train,1,5688,84.0,False,HAM_0007450,0
$KAGGLE_ROOT/train/malignant/664.jpg,train,1,1764,86.0,False,HAM_0005409,1
$KAGGLE_ROOT/train/malignant/665.jpg,train,1,6347,92.0,False,HAM_0001112,0
$KAGGLE_ROOT/train/malignant/666.jpg,train,1,8212,102.0,False,HAM_0000032,0
$KAGGLE_ROOT/train/malignant/668.jpg,train,1,315,102.0,False,HAM_0004690,0
$KAGGLE_ROOT/train/malignant/669.jpg,train,1,1275,92.0,False,HAM_0006803,1
$KAGGLE_ROOT/train/malignant/67.jpg,train,1,70,94.0,False,HAM_0005801,0
$KAGGLE_ROOT/train/malignant/671.jpg,train,1,4314,80.0,False,HAM_0004948,0
$KAGGLE_ROOT/train/malignant/672.jpg,train,1,1129,96.0,False,HAM_0005492,0
$KAGGLE_ROOT/train/malignant/673.jpg,train,1,8677,82.0,False,HAM_0003419,0
$KAGGLE_ROOT/train/malignant/675.jpg,train,1,5547,94.0,False,HAM_0000440,0
$KAGGLE_ROOT/train/malignant/676.jpg,train,1,8757,78.0,False,HAM_0000913,0
$KAGGLE_ROOT/train/malignant/677.jpg,train,1,7831,94.0,False,HAM_0006121,0
$KAGGLE_ROOT/train/malignant/678.jpg,train,1,3586,84.0,False,HAM_0001464,0
$KAGGLE_ROOT/train/malignant/680.jpg,train,1,2660,96.0,False,HAM_0002397,0
$KAGGLE_ROOT/train/malignant/681.jpg,train,1,1418,98.0,False,HAM_0000796,1
$KAGGLE_ROOT/train/malignant/682.jpg,train,1,6122,90.0,False,HAM_0004385,0
$KAGGLE_ROOT/train/malignant/683.jpg,train,1,7785,98.0,False,HAM_0005185,0
$KAGGLE_ROOT/train/malignant/684.jpg,train,1,7958,92.0,False,HAM_0003057,0
$KAGGLE_ROOT/train/malignant/685.jpg,train,1,1956,92.0,False,HAM_0002196,1
$KAGGLE_ROOT/train/malignant/687.jpg,train,1,7588,78.0,False,HAM_0001912,0
$KAGGLE_ROOT/train/malignant/688.jpg,train,1,8677,94.0,False,HAM_0003419,0
$KAGGLE_ROOT/train/malignant/689.jpg,train,1,5985,92.0,False,HAM_0007481,0
$KAGGLE_ROOT/train/malignant/69.jpg,train,1,1156,90.0,False,HAM_0000827,0
$KAGGLE_ROOT/train/malignant/690.jpg,train,1,1099,78.0,False,HAM_0001164,0
$KAGGLE_ROOT/train/malignant/691.jpg,train,1,2592,96.0,False,HAM_0005243,0
$KAGGLE_ROOT/train/malignant/692.jpg,train,1,6759,96.0,False,HAM_0001100,0
$KAGGLE_ROOT/train/malignant/693.jpg,train,1,3024,96.0,False,HAM_0005775,0
$KAGGLE_ROOT/train/malignant/695.jpg,train,1,3125,88.0,False,HAM_0005725,0
$KAGGLE_ROOT/train/malignant/697.jpg,train,1,7160,90.0,False,HAM_0001615,0
$KAGGLE_ROOT/train/malignant/698.jpg,train,1,7686,92.0,False,HAM_0007562,0
$KAGGLE_ROOT/train/malignant/699.jpg,train,1,4074,88.0,False,HAM_0006977,0
$KAGGLE_ROOT/train/malignant/7.jpg,train,1,3597,90.0,False,HAM_0006299,0
$KAGGLE_ROOT/train/malignant/70.jpg,train,1,1684,94.0,False,HAM_0005483,1
$KAGGLE_ROOT/train/malignant/700.jpg,train,1,8135,96.0,False,HAM_0005092,0
$KAGGLE_ROOT/train/malignant/701.jpg,train,1,1956,94.0,False,HAM_0002196,1
$KAGGLE_ROOT/train/malignant/702.jpg,train,1,3788,88.0,False,HAM_0001538,0
$KAGGLE_ROOT/train/malignant/703.jpg,train,1,2359,90.0,False,HAM_0004776,0
$KAGGLE_ROOT/train/malignant/704.jpg,train,1,4117,92.0,False,HAM_0005296,0
$KAGGLE_ROOT/train/malignant/705.jpg,train,1,5474,92.0,False,HAM_0001043,0
$KAGGLE_ROOT/train/malignant/707.jpg,train,1,1477,94.0,False,HAM_0002939,1
$KAGGLE_ROOT/train/malignant/708.jpg,train,1,9837,90.0,False,HAM_0003262,0
$KAGGLE_ROOT/train/malignant/71.jpg,train,1,6532,98.0,False,HAM_0001821,0
$KAGGLE_ROOT/train/malignant/710.jpg,train,1,5687,92.0,False,HAM_0003204,0
$KAGGLE_ROOT/train/malignant/711.jpg,train,1,3571,90.0,False,HAM_0001522,0
$KAGGLE_ROOT/train/malignant/712.jpg,train,1,4589,94.0,False,HAM_0001942,0
$KAGGLE_ROOT/train/malignant/714.jpg,train,1,6502,88.0,False,HAM_0005320,0
$KAGGLE_ROOT/train/malignant/715.jpg,train,1,8125,90.0,False,HAM_0001470,0
$KAGGLE_ROOT/train/malignant/716.jpg,train,1,286,92.0,False,HAM_0006630,0
$KAGGLE_ROOT/train/malignant/717.jpg,train,1,7600,88.0,False,HAM_0004814,0
$KAGGLE_ROOT/train/malignant/718.jpg,train,1,5499,88.0,False,HAM_0006405,0
$KAGGLE_ROOT/train/malignant/719.jpg,train,1,5987,86.0,False,HAM_0002439,0
$KAGGLE_ROOT/train/malignant/72.jpg,train,1,2453,84.0,False,HAM_0001038,0
$KAGGLE_ROOT/train/malignant/720.jpg,train,1,1920,100.0,False,HAM_0001570,1
$KAGGLE_ROOT/train/malignant/721.jpg,train,1,1631,90.0,False,HAM_0004593,1
$KAGGLE_ROOT/train/malignant/722.jpg,train,1,8421,86.0,False,HAM_0006492,0
$KAGGLE_ROOT/train/malignant/723.jpg,train,1,2165,100.0,False,HAM_0001976,1
$KAGGLE_ROOT/train/malignant/724.jpg,train,1,4647,90.0,False,HAM_0007068,0
$KAGGLE_ROOT/train/malignant/725.jpg,train,1,9639,90.0,False,HAM_0000057,0
$KAGGLE_ROOT/train/malignant/726.jpg,train,1,2392,72.0,False,HAM_0006748,0
$KAGGLE_ROOT/train/malignant/727.jpg,train,1,2400,86.0,False,HAM_0006852,0
$KAGGLE_ROOT/train/malignant/728.jpg,train,1,7494,86.0,False,HAM_0003824,0
$KAGGLE_ROOT/train/malignant/729.jpg,train,1,810,98.0,False,HAM_0005896,0
$KAGGLE_ROOT/train/malignant/730.jpg,train,1,6248,96.0,False,HAM_0003242,0
$KAGGLE_ROOT/train/malignant/731.jpg,train,1,6696,90.0,False,HAM_0006032,0
$KAGGLE_ROOT/train/malignant/732.jpg,train,1,2718,100.0,False,HAM_0003119,0
$KAGGLE_ROOT/train/malignant/733.jpg,train,1,267,94.0,False,HAM_0002455,0
$KAGGLE_ROOT/train/malignant/734.jpg,train,1,239,96.0,False,HAM_0003659,0
$KAGGLE_ROOT/train/malignant/736.jpg,train,1,4681,90.0,False,HAM_0000196,0
$KAGGLE_ROOT/train/malignant/737.jpg,train,1,6808,88.0,False,HAM_0005162,0
$KAGGLE_ROOT/train/malignant/738.jpg,train,1,3756,100.0,False,HAM_0002073,0
$KAGGLE_ROOT/train/malignant/740.jpg,train,1,5795,92.0,False,HAM_0002454,0
$KAGGLE_ROOT/train/malignant/741.jpg,train,1,1666,100.0,False,HAM_0004949,1
$KAGGLE_ROOT/train/malignant/742.jpg,train,1,7415,86.0,False,HAM_0003352,0
$KAGGLE_ROOT/train/malignant/743.jpg,train,1,7953,90.0,False,HAM_0002519,0
$KAGGLE_ROOT/train/malignant/745.jpg,train,1,4629,94.0,False,HAM_0002440,0
$KAGGLE_ROOT/train/malignant/746.jpg,train,1,7181,90.0,False,HAM_0000077,0
$KAGGLE_ROOT/train/malignant/748.jpg,train,1,6805,94.0,False,HAM_0002946,0
$KAGGLE_ROOT/train/malignant/75.jpg,train,1,1151,94.0,False,HAM_0005362,0
$KAGGLE_ROOT/train/malignant/750.jpg,train,1,6224,92.0,False,HAM_0006468,0
$KAGGLE_ROOT/train/malignant/751.jpg,train,1,7053,72.0,False,HAM_0004138,0
$KAGGLE_ROOT/train/malignant/752.jpg,train,1,6891,90.0,False,HAM_0007464,0
$KAGGLE_ROOT/train/malignant/753.jpg,train,1,4644,84.0,False,HAM_0003461,0
$KAGGLE_ROOT/train/malignant/754.jpg,train,1,1245,104.0,False,HAM_0001811,1
$KAGGLE_ROOT/train/malignant/755.jpg,train,1,204,98.0,False,HAM_0000527,0
$KAGGLE_ROOT/train/malignant/756.jpg,train,1,5524,92.0,False,HAM_0003085,0
$KAGGLE_ROOT/train/malignant/758.jpg,train,1,2512,100.0,False,HAM_0003981,0
$KAGGLE_ROOT/train/malignant/76.jpg,train,1,7674,76.0,False,HAM_0007265,0
$KAGGLE_ROOT/train/malignant/760.jpg,train,1,1393,92.0,False,HAM_0004676,1
$KAGGLE_ROOT/train/malignant/761.jpg,train,1,1394,96.0,False,HAM_0004676,1
$KAGGLE_ROOT/train/malignant/764.jpg,train,1,8022,74.0,False,HAM_0006295,0
$KAGGLE_ROOT/train/malignant/765.jpg,train,1,4955,74.0,False,HAM_0004778,0
$KAGGLE_ROOT/train/malignant/766.jpg,train,1,5677,88.0,False,HAM_0006394,0
$KAGGLE_ROOT/train/malignant/768.jpg,train,1,7025,100.0,False,HAM_0006837,0
$KAGGLE_ROOT/train/malignant/769.jpg,train,1,7025,100.0,False,HAM_0006837,0
$KAGGLE_ROOT/train/malignant/77.jpg,train,1,9586,88.0,False,HAM_0004187,0
$KAGGLE_ROOT/train/malignant/770.jpg,train,1,6937,90.0,False,HAM_0005227,0
$KAGGLE_ROOT/train/malignant/772.jpg,train,1,3201,90.0,False,HAM_0006463,0
$KAGGLE_ROOT/train/malignant/774.jpg,train,1,9608,86.0,False,HAM_0000421,0
$KAGGLE_ROOT/train/malignant/775.jpg,train,1,68,56.0,False,HAM_0004641,0
$KAGGLE_ROOT/train/malignant/777.jpg,train,1,7139,90.0,False,HAM_0002363,0
$KAGGLE_ROOT/train/malignant/779.jpg,train,1,9019,98.0,False,HAM_0001881,0
$KAGGLE_ROOT/train/malignant/78.jpg,train,1,597,82.0,False,HAM_0000806,0
$KAGGLE_ROOT/train/malignant/780.jpg,train,1,9730,90.0,False,HAM_0006222,0
$KAGGLE_ROOT/train/malignant/781.jpg,train,1,8499,90.0,False,HAM_0004030,0
$KAGGLE_ROOT/train/malignant/782.jpg,train,1,7938,98.0,False,HAM_0004043,0
$KAGGLE_ROOT/train/malignant/783.jpg,train,1,9922,94.0,False,HAM_0006524,0
$KAGGLE_ROOT/train/malignant/784.jpg,train,1,1299,94.0,False,HAM_0003194,1
$KAGGLE_ROOT/train/malignant/785.jpg,train,1,3982,92.0,False,HAM_0002394,0
$KAGGLE_ROOT/train/malignant/786.jpg,train,1,108,90.0,False,HAM_0001665,0
$KAGGLE_ROOT/train/malignant/787.jpg,train,1,8440,82.0,False,HAM_0002298,0
$KAGGLE_ROOT/train/malignant/789.jpg,train,1,2521,98.0,False,HAM_0003738,0
$KAGGLE_ROOT/train/malignant/79.jpg,train,1,1524,92.0,False,HAM_0003386,1
$KAGGLE_ROOT/train/malignant/790.jpg,train,1,1263,96.0,False,HAM_0007390,1
$KAGGLE_ROOT/train/malignant/791.jpg,train,1,7374,90.0,False,HAM_0000402,0
$KAGGLE_ROOT/train/malignant/793.jpg,train,1,97,94.0,False,HAM_0003007,0
$KAGGLE_ROOT/train/malignant/795.jpg,train,1,53,98.0,False,HAM_0001221,0
$KAGGLE_ROOT/train/malignant/796.jpg,train,1,3913,94.0,False,HAM_0001700,0
$KAGGLE_ROOT/train/malignant/798.jpg,train,1,6804,94.0,False,HAM_0002198,0
$KAGGLE_ROOT/train/malignant/799.jpg,train,1,6751,88.0,False,HAM_0000977,0
$KAGGLE_ROOT/train/malignant/80.jpg,train,1,7037,64.0,False,HAM_0006856,0
$KAGGLE_ROOT/train/malignant/800.jpg,train,1,7507,98.0,False,HAM_0005573,0
$KAGGLE_ROOT/train/malignant/801.jpg,train,1,2344,92.0,False,HAM_0004455,0
$KAGGLE_ROOT/train/malignant/802.jpg,train,1,559,96.0,False,HAM_0004426,0
$KAGGLE_ROOT/train/malignant/803.jpg,train,1,5065,84.0,False,HAM_0004431,0
$KAGGLE_ROOT/train/malignant/805.jpg,train,1,3540,82.0,False,HAM_0007469,0
$KAGGLE_ROOT/train/malignant/806.jpg,train,1,7420,76.0,False,HAM_0006539,0
$KAGGLE_ROOT/train/malignant/807.jpg,train,1,7061,66.0,False,HAM_0006822,0
$KAGGLE_ROOT/train/malignant/809.jpg,train,1,376,92.0,False,HAM_0006541,0
$KAGGLE_ROOT/train/malignant/810.jpg,train,1,7545,88.0,False,HAM_0003181,0
$KAGGLE_ROOT/train/malignant/811.jpg,train,1,5653,98.0,False,HAM_0000621,0
$KAGGLE_ROOT/train/malignant/812.jpg,train,1,6804,100.0,False,HAM_0002198,0
$KAGGLE_ROOT/train/malignant/813.jpg,train,1,1451,2.0,True,HAM_0003350,1
$KAGGLE_ROOT/train/malignant/814.jpg,train,1,2130,0.0,True,HAM_0002869,1
$KAGGLE_ROOT/train/malignant/815.jpg,train,1,1327,2.0,True,HAM_0007538,1
$KAGGLE_ROOT/train/malignant/816.jpg,train,1,2126,2.0,True,HAM_0002493,1
$KAGGLE_ROOT/train/malignant/818.jpg,train,1,2082,2.0,True,HAM_0001349,1
$KAGGLE_ROOT/train/malignant/819.jpg,train,1,1248,0.0,True,HAM_0001726,1
$KAGGLE_ROOT/train/malignant/82.jpg,train,1,1214,96.0,False,HAM_0005678,1
$KAGGLE_ROOT/train/malignant/820.jpg,train,1,1400,2.0,True,HAM_0006751,1
$KAGGLE_ROOT/train/malignant/821.jpg,train,1,2271,0.0,True,HAM_0007530,1
$KAGGLE_ROOT/train/malignant/823.jpg,train,1,1932,2.0,True,HAM_0005846,1
$KAGGLE_ROOT/train/malignant/824.jpg,train,1,1250,6.0,True,HAM_0003315,1
$KAGGLE_ROOT/train/malignant/825.jpg,train,1,1674,0.0,True,HAM_0007054,1
$KAGGLE_ROOT/train/malignant/827.jpg,train,1,2071,2.0,True,HAM_0002523,1
$KAGGLE_ROOT/train/malignant/828.jpg,train,1,2061,0.0,True,HAM_0005540,1
$KAGGLE_ROOT/train/malignant/829.jpg,train,1,1429,2.0,True,HAM_0001729,1
$KAGGLE_ROOT/train/malignant/83.jpg,train,1,743,84.0,False,HAM_0001294,0
$KAGGLE_ROOT/train/malignant/830.jpg,train,1,1275,2.0,True,HAM_0006803,1
$KAGGLE_ROOT/train/malignant/831.jpg,train,1,2060,4.0,True,HAM_0000952,1
$KAGGLE_ROOT/train/malignant/833.jpg,train,1,2184,4.0,True,HAM_0004507,1
$KAGGLE_ROOT/train/malignant/834.jpg,train,1,2056,4.0,True,HAM_0006699,1
$KAGGLE_ROOT/train/malignant/835.jpg,train,1,1226,2.0,True,HAM_0003832,1
$KAGGLE_ROOT/train/malignant/837.jpg,train,1,2240,4.0,True,HAM_0007511,1
$KAGGLE_ROOT/train/malignant/84.jpg,train,1,338,98.0,False,HAM_0007621,0
$KAGGLE_ROOT/train/malignant/840.jpg,train,1,2180,2.0,True,HAM_0006764,1
$KAGGLE_ROOT/train/malignant/841.jpg,train,1,2154,2.0,True,HAM_0003428,1
$KAGGLE_ROOT/train/malignant/842.jpg,train,1,1369,2.0,True,HAM_0001600,1
$KAGGLE_ROOT/train/malignant/843.jpg,train,1,2187,0.0,True,HAM_0000593,1
$KAGGLE_ROOT/train/malignant/844.jpg,train,1,1965,0.0,True,HAM_0001444,1
$KAGGLE_ROOT/train/malignant/845.jpg,train,1,2008,0.0,True,HAM_0001726,1
$KAGGLE_ROOT/train/malignant/846.jpg,train,1,1989,4.0,True,HAM_0000917,1
$KAGGLE_ROOT/train/malignant/847.jpg,train,1,1335,0.0,True,HAM_0000903,1
$KAGGLE_ROOT/train/malignant/848.jpg,train,1,1265,0.0,True,HAM_0002011,1
$KAGGLE_ROOT/train/malignant/849.jpg,train,1,1433,0.0,True,HAM_0002509,1
$KAGGLE_ROOT/train/malignant/850.jpg,train,1,2221,2.0,True,HAM_0001964,1
$KAGGLE_ROOT/train/malignant/851.jpg,train,1,2307,2.0,True,HAM_0001910,1
$KAGGLE_ROOT/train/malignant/853.jpg,train,1,1347,2.0,True,HAM_0003212,1
$KAGGLE_ROOT/train/malignant/854.jpg,train,1,1302,2.0,True,HAM_0001847,1
$KAGGLE_ROOT/train/malignant/855.jpg,train,1,2204,0.0,True,HAM_0005724,1
$KAGGLE_ROOT/train/malignant/856.jpg,train,1,1940,2.0,True,HAM_0000373,1
$KAGGLE_ROOT/train/malignant/857.jpg,train,1,1954,0.0,True,HAM_0004779,1
$KAGGLE_ROOT/train/malignant/858.jpg,train,1,1424,0.0,True,HAM_0000645,1
$KAGGLE_ROOT/train/malignant/86.jpg,train,1,7932,88.0,False,HAM_0000468,0
$KAGGLE_ROOT/train/malignant/860.jpg,train,1,1454,0.0,True,HAM_0001734,1
$KAGGLE_ROOT/train/malignant/861.jpg,train,1,1387,2.0,True,HAM_0007617,1
$KAGGLE_ROOT/train/malignant/862.jpg,train,1,1311,0.0,True,HAM_0001353,1
$KAGGLE_ROOT/train/malignant/863.jpg,train,1,1284,2.0,True,HAM_0002534,1
$KAGGLE_ROOT/train/malignant/865.jpg,train,1,1404,2.0,True,HAM_0006896,1
$KAGGLE_ROOT/train/malignant/867.jpg,train,1,1928,0.0,True,HAM_0001753,1
$KAGGLE_ROOT/train/malignant/869.jpg,train,1,2242,2.0,True,HAM_0004898,1
$KAGGLE_ROOT/train/malignant/870.jpg,train,1,2081,0.0,True,HAM_0002375,1
$KAGGLE_ROOT/train/malignant/872.jpg,train,1,2109,2.0,True,HAM_0007488,1
$KAGGLE_ROOT/train/malignant/873.jpg,train,1,2281,2.0,True,HAM_0002613,1
$KAGGLE_ROOT/train/malignant/875.jpg,train,1,1953,2.0,True,HAM_0004779,1
$KAGGLE_ROOT/train/malignant/876.jpg,train,1,1350,2.0,True,HAM_0006975,1
$KAGGLE_ROOT/train/malignant/877.jpg,train,1,1336,2.0,True,HAM_0001284,1
$KAGGLE_ROOT/train/malignant/878.jpg,train,1,1281,0.0,True,HAM_0007560,1
$KAGGLE_ROOT/train/malignant/879.jpg,train,1,1962,0.0,True,HAM_0001986,1
$KAGGLE_ROOT/train/malignant/88.jpg,train,1,727,96.0,False,HAM_0004338,0
$KAGGLE_ROOT/train/malignant/880.jpg,train,1,1345,6.0,True,HAM_0004265,1
$KAGGLE_ROOT/train/malignant/882.jpg,train,1,1293,2.0,True,HAM_0001203,1
$KAGGLE_ROOT/train/malignant/883.jpg,train,1,1975,2.0,True,HAM_0000888,1
$KAGGLE_ROOT/train/malignant/884.jpg,train,1,1977,2.0,True,HAM_0000775,1
$KAGGLE_ROOT/train/malignant/885.jpg,train,1,2211,2.0,True,HAM_0006955,1
$KAGGLE_ROOT/train/malignant/886.jpg,train,1,1985,0.0,True,HAM_0004642,1
$KAGGLE_ROOT/train/malignant/888.jpg,train,1,2252,4.0,True,HAM_0006899,1
$KAGGLE_ROOT/train/malignant/889.jpg,train,1,2084,2.0,True,HAM_0000247,1
$KAGGLE_ROOT/train/malignant/89.jpg,train,1,7922,92.0,False,HAM_0005601,0
$KAGGLE_ROOT/train/malignant/890.jpg,train,1,2015,0.0,True,HAM_0002477,1
$KAGGLE_ROOT/train/malignant/891.jpg,train,1,1361,2.0,True,HAM_0005381,1
$KAGGLE_ROOT/train/malignant/892.jpg,train,1,1300,2.0,True,HAM_0006521,1
$KAGGLE_ROOT/train/malignant/895.jpg,train,1,1331,0.0,True,HAM_0005588,1
$KAGGLE_ROOT/train/malignant/896.jpg,train,1,1267,0.0,True,HAM_0004739,1
$KAGGLE_ROOT/train/malignant/897.jpg,train,1,2291,6.0,True,HAM_0000534,1
$KAGGLE_ROOT/train/malignant/898.jpg,train,1,2040,2.0,True,HAM_0004817,1
$KAGGLE_ROOT/train/malignant/899.jpg,train,1,2073,0.0,True,HAM_0006196,1
$KAGGLE_ROOT/train/malignant/9.jpg,train,1,1167,84.0,False,HAM_0006371,0
$KAGGLE_ROOT/train/malignant/90.jpg,train,1,1213,92.0,False,HAM_0000040,1
$KAGGLE_ROOT/train/malignant/900.jpg,train,1,1435,2.0,True,HAM_0002770,1
$KAGGLE_ROOT/train/malignant/901.jpg,train,1,1947,2.0,True,HAM_0005600,1
$KAGGLE_ROOT/train/malignant/902.jpg,train,1,1983,0.0,True,HAM_0004642,1
$KAGGLE_ROOT/train/malignant/903.jpg,train,1,1736,2.0,True,HAM_0004767,1
$KAGGLE_ROOT/train/malignant/904.jpg,train,1,2206,0.0,True,HAM_0005735,1
$KAGGLE_ROOT/train/malignant/906.jpg,train,1,2268,2.0,True,HAM_0006899,1
$KAGGLE_ROOT/train/malignant/907.jpg,train,1,2217,2.0,True,HAM_0004936,1
$KAGGLE_ROOT/train/malignant/908.jpg,train,1,1459,4.0,True,HAM_0004397,1
$KAGGLE_ROOT/train/malignant/909.jpg,train,1,1786,2.0,True,HAM_0001105,1
$KAGGLE_ROOT/train/malignant/910.jpg,train,1,1307,0.0,True,HAM_0004579,1
$KAGGLE_ROOT/train/malignant/911.jpg,train,1,2319,2.0,True,HAM_0001953,1
$KAGGLE_ROOT/train/malignant/912.jpg,train,1,2301,2.0,True,HAM_0007031,1
$KAGGLE_ROOT/train/malignant/913.jpg,train,1,2046,0.0,True,HAM_0000075,1
$KAGGLE_ROOT/train/malignant/914.jpg,train,1,2210,2.0,True,HAM_0006171,1
$KAGGLE_ROOT/train/malignant/915.jpg,train,1,1320,2.0,True,HAM_0000531,1
$KAGGLE_ROOT/train/malignant/916.jpg,train,1,1939,0.0,True,HAM_0006593,1
$KAGGLE_ROOT/train/malignant/917.jpg,train,1,2311,0.0,True,HAM_0003102,1
$KAGGLE_ROOT/train/malignant/918.jpg,train,1,2266,4.0,True,HAM_0003520,1
$KAGGLE_ROOT/train/malignant/919.jpg,train,1,2165,0.0,True,HAM_0001976,1
$KAGGLE_ROOT/train/malignant/920.jpg,train,1,1239,0.0,True,HAM_0006453,1
$KAGGLE_ROOT/train/malignant/921.jpg,train,1,2051,2.0,True,HAM_0002752,1
$KAGGLE_ROOT/train/malignant/922.jpg,train,1,1270,0.0,True,HAM_0000814,1
$KAGGLE_ROOT/train/malignant/923.jpg,train,1,2107,0.0,True,HAM_0003095,1
$KAGGLE_ROOT/train/malignant/924.jpg,train,1,2214,0.0,True,HAM_0003869,1
$KAGGLE_ROOT/train/malignant/925.jpg,train,1,1379,2.0,True,HAM_0000417,1
$KAGGLE_ROOT/train/malignant/926.jpg,train,1,2260,0.0,True,HAM_0006223,1
$KAGGLE_ROOT/train/malignant/928.jpg,train,1,2172,4.0,True,HAM_0002194,1
$KAGGLE_ROOT/train/malignant/929.jpg,train,1,2196,2.0,True,HAM_0003172,1
$KAGGLE_ROOT/train/malignant/930.jpg,train,1,1468,0.0,True,HAM_0001456,1
$KAGGLE_ROOT/train/malignant/931.jpg,train,1,1370,2.0,True,HAM_0001600,1
$KAGGLE_ROOT/train/malignant/932.jpg,train,1,1313,0.0,True,HAM_0006908,1
$KAGGLE_ROOT/train/malignant/933.jpg,train,1,1376,2.0,True,HAM_0002557,1
$KAGGLE_ROOT/train/malignant/935.jpg,train,1,1269,0.0,True,HAM_0005481,1
$KAGGLE_ROOT/train/malignant/936.jpg,train,1,1984,0.0,True,HAM_0004642,1
$KAGGLE_ROOT/train/malignant/938.jpg,train,1,1508,0.0,True,HAM_0002824,1
$KAGGLE_ROOT/train/malignant/939.jpg,train,1,1330,2.0,True,HAM_0003990,1
$KAGGLE_ROOT/train/malignant/94.jpg,train,1,8731,88.0,False,HAM_0000019,0
$KAGGLE_ROOT/train/malignant/941.jpg,train,1,2253,0.0,True,HAM_0005909,1
$KAGGLE_ROOT/train/malignant/942.jpg,train,1,1908,0.0,True,HAM_0000337,1
$KAGGLE_ROOT/train/malignant/943.jpg,train,1,1465,0.0,True,HAM_0005403,1
$KAGGLE_ROOT/train/malignant/944.jpg,train,1,1956,2.0,True,HAM_0002196,1
$KAGGLE_ROOT/train/malignant/945.jpg,train,1,2055,0.0,True,HAM_0006696,1
$KAGGLE_ROOT/train/malignant/946.jpg,train,1,2197,2.0,True,HAM_0003172,1
$KAGGLE_ROOT/train/malignant/95.jpg,train,1,57,92.0,False,HAM_0003569,0
$KAGGLE_ROOT/train/malignant/950.jpg,train,1,2209,0.0,True,HAM_0006171,1
$KAGGLE_ROOT/train/malignant/951.jpg,train,1,1260,0.0,True,HAM_0004607,1
$KAGGLE_ROOT/train/malignant/952.jpg,train,1,1395,2.0,True,HAM_0003448,1
$KAGGLE_ROOT/train/malignant/954.jpg,train,1,1488,2.0,True,HAM_0001409,1
$KAGGLE_ROOT/train/malignant/955.jpg,train,1,2044,2.0,True,HAM_0002696,1
$KAGGLE_ROOT/train/malignant/956.jpg,train,1,2149,2.0,True,HAM_0003445,1
$KAGGLE_ROOT/train/malignant/957.jpg,train,1,1437,4.0,True,HAM_0005785,1
$KAGGLE_ROOT/train/malignant/958.jpg,train,1,2191,2.0,True,HAM_0002800,1
$KAGGLE_ROOT/train/malignant/959.jpg,train,1,1393,2.0,True,HAM_0004676,1
$KAGGLE_ROOT/train/malignant/96.jpg,train,1,8234,70.0,False,HAM_0001142,0
$KAGGLE_ROOT/train/malignant/960.jpg,train,1,2290,4.0,True,HAM_0000534,1
$KAGGLE_ROOT/train/malignant/961.jpg,train,1,2074,2.0,True,HAM_0002436,1
$KAGGLE_ROOT/train/malignant/962.jpg,train,1,1936,2.0,True,HAM_0001428,1
$KAGGLE_ROOT/train/malignant/963.jpg,train,1,1256,2.0,True,HAM_0004910,1
$KAGGLE_ROOT/train/malignant/964.jpg,train,1,1344,4.0,True,HAM_0004265,1
$KAGGLE_ROOT/train/malignant/965.jpg,train,1,1386,2.0,True,HAM_0000233,1
$KAGGLE_ROOT/train/malignant/966.jpg,train,1,1964,0.0,True,HAM_0001444,1
$KAGGLE_ROOT/train/malignant/967.jpg,train,1,1329,0.0,True,HAM_0003990,1
$KAGGLE_ROOT/train/malignant/968.jpg,train,1,1353,0.0,True,HAM_0006522,1
$KAGGLE_ROOT/train/malignant/969.jpg,train,1,2297,0.0,True,HAM_0004428,1
$KAGGLE_ROOT/train/malignant/97.jpg,train,1,3471,94.0,False,HAM_0006774,0
$KAGGLE_ROOT/train/malignant/970.jpg,train,1,1758,0.0,True,HAM_0007570,1
$KAGGLE_ROOT/train/malignant/971.jpg,train,1,1967,2.0,True,HAM_0004850,1
$KAGGLE_ROOT/train/malignant/972.jpg,train,1,1332,2.0,True,HAM_0005588,1
$KAGGLE_ROOT/train/malignant/973.jpg,train,1,2270,4.0,True,HAM_0006965,1
$KAGGLE_ROOT/train/malignant/974.jpg,train,1,1397,0.0,True,HAM_0004153,1
$KAGGLE_ROOT/train/malignant/975.jpg,train,1,1960,0.0,True,HAM_0002834,1
$KAGGLE_ROOT/train/malignant/976.jpg,train,1,2014,2.0,True,HAM_0000871,1
$KAGGLE_ROOT/train/malignant/977.jpg,train,1,2265,0.0,True,HAM_0003520,1
$KAGGLE_ROOT/train/malignant/978.jpg,train,1,1221,0.0,True,HAM_0000876,1
$KAGGLE_ROOT/train/malignant/979.jpg,train,1,1935,2.0,True,HAM_0001299,1
$KAGGLE_ROOT/train/malignant/98.jpg,train,1,6259,90.0,False,HAM_0007326,0
$KAGGLE_ROOT/train/malignant/980.jpg,train,1,2225,0.0,True,HAM_0004709,1
$KAGGLE_ROOT/train/malignant/981.jpg,train,1,2141,0.0,True,HAM_0006037,1
$KAGGLE_ROOT/train/malignant/982.jpg,train,1,2163,0.0,True,HAM_0001976,1
$KAGGLE_ROOT/train/malignant/983.jpg,train,1,1297,2.0,True,HAM_0004979,1
$KAGGLE_ROOT/train/malignant/984.jpg,train,1,2101,2.0,True,HAM_0002906,1
$KAGGLE_ROOT/train/malignant/986.jpg,train,1,2295,2.0,True,HAM_0001095,1
$KAGGLE_ROOT/train/malignant/987.jpg,train,1,2168,4.0,True,HAM_0001835,1
$KAGGLE_ROOT/train/malignant/988.jpg,train,1,1414,2.0,True,HAM_0002981,1
$KAGGLE_ROOT/train/malignant/989.jpg,train,1,2188,4.0,True,HAM_0000619,1
$KAGGLE_ROOT/train/malignant/99.jpg,train,1,8575,58.0,False,HAM_0000284,0
$KAGGLE_ROOT/train/malignant/990.jpg,train,1,2129,2.0,True,HAM_0002869,1
$KAGGLE_ROOT/train/malignant/991.jpg,train,1,1409,2.0,True,HAM_0004364,1
$KAGGLE_ROOT/train/malignant/993.jpg,train,1,2208,2.0,True,HAM_0006137,1
$KAGGLE_ROOT/train/malignant/996.jpg,train,1,1271,2.0,True,HAM_0001446,1
$KAGGLE_ROOT/train/malignant/997.jpg,train,1,1950,0.0,True,HAM_0002491,1
$KAGGLE_ROOT/train/malignant/998.jpg,train,1,2134,2.0,True,HAM_0007242,1
$KAGGLE_ROOT/train/malignant/999.jpg,train,1,2097,4.0,True,HAM_0001397,1
$KAGGLE_ROOT/test/benign/1.jpg,test,0,8839,0.0,True,HAM_0006244,0
$KAGGLE_ROOT/test/benign/10.jpg,test,0,8262,2.0,True,HAM_0001715,0
$KAGGLE_ROOT/test/benign/1003.jpg,test,0,6462,2.0,True,HAM_0000864,0
$KAGGLE_ROOT/test/benign/1006.jpg,test,0,3709,6.0,True,HAM_0007173,0
$KAGGLE_ROOT/test/benign/1013.jpg,test,0,4600,2.0,True,HAM_0006989,0
$KAGGLE_ROOT/test/benign/1018.jpg,test,0,8972,6.0,True,HAM_0003125,0
$KAGGLE_ROOT/test/benign/1019.jpg,test,0,8321,0.0,True,HAM_0001157,0
$KAGGLE_ROOT/test/benign/1023.jpg,test,0,4920,2.0,True,HAM_0004062,0
$KAGGLE_ROOT/test/benign/1025.jpg,test,0,8645,0.0,True,HAM_0002515,0
$KAGGLE_ROOT/test/benign/1029.jpg,test,0,4467,0.0,True,HAM_0001695,0
$KAGGLE_ROOT/test/benign/1033.jpg,test,0,9274,0.0,True,HAM_0004604,0
$KAGGLE_ROOT/test/benign/1034.jpg,test,0,8439,0.0,True,HAM_0003662,0
$KAGGLE_ROOT/test/benign/1042.jpg,test,0,4055,4.0,True,HAM_0004242,0
$KAGGLE_ROOT/test/benign/1044.jpg,test,0,4119,0.0,True,HAM_0005305,0
$KAGGLE_ROOT/test/benign/105.jpg,test,0,9665,2.0,True,HAM_0005091,0
$KAGGLE_ROOT/test/benign/1055.jpg,test,0,9225,2.0,True,HAM_0005914,0
$KAGGLE_ROOT/test/benign/1061.jpg,test,0,7041,2.0,True,HAM_0004783,0
$KAGGLE_ROOT/test/benign/1070.jpg,test,0,6979,4.0,True,HAM_0006618,0
$KAGGLE_ROOT/test/benign/1074.jpg,test,0,9098,0.0,True,HAM_0004991,0
$KAGGLE_ROOT/test/benign/1077.jpg,test,0,3354,4.0,True,HAM_0004248,0
$KAGGLE_ROOT/test/benign/1080.jpg,test,0,3560,4.0,True,HAM_0003536,0
$KAGGLE_ROOT/test/benign/1087.jpg,test,0,7775,2.0,True,HAM_0006191,0
$KAGGLE_ROOT/test/benign/1088.jpg,test,0,7037,2.0,True,HAM_0006856,0
$KAGGLE_ROOT/test/benign/1092.jpg,test,0,6057,4.0,True,HAM_0000820,0
$KAGGLE_ROOT/test/benign/11.jpg,test,0,6928,4.0,True,HAM_0001849,0
$KAGGLE_ROOT/test/benign/1110.jpg,test,0,3583,0.0,True,HAM_0005621,0
$KAGGLE_ROOT/test/benign/1112.jpg,test,0,7710,0.0,True,HAM_0005651,0
$KAGGLE_ROOT/test/benign/1115.jpg,test,0,9370,2.0,True,HAM_0006554,0
$KAGGLE_ROOT/test/benign/1118.jpg,test,0,3530,4.0,True,HAM_0002283,0
$KAGGLE_ROOT/test/benign/1125.jpg,test,0,5681,2.0,True,HAM_0003372,0
$KAGGLE_ROOT/test/benign/1126.jpg,test,0,9224,0.0,True,HAM_0005914,0
$KAGGLE_ROOT/test/benign/1130.jpg,test,0,3135,2.0,True,HAM_0003004,0
$KAGGLE_ROOT/test/benign/1134.jpg,test,0,8180,0.0,True,HAM_0003639,0
$KAGGLE_ROOT/test/benign/1135.jpg,test,0,4873,4.0,True,HAM_0003567,0
$KAGGLE_ROOT/test/benign/1139.jpg,test,0,6654,4.0,True,HAM_0003269,0
$KAGGLE_ROOT/test/benign/1143.jpg,test,0,4079,2.0,True,HAM_0005281,0
$KAGGLE_ROOT/test/benign/1146.jpg,test,0,4396,6.0,True,HAM_0006058,0
$KAGGLE_ROOT/test/benign/1151.jpg,test,0,6344,0.0,True,HAM_0000964,0
$KAGGLE_ROOT/test/benign/1155.jpg,test,0,3069,4.0,True,HAM_0001149,0
$KAGGLE_ROOT/test/benign/1166.jpg,test,0,8309,0.0,True,HAM_0007340,0
$KAGGLE_ROOT/test/benign/1170.jpg,test,0,6028,2.0,True,HAM_0001333,0
$KAGGLE_ROOT/test/benign/1173.jpg,test,0,8760,0.0,True,HAM_0007116,0
$KAGGLE_ROOT/test/benign/1177.jpg,test,0,6364,4.0,True,HAM_0000786,0
$KAGGLE_ROOT/test/benign/1180.jpg,test,0,8333,4.0,True,HAM_0004007,0
$KAGGLE_ROOT/test/benign/1183.jpg,test,0,8798,0.0,True,HAM_0002423,0
$KAGGLE_ROOT/test/benign/119.jpg,test,0,8387,6.0,True,HAM_0002150,0
$KAGGLE_ROOT/test/benign/1191.jpg,test,0,8220,0.0,True,HAM_0002187,0
$KAGGLE_ROOT/test/benign/1200.jpg,test,0,5031,2.0,True,HAM_0004151,0
$KAGGLE_ROOT/test/benign/1203.jpg,test,0,4972,0.0,True,HAM_0004040,0
$KAGGLE_ROOT/test/benign/1208.jpg,test,0,6683,2.0,True,HAM_0003246,0
$KAGGLE_ROOT/test/benign/1214.jpg,test,0,5614,0.0,True,HAM_0001185,0
$KAGGLE_ROOT/test/benign/1215.jpg,test,0,6015,2.0,True,HAM_0000134,0
$KAGGLE_ROOT/test/benign/122.jpg,test,0,5880,0.0,True,HAM_0003228,0
$KAGGLE_ROOT/test/benign/1226.jpg,test,0,5436,2.0,True,HAM_0004808,0
$KAGGLE_ROOT/test/benign/1231.jpg,test,0,4133,4.0,True,HAM_0000911,0
$KAGGLE_ROOT/test/benign/1242.jpg,test,0,6560,0.0,True,HAM_0005047,0
$KAGGLE_ROOT/test/benign/1243.jpg,test,0,4442,6.0,True,HAM_0006337,0
$KAGGLE_ROOT/test/benign/1244.jpg,test,0,8601,0.0,True,HAM_0003820,0
$KAGGLE_ROOT/test/benign/1253.jpg,test,0,6514,2.0,True,HAM_0002081,0
$KAGGLE_ROOT/test/benign/1261.jpg,test,0,3575,0.0,True,HAM_0001632,0
$KAGGLE_ROOT/test/benign/1265.jpg,test,0,8592,2.0,True,HAM_0003355,0
$KAGGLE_ROOT/test/benign/1266.jpg,test,0,9332,0.0,True,HAM_0004646,0
$KAGGLE_ROOT/test/benign/1269.jpg,test,0,5122,2.0,True,HAM_0007319,0
$KAGGLE_ROOT/test/benign/127.jpg,test,0,6110,2.0,True,HAM_0005105,0
$KAGGLE_ROOT/test/benign/1273.jpg,test,0,3904,2.0,True,HAM_0005908,0
$KAGGLE_ROOT/test/benign/1276.jpg,test,0,3042,0.0,True,HAM_0004124,0
$KAGGLE_ROOT/test/benign/1277.jpg,test,0,5456,0.0,True,HAM_0001426,0
$KAGGLE_ROOT/test/benign/1278.jpg,test,0,6552,2.0,True,HAM_0007379,0
$KAGGLE_ROOT/test/benign/1288.jpg,test,0,8549,0.0,True,HAM_0002049,0
$KAGGLE_ROOT/test/benign/1290.jpg,test,0,5479,4.0,True,HAM_0003292,0
$KAGGLE_ROOT/test/benign/1297.jpg,test,0,8965,4.0,True,HAM_0000277,0
$KAGGLE_ROOT/test/benign/1299.jpg,test,0,3318,2.0,True,HAM_0005454,0
$KAGGLE_ROOT/test/benign/1310.jpg,test,0,6073,2.0,True,HAM_0006749,0
$KAGGLE_ROOT/test/benign/1319.jpg,test,0,6689,4.0,True,HAM_0004886,0
$KAGGLE_ROOT/test/benign/1321.jpg,test,0,4021,8.0,True,HAM_0005633,0
$KAGGLE_ROOT/test/benign/1322.jpg,test,0,4001,2.0,True,HAM_0001923,0
$KAGGLE_ROOT/test/benign/1334.jpg,test,0,5175,4.0,True,HAM_0006477,0
$KAGGLE_ROOT/test/benign/1342.jpg,test,0,9168,2.0,True,HAM_0004095,0
$KAGGLE_ROOT/test/benign/1343.jpg,test,0,6074,2.0,True,HAM_0000306,0
$KAGGLE_ROOT/test/benign/1350.jpg,test,0,4835,2.0,True,HAM_0001977,0
$KAGGLE_ROOT/test/benign/1354.jpg,test,0,4363,2.0,True,HAM_0000975,0
$KAGGLE_ROOT/test/benign/1357.jpg,test,0,3568,2.0,True,HAM_0003632,0
$KAGGLE_ROOT/test/benign/1359.jpg,test,0,8187,2.0,True,HAM_0004719,0
$KAGGLE_ROOT/test/benign/1362.jpg,test,0,5609,2.0,True,HAM_0001059,0
$KAGGLE_ROOT/test/benign/1365.jpg,test,0,5666,2.0,True,HAM_0006276,0
$KAGGLE_ROOT/test/benign/1367.jpg,test,0,4041,4.0,True,HAM_0000715,0
$KAGGLE_ROOT/test/benign/1373.jpg,test,0,6882,0.0,True,HAM_0007476,0
$KAGGLE_ROOT/test/benign/1376.jpg,test,0,3729,0.0,True,HAM_0003914,0
$KAGGLE_ROOT/test/benign/1377.jpg,test,0,3011,2.0,True,HAM_0001180,0
$KAGGLE_ROOT/test/benign/1378.jpg,test,0,5169,0.0,True,HAM_0001955,0
$KAGGLE_ROOT/test/benign/1381.jpg,test,0,4326,2.0,True,HAM_0001127,0
$KAGGLE_ROOT/test/benign/1393.jpg,test,0,9244,2.0,True,HAM_0001169,0
$KAGGLE_ROOT/test/benign/140.jpg,test,0,6107,2.0,True,HAM_0007130,0
$KAGGLE_ROOT/test/benign/1400.jpg,test,0,4852,4.0,True,HAM_0002141,0
$KAGGLE_ROOT/test/benign/1401.jpg,test,0,8427,2.0,True,HAM_0000418,0
$KAGGLE_ROOT/test/benign/1409.jpg,test,0,7077,0.0,True,HAM_0000269,0
$KAGGLE_ROOT/test/benign/1412.jpg,test,0,6992,2.0,True,HAM_0001767,0
$KAGGLE_ROOT/test/benign/1415.jpg,test,0,4422,0.0,True,HAM_0002635,0
$KAGGLE_ROOT/test/benign/144.jpg,test,0,5297,4.0,True,HAM_0000935,0
$KAGGLE_ROOT/test/benign/1441.jpg,test,0,4668,4.0,True,HAM_0004059,0
$KAGGLE_ROOT/test/benign/1443.jpg,test,0,9424,4.0,True,HAM_0001009,0
$KAGGLE_ROOT/test/benign/1445.jpg,test,0,6264,0.0,True,HAM_0007506,0
$KAGGLE_ROOT/test/benign/1448.jpg,test,0,4539,6.0,True,HAM_0002122,0
$KAGGLE_ROOT/test/benign/1466.jpg,test,0,4966,0.0,True,HAM_0001445,0
$KAGGLE_ROOT/test/benign/1468.jpg,test,0,3902,2.0,True,HAM_0006786,0
$KAGGLE_ROOT/test/benign/147.jpg,test,0,6857,6.0,True,HAM_0006359,0
$KAGGLE_ROOT/test/benign/1471.jpg,test,0,4197,2.0,True,HAM_0000829,0
$KAGGLE_ROOT/test/benign/1473.jpg,test,0,5545,0.0,True,HAM_0007175,0
$KAGGLE_ROOT/test/benign/1479.jpg,test,0,8248,2.0,True,HAM_0004239,0
$KAGGLE_ROOT/test/benign/1481.jpg,test,0,8619,0.0,True,HAM_0005429,0
$KAGGLE_ROOT/test/benign/1483.jpg,test,0,8523,2.0,True,HAM_0001846,0
$KAGGLE_ROOT/test/benign/1485.jpg,test,0,8491,0.0,True,HAM_0006884,0
$KAGGLE_ROOT/test/benign/1488.jpg,test,0,8872,0.0,True,HAM_0006323,0
$KAGGLE_ROOT/test/benign/1492.jpg,test,0,8975,0.0,True,HAM_0000073,0
$KAGGLE_ROOT/test/benign/1499.jpg,test,0,6419,4.0,True,HAM_0004421,0
$KAGGLE_ROOT/test/benign/15.jpg,test,0,4241,4.0,True,HAM_0004938,0
$KAGGLE_ROOT/test/benign/1502.jpg,test,0,6556,4.0,True,HAM_0006627,0
$KAGGLE_ROOT/test/benign/1514.jpg,test,0,6711,4.0,True,HAM_0000854,0
$KAGGLE_ROOT/test/benign/1516.jpg,test,0,4009,2.0,True,HAM_0005223,0
$KAGGLE_ROOT/test/benign/1519.jpg,test,0,4460,4.0,True,HAM_0006388,0
$KAGGLE_ROOT/test/benign/1521.jpg,test,0,8642,6.0,True,HAM_0007013,0
$KAGGLE_ROOT/test/benign/1530.jpg,test,0,5852,0.0,True,HAM_0001859,0
$KAGGLE_ROOT/test/benign/1537.jpg,test,0,8503,0.0,True,HAM_0003585,0
$KAGGLE_ROOT/test/benign/1538.jpg,test,0,5900,2.0,True,HAM_0007115,0
$KAGGLE_ROOT/test/benign/154.jpg,test,0,3184,2.0,True,HAM_0001117,0
$KAGGLE_ROOT/test/benign/1545.jpg,test,0,3007,2.0,True,HAM_0003227,0
$KAGGLE_ROOT/test/benign/1559.jpg,test,0,3419,4.0,True,HAM_0002080,0
$KAGGLE_ROOT/test/benign/1576.jpg,test,0,8459,4.0,True,HAM_0002675,0
$KAGGLE_ROOT/test/benign/1578.jpg,test,0,8629,0.0,True,HAM_0000225,0
$KAGGLE_ROOT/test/benign/1579.jpg,test,0,5750,2.0,True,HAM_0002674,0
$KAGGLE_ROOT/test/benign/1592.jpg,test,0,8740,0.0,True,HAM_0000347,0
$KAGGLE_ROOT/test/benign/16.jpg,test,0,3807,2.0,True,HAM_0006950,0
$KAGGLE_ROOT/test/benign/1602.jpg,test,0,8669,2.0,True,HAM_0000366,0
$KAGGLE_ROOT/test/benign/1607.jpg,test,0,4069,4.0,True,HAM_0006369,0
$KAGGLE_ROOT/test/benign/161.jpg,test,0,9653,0.0,True,HAM_0001393,0
$KAGGLE_ROOT/test/benign/1610.jpg,test,0,4903,2.0,True,HAM_0002880,0
$KAGGLE_ROOT/test/benign/1611.jpg,test,0,5084,2.0,True,HAM_0005503,0
$KAGGLE_ROOT/test/benign/1628.jpg,test,0,4134,6.0,True,HAM_0002544,0
$KAGGLE_ROOT/test/benign/1632.jpg,test,0,6666,0.0,True,HAM_0002802,0
$KAGGLE_ROOT/test/benign/1634.jpg,test,0,6787,0.0,True,HAM_0003692,0
$KAGGLE_ROOT/test/benign/1637.jpg,test,0,4448,6.0,True,HAM_0003338,0
$KAGGLE_ROOT/test/benign/1642.jpg,test,0,7108,2.0,True,HAM_0006155,0
$KAGGLE_ROOT/test/benign/1646.jpg,test,0,8779,4.0,True,HAM_0005750,0
$KAGGLE_ROOT/test/benign/1648.jpg,test,0,6777,2.0,True,HAM_0002120,0
$KAGGLE_ROOT/test/benign/1655.jpg,test,0,4093,2.0,True,HAM_0006260,0
$KAGGLE_ROOT/test/benign/1657.jpg,test,0,6467,0.0,True,HAM_0002395,0
$KAGGLE_ROOT/test/benign/1672.jpg,test,0,4834,0.0,True,HAM_0002479,0
$KAGGLE_ROOT/test/benign/1682.jpg,test,0,6508,0.0,True,HAM_0005468,0
$KAGGLE_ROOT/test/benign/1687.jpg,test,0,9206,2.0,True,HAM_0005250,0
$KAGGLE_ROOT/test/benign/1696.jpg,test,0,6485,2.0,True,HAM_0005851,0
$KAGGLE_ROOT/test/benign/1701.jpg,test,0,9105,0.0,True,HAM_0005318,0
$KAGGLE_ROOT/test/benign/1704.jpg,test,0,3279,0.0,True,HAM_0006537,0
$KAGGLE_ROOT/test/benign/1710.jpg,test,0,6915,0.0,True,HAM_0003475,0
$KAGGLE_ROOT/test/benign/1711.jpg,test,0,7095,2.0,True,HAM_0005159,0
$KAGGLE_ROOT/test/benign/1714.jpg,test,0,6176,4.0,True,HAM_0000325,0
$KAGGLE_ROOT/test/benign/1719.jpg,test,0,5487,4.0,True,HAM_0006865,0
$KAGGLE_ROOT/test/benign/1721.jpg,test,0,6717,4.0,True,HAM_0000892,0
$KAGGLE_ROOT/test/benign/1731.jpg,test,0,9155,2.0,True,HAM_0006910,0
$KAGGLE_ROOT/test/benign/1737.jpg,test,0,4863,2.0,True,HAM_0000008,0
$KAGGLE_ROOT/test/benign/1745.jpg,test,0,9253,2.0,True,HAM_0001329,0
$KAGGLE_ROOT/test/benign/1747.jpg,test,0,4909,2.0,True,HAM_0007440,0
$KAGGLE_ROOT/test/benign/1748.jpg,test,0,3673,0.0,True,HAM_0006382,0
$KAGGLE_ROOT/test/benign/1756.jpg,test,0,5714,4.0,True,HAM_0001352,0
$KAGGLE_ROOT/test/benign/1757.jpg,test,0,8649,0.0,True,HAM_0004324,0
$KAGGLE_ROOT/test/benign/1758.jpg,test,0,5450,4.0,True,HAM_0006022,0
$KAGGLE_ROOT/test/benign/1764.jpg,test,0,6353,2.0,True,HAM_0003285,0
$KAGGLE_ROOT/test/benign/1768.jpg,test,0,6340,0.0,True,HAM_0001222,0
$KAGGLE_ROOT/test/benign/1773.jpg,test,0,5552,0.0,True,HAM_0000870,0
$KAGGLE_ROOT/test/benign/1797.jpg,test,0,5398,2.0,True,HAM_0005418,0
$KAGGLE_ROOT/test/benign/1798.jpg,test,0,8701,2.0,True,HAM_0007066,0
$KAGGLE_ROOT/test/benign/18.jpg,test,0,3433,2.0,True,HAM_0005797,0
$KAGGLE_ROOT/test/benign/1800.jpg,test,0,2998,0.0,True,HAM_0000727,0
$KAGGLE_ROOT/test/benign/185.jpg,test,0,3722,2.0,True,HAM_0005323,0
$KAGGLE_ROOT/test/benign/186.jpg,test,0,4128,2.0,True,HAM_0002457,0
$KAGGLE_ROOT/test/benign/2.jpg,test,0,6743,0.0,True,HAM_0000960,0
$KAGGLE_ROOT/test/benign/205.jpg,test,0,5352,2.0,True,HAM_0004794,0
$KAGGLE_ROOT/test/benign/211.jpg,test,0,5357,4.0,True,HAM_0006565,0
$KAGGLE_ROOT/test/benign/215.jpg,test,0,6486,0.0,True,HAM_0003478,0
$KAGGLE_ROOT/test/benign/216.jpg,test,0,6403,2.0,True,HAM_0003554,0
$KAGGLE_ROOT/test/benign/224.jpg,test,0,8728,2.0,True,HAM_0006464,0
$KAGGLE_ROOT/test/benign/226.jpg,test,0,4940,2.0,True,HAM_0003880,0
$KAGGLE_ROOT/test/benign/237.jpg,test,0,9238,8.0,True,HAM_0001498,0
$KAGGLE_ROOT/test/benign/245.jpg,test,0,9091,2.0,True,HAM_0000798,0
$KAGGLE_ROOT/test/benign/250.jpg,test,0,4843,2.0,True,HAM_0006952,0
$KAGGLE_ROOT/test/benign/251.jpg,test,0,6466,2.0,True,HAM_0000558,0
$KAGGLE_ROOT/test/benign/253.jpg,test,0,9232,2.0,True,HAM_0006358,0
$KAGGLE_ROOT/test/benign/256.jpg,test,0,3590,4.0,True,HAM_0001123,0
$KAGGLE_ROOT/test/benign/259.jpg,test,0,3918,2.0,True,HAM_0005169,0
$KAGGLE_ROOT/test/benign/267.jpg,test,0,4404,2.0,True,HAM_0001071,0
$KAGGLE_ROOT/test/benign/268.jpg,test,0,6990,0.0,True,HAM_0007579,0
$KAGGLE_ROOT/test/benign/273.jpg,test,0,9070,0.0,True,HAM_0006458,0
$KAGGLE_ROOT/test/benign/284.jpg,test,0,4020,2.0,True,HAM_0004552,0
$KAGGLE_ROOT/test/benign/287.jpg,test,0,3640,4.0,True,HAM_0005242,0
$KAGGLE_ROOT/test/benign/289.jpg,test,0,3704,4.0,True,HAM_0001959,0
$KAGGLE_ROOT/test/benign/291.jpg,test,0,4951,2.0,True,HAM_0003922,0
$KAGGLE_ROOT/test/benign/300.jpg,test,0,3748,0.0,True,HAM_0003595,0
$KAGGLE_ROOT/test/benign/303.jpg,test,0,4127,2.0,True,HAM_0005890,0
$KAGGLE_ROOT/test/benign/304.jpg,test,0,7251,2.0,True,HAM_0002796,0
$KAGGLE_ROOT/test/benign/31.jpg,test,0,8463,2.0,True,HAM_0001555,0
$KAGGLE_ROOT/test/benign/311.jpg,test,0,6821,0.0,True,HAM_0002314,0
$KAGGLE_ROOT/test/benign/313.jpg,test,0,5490,4.0,True,HAM_0001856,0
$KAGGLE_ROOT/test/benign/317.jpg,test,0,6612,2.0,True,HAM_0003378,0
$KAGGLE_ROOT/test/benign/322.jpg,test,0,6788,2.0,True,HAM_0003692,0
$KAGGLE_ROOT/test/benign/323.jpg,test,0,5676,0.0,True,HAM_0005120,0
$KAGGLE_ROOT/test/benign/330.jpg,test,0,5262,2.0,True,HAM_0003769,0
$KAGGLE_ROOT/test/benign/332.jpg,test,0,4195,2.0,True,HAM_0005445,0
$KAGGLE_ROOT/test/benign/335.jpg,test,0,8327,0.0,True,HAM_0002645,0
$KAGGLE_ROOT/test/benign/344.jpg,test,0,9327,4.0,True,HAM_0005720,0
$KAGGLE_ROOT/test/benign/348.jpg,test,0,6732,0.0,True,HAM_0004997,0
$KAGGLE_ROOT/test/benign/354.jpg,test,0,6199,4.0,True,HAM_0000644,0
$KAGGLE_ROOT/test/benign/356.jpg,test,0,4028,0.0,True,HAM_0000010,0
$KAGGLE_ROOT/test/benign/367.jpg,test,0,5351,2.0,True,HAM_0004228,0
$KAGGLE_ROOT/test/benign/369.jpg,test,0,6204,6.0,True,HAM_0000461,0
$KAGGLE_ROOT/test/benign/37.jpg,test,0,6942,2.0,True,HAM_0006484,0
$KAGGLE_ROOT/test/benign/378.jpg,test,0,3365,4.0,True,HAM_0000548,0
$KAGGLE_ROOT/test/benign/379.jpg,test,0,3566,2.0,True,HAM_0000183,0
$KAGGLE_ROOT/test/benign/385.jpg,test,0,4065,4.0,True,HAM_0001754,0
$KAGGLE_ROOT/test/benign/388.jpg,test,0,6510,2.0,True,HAM_0001829,0
$KAGGLE_ROOT/test/benign/389.jpg,test,0,6609,0.0,True,HAM_0006043,0
$KAGGLE_ROOT/test/benign/394.jpg,test,0,9038,2.0,True,HAM_0003415,0
$KAGGLE_ROOT/test/benign/404.jpg,test,0,4216,2.0,True,HAM_0005406,0
$KAGGLE_ROOT/test/benign/407.jpg,test,0,3110,2.0,True,HAM_0000047,0
$KAGGLE_ROOT/test/benign/414.jpg,test,0,5508,2.0,True,HAM_0005574,0
$KAGGLE_ROOT/test/benign/419.jpg,test,0,3289,2.0,True,HAM_0002138,0
$KAGGLE_ROOT/test/benign/427.jpg,test,0,3394,2.0,True,HAM_0006671,0
$KAGGLE_ROOT/test/benign/428.jpg,test,0,6428,0.0,True,HAM_0004595,0
$KAGGLE_ROOT/test/benign/433.jpg,test,0,7068,2.0,True,HAM_0005060,0
$KAGGLE_ROOT/test/benign/436.jpg,test,0,6698,0.0,True,HAM_0000965,0
$KAGGLE_ROOT/test/benign/437.jpg,test,0,4300,2.0,True,HAM_0000714,0
$KAGGLE_ROOT/test/benign/44.jpg,test,0,3484,2.0,True,HAM_0007067,0
$KAGGLE_ROOT/test/benign/444.jpg,test,0,3715,0.0,True,HAM_0003900,0
$KAGGLE_ROOT/test/benign/449.jpg,test,0,8478,2.0,True,HAM_0002684,0
$KAGGLE_ROOT/test/benign/45.jpg,test,0,6053,6.0,True,HAM_0004674,0
$KAGGLE_ROOT/test/benign/454.jpg,test,0,3746,2.0,True,HAM_0004473,0
$KAGGLE_ROOT/test/benign/457.jpg,test,0,4564,2.0,True,HAM_0002133,0
$KAGGLE_ROOT/test/benign/462.jpg,test,0,5712,0.0,True,HAM_0003417,0
$KAGGLE_ROOT/test/benign/475.jpg,test,0,3769,2.0,True,HAM_0001670,0
$KAGGLE_ROOT/test/benign/479.jpg,test,0,5846,2.0,True,HAM_0001187,0
$KAGGLE_ROOT/test/benign/484.jpg,test,0,9003,0.0,True,HAM_0007178,0
$KAGGLE_ROOT/test/benign/495.jpg,test,0,4984,4.0,True,HAM_0001398,0
$KAGGLE_ROOT/test/benign/5.jpg,test,0,8519,2.0,True,HAM_0003446,0
$KAGGLE_ROOT/test/benign/520.jpg,test,0,3944,6.0,True,HAM_0007082,0
$KAGGLE_ROOT/test/benign/527.jpg,test,0,5448,4.0,True,HAM_0004144,0
$KAGGLE_ROOT/test/benign/532.jpg,test,0,6801,2.0,True,HAM_0006457,0
$KAGGLE_ROOT/test/benign/535.jpg,test,0,4996,2.0,True,HAM_0004659,0
$KAGGLE_ROOT/test/benign/536.jpg,test,0,4158,2.0,True,HAM_0007525,0
$KAGGLE_ROOT/test/benign/54.jpg,test,0,6013,6.0,True,HAM_0002870,0
$KAGGLE_ROOT/test/benign/545.jpg,test,0,5949,4.0,True,HAM_0004403,0
$KAGGLE_ROOT/test/benign/548.jpg,test,0,9208,0.0,True,HAM_0005479,0
$KAGGLE_ROOT/test/benign/552.jpg,test,0,5146,2.0,True,HAM_0007363,0
$KAGGLE_ROOT/test/benign/558.jpg,test,0,4025,2.0,True,HAM_0002239,0
$KAGGLE_ROOT/test/benign/559.jpg,test,0,8882,0.0,True,HAM_0002025,0
$KAGGLE_ROOT/test/benign/560.jpg,test,0,6160,4.0,True,HAM_0002360,0
$KAGGLE_ROOT/test/benign/561.jpg,test,0,3369,2.0,True,HAM_0005462,0
$KAGGLE_ROOT/test/benign/562.jpg,test,0,4022,2.0,True,HAM_0002254,0
$KAGGLE_ROOT/test/benign/566.jpg,test,0,8758,2.0,True,HAM_0003058,0
$KAGGLE_ROOT/test/benign/57.jpg,test,0,4787,6.0,True,HAM_0004668,0
$KAGGLE_ROOT/test/benign/572.jpg,test,0,5445,2.0,True,HAM_0001463,0
$KAGGLE_ROOT/test/benign/573.jpg,test,0,9271,2.0,True,HAM_0003579,0
$KAGGLE_ROOT/test/benign/574.jpg,test,0,3443,2.0,True,HAM_0000867,0
$KAGGLE_ROOT/test/benign/575.jpg,test,0,7038,6.0,True,HAM_0003892,0
$KAGGLE_ROOT/test/benign/580.jpg,test,0,6408,0.0,True,HAM_0002237,0
$KAGGLE_ROOT/test/benign/588.jpg,test,0,6048,4.0,True,HAM_0006392,0
$KAGGLE_ROOT/test/benign/596.jpg,test,0,4803,4.0,True,HAM_0006440,0
$KAGGLE_ROOT/test/benign/603.jpg,test,0,5270,0.0,True,HAM_0003604,0
$KAGGLE_ROOT/test/benign/61.jpg,test,0,3062,2.0,True,HAM_0007236,0
$KAGGLE_ROOT/test/benign/612.jpg,test,0,3343,4.0,True,HAM_0006416,0
$KAGGLE_ROOT/test/benign/623.jpg,test,0,8706,2.0,True,HAM_0000764,0
$KAGGLE_ROOT/test/benign/624.jpg,test,0,6616,2.0,True,HAM_0004825,0
$KAGGLE_ROOT/test/benign/626.jpg,test,0,6792,2.0,True,HAM_0002856,0
$KAGGLE_ROOT/test/benign/63.jpg,test,0,3917,4.0,True,HAM_0000265,0
$KAGGLE_ROOT/test/benign/631.jpg,test,0,5761,4.0,True,HAM_0000416,0
$KAGGLE_ROOT/test/benign/634.jpg,test,0,8425,2.0,True,HAM_0007456,0
$KAGGLE_ROOT/test/benign/635.jpg,test,0,6217,2.0,True,HAM_0002500,0
$KAGGLE_ROOT/test/benign/636.jpg,test,0,9420,0.0,True,HAM_0003040,0
$KAGGLE_ROOT/test/benign/642.jpg,test,0,3848,4.0,True,HAM_0000031,0
$KAGGLE_ROOT/test/benign/644.jpg,test,0,8832,2.0,True,HAM_0007049,0
$KAGGLE_ROOT/test/benign/647.jpg,test,0,8851,4.0,True,HAM_0003159,0
$KAGGLE_ROOT/test/benign/658.jpg,test,0,3280,2.0,True,HAM_0002702,0
$KAGGLE_ROOT/test/benign/659.jpg,test,0,5734,4.0,True,HAM_0005460,0
$KAGGLE_ROOT/test/benign/660.jpg,test,0,8703,4.0,True,HAM_0004942,0
$KAGGLE_ROOT/test/benign/663.jpg,test,0,8914,2.0,True,HAM_0000311,0
$KAGGLE_ROOT/test/benign/664.jpg,test,0,5062,0.0,True,HAM_0004052,0
$KAGGLE_ROOT/test/benign/668.jpg,test,0,8504,2.0,True,HAM_0006266,0
$KAGGLE_ROOT/test/benign/670.jpg,test,0,7246,0.0,True,HAM_0006187,0
$KAGGLE_ROOT/test/benign/676.jpg,test,0,8901,2.0,True,HAM_0004519,0
$KAGGLE_ROOT/test/benign/678.jpg,test,0,7050,2.0,True,HAM_0002231,0
$KAGGLE_ROOT/test/benign/681.jpg,test,0,4428,2.0,True,HAM_0007565,0
$KAGGLE_ROOT/test/benign/689.jpg,test,0,4646,0.0,True,HAM_0002118,0
$KAGGLE_ROOT/test/benign/690.jpg,test,0,4518,2.0,True,HAM_0004727,0
$KAGGLE_ROOT/test/benign/700.jpg,test,0,6014,4.0,True,HAM_0004959,0
$KAGGLE_ROOT/test/benign/71.jpg,test,0,8470,2.0,True,HAM_0004775,0
$KAGGLE_ROOT/test/benign/712.jpg,test,0,4292,4.0,True,HAM_0000991,0
$KAGGLE_ROOT/test/benign/717.jpg,test,0,8056,2.0,True,HAM_0001002,0
$KAGGLE_ROOT/test/benign/720.jpg,test,0,4299,2.0,True,HAM_0006768,0
$KAGGLE_ROOT/test/benign/721.jpg,test,0,6225,4.0,True,HAM_0005470,0
$KAGGLE_ROOT/test/benign/724.jpg,test,0,8072,0.0,True,HAM_0000348,0
$KAGGLE_ROOT/test/benign/725.jpg,test,0,6441,0.0,True,HAM_0006686,0
$KAGGLE_ROOT/test/benign/74.jpg,test,0,4090,0.0,True,HAM_0000475,0
$KAGGLE_ROOT/test/benign/751.jpg,test,0,5514,2.0,True,HAM_0001184,0
$KAGGLE_ROOT/test/benign/758.jpg,test,0,4711,0.0,True,HAM_0000908,0
$KAGGLE_ROOT/test/benign/762.jpg,test,0,4393,2.0,True,HAM_0007298,0
$KAGGLE_ROOT/test/benign/763.jpg,test,0,6343,2.0,True,HAM_0006319,0
$KAGGLE_ROOT/test/benign/768.jpg,test,0,3454,4.0,True,HAM_0000175,0
$KAGGLE_ROOT/test/benign/770.jpg,test,0,8938,2.0,True,HAM_0001318,0
$KAGGLE_ROOT/test/benign/773.jpg,test,0,8346,2.0,True,HAM_0001507,0
$KAGGLE_ROOT/test/benign/774.jpg,test,0,4715,0.0,True,HAM_0001481,0
$KAGGLE_ROOT/test/benign/778.jpg,test,0,6868,4.0,True,HAM_0003912,0
$KAGGLE_ROOT/test/benign/790.jpg,test,0,4253,2.0,True,HAM_0005556,0
$KAGGLE_ROOT/test/benign/8.jpg,test,0,4097,4.0,True,HAM_0007158,0
$KAGGLE_ROOT/test/benign/802.jpg,test,0,9669,0.0,True,HAM_0007122,0
$KAGGLE_ROOT/test/benign/805.jpg,test,0,5915,2.0,True,HAM_0006957,0
$KAGGLE_ROOT/test/benign/806.jpg,test,0,3892,2.0,True,HAM_0003309,0
$KAGGLE_ROOT/test/benign/813.jpg,test,0,6661,4.0,True,HAM_0000061,0
$KAGGLE_ROOT/test/benign/819.jpg,test,0,8117,0.0,True,HAM_0003867,0
$KAGGLE_ROOT/test/benign/820.jpg,test,0,3562,4.0,True,HAM_0003541,0
$KAGGLE_ROOT/test/benign/823.jpg,test,0,8085,2.0,True,HAM_0000279,0
$KAGGLE_ROOT/test/benign/824.jpg,test,0,6766,0.0,True,HAM_0004267,0
$KAGGLE_ROOT/test/benign/825.jpg,test,0,4955,2.0,True,HAM_0004778,0
$KAGGLE_ROOT/test/benign/826.jpg,test,0,5696,4.0,True,HAM_0004990,0
$KAGGLE_ROOT/test/benign/828.jpg,test,0,6351,2.0,True,HAM_0001324,0
$KAGGLE_ROOT/test/benign/83.jpg,test,0,5583,2.0,True,HAM_0001108,0
$KAGGLE_ROOT/test/benign/830.jpg,test,0,6507,0.0,True,HAM_0002990,0
$KAGGLE_ROOT/test/benign/84.jpg,test,0,6298,0.0,True,HAM_0006293,0
$KAGGLE_ROOT/test/benign/840.jpg,test,0,6548,2.0,True,HAM_0001191,0
$KAGGLE_ROOT/test/benign/854.jpg,test,0,5592,2.0,True,HAM_0004085,0
$KAGGLE_ROOT/test/benign/869.jpg,test,0,4700,4.0,True,HAM_0004323,0
$KAGGLE_ROOT/test/benign/874.jpg,test,0,2980,0.0,True,HAM_0001940,0
$KAGGLE_ROOT/test/benign/878.jpg,test,0,7046,2.0,True,HAM_0007249,0
$KAGGLE_ROOT/test/benign/88.jpg,test,0,3542,0.0,True,HAM_0000927,0
$KAGGLE_ROOT/test/benign/880.jpg,test,0,8152,2.0,True,HAM_0000070,0
$KAGGLE_ROOT/test/benign/887.jpg,test,0,3398,2.0,True,HAM_0001523,0
$KAGGLE_ROOT/test/benign/888.jpg,test,0,8222,4.0,True,HAM_0003387,0
$KAGGLE_ROOT/test/benign/892.jpg,test,0,8646,4.0,True,HAM_0002171,0
$KAGGLE_ROOT/test/benign/893.jpg,test,0,6187,2.0,True,HAM_0006425,0
$KAGGLE_ROOT/test/benign/894.jpg,test,0,9239,2.0,True,HAM_0001498,0
$KAGGLE_ROOT/test/benign/895.jpg,test,0,6148,4.0,True,HAM_0002041,0
$KAGGLE_ROOT/test/benign/9.jpg,test,0,6108,4.0,True,HAM_0005138,0
$KAGGLE_ROOT/test/benign/90.jpg,test,0,4831,2.0,True,HAM_0006215,0
$KAGGLE_ROOT/test/benign/903.jpg,test,0,8131,0.0,True,HAM_0003675,0
$KAGGLE_ROOT/test/benign/906.jpg,test,0,6725,2.0,True,HAM_0001684,0
$KAGGLE_ROOT/test/benign/909.jpg,test,0,8166,2.0,True,HAM_0003758,0
$KAGGLE_ROOT/test/benign/912.jpg,test,0,8920,2.0,True,HAM_0000850,0
$KAGGLE_ROOT/test/benign/916.jpg,test,0,8932,0.0,True,HAM_0001702,0
$KAGGLE_ROOT/test/benign/919.jpg,test,0,9213,4.0,True,HAM_0003322,0
$KAGGLE_ROOT/test/benign/925.jpg,test,0,8962,4.0,True,HAM_0000778,0
$KAGGLE_ROOT/test/benign/936.jpg,test,0,4284,2.0,True,HAM_0002846,0
$KAGGLE_ROOT/test/benign/943.jpg,test,0,5951,4.0,True,HAM_0006209,0
$KAGGLE_ROOT/test/benign/944.jpg,test,0,5835,4.0,True,HAM_0000980,0
$KAGGLE_ROOT/test/benign/946.jpg,test,0,6274,2.0,True,HAM_0003488,0
$KAGGLE_ROOT/test/benign/95.jpg,test,0,5729,8.0,True,HAM_0007400,0
$KAGGLE_ROOT/test/benign/958.jpg,test,0,8361,2.0,True,HAM_0000275,0
$KAGGLE_ROOT/test/benign/962.jpg,test,0,6392,4.0,True,HAM_0002179,0
$KAGGLE_ROOT/test/benign/964.jpg,test,0,9376,2.0,True,HAM_0004703,0
$KAGGLE_ROOT/test/benign/97.jpg,test,0,3623,4.0,True,HAM_0004499,0
$KAGGLE_ROOT/test/benign/972.jpg,test,0,6054,4.0,True,HAM_0004989,0
$KAGGLE_ROOT/test/benign/98.jpg,test,0,3628,2.0,True,HAM_0000564,0
$KAGGLE_ROOT/test/benign/982.jpg,test,0,7552,4.0,True,HAM_0006120,0
$KAGGLE_ROOT/test/benign/993.jpg,test,0,6410,2.0,True,HAM_0001717,0
$KAGGLE_ROOT/test/benign/998.jpg,test,0,5292,2.0,True,HAM_0005004,0
$KAGGLE_ROOT/test/malignant/1.jpg,test,1,819,86.0,False,HAM_0003789,0
$KAGGLE_ROOT/test/malignant/1003.jpg,test,1,2147,0.0,True,HAM_0002099,1
$KAGGLE_ROOT/test/malignant/1005.jpg,test,1,2112,0.0,True,HAM_0005251,1
$KAGGLE_ROOT/test/malignant/1007.jpg,test,1,2103,2.0,True,HAM_0004354,1
$KAGGLE_ROOT/test/malignant/1009.jpg,test,1,2161,0.0,True,HAM_0002772,1
$KAGGLE_ROOT/test/malignant/1012.jpg,test,1,2200,2.0,True,HAM_0002970,1
$KAGGLE_ROOT/test/malignant/1019.jpg,test,1,1456,2.0,True,HAM_0004121,1
$KAGGLE_ROOT/test/malignant/1022.jpg,test,1,1389,2.0,True,HAM_0000059,1
$KAGGLE_ROOT/test/malignant/1026.jpg,test,1,2036,0.0,True,HAM_0005533,1
$KAGGLE_ROOT/test/malignant/1027.jpg,test,1,2286,0.0,True,HAM_0004053,1
$KAGGLE_ROOT/test/malignant/1037.jpg,test,1,2279,2.0,True,HAM_0004053,1
$KAGGLE_ROOT/test/malignant/1038.jpg,test,1,2052,2.0,True,HAM_0004654,1
$KAGGLE_ROOT/test/malignant/1046.jpg,test,1,2288,0.0,True,HAM_0004596,1
$KAGGLE_ROOT/test/malignant/1049.jpg,test,1,1868,0.0,True,HAM_0005681,1
$KAGGLE_ROOT/test/malignant/1056.jpg,test,1,1937,0.0,True,HAM_0006017,1
$KAGGLE_ROOT/test/malignant/1058.jpg,test,1,2025,0.0,True,HAM_0006497,1
$KAGGLE_ROOT/test/malignant/1065.jpg,test,1,1403,0.0,True,HAM_0006896,1
$KAGGLE_ROOT/test/malignant/1074.jpg,test,1,2236,0.0,True,HAM_0003601,1
$KAGGLE_ROOT/test/malignant/1080.jpg,test,1,2226,2.0,True,HAM_0006764,1
$KAGGLE_ROOT/test/malignant/1083.jpg,test,1,2004,0.0,True,HAM_0002534,1
$KAGGLE_ROOT/test/malignant/1089.jpg,test,1,1988,0.0,True,HAM_0002430,1
$KAGGLE_ROOT/test/malignant/1091.jpg,test,1,2089,0.0,True,HAM_0006004,1
$KAGGLE_ROOT/test/malignant/1094.jpg,test,1,1287,0.0,True,HAM_0000099,1
$KAGGLE_ROOT/test/malignant/110.jpg,test,1,8971,88.0,False,HAM_0003640,0
$KAGGLE_ROOT/test/malignant/1112.jpg,test,1,2230,2.0,True,HAM_0005789,1
$KAGGLE_ROOT/test/malignant/1113.jpg,test,1,1418,2.0,True,HAM_0000796,1
$KAGGLE_ROOT/test/malignant/1119.jpg,test,1,1656,2.0,True,HAM_0006037,1
$KAGGLE_ROOT/test/malignant/1120.jpg,test,1,1215,2.0,True,HAM_0005678,1
$KAGGLE_ROOT/test/malignant/1128.jpg,test,1,2257,2.0,True,HAM_0007498,1
$KAGGLE_ROOT/test/malignant/1135.jpg,test,1,2246,0.0,True,HAM_0004559,1
$KAGGLE_ROOT/test/malignant/1141.jpg,test,1,1283,0.0,True,HAM_0006253,1
$KAGGLE_ROOT/test/malignant/1150.jpg,test,1,1417,0.0,True,HAM_0000796,1
$KAGGLE_ROOT/test/malignant/1151.jpg,test,1,2075,0.0,True,HAM_0007114,1
$KAGGLE_ROOT/test/malignant/1155.jpg,test,1,1951,2.0,True,HAM_0002186,1
$KAGGLE_ROOT/test/malignant/1156.jpg,test,1,1949,2.0,True,HAM_0002491,1
$KAGGLE_ROOT/test/malignant/1160.jpg,test,1,2305,2.0,True,HAM_0003534,1
$KAGGLE_ROOT/test/malignant/1164.jpg,test,1,1346,4.0,True,HAM_0003212,1
$KAGGLE_ROOT/test/malignant/1166.jpg,test,1,2039,2.0,True,HAM_0000856,1
$KAGGLE_ROOT/test/malignant/1170.jpg,test,1,2181,0.0,True,HAM_0001814,1
$KAGGLE_ROOT/test/malignant/1173.jpg,test,1,1942,2.0,True,HAM_0001819,1
$KAGGLE_ROOT/test/malignant/1176.jpg,test,1,2248,0.0,True,HAM_0004622,1
$KAGGLE_ROOT/test/malignant/1185.jpg,test,1,2102,2.0,True,HAM_0000125,1
$KAGGLE_ROOT/test/malignant/1186.jpg,test,1,2090,0.0,True,HAM_0006006,1
$KAGGLE_ROOT/test/malignant/1187.jpg,test,1,2212,2.0,True,HAM_0006779,1
$KAGGLE_ROOT/test/malignant/1189.jpg,test,1,2256,0.0,True,HAM_0002109,1
$KAGGLE_ROOT/test/malignant/1194.jpg,test,1,2292,2.0,True,HAM_0006832,1
$KAGGLE_ROOT/test/malignant/1197.jpg,test,1,2272,0.0,True,HAM_0002591,1
$KAGGLE_ROOT/test/malignant/1198.jpg,test,1,2005,4.0,True,HAM_0004281,1
$KAGGLE_ROOT/test/malignant/1211.jpg,test,1,1420,0.0,True,HAM_0003330,1
$KAGGLE_ROOT/test/malignant/1215.jpg,test,1,1998,4.0,True,HAM_0006538,1
$KAGGLE_ROOT/test/malignant/1216.jpg,test,1,1446,2.0,True,HAM_0002391,1
$KAGGLE_ROOT/test/malignant/1218.jpg,test,1,2053,0.0,True,HAM_0007019,1
$KAGGLE_ROOT/test/malignant/1220.jpg,test,1,2243,2.0,True,HAM_0004898,1
$KAGGLE_ROOT/test/malignant/1221.jpg,test,1,2193,4.0,True,HAM_0002817,1
$KAGGLE_ROOT/test/malignant/1227.jpg,test,1,1382,4.0,True,HAM_0003683,1
$KAGGLE_ROOT/test/malignant/1228.jpg,test,1,1461,0.0,True,HAM_0005719,1
$KAGGLE_ROOT/test/malignant/1229.jpg,test,1,2267,2.0,True,HAM_0002130,1
$KAGGLE_ROOT/test/malignant/1234.jpg,test,1,1795,2.0,True,HAM_0003700,1
$KAGGLE_ROOT/test/malignant/1238.jpg,test,1,1308,0.0,True,HAM_0004643,1
$KAGGLE_ROOT/test/malignant/1242.jpg,test,1,2218,0.0,True,HAM_0004936,1
$KAGGLE_ROOT/test/malignant/1251.jpg,test,1,1401,0.0,True,HAM_0006635,1
$KAGGLE_ROOT/test/malignant/1254.jpg,test,1,1500,0.0,True,HAM_0001266,1
$KAGGLE_ROOT/test/malignant/1256.jpg,test,1,1955,2.0,True,HAM_0006626,1
$KAGGLE_ROOT/test/malignant/1262.jpg,test,1,1366,2.0,True,HAM_0005742,1
$KAGGLE_ROOT/test/malignant/1266.jpg,test,1,2135,2.0,True,HAM_0007242,1
$KAGGLE_ROOT/test/malignant/1267.jpg,test,1,1278,0.0,True,HAM_0004126,1
$KAGGLE_ROOT/test/malignant/1268.jpg,test,1,1252,0.0,True,HAM_0006900,1
$KAGGLE_ROOT/test/malignant/1280.jpg,test,1,1282,2.0,True,HAM_0006253,1
$KAGGLE_ROOT/test/malignant/1286.jpg,test,1,1770,0.0,True,HAM_0000375,1
$KAGGLE_ROOT/test/malignant/1289.jpg,test,1,2314,2.0,True,HAM_0004047,1
$KAGGLE_ROOT/test/malignant/129.jpg,test,1,1183,96.0,False,HAM_0005330,0
$KAGGLE_ROOT/test/malignant/1292.jpg,test,1,1748,0.0,True,HAM_0004853,1
$KAGGLE_ROOT/test/malignant/1295.jpg,test,1,2019,0.0,True,HAM_0002764,1
$KAGGLE_ROOT/test/malignant/1297.jpg,test,1,1990,2.0,True,HAM_0000917,1
$KAGGLE_ROOT/test/malignant/13.jpg,test,1,4195,86.0,False,HAM_0005445,0
$KAGGLE_ROOT/test/malignant/1300.jpg,test,1,2153,0.0,True,HAM_0005121,1
$KAGGLE_ROOT/test/malignant/1310.jpg,test,1,1421,2.0,True,HAM_0002897,1
$KAGGLE_ROOT/test/malignant/1320.jpg,test,1,2100,2.0,True,HAM_0006380,1
$KAGGLE_ROOT/test/malignant/1322.jpg,test,1,1991,2.0,True,HAM_0003176,1
$KAGGLE_ROOT/test/malignant/1330.jpg,test,1,1469,0.0,True,HAM_0001456,1
$KAGGLE_ROOT/test/malignant/1333.jpg,test,1,1303,0.0,True,HAM_0001847,1
$KAGGLE_ROOT/test/malignant/1336.jpg,test,1,2274,0.0,True,HAM_0002613,1
$KAGGLE_ROOT/test/malignant/1339.jpg,test,1,2166,0.0,True,HAM_0006160,1
$KAGGLE_ROOT/test/malignant/1342.jpg,test,1,2262,2.0,True,HAM_0002131,1
$KAGGLE_ROOT/test/malignant/1347.jpg,test,1,1976,0.0,True,HAM_0000888,1
$KAGGLE_ROOT/test/malignant/1354.jpg,test,1,1923,2.0,True,HAM_0000988,1
$KAGGLE_ROOT/test/malignant/1355.jpg,test,1,1377,2.0,True,HAM_0006214,1
$KAGGLE_ROOT/test/malignant/1358.jpg,test,1,1916,4.0,True,HAM_0000375,1
$KAGGLE_ROOT/test/malignant/1359.jpg,test,1,2111,2.0,True,HAM_0000767,1
$KAGGLE_ROOT/test/malignant/1364.jpg,test,1,2195,0.0,True,HAM_0003435,1
$KAGGLE_ROOT/test/malignant/1366.jpg,test,1,1321,0.0,True,HAM_0000531,1
$KAGGLE_ROOT/test/malignant/1370.jpg,test,1,2189,2.0,True,HAM_0000593,1
$KAGGLE_ROOT/test/malignant/1374.jpg,test,1,2179,0.0,True,HAM_0006380,1
$KAGGLE_ROOT/test/malignant/1378.jpg,test,1,1224,0.0,True,HAM_0006722,1
$KAGGLE_ROOT/test/malignant/1379.jpg,test,1,1348,0.0,True,HAM_0001202,1
$KAGGLE_ROOT/test/malignant/1380.jpg,test,1,2116,2.0,True,HAM_0001657,1
$KAGGLE_ROOT/test/malignant/1382.jpg,test,1,1384,0.0,True,HAM_0007229,1
$KAGGLE_ROOT/test/malignant/1383.jpg,test,1,2174,0.0,True,HAM_0002693,1
$KAGGLE_ROOT/test/malignant/139.jpg,test,1,4753,96.0,False,HAM_0007007,0
$KAGGLE_ROOT/test/malignant/1395.jpg,test,1,2029,2.0,True,HAM_0000863,1
$KAGGLE_ROOT/test/malignant/1401.jpg,test,1,1877,0.0,True,HAM_0002051,1
$KAGGLE_ROOT/test/malignant/1402.jpg,test,1,1970,2.0,True,HAM_0002711,1
$KAGGLE_ROOT/test/malignant/1417.jpg,test,1,1509,4.0,True,HAM_0007368,1
$KAGGLE_ROOT/test/malignant/1422.jpg,test,1,2096,2.0,True,HAM_0002609,1
$KAGGLE_ROOT/test/malignant/1425.jpg,test,1,1707,4.0,True,HAM_0005078,1
$KAGGLE_ROOT/test/malignant/1427.jpg,test,1,1306,2.0,True,HAM_0006739,1
$KAGGLE_ROOT/test/malignant/1430.jpg,test,1,2220,4.0,True,HAM_0001964,1
$KAGGLE_ROOT/test/malignant/1436.jpg,test,1,1982,2.0,True,HAM_0003400,1
$KAGGLE_ROOT/test/malignant/1438.jpg,test,1,2219,0.0,True,HAM_0000513,1
$KAGGLE_ROOT/test/malignant/1443.jpg,test,1,1304,0.0,True,HAM_0000152,1
$KAGGLE_ROOT/test/malignant/1447.jpg,test,1,1291,2.0,True,HAM_0002714,1
$KAGGLE_ROOT/test/malignant/1451.jpg,test,1,1286,2.0,True,HAM_0000099,1
$KAGGLE_ROOT/test/malignant/1461.jpg,test,1,2145,2.0,True,HAM_0006942,1
$KAGGLE_ROOT/test/malignant/1464.jpg,test,1,1512,4.0,True,HAM_0007343,1
$KAGGLE_ROOT/test/malignant/1484.jpg,test,1,1902,4.0,True,HAM_0000709,1
$KAGGLE_ROOT/test/malignant/1489.jpg,test,1,1834,2.0,True,HAM_0006923,1
$KAGGLE_ROOT/test/malignant/1495.jpg,test,1,1489,2.0,True,HAM_0003083,1
$KAGGLE_ROOT/test/malignant/1499.jpg,test,1,1782,4.0,True,HAM_0004129,1
$KAGGLE_ROOT/test/malignant/156.jpg,test,1,7335,76.0,False,HAM_0002574,0
$KAGGLE_ROOT/test/malignant/161.jpg,test,1,1175,94.0,False,HAM_0003597,0
$KAGGLE_ROOT/test/malignant/17.jpg,test,1,8871,86.0,False,HAM_0006323,0
$KAGGLE_ROOT/test/malignant/173.jpg,test,1,6468,96.0,False,HAM_0003494,0
$KAGGLE_ROOT/test/malignant/179.jpg,test,1,4725,82.0,False,HAM_0007582,0
$KAGGLE_ROOT/test/malignant/182.jpg,test,1,580,88.0,False,HAM_0002350,0
$KAGGLE_ROOT/test/malignant/184.jpg,test,1,5786,94.0,False,HAM_0003270,0
$KAGGLE_ROOT/test/malignant/185.jpg,test,1,5503,92.0,False,HAM_0001577,0
$KAGGLE_ROOT/test/malignant/186.jpg,test,1,9594,78.0,False,HAM_0004237,0
$KAGGLE_ROOT/test/malignant/190.jpg,test,1,3553,82.0,False,HAM_0007465,0
$KAGGLE_ROOT/test/malignant/193.jpg,test,1,7592,100.0,False,HAM_0005331,0
$KAGGLE_ROOT/test/malignant/195.jpg,test,1,2819,92.0,False,HAM_0007557,0
$KAGGLE_ROOT/test/malignant/196.jpg,test,1,1136,94.0,False,HAM_0004371,0
$KAGGLE_ROOT/test/malignant/200.jpg,test,1,5519,94.0,False,HAM_0004666,0
$KAGGLE_ROOT/test/malignant/208.jpg,test,1,6444,92.0,False,HAM_0002854,0
$KAGGLE_ROOT/test/malignant/231.jpg,test,1,68,92.0,False,HAM_0004641,0
$KAGGLE_ROOT/test/malignant/232.jpg,test,1,6372,88.0,False,HAM_0006966,0
$KAGGLE_ROOT/test/malignant/237.jpg,test,1,7058,86.0,False,HAM_0005244,0
$KAGGLE_ROOT/test/malignant/238.jpg,test,1,1426,84.0,False,HAM_0007243,1
$KAGGLE_ROOT/test/malignant/24.jpg,test,1,5205,84.0,False,HAM_0000026,0
$KAGGLE_ROOT/test/malignant/247.jpg,test,1,5262,96.0,False,HAM_0003769,0
$KAGGLE_ROOT/test/malignant/256.jpg,test,1,3875,94.0,False,HAM_0005123,0
$KAGGLE_ROOT/test/malignant/257.jpg,test,1,6160,92.0,False,HAM_0002360,0
$KAGGLE_ROOT/test/malignant/258.jpg,test,1,4053,88.0,False,HAM_0003529,0
$KAGGLE_ROOT/test/malignant/260.jpg,test,1,7570,82.0,False,HAM_0001808,0
$KAGGLE_ROOT/test/malignant/275.jpg,test,1,263,94.0,False,HAM_0001837,0
$KAGGLE_ROOT/test/malignant/276.jpg,test,1,3309,84.0,False,HAM_0004710,0
$KAGGLE_ROOT/test/malignant/3.jpg,test,1,7207,94.0,False,HAM_0004706,0
$KAGGLE_ROOT/test/malignant/303.jpg,test,1,6982,78.0,False,HAM_0006303,0
$KAGGLE_ROOT/test/malignant/307.jpg,test,1,7804,98.0,False,HAM_0004424,0
$KAGGLE_ROOT/test/malignant/310.jpg,test,1,4,88.0,False,HAM_0001466,0
$KAGGLE_ROOT/test/malignant/317.jpg,test,1,8376,88.0,False,HAM_0000188,0
$KAGGLE_ROOT/test/malignant/318.jpg,test,1,7704,86.0,False,HAM_0003133,0
$KAGGLE_ROOT/test/malignant/322.jpg,test,1,2660,92.0,False,HAM_0002397,0
$KAGGLE_ROOT/test/malignant/33.jpg,test,1,2079,94.0,False,HAM_0001349,1
$KAGGLE_ROOT/test/malignant/338.jpg,test,1,7942,92.0,False,HAM_0002448,0
$KAGGLE_ROOT/test/malignant/342.jpg,test,1,1225,82.0,False,HAM_0003832,1
$KAGGLE_ROOT/test/malignant/343.jpg,test,1,4483,90.0,False,HAM_0001253,0
$KAGGLE_ROOT/test/malignant/348.jpg,test,1,3571,94.0,False,HAM_0001522,0
$KAGGLE_ROOT/test/malignant/355.jpg,test,1,9493,90.0,False,HAM_0005062,0
$KAGGLE_ROOT/test/malignant/356.jpg,test,1,4574,84.0,False,HAM_0001194,0
$KAGGLE_ROOT/test/malignant/360.jpg,test,1,157,94.0,False,HAM_0003770,0
$KAGGLE_ROOT/test/malignant/364.jpg,test,1,1330,98.0,False,HAM_0003990,1
$KAGGLE_ROOT/test/malignant/375.jpg,test,1,4663,96.0,False,HAM_0004891,0
$KAGGLE_ROOT/test/malignant/381.jpg,test,1,98,88.0,False,HAM_0003007,0
$KAGGLE_ROOT/test/malignant/382.jpg,test,1,1735,74.0,False,HAM_0004687,1
$KAGGLE_ROOT/test/malignant/384.jpg,test,1,188,88.0,False,HAM_0004975,0
$KAGGLE_ROOT/test/malignant/389.jpg,test,1,5277,96.0,False,HAM_0000819,0
$KAGGLE_ROOT/test/malignant/39.jpg,test,1,4243,100.0,False,HAM_0006840,0
$KAGGLE_ROOT/test/malignant/390.jpg,test,1,1524,88.0,False,HAM_0003386,1
$KAGGLE_ROOT/test/malignant/394.jpg,test,1,5581,98.0,False,HAM_0004730,0
$KAGGLE_ROOT/test/malignant/399.jpg,test,1,7881,88.0,False,HAM_0006334,0
$KAGGLE_ROOT/test/malignant/4.jpg,test,1,2263,96.0,False,HAM_0002576,1
$KAGGLE_ROOT/test/malignant/402.jpg,test,1,6768,72.0,False,HAM_0000947,0
$KAGGLE_ROOT/test/malignant/405.jpg,test,1,9446,90.0,False,HAM_0007333,0
$KAGGLE_ROOT/test/malignant/407.jpg,test,1,8924,96.0,False,HAM_0005762,0
$KAGGLE_ROOT/test/malignant/409.jpg,test,1,6924,92.0,False,HAM_0004546,0
$KAGGLE_ROOT/test/malignant/419.jpg,test,1,7525,88.0,False,HAM_0001740,0
$KAGGLE_ROOT/test/malignant/421.jpg,test,1,7555,84.0,False,HAM_0007415,0
$KAGGLE_ROOT/test/malignant/424.jpg,test,1,7555,84.0,False,HAM_0007415,0
$KAGGLE_ROOT/test/malignant/426.jpg,test,1,5122,86.0,False,HAM_0007319,0
$KAGGLE_ROOT/test/malignant/428.jpg,test,1,2953,82.0,False,HAM_0005856,0
$KAGGLE_ROOT/test/malignant/430.jpg,test,1,1395,84.0,False,HAM_0003448,1
$KAGGLE_ROOT/test/malignant/436.jpg,test,1,7859,76.0,False,HAM_0005496,0
$KAGGLE_ROOT/test/malignant/437.jpg,test,1,60,84.0,False,HAM_0003021,0
$KAGGLE_ROOT/test/malignant/44.jpg,test,1,7323,94.0,False,HAM_0001400,0
$KAGGLE_ROOT/test/malignant/445.jpg,test,1,3530,84.0,False,HAM_0002283,0
$KAGGLE_ROOT/test/malignant/450.jpg,test,1,9252,84.0,False,HAM_0001329,0
$KAGGLE_ROOT/test/malignant/459.jpg,test,1,7903,72.0,False,HAM_0002015,0
$KAGGLE_ROOT/test/malignant/46.jpg,test,1,9411,98.0,False,HAM_0003365,0
$KAGGLE_ROOT/test/malignant/463.jpg,test,1,6868,90.0,False,HAM_0003912,0
$KAGGLE_ROOT/test/malignant/474.jpg,test,1,3300,98.0,False,HAM_0003648,0
$KAGGLE_ROOT/test/malignant/479.jpg,test,1,1379,98.0,False,HAM_0000417,1
$KAGGLE_ROOT/test/malignant/483.jpg,test,1,2579,94.0,False,HAM_0000009,0
$KAGGLE_ROOT/test/malignant/501.jpg,test,1,8425,92.0,False,HAM_0007456,0
$KAGGLE_ROOT/test/malignant/504.jpg,test,1,856,90.0,False,HAM_0003317,0
$KAGGLE_ROOT/test/malignant/507.jpg,test,1,773,94.0,False,HAM_0005415,0
$KAGGLE_ROOT/test/malignant/508.jpg,test,1,7903,88.0,False,HAM_0002015,0
$KAGGLE_ROOT/test/malignant/511.jpg,test,1,4776,92.0,False,HAM_0007092,0
$KAGGLE_ROOT/test/malignant/519.jpg,test,1,662,88.0,False,HAM_0006541,0
$KAGGLE_ROOT/test/malignant/52.jpg,test,1,1681,92.0,False,HAM_0006101,1
$KAGGLE_ROOT/test/malignant/528.jpg,test,1,857,82.0,False,HAM_0003317,0
$KAGGLE_ROOT/test/malignant/536.jpg,test,1,2331,96.0,False,HAM_0006617,0
$KAGGLE_ROOT/test/malignant/54.jpg,test,1,6130,90.0,False,HAM_0004374,0
$KAGGLE_ROOT/test/malignant/546.jpg,test,1,2120,80.0,False,HAM_0001596,1
$KAGGLE_ROOT/test/malignant/554.jpg,test,1,7580,76.0,False,HAM_0001026,0
$KAGGLE_ROOT/test/malignant/556.jpg,test,1,1385,74.0,False,HAM_0000233,1
$KAGGLE_ROOT/test/malignant/562.jpg,test,1,7018,88.0,False,HAM_0006629,0
$KAGGLE_ROOT/test/malignant/568.jpg,test,1,342,94.0,False,HAM_0005157,0
$KAGGLE_ROOT/test/malignant/57.jpg,test,1,315,100.0,False,HAM_0004690,0
$KAGGLE_ROOT/test/malignant/570.jpg,test,1,8445,96.0,False,HAM_0003698,0
$KAGGLE_ROOT/test/malignant/572.jpg,test,1,3796,82.0,False,HAM_0002460,0
$KAGGLE_ROOT/test/malignant/573.jpg,test,1,2408,88.0,False,HAM_0006406,0
$KAGGLE_ROOT/test/malignant/575.jpg,test,1,2376,88.0,False,HAM_0007097,0
$KAGGLE_ROOT/test/malignant/58.jpg,test,1,1446,98.0,False,HAM_0002391,1
$KAGGLE_ROOT/test/malignant/590.jpg,test,1,1170,92.0,False,HAM_0007396,0
$KAGGLE_ROOT/test/malignant/592.jpg,test,1,6883,76.0,False,HAM_0003684,0
$KAGGLE_ROOT/test/malignant/593.jpg,test,1,2583,82.0,False,HAM_0006572,0
$KAGGLE_ROOT/test/malignant/596.jpg,test,1,2583,84.0,False,HAM_0006572,0
$KAGGLE_ROOT/test/malignant/602.jpg,test,1,2587,86.0,False,HAM_0003328,0
$KAGGLE_ROOT/test/malignant/603.jpg,test,1,1170,84.0,False,HAM_0007396,0
$KAGGLE_ROOT/test/malignant/614.jpg,test,1,1450,96.0,False,HAM_0003350,1
$KAGGLE_ROOT/test/malignant/615.jpg,test,1,9660,80.0,False,HAM_0000258,0
$KAGGLE_ROOT/test/malignant/619.jpg,test,1,120,80.0,False,HAM_0000566,0
$KAGGLE_ROOT/test/malignant/62.jpg,test,1,7077,84.0,False,HAM_0000269,0
$KAGGLE_ROOT/test/malignant/628.jpg,test,1,7587,92.0,False,HAM_0001912,0
$KAGGLE_ROOT/test/malignant/638.jpg,test,1,9011,88.0,False,HAM_0001190,0
$KAGGLE_ROOT/test/malignant/641.jpg,test,1,770,78.0,False,HAM_0000999,0
$KAGGLE_ROOT/test/malignant/643.jpg,test,1,1170,78.0,False,HAM_0007396,0
$KAGGLE_ROOT/test/malignant/65.jpg,test,1,2362,86.0,False,HAM_0000940,0
$KAGGLE_ROOT/test/malignant/653.jpg,test,1,9326,94.0,False,HAM_0007484,0
$KAGGLE_ROOT/test/malignant/658.jpg,test,1,3289,96.0,False,HAM_0002138,0
$KAGGLE_ROOT/test/malignant/66.jpg,test,1,1340,92.0,False,HAM_0001671,1
$KAGGLE_ROOT/test/malignant/660.jpg,test,1,5098,98.0,False,HAM_0003628,0
$KAGGLE_ROOT/test/malignant/667.jpg,test,1,1899,92.0,False,HAM_0002723,1
$KAGGLE_ROOT/test/malignant/670.jpg,test,1,4917,86.0,False,HAM_0003565,0
$KAGGLE_ROOT/test/malignant/674.jpg,test,1,6147,82.0,False,HAM_0000127,0
$KAGGLE_ROOT/test/malignant/679.jpg,test,1,1526,90.0,False,HAM_0003386,1
$KAGGLE_ROOT/test/malignant/68.jpg,test,1,2117,90.0,False,HAM_0001551,1
$KAGGLE_ROOT/test/malignant/686.jpg,test,1,154,100.0,False,HAM_0006938,0
$KAGGLE_ROOT/test/malignant/694.jpg,test,1,2909,92.0,False,HAM_0003941,0
$KAGGLE_ROOT/test/malignant/696.jpg,test,1,1115,96.0,False,HAM_0002909,0
$KAGGLE_ROOT/test/malignant/706.jpg,test,1,1531,92.0,False,HAM_0006886,1
$KAGGLE_ROOT/test/malignant/709.jpg,test,1,4718,94.0,False,HAM_0005050,0
$KAGGLE_ROOT/test/malignant/713.jpg,test,1,4037,92.0,False,HAM_0002763,0
$KAGGLE_ROOT/test/malignant/73.jpg,test,1,928,90.0,False,HAM_0006003,0
$KAGGLE_ROOT/test/malignant/735.jpg,test,1,2479,96.0,False,HAM_0006047,0
$KAGGLE_ROOT/test/malignant/739.jpg,test,1,2362,96.0,False,HAM_0000940,0
$KAGGLE_ROOT/test/malignant/74.jpg,test,1,7595,74.0,False,HAM_0007475,0
$KAGGLE_ROOT/test/malignant/744.jpg,test,1,2330,92.0,False,HAM_0006617,0
$KAGGLE_ROOT/test/malignant/747.jpg,test,1,3872,98.0,False,HAM_0007608,0
$KAGGLE_ROOT/test/malignant/749.jpg,test,1,7278,98.0,False,HAM_0001220,0
$KAGGLE_ROOT/test/malignant/757.jpg,test,1,9361,82.0,False,HAM_0000159,0
$KAGGLE_ROOT/test/malignant/759.jpg,test,1,9812,90.0,False,HAM_0005264,0
$KAGGLE_ROOT/test/malignant/762.jpg,test,1,7241,92.0,False,HAM_0002567,0
$KAGGLE_ROOT/test/malignant/763.jpg,test,1,6472,88.0,False,HAM_0000300,0
$KAGGLE_ROOT/test/malignant/771.jpg,test,1,9178,94.0,False,HAM_0007208,0
$KAGGLE_ROOT/test/malignant/773.jpg,test,1,1393,84.0,False,HAM_0004676,1
$KAGGLE_ROOT/test/malignant/778.jpg,test,1,1736,98.0,False,HAM_0004767,1
$KAGGLE_ROOT/test/malignant/792.jpg,test,1,10009,92.0,False,HAM_0005705,0
$KAGGLE_ROOT/test/malignant/794.jpg,test,1,7135,88.0,False,HAM_0006080,0
$KAGGLE_ROOT/test/malignant/797.jpg,test,1,1372,94.0,False,HAM_0004980,1
$KAGGLE_ROOT/test/malignant/8.jpg,test,1,2546,96.0,False,HAM_0000463,0
$KAGGLE_ROOT/test/malignant/804.jpg,test,1,7621,88.0,False,HAM_0007367,0
$KAGGLE_ROOT/test/malignant/808.jpg,test,1,7494,92.0,False,HAM_0003824,0
$KAGGLE_ROOT/test/malignant/81.jpg,test,1,2620,88.0,False,HAM_0004083,0
$KAGGLE_ROOT/test/malignant/817.jpg,test,1,2241,2.0,True,HAM_0007511,1
$KAGGLE_ROOT/test/malignant/822.jpg,test,1,1958,2.0,True,HAM_0001950,1
$KAGGLE_ROOT/test/malignant/826.jpg,test,1,1416,2.0,True,HAM_0001703,1
$KAGGLE_ROOT/test/malignant/832.jpg,test,1,1966,0.0,True,HAM_0000653,1
$KAGGLE_ROOT/test/malignant/836.jpg,test,1,1319,4.0,True,HAM_0000210,1
$KAGGLE_ROOT/test/malignant/838.jpg,test,1,1952,2.0,True,HAM_0005467,1
$KAGGLE_ROOT/test/malignant/839.jpg,test,1,2034,4.0,True,HAM_0004171,1
$KAGGLE_ROOT/test/malignant/85.jpg,test,1,7930,86.0,False,HAM_0003248,0
$KAGGLE_ROOT/test/malignant/852.jpg,test,1,1460,4.0,True,HAM_0007272,1
$KAGGLE_ROOT/test/malignant/859.jpg,test,1,2276,4.0,True,HAM_0003167,1
$KAGGLE_ROOT/test/malignant/864.jpg,test,1,1630,4.0,True,HAM_0004593,1
$KAGGLE_ROOT/test/malignant/866.jpg,test,1,2258,4.0,True,HAM_0007530,1
$KAGGLE_ROOT/test/malignant/868.jpg,test,1,1957,0.0,True,HAM_0002196,1
$KAGGLE_ROOT/test/malignant/87.jpg,test,1,1405,90.0,False,HAM_0005642,1
$KAGGLE_ROOT/test/malignant/871.jpg,test,1,1333,2.0,True,HAM_0001531,1
$KAGGLE_ROOT/test/malignant/874.jpg,test,1,2091,4.0,True,HAM_0006006,1
$KAGGLE_ROOT/test/malignant/881.jpg,test,1,1466,0.0,True,HAM_0007073,1
$KAGGLE_ROOT/test/malignant/887.jpg,test,1,2094,2.0,True,HAM_0002436,1
$KAGGLE_ROOT/test/malignant/893.jpg,test,1,2308,2.0,True,HAM_0002525,1
$KAGGLE_ROOT/test/malignant/894.jpg,test,1,2167,2.0,True,HAM_0006594,1
$KAGGLE_ROOT/test/malignant/905.jpg,test,1,2110,2.0,True,HAM_0007498,1
$KAGGLE_ROOT/test/malignant/91.jpg,test,1,4663,98.0,False,HAM_0004891,0
$KAGGLE_ROOT/test/malignant/92.jpg,test,1,1900,94.0,False,HAM_0002723,1
$KAGGLE_ROOT/test/malignant/927.jpg,test,1,2078,2.0,True,HAM_0004021,1
$KAGGLE_ROOT/test/malignant/93.jpg,test,1,7787,82.0,False,HAM_0006014,0
$KAGGLE_ROOT/test/malignant/934.jpg,test,1,2315,4.0,True,HAM_0003171,1
$KAGGLE_ROOT/test/malignant/937.jpg,test,1,1211,2.0,True,HAM_0000871,1
$KAGGLE_ROOT/test/malignant/940.jpg,test,1,2067,2.0,True,HAM_0000952,1
$KAGGLE_ROOT/test/malignant/947.jpg,test,1,1290,2.0,True,HAM_0002714,1
$KAGGLE_ROOT/test/malignant/948.jpg,test,1,1255,2.0,True,HAM_0004910,1
$KAGGLE_ROOT/test/malignant/949.jpg,test,1,1218,0.0,True,HAM_0007310,1
$KAGGLE_ROOT/test/malignant/953.jpg,test,1,1980,2.0,True,HAM_0003400,1
$KAGGLE_ROOT/test/malignant/985.jpg,test,1,1323,2.0,True,HAM_0007165,1
$KAGGLE_ROOT/test/malignant/992.jpg,test,1,2249,0.0,True,HAM_0007293,1
$KAGGLE_ROOT/test/malignant/994.jpg,test,1,1520,2.0,True,HAM_0006330,1
$KAGGLE_ROOT/test/malignant/995.jpg,test,1,2133,0.0,True,HAM_0000588,1
