kaggle_path,kaggle_split,kaggle_label_malignant,ham_index,ham_lesion,ham_label_melanoma,hamming_distance,p_twin_never_seen,p_twin_seen_mean,status_fold1,p_fold1,status_fold2,p_fold2,status_fold3,p_fold3,status_fold4,p_fold4,status_fold5,p_fold5
$KAGGLE_ROOT/train/benign/100.jpg,train,0,8298,HAM_0000163,0,2.0,0.00017969169130083174,0.004847481377510121,train,0.00012775430514011532,test,0.00017969169130083174,train,0.018364552408456802,train,0.0003975923464167863,train,0.0005000264500267804
$KAGGLE_ROOT/train/benign/1000.jpg,train,0,3793,HAM_0002160,0,4.0,2.9698334401473403e-05,2.548857719375519e-05,train,2.0810319256270304e-05,train,2.1277945052133873e-05,train,4.258045373717323e-05,train,1.7285590729443356e-05,test,2.9698334401473403e-05
$KAGGLE_ROOT/train/benign/1001.jpg,train,0,5572,HAM_0003898,0,0.0,8.958984108176082e-05,0.00012252838132553734,test,8.958984108176082e-05,train,8.89466391527094e-05,train,0.0001341457391390577,train,4.1592335037421435e-05,train,0.00022542881197296083
$KAGGLE_ROOT/train/benign/1002.jpg,train,0,8497,HAM_0002053,0,0.0,0.0007866836967878044,0.0025042132765520364,val,0.0019867869559675455,test,0.0007866836967878044,train,0.007300904486328363,train,0.00011507265298860148,train,9.666269033914432e-05
$KAGGLE_ROOT/train/benign/1004.jpg,train,0,5087,HAM_0005803,0,2.0,3.0864772270433605e-05,1.8675610817808774e-05,train,1.0539850336499512e-05,train,1.9433335182839073e-05,train,2.9747034204774536e-05,train,1.4982223547121976e-05,test,3.0864772270433605e-05
$KAGGLE_ROOT/train/benign/1005.jpg,train,0,9317,HAM_0002589,0,2.0,0.001155808917246759,0.000690171516907867,train,0.001317964750342071,train,0.00010788493818836287,train,0.0006446648621931672,val,0.00027055060490965843,test,0.001155808917246759
$KAGGLE_ROOT/train/benign/1007.jpg,train,0,5558,HAM_0002901,0,2.0,1.9416960640228353e-05,6.642431253567338e-05,val,1.388935652357759e-05,test,1.9416960640228353e-05,train,6.642431253567338e-05,val,6.519568705698475e-05,val,7.443020876962692e-05
$KAGGLE_ROOT/train/benign/1008.jpg,train,0,8403,HAM_0007160,0,0.0,0.0014912637416273355,7.395101465590415e-05,train,0.00012693223834503442,train,2.6740372049971484e-05,train,4.520717266132124e-05,train,9.692427556728944e-05,test,0.0014912637416273355
$KAGGLE_ROOT/train/benign/1009.jpg,train,0,6662,HAM_0006450,0,2.0,0.0008500706753693521,0.0035533742047846317,train,0.005880243144929409,train,0.0027405470609664917,train,0.0020393324084579945,val,0.06028028205037117,test,0.0008500706753693521
$KAGGLE_ROOT/train/benign/101.jpg,train,0,3161,HAM_0000776,0,2.0,0.0001134156045736745,0.00017055057833204046,val,6.467565981438383e-05,test,0.0001134156045736745,train,0.0001459253253415227,train,0.0002495380467735231,train,0.00011618836288107559
$KAGGLE_ROOT/train/benign/1010.jpg,train,0,5273,HAM_0003598,0,6.0,7.773985271342099e-05,3.1103573746804614e-05,train,3.5187698813388124e-05,val,3.7276466173352674e-05,train,2.7019448680221103e-05,test,7.773985271342099e-05,val,0.00024362138356082141
$KAGGLE_ROOT/train/benign/1011.jpg,train,0,6262,HAM_0005900,0,2.0,5.72515455132816e-05,8.868342168473949e-05,train,4.4043837988283485e-05,test,5.72515455132816e-05,train,8.424897532677278e-05,val,7.228583854157478e-05,train,0.0001377574517391622
$KAGGLE_ROOT/train/benign/1012.jpg,train,0,3014,HAM_0006678,0,2.0,7.00555756338872e-05,4.379378515295684e-05,val,0.0001004495716188103,test,7.00555756338872e-05,train,5.1556347898440436e-05,train,3.603122240747325e-05,val,0.0002744381781667471
$KAGGLE_ROOT/train/benign/1014.jpg,train,0,4275,HAM_0002407,0,2.0,0.00013109040446579456,4.1703110582602676e-05,train,3.079100861214101e-05,test,0.00013109040446579456,train,2.52750232903054e-05,train,2.3136961317504756e-05,train,8.760944911045954e-05
$KAGGLE_ROOT/train/benign/1015.jpg,train,0,6656,HAM_0002780,0,4.0,1.617306043044664e-05,4.4834951647014044e-05,val,2.4506080080755055e-05,train,3.885029582306743e-05,train,3.947988079744391e-05,test,1.617306043044664e-05,train,5.61746783205308e-05
$KAGGLE_ROOT/train/benign/1016.jpg,train,0,5840,HAM_0006639,0,2.0,3.110093530267477e-05,6.792083513573743e-05,test,3.110093530267477e-05,train,2.6893638278124854e-05,train,6.742146069882438e-05,val,4.298014027881436e-05,train,0.00010944740643026307
$KAGGLE_ROOT/train/benign/1017.jpg,train,0,8108,HAM_0000861,0,2.0,8.68517454364337e-05,0.0003120514938927954,train,6.328849849523976e-05,test,8.68517454364337e-05,train,0.0003694876504596323,train,1.6884805518202484e-05,train,0.0007985450210981071
$KAGGLE_ROOT/train/benign/102.jpg,train,0,5688,HAM_0007450,0,0.0,3.959767127525993e-05,4.0289493426826084e-05,train,1.693864214757923e-05,train,1.6209254681598395e-05,train,3.6428617022465914e-05,test,3.959767127525993e-05,train,9.15814598556608e-05
$KAGGLE_ROOT/train/benign/1020.jpg,train,0,6229,HAM_0004576,0,4.0,2.0878085706499405e-05,6.183948759523143e-05,train,1.39348640004755e-05,test,2.0878085706499405e-05,train,1.5977815564838238e-05,val,3.376564563950524e-05,train,0.00015560578322038054
$KAGGLE_ROOT/train/benign/1021.jpg,train,0,5038,HAM_0004977,0,4.0,0.0003381484712008387,2.6925295060209464e-05,train,1.7116679373430088e-05,train,2.972085894725751e-05,train,3.8668993511237204e-05,train,2.2194648408913054e-05,test,0.0003381484712008387
$KAGGLE_ROOT/train/benign/1022.jpg,train,0,4395,HAM_0003549,0,4.0,8.02844442659989e-05,3.629132788773859e-05,train,1.9973731468780898e-05,train,2.038270940829534e-05,train,3.603163713705726e-05,test,8.02844442659989e-05,train,6.877723353682086e-05
$KAGGLE_ROOT/train/benign/1024.jpg,train,0,6205,HAM_0001075,0,0.0,0.00019642504048533738,0.0001542948148198775,train,0.00011181824083905667,train,5.840984158567153e-05,test,0.00019642504048533738,train,9.532288822811097e-05,train,0.00035162828862667084
$KAGGLE_ROOT/train/benign/1026.jpg,train,0,3984,HAM_0003214,0,0.0,1.6498837794642895e-05,3.0913434329704614e-05,test,1.6498837794642895e-05,train,2.4980568923638202e-05,train,3.0955798138165846e-05,train,3.94294984289445e-05,train,2.828787182806991e-05
$KAGGLE_ROOT/train/benign/1027.jpg,train,0,4829,HAM_0005516,0,4.0,2.269805372634437e-05,1.6706246015019133e-05,train,1.3660078366228845e-05,train,1.231680107594002e-05,train,1.6363701433874667e-05,train,2.4484403184033e-05,test,2.269805372634437e-05
$KAGGLE_ROOT/train/benign/1028.jpg,train,0,7082,HAM_0005034,0,2.0,4.314362013246864e-05,8.671866817167029e-05,test,4.314362013246864e-05,train,9.798599785426632e-05,train,7.545133848907426e-05,val,0.00011287054803688079,val,7.79370020609349e-05
$KAGGLE_ROOT/train/benign/103.jpg,train,0,6189,HAM_0007041,0,2.0,7.12761320755817e-05,3.087766208409448e-05,train,3.410736462683417e-05,train,3.577617826522328e-05,train,2.723278885241598e-05,train,2.63943165919045e-05,test,7.12761320755817e-05
$KAGGLE_ROOT/train/benign/1030.jpg,train,0,5116,HAM_0001303,0,2.0,3.576662493287586e-05,8.425542728218716e-05,test,3.576662493287586e-05,val,2.5271216145483777e-05,val,5.013779446016997e-05,train,3.4784894523909315e-05,train,0.000133725960040465
$KAGGLE_ROOT/train/benign/1031.jpg,train,0,6195,HAM_0005385,0,0.0,2.7168196538696066e-05,0.00036738236758537823,test,2.7168196538696066e-05,train,4.290184369892813e-05,train,0.0003626624820753932,train,0.0007524771499447525,train,0.00031148799462243915
$KAGGLE_ROOT/train/benign/1032.jpg,train,0,6703,HAM_0000288,0,2.0,7.659420953132212e-05,0.00026052395605802303,train,0.00018190899572800845,train,4.140005694353022e-05,train,0.0007476623868569732,train,7.112438470358029e-05,test,7.659420953132212e-05
$KAGGLE_ROOT/train/benign/1035.jpg,train,0,8424,HAM_0004443,0,0.0,0.00022939952032174915,0.00016818706990306964,test,0.00022939952032174915,train,5.32171361555811e-05,train,0.00011796699254773557,train,4.2652798583731055e-05,train,0.00045891135232523084
$KAGGLE_ROOT/train/benign/1036.jpg,train,0,6994,HAM_0006185,0,0.0,4.2112020310014486e-05,0.0023450896651411313,train,0.0038429999258369207,train,4.5633471017936245e-05,train,0.005400049965828657,test,4.2112020310014486e-05,train,9.167529788101092e-05
$KAGGLE_ROOT/train/benign/1037.jpg,train,0,9040,HAM_0003415,0,2.0,0.0006384854204952717,0.0005783254770600857,val,6.809324986534193e-05,train,5.8826008171308786e-05,test,0.0006384854204952717,train,0.0014229225926101208,train,0.0002532278303988278
$KAGGLE_ROOT/train/benign/1038.jpg,train,0,6025,HAM_0001080,0,6.0,9.878447599476203e-05,0.00011003458848790615,train,1.5475694453925826e-05,test,9.878447599476203e-05,train,0.00015582240303047001,train,3.209577334928326e-05,train,0.0002367444831179455
$KAGGLE_ROOT/train/benign/1039.jpg,train,0,9229,HAM_0001541,0,2.0,4.0098359022522345e-05,0.0002929739299967575,train,0.0006265034317038953,test,4.0098359022522345e-05,train,9.808602771954611e-05,train,0.00015433233056683093,val,0.00019139115465804935
$KAGGLE_ROOT/train/benign/104.jpg,train,0,5312,HAM_0000510,0,2.0,2.1516112610697746e-05,0.00010480697892489843,train,4.206871017231606e-05,test,2.1516112610697746e-05,train,6.663284875685349e-05,train,3.619280687416904e-05,train,0.00027433354989625514
$KAGGLE_ROOT/train/benign/1040.jpg,train,0,8677,HAM_0003419,0,2.0,0.000124375888844952,0.00021259364257275593,train,8.168390195351094e-05,train,3.349684993736446e-05,train,9.962774493033066e-05,test,0.000124375888844952,train,0.0006355660734698176
$KAGGLE_ROOT/train/benign/1041.jpg,train,0,3339,HAM_0000148,0,2.0,9.333140042144805e-05,5.6610618230479304e-05,train,4.1089686419581994e-05,train,8.338862244272605e-05,test,9.333140042144805e-05,train,3.164481313433498e-05,train,7.03193509252742e-05
$KAGGLE_ROOT/train/benign/1043.jpg,train,0,3903,HAM_0005682,0,0.0,3.218462734366767e-05,3.384458432265092e-05,train,1.612279811524786e-05,train,5.333754961611703e-05,train,2.6536028599366546e-05,train,3.938196095987223e-05,test,3.218462734366767e-05
$KAGGLE_ROOT/train/benign/1045.jpg,train,0,4298,HAM_0007594,0,4.0,3.272887988714501e-05,3.205528143250073e-05,train,2.9682309104828164e-05,train,4.5572152885142714e-05,train,2.0911382307531312e-05,val,2.70004657068057e-05,test,3.272887988714501e-05
$KAGGLE_ROOT/train/benign/1046.jpg,train,0,3532,HAM_0005495,0,4.0,4.3461670429678634e-05,3.377861048647901e-05,train,1.844904909376055e-05,train,3.605813981266692e-05,train,5.4122345318319276e-05,train,2.6484907721169293e-05,test,4.3461670429678634e-05
$KAGGLE_ROOT/train/benign/1047.jpg,train,0,5958,HAM_0002065,0,2.0,3.911505700671114e-05,8.482770545015228e-05,train,2.32869315368589e-05,train,2.2021258700988255e-05,test,3.911505700671114e-05,train,8.137656550388783e-05,train,0.00021262606605887413
$KAGGLE_ROOT/train/benign/1048.jpg,train,0,4664,HAM_0006534,0,2.0,3.796600140049122e-05,2.8981596642552176e-05,train,3.142794594168663e-05,test,3.796600140049122e-05,train,2.7448359105619602e-05,train,2.8599508368643e-05,train,2.8450573154259473e-05
$KAGGLE_ROOT/train/benign/1049.jpg,train,0,3137,HAM_0003524,0,2.0,6.184161611599848e-05,6.099999700381886e-05,train,2.671929178177379e-05,train,2.7307582058710977e-05,train,7.862188795115799e-05,test,6.184161611599848e-05,train,0.0001113512262236327
$KAGGLE_ROOT/train/benign/1050.jpg,train,0,7261,HAM_0000138,0,0.0,0.00012383601278997958,6.94382906658575e-05,train,6.94382906658575e-05,val,4.8800928198033944e-05,test,0.00012383601278997958,val,1.5851555872359313e-05,val,0.0012724996777251363
$KAGGLE_ROOT/train/benign/1051.jpg,train,0,5158,HAM_0005208,0,2.0,2.696616320463363e-05,7.000987716310192e-05,train,1.3809634765493684e-05,test,2.696616320463363e-05,train,0.00015130586689338088,train,1.747269016050268e-05,train,9.745131683303043e-05
$KAGGLE_ROOT/train/benign/1052.jpg,train,0,4740,HAM_0000528,0,2.0,2.801225309667643e-05,0.0001710127980913967,val,1.1485743925732095e-05,test,2.801225309667643e-05,val,6.186609243741259e-05,train,0.0001710127980913967,val,0.00028706309967674315
$KAGGLE_ROOT/train/benign/1053.jpg,train,0,6259,HAM_0007326,0,2.0,3.59292134817224e-05,8.229747133251901e-05,train,4.5678141759708524e-05,val,5.170543590793386e-05,train,7.571925380034372e-05,test,3.59292134817224e-05,train,0.00012549501843750477
$KAGGLE_ROOT/train/benign/1054.jpg,train,0,5891,HAM_0004460,0,2.0,1.7834385289461352e-05,0.00010123633789286639,test,1.7834385289461352e-05,val,5.551867434405722e-05,train,6.622223736485466e-05,train,9.422034781891853e-05,train,0.00014326642849482596
$KAGGLE_ROOT/train/benign/1056.jpg,train,0,3947,HAM_0005272,0,4.0,0.0005894604255445302,6.546138911289745e-05,train,0.0001383935014018789,train,4.386033833725378e-05,train,2.500592927390244e-05,train,5.458578743855469e-05,test,0.0005894604255445302
$KAGGLE_ROOT/train/benign/1057.jpg,train,0,9042,HAM_0001934,0,4.0,0.0001472204749006778,0.001690428143774625,train,0.0015034418320283294,train,9.62791673373431e-05,train,0.0032426638063043356,test,0.0001472204749006778,train,0.0019193277694284916
$KAGGLE_ROOT/train/benign/1058.jpg,train,0,5045,HAM_0002351,0,2.0,2.6432300728629343e-05,4.725874896394089e-05,val,1.1834874385385774e-05,val,4.178419476374984e-05,train,4.725874896394089e-05,val,2.6633890229277313e-05,test,2.6432300728629343e-05
$KAGGLE_ROOT/train/benign/1059.jpg,train,0,3677,HAM_0003032,0,0.0,2.378757926635444e-05,4.491038453124929e-05,train,2.472082996973768e-05,train,2.3334394427365623e-05,val,3.0849761969875544e-05,test,2.378757926635444e-05,train,8.667592919664457e-05
$KAGGLE_ROOT/train/benign/106.jpg,train,0,9057,HAM_0002326,0,2.0,0.0010196752846240997,0.0008639191801194102,train,0.0005592128727585077,train,0.00015108386287465692,train,0.0006289899465627968,train,0.002116390038281679,test,0.0010196752846240997
$KAGGLE_ROOT/train/benign/1060.jpg,train,0,6695,HAM_0006032,0,4.0,0.0025300413835793734,0.00450043025193736,train,0.0013111151056364179,train,0.002199500799179077,train,0.012999250553548336,test,0.0025300413835793734,train,0.0014918545493856072
$KAGGLE_ROOT/train/benign/1062.jpg,train,0,5298,HAM_0006606,0,4.0,3.1996423786040395e-05,4.66741753371025e-05,train,2.623663931444753e-05,train,2.9433191230054945e-05,train,7.100349466782063e-05,test,3.1996423786040395e-05,train,6.002337613608688e-05
$KAGGLE_ROOT/train/benign/1063.jpg,train,0,4708,HAM_0002420,0,4.0,6.239982030820101e-05,0.0001720377131277928,train,7.769842341076583e-05,train,0.0001280039141420275,train,6.406605098163709e-05,test,6.239982030820101e-05,train,0.00041838246397674084
$KAGGLE_ROOT/train/benign/1064.jpg,train,0,3894,HAM_0007365,0,2.0,0.00022991780133452266,5.807349134556716e-05,val,5.5047050409484655e-05,train,2.980819954245817e-05,val,6.202759686857462e-05,train,8.633878314867616e-05,test,0.00022991780133452266
$KAGGLE_ROOT/train/benign/1065.jpg,train,0,5603,HAM_0001727,0,2.0,1.628618520044256e-05,3.409520058994531e-05,test,1.628618520044256e-05,train,2.1611098418361507e-05,train,1.5398700270452537e-05,train,2.918148493336048e-05,train,7.01895187376067e-05
$KAGGLE_ROOT/train/benign/1066.jpg,train,0,7276,HAM_0003235,0,4.0,9.580732876202092e-05,0.0006524466180053423,test,9.580732876202092e-05,train,3.5421351640252396e-05,train,0.0006831386708654463,train,0.0001383167109452188,train,0.0017529097385704517
$KAGGLE_ROOT/train/benign/1067.jpg,train,0,5550,HAM_0003855,0,4.0,2.5413104594917968e-05,3.365175894032291e-05,train,1.1745777555915993e-05,test,2.5413104594917968e-05,train,2.394505645497702e-05,train,3.0189776225597598e-05,train,6.872642552480102e-05
$KAGGLE_ROOT/train/benign/1068.jpg,train,0,5778,HAM_0005549,0,4.0,3.135355655103922e-05,6.463534009526484e-05,train,4.3047657527495176e-05,test,3.135355655103922e-05,val,6.675871554762125e-05,train,2.718566611292772e-05,train,0.00012367269664537162
$KAGGLE_ROOT/train/benign/1069.jpg,train,0,6752,HAM_0000977,0,2.0,0.0028606033883988857,0.00017655418832873693,test,0.0028606033883988857,train,4.723360689240508e-05,train,0.0003254110342822969,train,0.000233823258895427,train,9.974885324481875e-05
$KAGGLE_ROOT/train/benign/107.jpg,train,0,2990,HAM_0005234,0,4.0,0.00014793181617278606,3.2275607736664824e-05,train,1.5349949535448104e-05,train,2.9192116926424205e-05,train,4.282650479581207e-05,train,4.173385968897492e-05,test,0.00014793181617278606
$KAGGLE_ROOT/train/benign/1071.jpg,train,0,3347,HAM_0006166,0,4.0,0.00010729266068665311,3.907017980964156e-05,train,3.4175543987657875e-05,train,4.4506206904770806e-05,train,4.29000829171855e-05,train,3.469888542895205e-05,test,0.00010729266068665311
$KAGGLE_ROOT/train/benign/1072.jpg,train,0,5080,HAM_0004175,0,4.0,0.0001600910327397287,5.3529902288573794e-05,train,2.656101787579246e-05,train,0.00011190185614395887,train,2.5185734557453543e-05,train,5.047100057709031e-05,test,0.0001600910327397287
$KAGGLE_ROOT/train/benign/1073.jpg,train,0,8694,HAM_0005910,0,4.0,0.037021346390247345,0.011104110120868427,train,0.00012135902215959504,train,0.0006096903816796839,train,0.0020900587551295757,train,0.04159533232450485,test,0.037021346390247345
$KAGGLE_ROOT/train/benign/1075.jpg,train,0,6956,HAM_0002975,0,0.0,0.006053558550775051,0.0001424288857378997,train,0.0002689232351258397,train,9.372149361297488e-05,val,0.004223103169351816,train,6.464192847488448e-05,test,0.006053558550775051
$KAGGLE_ROOT/train/benign/1076.jpg,train,0,5308,HAM_0003795,0,4.0,3.076025313930586e-05,6.312114965112414e-05,test,3.076025313930586e-05,train,3.1243507692124695e-05,train,5.0619561079656705e-05,train,3.923202530131675e-05,train,0.00013138950453139842
$KAGGLE_ROOT/train/benign/1078.jpg,train,0,3635,HAM_0001067,0,2.0,4.967250060872175e-05,5.65291288694425e-05,train,3.88837288483046e-05,train,5.748876355937682e-05,test,4.967250060872175e-05,train,2.570137985458132e-05,train,0.00010404264321550727
$KAGGLE_ROOT/train/benign/1079.jpg,train,0,3802,HAM_0003294,0,2.0,4.1077615605900064e-05,4.178336939730798e-05,train,1.839599099184852e-05,test,4.1077615605900064e-05,train,5.955987217021175e-05,train,1.1495561921037734e-05,train,7.768205250613391e-05
$KAGGLE_ROOT/train/benign/108.jpg,train,0,8145,HAM_0000354,0,0.0,1.7196884073200636e-05,6.757698308016795e-05,train,2.3275697458302602e-05,test,1.7196884073200636e-05,train,0.0001367945660604164,train,4.266068572178483e-05,val,6.562002090504393e-05
$KAGGLE_ROOT/train/benign/1081.jpg,train,0,3712,HAM_0003992,0,0.0,9.721500828163698e-05,0.0002009474665101152,val,7.275325333466753e-05,val,7.165846909629181e-05,train,9.435071115149185e-05,test,9.721500828163698e-05,train,0.00030754422186873853
$KAGGLE_ROOT/train/benign/1082.jpg,train,0,7072,HAM_0007138,0,2.0,7.868534157751128e-05,6.56970053872404e-05,train,8.887305011739954e-05,train,6.0463375120889395e-05,test,7.868534157751128e-05,train,4.775459092343226e-05,val,8.261871698778123e-05
$KAGGLE_ROOT/train/benign/1083.jpg,train,0,4961,HAM_0003053,0,2.0,2.8141039365436882e-05,4.939362906952738e-05,test,2.8141039365436882e-05,train,2.6233636162942275e-05,train,9.555073120282032e-06,train,1.960675581358373e-05,train,0.00014217905118130147
$KAGGLE_ROOT/train/benign/1084.jpg,train,0,8446,HAM_0001517,0,2.0,0.00012914570106659085,8.844254080031533e-05,train,3.0123572287266143e-05,train,5.339841663953848e-05,test,0.00012914570106659085,train,0.00018180563347414136,val,0.00047358425217680633
$KAGGLE_ROOT/train/benign/1085.jpg,train,0,3324,HAM_0001816,0,2.0,8.180066652130336e-05,0.00010101922634930816,val,4.0690385503694415e-05,train,4.8930331104202196e-05,val,0.00011230989912291989,train,0.00015310812159441411,test,8.180066652130336e-05
$KAGGLE_ROOT/train/benign/1086.jpg,train,0,6506,HAM_0002690,0,4.0,3.162842767778784e-05,0.000347042450812296,test,3.162842767778784e-05,train,0.00010307203774573281,train,0.00011437818466220051,train,0.0002177172718802467,train,0.000953002308961004
$KAGGLE_ROOT/train/benign/1089.jpg,train,0,6290,HAM_0001750,0,0.0,5.2294140914455056e-05,8.395099166591535e-05,train,6.330860196612775e-05,test,5.2294140914455056e-05,train,5.234842319623567e-05,train,2.7948024580837227e-05,train,0.00019219891692046076
$KAGGLE_ROOT/train/benign/109.jpg,train,0,4616,HAM_0000725,0,2.0,9.990020771510899e-05,0.00035743902844842523,train,3.56105447281152e-05,val,0.0002996297553181648,val,0.00039445998845621943,train,0.0006792675121687353,test,9.990020771510899e-05
$KAGGLE_ROOT/train/benign/1090.jpg,train,0,3664,HAM_0001015,0,2.0,9.028813656186685e-05,5.316417991707567e-05,val,1.7608988855499774e-05,val,3.188840491930023e-05,train,4.195444853394292e-05,test,9.028813656186685e-05,train,6.437391130020842e-05
$KAGGLE_ROOT/train/benign/1091.jpg,train,0,9389,HAM_0007566,0,0.0,0.005435891915112734,0.16380817315075547,train,0.027031145989894867,train,0.006912965793162584,train,0.0312300156801939,train,0.5900585651397705,test,0.005435891915112734
$KAGGLE_ROOT/train/benign/1093.jpg,train,0,3601,HAM_0004971,0,2.0,0.00012359546963125467,4.024157169624232e-05,train,2.434113048366271e-05,train,3.584376099752262e-05,test,0.00012359546963125467,train,3.5421991924522445e-05,train,6.53594033792615e-05
$KAGGLE_ROOT/train/benign/1094.jpg,train,0,5860,HAM_0005164,0,2.0,3.465516783762723e-05,5.068294740340207e-05,train,2.8686343284789473e-05,test,3.465516783762723e-05,train,0.00010704453598009422,train,1.6317962945322506e-05,val,7.666472811251879e-05
$KAGGLE_ROOT/train/benign/1095.jpg,train,0,5916,HAM_0004541,0,6.0,2.308954753971193e-05,5.738761925992245e-05,train,1.8248170817969367e-05,test,2.308954753971193e-05,val,6.411262438632548e-05,train,5.074962609796785e-05,train,0.00010316506086383015
$KAGGLE_ROOT/train/benign/1096.jpg,train,0,4672,HAM_0004994,0,2.0,4.513937165029347e-05,5.7539387853466906e-05,train,2.2265838197199628e-05,test,4.513937165029347e-05,train,3.329363607917912e-05,train,3.638181806309149e-05,train,0.00013821625907439739
$KAGGLE_ROOT/train/benign/1097.jpg,train,0,6006,HAM_0007143,0,2.0,3.935692075174302e-05,0.000239185969500492,val,0.00015578675083816051,train,0.00015235054888762534,train,0.0001331915846094489,test,3.935692075174302e-05,train,0.0004320157750044018
$KAGGLE_ROOT/train/benign/1098.jpg,train,0,7029,HAM_0002409,0,4.0,0.0004892796277999878,0.04603823832439957,test,0.0004892796277999878,train,0.0005643233889713883,train,0.018336709588766098,train,0.0003360606206115335,train,0.16491585969924927
$KAGGLE_ROOT/train/benign/1099.jpg,train,0,6221,HAM_0003184,0,2.0,3.47745772160124e-05,6.815104037135218e-05,val,3.3066193282138556e-05,train,4.8623660404700786e-05,train,8.393046300625429e-05,test,3.47745772160124e-05,train,7.189899770310149e-05
$KAGGLE_ROOT/train/benign/110.jpg,train,0,9050,HAM_0002293,0,2.0,0.00011203820758964866,0.00018843908765120432,train,5.273614078760147e-05,test,0.00011203820758964866,train,0.00018125261703971773,train,7.314643880818039e-05,train,0.0004466211539693177
$KAGGLE_ROOT/train/benign/1100.jpg,train,0,6387,HAM_0001016,0,4.0,3.180127896484919e-05,2.390786357864272e-05,val,2.790405778796412e-05,test,3.180127896484919e-05,train,2.390786357864272e-05,val,1.0213881068921182e-05,val,7.587479922221974e-05
$KAGGLE_ROOT/train/benign/1101.jpg,train,0,3264,HAM_0004828,0,0.0,0.0003488193324301392,3.064457996515557e-05,train,2.0756508092745207e-05,val,7.236349483719096e-05,test,0.0003488193324301392,train,2.4532246243325062e-05,train,4.6644985559396446e-05
$KAGGLE_ROOT/train/benign/1102.jpg,train,0,9065,HAM_0005230,0,4.0,0.005099310539662838,0.0011472304468043149,train,0.00024274819588754326,train,0.00017895047494675964,train,0.00240986212156713,test,0.005099310539662838,train,0.0017573609948158264
$KAGGLE_ROOT/train/benign/1103.jpg,train,0,4584,HAM_0003837,0,0.0,9.653023153077811e-05,9.887297164823394e-05,val,4.184760109637864e-05,train,8.141274156514555e-05,train,2.4383532945648767e-05,test,9.653023153077811e-05,train,0.0001908226404339075
$KAGGLE_ROOT/train/benign/1104.jpg,train,0,6931,HAM_0007028,0,2.0,8.330802666023374e-05,4.1354640416102484e-05,train,3.942957482649945e-05,train,4.4946889829589054e-05,val,2.9796347007504664e-05,test,8.330802666023374e-05,train,3.968745659221895e-05
$KAGGLE_ROOT/train/benign/1105.jpg,train,0,6044,HAM_0000800,0,0.0,0.0001688627526164055,5.1170193728466984e-05,train,3.1141207728069276e-05,train,3.435379403526895e-05,train,7.239082333398983e-05,train,6.679494981653988e-05,test,0.0001688627526164055
$KAGGLE_ROOT/train/benign/1106.jpg,train,0,4397,HAM_0001047,0,2.0,3.207918780390173e-05,8.949275070335716e-05,test,3.207918780390173e-05,train,2.78793722827686e-05,train,0.00016171610332094133,train,2.939035948656965e-05,train,0.00013898516772314906
$KAGGLE_ROOT/train/benign/1107.jpg,train,0,4794,HAM_0005201,0,4.0,1.057465578924166e-05,1.5428072174472618e-05,test,1.057465578924166e-05,train,1.641096059756819e-05,train,1.3392934306466486e-05,train,1.0891853889916092e-05,train,2.10165399039397e-05
$KAGGLE_ROOT/train/benign/1108.jpg,train,0,8707,HAM_0002107,0,2.0,0.00019862195767927915,0.001270785549422726,test,0.00019862195767927915,train,0.00014238609583117068,train,0.002025265945121646,val,0.017821284011006355,train,0.0016447046073153615
$KAGGLE_ROOT/train/benign/1109.jpg,train,0,8643,HAM_0000336,0,0.0,0.04864143207669258,0.0005082373390905559,train,0.0007268701447173953,train,0.00027499819407239556,test,0.04864143207669258,val,0.0004687380569521338,train,0.0005228436784818769
$KAGGLE_ROOT/train/benign/111.jpg,train,0,4278,HAM_0004471,0,2.0,4.989230728824623e-05,1.9901639461750165e-05,val,1.5048997738631442e-05,train,2.976775067509152e-05,train,1.1543614164111204e-05,train,1.839355354604777e-05,test,4.989230728824623e-05
$KAGGLE_ROOT/train/benign/1111.jpg,train,0,3265,HAM_0003382,0,0.0,2.3055708879837766e-05,2.9097535389155382e-05,train,8.686023647896945e-06,test,2.3055708879837766e-05,train,1.9688768588821404e-05,train,4.0925478970166296e-05,train,4.7089870349736884e-05
$KAGGLE_ROOT/train/benign/1113.jpg,train,0,3382,HAM_0005800,0,2.0,0.0001949618017533794,2.6265206088282866e-05,train,2.7843794669024646e-05,train,1.5388644897029735e-05,train,3.8291796954581514e-05,train,2.353658783249557e-05,test,0.0001949618017533794
$KAGGLE_ROOT/train/benign/1114.jpg,train,0,9111,HAM_0004600,0,6.0,0.0028349561616778374,0.0004899440118606435,test,0.0028349561616778374,train,0.00016914443403948098,train,0.0015668516280129552,train,6.569069955730811e-05,train,0.00015808928583282977
$KAGGLE_ROOT/train/benign/1116.jpg,train,0,5332,HAM_0003169,0,2.0,6.886695337016135e-05,5.218213906725092e-05,train,2.5750496206455864e-05,train,4.313925819587894e-05,test,6.886695337016135e-05,train,8.765666279941797e-05,val,0.00010631160694174469
$KAGGLE_ROOT/train/benign/1117.jpg,train,0,8176,HAM_0004450,0,2.0,5.072306521469727e-05,7.381549676210852e-05,train,2.5262828785344027e-05,train,2.4156410290743224e-05,train,0.0001775058190105483,train,6.833692896179855e-05,test,5.072306521469727e-05
$KAGGLE_ROOT/train/benign/1119.jpg,train,0,8907,HAM_0001381,0,0.0,3.563510472304188e-05,0.00011752283414049695,test,3.563510472304188e-05,val,0.00018400796398054808,train,8.856096246745437e-05,train,7.504834502469748e-05,train,0.000188959194929339
$KAGGLE_ROOT/train/benign/112.jpg,train,0,3491,HAM_0000473,0,4.0,2.223426417913288e-05,8.182177180060535e-05,train,1.3903363651479594e-05,test,2.223426417913288e-05,train,2.971570211229846e-05,train,0.0001364774361718446,train,0.00014719058526679873
$KAGGLE_ROOT/train/benign/1120.jpg,train,0,9041,HAM_0001190,0,0.0,0.00020853881142102182,8.575641641073162e-05,train,0.00013997948553878814,train,8.405894186580554e-05,train,5.321536082192324e-05,train,6.577187741640955e-05,test,0.00020853881142102182
$KAGGLE_ROOT/train/benign/1121.jpg,train,0,8931,HAM_0001702,0,2.0,0.001648042700253427,0.0013732661827816628,val,0.0004416150040924549,train,3.7574154703179374e-05,train,5.6325519835809246e-05,train,0.004025898873806,test,0.001648042700253427
$KAGGLE_ROOT/train/benign/1122.jpg,train,0,4656,HAM_0002492,0,2.0,9.134256833931431e-05,2.4180481432267698e-05,train,1.1531939890119247e-05,train,2.475154360581655e-05,train,2.8239812309038825e-05,train,3.219862992409617e-05,test,9.134256833931431e-05
$KAGGLE_ROOT/train/benign/1123.jpg,train,0,3066,HAM_0005858,0,4.0,3.7875634006923065e-05,3.593475912566646e-05,train,2.3611990400240757e-05,train,4.178858216619119e-05,train,3.8897193007869646e-05,test,3.7875634006923065e-05,train,3.944127092836425e-05
$KAGGLE_ROOT/train/benign/1124.jpg,train,0,9046,HAM_0000486,0,6.0,0.0005123191513121128,0.0006113823465057067,train,5.464037167257629e-05,train,0.0002013254415942356,test,0.0005123191513121128,train,0.00012819863331969827,train,0.0020613649394363165
$KAGGLE_ROOT/train/benign/1127.jpg,train,0,5112,HAM_0002995,0,0.0,2.0125835362705402e-05,7.391650372786292e-05,test,2.0125835362705402e-05,val,5.1888986490666866e-05,train,2.4908773411880247e-05,train,1.6479934856761247e-05,train,0.00018036080291494727
$KAGGLE_ROOT/train/benign/1128.jpg,train,0,8936,HAM_0006225,0,0.0,0.038263145834207535,0.0005822605453431606,train,0.0005371104925870895,val,0.0033429942559450865,train,0.0002507084864191711,test,0.038263145834207535,train,0.0009589626570232213
$KAGGLE_ROOT/train/benign/1129.jpg,train,0,3342,HAM_0003838,0,0.0,1.561424505780451e-05,4.061819595335692e-05,train,5.991545913275331e-05,train,2.8427413781173527e-05,test,1.561424505780451e-05,train,1.0173188456974458e-05,train,6.395672244252637e-05
$KAGGLE_ROOT/train/benign/113.jpg,train,0,4048,HAM_0004540,0,2.0,0.00024405404110439122,5.7894453675544355e-05,train,2.6973106287186965e-05,train,2.2787389752920717e-05,train,0.0001175316865555942,train,6.428563210647553e-05,test,0.00024405404110439122
$KAGGLE_ROOT/train/benign/1131.jpg,train,0,9209,HAM_0006600,0,0.0,6.780987314414233e-05,8.76544163475046e-05,train,1.4528022802551277e-05,val,8.890356548363343e-05,train,4.587786315823905e-05,test,6.780987314414233e-05,train,0.00020255736308172345
$KAGGLE_ROOT/train/benign/1132.jpg,train,0,5272,HAM_0006335,0,0.0,7.362784526776522e-05,5.356803558242973e-05,train,4.26248625444714e-05,train,5.332575165084563e-05,test,7.362784526776522e-05,train,7.795625424478203e-05,train,4.036527388961986e-05
$KAGGLE_ROOT/train/benign/1133.jpg,train,0,5365,HAM_0007556,0,2.0,2.2419544620788656e-05,3.0373805202543736e-05,train,9.402569048688747e-06,test,2.2419544620788656e-05,train,1.5507341231568716e-05,val,2.6825247914530337e-05,train,6.621150532737374e-05
$KAGGLE_ROOT/train/benign/1136.jpg,train,0,4548,HAM_0005659,0,2.0,0.0001297634153161198,5.332992213880061e-05,train,3.605126039474271e-05,train,8.509619510732591e-05,train,2.8384531105984934e-05,train,6.378770194714889e-05,test,0.0001297634153161198
$KAGGLE_ROOT/train/benign/1137.jpg,train,0,4261,HAM_0005426,0,0.0,9.081599273486063e-05,5.689832141797524e-05,val,3.0173368941177614e-05,train,3.385712261660956e-05,train,0.00011538557009771466,train,2.1452271539601497e-05,test,9.081599273486063e-05
$KAGGLE_ROOT/train/benign/1138.jpg,train,0,9329,HAM_0003872,0,4.0,0.00010769632353913039,0.00022131267542135902,train,0.0002002560067921877,test,0.00010769632353913039,train,0.00022452831035479903,train,0.00019987676932942122,train,0.0002605896152090281
$KAGGLE_ROOT/train/benign/114.jpg,train,0,6816,HAM_0003767,0,0.0,0.0001295811525778845,0.00047340937999251764,test,0.0001295811525778845,train,7.35232315491885e-05,train,9.699046495370567e-05,train,8.019629603950307e-05,train,0.0016429275274276733
$KAGGLE_ROOT/train/benign/1140.jpg,train,0,8801,HAM_0004399,0,2.0,0.0007054341258481145,0.00046265346827567555,train,0.0003023798344656825,train,3.811869828496128e-05,train,0.0005061462288722396,test,0.0007054341258481145,train,0.0010039691114798188
$KAGGLE_ROOT/train/benign/1141.jpg,train,0,3952,HAM_0002891,0,2.0,3.547520100255497e-05,3.9772079844624386e-05,train,1.9264001821284182e-05,test,3.547520100255497e-05,train,1.3514075362763833e-05,train,4.2782830860232934e-05,train,8.35274113342166e-05
$KAGGLE_ROOT/train/benign/1142.jpg,train,0,4673,HAM_0005698,0,2.0,1.4903747796779498e-05,0.00015872634442833564,test,1.4903747796779498e-05,train,0.0001560066157253459,val,6.949187809368595e-05,train,0.0001050487335305661,train,0.00021512368402909487
$KAGGLE_ROOT/train/benign/1144.jpg,train,0,9310,HAM_0004996,0,2.0,6.0913687775610015e-05,3.4109707485185936e-05,train,3.4109707485185936e-05,test,6.0913687775610015e-05,val,5.853335096617229e-05,val,0.00012068001524312422,val,9.668969869380817e-05
$KAGGLE_ROOT/train/benign/1145.jpg,train,0,6601,HAM_0006136,0,2.0,0.00010224670404568315,0.0001526494943391299,train,3.2781077607069165e-05,train,0.0003073835978284478,test,0.00010224670404568315,train,3.6397017538547516e-05,train,0.00023403628438245505
$KAGGLE_ROOT/train/benign/1147.jpg,train,0,3901,HAM_0006448,0,2.0,1.93717387446668e-05,4.537584572972264e-05,test,1.93717387446668e-05,val,6.404375744750723e-05,train,4.9118600145448e-05,train,4.1633091313997284e-05,val,0.00023117096861824393
$KAGGLE_ROOT/train/benign/1148.jpg,train,0,6678,HAM_0001518,0,6.0,7.68723402870819e-05,0.00011716647713910788,val,8.024847193155438e-05,train,0.00015532574616372585,test,7.68723402870819e-05,train,0.0001415265433024615,train,5.464714195113629e-05
$KAGGLE_ROOT/train/benign/1149.jpg,train,0,3142,HAM_0003349,0,0.0,6.756150833098218e-05,1.8114072645403212e-05,train,2.6932779292110354e-05,train,1.5111007996893022e-05,train,2.2366650227922946e-05,train,8.045853064686526e-06,test,6.756150833098218e-05
$KAGGLE_ROOT/train/benign/115.jpg,train,0,8884,HAM_0003958,0,0.0,0.005223620682954788,0.0011316468783964713,test,0.005223620682954788,train,0.0018597107846289873,val,0.013280147686600685,train,0.0009163849172182381,train,0.0006188449333421886
$KAGGLE_ROOT/train/benign/1150.jpg,train,0,6733,HAM_0001141,0,4.0,6.417776603484526e-05,0.0008118234927678714,train,0.000572170945815742,train,6.940452294657007e-05,train,0.0004394535790197551,test,6.417776603484526e-05,train,0.0021662649232894182
$KAGGLE_ROOT/train/benign/1152.jpg,train,0,3517,HAM_0000507,0,2.0,3.0644012440461665e-05,6.259824704102357e-05,train,2.1812209524796344e-05,train,3.574453148758039e-05,train,8.365256508113816e-05,test,3.0644012440461665e-05,train,0.00010918368207057938
$KAGGLE_ROOT/train/benign/1153.jpg,train,0,5886,HAM_0001382,0,2.0,1.9796896594925784e-05,2.3601667938540533e-05,train,1.4165942957333755e-05,test,1.9796896594925784e-05,train,1.004657860903535e-05,val,2.788929305097554e-05,train,4.65924822492525e-05
$KAGGLE_ROOT/train/benign/1154.jpg,train,0,8719,HAM_0005730,0,0.0,0.0007038889452815056,0.025265788866818184,train,0.003603300079703331,test,0.0007038889452815056,train,0.08302339911460876,train,0.00016284351295325905,train,0.014273612760007381
$KAGGLE_ROOT/train/benign/1156.jpg,train,0,4427,HAM_0000680,0,2.0,1.0257005669700447e-05,5.296977769830846e-05,test,1.0257005669700447e-05,train,3.993198333773762e-05,train,2.2756137695978396e-05,train,2.672339542186819e-05,train,0.00012246759433764964
$KAGGLE_ROOT/train/benign/1157.jpg,train,0,3188,HAM_0000789,0,2.0,8.966514724306762e-05,8.72217615324189e-05,train,2.813910941767972e-05,train,1.4086218470765743e-05,test,8.966514724306762e-05,val,0.000136892034788616,train,0.00021943995670881122
$KAGGLE_ROOT/train/benign/1158.jpg,train,0,3490,HAM_0001572,0,2.0,1.8143031411455013e-05,7.842487199620034e-05,train,4.4217602408025414e-05,test,1.8143031411455013e-05,val,3.535126234055497e-05,train,7.603110134368762e-05,train,0.00011502591223688796
$KAGGLE_ROOT/train/benign/1159.jpg,train,0,4201,HAM_0000514,0,2.0,8.74744655448012e-05,6.934022894711234e-05,train,2.508350371499546e-05,train,0.0001403709757141769,train,4.256620741216466e-05,val,5.183695611776784e-05,test,8.74744655448012e-05
$KAGGLE_ROOT/train/benign/116.jpg,train,0,6998,HAM_0001160,0,0.0,0.00028639062657020986,0.0007901144272182137,train,0.0007334054098464549,test,0.00028639062657020986,train,0.0008468234445899725,val,0.0006216549663804471,val,0.0006958137964829803
$KAGGLE_ROOT/train/benign/1160.jpg,train,0,3512,HAM_0001336,0,0.0,9.427211625734344e-05,4.565079780149972e-05,train,5.767199763795361e-05,train,2.209760350524448e-05,train,6.534207932418212e-05,train,3.749151073861867e-05,test,9.427211625734344e-05
$KAGGLE_ROOT/train/benign/1161.jpg,train,0,3961,HAM_0005377,0,0.0,2.70137534243986e-05,4.118949073017575e-05,test,2.70137534243986e-05,train,4.118949073017575e-05,val,2.1918845959589817e-05,val,4.814959174836986e-05,val,7.010188710410148e-05
$KAGGLE_ROOT/train/benign/1162.jpg,train,0,9219,HAM_0001689,0,2.0,0.00013409522944130003,0.00012782460544258356,test,0.00013409522944130003,train,4.864114453084767e-05,val,0.00010137286153621972,train,7.131509482860565e-05,train,0.00026351757696829736
$KAGGLE_ROOT/train/benign/1163.jpg,train,0,3697,HAM_0005218,0,2.0,2.126301478710957e-05,3.113659840892069e-05,train,2.085655250994023e-05,train,4.2670086259022355e-05,train,3.442236265982501e-05,test,2.126301478710957e-05,train,2.6597392206895165e-05
$KAGGLE_ROOT/train/benign/1164.jpg,train,0,5598,HAM_0003890,0,4.0,5.224888082011603e-05,5.995951323711779e-05,train,2.7483038138598204e-05,test,5.224888082011603e-05,train,7.273001392604783e-05,train,5.431950557976961e-05,train,8.530549530405551e-05
$KAGGLE_ROOT/train/benign/1165.jpg,train,0,4828,HAM_0006690,0,2.0,0.00014664969057776034,0.00010227967231912771,train,6.937819125596434e-05,test,0.00014664969057776034,train,6.11808936810121e-05,train,4.0518851164961234e-05,train,0.00023804075317457318
$KAGGLE_ROOT/train/benign/1167.jpg,train,0,9029,HAM_0002370,0,0.0,0.0001370035606669262,9.151092914786811e-05,train,6.12084986642003e-05,train,6.525204662466422e-05,train,0.0001480722421547398,test,0.0001370035606669262,val,0.00014035585627425462
$KAGGLE_ROOT/train/benign/1168.jpg,train,0,6437,HAM_0003109,0,4.0,3.239315265091136e-05,8.383415661228355e-05,train,1.667129799898248e-05,train,4.652539428207092e-05,train,2.2797843485022895e-05,test,3.239315265091136e-05,train,0.0002493420906830579
$KAGGLE_ROOT/train/benign/1169.jpg,train,0,9167,HAM_0002486,0,2.0,0.00042108228080905974,0.00017360553647449706,train,6.276637577684596e-05,train,8.097605314105749e-05,train,0.00015949452063068748,test,0.00042108228080905974,train,0.0003911851963493973
$KAGGLE_ROOT/train/benign/117.jpg,train,0,4929,HAM_0000826,0,2.0,6.975379801588133e-05,8.180810133732545e-05,train,3.6886456655338407e-05,test,6.975379801588133e-05,val,7.734735117992386e-05,train,3.820578785962425e-05,train,0.0001703320594970137
$KAGGLE_ROOT/train/benign/1171.jpg,train,0,5711,HAM_0001066,0,0.0,3.6451307096285746e-05,5.726907966163708e-05,train,3.2752330298535526e-05,train,5.5411775974789634e-05,test,3.6451307096285746e-05,train,6.0522506828419864e-05,train,8.038970554480329e-05
$KAGGLE_ROOT/train/benign/1172.jpg,train,0,6572,HAM_0007187,0,2.0,3.261776873841882e-05,7.805150744388811e-05,train,7.452424324583262e-05,train,3.411959914956242e-05,train,0.00013839415623806417,test,3.261776873841882e-05,train,6.516803114209324e-05
$KAGGLE_ROOT/train/benign/1174.jpg,train,0,6289,HAM_0000660,0,6.0,2.479156137269456e-05,7.096271110640373e-05,test,2.479156137269456e-05,train,2.3771908672642894e-05,val,2.705469523789361e-05,train,5.833458271808922e-05,train,0.00013078164192847908
$KAGGLE_ROOT/train/benign/1175.jpg,train,0,4687,HAM_0000166,0,2.0,0.00012671612785197794,7.66187677072594e-05,val,4.287705814931542e-05,train,3.79635785066057e-05,train,0.00011527395690791309,test,0.00012671612785197794,val,0.00019914249423891306
$KAGGLE_ROOT/train/benign/1176.jpg,train,0,6417,HAM_0003875,0,2.0,2.9698192520299926e-05,2.8580126809174544e-05,train,8.035570317588281e-06,train,2.7925940230488777e-05,train,3.1207207939587533e-05,test,2.9698192520299926e-05,train,4.7151788749033585e-05
$KAGGLE_ROOT/train/benign/1178.jpg,train,0,8213,HAM_0003127,0,0.0,2.0807819964829832e-05,0.0001102088749576069,train,4.816842556465417e-05,test,2.0807819964829832e-05,train,7.120663940440863e-05,train,2.781698822218459e-05,train,0.0002936434466391802
$KAGGLE_ROOT/train/benign/1179.jpg,train,0,6193,HAM_0004974,0,0.0,2.2560800061910413e-05,4.2301929170207586e-05,train,1.889928535092622e-05,train,3.3209762477781624e-05,test,2.2560800061910413e-05,train,3.751396798179485e-05,train,7.958470087032765e-05
$KAGGLE_ROOT/train/benign/118.jpg,train,0,6378,HAM_0001030,0,0.0,3.8224447052925825e-05,5.1747349061770365e-05,train,2.3768508981447667e-05,train,4.769970473716967e-05,test,3.8224447052925825e-05,train,3.626657053246163e-05,train,9.92546119960025e-05
$KAGGLE_ROOT/train/benign/1181.jpg,train,0,7034,HAM_0005561,0,4.0,0.0008333124569617212,0.00047802455628698226,train,0.00085593038238585,train,5.354905079002492e-05,train,0.0009470531367696822,train,5.5565655202372e-05,test,0.0008333124569617212
$KAGGLE_ROOT/train/benign/1182.jpg,train,0,3295,HAM_0001322,0,4.0,0.00010266270692227408,0.0002545721866529978,train,1.60434083227301e-05,val,3.4806660551112145e-05,train,5.335942478268407e-05,test,0.00010266270692227408,train,0.0006943137268535793
$KAGGLE_ROOT/train/benign/1184.jpg,train,0,6929,HAM_0001849,0,2.0,9.265904373023659e-05,0.0006492413037146131,test,9.265904373023659e-05,val,7.068084960337728e-05,train,0.0013782798778265715,train,0.0001016031892504543,train,0.0004678408440668136
$KAGGLE_ROOT/train/benign/1185.jpg,train,0,3441,HAM_0001449,0,2.0,0.009134502150118351,0.014148054644465446,test,0.009134502150118351,val,0.0009138837340287864,train,0.0025540143251419067,train,0.025742094963788986,val,0.5750479698181152
$KAGGLE_ROOT/train/benign/1186.jpg,train,0,6764,HAM_0000930,0,2.0,0.0014977304963395,0.0003609372506616637,train,0.0005364394746720791,val,0.0011501065455377102,train,0.0004184319404885173,train,0.00012794033682439476,test,0.0014977304963395
$KAGGLE_ROOT/train/benign/1187.jpg,train,0,5996,HAM_0005202,0,0.0,3.508041481836699e-05,2.635958048813336e-05,test,3.508041481836699e-05,train,3.1357591069536284e-05,train,2.578332532721106e-05,train,1.0615526662149932e-05,train,3.768187889363617e-05
$KAGGLE_ROOT/train/benign/1188.jpg,train,0,3392,HAM_0004819,0,2.0,0.0002442633267492056,9.469441283727065e-05,train,8.963111758930609e-05,val,8.459683158434927e-05,test,0.0002442633267492056,train,8.023675763979554e-05,train,0.00011421536328271031
$KAGGLE_ROOT/train/benign/1189.jpg,train,0,4559,HAM_0003100,0,2.0,1.8786220607580617e-05,3.882388409692794e-05,test,1.8786220607580617e-05,val,3.971157275373116e-05,train,3.121753616142087e-05,train,4.6430232032435015e-05,val,3.404974631848745e-05
$KAGGLE_ROOT/train/benign/1190.jpg,train,0,4094,HAM_0004608,0,2.0,1.2720844097202644e-05,2.9095393074385356e-05,test,1.2720844097202644e-05,train,2.286287781316787e-05,train,1.6051657439675182e-05,train,3.142863351968117e-05,train,4.60384035250172e-05
$KAGGLE_ROOT/train/benign/1192.jpg,train,0,8961,HAM_0000762,0,2.0,6.124044011812657e-05,0.0005350403371267021,test,6.124044011812657e-05,val,0.00018101325258612633,val,0.005074887070804834,train,0.00016776035772636533,train,0.0009023203165270388
$KAGGLE_ROOT/train/benign/1193.jpg,train,0,8636,HAM_0000674,0,2.0,0.0008414728799834847,0.0023112072058211197,train,0.0005740919150412083,test,0.0008414728799834847,train,0.008357588201761246,train,3.919205119018443e-05,train,0.00027395665529184043
$KAGGLE_ROOT/train/benign/1194.jpg,train,0,3655,HAM_0006611,0,2.0,8.476293442072347e-05,3.077292058151215e-05,train,1.5393179637612775e-05,train,1.7272868717554957e-05,test,8.476293442072347e-05,train,2.5780744181247428e-05,train,6.464488978963345e-05
$KAGGLE_ROOT/train/benign/1195.jpg,train,0,4807,HAM_0007338,0,0.0,4.1170718759531155e-05,3.213986747141462e-05,train,1.4787568943575025e-05,train,2.9942561013740487e-05,train,2.193651562265586e-05,test,4.1170718759531155e-05,train,6.18928243056871e-05
$KAGGLE_ROOT/train/benign/1196.jpg,train,0,8930,HAM_0006409,0,0.0,0.00031024677446112037,0.0007124956082407152,train,0.00031611608574166894,train,0.00025568591081537306,test,0.00031024677446112037,train,0.00011145660391775891,train,0.00216672383248806
$KAGGLE_ROOT/train/benign/1197.jpg,train,0,6692,HAM_0003155,0,2.0,0.000916473101824522,0.0001585855607117992,train,0.0003032369422726333,train,4.940360668115318e-05,test,0.000916473101824522,train,0.00020678513101302087,train,7.491656288038939e-05
$KAGGLE_ROOT/train/benign/1198.jpg,train,0,4574,HAM_0001194,0,4.0,3.1661744287703186e-05,7.07082526787417e-05,train,4.5011573092779145e-05,test,3.1661744287703186e-05,train,3.855709292110987e-05,train,7.918295887066051e-05,train,0.00012008138583041728
$KAGGLE_ROOT/train/benign/1199.jpg,train,0,8709,HAM_0006352,0,2.0,0.018167292699217796,0.04960577696328983,test,0.018167292699217796,train,0.008969824761152267,train,0.14912410080432892,train,0.0024693028535693884,train,0.037859879434108734
$KAGGLE_ROOT/train/benign/12.jpg,train,0,9230,HAM_0006262,0,2.0,0.002635481534525752,0.0005652713880408555,test,0.002635481534525752,train,0.00030599033925682306,val,0.01180156972259283,val,0.002875368809327483,train,0.000824552436824888
$KAGGLE_ROOT/train/benign/120.jpg,train,0,4623,HAM_0005839,0,4.0,0.00011095788067905232,5.167124572835746e-05,train,4.26942206104286e-05,train,2.0035104171256535e-05,train,2.880408283090219e-05,test,0.00011095788067905232,train,0.00011515157530084252
$KAGGLE_ROOT/train/benign/1201.jpg,train,0,6164,HAM_0004311,0,2.0,0.0005499916151165962,0.00015486653137486428,train,0.0002731887507252395,test,0.0005499916151165962,train,0.0001078907007467933,train,6.233232124941424e-05,train,0.00017605435277801007
$KAGGLE_ROOT/train/benign/1202.jpg,train,0,9673,HAM_0004857,0,0.0,0.5174378156661987,0.011253540229517967,test,0.5174378156661987,train,0.0006202821969054639,train,0.005451032426208258,val,0.8991210460662842,train,0.027689306065440178
$KAGGLE_ROOT/train/benign/1204.jpg,train,0,3267,HAM_0004929,0,2.0,9.529743692837656e-05,5.056117015556083e-05,train,2.0978735847165808e-05,train,2.6768311727209948e-05,train,7.33829292585142e-05,train,8.111470378935337e-05,test,9.529743692837656e-05
$KAGGLE_ROOT/train/benign/1205.jpg,train,0,6775,HAM_0000068,0,2.0,0.001641159295104444,0.0009656599577283487,train,0.0014254391426220536,train,0.0007967124693095684,test,0.001641159295104444,train,0.0007872502319514751,train,0.0008532379870302975
$KAGGLE_ROOT/train/benign/1206.jpg,train,0,8591,HAM_0004170,0,2.0,0.00675147445872426,0.0035408789893457047,val,0.0022318316623568535,train,0.0003590637061279267,train,0.0011556100798770785,train,0.009107963182032108,test,0.00675147445872426
$KAGGLE_ROOT/train/benign/1207.jpg,train,0,4839,HAM_0002340,0,2.0,3.832884249277413e-05,3.125600323983235e-05,train,1.6511256035300903e-05,test,3.832884249277413e-05,val,3.5209312045481056e-05,train,4.60007504443638e-05,val,0.00017598754493519664
$KAGGLE_ROOT/train/benign/1209.jpg,train,0,4446,HAM_0003481,0,2.0,1.292205251957057e-05,8.532064475730294e-05,test,1.292205251957057e-05,train,2.8237227525096387e-05,train,1.872258508228697e-05,train,0.00010554906475590542,train,0.000188773701665923
$KAGGLE_ROOT/train/benign/121.jpg,train,0,6646,HAM_0003244,0,6.0,0.00032099432428367436,6.60374234939809e-05,train,1.485304983361857e-05,train,4.0646755223860964e-05,train,0.00014261246542446315,test,0.00032099432428367436,val,0.0001274568057851866
$KAGGLE_ROOT/train/benign/1210.jpg,train,0,8791,HAM_0005822,0,2.0,0.10117575526237488,0.014522051540552638,train,0.0018635420128703117,train,0.0008839507936500013,test,0.10117575526237488,train,0.0043209814466536045,train,0.051019731909036636
$KAGGLE_ROOT/train/benign/1211.jpg,train,0,9279,HAM_0002296,0,2.0,0.00033316982444375753,0.001013444081763737,train,0.0010643545538187027,train,0.00020950421458110213,train,0.0017012503230944276,test,0.00033316982444375753,train,0.0010786672355607152
$KAGGLE_ROOT/train/benign/1212.jpg,train,0,4554,HAM_0000244,0,4.0,2.1280278815538622e-05,0.00024687123611026135,test,2.1280278815538622e-05,val,5.8703619288280606e-05,train,8.045857975957915e-05,train,0.0004280125431250781,train,0.00023214258544612676
$KAGGLE_ROOT/train/benign/1213.jpg,train,0,4921,HAM_0006292,0,0.0,0.00010899311018874869,2.6297763421704683e-05,train,2.5430048481211998e-05,train,3.2290048693539575e-05,val,1.5135136891331058e-05,train,2.1173193090362474e-05,test,0.00010899311018874869
$KAGGLE_ROOT/train/benign/1216.jpg,train,0,6246,HAM_0004067,0,4.0,1.674218219704926e-05,4.9993261200143024e-05,train,2.051412593573332e-05,train,2.808302451740019e-05,train,3.618083064793609e-05,test,1.674218219704926e-05,train,0.0001151950636995025
$KAGGLE_ROOT/train/benign/1217.jpg,train,0,6412,HAM_0004160,0,2.0,3.51483904523775e-05,6.801257086408441e-05,test,3.51483904523775e-05,train,4.174902642262168e-05,train,0.00014574953820556402,train,2.0576508177327923e-05,train,6.397521065082401e-05
$KAGGLE_ROOT/train/benign/1218.jpg,train,0,6452,HAM_0003792,0,2.0,4.4137981603853405e-05,9.780422305993852e-05,train,2.2344242097460665e-05,train,8.22704314487055e-05,train,7.5297306466382e-05,test,4.4137981603853405e-05,train,0.00021130491222720593
$KAGGLE_ROOT/train/benign/1219.jpg,train,0,4615,HAM_0000096,0,0.0,0.00021617046149913222,3.38384975293593e-05,train,1.8922999515780248e-05,train,3.517531877150759e-05,train,3.717670915648341e-05,train,4.4078962673665956e-05,test,0.00021617046149913222
$KAGGLE_ROOT/train/benign/1220.jpg,train,0,6748,HAM_0004380,0,2.0,0.00011851440649479628,0.00017625401475622007,test,0.00011851440649479628,train,0.00020917165966238827,train,0.00020895579655189067,val,0.0015216469764709473,train,0.00011063458805438131
$KAGGLE_ROOT/train/benign/1221.jpg,train,0,4716,HAM_0001774,0,0.0,2.6106481527676806e-05,3.484490086217799e-05,train,1.2125375178584363e-05,val,0.00014603472664020956,test,2.6106481527676806e-05,train,1.719749161566142e-05,train,7.521183579228818e-05
$KAGGLE_ROOT/train/benign/1222.jpg,train,0,4500,HAM_0000678,0,0.0,6.441443838411942e-05,2.994306328218954e-05,train,1.3607718756247777e-05,train,5.271060217637569e-05,train,2.8508096875157207e-05,train,2.4945835320977494e-05,test,6.441443838411942e-05
$KAGGLE_ROOT/train/benign/1223.jpg,train,0,8935,HAM_0006225,0,2.0,0.022747207432985306,0.005061553260020446,train,0.012838824652135372,val,0.004053921904414892,train,0.0001142954351962544,test,0.022747207432985306,train,0.0022315396927297115
$KAGGLE_ROOT/train/benign/1224.jpg,train,0,5359,HAM_0005147,0,2.0,1.0164130799239501e-05,3.335054740697766e-05,train,4.872591671301052e-05,train,1.9938124751206487e-05,val,1.6331865481333807e-05,test,1.0164130799239501e-05,train,3.138760075671598e-05
$KAGGLE_ROOT/train/benign/1225.jpg,train,0,6371,HAM_0002945,0,6.0,0.0006163474172353745,0.00010092632874147967,train,0.00011134995293105021,train,4.5042834244668484e-05,val,0.00010794122499646619,train,0.0001463861990487203,test,0.0006163474172353745
$KAGGLE_ROOT/train/benign/1227.jpg,train,0,9025,HAM_0002888,0,0.0,0.0003241829399485141,6.837480032118037e-05,val,0.00064464210299775,test,0.0003241829399485141,train,6.837480032118037e-05,val,6.18243939243257e-05,val,0.0011889837915077806
$KAGGLE_ROOT/train/benign/1228.jpg,train,0,4511,HAM_0003552,0,4.0,7.215690857265145e-05,9.289578429161338e-05,train,5.750723721575923e-05,train,6.967920489842072e-05,test,7.215690857265145e-05,train,5.339347990229726e-05,train,0.0001910032151499763
$KAGGLE_ROOT/train/benign/1229.jpg,train,0,3775,HAM_0007467,0,2.0,1.4380749234987888e-05,5.668926678481512e-05,test,1.4380749234987888e-05,train,2.2040336261852644e-05,train,3.7431527744047344e-05,train,2.6852891096496023e-05,train,0.00014043231203686446
$KAGGLE_ROOT/train/benign/123.jpg,train,0,4817,HAM_0004567,0,2.0,2.8432104954845272e-05,0.00037440028791024815,train,6.404442683560774e-05,test,2.8432104954845272e-05,train,0.0010397309670224786,train,9.773767669685185e-05,train,0.00029608808108605444
$KAGGLE_ROOT/train/benign/1230.jpg,train,0,4841,HAM_0000180,0,2.0,4.133965558139607e-05,4.217452381756933e-05,train,2.8957130780327134e-05,train,3.979558459832333e-05,test,4.133965558139607e-05,val,5.0275251851417124e-05,train,5.777085607405752e-05
$KAGGLE_ROOT/train/benign/1232.jpg,train,0,4085,HAM_0007430,0,4.0,3.388334880582988e-05,4.267352733222651e-05,train,2.3675687771174125e-05,test,3.388334880582988e-05,train,3.698582440847531e-05,train,4.76999775855802e-05,train,6.233261956367642e-05
$KAGGLE_ROOT/train/benign/1233.jpg,train,0,4636,HAM_0007389,0,4.0,1.4073623788135592e-05,5.571035489992937e-05,test,1.4073623788135592e-05,train,2.113125447067432e-05,train,5.361578951124102e-05,train,5.830405279994011e-05,train,8.979032281786203e-05
$KAGGLE_ROOT/train/benign/1234.jpg,train,0,9336,HAM_0002832,0,2.0,0.0006630133138969541,0.0005114877913001692,train,0.0009537352016195655,test,0.0006630133138969541,train,0.0008318594773299992,train,0.00016210747708100826,train,9.824900917010382e-05
$KAGGLE_ROOT/train/benign/1235.jpg,train,0,6736,HAM_0000476,0,2.0,0.0002263728529214859,5.3226377531245816e-05,train,3.0432989660766907e-05,train,1.7964013750315644e-05,train,0.00010105956607731059,train,6.344894063659012e-05,test,0.0002263728529214859
$KAGGLE_ROOT/train/benign/1236.jpg,train,0,8927,HAM_0006685,0,0.0,0.00039025419391691685,0.0004491155074598889,train,0.0002491037594154477,val,0.0005209649680182338,train,0.0005966218886896968,test,0.00039025419391691685,train,0.0005016208742745221
$KAGGLE_ROOT/train/benign/1237.jpg,train,0,6223,HAM_0006672,0,0.0,8.75169353093952e-05,4.089748108526692e-05,train,4.87751531181857e-05,test,8.75169353093952e-05,val,5.864733248017728e-05,train,3.301980905234814e-05,val,7.10150707163848e-05
$KAGGLE_ROOT/train/benign/1238.jpg,train,0,5741,HAM_0005019,0,0.0,6.370344635797665e-05,0.00015770749087096192,train,4.2473431676626205e-05,train,8.829736907500774e-05,test,6.370344635797665e-05,train,7.215491496026516e-05,train,0.0004279042477719486
$KAGGLE_ROOT/train/benign/1239.jpg,train,0,6442,HAM_0000333,0,4.0,7.00442906236276e-05,6.004174201734713e-05,train,4.50769548479002e-05,test,7.00442906236276e-05,train,2.9469281798810698e-05,train,4.519752110354602e-05,train,0.00012042321031913161
$KAGGLE_ROOT/train/benign/124.jpg,train,0,3584,HAM_0007616,0,4.0,6.843872688477859e-05,4.215176431898726e-05,train,3.6878966056974605e-05,train,6.641259824391454e-05,train,4.139109296374954e-05,train,2.3924400011310354e-05,test,6.843872688477859e-05
$KAGGLE_ROOT/train/benign/1240.jpg,train,0,4588,HAM_0004798,0,0.0,5.120488640386611e-05,0.00023485742167395074,test,5.120488640386611e-05,train,0.00020195163961034268,train,0.00026203886955045164,train,9.886052430374548e-05,train,0.00037657865323126316
$KAGGLE_ROOT/train/benign/1241.jpg,train,0,6822,HAM_0003221,0,4.0,0.0014494459610432386,0.00025346163965878077,test,0.0014494459610432386,train,0.00023811926075723022,train,0.00014533694775309414,train,0.00021218151960056275,train,0.00041820883052423596
$KAGGLE_ROOT/train/benign/1245.jpg,train,0,6102,HAM_0001233,0,2.0,5.221834726398811e-05,5.091087950859219e-05,val,2.2921407435205765e-05,test,5.221834726398811e-05,train,5.811953087686561e-05,train,4.3702228140318766e-05,val,7.408393867081031e-05
$KAGGLE_ROOT/train/benign/1246.jpg,train,0,3678,HAM_0003964,0,4.0,5.379662979976274e-05,3.377588313924207e-05,train,9.302381840825547e-06,train,3.4734308428596705e-05,train,6.643907545367256e-05,train,2.4627766833873466e-05,test,5.379662979976274e-05
$KAGGLE_ROOT/train/benign/1247.jpg,train,0,3220,HAM_0003883,0,0.0,1.4296066183305811e-05,3.5896391864298494e-05,test,1.4296066183305811e-05,train,1.528501888969913e-05,train,5.1041566621279344e-05,train,9.904358194035012e-06,train,6.735462375218049e-05
$KAGGLE_ROOT/train/benign/1248.jpg,train,0,5107,HAM_0007231,0,2.0,0.00012939408770762384,7.82650104156346e-05,train,1.2272972526261583e-05,test,0.00012939408770762384,train,5.511728522833437e-05,train,0.00018113237456418574,train,6.453740934375674e-05
$KAGGLE_ROOT/train/benign/1249.jpg,train,0,5727,HAM_0007062,0,4.0,1.5019962120277341e-05,4.171265345576103e-05,val,2.1519252186408266e-05,val,2.320982275705319e-05,test,1.5019962120277341e-05,train,1.134067770180991e-05,train,7.208462920971215e-05
$KAGGLE_ROOT/train/benign/125.jpg,train,0,3466,HAM_0005349,0,0.0,0.0007176141953095794,7.9824041070727e-05,train,9.496677375864238e-05,train,3.6428791645448655e-05,train,0.00010807655780809,val,0.00010579726949799806,test,0.0007176141953095794
$KAGGLE_ROOT/train/benign/1250.jpg,train,0,4015,HAM_0002341,0,6.0,1.2202563993923832e-05,3.9407705116900615e-05,test,1.2202563993923832e-05,train,2.982893056469038e-05,train,2.4027198378462344e-05,train,4.514100874075666e-05,train,5.8633682783693075e-05
$KAGGLE_ROOT/train/benign/1251.jpg,train,0,3395,HAM_0000444,0,2.0,3.9047041354933754e-05,5.079256879980676e-05,train,3.510641909088008e-05,train,6.1010770878056064e-05,test,3.9047041354933754e-05,train,5.083725045551546e-05,train,5.621583477477543e-05
$KAGGLE_ROOT/train/benign/1252.jpg,train,0,9062,HAM_0003932,0,2.0,4.060092396684922e-05,0.0001821695186663419,test,4.060092396684922e-05,val,2.615871562738903e-05,val,0.00027677364414557815,val,5.347771366359666e-05,train,0.0001821695186663419
$KAGGLE_ROOT/train/benign/1254.jpg,train,0,8521,HAM_0002368,0,0.0,0.0001740379520924762,0.00784596755693201,train,0.0003879043215420097,train,0.00011620554141700268,train,0.00035501664387993515,test,0.0001740379520924762,train,0.03052474372088909
$KAGGLE_ROOT/train/benign/1255.jpg,train,0,4855,HAM_0006050,0,2.0,1.8137721781386063e-05,3.230272545806656e-05,train,1.745357076288201e-05,test,1.8137721781386063e-05,train,4.1797746234806255e-05,train,1.3865203982277308e-05,train,5.6094380852300674e-05
$KAGGLE_ROOT/train/benign/1256.jpg,train,0,5635,HAM_0001626,0,8.0,5.304451769916341e-05,6.175967731299654e-05,val,3.0041783247725107e-05,train,3.960911635658704e-05,train,2.9214452297310345e-05,test,5.304451769916341e-05,train,0.00011645546328509226
$KAGGLE_ROOT/train/benign/1257.jpg,train,0,4293,HAM_0001193,0,2.0,2.4396254957537167e-05,3.429869798310392e-05,train,1.0265089258609805e-05,test,2.4396254957537167e-05,train,2.2650676328339614e-05,train,2.7030890123569407e-05,train,7.724813622189686e-05
$KAGGLE_ROOT/train/benign/1258.jpg,train,0,8720,HAM_0003918,0,0.0,9.385654266225174e-05,4.321204323787242e-05,train,5.472557313623838e-05,test,9.385654266225174e-05,train,3.169851333950646e-05,val,2.5495273803244345e-05,val,0.00031691454933024943
$KAGGLE_ROOT/train/benign/1259.jpg,train,0,4122,HAM_0001436,0,2.0,3.905765333911404e-05,2.6055563769962948e-05,train,3.7481786421267316e-05,train,1.577413422637619e-05,train,2.491077066224534e-05,val,6.181443313835189e-05,test,3.905765333911404e-05
$KAGGLE_ROOT/train/benign/126.jpg,train,0,4630,HAM_0005032,0,0.0,7.632582128280774e-05,0.00011457042516364406,val,2.8121243303758092e-05,test,7.632582128280774e-05,train,5.015917122364044e-05,train,2.9781178454868495e-05,train,0.00026377092581242323
$KAGGLE_ROOT/train/benign/1260.jpg,train,0,5165,HAM_0006985,0,2.0,0.00021586027287412435,0.00014513895257550757,train,9.891371882986277e-05,train,9.528398368274793e-05,test,0.00021586027287412435,train,0.0001388344244332984,train,0.0002475236833561212
$KAGGLE_ROOT/train/benign/1262.jpg,train,0,5658,HAM_0002829,0,4.0,0.00014965278387535363,3.716578157764161e-05,train,3.673379251267761e-05,train,3.5585660953074694e-05,train,2.9607053875224665e-05,train,4.673661896958947e-05,test,0.00014965278387535363
$KAGGLE_ROOT/train/benign/1263.jpg,train,0,5145,HAM_0005416,0,2.0,3.339956310810521e-05,4.308166489863652e-05,test,3.339956310810521e-05,train,1.8322978576179594e-05,train,3.060161179746501e-05,train,2.476875852153171e-05,train,9.863331069936976e-05
$KAGGLE_ROOT/train/benign/1264.jpg,train,0,4761,HAM_0002048,0,4.0,4.348389120423235e-05,3.735249629244208e-05,train,2.9724062187597156e-05,train,4.931191506329924e-05,test,4.348389120423235e-05,train,3.3021511626429856e-05,val,0.00011964614532189444
$KAGGLE_ROOT/train/benign/1267.jpg,train,0,3582,HAM_0000016,0,0.0,0.0002014172205235809,0.00016225474003780013,train,0.00013832529657520354,train,0.00011883350816788152,train,0.0002296054153703153,val,7.261594873853028e-05,test,0.0002014172205235809
$KAGGLE_ROOT/train/benign/1268.jpg,train,0,9670,HAM_0001410,0,2.0,0.0001279832940781489,0.00011213072957616532,test,0.0001279832940781489,train,4.760064257425256e-05,train,0.00018848880426958203,train,3.3919946872629225e-05,train,0.00017851352458819747
$KAGGLE_ROOT/train/benign/1270.jpg,train,0,9115,HAM_0000500,0,4.0,2.8869173547718674e-05,6.761004442523699e-05,train,7.607570296386257e-05,test,2.8869173547718674e-05,train,9.021283040056005e-05,train,2.0941515685990453e-05,train,8.32101286505349e-05
$KAGGLE_ROOT/train/benign/1271.jpg,train,0,4096,HAM_0000697,0,2.0,1.8863469449570403e-05,1.1902538062713575e-05,train,1.1902538062713575e-05,test,1.8863469449570403e-05,val,2.2523157895193435e-05,val,1.2493221220211126e-05,val,5.6749777286313474e-05
$KAGGLE_ROOT/train/benign/1272.jpg,train,0,3097,HAM_0002545,0,2.0,3.1402272725244984e-05,3.5384908187552355e-05,train,1.8800361431203783e-05,train,4.6359131374629214e-05,train,3.624589226092212e-05,test,3.1402272725244984e-05,train,4.0134247683454305e-05
$KAGGLE_ROOT/train/benign/1274.jpg,train,0,5486,HAM_0004755,0,4.0,4.4811178668169305e-05,9.455295124401648e-05,test,4.4811178668169305e-05,train,8.496743248542771e-05,val,2.558282903919462e-05,train,7.397219451377168e-05,train,0.00012471922673285007
$KAGGLE_ROOT/train/benign/1275.jpg,train,0,9542,HAM_0003816,0,2.0,6.88003929099068e-05,7.022738100204151e-05,test,6.88003929099068e-05,train,8.305530354846269e-05,train,4.440695920493454e-05,train,7.224146247608587e-05,train,8.120579877868295e-05
$KAGGLE_ROOT/train/benign/1279.jpg,train,0,4665,HAM_0001571,0,0.0,1.2011206308670808e-05,4.2523279262240976e-05,test,1.2011206308670808e-05,train,3.7156929465709254e-05,train,4.78896290587727e-05,val,4.249539051670581e-05,val,6.375693192239851e-05
$KAGGLE_ROOT/train/benign/128.jpg,train,0,4379,HAM_0002989,0,4.0,1.7047737856046297e-05,2.368493430064215e-05,test,1.7047737856046297e-05,train,1.8839846234186552e-05,train,2.9324874049052596e-05,train,2.2890082618687302e-05,val,1.5660130884498358e-05
$KAGGLE_ROOT/train/benign/1280.jpg,train,0,5099,HAM_0004689,0,2.0,8.809988503344357e-05,0.0002586428508948302,train,4.450701453606598e-05,val,6.788590690121055e-05,test,8.809988503344357e-05,val,5.509752008947544e-05,train,0.0004727786872535944
$KAGGLE_ROOT/train/benign/1281.jpg,train,0,6275,HAM_0005507,0,2.0,0.00012178749602753669,2.8328421346183557e-05,train,2.0145498638157733e-05,val,4.476197500480339e-05,train,2.472082996973768e-05,train,4.0118935430655256e-05,test,0.00012178749602753669
$KAGGLE_ROOT/train/benign/1282.jpg,train,0,8729,HAM_0006514,0,0.0,0.0002552338410168886,9.805745776247932e-05,train,4.834799619857222e-05,train,5.4479027312481776e-05,test,0.0002552338410168886,train,2.1726613340433687e-05,train,0.0002676761941984296
$KAGGLE_ROOT/train/benign/1283.jpg,train,0,8512,HAM_0005090,0,0.0,0.00021381840633694082,0.0002980650242534466,train,0.00013426513760350645,train,0.0001969584118342027,test,0.00021381840633694082,train,0.00019420335593167692,train,0.0006668331916444004
$KAGGLE_ROOT/train/benign/1284.jpg,train,0,6282,HAM_0006161,0,2.0,0.00012699785293079913,7.26400673253617e-05,train,2.003221925406251e-05,test,0.00012699785293079913,train,2.6502670152694918e-05,val,2.7538108042790554e-05,train,0.00017138531256932765
$KAGGLE_ROOT/train/benign/1285.jpg,train,0,5519,HAM_0004666,0,0.0,2.9698534490307793e-05,6.099932033976074e-05,train,5.195082849240862e-05,test,2.9698534490307793e-05,train,3.0276356483227573e-05,train,0.00010077077604364604,val,0.00010367907088948414
$KAGGLE_ROOT/train/benign/1286.jpg,train,0,4006,HAM_0000213,0,2.0,6.681463855784386e-05,3.23720887536183e-05,val,2.34245144383749e-05,train,2.3392143702949397e-05,train,5.09789606439881e-05,train,2.27451619139174e-05,test,6.681463855784386e-05
$KAGGLE_ROOT/train/benign/1287.jpg,train,0,4304,HAM_0003147,0,2.0,4.600847023539245e-05,0.00019772960513364524,test,4.600847023539245e-05,val,3.526358341332525e-05,val,8.948508184403181e-05,train,0.00017308357928413898,train,0.0002223756309831515
$KAGGLE_ROOT/train/benign/1289.jpg,train,0,4455,HAM_0004179,0,2.0,1.6693316865712404e-05,4.527433884504717e-05,test,1.6693316865712404e-05,val,2.9439168429234996e-05,val,5.099787449580617e-05,train,1.7636582924751565e-05,train,7.291209476534277e-05
$KAGGLE_ROOT/train/benign/129.jpg,train,0,9085,HAM_0002154,0,0.0,0.00021713244495913386,0.0002726954505002747,val,5.356856490834616e-05,train,0.00023214746033772826,train,0.00027063186280429363,test,0.00021713244495913386,train,0.0003153070283588022
$KAGGLE_ROOT/train/benign/1291.jpg,train,0,8906,HAM_0001381,0,2.0,0.00010466836101841182,0.0016335771263887484,test,0.00010466836101841182,val,0.01558840274810791,train,0.0027053505182266235,train,0.0004473945591598749,train,0.001747986301779747
$KAGGLE_ROOT/train/benign/1292.jpg,train,0,4876,HAM_0002806,0,2.0,3.662294693640433e-05,5.6608840774667137e-05,train,1.5382247511297464e-05,train,5.014663838665001e-05,test,3.662294693640433e-05,train,0.00010429763642605394,val,8.780281496001408e-05
$KAGGLE_ROOT/train/benign/1293.jpg,train,0,5494,HAM_0000594,0,2.0,2.6847281333175488e-05,5.4307428096459866e-05,train,1.8547007130109705e-05,val,1.482576408307068e-05,train,0.00010205189028056338,test,2.6847281333175488e-05,train,4.2323386878706515e-05
$KAGGLE_ROOT/train/benign/1294.jpg,train,0,7097,HAM_0007300,0,2.0,0.007292170077562332,0.2415966481275973,train,0.6644835472106934,train,0.00021467966143973172,test,0.007292170077562332,train,0.26626771688461304,train,0.035420648753643036
$KAGGLE_ROOT/train/benign/1295.jpg,train,0,5442,HAM_0005595,0,6.0,1.230875750479754e-05,7.18006381248415e-05,train,2.838899672497064e-05,train,2.569804564700462e-05,test,1.230875750479754e-05,train,2.293262332386803e-05,train,0.0002101828868035227
$KAGGLE_ROOT/train/benign/1296.jpg,train,0,3979,HAM_0003126,0,0.0,9.059594594873488e-05,7.739266311546089e-05,train,5.633556793327443e-05,train,5.7425477280048653e-05,test,9.059594594873488e-05,train,4.1904346289811656e-05,train,0.00015390526095870882
$KAGGLE_ROOT/train/benign/1298.jpg,train,0,8558,HAM_0007491,0,4.0,0.0005409017903730273,0.00602133828215301,train,0.0019369509536772966,train,0.0025172887835651636,train,0.007750214543193579,train,0.011880898848176003,test,0.0005409017903730273
$KAGGLE_ROOT/train/benign/13.jpg,train,0,3371,HAM_0003341,0,2.0,5.595723996520974e-05,4.345911793279811e-05,test,5.595723996520974e-05,train,4.118238211958669e-05,train,2.1665515305357985e-05,train,2.219507223344408e-05,train,8.879350207280368e-05
$KAGGLE_ROOT/train/benign/130.jpg,train,0,4806,HAM_0005343,0,0.0,0.000519547495059669,0.000210679201700259,val,2.7157680960954167e-05,train,5.7108132750727236e-05,train,0.00011118083057226613,test,0.000519547495059669,train,0.00046374864177778363
$KAGGLE_ROOT/train/benign/1300.jpg,train,0,6036,HAM_0000890,0,0.0,6.371882045641541e-05,3.1858945779580004e-05,train,2.4119372028508224e-05,val,1.9627539586508647e-05,test,6.371882045641541e-05,train,4.461724893189967e-05,train,2.6840216378332116e-05
$KAGGLE_ROOT/train/benign/1301.jpg,train,0,5163,HAM_0006275,0,2.0,0.00040390295907855034,5.696951984646148e-05,train,7.890068081906065e-05,train,2.8903306883876212e-05,train,4.513080421020277e-05,train,7.494328747270629e-05,test,0.00040390295907855034
$KAGGLE_ROOT/train/benign/1302.jpg,train,0,7052,HAM_0005611,0,2.0,0.00018297971109859645,0.020180519049366314,train,0.0014536952367052436,train,0.0012820331612601876,val,0.0014771036803722382,test,0.00018297971109859645,train,0.057805828750133514
$KAGGLE_ROOT/train/benign/1303.jpg,train,0,8246,HAM_0001872,0,0.0,0.022201109677553177,0.00022801459999755025,train,0.00022801459999755025,val,0.00046019250294193625,val,0.007393570151180029,val,0.0008635654230602086,test,0.022201109677553177
$KAGGLE_ROOT/train/benign/1304.jpg,train,0,3939,HAM_0006393,0,0.0,0.00010717006807681173,9.568540235704859e-05,test,0.00010717006807681173,train,2.0221797967678867e-05,train,4.721649384009652e-05,train,0.0001821882906369865,train,0.00013311502698343247
$KAGGLE_ROOT/train/benign/1305.jpg,train,0,6697,HAM_0000965,0,2.0,0.00046428892528638244,0.00012785124514872828,train,9.467697236686945e-05,train,0.00010356870188843459,val,0.0005305312806740403,test,0.00046428892528638244,train,0.00018530806119088084
$KAGGLE_ROOT/train/benign/1306.jpg,train,0,8741,HAM_0003415,0,6.0,2.788062374747824e-05,5.4547259423998185e-05,val,2.680305260582827e-05,train,6.957370351301506e-05,test,2.788062374747824e-05,train,1.1707843441399746e-05,train,8.236023131757975e-05
$KAGGLE_ROOT/train/benign/1307.jpg,train,0,6996,HAM_0002484,0,2.0,0.0001263627054868266,0.0004133191723667551,train,0.0005113856168463826,test,0.0001263627054868266,train,0.0005286232335492969,train,0.000162078722496517,train,0.00045118911657482386
$KAGGLE_ROOT/train/benign/1308.jpg,train,0,8305,HAM_0001895,0,2.0,3.185727837262675e-05,0.000385475366783794,train,9.487779607297853e-05,test,3.185727837262675e-05,train,0.00028400111477822065,train,0.0007775471895001829,val,0.0018808230524882674
$KAGGLE_ROOT/train/benign/1309.jpg,train,0,8550,HAM_0001911,0,0.0,0.0010492916917428374,0.0004271279030945152,train,0.000569988857023418,test,0.0010492916917428374,train,0.00038420912460424006,train,0.0003271857276558876,val,0.004060801118612289
$KAGGLE_ROOT/train/benign/131.jpg,train,0,5771,HAM_0004452,0,4.0,2.7075704565504566e-05,3.3371308745699935e-05,test,2.7075704565504566e-05,train,6.613584264414385e-05,train,1.7843811292550527e-05,train,1.6134272300405428e-05,val,5.8593552239472046e-05
$KAGGLE_ROOT/train/benign/1311.jpg,train,0,8377,HAM_0000188,0,2.0,0.0003216118784621358,0.0001848896523976388,train,0.00016193182091228664,train,4.581578104989603e-05,train,0.00034692135523073375,test,0.0003216118784621358,val,0.000190029910299927
$KAGGLE_ROOT/train/benign/1312.jpg,train,0,6496,HAM_0000849,0,6.0,4.101123340660706e-05,0.00019257765779912006,train,3.723368718056008e-05,test,4.101123340660706e-05,train,5.8772631746251136e-05,train,0.0005639429436996579,train,0.00011036136857001111
$KAGGLE_ROOT/train/benign/1313.jpg,train,0,8623,HAM_0005510,0,6.0,0.0001013948058243841,3.472962134765112e-05,train,2.1438487237901427e-05,train,3.235536132706329e-05,train,2.0207437046337873e-05,test,0.0001013948058243841,train,6.491719977930188e-05
$KAGGLE_ROOT/train/benign/1314.jpg,train,0,6651,HAM_0005877,0,2.0,3.773301068576984e-05,2.946249151136726e-05,train,3.0961880838731304e-05,train,1.6601934476057068e-05,test,3.773301068576984e-05,train,3.9604092307854444e-05,train,3.068205842282623e-05
$KAGGLE_ROOT/train/benign/1315.jpg,train,0,4853,HAM_0002247,0,2.0,3.9653976273257285e-05,6.045460440873285e-05,train,1.7497417502454482e-05,test,3.9653976273257285e-05,train,4.624195207725279e-05,train,6.884600588819012e-05,train,0.000109233042167034
$KAGGLE_ROOT/train/benign/1316.jpg,train,0,5330,HAM_0003477,0,4.0,2.9905633709859103e-05,3.6002866181661375e-05,train,2.9140715923858806e-05,test,2.9905633709859103e-05,train,2.9871060178265907e-05,val,1.390213037666399e-05,train,4.899682244285941e-05
$KAGGLE_ROOT/train/benign/1317.jpg,train,0,9207,HAM_0000604,0,0.0,0.002005057642236352,0.0015200895577436313,train,0.0033704256638884544,train,0.0006290036835707724,test,0.002005057642236352,train,0.001247980399057269,train,0.0008329484844580293
$KAGGLE_ROOT/train/benign/1318.jpg,train,0,3525,HAM_0001162,0,2.0,3.8474339817184955e-05,8.879875228255212e-05,test,3.8474339817184955e-05,val,2.5651135729276575e-05,train,2.914007563958876e-05,train,3.0272023650468327e-05,train,0.00020698415755759925
$KAGGLE_ROOT/train/benign/132.jpg,train,0,8723,HAM_0007510,0,2.0,2.8477476007537916e-05,7.687631538525845e-05,test,2.8477476007537916e-05,val,2.951833448605612e-05,train,6.702561222482473e-05,train,0.00010554152686381713,train,5.8061807067133486e-05
$KAGGLE_ROOT/train/benign/1320.jpg,train,0,8345,HAM_0001507,0,0.0,0.0011170944198966026,0.0010473138330174454,test,0.0011170944198966026,train,5.468092058436014e-05,train,0.002970163943246007,train,0.00011709663522196934,val,0.010475045070052147
$KAGGLE_ROOT/train/benign/1323.jpg,train,0,8994,HAM_0006458,0,2.0,0.00013102580851409584,0.014771100832149386,test,0.00013102580851409584,val,0.0007545141852460802,train,0.005967808421701193,train,0.02357439324259758,val,0.0038137692026793957
$KAGGLE_ROOT/train/benign/1324.jpg,train,0,8130,HAM_0003615,0,6.0,0.0003636136243585497,0.002675346588754716,train,4.5776825572829694e-05,train,3.246598498662934e-05,val,0.003349735401570797,train,0.007947796955704689,test,0.0003636136243585497
$KAGGLE_ROOT/train/benign/1325.jpg,train,0,6948,HAM_0006747,0,4.0,0.0003612286236602813,0.00014472309703705832,train,0.00012675274047069252,train,0.00017662165919318795,test,0.0003612286236602813,train,0.00019338034326210618,train,8.213764522224665e-05
$KAGGLE_ROOT/train/benign/1326.jpg,train,0,6497,HAM_0006695,0,2.0,1.9109991626464762e-05,2.1461544747580774e-05,val,1.5533465557382442e-05,train,2.9748336601187475e-05,test,1.9109991626464762e-05,train,1.3174752893974073e-05,val,6.36659751762636e-05
$KAGGLE_ROOT/train/benign/1327.jpg,train,0,4523,HAM_0003226,0,2.0,3.6809851735597476e-05,8.113093372230651e-05,test,3.6809851735597476e-05,train,0.00015185540542006493,train,3.504065898596309e-05,train,6.149347609607503e-05,train,7.613419438712299e-05
$KAGGLE_ROOT/train/benign/1328.jpg,train,0,4192,HAM_0000831,0,2.0,2.1360896425903775e-05,2.6426141024179135e-05,train,2.653362571436446e-05,train,2.066961496893782e-05,test,2.1360896425903775e-05,train,3.2075182389235124e-05,val,2.0787449102499522e-05
$KAGGLE_ROOT/train/benign/1329.jpg,train,0,5173,HAM_0003492,0,2.0,3.986114097642712e-05,3.981436263226593e-05,train,2.608383510960266e-05,train,4.2147334170294926e-05,test,3.986114097642712e-05,val,1.7407692212145776e-05,train,5.121191861690022e-05
$KAGGLE_ROOT/train/benign/133.jpg,train,0,5406,HAM_0004037,0,8.0,7.981087401276454e-05,8.125475869746879e-05,train,1.87148543773219e-05,test,7.981087401276454e-05,train,8.255405555246398e-05,train,6.175746239023283e-05,train,0.00016199266246985644
$KAGGLE_ROOT/train/benign/1330.jpg,train,0,6118,HAM_0006331,0,0.0,2.1333129552658647e-05,5.603713058614327e-05,test,2.1333129552658647e-05,train,3.5802902857540175e-05,val,6.784823926864192e-05,train,2.4235532691818662e-05,train,0.00010807295620907098
$KAGGLE_ROOT/train/benign/1331.jpg,train,0,9308,HAM_0004996,0,0.0,2.9479146178346127e-05,0.0016225151484832168,train,0.0016225151484832168,test,2.9479146178346127e-05,val,0.003329754341393709,val,0.05640696734189987,val,0.0013383987825363874
$KAGGLE_ROOT/train/benign/1332.jpg,train,0,5343,HAM_0006758,0,4.0,0.00011338078184053302,6.909550438649603e-05,train,4.0786304452922195e-05,train,8.443121623713523e-05,train,2.338168451387901e-05,test,0.00011338078184053302,train,0.0001277828123420477
$KAGGLE_ROOT/train/benign/1333.jpg,train,0,6591,HAM_0000503,0,2.0,4.8675763537175953e-05,1.4278615102133093e-05,train,1.5005717614258174e-05,train,1.4901245776854921e-05,train,1.2928881915286183e-05,val,2.513951767468825e-05,test,4.8675763537175953e-05
$KAGGLE_ROOT/train/benign/1335.jpg,train,0,3205,HAM_0001367,0,2.0,2.1947271306999028e-05,4.514895651179055e-05,test,2.1947271306999028e-05,train,1.5113113477127627e-05,val,4.146421997575089e-05,train,4.9791491619544104e-05,train,7.054226443869993e-05
$KAGGLE_ROOT/train/benign/1336.jpg,train,0,4981,HAM_0006012,0,2.0,3.975825893576257e-05,3.3903561870829435e-05,train,1.6742278603487648e-05,train,2.2788388378103264e-05,test,3.975825893576257e-05,train,2.115815550496336e-05,train,7.492542499676347e-05
$KAGGLE_ROOT/train/benign/1337.jpg,train,0,5648,HAM_0004315,0,2.0,4.336206256994046e-05,7.353191601093083e-05,val,4.9297672376269475e-05,test,4.336206256994046e-05,train,2.26507199840853e-05,train,3.4323598811170086e-05,train,0.00016362142923753709
$KAGGLE_ROOT/train/benign/1338.jpg,train,0,5918,HAM_0004529,0,4.0,2.2630511011811905e-05,3.571794240997406e-05,train,1.8569660824141465e-05,train,2.880864303733688e-05,test,2.2630511011811905e-05,train,3.1532777938991785e-05,train,6.39606878394261e-05
$KAGGLE_ROOT/train/benign/1339.jpg,train,0,4373,HAM_0003666,0,2.0,1.757245081535075e-05,4.585440062025251e-05,test,1.757245081535075e-05,val,3.2361011108150706e-05,train,2.339277125429362e-05,train,4.255910243955441e-05,train,7.161132816690952e-05
$KAGGLE_ROOT/train/benign/134.jpg,train,0,3798,HAM_0005565,0,2.0,3.226859189453535e-05,4.56659727205988e-05,train,2.2327010810840875e-05,val,4.512835221248679e-05,train,6.900493463035673e-05,test,3.226859189453535e-05,val,0.00022635406639892608
$KAGGLE_ROOT/train/benign/1340.jpg,train,0,9242,HAM_0002708,0,0.0,0.30041635036468506,0.000407026275449122,train,0.00043144740629941225,train,0.0004205996519885957,test,0.30041635036468506,train,0.000369031768059358,val,0.032693590968847275
$KAGGLE_ROOT/train/benign/1341.jpg,train,0,6008,HAM_0003720,0,0.0,2.1134903363417834e-05,3.849097599110488e-05,test,2.1134903363417834e-05,train,2.4849292458384298e-05,train,1.234870887856232e-05,val,3.285750426584855e-05,train,7.827492663636804e-05
$KAGGLE_ROOT/train/benign/1344.jpg,train,0,6947,HAM_0006747,0,0.0,0.0007180985412560403,0.0001409857450198615,train,0.00017713570559863,train,4.518450441537425e-05,test,0.0007180985412560403,train,0.00010091655713040382,train,0.0002407062129350379
$KAGGLE_ROOT/train/benign/1345.jpg,train,0,6308,HAM_0007599,0,2.0,4.621193147613667e-05,7.122629926925583e-05,train,1.123818310588831e-05,train,5.502637577592395e-05,test,4.621193147613667e-05,train,4.483601151150651e-05,train,0.00017380462668370456
$KAGGLE_ROOT/train/benign/1346.jpg,train,0,5627,HAM_0001783,0,0.0,4.026946407975629e-05,5.990605586703168e-05,train,1.35015416162787e-05,train,1.4015267879585735e-05,test,4.026946407975629e-05,train,8.554368832847103e-05,train,0.00012656372564379126
$KAGGLE_ROOT/train/benign/1347.jpg,train,0,8224,HAM_0005085,0,2.0,0.6132326126098633,0.08886092937852179,test,0.6132326126098633,train,5.579477146966383e-05,train,0.22413161396980286,val,0.9747108221054077,train,0.04239537939429283
$KAGGLE_ROOT/train/benign/1348.jpg,train,0,3224,HAM_0002786,0,0.0,1.8055505279335193e-05,2.0335743101895787e-05,test,1.8055505279335193e-05,train,1.6364761904696934e-05,train,1.173293640022166e-05,val,4.887731120106764e-05,train,3.2909531000768766e-05
$KAGGLE_ROOT/train/benign/1349.jpg,train,0,6385,HAM_0003132,0,2.0,3.043203105335124e-05,2.6079684175783768e-05,train,2.7450427296571434e-05,train,3.077368819504045e-05,test,3.043203105335124e-05,train,2.0014937035739422e-05,val,4.796966095454991e-05
$KAGGLE_ROOT/train/benign/135.jpg,train,0,5385,HAM_0001724,0,2.0,1.534343755338341e-05,5.879665332031436e-05,test,1.534343755338341e-05,train,3.742714034160599e-05,train,9.605275408830494e-05,train,4.291006553103216e-05,val,7.798570004524663e-05
$KAGGLE_ROOT/train/benign/1351.jpg,train,0,5296,HAM_0004353,0,4.0,1.68786573340185e-05,3.091959251833032e-05,train,2.678881719475612e-05,train,2.454598325130064e-05,test,1.68786573340185e-05,train,2.093730290653184e-05,train,5.1406266720732674e-05
$KAGGLE_ROOT/train/benign/1352.jpg,train,0,4125,HAM_0001691,0,2.0,1.0515664143895265e-05,4.542604733615008e-05,test,1.0515664143895265e-05,train,1.3592726645583753e-05,train,2.936929013230838e-05,train,3.686180571094155e-05,train,0.00010188036685576662
$KAGGLE_ROOT/train/benign/1353.jpg,train,0,3675,HAM_0004750,0,0.0,5.0927257689181715e-05,4.100528349226806e-05,test,5.0927257689181715e-05,train,5.2616738685173914e-05,train,1.6745374523452483e-05,val,1.7430167645215988e-05,train,5.365373726817779e-05
$KAGGLE_ROOT/train/benign/1355.jpg,train,0,8382,HAM_0002470,0,0.0,0.0021212880965322256,0.0010001733317039907,train,0.0006360802799463272,train,0.0013642663834616542,val,0.01752522401511669,test,0.0021212880965322256,val,0.01267116330564022
$KAGGLE_ROOT/train/benign/1356.jpg,train,0,3152,HAM_0004538,0,2.0,0.0001278159616049379,5.604798843705794e-05,train,2.5133380404440686e-05,train,3.9928025216795504e-05,train,2.978470001835376e-05,train,0.0001293458481086418,test,0.0001278159616049379
$KAGGLE_ROOT/train/benign/1358.jpg,train,0,5347,HAM_0003905,0,2.0,3.202890366083011e-05,6.10931747360155e-05,train,4.160864045843482e-05,train,4.336648999014869e-05,test,3.202890366083011e-05,val,5.4138919949764386e-05,train,9.830439375946298e-05
$KAGGLE_ROOT/train/benign/136.jpg,train,0,3311,HAM_0005332,0,2.0,3.2429285056423396e-05,2.7018520995625295e-05,test,3.2429285056423396e-05,train,1.2281754607101902e-05,val,2.4369815946556628e-05,train,2.5130264475592412e-05,train,4.364354390418157e-05
$KAGGLE_ROOT/train/benign/1360.jpg,train,0,8432,HAM_0007385,0,4.0,0.000279783591395244,0.00012591666791195166,train,3.779628605116159e-05,train,3.0122480893624015e-05,train,0.00022510600683744997,test,0.000279783591395244,train,0.00021064189786557108
$KAGGLE_ROOT/train/benign/1361.jpg,train,0,5679,HAM_0006674,0,0.0,2.484578544681426e-05,4.580127764105176e-05,val,3.5939665394835174e-05,train,3.303348057670519e-05,train,3.4849705116357654e-05,test,2.484578544681426e-05,train,6.952064723009244e-05
$KAGGLE_ROOT/train/benign/1363.jpg,train,0,5216,HAM_0001873,0,6.0,1.5073042050062213e-05,3.448047482379479e-05,test,1.5073042050062213e-05,train,2.077732096950058e-05,train,4.818362867808901e-05,val,3.858210038742982e-05,val,5.2986579248681664e-05
$KAGGLE_ROOT/train/benign/1364.jpg,train,0,5331,HAM_0007048,0,4.0,4.682932558353059e-05,0.00013451988797896774,train,6.986717198742554e-05,train,4.650339178624563e-05,train,0.0003479972656350583,train,7.371172250714153e-05,test,4.682932558353059e-05
$KAGGLE_ROOT/train/benign/1366.jpg,train,0,8655,HAM_0005450,0,2.0,0.00026525507564656436,8.809085193206556e-05,val,0.00011675222049234435,train,6.856780964881182e-05,val,0.00020124157890677452,train,0.0001076138942153193,test,0.00026525507564656436
$KAGGLE_ROOT/train/benign/1368.jpg,train,0,3222,HAM_0005226,0,0.0,2.9021823138464242e-05,2.694892646104563e-05,train,1.7131966160377488e-05,train,3.56282434950117e-05,train,2.0669318473665044e-05,test,2.9021823138464242e-05,train,3.436617771512829e-05
$KAGGLE_ROOT/train/benign/1369.jpg,train,0,5845,HAM_0004295,0,2.0,0.0005083917058072984,4.8408578550152015e-05,train,2.7951413358096033e-05,train,3.218868369003758e-05,train,8.067653834586963e-05,train,5.281767880660482e-05,test,0.0005083917058072984
$KAGGLE_ROOT/train/benign/137.jpg,train,0,8422,HAM_0005261,0,0.0,0.00014995345554780215,0.00026522819098317996,train,6.74532275297679e-05,test,0.00014995345554780215,train,0.00047177885426208377,train,0.0001200281476485543,train,0.00040165253449231386
$KAGGLE_ROOT/train/benign/1370.jpg,train,0,3179,HAM_0000580,0,0.0,9.060571028385311e-05,5.726925216246551e-05,val,7.755895785521716e-05,train,2.9597767934319563e-05,test,9.060571028385311e-05,train,7.305650797206908e-05,train,6.91534805810079e-05
$KAGGLE_ROOT/train/benign/1371.jpg,train,0,6600,HAM_0003564,0,2.0,7.478736370103434e-05,7.613771958858706e-05,test,7.478736370103434e-05,train,0.0001249384949915111,train,6.057106293155812e-05,train,4.290360084269196e-05,val,0.00013704954471904784
$KAGGLE_ROOT/train/benign/1372.jpg,train,0,6021,HAM_0005941,0,4.0,0.0001269530621357262,5.381463506637374e-05,train,1.7152709915535524e-05,train,5.4881893447600305e-05,train,7.934425957500935e-05,train,6.387967732734978e-05,test,0.0001269530621357262
$KAGGLE_ROOT/train/benign/1374.jpg,train,0,8564,HAM_0001508,0,2.0,0.0005970698548480868,0.004532061517238617,val,0.0005857470096088946,val,0.0037271229084581137,train,0.004532061517238617,test,0.0005970698548480868,val,0.00888313539326191
$KAGGLE_ROOT/train/benign/1375.jpg,train,0,4763,HAM_0000071,0,2.0,3.069721788051538e-05,0.00010058919542643707,train,4.223146606818773e-05,train,0.00015073087706696242,train,5.62626555620227e-05,test,3.069721788051538e-05,train,0.00015313178300857544
$KAGGLE_ROOT/train/benign/1379.jpg,train,0,3624,HAM_0002459,0,0.0,3.5321707400726154e-05,2.947892744487035e-05,train,1.675286694080569e-05,test,3.5321707400726154e-05,train,4.762824755744077e-05,train,1.883478216768708e-05,train,3.469981311354786e-05
$KAGGLE_ROOT/train/benign/138.jpg,train,0,5011,HAM_0000037,0,2.0,7.193431520136073e-05,6.210821084096096e-05,train,4.465789970709011e-05,val,3.934705091523938e-05,test,7.193431520136073e-05,train,7.955852197483182e-05,val,0.00012437980331014842
$KAGGLE_ROOT/train/benign/1380.jpg,train,0,8052,HAM_0000897,0,2.0,0.012476996518671513,0.0040217952337116,train,0.0026364391669631004,val,0.05637513846158981,train,0.0054071513004601,test,0.012476996518671513,val,0.008072694763541222
$KAGGLE_ROOT/train/benign/1382.jpg,train,0,6576,HAM_0006701,0,2.0,0.00013848472735844553,0.0001420548178430181,train,7.017251482466236e-05,test,0.00013848472735844553,train,0.00018457219994161278,train,8.234412962337956e-05,train,0.0002311304269824177
$KAGGLE_ROOT/train/benign/1383.jpg,train,0,4026,HAM_0006502,0,2.0,3.264300539740361e-05,7.100061066012131e-05,test,3.264300539740361e-05,train,0.00011785433162003756,train,4.492546577239409e-05,train,6.809941260144114e-05,train,5.312323264661245e-05
$KAGGLE_ROOT/train/benign/1384.jpg,train,0,8227,HAM_0006041,0,0.0,3.947268851334229e-05,8.78722885317984e-05,test,3.947268851334229e-05,val,1.781490573193878e-05,val,0.00024074039538390934,train,2.8205226044519804e-05,train,0.000147539351019077
$KAGGLE_ROOT/train/benign/1385.jpg,train,0,5892,HAM_0003959,0,4.0,4.988621731172316e-05,3.990826735389419e-05,val,1.740201514621731e-05,train,3.990826735389419e-05,val,1.6303731172229163e-05,val,3.760093022719957e-05,test,4.988621731172316e-05
$KAGGLE_ROOT/train/benign/1386.jpg,train,0,3409,HAM_0005629,0,2.0,3.583723082556389e-05,0.0001370533245790284,val,9.81242919806391e-05,test,3.583723082556389e-05,val,0.00012741050159092993,train,4.6751774789299816e-05,train,0.000227354874368757
$KAGGLE_ROOT/train/benign/1387.jpg,train,0,5230,HAM_0007162,0,2.0,2.256318839499727e-05,5.465959657158237e-05,train,2.3595603124704212e-05,train,3.331634434289299e-05,train,0.00011564929445739836,test,2.256318839499727e-05,train,4.607714436133392e-05
$KAGGLE_ROOT/train/benign/1388.jpg,train,0,4212,HAM_0001371,0,4.0,4.320546213421039e-05,0.00015390608799255764,test,4.320546213421039e-05,train,2.3529337340733036e-05,train,3.9063914300641045e-05,val,9.564019273966551e-05,train,0.0003991250123362988
$KAGGLE_ROOT/train/benign/1389.jpg,train,0,4439,HAM_0007380,0,4.0,8.053533383645117e-05,5.257782928917246e-05,train,4.550028461380862e-05,test,8.053533383645117e-05,train,4.696622636402026e-05,val,5.694678475265391e-05,train,6.526697688968852e-05
$KAGGLE_ROOT/train/benign/139.jpg,train,0,4266,HAM_0007397,0,0.0,0.0001585528953000903,8.705370828465675e-05,train,2.8359774660202675e-05,train,1.8959759472636506e-05,test,0.0001585528953000903,train,4.966061533195898e-05,train,0.00025123468367382884
$KAGGLE_ROOT/train/benign/1390.jpg,train,0,5205,HAM_0000026,0,6.0,3.853268572129309e-05,6.79330272153796e-05,train,4.293650999898091e-05,train,6.063966065994464e-05,test,3.853268572129309e-05,val,5.578195123234764e-05,train,0.00010022291098721325
$KAGGLE_ROOT/train/benign/1391.jpg,train,0,5978,HAM_0005081,0,2.0,4.712697409559041e-05,5.847950039121012e-05,test,4.712697409559041e-05,train,3.446444316068664e-05,train,8.558309491490945e-05,train,5.539096309803426e-05,val,0.00011360707867424935
$KAGGLE_ROOT/train/benign/1392.jpg,train,0,5783,HAM_0003163,0,6.0,1.641611015656963e-05,3.611533732813162e-05,test,1.641611015656963e-05,train,3.671995727927424e-05,train,3.092204497079365e-05,train,4.0704009734326974e-05,val,0.00011299599282210693
$KAGGLE_ROOT/train/benign/1394.jpg,train,0,3916,HAM_0005768,0,4.0,1.3119210962031502e-05,2.7575517682028778e-05,test,1.3119210962031502e-05,train,1.3581647181126755e-05,train,3.110707621090114e-05,val,2.2900365365785547e-05,train,3.803782965405844e-05
$KAGGLE_ROOT/train/benign/1395.jpg,train,0,9093,HAM_0000798,0,0.0,0.02059323340654373,0.0018405304726911709,train,0.0011650309897959232,train,0.0009355391375720501,test,0.02059323340654373,train,0.0006606026436202228,train,0.004600949119776487
$KAGGLE_ROOT/train/benign/1396.jpg,train,0,6534,HAM_0001946,0,4.0,7.551028829766437e-05,0.00011185802486579632,train,1.5238547348417342e-05,train,0.00020314243738539517,train,4.042082218802534e-05,test,7.551028829766437e-05,train,0.00018863029254134744
$KAGGLE_ROOT/train/benign/1397.jpg,train,0,8148,HAM_0002881,0,2.0,0.07737328857183456,0.0015714359306002734,train,0.00022412597900256515,train,7.728748460067436e-05,train,0.0007402004557661712,test,0.07737328857183456,train,0.005244129803031683
$KAGGLE_ROOT/train/benign/1398.jpg,train,0,3665,HAM_0005119,0,2.0,3.951536200474948e-05,3.1461763986347556e-05,train,1.6613923435215838e-05,train,5.0459359044907615e-05,val,2.1797424778924324e-05,train,2.7312009478919208e-05,test,3.951536200474948e-05
$KAGGLE_ROOT/train/benign/1399.jpg,train,0,3230,HAM_0005863,0,2.0,3.08832895825617e-05,2.382688353463891e-05,train,1.2394321856845636e-05,train,1.4207206731953193e-05,train,4.1683902963995934e-05,train,2.7022102585760877e-05,test,3.08832895825617e-05
$KAGGLE_ROOT/train/benign/14.jpg,train,0,8455,HAM_0002904,0,0.0,1.73999069374986e-05,2.8961527884045306e-05,test,1.73999069374986e-05,train,3.86651954613626e-05,val,1.7731379557517357e-05,train,3.074623236898333e-05,train,1.7473155821789987e-05
$KAGGLE_ROOT/train/benign/1402.jpg,train,0,9104,HAM_0004638,0,2.0,0.0068279532715678215,0.0013803677866235375,val,0.001637083012610674,train,0.0013803677866235375,val,0.22656165063381195,val,0.0005087492754682899,test,0.0068279532715678215
$KAGGLE_ROOT/train/benign/1403.jpg,train,0,3817,HAM_0004625,0,2.0,2.4127584765665233e-05,3.17226440529339e-05,train,1.856642120401375e-05,train,4.067804911755957e-05,test,2.4127584765665233e-05,train,2.343984306207858e-05,train,4.420626282808371e-05
$KAGGLE_ROOT/train/benign/1404.jpg,train,0,3013,HAM_0000256,0,2.0,8.154622628353536e-05,5.387334264620828e-05,train,4.5616245188284665e-05,train,3.201983417966403e-05,train,8.398394857067615e-05,test,8.154622628353536e-05,val,0.0001057332192431204
$KAGGLE_ROOT/train/benign/1405.jpg,train,0,7285,HAM_0000012,0,0.0,0.00012060661538271233,0.00014702120552101405,train,0.00040606706170365214,test,0.00012060661538271233,train,7.152096804929897e-05,train,7.507675763918087e-05,train,3.542003469192423e-05
$KAGGLE_ROOT/train/benign/1406.jpg,train,0,8593,HAM_0000771,0,4.0,0.0005190336960367858,0.00016137282849134257,train,0.0001331113453488797,train,0.00010018698230851442,test,0.0005190336960367858,train,0.0002508201578166336,val,0.0006264001131057739
$KAGGLE_ROOT/train/benign/1407.jpg,train,0,6579,HAM_0000151,0,4.0,5.158861313248053e-05,5.949471111913832e-05,test,5.158861313248053e-05,train,3.122563430224545e-05,train,8.244973287219182e-05,val,3.2358235330320895e-05,train,6.48087661829777e-05
$KAGGLE_ROOT/train/benign/1408.jpg,train,0,3048,HAM_0006224,0,2.0,2.8362370358081535e-05,0.00012147101006121375,test,2.8362370358081535e-05,val,9.03868640307337e-05,val,3.6529814678942785e-05,train,2.9907860152889043e-05,train,0.00021303415996953845
$KAGGLE_ROOT/train/benign/141.jpg,train,0,5444,HAM_0001491,0,4.0,3.300164462416433e-05,4.0882177017920185e-05,train,2.2433554477174766e-05,val,4.519601134234108e-05,test,3.300164462416433e-05,val,1.6165720808203332e-05,train,5.9330799558665603e-05
$KAGGLE_ROOT/train/benign/1410.jpg,train,0,9632,HAM_0007069,0,2.0,0.00030430068727582693,0.00028903950442327186,train,0.0006227098638191819,val,0.0002759265771601349,test,0.00030430068727582693,train,6.753554771421477e-05,train,0.0001768731017364189
$KAGGLE_ROOT/train/benign/1411.jpg,train,0,6423,HAM_0004876,0,0.0,2.326551293663215e-05,3.263139524278813e-05,test,2.326551293663215e-05,train,1.695774517429527e-05,train,2.78909665212268e-05,train,2.294717160111759e-05,train,6.272969767451286e-05
$KAGGLE_ROOT/train/benign/1413.jpg,train,0,8244,HAM_0001137,0,2.0,0.000991433160379529,0.0021507574419956654,train,0.0001322968164458871,test,0.000991433160379529,train,0.00021617396851070225,train,0.006103801541030407,val,0.004587335512042046
$KAGGLE_ROOT/train/benign/1414.jpg,train,0,5322,HAM_0001182,0,2.0,9.865758329397067e-05,1.9133882005917258e-05,train,9.004063940665219e-06,train,1.5522549801971763e-05,train,2.9303824703674763e-05,train,2.2705089577357285e-05,test,9.865758329397067e-05
$KAGGLE_ROOT/train/benign/1416.jpg,train,0,4897,HAM_0001068,0,2.0,2.8463220587582327e-05,2.6544254751570406e-05,train,2.7004714866052382e-05,train,2.9752931368420832e-05,train,1.3167015822546091e-05,test,2.8463220587582327e-05,train,3.625235694926232e-05
$KAGGLE_ROOT/train/benign/1417.jpg,train,0,6812,HAM_0001342,0,2.0,8.999193232739344e-05,0.007182651163020637,train,0.00037595327012240887,train,0.026401013135910034,train,0.0015309643931686878,train,0.0004226738528814167,test,8.999193232739344e-05
$KAGGLE_ROOT/train/benign/1418.jpg,train,0,3869,HAM_0003304,0,2.0,1.1690091923810542e-05,4.021169024781557e-05,train,1.615693690837361e-05,train,3.357760579092428e-05,train,1.5073572285473347e-05,test,1.1690091923810542e-05,train,9.603864600649104e-05
$KAGGLE_ROOT/train/benign/1419.jpg,train,0,9648,HAM_0005522,0,4.0,0.00016499479534104466,0.0012907160125905648,val,6.859272252768278e-05,test,0.00016499479534104466,train,0.0001294651738135144,train,0.0002583946334198117,train,0.0034842882305383682
$KAGGLE_ROOT/train/benign/142.jpg,train,0,8006,HAM_0003699,0,0.0,3.333769927849062e-05,4.093452389497543e-05,test,3.333769927849062e-05,train,2.4112405299092643e-05,val,3.72858157788869e-05,val,9.229114220943302e-05,train,5.775664249085821e-05
$KAGGLE_ROOT/train/benign/1420.jpg,train,0,8608,HAM_0004505,0,2.0,0.0005233981646597385,0.0002813041355693713,train,0.00022718781838193536,train,0.0002766124380286783,train,0.00048826279817149043,train,0.00013315348769538105,test,0.0005233981646597385
$KAGGLE_ROOT/train/benign/1421.jpg,train,0,3120,HAM_0003671,0,6.0,2.331324139959179e-05,2.7022305630453047e-05,train,2.7101539672003128e-05,train,2.7023132133763283e-05,train,1.4157732039166149e-05,test,2.331324139959179e-05,train,3.980681867687963e-05
$KAGGLE_ROOT/train/benign/1422.jpg,train,0,6758,HAM_0006738,0,2.0,0.000862007902469486,0.000349733789335005,test,0.000862007902469486,train,0.0005108925397507846,train,0.00014442433894146234,train,0.000393884489312768,val,0.0005735832965001464
$KAGGLE_ROOT/train/benign/1423.jpg,train,0,5153,HAM_0003012,0,2.0,3.399559500394389e-05,3.0793583694806635e-05,val,2.759731069090776e-05,train,1.6453725038445555e-05,train,2.9630497010657564e-05,test,3.399559500394389e-05,train,4.629652903531678e-05
$KAGGLE_ROOT/train/benign/1424.jpg,train,0,5930,HAM_0002637,0,4.0,8.072424679994583e-05,6.58004234234492e-05,test,8.072424679994583e-05,train,4.674718002206646e-05,val,0.00010699229460442439,train,3.998361717094667e-05,train,0.00011067047307733446
$KAGGLE_ROOT/train/benign/1425.jpg,train,0,4356,HAM_0006973,0,0.0,2.4255970856756903e-05,5.773984685220057e-05,train,2.0647115889005363e-05,test,2.4255970856756903e-05,train,7.071569416439161e-05,train,2.7682555810315534e-05,train,0.00011191402154508978
$KAGGLE_ROOT/train/benign/1426.jpg,train,0,4519,HAM_0006620,0,6.0,9.284671978093684e-05,3.3092329431383405e-05,train,1.835477632994298e-05,val,5.1969756896141917e-05,train,4.782988253282383e-05,val,3.022238342964556e-05,test,9.284671978093684e-05
$KAGGLE_ROOT/train/benign/1427.jpg,train,0,4938,HAM_0002781,0,2.0,8.650476956972852e-06,2.3519707004500862e-05,val,1.6859206880326383e-05,test,8.650476956972852e-06,train,2.548746851971373e-05,train,1.646769669605419e-05,train,2.860395579773467e-05
$KAGGLE_ROOT/train/benign/1428.jpg,train,0,4949,HAM_0005171,0,2.0,8.605192124377936e-05,4.036840073240455e-05,train,3.5024055250687525e-05,test,8.605192124377936e-05,train,3.4212032915093005e-05,train,4.3473941332194954e-05,train,4.8763573431642726e-05
$KAGGLE_ROOT/train/benign/1429.jpg,train,0,3684,HAM_0002681,0,4.0,7.886367529863492e-05,5.750561225189207e-05,train,2.4499258870491758e-05,val,1.7474038031650707e-05,train,0.00010409395326860249,train,4.3923624616581947e-05,test,7.886367529863492e-05
$KAGGLE_ROOT/train/benign/143.jpg,train,0,8204,HAM_0001567,0,2.0,0.00015394328511320055,0.00036765169352293015,train,0.0001392711856169626,train,5.016366776544601e-05,train,0.00016006280202418566,test,0.00015394328511320055,train,0.0011211091186851263
$KAGGLE_ROOT/train/benign/1430.jpg,train,0,8359,HAM_0000275,0,4.0,0.0018886540783569217,0.00010081412801810075,train,9.2899332230445e-05,train,4.053852171637118e-05,train,0.00014502269914373755,train,0.00012479595898184925,test,0.0018886540783569217
$KAGGLE_ROOT/train/benign/1431.jpg,train,0,4620,HAM_0005344,0,0.0,4.403346611070447e-05,6.562648680604373e-05,train,4.120209996472113e-05,val,4.7601050027878955e-05,train,3.921556708519347e-05,test,4.403346611070447e-05,train,0.0001164617933682166
$KAGGLE_ROOT/train/benign/1432.jpg,train,0,3377,HAM_0005187,0,0.0,0.0003840509452857077,0.00011268173693679273,train,0.00012976427387911826,train,0.00016907864483073354,val,0.00018392973288428038,train,3.920229210052639e-05,test,0.0003840509452857077
$KAGGLE_ROOT/train/benign/1433.jpg,train,0,3432,HAM_0004707,0,4.0,2.561627479735762e-05,4.076021014043363e-05,train,2.021773070737254e-05,train,3.062864561798051e-05,test,2.561627479735762e-05,train,2.6800827981787734e-05,train,8.539363625459373e-05
$KAGGLE_ROOT/train/benign/1434.jpg,train,0,4203,HAM_0000711,0,4.0,0.0025006711948662996,0.0002157701189086462,train,0.00010314391693100333,train,0.00014675977581646293,val,0.0005342381773516536,test,0.0025006711948662996,train,0.00039740666397847235
$KAGGLE_ROOT/train/benign/1435.jpg,train,0,3843,HAM_0006144,0,0.0,4.221584094921127e-05,4.216599882056471e-05,train,3.8782334740972146e-05,test,4.221584094921127e-05,train,6.561144255101681e-05,train,2.2104219169705175e-05,val,0.00018542171164881438
$KAGGLE_ROOT/train/benign/1436.jpg,train,0,6833,HAM_0004575,0,2.0,0.03267303481698036,0.0023736105067655444,train,0.0017005240079015493,train,0.0012379026738926768,train,0.004182404838502407,test,0.03267303481698036,val,0.007746485993266106
$KAGGLE_ROOT/train/benign/1437.jpg,train,0,9114,HAM_0001701,0,2.0,0.0004556033236440271,0.0012404145854816306,train,0.0006441149162128568,train,0.00018492028175387532,test,0.0004556033236440271,train,0.0035368474200367928,train,0.0005957757239229977
$KAGGLE_ROOT/train/benign/1438.jpg,train,0,8051,HAM_0001755,0,4.0,0.000991778913885355,0.001365316503779468,test,0.000991778913885355,train,2.897702324844431e-05,train,0.005049252882599831,train,0.00024303326790686697,train,0.00014000284136272967
$KAGGLE_ROOT/train/benign/1439.jpg,train,0,6585,HAM_0006958,0,0.0,1.6563268218305893e-05,4.149051468023875e-05,test,1.6563268218305893e-05,train,3.6557310522766784e-05,val,8.624884503660724e-05,train,2.144936479453463e-05,train,6.646486872341484e-05
$KAGGLE_ROOT/train/benign/1440.jpg,train,0,4805,HAM_0002101,0,0.0,3.668355566333048e-05,6.347423550323583e-05,train,9.424541349289939e-05,train,3.334965731482953e-05,test,3.668355566333048e-05,train,5.615705595118925e-05,train,7.014481525402516e-05
$KAGGLE_ROOT/train/benign/1442.jpg,train,0,6311,HAM_0000369,0,0.0,4.404039282235317e-05,2.690262317628367e-05,train,2.7771164241130464e-05,val,3.098772504017688e-05,test,4.404039282235317e-05,train,2.6034082111436874e-05,val,0.00021356310753617436
$KAGGLE_ROOT/train/benign/1444.jpg,train,0,6989,HAM_0007579,0,2.0,0.000979232252575457,0.0002665718784555793,val,0.00026327220257371664,val,4.541774615063332e-05,test,0.000979232252575457,val,0.00011459193774498999,train,0.0002665718784555793
$KAGGLE_ROOT/train/benign/1446.jpg,train,0,7254,HAM_0003394,0,2.0,0.0005014686030335724,4.710049279310624e-05,train,2.0783782019861974e-05,train,9.724745905259624e-05,train,3.297455987194553e-05,train,3.739617022802122e-05,test,0.0005014686030335724
$KAGGLE_ROOT/train/benign/1447.jpg,train,0,5853,HAM_0002116,0,2.0,0.00017985745216719806,5.460478905661148e-05,train,2.5946044843294658e-05,train,4.6763947466388345e-05,test,0.00017985745216719806,train,6.622154614888132e-05,train,7.94876177678816e-05
$KAGGLE_ROOT/train/benign/1449.jpg,train,0,6904,HAM_0003677,0,4.0,0.0022453395649790764,0.0016035992569716957,val,0.00014000672672409564,train,0.00012117597361793742,test,0.0022453395649790764,train,0.00032664934406057,train,0.00436297245323658
$KAGGLE_ROOT/train/benign/145.jpg,train,0,3926,HAM_0002062,0,2.0,4.109991277800873e-05,6.7918250351795e-05,test,4.109991277800873e-05,train,0.00010267503239447251,train,3.316146830911748e-05,val,9.439571294933558e-05,val,0.00021336611825972795
$KAGGLE_ROOT/train/benign/1450.jpg,train,0,3434,HAM_0004286,0,2.0,1.334653643425554e-05,1.8945313968288247e-05,test,1.334653643425554e-05,train,2.350253998884e-05,train,1.8302791431779042e-05,train,1.5030610484245699e-05,val,2.387421227467712e-05
$KAGGLE_ROOT/train/benign/1451.jpg,train,0,6557,HAM_0002866,0,2.0,5.7481141993775964e-05,2.369227543870996e-05,train,2.3280916138901375e-05,test,5.7481141993775964e-05,train,1.4422198546526488e-05,val,5.248343586572446e-05,train,3.337371163070202e-05
$KAGGLE_ROOT/train/benign/1452.jpg,train,0,4737,HAM_0001422,0,0.0,4.199315662845038e-05,0.00011690359800316703,train,8.178312418749556e-05,train,4.844957948080264e-05,test,4.199315662845038e-05,val,0.0001233758666785434,train,0.00022047809034120291
$KAGGLE_ROOT/train/benign/1453.jpg,train,0,6494,HAM_0004504,0,2.0,1.4202493730408605e-05,0.00010096087180500035,test,1.4202493730408605e-05,train,2.586195660114754e-05,train,4.678071854868904e-05,train,0.0002336741890758276,train,9.752662299433723e-05
$KAGGLE_ROOT/train/benign/1454.jpg,train,0,6271,HAM_0005455,0,4.0,7.98224427853711e-05,6.381931234500371e-05,train,4.00335957237985e-05,train,5.679742025677115e-05,train,5.3587162256008014e-05,test,7.98224427853711e-05,train,0.00010485907114343718
$KAGGLE_ROOT/train/benign/1455.jpg,train,0,4487,HAM_0002469,0,4.0,6.790072802687064e-05,6.471778033301234e-05,train,2.4984259653137997e-05,test,6.790072802687064e-05,train,9.679902723291889e-05,train,4.8652280383976176e-05,train,8.843555406201631e-05
$KAGGLE_ROOT/train/benign/1456.jpg,train,0,5267,HAM_0003203,0,2.0,5.415358464233577e-05,7.82497724382362e-05,test,5.415358464233577e-05,val,1.4612531231250614e-05,train,8.591761434217915e-05,train,3.9140544686233625e-05,train,0.00010969115828629583
$KAGGLE_ROOT/train/benign/1457.jpg,train,0,7106,HAM_0005866,0,0.0,0.0005440273089334369,0.00030726128655563417,val,8.011083991732448e-05,train,8.134282688843086e-05,train,0.0005488228052854538,test,0.0005440273089334369,train,0.0002916182274930179
$KAGGLE_ROOT/train/benign/1458.jpg,train,0,4331,HAM_0005177,0,2.0,3.823056977125816e-05,9.731785303301876e-05,test,3.823056977125816e-05,train,5.21372894581873e-05,train,9.597877942724153e-05,train,7.146377174649388e-05,train,0.00016969157150015235
$KAGGLE_ROOT/train/benign/1459.jpg,train,0,6064,HAM_0000297,0,2.0,3.882433156832121e-05,0.0001883734694274608,train,0.00010966396803269163,test,3.882433156832121e-05,train,8.0484664067626e-05,train,5.391639570007101e-05,train,0.0005094288499094546
$KAGGLE_ROOT/train/benign/146.jpg,train,0,8612,HAM_0007046,0,0.0,0.9842137098312378,0.3370161121711135,train,0.6799609661102295,train,0.007376362569630146,val,0.7867782115936279,test,0.9842137098312378,train,0.32371100783348083
$KAGGLE_ROOT/train/benign/1460.jpg,train,0,3662,HAM_0002250,0,2.0,0.00010484387894393876,5.364931894291658e-05,val,2.259835491713602e-05,train,6.0541555285453796e-05,val,8.028620504774153e-05,train,4.675708260037936e-05,test,0.00010484387894393876
$KAGGLE_ROOT/train/benign/1461.jpg,train,0,5097,HAM_0003291,0,0.0,0.0002419293305138126,5.795289052912267e-05,train,4.737096242024563e-05,train,6.881252920720726e-05,train,6.077385842218064e-05,train,5.4854212066857144e-05,test,0.0002419293305138126
$KAGGLE_ROOT/train/benign/1462.jpg,train,0,5975,HAM_0003794,0,0.0,5.645414785249159e-05,6.420693443942582e-05,train,2.1653204385074787e-05,train,1.7711301552481018e-05,train,0.00018284175894223154,test,5.645414785249159e-05,train,3.462147287791595e-05
$KAGGLE_ROOT/train/benign/1463.jpg,train,0,6837,HAM_0003327,0,2.0,0.00031628250144422054,0.00021195483896008227,train,0.00036448094760999084,train,0.0001597320951987058,test,0.00031628250144422054,train,0.00010480649507371709,train,0.00021879981795791537
$KAGGLE_ROOT/train/benign/1464.jpg,train,0,8167,HAM_0000167,0,0.0,0.00045458166277967393,8.641966996947303e-05,train,8.641966996947303e-05,val,4.938730853609741e-05,val,0.000129479740280658,val,6.2744235037826e-05,test,0.00045458166277967393
$KAGGLE_ROOT/train/benign/1465.jpg,train,0,8681,HAM_0002480,0,0.0,0.0025153786409646273,0.0019604977205744945,train,0.00028293306240811944,train,9.19415324460715e-05,test,0.0025153786409646273,train,0.0001699640997685492,train,0.007297152187675238
$KAGGLE_ROOT/train/benign/1467.jpg,train,0,7047,HAM_0006062,0,2.0,0.07845783978700638,0.0031084448492038064,train,0.005668835248798132,train,0.0002511391357984394,train,0.004777101334184408,train,0.001736703678034246,test,0.07845783978700638
$KAGGLE_ROOT/train/benign/1469.jpg,train,0,5611,HAM_0005235,0,2.0,0.00012109362432966009,9.516326887630082e-05,train,2.4195536752813496e-05,train,9.518264414509758e-05,val,3.8562789995921776e-05,test,0.00012109362432966009,train,0.00016611162573099136
$KAGGLE_ROOT/train/benign/1470.jpg,train,0,8496,HAM_0002738,0,0.0,0.01815882883965969,0.0018007191538345069,train,0.0010800522286444902,train,0.00013963287346996367,train,0.004182472359389067,test,0.01815882883965969,val,0.003896839451044798
$KAGGLE_ROOT/train/benign/1472.jpg,train,0,9116,HAM_0000500,0,0.0,3.500458842609078e-05,3.589236712286947e-05,train,3.482283136690967e-05,test,3.500458842609078e-05,train,3.142809509881772e-05,train,2.0856692572124302e-05,train,5.64618494536262e-05
$KAGGLE_ROOT/train/benign/1474.jpg,train,0,5492,HAM_0001128,0,6.0,3.988444950664416e-05,6.459560427174438e-05,train,7.526363333454356e-05,train,3.784003638429567e-05,train,3.220642975065857e-05,test,3.988444950664416e-05,train,0.00011307231761747971
$KAGGLE_ROOT/train/benign/1475.jpg,train,0,5926,HAM_0001368,0,0.0,0.00010745893814601004,0.00015417269241879694,val,3.2919513614615425e-05,val,5.8104400523006916e-05,train,5.387086275732145e-05,train,0.00025447452208027244,test,0.00010745893814601004
$KAGGLE_ROOT/train/benign/1476.jpg,train,0,4948,HAM_0000749,0,0.0,2.977396798087284e-05,3.187523725500796e-05,train,3.5921675589634106e-05,train,5.007381332688965e-05,train,1.5788387827342376e-05,test,2.977396798087284e-05,train,2.571707227616571e-05
$KAGGLE_ROOT/train/benign/1477.jpg,train,0,6438,HAM_0006263,0,2.0,6.654953176621348e-05,3.295273950243427e-05,train,1.879966293927282e-05,train,1.1910576176887844e-05,train,2.5612316676415503e-05,test,6.654953176621348e-05,train,7.548840221716091e-05
$KAGGLE_ROOT/train/benign/1478.jpg,train,0,4220,HAM_0000957,0,2.0,8.673662523506209e-05,0.00012898502851991603,train,9.720519301481545e-05,val,5.690356920240447e-05,train,6.738147931173444e-05,test,8.673662523506209e-05,train,0.00022236841323319823
$KAGGLE_ROOT/train/benign/148.jpg,train,0,6129,HAM_0000570,0,6.0,5.9095727920066565e-05,5.732816134695895e-05,train,2.697017407626845e-05,train,5.2262934332247823e-05,test,5.9095727920066565e-05,train,4.539440487860702e-05,train,0.00010468513210071251
$KAGGLE_ROOT/train/benign/1480.jpg,train,0,5136,HAM_0006981,0,0.0,6.245143595151603e-05,0.00021731327312105955,val,9.067900100490078e-05,train,2.34089711739216e-05,test,6.245143595151603e-05,train,0.000482702482258901,train,0.00014582836593035609
$KAGGLE_ROOT/train/benign/1482.jpg,train,0,4074,HAM_0006977,0,2.0,6.325868889689445e-05,0.00012315006400361503,val,2.5831686798483133e-05,test,6.325868889689445e-05,train,2.8392247259034775e-05,train,6.188562110764906e-05,train,0.0002791723236441612
$KAGGLE_ROOT/train/benign/1484.jpg,train,0,4634,HAM_0002762,0,2.0,2.9582923161797225e-05,4.3990102767565986e-05,train,2.4940460207290016e-05,train,1.9029535906156525e-05,train,8.945589797804132e-05,test,2.9582923161797225e-05,train,4.253451697877608e-05
$KAGGLE_ROOT/train/benign/1486.jpg,train,0,5955,HAM_0007344,0,2.0,3.360461050760932e-05,3.213280069758184e-05,val,1.874427471193485e-05,train,3.67513821402099e-05,val,5.771281576016918e-05,train,2.7514219254953787e-05,test,3.360461050760932e-05
$KAGGLE_ROOT/train/benign/1487.jpg,train,0,3278,HAM_0003704,0,4.0,0.0001925083197420463,4.136289817324723e-05,train,2.175825648009777e-05,train,3.110259785898961e-05,train,0.00010199566168012097,train,1.0595076673780568e-05,test,0.0001925083197420463
$KAGGLE_ROOT/train/benign/1489.jpg,train,0,4770,HAM_0006762,0,2.0,1.4703069609822705e-05,9.454474093217868e-05,train,3.755323268705979e-05,train,8.387965499423444e-05,test,1.4703069609822705e-05,train,9.52263071667403e-05,train,0.0001615197688806802
$KAGGLE_ROOT/train/benign/149.jpg,train,0,3898,HAM_0004628,0,4.0,0.0001050253922585398,7.860141067794757e-05,train,0.00010709732305258512,train,4.4868946133647114e-05,train,3.4824359318008646e-05,train,0.0001276150142075494,test,0.0001050253922585398
$KAGGLE_ROOT/train/benign/1490.jpg,train,0,5925,HAM_0003266,0,2.0,7.626492151757702e-05,0.00013154889165889472,val,4.68994039692916e-05,train,9.716737258713692e-05,train,6.854845560155809e-05,test,7.626492151757702e-05,train,0.00022893084678798914
$KAGGLE_ROOT/train/benign/1491.jpg,train,0,3488,HAM_0003976,0,2.0,2.4333703549928032e-05,4.4798264070777805e-05,train,1.498759684182005e-05,train,2.492652492946945e-05,train,7.708110206294805e-05,test,2.4333703549928032e-05,train,6.219783244887367e-05
$KAGGLE_ROOT/train/benign/1493.jpg,train,0,3755,HAM_0000205,0,2.0,2.5161174562526867e-05,5.659797534462996e-05,train,6.11583236604929e-05,train,2.1314133846317418e-05,train,3.0051092835492454e-05,test,2.5161174562526867e-05,train,0.00011386835103621706
$KAGGLE_ROOT/train/benign/1494.jpg,train,0,6893,HAM_0006397,0,4.0,0.0008704022038727999,0.0007110326514521148,train,0.0005059559480287135,train,0.00028861910686828196,train,0.0019822129979729652,train,6.734255293849856e-05,test,0.0008704022038727999
$KAGGLE_ROOT/train/benign/1495.jpg,train,0,9097,HAM_0004069,0,0.0,0.00027116030105389655,0.0013173249044484692,train,0.0001430451520718634,train,7.96727035776712e-05,test,0.00027116030105389655,train,0.0048549058847129345,train,0.00019167587743140757
$KAGGLE_ROOT/train/benign/1496.jpg,train,0,5576,HAM_0004168,0,0.0,3.6967379855923355e-05,2.8275634880022455e-05,train,3.4661679819691926e-05,test,3.6967379855923355e-05,train,1.672330472501926e-05,train,3.344192009535618e-05,val,0.0002706868399400264
$KAGGLE_ROOT/train/benign/1497.jpg,train,0,4887,HAM_0002937,0,2.0,1.6537635019631125e-05,4.815996514177338e-05,test,1.6537635019631125e-05,val,2.7072452212451026e-05,train,9.946631507773418e-06,train,7.347767677856609e-05,train,6.105558713898063e-05
$KAGGLE_ROOT/train/benign/1498.jpg,train,0,8916,HAM_0005175,0,0.0,0.0017416557529941201,0.00035252967063570395,train,0.00013425323413684964,test,0.0017416557529941201,val,0.00036693847505375743,train,5.28547607245855e-05,train,0.0008704810170456767
$KAGGLE_ROOT/train/benign/150.jpg,train,0,6753,HAM_0004524,0,2.0,0.00020645810582209378,0.0027236083891087524,train,0.0007516156765632331,val,0.00027464263257570565,train,0.0002779891074169427,test,0.00020645810582209378,train,0.007141220383346081
$KAGGLE_ROOT/train/benign/1500.jpg,train,0,8393,HAM_0000211,0,2.0,6.415678217308596e-05,5.7770648102935716e-05,train,2.1087591449031606e-05,train,2.4373277483391576e-05,test,6.415678217308596e-05,val,5.278187745716423e-05,train,0.00012785107537638396
$KAGGLE_ROOT/train/benign/1501.jpg,train,0,4415,HAM_0001364,0,4.0,2.7313752070767805e-05,5.653686321238638e-05,train,2.4623399440315552e-05,train,5.901547774556093e-05,test,2.7313752070767805e-05,train,2.390679219388403e-05,train,0.000118601783469785
$KAGGLE_ROOT/train/benign/1503.jpg,train,0,8307,HAM_0002547,0,0.0,0.060472432523965836,0.10406593815423548,train,0.0028725676238536835,test,0.060472432523965836,train,0.18110622465610504,train,0.21821193397045135,train,0.014073026366531849
$KAGGLE_ROOT/train/benign/1504.jpg,train,0,4388,HAM_0004031,0,0.0,2.794171086861752e-05,2.147922486983589e-05,train,1.7285821741097607e-05,train,1.5196546883089468e-05,train,1.907244950416498e-05,test,2.794171086861752e-05,train,3.43620813509915e-05
$KAGGLE_ROOT/train/benign/1505.jpg,train,0,6588,HAM_0002249,0,4.0,4.343966793385334e-05,6.721311729052104e-05,train,6.63727696519345e-05,test,4.343966793385334e-05,train,0.00011594477109611034,train,2.2908883693162352e-05,train,6.362604472087696e-05
$KAGGLE_ROOT/train/benign/1506.jpg,train,0,4720,HAM_0001663,0,2.0,1.4168334018904716e-05,7.736247198408819e-05,test,1.4168334018904716e-05,train,2.0925685021211393e-05,train,4.3106727389385924e-05,train,3.172337164869532e-05,train,0.00021369410387706012
$KAGGLE_ROOT/train/benign/1507.jpg,train,0,3213,HAM_0005134,0,4.0,4.0899300074670464e-05,3.739222484000493e-05,train,2.6811923817149363e-05,train,2.2825797714176588e-05,train,5.941136259934865e-05,test,4.0899300074670464e-05,train,4.051981522934511e-05
$KAGGLE_ROOT/train/benign/1508.jpg,train,0,3052,HAM_0001061,0,0.0,0.00012734091433230788,5.317205841492978e-05,train,5.8415025705471635e-05,train,5.205799971008673e-05,test,0.00012734091433230788,train,1.6399944797740318e-05,train,8.581526344642043e-05
$KAGGLE_ROOT/train/benign/1509.jpg,train,0,8492,HAM_0003707,0,0.0,2.5551107682986185e-05,9.999489824015957e-05,test,2.5551107682986185e-05,train,2.7585050702327862e-05,val,0.00025468060630373657,train,4.204320430289954e-05,train,0.00023035643971525133
$KAGGLE_ROOT/train/benign/151.jpg,train,0,6932,HAM_0001696,0,2.0,0.0018661177018657327,0.0005113625375088304,test,0.0018661177018657327,train,0.00012779596727341413,train,0.0006578674074262381,train,0.0006316876388154924,train,0.0006280991365201771
$KAGGLE_ROOT/train/benign/1510.jpg,train,0,6035,HAM_0007034,0,2.0,2.94871861115098e-05,3.1938912343321135e-05,train,1.331415660388302e-05,test,2.94871861115098e-05,train,5.486410009325482e-05,train,2.331417636014521e-05,train,3.626321631600149e-05
$KAGGLE_ROOT/train/benign/1511.jpg,train,0,8879,HAM_0000267,0,2.0,0.0002075414522551,0.00028468252276070416,train,0.0004896477330476046,train,3.0424780561588705e-05,train,0.00013273047807160765,test,0.0002075414522551,train,0.0004859270993620157
$KAGGLE_ROOT/train/benign/1512.jpg,train,0,8060,HAM_0004412,0,2.0,0.0001805078936740756,0.00017668109224662962,test,0.0001805078936740756,train,2.9592827559099533e-05,val,0.0002600245061330497,train,6.468991341535002e-05,train,0.00043576053576543927
$KAGGLE_ROOT/train/benign/1513.jpg,train,0,4628,HAM_0006314,0,2.0,2.2685308067593724e-05,6.547603334183805e-05,test,2.2685308067593724e-05,train,0.00010800474410643801,train,2.5235356588382274e-05,train,4.1662999137770385e-05,train,8.700103353476152e-05
$KAGGLE_ROOT/train/benign/1515.jpg,train,0,5430,HAM_0000664,0,4.0,0.00010455883602844551,0.00023836755523613343,train,0.00012724829139187932,test,0.00010455883602844551,train,0.0002074660878861323,val,8.370386785827577e-05,train,0.0003803882864303887
$KAGGLE_ROOT/train/benign/1517.jpg,train,0,9385,HAM_0002147,0,2.0,0.0008109543705359101,0.00023345398767560255,train,7.417244341922924e-05,test,0.0008109543705359101,train,0.0002057749661616981,train,0.0005089638871140778,train,0.00014490465400740504
$KAGGLE_ROOT/train/benign/1518.jpg,train,0,3068,HAM_0003516,0,2.0,2.615686935314443e-05,4.115481851840741e-05,train,1.3200371540733613e-05,train,3.8161801057867706e-05,train,3.375531014171429e-05,test,2.615686935314443e-05,train,7.950179133331403e-05
$KAGGLE_ROOT/train/benign/152.jpg,train,0,4354,HAM_0006719,0,2.0,1.6723479348002e-05,3.501594013262851e-05,test,1.6723479348002e-05,val,2.7057583793066442e-05,train,2.4872908397810534e-05,train,2.844886330422014e-05,train,5.172604869585484e-05
$KAGGLE_ROOT/train/benign/1520.jpg,train,0,6946,HAM_0007419,0,6.0,3.948048470192589e-05,0.0006174960629626488,val,3.858493437292054e-05,train,8.571229409426451e-05,train,4.879529296886176e-05,test,3.948048470192589e-05,train,0.00171798060182482
$KAGGLE_ROOT/train/benign/1522.jpg,train,0,3982,HAM_0002394,0,2.0,6.709845183650032e-05,5.798347001473303e-05,train,2.3093181880540214e-05,train,8.500325930071995e-05,train,6.105442298576236e-05,test,6.709845183650032e-05,train,6.27830158919096e-05
$KAGGLE_ROOT/train/benign/1523.jpg,train,0,5571,HAM_0006640,0,6.0,0.0001596613001311198,0.0001315331846853951,train,7.993989856913686e-05,train,5.1556984544731677e-05,train,0.000319931743433699,test,0.0001596613001311198,train,7.470411219401285e-05
$KAGGLE_ROOT/train/benign/1524.jpg,train,0,5407,HAM_0005477,0,0.0,2.6635159883880988e-05,0.00010730205516059262,train,3.749748066184111e-05,val,1.7902308172779158e-05,test,2.6635159883880988e-05,train,0.00010053016012534499,train,0.00018387852469459176
$KAGGLE_ROOT/train/benign/1525.jpg,train,0,7165,HAM_0005048,0,2.0,0.02380175143480301,0.0016346555785275996,train,0.002618438098579645,test,0.02380175143480301,train,0.0008750781998969615,val,0.006881671957671642,train,0.0014104504371061921
$KAGGLE_ROOT/train/benign/1526.jpg,train,0,8885,HAM_0003958,0,6.0,6.585365190403536e-05,0.00014212412982791042,test,6.585365190403536e-05,train,0.00021422737336251885,val,0.00010699911945266649,train,8.9464352640789e-05,train,0.0001226806634804234
$KAGGLE_ROOT/train/benign/1527.jpg,train,0,4355,HAM_0001831,0,6.0,1.9732528016902506e-05,4.957249651245851e-05,test,1.9732528016902506e-05,val,1.7886557543533854e-05,train,1.2902043636131566e-05,train,2.4763137844274752e-05,train,0.0001110523080569692
$KAGGLE_ROOT/train/benign/1528.jpg,train,0,9191,HAM_0006129,0,0.0,0.0002684697974473238,0.0004244627052685246,val,0.000127107254229486,test,0.0002684697974473238,train,0.00040136431925930083,val,0.00018631723651196808,train,0.00044756109127774835
$KAGGLE_ROOT/train/benign/1529.jpg,train,0,3261,HAM_0005046,0,2.0,2.797506567731034e-05,6.608198054891545e-05,val,2.6482231987756677e-05,train,2.4009676053537987e-05,test,2.797506567731034e-05,train,5.667633377015591e-05,train,0.00011755993182305247
$KAGGLE_ROOT/train/benign/153.jpg,train,0,6938,HAM_0005227,0,2.0,0.0017794761806726456,0.0008859713707352057,val,0.026489172130823135,val,0.00019252281344961375,train,0.001556189265102148,train,0.00021575347636826336,test,0.0017794761806726456
$KAGGLE_ROOT/train/benign/1531.jpg,train,0,8236,HAM_0004787,0,4.0,2.862439396267291e-05,6.826263233961072e-05,train,4.716253897640854e-05,train,2.8851643946836703e-05,train,2.9565266231657006e-05,test,2.862439396267291e-05,train,0.00016747108020354062
$KAGGLE_ROOT/train/benign/1532.jpg,train,0,3047,HAM_0005853,0,0.0,4.947942215949297e-05,6.049025281148109e-05,train,1.1704169992299285e-05,train,2.6944415367324837e-05,val,4.6130251575959846e-05,test,4.947942215949297e-05,train,0.00014282217307481915
$KAGGLE_ROOT/train/benign/1533.jpg,train,0,8194,HAM_0006020,0,2.0,0.0014084296999499202,0.002016072885453468,train,9.887363557936624e-05,train,3.7791709473822266e-05,train,0.007260904181748629,test,0.0014084296999499202,train,0.0006667220150120556
$KAGGLE_ROOT/train/benign/1534.jpg,train,0,8583,HAM_0000886,0,2.0,0.00010584589472273365,0.00013419794868241297,train,4.5343786041485146e-05,train,0.00032857205951586366,test,0.00010584589472273365,train,8.006722782738507e-05,train,8.280872134491801e-05
$KAGGLE_ROOT/train/benign/1535.jpg,train,0,6202,HAM_0003082,0,2.0,2.8168133212602697e-05,7.291736983461305e-05,train,2.0798515834030695e-05,test,2.8168133212602697e-05,train,2.0475699784583412e-05,val,4.75831693620421e-05,train,0.00017747789388522506
$KAGGLE_ROOT/train/benign/1536.jpg,train,0,8098,HAM_0000626,0,4.0,5.6151544413296506e-05,0.0001263059687820108,test,5.6151544413296506e-05,train,4.061192157678306e-05,train,0.00028737910906784236,val,4.954420364811085e-05,train,5.092687570140697e-05
$KAGGLE_ROOT/train/benign/1539.jpg,train,0,5032,HAM_0003864,0,2.0,3.2348791137337685e-05,8.675757271703333e-05,train,3.4914337447844446e-05,train,1.4479101082542911e-05,test,3.2348791137337685e-05,train,1.9227369193686172e-05,train,0.0002784094831440598
$KAGGLE_ROOT/train/benign/1540.jpg,train,0,4882,HAM_0003160,0,0.0,0.0002612951793707907,3.8088744986453094e-05,train,1.8037520931102335e-05,train,2.1545825802604668e-05,train,7.468288822565228e-05,val,0.00010866517550311983,test,0.0002612951793707907
$KAGGLE_ROOT/train/benign/1541.jpg,train,0,8457,HAM_0004069,0,0.0,0.0004245809104759246,0.0005020726057409775,train,0.00017490786558482796,train,5.6889301049523056e-05,test,0.0004245809104759246,train,0.0015804244903847575,train,0.00019606876594480127
$KAGGLE_ROOT/train/benign/1542.jpg,train,0,5134,HAM_0002679,0,4.0,1.3528646377380937e-05,6.927115100552328e-05,train,3.602617289288901e-05,train,3.8835551094962284e-05,test,1.3528646377380937e-05,train,0.00014312005077954382,train,5.910282925469801e-05
$KAGGLE_ROOT/train/benign/1543.jpg,train,0,9366,HAM_0006756,0,4.0,0.00010050236596725881,5.8774180160980904e-05,train,8.793956658337265e-05,train,2.5660921892267652e-05,train,8.893213816918433e-05,train,3.2564093999098986e-05,test,0.00010050236596725881
$KAGGLE_ROOT/train/benign/1544.jpg,train,0,4950,HAM_0004229,0,0.0,2.7698109988705255e-05,8.535889310223865e-05,train,2.2049902327125892e-05,test,2.7698109988705255e-05,train,2.9304830604814924e-05,train,5.0963259127456695e-05,train,0.0002391175803495571
$KAGGLE_ROOT/train/benign/1546.jpg,train,0,4479,HAM_0007520,0,4.0,2.6184497983194888e-05,9.88220617728075e-05,test,2.6184497983194888e-05,train,3.435379403526895e-05,train,4.3292446207487956e-05,train,8.843445539241657e-05,train,0.00022920755145605654
$KAGGLE_ROOT/train/benign/1547.jpg,train,0,8663,HAM_0007133,0,0.0,0.00031643389957025647,0.00013602869239548454,train,5.7081513659795746e-05,train,4.976637865183875e-05,test,0.00031643389957025647,train,0.00010462645150255412,train,0.00033264042576774955
$KAGGLE_ROOT/train/benign/1548.jpg,train,0,3899,HAM_0000499,0,4.0,1.889081613626331e-05,3.098795286859968e-05,test,1.889081613626331e-05,train,4.5814427721779794e-05,train,1.680649074842222e-05,train,1.6807067368063144e-05,train,4.452382563613355e-05
$KAGGLE_ROOT/train/benign/1549.jpg,train,0,6389,HAM_0001131,0,2.0,0.00014376797480508685,3.5562378495039106e-05,train,4.5199332816991955e-05,train,2.6881612939178012e-05,val,0.000150029401993379,train,3.4606189728947356e-05,test,0.00014376797480508685
$KAGGLE_ROOT/train/benign/155.jpg,train,0,8223,HAM_0000184,0,0.0,0.00016304984455928206,0.00013419371680356562,val,0.00014480009849648923,val,0.0005627211648970842,val,0.0004501067742239684,test,0.00016304984455928206,train,0.00013419371680356562
$KAGGLE_ROOT/train/benign/1550.jpg,train,0,3440,HAM_0001804,0,0.0,0.001223343308083713,0.002197539909199501,train,0.005377965047955513,test,0.001223343308083713,train,0.00046127024688757956,val,0.012821335345506668,train,0.0007533844327554107
$KAGGLE_ROOT/train/benign/1551.jpg,train,0,4764,HAM_0005502,0,2.0,2.104415762005374e-05,4.9804818748574085e-05,test,2.104415762005374e-05,train,4.662381616071798e-05,val,3.7690286262659356e-05,train,2.020595275098458e-05,train,8.258468733401969e-05
$KAGGLE_ROOT/train/benign/1552.jpg,train,0,5528,HAM_0003599,0,2.0,6.554284482263029e-05,0.00010298892205658679,train,6.307472358457744e-05,train,0.00011775513848988339,val,6.778750685043633e-05,test,6.554284482263029e-05,train,0.00012813690409529954
$KAGGLE_ROOT/train/benign/1553.jpg,train,0,8380,HAM_0000211,0,2.0,0.00032925530103966594,0.00026026321029348765,train,2.4015513190533966e-05,train,3.03160250041401e-05,test,0.00032925530103966594,val,9.84648140729405e-05,train,0.0007264580926857889
$KAGGLE_ROOT/train/benign/1554.jpg,train,0,4916,HAM_0000818,0,2.0,0.00025646277936175466,0.00028739290064550005,test,0.00025646277936175466,train,9.626310202293098e-05,train,0.0004589651944115758,train,0.00045567279448732734,train,0.00013867051166016608
$KAGGLE_ROOT/train/benign/1555.jpg,train,0,8751,HAM_0006684,0,0.0,0.019087571650743484,0.016584990264770266,train,0.00024421417037956417,train,0.00046279479283839464,train,0.049047961831092834,val,0.002951798727735877,test,0.019087571650743484
$KAGGLE_ROOT/train/benign/1556.jpg,train,0,6848,HAM_0006735,0,2.0,0.07680194824934006,0.0007010220627610882,train,0.00037212332244962454,train,0.000732297427020967,val,0.0063479808159172535,train,0.000998645438812673,test,0.07680194824934006
$KAGGLE_ROOT/train/benign/1557.jpg,train,0,5256,HAM_0002842,0,2.0,0.0006022252491675317,4.6032684016002655e-05,val,5.03578303323593e-05,train,2.754658999037929e-05,train,8.76016856636852e-05,train,2.2949776393943466e-05,test,0.0006022252491675317
$KAGGLE_ROOT/train/benign/1558.jpg,train,0,3493,HAM_0005655,0,0.0,7.298937998712063e-05,7.08759971530526e-05,train,2.201139068347402e-05,test,7.298937998712063e-05,train,0.00010913953883573413,train,0.00010154033225262538,train,5.0812726840376854e-05
$KAGGLE_ROOT/train/benign/156.jpg,train,0,5776,HAM_0007287,0,2.0,3.141194611089304e-05,5.558491920965025e-05,test,3.141194611089304e-05,train,7.63019488658756e-05,train,3.0683255317853764e-05,train,4.9923910410143435e-05,train,6.543056224472821e-05
$KAGGLE_ROOT/train/benign/1560.jpg,train,0,5573,HAM_0004800,0,2.0,1.7001029846142046e-05,0.00017040672476772065,test,1.7001029846142046e-05,train,1.7202592061948963e-05,train,5.804968168376945e-05,val,4.010520569863729e-05,train,0.0004359679005574435
$KAGGLE_ROOT/train/benign/1561.jpg,train,0,4632,HAM_0007132,0,0.0,2.042101914412342e-05,7.551314168570873e-05,val,2.366431181144435e-05,train,5.170928125153296e-05,test,2.042101914412342e-05,train,6.679067882942036e-05,train,0.0001080394649761729
$KAGGLE_ROOT/train/benign/1562.jpg,train,0,4878,HAM_0004276,0,2.0,1.8616667148307897e-05,5.450737580758869e-05,test,1.8616667148307897e-05,train,4.687096588895656e-05,train,2.1139459931873716e-05,train,9.246723493561149e-05,train,5.7551842473912984e-05
$KAGGLE_ROOT/train/benign/1563.jpg,train,0,5828,HAM_0004433,0,2.0,4.9847556510940194e-05,0.0002525319214328192,train,5.180587322684005e-05,test,4.9847556510940194e-05,val,0.00021784496493637562,train,0.0004950053407810628,train,0.00021078455029055476
$KAGGLE_ROOT/train/benign/1564.jpg,train,0,2992,HAM_0006489,0,2.0,0.00044940304360352457,7.012847709120251e-05,val,2.590675649116747e-05,train,4.0312574128620327e-05,train,3.067637953790836e-05,train,0.00013939647760707885,test,0.00044940304360352457
$KAGGLE_ROOT/train/benign/1565.jpg,train,0,5047,HAM_0004292,0,4.0,2.5860968889901415e-05,4.151676512265112e-05,train,3.4787382901413366e-05,train,5.733300349675119e-05,test,2.5860968889901415e-05,train,1.5738118236185983e-05,train,5.820855585625395e-05
$KAGGLE_ROOT/train/benign/1566.jpg,train,0,4874,HAM_0002564,0,2.0,2.283871071995236e-05,3.7786932807648554e-05,val,1.841903940658085e-05,test,2.283871071995236e-05,train,2.6848281777347438e-05,train,2.434700400044676e-05,train,6.216551264515147e-05
$KAGGLE_ROOT/train/benign/1567.jpg,train,0,3615,HAM_0004227,0,4.0,0.00013007225061301142,5.6015473091974854e-05,train,4.4036445615347475e-05,train,2.9911225283285603e-05,train,0.0001119777443818748,train,3.813647708739154e-05,test,0.00013007225061301142
$KAGGLE_ROOT/train/benign/1568.jpg,train,0,5392,HAM_0004019,0,6.0,3.811004717135802e-05,4.1924671222659526e-05,train,3.195150929968804e-05,test,3.811004717135802e-05,train,4.5554425014415756e-05,train,2.5088143956963904e-05,train,6.51046066195704e-05
$KAGGLE_ROOT/train/benign/1569.jpg,train,0,5076,HAM_0003170,0,2.0,6.919596489751711e-05,3.808486993269374e-05,train,5.6490338465664536e-05,val,3.2648546039126813e-05,train,1.835097646107897e-05,train,3.941329487133771e-05,test,6.919596489751711e-05
$KAGGLE_ROOT/train/benign/157.jpg,train,0,6379,HAM_0000620,0,4.0,9.14986158022657e-05,8.818631977192126e-05,train,0.0001437072642147541,train,4.1710583900567144e-05,train,6.142367783468217e-05,train,0.00010590375313768163,test,9.14986158022657e-05
$KAGGLE_ROOT/train/benign/1570.jpg,train,0,3359,HAM_0002302,0,2.0,5.870636596227996e-05,1.3923191545472946e-05,train,1.6926353055168875e-05,train,1.2253091881575529e-05,train,1.2477480595407542e-05,train,1.4035840649739839e-05,test,5.870636596227996e-05
$KAGGLE_ROOT/train/benign/1571.jpg,train,0,6158,HAM_0005485,0,0.0,0.0002504382864572108,0.00015353571689047385,train,6.642039079451934e-05,train,6.41626538708806e-05,train,7.708690827712417e-05,train,0.0004064729146193713,test,0.0002504382864572108
$KAGGLE_ROOT/train/benign/1572.jpg,train,0,7277,HAM_0001220,0,0.0,0.08488307893276215,0.0021768894330307376,train,0.00024159233726095408,train,0.0006180041236802936,train,0.002274512080475688,train,0.005573449190706015,test,0.08488307893276215
$KAGGLE_ROOT/train/benign/1573.jpg,train,0,3080,HAM_0001807,0,4.0,9.76001683739014e-06,3.565476549738378e-05,test,9.76001683739014e-06,train,2.3773247448843904e-05,train,1.112514019041555e-05,train,2.0719800886581652e-05,train,8.7000873463694e-05
$KAGGLE_ROOT/train/benign/1574.jpg,train,0,3985,HAM_0001543,0,4.0,0.0001120088345487602,7.001176163612399e-05,train,3.7926594814052805e-05,train,9.694987238617614e-05,train,3.290083623141982e-05,train,0.00011226974311284721,test,0.0001120088345487602
$KAGGLE_ROOT/train/benign/1575.jpg,train,0,8316,HAM_0005284,0,0.0,0.00015954487025737762,7.0827751642355e-05,train,2.6480262022232637e-05,train,3.707576615852304e-05,test,0.00015954487025737762,train,2.076906275760848e-05,train,0.00019898591563105583
$KAGGLE_ROOT/train/benign/1577.jpg,train,0,5973,HAM_0005451,0,2.0,4.319347135606222e-05,5.6584421145089436e-05,test,4.319347135606222e-05,train,2.2765299945604056e-05,train,5.000481542083435e-05,train,5.2129435061942786e-05,train,0.00010143813415197656
$KAGGLE_ROOT/train/benign/158.jpg,train,0,9215,HAM_0000505,0,0.0,4.3978365283692256e-05,0.00015934544717310928,train,8.20085042505525e-05,test,4.3978365283692256e-05,train,4.523045936366543e-05,train,0.00010121928062289953,train,0.00040892354445531964
$KAGGLE_ROOT/train/benign/1580.jpg,train,0,5138,HAM_0005099,0,2.0,3.183240914950147e-05,5.191315237122277e-05,train,2.057801975752227e-05,test,3.183240914950147e-05,val,1.9751129002543166e-05,train,3.421523069846444e-05,train,0.00010094620665768161
$KAGGLE_ROOT/train/benign/1581.jpg,train,0,4778,HAM_0000586,0,0.0,8.609140058979392e-05,9.98221366899088e-05,train,0.00012019561108900234,val,2.8616233976208605e-05,val,0.00014059683599043638,test,8.609140058979392e-05,train,7.944866229081526e-05
$KAGGLE_ROOT/train/benign/1582.jpg,train,0,9252,HAM_0001329,0,4.0,0.0006170521373860538,0.00035602203812838223,val,0.0010379287414252758,train,5.474378849612549e-05,test,0.0006170521373860538,train,0.0002320511848665774,train,0.0007812711410224438
$KAGGLE_ROOT/train/benign/1583.jpg,train,0,6757,HAM_0006738,0,8.0,0.000975039612967521,0.0008394252023814867,test,0.000975039612967521,train,0.00034651003079488873,train,0.00033362433896400034,train,0.001838141237385571,val,0.0012168127577751875
$KAGGLE_ROOT/train/benign/1584.jpg,train,0,8057,HAM_0000312,0,2.0,4.9341691919835284e-05,4.37675507782842e-05,train,2.1137382645974867e-05,val,3.233457391615957e-05,val,6.421009311452508e-05,test,4.9341691919835284e-05,train,6.639771891059354e-05
$KAGGLE_ROOT/train/benign/1585.jpg,train,0,7252,HAM_0000395,0,2.0,0.001916757202707231,0.0004454565378182451,test,0.001916757202707231,train,5.747138857259415e-05,train,0.001410904573276639,train,0.0001908945123432204,train,0.00012255567708052695
$KAGGLE_ROOT/train/benign/1586.jpg,train,0,6676,HAM_0006694,0,4.0,1.801469079509843e-05,5.15949601928393e-05,val,3.551230111042969e-05,train,1.590619285707362e-05,test,1.801469079509843e-05,train,4.101463491679169e-05,train,9.78640528046526e-05
$KAGGLE_ROOT/train/benign/1587.jpg,train,0,6143,HAM_0005593,0,0.0,4.464555240701884e-05,7.551922074829538e-05,val,7.732677477179095e-05,train,6.0063513956265524e-05,train,3.776400626520626e-05,test,4.464555240701884e-05,train,0.00012873014202341437
$KAGGLE_ROOT/train/benign/1588.jpg,train,0,8381,HAM_0001699,0,2.0,0.00011784186790464446,0.0003969049794250168,test,0.00011784186790464446,train,2.1292376914061606e-05,train,0.000772517581935972,val,0.0003036130219697952,val,0.00011749962868634611
$KAGGLE_ROOT/train/benign/1589.jpg,train,0,7273,HAM_0005298,0,2.0,0.0005383936804719269,7.473719597328454e-05,train,0.00010351675882702693,train,5.6032207794487476e-05,train,8.551888458896428e-05,train,5.388093268265948e-05,test,0.0005383936804719269
$KAGGLE_ROOT/train/benign/159.jpg,train,0,3263,HAM_0006192,0,2.0,4.421806806931272e-05,7.211986060913962e-05,val,6.62113816360943e-05,train,4.0637260099174455e-05,train,7.734713290119544e-05,test,4.421806806931272e-05,train,9.837518882704899e-05
$KAGGLE_ROOT/train/benign/1590.jpg,train,0,4676,HAM_0002039,0,2.0,0.0001614081411389634,2.865571195798111e-05,train,1.543286634841934e-05,train,2.640123784658499e-05,train,2.6787643946590833e-05,train,4.6001099690329283e-05,test,0.0001614081411389634
$KAGGLE_ROOT/train/benign/1591.jpg,train,0,8185,HAM_0006754,0,2.0,0.00010134174226550385,0.00015455063354844847,train,6.0930186009500176e-05,val,3.3842465199995786e-05,test,0.00010134174226550385,train,3.6047065805178136e-05,train,0.00036667464883066714
$KAGGLE_ROOT/train/benign/1593.jpg,train,0,8326,HAM_0002645,0,0.0,6.526343349833041e-05,0.0009667292542872019,train,0.00022056281159166247,test,6.526343349833041e-05,val,0.16930167376995087,val,0.0023573818616569042,train,0.0017128956969827414
$KAGGLE_ROOT/train/benign/1594.jpg,train,0,8235,HAM_0001142,0,2.0,0.00016078725457191467,0.00016755619799369015,train,0.00010606423165882006,test,0.00016078725457191467,train,0.0001385486393701285,train,0.00011018283112207428,train,0.00031542908982373774
$KAGGLE_ROOT/train/benign/1595.jpg,train,0,9322,HAM_0001902,0,4.0,0.00046205773833207786,0.000831644756544847,train,9.087914077099413e-05,train,0.00011238189472351223,train,0.0028380139265209436,train,0.00028530406416393816,test,0.00046205773833207786
$KAGGLE_ROOT/train/benign/1596.jpg,train,0,6429,HAM_0006016,0,2.0,2.8140450012870133e-05,7.873796403146116e-05,train,7.916642061900347e-05,train,2.7148667868459597e-05,test,2.8140450012870133e-05,train,3.5814409784507006e-05,train,0.00017282235785387456
$KAGGLE_ROOT/train/benign/1597.jpg,train,0,9037,HAM_0003754,0,2.0,9.787851013243198e-05,0.00018390835975878872,test,9.787851013243198e-05,train,0.0001339340815320611,train,0.0001650264166528359,train,0.00034855239209719,train,8.812054875306785e-05
$KAGGLE_ROOT/train/benign/1598.jpg,train,0,5945,HAM_0006880,0,2.0,3.851383735309355e-05,5.498632769255588e-05,val,1.0664313776942436e-05,train,2.861295797629282e-05,test,3.851383735309355e-05,train,4.2151637899223715e-05,train,9.419438720215112e-05
$KAGGLE_ROOT/train/benign/1599.jpg,train,0,5994,HAM_0001825,0,2.0,1.840553704823833e-05,6.362104340951191e-05,train,2.590992153272964e-05,test,1.840553704823833e-05,train,8.774389425525442e-05,train,6.667403795290738e-05,train,7.415631989715621e-05
$KAGGLE_ROOT/train/benign/160.jpg,train,0,4332,HAM_0007615,0,2.0,0.00012315466301515698,0.00014468847196743204,val,2.561810651968699e-05,train,0.00022455955331679434,train,3.902496609953232e-05,test,0.00012315466301515698,train,0.00017048089648596942
$KAGGLE_ROOT/train/benign/1600.jpg,train,0,3435,HAM_0001314,0,0.0,1.1521716260176618e-05,2.512458377168514e-05,test,1.1521716260176618e-05,val,7.461882341885939e-05,train,2.7248735932516865e-05,train,2.300043161085341e-05,val,8.256783621618524e-05
$KAGGLE_ROOT/train/benign/1601.jpg,train,0,6384,HAM_0000567,0,0.0,2.1528634533751756e-05,3.2643116128383554e-05,test,2.1528634533751756e-05,train,3.4762277209665626e-05,train,3.590136839193292e-05,train,1.4092950550548267e-05,train,4.58158683613874e-05
$KAGGLE_ROOT/train/benign/1603.jpg,train,0,5054,HAM_0000583,0,2.0,0.00020389730343595147,4.918286776955938e-05,train,2.7726227926905267e-05,train,2.695315379241947e-05,train,3.764380744541995e-05,train,0.00010440828191349283,test,0.00020389730343595147
$KAGGLE_ROOT/train/benign/1604.jpg,train,0,4541,HAM_0005754,0,2.0,3.041752461285796e-05,2.4083817455296714e-05,train,2.2140866349218413e-05,train,4.071200601174496e-05,test,3.041752461285796e-05,train,9.398580004926771e-06,val,6.20135833742097e-05
$KAGGLE_ROOT/train/benign/1605.jpg,train,0,3114,HAM_0002443,0,4.0,5.084947042632848e-05,0.00011485966706459294,train,2.810727346513886e-05,train,5.402860188041814e-05,test,5.084947042632848e-05,train,4.618298407876864e-05,train,0.0003311198088340461
$KAGGLE_ROOT/train/benign/1606.jpg,train,0,6608,HAM_0006530,0,0.0,0.000287521630525589,0.00012471556055970723,train,0.0001530393783468753,train,3.462451059021987e-05,train,0.00024020001001190394,train,7.099834328982979e-05,test,0.000287521630525589
$KAGGLE_ROOT/train/benign/1608.jpg,train,0,3893,HAM_0006976,0,2.0,5.4037824156694114e-05,2.1407693338915124e-05,train,1.3897265489504207e-05,train,3.290253152954392e-05,train,2.0038753064000048e-05,train,1.879222327261232e-05,test,5.4037824156694114e-05
$KAGGLE_ROOT/train/benign/1609.jpg,train,0,5303,HAM_0006455,0,2.0,2.42035421251785e-05,0.0001448612838430563,train,7.957711204653606e-05,train,4.739215364679694e-05,train,0.0001872925931820646,test,2.42035421251785e-05,train,0.0002651832764968276
$KAGGLE_ROOT/train/benign/1612.jpg,train,0,8511,HAM_0002305,0,2.0,9.784258145373315e-05,0.00027423648862168193,test,9.784258145373315e-05,train,4.0402403101325035e-05,train,0.0005080705741420388,val,3.9587856008438393e-05,val,0.0006331912009045482
$KAGGLE_ROOT/train/benign/1613.jpg,train,0,6489,HAM_0006590,0,2.0,0.00016459864855278283,0.00010486999735803693,train,2.6067746148328297e-05,test,0.00016459864855278283,train,8.765783422859386e-05,train,7.27076840121299e-05,train,0.00023304672504309565
$KAGGLE_ROOT/train/benign/1614.jpg,train,0,4145,HAM_0007377,0,2.0,1.4338405890157446e-05,5.627406426356174e-05,train,1.0635032595018856e-05,val,1.1846821507788263e-05,train,1.8425065718474798e-05,test,1.4338405890157446e-05,train,0.00013976209447719157
$KAGGLE_ROOT/train/benign/1615.jpg,train,0,8710,HAM_0005183,0,4.0,5.680554750142619e-05,4.957533868340155e-05,val,6.134471186669543e-05,train,4.6182678488548845e-05,train,5.376385888666846e-05,test,5.680554750142619e-05,train,4.877947867498733e-05
$KAGGLE_ROOT/train/benign/1616.jpg,train,0,3718,HAM_0005671,0,2.0,9.404659067513421e-06,2.5730581000971142e-05,train,2.6527906811679713e-05,val,1.955568222911097e-05,train,2.493325519026257e-05,test,9.404659067513421e-06,val,5.076574598206207e-05
$KAGGLE_ROOT/train/benign/1617.jpg,train,0,3602,HAM_0005241,0,0.0,7.504440873162821e-05,6.126956456379655e-05,train,3.954748171963729e-05,train,6.696805212413892e-05,val,2.4574395865784027e-05,train,7.729315984761342e-05,test,7.504440873162821e-05
$KAGGLE_ROOT/train/benign/1618.jpg,train,0,6114,HAM_0001787,0,0.0,1.5793793863849714e-05,2.9542220242243882e-05,train,1.8883845768868923e-05,train,3.1116866011871025e-05,test,1.5793793863849714e-05,train,3.8625948945991695e-05,val,6.382725405273959e-05
$KAGGLE_ROOT/train/benign/1619.jpg,train,0,3393,HAM_0001425,0,2.0,8.869593148119748e-05,6.120898979133926e-05,train,4.31557564297691e-05,test,8.869593148119748e-05,train,8.88616923475638e-05,train,5.160952059668489e-05,val,0.00010634386126184836
$KAGGLE_ROOT/train/benign/162.jpg,train,0,7015,HAM_0001968,0,0.0,3.931190803996287e-05,9.709555646016572e-05,train,8.494515350321308e-05,test,3.931190803996287e-05,val,0.00010091213334817439,train,0.0001477670157328248,train,5.857450014445931e-05
$KAGGLE_ROOT/train/benign/1620.jpg,train,0,4318,HAM_0000824,0,4.0,2.769491220533382e-05,6.935737792446162e-05,train,1.869086736405734e-05,train,2.9269776860019192e-05,train,0.00011447060387581587,test,2.769491220533382e-05,train,0.00011499826359795406
$KAGGLE_ROOT/train/benign/1621.jpg,train,0,3520,HAM_0000617,0,0.0,4.716784314950928e-05,6.393807416316122e-05,train,2.8660258976742625e-05,train,0.00010070746793644503,train,3.111348632955924e-05,test,4.716784314950928e-05,train,9.527108340989798e-05
$KAGGLE_ROOT/train/benign/1622.jpg,train,0,8104,HAM_0003745,0,4.0,0.001362491399049759,0.0011257223104621517,train,0.002129287924617529,train,0.00011019595694961026,train,0.0014844954712316394,train,0.000778909889049828,test,0.001362491399049759
$KAGGLE_ROOT/train/benign/1623.jpg,train,0,3981,HAM_0003972,0,2.0,4.146450010011904e-05,0.00011254878245381406,train,2.8384096367517486e-05,test,4.146450010011904e-05,train,6.684535765089095e-05,train,4.8200679884757847e-05,train,0.00030676499591208994
$KAGGLE_ROOT/train/benign/1624.jpg,train,0,5876,HAM_0000774,0,0.0,3.7641366361640394e-05,7.091290353855584e-05,train,9.056562703335658e-05,train,2.2528380213771015e-05,train,3.8723206671420485e-05,test,3.7641366361640394e-05,train,0.00013183440023567528
$KAGGLE_ROOT/train/benign/1625.jpg,train,0,3773,HAM_0000899,0,4.0,4.6610035496996716e-05,2.5024646220117575e-05,train,2.1320924133760855e-05,train,2.41030465986114e-05,train,3.293923509772867e-05,train,2.1735379050369374e-05,test,4.6610035496996716e-05
$KAGGLE_ROOT/train/benign/1626.jpg,train,0,5232,HAM_0003763,0,6.0,2.0142559151281603e-05,4.85879377265519e-05,train,1.0762067176983692e-05,train,7.21672986401245e-05,test,2.0142559151281603e-05,train,4.966298001818359e-05,train,6.175940507091582e-05
$KAGGLE_ROOT/train/benign/1627.jpg,train,0,4801,HAM_0002068,0,4.0,5.116700776852667e-05,0.00010404456528097701,val,1.7006737834890373e-05,train,4.249065023032017e-05,train,0.00010794945410452783,test,5.116700776852667e-05,train,0.00016169359150808305
$KAGGLE_ROOT/train/benign/1629.jpg,train,0,5790,HAM_0004438,0,2.0,3.662203744170256e-05,0.00025197892682626843,val,6.738655793014914e-05,test,3.662203744170256e-05,train,6.49728171993047e-05,val,7.83173309173435e-05,train,0.00043898503645323217
$KAGGLE_ROOT/train/benign/163.jpg,train,0,3247,HAM_0002539,0,2.0,1.4283202290243935e-05,2.6563595838524634e-05,train,1.871548010967672e-05,train,2.984019556606654e-05,train,3.0035995223443024e-05,test,1.4283202290243935e-05,train,2.7662712454912253e-05
$KAGGLE_ROOT/train/benign/1630.jpg,train,0,4386,HAM_0006494,0,2.0,8.381201041629538e-05,3.913817818101961e-05,train,1.828070708143059e-05,test,8.381201041629538e-05,train,3.1383318855660036e-05,train,2.0915011191391386e-05,train,8.597367559559643e-05
$KAGGLE_ROOT/train/benign/1631.jpg,train,0,5871,HAM_0000098,0,2.0,4.553431426757015e-05,0.0001741691339702811,train,7.6561416790355e-05,train,3.0610863177571446e-05,test,4.553431426757015e-05,train,0.0002816323540173471,train,0.0003078719018958509
$KAGGLE_ROOT/train/benign/1633.jpg,train,0,5355,HAM_0003545,0,2.0,1.7688091247691773e-05,7.11881087530249e-05,train,2.530442361603491e-05,val,2.8390892111929134e-05,train,0.00014262442709878087,test,1.7688091247691773e-05,train,4.563547554425895e-05
$KAGGLE_ROOT/train/benign/1635.jpg,train,0,6961,HAM_0000230,0,2.0,0.0004282602749299258,5.768920042707274e-05,train,3.414274033275433e-05,train,5.8852889196714386e-05,val,0.00011027731670765206,train,8.007197175174952e-05,test,0.0004282602749299258
$KAGGLE_ROOT/train/benign/1636.jpg,train,0,4252,HAM_0006212,0,0.0,4.99201487400569e-05,3.264887891418766e-05,test,4.99201487400569e-05,train,3.2240139262285084e-05,val,6.541216134792194e-05,train,3.305761856609024e-05,val,4.9845890316646546e-05
$KAGGLE_ROOT/train/benign/1638.jpg,train,0,4629,HAM_0002440,0,0.0,5.213848271523602e-05,6.862741793156601e-05,train,6.79327204125002e-05,test,5.213848271523602e-05,train,3.0028433684492484e-05,train,5.072950079920702e-05,train,0.00012581901683006436
$KAGGLE_ROOT/train/benign/1639.jpg,train,0,8317,HAM_0005284,0,0.0,0.00014980683044996113,6.566769707205822e-05,train,2.3515854991273955e-05,train,6.036520790075883e-05,test,0.00014980683044996113,train,2.3413615053868853e-05,train,0.00015537611034233123
$KAGGLE_ROOT/train/benign/164.jpg,train,0,8319,HAM_0001157,0,0.0,0.00013325574400369078,4.589524678522139e-05,train,4.578935477184132e-05,train,2.7366055292077363e-05,train,1.1995214663329534e-05,train,9.843036241363734e-05,test,0.00013325574400369078
$KAGGLE_ROOT/train/benign/1640.jpg,train,0,6963,HAM_0004724,0,0.0,0.0015184148214757442,0.012819692576158559,train,0.010653399862349033,train,0.00022825189807917923,test,0.0015184148214757442,train,0.002214450156316161,train,0.03818266838788986
$KAGGLE_ROOT/train/benign/1641.jpg,train,0,6268,HAM_0000929,0,2.0,7.436167652485892e-05,4.945730082302665e-05,val,1.5872583389864303e-05,test,7.436167652485892e-05,train,5.3168998420005664e-05,train,3.0614453862654045e-05,train,6.458845018642023e-05
$KAGGLE_ROOT/train/benign/1643.jpg,train,0,3338,HAM_0003008,0,2.0,3.369963451405056e-05,8.601674138238498e-05,train,0.00011089960025856271,train,0.000128386658616364,test,3.369963451405056e-05,train,1.8763965272228234e-05,val,7.409320096485317e-05
$KAGGLE_ROOT/train/benign/1644.jpg,train,0,8115,HAM_0002907,0,0.0,1.3501194189302623e-05,0.0001621151977815316,train,5.8846435422310606e-05,test,1.3501194189302623e-05,train,0.0002272426208946854,train,0.00020549067994579673,train,0.0001568810548633337
$KAGGLE_ROOT/train/benign/1645.jpg,train,0,4858,HAM_0006356,0,4.0,3.440825457801111e-05,2.701125708881591e-05,train,1.1916598850802984e-05,train,3.4613847674336284e-05,test,3.440825457801111e-05,train,2.2700909539707936e-05,train,3.8813672290416434e-05
$KAGGLE_ROOT/train/benign/1647.jpg,train,0,5457,HAM_0003537,0,2.0,2.251671685371548e-05,6.559156781804631e-05,test,2.251671685371548e-05,train,8.818646165309474e-05,train,3.0382767363335006e-05,train,4.2477520764805377e-05,train,0.00010131952149095014
$KAGGLE_ROOT/train/benign/1649.jpg,train,0,8538,HAM_0003088,0,2.0,3.0058801712584682e-05,0.0019358327244844986,test,3.0058801712584682e-05,train,4.958570207236335e-05,train,0.0026626898907124996,train,0.0027136856224387884,train,0.002317369682714343
$KAGGLE_ROOT/train/benign/165.jpg,train,0,5651,HAM_0002840,0,2.0,4.5851400500396267e-05,7.497810588574794e-05,train,1.1411620107537601e-05,train,3.221837687306106e-05,train,5.764626621385105e-05,test,4.5851400500396267e-05,train,0.00019863616034854203
$KAGGLE_ROOT/train/benign/1650.jpg,train,0,6100,HAM_0000515,0,4.0,0.00022556234034709632,6.506467479994171e-05,train,0.00011864340922329575,train,6.078017031541094e-05,train,2.225424577773083e-05,train,5.858087388332933e-05,test,0.00022556234034709632
$KAGGLE_ROOT/train/benign/1651.jpg,train,0,5020,HAM_0003637,0,2.0,0.00011532222561072558,3.2345620032477505e-05,train,1.664951560087502e-05,val,7.281738362507895e-05,train,4.6592835133196786e-05,train,3.37945093633607e-05,test,0.00011532222561072558
$KAGGLE_ROOT/train/benign/1652.jpg,train,0,6476,HAM_0007352,0,2.0,6.50599249638617e-05,3.6280880522099324e-05,test,6.50599249638617e-05,train,4.8648242227500305e-05,train,2.3913518816698343e-05,val,2.671060610737186e-05,val,0.00011186664778506383
$KAGGLE_ROOT/train/benign/1653.jpg,train,0,6139,HAM_0005367,0,4.0,4.3867825297638774e-05,7.880722417515547e-05,train,4.926599285681732e-05,train,1.9712233552127145e-05,test,4.3867825297638774e-05,val,2.8454127459554e-05,train,0.00016744344611652195
$KAGGLE_ROOT/train/benign/1654.jpg,train,0,8245,HAM_0001137,0,4.0,0.000724447367247194,0.0014166015219719459,train,0.00020097466767765582,test,0.000724447367247194,train,0.0013437522575259209,train,0.002705077640712261,val,0.0008554416126571596
$KAGGLE_ROOT/train/benign/1656.jpg,train,0,8982,HAM_0001962,0,2.0,0.00043770414777100086,0.0009645975223975256,train,4.879944026470184e-05,val,7.396950968541205e-05,test,0.00043770414777100086,train,4.793783591594547e-05,train,0.0027970552910119295
$KAGGLE_ROOT/train/benign/1658.jpg,train,0,3436,HAM_0004786,0,2.0,9.658879571361467e-05,6.334811496344628e-05,train,9.619749471312389e-05,test,9.658879571361467e-05,train,5.963500734651461e-05,train,4.954141695634462e-05,train,4.801854083780199e-05
$KAGGLE_ROOT/train/benign/1659.jpg,train,0,6742,HAM_0000028,0,2.0,0.00021728240244556218,3.08337336415813e-05,train,2.9082415494485758e-05,train,3.2675427064532414e-05,val,9.933736873790622e-05,train,3.0743358365725726e-05,test,0.00021728240244556218
$KAGGLE_ROOT/train/benign/166.jpg,train,0,3206,HAM_0004381,0,2.0,4.52841522928793e-05,5.273203623801237e-05,train,3.654364627436735e-05,train,1.847496605478227e-05,test,4.52841522928793e-05,train,2.6165427698288113e-05,train,0.00012974410492461175
$KAGGLE_ROOT/train/benign/1660.jpg,train,0,5874,HAM_0005646,0,0.0,5.5999724281718954e-05,4.0418147060942523e-05,test,5.5999724281718954e-05,train,3.195967656210996e-05,train,3.379409099579789e-05,train,5.550067362491973e-05,val,9.698260691948235e-05
$KAGGLE_ROOT/train/benign/1661.jpg,train,0,5077,HAM_0000389,0,4.0,3.2614345400361344e-05,4.603951583703747e-05,train,2.3285578208742663e-05,train,4.4786571379518136e-05,train,3.173468940076418e-05,test,3.2614345400361344e-05,train,8.43512243591249e-05
$KAGGLE_ROOT/train/benign/1662.jpg,train,0,6825,HAM_0003221,0,2.0,0.0004145620623603463,0.0010741341102402657,test,0.0004145620623603463,train,9.243206295650452e-05,train,0.0009050480439327657,train,0.0001698779087746516,train,0.003129178425297141
$KAGGLE_ROOT/train/benign/1663.jpg,train,0,4719,HAM_0001288,0,6.0,0.00018439260020386428,4.4548995598840215e-05,train,5.3427247621584684e-05,val,5.7025037676794454e-05,test,0.00018439260020386428,train,3.993099380750209e-05,train,4.0288745367433876e-05
$KAGGLE_ROOT/train/benign/1664.jpg,train,0,4580,HAM_0004314,0,4.0,6.624327215831727e-05,4.894006087852176e-05,train,1.9713643268914893e-05,train,4.7311415983131155e-05,train,5.353547021513805e-05,test,6.624327215831727e-05,train,7.519971404690295e-05
$KAGGLE_ROOT/train/benign/1665.jpg,train,0,9297,HAM_0001765,0,0.0,4.861902561970055e-05,0.00013085610726193408,train,5.7572207879275084e-05,train,2.346055225643795e-05,train,0.00013045582454651594,test,4.861902561970055e-05,train,0.00031193584436550736
$KAGGLE_ROOT/train/benign/1666.jpg,train,0,6046,HAM_0005948,0,2.0,2.634073098306544e-05,7.095833507264615e-05,train,3.2465024560224265e-05,train,2.3601185603183694e-05,test,2.634073098306544e-05,train,5.3397961892187595e-05,train,0.00017436916823498905
$KAGGLE_ROOT/train/benign/1667.jpg,train,0,4578,HAM_0007587,0,4.0,1.9929684640374035e-05,0.00014678625484521035,test,1.9929684640374035e-05,train,5.904756108066067e-05,val,9.862221486400813e-05,train,2.9460765290423296e-05,train,0.0003518504381645471
$KAGGLE_ROOT/train/benign/1668.jpg,train,0,6425,HAM_0005739,0,0.0,2.4564904379076324e-05,3.082445437030401e-05,train,1.5438003174494952e-05,train,4.0797938709147274e-05,test,2.4564904379076324e-05,train,3.339131217217073e-05,train,3.367056342540309e-05
$KAGGLE_ROOT/train/benign/1669.jpg,train,0,5404,HAM_0005348,0,0.0,8.512606291333213e-05,2.9643341576957027e-05,train,2.1076994016766548e-05,train,1.333211093879072e-05,train,3.267424472142011e-05,train,5.149001663085073e-05,test,8.512606291333213e-05
$KAGGLE_ROOT/train/benign/167.jpg,train,0,6850,HAM_0005447,0,0.0,9.671063162386417e-05,0.00015431125393661205,train,5.352781226974912e-05,test,9.671063162386417e-05,val,9.991916886065155e-05,val,7.796815043548122e-05,train,0.000255094695603475
$KAGGLE_ROOT/train/benign/1670.jpg,train,0,5254,HAM_0004023,0,4.0,4.60019800812006e-05,9.789608338905964e-05,test,4.60019800812006e-05,train,5.91165226069279e-05,train,0.00015586253721266985,train,5.383157986216247e-05,train,0.00012277369387447834
$KAGGLE_ROOT/train/benign/1671.jpg,train,0,4733,HAM_0003734,0,4.0,0.00016544031677767634,4.301790249883197e-05,train,3.0729435820830986e-05,train,4.456498572835699e-05,train,5.3720294090453535e-05,train,4.305689435568638e-05,test,0.00016544031677767634
$KAGGLE_ROOT/train/benign/1673.jpg,train,0,5248,HAM_0004107,0,2.0,3.755728175747208e-05,0.00010903099973802455,train,4.305352922528982e-05,train,5.122461880091578e-05,train,9.714430780149996e-05,test,3.755728175747208e-05,train,0.00024470154312439263
$KAGGLE_ROOT/train/benign/1674.jpg,train,0,9088,HAM_0004656,0,2.0,0.0010502701625227928,0.00013344779047959796,train,0.00012096920545445755,val,0.0005497972015291452,train,0.00025586149422451854,train,2.351267175981775e-05,test,0.0010502701625227928
$KAGGLE_ROOT/train/benign/1675.jpg,train,0,4040,HAM_0006805,0,4.0,0.00010190057219006121,0.00012184075603727251,train,6.331964686978608e-05,train,0.00010038091568276286,test,0.00010190057219006121,train,0.0001235284289577976,train,0.00020013403263874352
$KAGGLE_ROOT/train/benign/1676.jpg,train,0,8622,HAM_0003340,0,2.0,0.0007322814199142158,0.0014566892732545966,train,7.860703772166744e-05,test,0.0007322814199142158,train,0.0018648755503818393,train,0.0015222339425235987,train,0.002361040562391281
$KAGGLE_ROOT/train/benign/1677.jpg,train,0,6644,HAM_0004393,0,2.0,5.6588083680253476e-05,1.389308636134956e-05,train,1.475536646466935e-05,train,1.5364052160293795e-05,val,2.75858910754323e-05,train,1.1559840459085535e-05,test,5.6588083680253476e-05
$KAGGLE_ROOT/train/benign/1678.jpg,train,0,8070,HAM_0002432,0,0.0,9.770596079761162e-06,3.880814923225747e-05,train,2.8765351089532487e-05,test,9.770596079761162e-06,val,0.0011230662930756807,train,2.815610059769824e-05,train,5.9502996009541675e-05
$KAGGLE_ROOT/train/benign/1679.jpg,train,0,6279,HAM_0001189,0,2.0,4.075570541317575e-05,3.375345431777532e-05,train,2.673917515494395e-05,train,3.0798997613601387e-05,test,4.075570541317575e-05,train,1.6221889381995425e-05,train,6.125375512056053e-05
$KAGGLE_ROOT/train/benign/168.jpg,train,0,3231,HAM_0002853,0,2.0,4.2963583837263286e-05,0.0001300643962167669,train,0.0001976771018235013,train,0.00013847587979398668,test,4.2963583837263286e-05,train,7.769338844809681e-05,train,0.00010641121480148286
$KAGGLE_ROOT/train/benign/1680.jpg,train,0,4774,HAM_0007120,0,2.0,0.00017379765631631017,8.197681078551493e-05,train,4.8156802222365513e-05,val,4.417356467456557e-05,train,2.82248711300781e-05,test,0.00017379765631631017,train,0.00016954875900410116
$KAGGLE_ROOT/train/benign/1681.jpg,train,0,3358,HAM_0005563,0,0.0,3.4141081414418295e-05,0.00010805877718667034,train,5.865057755727321e-05,train,0.00014312005077954382,train,6.792177009629086e-05,test,3.4141081414418295e-05,train,0.00016254271031357348
$KAGGLE_ROOT/train/benign/1683.jpg,train,0,9358,HAM_0007058,0,2.0,0.05261579155921936,0.0001424025249434635,val,0.00038988699088804424,val,0.0005276426090858877,val,0.0004055564058944583,test,0.05261579155921936,train,0.0001424025249434635
$KAGGLE_ROOT/train/benign/1684.jpg,train,0,5521,HAM_0004136,0,0.0,5.34654209332075e-05,0.00010044052942248527,train,3.6097739211982116e-05,train,5.333246008376591e-05,train,2.2908207029104233e-05,test,5.34654209332075e-05,train,0.0002894237113650888
$KAGGLE_ROOT/train/benign/1685.jpg,train,0,4469,HAM_0004822,0,4.0,9.183541988022625e-05,5.613654229819076e-05,train,1.916311521199532e-05,test,9.183541988022625e-05,train,6.611125718336552e-05,train,5.199513543630019e-05,train,8.727666136110201e-05
$KAGGLE_ROOT/train/benign/1686.jpg,train,0,6726,HAM_0001684,0,2.0,0.00031510955886915326,0.0045868441766288015,test,0.00031510955886915326,train,4.24450081482064e-05,train,0.0010913813021034002,train,0.008515262976288795,train,0.008698287419974804
$KAGGLE_ROOT/train/benign/1688.jpg,train,0,9291,HAM_0006734,0,0.0,0.00013208958262111992,8.461411380267236e-05,train,0.00010766254854388535,train,8.017955406103283e-05,train,6.961837061680853e-05,train,8.099598198896274e-05,test,0.00013208958262111992
$KAGGLE_ROOT/train/benign/1689.jpg,train,0,4250,HAM_0002737,0,2.0,0.0002954609226435423,5.615275358650251e-05,train,3.632208608905785e-05,train,2.846093957487028e-05,train,9.884629980660975e-05,train,6.098168887547217e-05,test,0.0002954609226435423
$KAGGLE_ROOT/train/benign/169.jpg,train,0,5453,HAM_0002330,0,8.0,3.383281728019938e-05,2.4698380457266467e-05,train,2.1195739464019425e-05,train,3.0049030101508833e-05,test,3.383281728019938e-05,train,1.7851351003628224e-05,train,2.9697401259909384e-05
$KAGGLE_ROOT/train/benign/1690.jpg,train,0,5792,HAM_0000860,0,4.0,2.8586828193510883e-05,8.812799084504756e-05,train,2.4708340788492933e-05,test,2.8586828193510883e-05,train,9.693665197119117e-05,val,4.952412928105332e-05,train,0.00014273897977545857
$KAGGLE_ROOT/train/benign/1691.jpg,train,0,6086,HAM_0003404,0,0.0,8.24933813419193e-05,4.387402562618566e-05,train,3.065801502089016e-05,val,0.0001036715621012263,train,5.072465864941478e-05,train,5.023940320825204e-05,test,8.24933813419193e-05
$KAGGLE_ROOT/train/benign/1692.jpg,train,0,3993,HAM_0003517,0,2.0,5.996404433972202e-05,9.975069770007394e-05,train,7.541285594925284e-05,test,5.996404433972202e-05,train,0.00010946431575575843,train,0.00014957417442929,train,6.45514446659945e-05
$KAGGLE_ROOT/train/benign/1693.jpg,train,0,6500,HAM_0003995,0,0.0,0.00018224214727524668,0.0005972883445792831,val,5.515545853995718e-05,test,0.00018224214727524668,train,0.00021792536426801234,val,0.0004062290827278048,train,0.000976651324890554
$KAGGLE_ROOT/train/benign/1694.jpg,train,0,5769,HAM_0003702,0,0.0,5.9864858485525474e-05,5.440688558640735e-05,val,3.818105687969364e-05,train,2.6626499675330706e-05,test,5.9864858485525474e-05,train,6.56412958051078e-05,train,7.095286127878353e-05
$KAGGLE_ROOT/train/benign/1695.jpg,train,0,8867,HAM_0003940,0,2.0,0.0003136110899504274,0.00018012943595143346,test,0.0003136110899504274,train,0.00030693961889483035,train,0.00018066837219521403,train,5.2780316764255986e-05,val,0.0020081172697246075
$KAGGLE_ROOT/train/benign/1697.jpg,train,0,4437,HAM_0006204,0,0.0,2.4045009922701865e-05,9.727829183248105e-05,test,2.4045009922701865e-05,train,3.280844248365611e-05,train,3.194678356521763e-05,train,6.587977986782789e-05,train,0.00025847816141322255
$KAGGLE_ROOT/train/benign/1698.jpg,train,0,5488,HAM_0002380,0,4.0,0.00011676012945827097,0.0002001663924602326,train,2.4222499632742256e-05,val,3.5693912650458515e-05,test,0.00011676012945827097,val,0.00013275540550239384,train,0.00037611028528772295
$KAGGLE_ROOT/train/benign/1699.jpg,train,0,9417,HAM_0003540,0,2.0,4.5147120545152575e-05,0.00010811730135174002,test,4.5147120545152575e-05,train,0.00010493660374777392,train,0.00011546338646439835,train,6.680431397398934e-05,train,0.0001452649012207985
$KAGGLE_ROOT/train/benign/17.jpg,train,0,4343,HAM_0003842,0,2.0,1.9100789359072223e-05,6.727433234724837e-05,test,1.9100789359072223e-05,val,6.934187695151195e-05,train,6.644268432864919e-05,train,4.550809899228625e-05,train,8.987221372080967e-05
$KAGGLE_ROOT/train/benign/170.jpg,train,0,9387,HAM_0000698,0,2.0,0.0002789445861708373,0.0004325913905631751,train,0.000418601295677945,val,0.0002554756065364927,train,0.000434430199675262,test,0.0002789445861708373,train,0.00044474267633631825
$KAGGLE_ROOT/train/benign/1700.jpg,train,0,8105,HAM_0004014,0,0.0,0.001250332104973495,0.0002624304070195649,val,8.87997739482671e-05,train,4.944197280565277e-05,val,0.0009533800184726715,train,0.000475418841233477,test,0.001250332104973495
$KAGGLE_ROOT/train/benign/1702.jpg,train,0,6331,HAM_0007457,0,4.0,8.020004315767437e-05,3.187558195349993e-05,val,1.5046414773678407e-05,val,3.846072650048882e-05,test,8.020004315767437e-05,train,2.3357393729384057e-05,train,4.0393770177615806e-05
$KAGGLE_ROOT/train/benign/1703.jpg,train,0,8099,HAM_0004485,0,2.0,0.11560699343681335,0.0003668829640446347,train,0.0002857717627193779,train,4.049802737426944e-05,train,0.0005481081898324192,test,0.11560699343681335,train,0.0005931538762524724
$KAGGLE_ROOT/train/benign/1705.jpg,train,0,4547,HAM_0003074,0,2.0,8.582541340729222e-05,9.183010979540995e-05,train,1.643768155190628e-05,train,6.888382631586865e-05,train,0.000122105295304209,test,8.582541340729222e-05,train,0.0001598936360096559
$KAGGLE_ROOT/train/benign/1706.jpg,train,0,5903,HAM_0003572,0,2.0,4.06367180403322e-05,5.2235861100295246e-05,train,2.7683296139002778e-05,test,4.06367180403322e-05,train,6.380552804330364e-05,val,4.1272254748037085e-05,train,6.521875911857933e-05
$KAGGLE_ROOT/train/benign/1707.jpg,train,0,5503,HAM_0001577,0,4.0,3.41648883477319e-05,2.9429858159346622e-05,train,1.3288926311361138e-05,test,3.41648883477319e-05,train,3.1685336580267176e-05,train,2.2164695110404864e-05,train,5.058047463535331e-05
$KAGGLE_ROOT/train/benign/1708.jpg,train,0,6606,HAM_0005707,0,2.0,3.970937541453168e-05,4.379150641398155e-05,train,2.4345774363609962e-05,train,2.1123942133272067e-05,train,5.218748265178874e-05,test,3.970937541453168e-05,train,7.750882650725543e-05
$KAGGLE_ROOT/train/benign/1709.jpg,train,0,3373,HAM_0006332,0,4.0,2.0407236661412753e-05,7.944214712551911e-05,train,2.4195282094297e-05,train,1.952737511601299e-05,train,0.00010745956387836486,test,2.0407236661412753e-05,train,0.0001665863674134016
$KAGGLE_ROOT/train/benign/171.jpg,train,0,7244,HAM_0007196,0,4.0,0.0004849886754527688,0.0024051240895156902,train,0.004503424279391766,val,4.0382139559369534e-05,test,0.0004849886754527688,train,5.313007204676978e-05,train,0.0026588179171085358
$KAGGLE_ROOT/train/benign/1712.jpg,train,0,2978,HAM_0006510,0,0.0,0.0001137769577326253,0.00018447904464361878,val,1.8257551346323453e-05,test,0.0001137769577326253,train,7.315570837818086e-05,train,3.1469393434235826e-05,train,0.0004488120321184397
$KAGGLE_ROOT/train/benign/1713.jpg,train,0,3093,HAM_0006992,0,0.0,6.914359255461022e-05,3.687899879878387e-05,val,3.666093107312918e-05,val,7.577848737128079e-05,train,3.687899879878387e-05,val,7.655915396753699e-05,test,6.914359255461022e-05
$KAGGLE_ROOT/train/benign/1715.jpg,train,0,8969,HAM_0006664,0,0.0,0.00026578392134979367,0.0005188375143916346,train,0.00012408377369865775,train,6.592264253413305e-05,test,0.00026578392134979367,train,0.00012174301809864119,train,0.0017636006232351065
$KAGGLE_ROOT/train/benign/1716.jpg,train,0,6091,HAM_0004454,0,2.0,8.646550850244239e-05,0.0002528336990508251,train,2.9990857001394033e-05,train,0.0001403819624101743,train,0.00020549555483739823,test,8.646550850244239e-05,train,0.0006354664219543338
$KAGGLE_ROOT/train/benign/1717.jpg,train,0,8270,HAM_0001512,0,2.0,0.00409629987552762,0.00023296722671754347,val,0.00015694029571022838,train,3.3321204682579264e-05,train,0.0003394784580450505,train,0.00032610201742500067,test,0.00409629987552762
$KAGGLE_ROOT/train/benign/1718.jpg,train,0,9254,HAM_0002364,0,2.0,0.00010259106784360483,0.00024533930627512746,train,0.00011116619862150401,train,0.00029493970214389265,train,0.00021335002384148538,test,0.00010259106784360483,train,0.0003619013004936278
$KAGGLE_ROOT/train/benign/172.jpg,train,0,4583,HAM_0001668,0,0.0,6.430831854231656e-05,0.00012096281079720939,train,4.2528146877884865e-05,train,5.8529945818008855e-05,test,6.430831854231656e-05,train,7.54851644160226e-05,train,0.0003073079860769212
$KAGGLE_ROOT/train/benign/1720.jpg,train,0,4161,HAM_0002999,0,2.0,0.0005023994017392397,6.786435672741693e-05,train,3.810852285823785e-05,val,3.748285962501541e-05,train,6.261871021706611e-05,test,0.0005023994017392397,train,0.00010286583710694686
$KAGGLE_ROOT/train/benign/1722.jpg,train,0,6995,HAM_0002484,0,4.0,0.00015584945504087955,0.0005067055299150525,train,0.00013988288992550224,test,0.00015584945504087955,train,0.00029269926017150283,train,0.00010602479596855119,train,0.0014882151735946536
$KAGGLE_ROOT/train/benign/1723.jpg,train,0,3653,HAM_0001993,0,2.0,1.7333561117993668e-05,4.7837445890763775e-05,train,4.8595476982882246e-05,test,1.7333561117993668e-05,train,8.029508171603084e-05,train,3.574367656256072e-05,train,2.6715548301581293e-05
$KAGGLE_ROOT/train/benign/1724.jpg,train,0,6017,HAM_0006714,0,2.0,3.171372372889891e-05,5.8045062360179145e-05,train,2.173204302380327e-05,test,3.171372372889891e-05,train,2.7431846319814213e-05,train,2.6231609808746725e-05,train,0.00015678475028835237
$KAGGLE_ROOT/train/benign/1725.jpg,train,0,4816,HAM_0002444,0,4.0,0.00011538613034645095,3.007141049238271e-05,train,1.9085040548816323e-05,train,2.1303689209162258e-05,train,4.000398257630877e-05,train,3.989292963524349e-05,test,0.00011538613034645095
$KAGGLE_ROOT/train/benign/1726.jpg,train,0,5209,HAM_0001485,0,4.0,0.00012720546510536224,3.8440915280565e-05,train,2.464099452481605e-05,val,2.6886482373811305e-05,train,5.332992077455856e-05,train,3.7351830542320386e-05,test,0.00012720546510536224
$KAGGLE_ROOT/train/benign/1727.jpg,train,0,6842,HAM_0003933,0,2.0,2.209979538747575e-05,5.06016549479682e-05,train,9.376887464895844e-05,val,6.062705870135687e-05,test,2.209979538747575e-05,train,1.8585640646051615e-05,train,3.945044954889454e-05
$KAGGLE_ROOT/train/benign/1728.jpg,train,0,8878,HAM_0003958,0,2.0,5.077630339656025e-05,0.00013806911980888495,test,5.077630339656025e-05,train,0.00011162466398673132,val,7.141179230529815e-05,train,9.10645248950459e-05,train,0.00021151817054487765
$KAGGLE_ROOT/train/benign/1729.jpg,train,0,4648,HAM_0005965,0,2.0,2.8315238523646258e-05,0.00018113232120716324,test,2.8315238523646258e-05,train,0.0001661230344325304,val,0.0001464796077925712,train,0.00017321266932412982,train,0.00020406125986482948
$KAGGLE_ROOT/train/benign/173.jpg,train,0,4063,HAM_0006808,0,2.0,0.00021560337336268276,7.606456438224996e-05,train,4.715372415375896e-05,train,6.246346310945228e-05,train,5.971342761768028e-05,train,0.0001349276426481083,test,0.00021560337336268276
$KAGGLE_ROOT/train/benign/1730.jpg,train,0,8260,HAM_0002300,0,0.0,3.928365185856819e-05,6.677505795475251e-05,test,3.928365185856819e-05,train,3.170773561578244e-05,train,0.0001456800673622638,train,2.2937370886211284e-05,val,0.0008942483691498637
$KAGGLE_ROOT/train/benign/1732.jpg,train,0,5530,HAM_0000804,0,2.0,6.83950784150511e-05,9.572328099238803e-05,train,6.445155304390937e-05,train,2.3071212126524188e-05,train,6.37431294308044e-05,test,6.83950784150511e-05,train,0.00023162722936831415
$KAGGLE_ROOT/train/benign/1733.jpg,train,0,4368,HAM_0000276,0,2.0,2.828903052431997e-05,7.717486187175382e-05,train,3.128799289697781e-05,train,2.786483491945546e-05,val,4.6885361371096224e-05,test,2.828903052431997e-05,train,0.00017237175779882818
$KAGGLE_ROOT/train/benign/1734.jpg,train,0,8290,HAM_0003828,0,2.0,8.062285633059219e-05,7.921964152046712e-05,train,2.8493095669546165e-05,train,1.615702967683319e-05,train,0.00017002764798235148,test,8.062285633059219e-05,train,0.00010220079275313765
$KAGGLE_ROOT/train/benign/1735.jpg,train,0,4638,HAM_0006761,0,2.0,7.810879469616339e-05,6.548923420268693e-05,test,7.810879469616339e-05,train,2.753319677140098e-05,train,9.475474507780746e-05,train,3.288738298579119e-05,train,0.00010678161197574809
$KAGGLE_ROOT/train/benign/1736.jpg,train,0,8449,HAM_0002128,0,0.0,4.17296432715375e-05,0.00013091824439470656,train,4.327931674197316e-05,test,4.17296432715375e-05,train,4.5360997319221497e-05,train,5.45309012522921e-05,train,0.0003805017622653395
$KAGGLE_ROOT/train/benign/1738.jpg,train,0,6669,HAM_0004995,0,4.0,2.037454760284163e-05,4.091683634518025e-05,test,2.037454760284163e-05,val,1.5734216503915377e-05,train,2.1125029888935387e-05,train,2.732737993937917e-05,train,7.429809920722619e-05
$KAGGLE_ROOT/train/benign/1739.jpg,train,0,3100,HAM_0002151,0,0.0,0.0001145447458839044,6.866443921656658e-05,train,3.93949230783619e-05,val,6.386792665580288e-05,train,4.727240593638271e-05,train,0.00011932598863495514,test,0.0001145447458839044
$KAGGLE_ROOT/train/benign/174.jpg,train,0,4522,HAM_0006915,0,0.0,8.456053183181211e-05,7.110364185791695e-05,train,3.785472654271871e-05,train,7.151361205615103e-05,test,8.456053183181211e-05,train,5.407922071754001e-05,train,0.00012096700811525807
$KAGGLE_ROOT/train/benign/1740.jpg,train,0,4053,HAM_0003529,0,2.0,9.734441846376285e-05,3.953696523240069e-05,train,4.84025695186574e-05,train,6.976949953241274e-05,train,2.9457449272740632e-05,train,1.0518342605791986e-05,test,9.734441846376285e-05
$KAGGLE_ROOT/train/benign/1741.jpg,train,0,6137,HAM_0005824,0,2.0,1.9143004465149716e-05,3.997465910288156e-05,train,2.8969034246983938e-05,train,2.356050390517339e-05,test,1.9143004465149716e-05,train,2.6976555091096088e-05,train,8.039254316827282e-05
$KAGGLE_ROOT/train/benign/1742.jpg,train,0,4515,HAM_0003527,0,2.0,2.685988147277385e-05,3.667276223495719e-05,train,1.4641937013948336e-05,test,2.685988147277385e-05,train,2.1359244783525355e-05,train,3.7128982512513176e-05,train,7.35608846298419e-05
$KAGGLE_ROOT/train/benign/1743.jpg,train,0,6650,HAM_0003584,0,2.0,2.745767960732337e-05,2.7066348290342528e-05,train,2.1371450202423148e-05,test,2.745767960732337e-05,train,3.0906037864042446e-05,train,2.8921556804561988e-05,val,0.00011089695908594877
$KAGGLE_ROOT/train/benign/1744.jpg,train,0,3390,HAM_0002286,0,2.0,2.9840311981388368e-05,8.993687788461102e-05,train,2.06591903406661e-05,train,5.2652525482699275e-05,train,9.006954496726394e-05,test,2.9840311981388368e-05,train,0.00019636625074781477
$KAGGLE_ROOT/train/benign/1746.jpg,train,0,8687,HAM_0000217,0,2.0,0.010571740567684174,0.005656567867845297,train,0.006556663196533918,val,0.0003774442884605378,train,0.010335319675505161,train,7.772073149681091e-05,test,0.010571740567684174
$KAGGLE_ROOT/train/benign/1749.jpg,train,0,6652,HAM_0007459,0,2.0,3.1357652915176004e-05,3.1315134265241795e-05,train,2.4713359380257316e-05,test,3.1357652915176004e-05,train,1.3459374713420402e-05,train,2.697552554309368e-05,train,6.011227742419578e-05
$KAGGLE_ROOT/train/benign/175.jpg,train,0,3721,HAM_0003025,0,0.0,4.7827925300225616e-05,9.13484060826401e-05,train,4.162050754530355e-05,train,6.372531788656488e-05,val,3.2024443498812616e-05,test,4.7827925300225616e-05,train,0.00016869939281605184
$KAGGLE_ROOT/train/benign/1750.jpg,train,0,5821,HAM_0000638,0,2.0,3.267411739216186e-05,3.301041942904703e-05,train,2.7848338504554704e-05,val,0.0001044685413944535,train,3.817250035353936e-05,test,3.267411739216186e-05,val,4.6391065552597865e-05
$KAGGLE_ROOT/train/benign/1751.jpg,train,0,3143,HAM_0003217,0,2.0,2.762127223832067e-05,3.459680283413036e-05,train,1.23415165944607e-05,val,1.5176850865827873e-05,test,2.762127223832067e-05,train,5.418721048044972e-05,train,3.726168142748065e-05
$KAGGLE_ROOT/train/benign/1752.jpg,train,0,5854,HAM_0000052,0,4.0,0.00023437704658135772,8.085469016805291e-05,train,8.78497157827951e-05,train,4.980996891390532e-05,train,0.00010490438580745831,val,4.000020635430701e-05,test,0.00023437704658135772
$KAGGLE_ROOT/train/benign/1753.jpg,train,0,3258,HAM_0006511,0,2.0,1.5437208276125602e-05,3.8443640505647636e-05,test,1.5437208276125602e-05,train,2.3229351427289657e-05,train,3.233913957956247e-05,train,1.24771004266222e-05,train,8.572897058911622e-05
$KAGGLE_ROOT/train/benign/1754.jpg,train,0,6894,HAM_0006397,0,4.0,0.10425413399934769,0.0066683623372227885,train,0.006252205464988947,train,0.000135745300212875,train,0.018002662807703018,train,0.002282835775986314,test,0.10425413399934769
$KAGGLE_ROOT/train/benign/1755.jpg,train,0,9374,HAM_0004777,0,2.0,7.959456706885248e-05,0.0004723154561361298,train,0.0008547718171030283,test,7.959456706885248e-05,train,0.0003400436835363507,train,0.00022213086776901037,val,0.0005736168823204935
$KAGGLE_ROOT/train/benign/1759.jpg,train,0,7262,HAM_0000138,0,2.0,0.003464943030849099,0.0012364148860797286,train,0.0012364148860797286,val,0.0007875136216171086,test,0.003464943030849099,val,0.0008162304875440896,val,0.0020577290561050177
$KAGGLE_ROOT/train/benign/176.jpg,train,0,5393,HAM_0007455,0,4.0,7.77909517637454e-05,5.076562047179323e-05,train,4.708551205112599e-05,train,6.568293611053377e-05,train,4.2463874706299976e-05,train,4.783015901921317e-05,test,7.77909517637454e-05
$KAGGLE_ROOT/train/benign/1760.jpg,train,0,4527,HAM_0001102,0,0.0,0.00023446533305104822,8.560800779378042e-05,val,1.562288343848195e-05,val,4.671335773309693e-05,train,4.0473896660842e-05,train,0.00013074211892671883,test,0.00023446533305104822
$KAGGLE_ROOT/train/benign/1761.jpg,train,0,8110,HAM_0007079,0,2.0,0.0011051017791032791,0.00207311500889773,train,0.00016773908282630146,train,3.4687436709646136e-05,test,0.0011051017791032791,train,0.00013401763862930238,train,0.00795601587742567
$KAGGLE_ROOT/train/benign/1762.jpg,train,0,8838,HAM_0006420,0,2.0,0.0048012081533670425,0.00014168361713018385,train,3.664331597974524e-05,train,2.708665306272451e-05,test,0.0048012081533670425,train,0.00011977078975178301,train,0.00038323370972648263
$KAGGLE_ROOT/train/benign/1763.jpg,train,0,4301,HAM_0001644,0,0.0,5.758577390224673e-05,6.551066053361865e-05,train,4.59066650364548e-05,train,9.638940537115559e-05,test,5.758577390224673e-05,train,2.2727424948243424e-05,train,9.701914677862078e-05
$KAGGLE_ROOT/train/benign/1765.jpg,train,0,6135,HAM_0001646,0,0.0,4.4631462515098974e-05,9.718658657220658e-05,val,9.951856191037223e-05,train,4.910646748612635e-05,test,4.4631462515098974e-05,val,8.187621278921142e-05,train,0.0001452667056582868
$KAGGLE_ROOT/train/benign/1766.jpg,train,0,5632,HAM_0006045,0,2.0,3.229463618481532e-05,3.450652972484628e-05,train,2.0046514691784978e-05,train,2.963934457511641e-05,test,3.229463618481532e-05,val,2.6670260922401212e-05,train,5.383372990763746e-05
$KAGGLE_ROOT/train/benign/1767.jpg,train,0,3123,HAM_0000647,0,6.0,7.285274477908388e-05,2.9671264201169834e-05,train,1.9807490389212035e-05,train,5.0712715164991096e-05,train,3.127039599348791e-05,train,1.6894455256988294e-05,test,7.285274477908388e-05
$KAGGLE_ROOT/train/benign/1769.jpg,train,0,3383,HAM_0000170,0,2.0,6.0915663198102266e-05,1.9739555379298206e-05,train,2.2431779143516906e-05,train,1.565524871693924e-05,train,2.113163827743847e-05,val,4.6036471758270636e-05,test,6.0915663198102266e-05
$KAGGLE_ROOT/train/benign/177.jpg,train,0,5438,HAM_0000738,0,4.0,6.865535397082567e-05,5.624935874948278e-05,train,4.5003678678767756e-05,test,6.865535397082567e-05,train,8.143735612975433e-05,train,4.230704143992625e-05,val,0.00020296761067584157
$KAGGLE_ROOT/train/benign/1770.jpg,train,0,9313,HAM_0004475,0,2.0,0.003644546028226614,0.0005177416132937651,train,0.001193006057292223,train,0.00014748646935913712,test,0.003644546028226614,train,0.00034299021353945136,train,0.000387483712984249
$KAGGLE_ROOT/train/benign/1771.jpg,train,0,4639,HAM_0002453,0,6.0,1.5943505786708556e-05,9.78257821770967e-05,test,1.5943505786708556e-05,train,4.3765412556240335e-05,train,0.0001162567496066913,train,9.927713836077601e-05,train,0.00013200382818467915
$KAGGLE_ROOT/train/benign/1772.jpg,train,0,4970,HAM_0007121,0,2.0,4.6534270950360224e-05,1.700479401733901e-05,train,1.3064065569778904e-05,train,1.3338406461116392e-05,train,2.3062655600369908e-05,train,1.855404843809083e-05,test,4.6534270950360224e-05
$KAGGLE_ROOT/train/benign/1774.jpg,train,0,4649,HAM_0004061,0,2.0,1.7386406398145482e-05,9.785909242054913e-05,test,1.7386406398145482e-05,train,5.0572278269100934e-05,train,4.343796899775043e-05,train,4.744203033624217e-05,train,0.000249984092079103
$KAGGLE_ROOT/train/benign/1775.jpg,train,0,8499,HAM_0004030,0,2.0,1.861744749476202e-05,9.53902563196607e-05,train,9.171727288048714e-05,test,1.861744749476202e-05,train,6.524215132230893e-05,train,0.00010800835298141465,train,0.00011659324809443206
$KAGGLE_ROOT/train/benign/1776.jpg,train,0,6123,HAM_0001179,0,4.0,0.00013097646296955645,2.0035277657370898e-05,train,1.4302640011010226e-05,train,2.0907433281536214e-05,train,2.5412375180167146e-05,train,1.9518662156770006e-05,test,0.00013097646296955645
$KAGGLE_ROOT/train/benign/1777.jpg,train,0,5283,HAM_0006317,0,2.0,0.0002941581478808075,7.647270786037552e-05,train,2.9048596843495034e-05,train,9.322822006652132e-05,train,5.495431832969189e-05,train,0.00012865969620179385,test,0.0002941581478808075
$KAGGLE_ROOT/train/benign/1778.jpg,train,0,5156,HAM_0002593,0,2.0,7.694875966990367e-05,6.690049895041739e-05,train,3.931220999220386e-05,train,9.384294389747083e-05,train,1.937594970513601e-05,test,7.694875966990367e-05,train,0.00011507089220685884
$KAGGLE_ROOT/train/benign/1779.jpg,train,0,6081,HAM_0000575,0,2.0,2.01364528038539e-05,3.196864622623252e-05,test,2.01364528038539e-05,train,1.4843632925476413e-05,train,2.6744861315819435e-05,train,4.309702853788622e-05,train,4.3189062125748023e-05
$KAGGLE_ROOT/train/benign/178.jpg,train,0,6718,HAM_0006347,0,2.0,0.00015272012387868017,0.0005372384548536502,train,6.573043356183916e-05,train,6.22021034359932e-05,test,0.00015272012387868017,train,0.0002213832485722378,train,0.0017996380338445306
$KAGGLE_ROOT/train/benign/1780.jpg,train,0,8303,HAM_0001895,0,0.0,2.3321201297221705e-05,0.0012299718606906633,train,6.656629557255656e-05,test,2.3321201297221705e-05,train,0.00012567608791869134,train,0.003497673198580742,val,0.0017519054235890508
$KAGGLE_ROOT/train/benign/1781.jpg,train,0,5947,HAM_0001557,0,4.0,4.59753573522903e-05,6.275035457292688e-05,train,2.1459576601046138e-05,train,4.6455123083433136e-05,train,4.193685163045302e-05,test,4.59753573522903e-05,train,0.00014114986697677523
$KAGGLE_ROOT/train/benign/1782.jpg,train,0,3946,HAM_0007297,0,2.0,2.450227111694403e-05,0.00016526451751512164,test,2.450227111694403e-05,train,6.907570787006989e-05,train,5.444303678814322e-05,val,9.434630919713527e-05,train,0.00037227480788715184
$KAGGLE_ROOT/train/benign/1783.jpg,train,0,4899,HAM_0001089,0,4.0,1.4993030163168442e-05,3.386820875069437e-05,train,2.1189756807871163e-05,test,1.4993030163168442e-05,val,2.448258237564005e-05,train,2.253267666674219e-05,train,5.7882192777469754e-05
$KAGGLE_ROOT/train/benign/1784.jpg,train,0,5694,HAM_0003211,0,2.0,3.2449363061459735e-05,2.700287101712699e-05,train,2.415009839751292e-05,val,6.658800703007728e-05,train,2.245262476208154e-05,train,3.44058898917865e-05,test,3.2449363061459735e-05
$KAGGLE_ROOT/train/benign/1785.jpg,train,0,3260,HAM_0002632,0,4.0,2.5088073016377166e-05,2.4777132239250932e-05,train,2.565793511166703e-05,val,1.8499560610507615e-05,val,1.6904108633752912e-05,train,2.3896329366834834e-05,test,2.5088073016377166e-05
$KAGGLE_ROOT/train/benign/1786.jpg,train,0,4505,HAM_0006119,0,0.0,3.8619094993919134e-05,5.881610331925913e-05,train,3.6140245356364176e-05,train,6.151207344373688e-05,train,2.5614370315452106e-05,test,3.8619094993919134e-05,train,0.00011199772416148335
$KAGGLE_ROOT/train/benign/1787.jpg,train,0,6954,HAM_0000324,0,0.0,0.0007689979393035173,0.0029888082171964925,train,0.00013408985978458077,test,0.0007689979393035173,train,0.0009239624487236142,train,0.00041083109681494534,train,0.01048634946346283
$KAGGLE_ROOT/train/benign/1788.jpg,train,0,5909,HAM_0001374,0,4.0,0.00014657125575467944,0.0011203399141474317,train,0.0002090970956487581,val,0.00027507368940860033,train,9.892361413221806e-05,train,0.0030529990326613188,test,0.00014657125575467944
$KAGGLE_ROOT/train/benign/1789.jpg,train,0,4960,HAM_0001988,0,4.0,5.291532943374477e-05,3.665854046630557e-05,train,3.1059826142154634e-05,test,5.291532943374477e-05,train,2.043379754468333e-05,train,3.362541610840708e-05,train,6.151512206997722e-05
$KAGGLE_ROOT/train/benign/179.jpg,train,0,6105,HAM_0007399,0,0.0,1.742636231938377e-05,3.378489714123134e-05,train,1.3312367627804633e-05,train,1.6930678611970507e-05,test,1.742636231938377e-05,train,4.240042471792549e-05,train,6.249611760722473e-05
$KAGGLE_ROOT/train/benign/1790.jpg,train,0,4823,HAM_0002337,0,2.0,6.469743675552309e-05,6.337390004773624e-05,val,2.0388601114973426e-05,train,4.073025775142014e-05,val,3.167101749568246e-05,train,8.601754234405234e-05,test,6.469743675552309e-05
$KAGGLE_ROOT/train/benign/1791.jpg,train,0,3534,HAM_0000232,0,4.0,2.7455900635686703e-05,4.619616811396554e-05,train,2.5198394723702222e-05,test,2.7455900635686703e-05,train,4.9702637625159696e-05,train,4.44313591287937e-05,train,6.545228097820655e-05
$KAGGLE_ROOT/train/benign/1792.jpg,train,0,5931,HAM_0002570,0,2.0,4.435485971043818e-05,3.171369947570687e-05,train,1.450986928830389e-05,val,4.113602699362673e-05,train,1.798504490579944e-05,train,6.264618423301727e-05,test,4.435485971043818e-05
$KAGGLE_ROOT/train/benign/1793.jpg,train,0,7166,HAM_0002793,0,0.0,0.013164911419153214,0.02347636742827793,train,0.00029599943081848323,train,0.00048814507317729294,val,0.09407643973827362,train,0.06964495778083801,test,0.013164911419153214
$KAGGLE_ROOT/train/benign/1794.jpg,train,0,6096,HAM_0000736,0,0.0,3.938241206924431e-05,0.0001070646333876842,train,4.4578035158338025e-05,val,8.066069131018594e-05,test,3.938241206924431e-05,train,6.522268085973337e-05,train,0.0002113931841449812
$KAGGLE_ROOT/train/benign/1795.jpg,train,0,6542,HAM_0003906,0,2.0,7.450157136190683e-05,7.141583409975283e-05,val,2.1621510313707404e-05,train,6.784041033824906e-05,test,7.450157136190683e-05,train,7.49912578612566e-05,val,4.148569860262796e-05
$KAGGLE_ROOT/train/benign/1796.jpg,train,0,4534,HAM_0005073,0,0.0,5.933888678555377e-05,5.304841715769726e-05,train,1.8331054889131337e-05,test,5.933888678555377e-05,train,3.6163444747217e-05,train,3.0216358936741017e-05,train,0.00012748281005769968
$KAGGLE_ROOT/train/benign/1799.jpg,train,0,5183,HAM_0001451,0,0.0,2.0371944629005156e-05,7.326964805542957e-05,train,3.202933294232935e-05,train,7.304996688617393e-05,train,3.574619768187404e-05,test,2.0371944629005156e-05,train,0.00015225309471134096
$KAGGLE_ROOT/train/benign/180.jpg,train,0,5700,HAM_0002968,0,2.0,8.097064710455015e-05,3.0348060590768e-05,train,2.34457020269474e-05,test,8.097064710455015e-05,train,1.2446105756680481e-05,train,1.3515544196707197e-05,train,7.198489038273692e-05
$KAGGLE_ROOT/train/benign/181.jpg,train,0,5649,HAM_0003963,0,2.0,2.98482791549759e-05,2.6733715230875532e-05,train,1.4833430213911925e-05,test,2.98482791549759e-05,train,4.250353595125489e-05,train,1.976250860025175e-05,train,2.9835386158083566e-05
$KAGGLE_ROOT/train/benign/182.jpg,train,0,5177,HAM_0006410,0,2.0,1.830935616453644e-05,5.757702729169978e-05,test,1.830935616453644e-05,train,2.0827355911023915e-05,train,4.500813884078525e-05,train,0.0001017343602143228,train,6.273825420066714e-05
$KAGGLE_ROOT/train/benign/183.jpg,train,0,5323,HAM_0004146,0,2.0,2.3048387447488494e-05,8.2947118547357e-05,train,3.2763138733571395e-05,train,5.957770918030292e-05,test,2.3048387447488494e-05,val,4.035453821416013e-05,train,0.00015650050772819668
$KAGGLE_ROOT/train/benign/184.jpg,train,0,4003,HAM_0000780,0,0.0,0.00012735609197989106,4.951187293045223e-05,val,3.1881565519142896e-05,train,3.693573671625927e-05,train,5.623379547614604e-05,test,0.00012735609197989106,train,5.536608659895137e-05
$KAGGLE_ROOT/train/benign/187.jpg,train,0,7000,HAM_0007425,0,2.0,0.0008585278992541134,0.0008342529472429305,train,0.0017484563868492842,train,0.00018370538600720465,val,0.405513197183609,train,0.0005705970688723028,test,0.0008585278992541134
$KAGGLE_ROOT/train/benign/188.jpg,train,0,5060,HAM_0006999,0,4.0,2.9576012821053155e-05,0.0001748773647705093,val,2.2298943804344162e-05,val,1.7166226825793274e-05,test,2.9576012821053155e-05,train,6.3402607338503e-05,train,0.0002863521222025156
$KAGGLE_ROOT/train/benign/189.jpg,train,0,4702,HAM_0000137,0,4.0,1.536994386697188e-05,5.803799649584107e-05,test,1.536994386697188e-05,train,3.922742325812578e-05,train,5.002245961804874e-05,train,3.6030742194270715e-05,train,0.00010687136091291904
$KAGGLE_ROOT/train/benign/19.jpg,train,0,3104,HAM_0004737,0,2.0,2.696176670724526e-05,4.070046679771622e-05,train,2.9424209060380235e-05,test,2.696176670724526e-05,train,3.0013690775376745e-05,train,3.437771738390438e-05,train,6.89862499712035e-05
$KAGGLE_ROOT/train/benign/190.jpg,train,0,8808,HAM_0005017,0,4.0,0.0007113330066204071,0.0005103815565234981,train,8.895783685147762e-05,train,0.0009607331012375653,test,0.0007113330066204071,train,0.0007123987888917327,train,0.000279436499113217
$KAGGLE_ROOT/train/benign/191.jpg,train,0,6872,HAM_0006914,0,2.0,0.011384377256035805,0.022586199260937672,train,0.06009994447231293,train,0.0016256285598501563,val,0.2813490927219391,test,0.011384377256035805,train,0.006033024750649929
$KAGGLE_ROOT/train/benign/192.jpg,train,0,6242,HAM_0005380,0,2.0,2.123766353179235e-05,5.3620728673801445e-05,train,2.6278481527697295e-05,val,2.51086094067432e-05,test,2.123766353179235e-05,train,5.9315974795026705e-05,train,7.526772969868034e-05
$KAGGLE_ROOT/train/benign/193.jpg,train,0,5895,HAM_0002214,0,2.0,2.552120349719189e-05,6.618396673729876e-05,test,2.552120349719189e-05,train,2.92041186185088e-05,train,4.653733049053699e-05,train,0.00010706587636377662,train,8.192854147637263e-05
$KAGGLE_ROOT/train/benign/194.jpg,train,0,8711,HAM_0001454,0,0.0,0.026490140706300735,0.007018575522427757,val,0.0003310140746179968,test,0.026490140706300735,train,0.00125205353833735,train,0.01416320912539959,train,0.005640463903546333
$KAGGLE_ROOT/train/benign/195.jpg,train,0,3526,HAM_0002531,0,0.0,9.597712960385252e-06,4.335786919303549e-05,val,2.0273490008548833e-05,test,9.597712960385252e-06,train,1.845526094257366e-05,train,1.9546174371498637e-05,train,9.207217226503417e-05
$KAGGLE_ROOT/train/benign/196.jpg,train,0,9086,HAM_0002154,0,4.0,0.00020144277368672192,0.0004397536880181481,val,6.248795398278162e-05,train,0.0002904320717789233,train,0.0005645880592055619,test,0.00020144277368672192,train,0.0004642409330699593
$KAGGLE_ROOT/train/benign/197.jpg,train,0,8762,HAM_0005884,0,0.0,0.0014814077876508236,0.012622714682947844,train,0.0009379421826452017,train,0.0021210284903645515,train,0.0399898998439312,train,0.007441988214850426,test,0.0014814077876508236
$KAGGLE_ROOT/train/benign/198.jpg,train,0,8598,HAM_0005395,0,4.0,0.00023798468464519829,0.001608498307177797,test,0.00023798468464519829,train,0.00016993591270875186,train,0.004487349186092615,train,0.0001682098227320239,val,0.002095832023769617
$KAGGLE_ROOT/train/benign/199.jpg,train,0,3616,HAM_0004256,0,2.0,5.9656220400938764e-05,6.12455345011161e-05,test,5.9656220400938764e-05,train,3.334794018883258e-05,train,4.9527810915606096e-05,val,5.938893082202412e-05,train,0.00010086085239890963
$KAGGLE_ROOT/train/benign/20.jpg,train,0,6533,HAM_0005741,0,0.0,2.4920844225562178e-05,3.167388581459818e-05,train,1.47253822433413e-05,test,2.4920844225562178e-05,train,1.977778083528392e-05,train,2.9723554689553566e-05,train,6.246882549021393e-05
$KAGGLE_ROOT/train/benign/200.jpg,train,0,4390,HAM_0000315,0,2.0,0.00029245964833535254,3.585257945815101e-05,val,7.573658513138071e-05,train,3.585257945815101e-05,val,9.536606376059353e-05,test,0.00029245964833535254,val,0.00040329599869437516
$KAGGLE_ROOT/train/benign/201.jpg,train,0,9089,HAM_0004656,0,2.0,0.00022136529150884598,9.713564819927949e-05,train,3.272288813604973e-05,val,2.3033511752146296e-05,train,0.0001264182646991685,train,0.0001322657917626202,test,0.00022136529150884598
$KAGGLE_ROOT/train/benign/202.jpg,train,0,4589,HAM_0001942,0,2.0,4.264527160557918e-05,6.626163849432487e-05,train,2.2182819520821795e-05,train,4.0092778363032266e-05,train,0.00011747823737096041,test,4.264527160557918e-05,train,8.5292718722485e-05
$KAGGLE_ROOT/train/benign/203.jpg,train,0,4115,HAM_0000641,0,2.0,5.005338243790902e-05,2.5121257749560755e-05,train,1.913384403451346e-05,train,1.610764411452692e-05,test,5.005338243790902e-05,train,3.542567719705403e-05,train,2.9817865652148612e-05
$KAGGLE_ROOT/train/benign/204.jpg,train,0,3034,HAM_0002180,0,0.0,3.1870436941972e-05,7.559543882962316e-05,train,1.591766340425238e-05,test,3.1870436941972e-05,train,4.6407127229031175e-05,val,2.1930807633907534e-05,train,0.00016446152585558593
$KAGGLE_ROOT/train/benign/206.jpg,train,0,3641,HAM_0001502,0,0.0,6.378824764396995e-05,0.00010218356510449667,test,6.378824764396995e-05,val,4.77330140711274e-05,train,0.0001834328577388078,train,3.037181704712566e-05,train,9.274602052755654e-05
$KAGGLE_ROOT/train/benign/207.jpg,train,0,5036,HAM_0005181,0,6.0,3.4777200198732316e-05,7.902881770860404e-05,test,3.4777200198732316e-05,train,7.701174763496965e-05,train,8.104588778223842e-05,val,7.381406612694263e-05,val,0.00012826087186113
$KAGGLE_ROOT/train/benign/208.jpg,train,0,5362,HAM_0001756,0,2.0,4.074160096934065e-05,2.477993136077809e-05,train,2.2470510884886608e-05,train,2.4320039301528595e-05,train,2.7549243895919062e-05,val,5.6978504289872944e-05,test,4.074160096934065e-05
$KAGGLE_ROOT/train/benign/209.jpg,train,0,3626,HAM_0003060,0,2.0,4.045151581522077e-05,4.7671202082710806e-05,train,3.251599264331162e-05,train,1.9939532649004832e-05,train,4.766468919115141e-05,test,4.045151581522077e-05,train,9.056459384737536e-05
$KAGGLE_ROOT/train/benign/21.jpg,train,0,6582,HAM_0004772,0,4.0,2.8225462301634252e-05,2.5986580112657975e-05,val,1.4818965610174928e-05,train,2.3026022972771898e-05,val,4.059283673996106e-05,train,2.8947137252544053e-05,test,2.8225462301634252e-05
$KAGGLE_ROOT/train/benign/210.jpg,train,0,8513,HAM_0000129,0,0.0,0.0023617043625563383,9.552844858262688e-05,val,0.00016810078523121774,val,9.493707329966128e-05,test,0.0023617043625563383,train,9.552844858262688e-05,val,0.0005225081113167107
$KAGGLE_ROOT/train/benign/212.jpg,train,0,8662,HAM_0007133,0,2.0,0.00012942419562023133,0.0003315867188575794,train,8.113397052511573e-05,train,6.62103047943674e-05,test,0.00012942419562023133,train,5.572070585913025e-05,train,0.0011232818942517042
$KAGGLE_ROOT/train/benign/213.jpg,train,0,4308,HAM_0007495,0,0.0,3.064085831283592e-05,2.6825420491149998e-05,train,1.5148724742175546e-05,test,3.064085831283592e-05,train,9.057141141965985e-06,train,4.956409611622803e-05,train,3.353171996423043e-05
$KAGGLE_ROOT/train/benign/214.jpg,train,0,9637,HAM_0003642,0,6.0,0.00010788031067932025,0.0001253181544598192,test,0.00010788031067932025,train,9.803506691241637e-05,train,0.00024278963974211365,train,3.5129756724927574e-05,val,0.0004849762190133333
$KAGGLE_ROOT/train/benign/217.jpg,train,0,8502,HAM_0000508,0,2.0,0.008679394610226154,0.00018328206715523265,val,0.00010154894698644057,val,6.238393689272925e-05,test,0.008679394610226154,train,0.00028727282187901437,train,7.929131243145093e-05
$KAGGLE_ROOT/train/benign/218.jpg,train,0,4577,HAM_0004139,0,0.0,9.88718238659203e-06,2.295896933901531e-05,train,1.462997624912532e-05,train,1.2535243513411842e-05,train,1.9053979485761374e-05,test,9.88718238659203e-06,train,4.561667810776271e-05
$KAGGLE_ROOT/train/benign/219.jpg,train,0,6889,HAM_0004699,0,0.0,0.01965906471014023,0.0003981678091804497,train,0.00019789474026765674,train,0.0008518885588273406,train,0.00036987054045312107,test,0.01965906471014023,train,0.00017301739717368037
$KAGGLE_ROOT/train/benign/22.jpg,train,0,8458,HAM_0002668,0,0.0,0.0002853720507118851,0.0012308337827562355,train,0.00018600287148728967,train,0.00022450389224104583,train,0.003980195615440607,train,0.0005326327518559992,test,0.0002853720507118851
$KAGGLE_ROOT/train/benign/220.jpg,train,0,8987,HAM_0007014,0,2.0,0.00023808635887689888,0.0004472294785955455,test,0.00023808635887689888,train,0.0006438064738176763,train,0.00043096422450616956,train,0.0001940051297424361,train,0.0005201420863159001
$KAGGLE_ROOT/train/benign/221.jpg,train,0,5642,HAM_0001070,0,2.0,1.9387576685403474e-05,7.715168112554238e-05,train,2.4123006369336508e-05,test,1.9387576685403474e-05,train,9.373810826218687e-06,train,2.6282692488166504e-05,train,0.00024882721481844783
$KAGGLE_ROOT/train/benign/222.jpg,train,0,4555,HAM_0006082,0,0.0,0.00026823466760106385,0.00013555996065406362,train,5.515587326954119e-05,train,8.918734238250181e-05,test,0.00026823466760106385,train,0.00018300849478691816,train,0.0002148881321772933
$KAGGLE_ROOT/train/benign/223.jpg,train,0,6696,HAM_0006032,0,0.0,0.0002303639193996787,0.0002218220115537406,train,7.583994010929018e-05,train,2.3049640731187537e-05,train,0.00037151132710278034,test,0.0002303639193996787,train,0.0004168871382717043
$KAGGLE_ROOT/train/benign/225.jpg,train,0,8112,HAM_0005805,0,2.0,1.3977906746731605e-05,0.00011216161025610442,train,6.712136382702738e-05,test,1.3977906746731605e-05,val,5.98085971432738e-05,train,0.00015885403263382614,train,0.00011050943430745974
$KAGGLE_ROOT/train/benign/227.jpg,train,0,8297,HAM_0001525,0,4.0,9.116766159422696e-05,0.0001681414405538817,train,0.0001292945526074618,train,3.3606822398724034e-05,train,0.00012167778913863003,test,9.116766159422696e-05,train,0.0003879865980707109
$KAGGLE_ROOT/train/benign/228.jpg,train,0,5301,HAM_0005897,0,2.0,2.367665911151562e-05,3.725167395411214e-05,train,1.5404957594000734e-05,train,3.342403215356171e-05,test,2.367665911151562e-05,val,1.7665470295469277e-05,train,6.292603211477399e-05
$KAGGLE_ROOT/train/benign/229.jpg,train,0,9179,HAM_0004738,0,2.0,0.8799794912338257,0.13320006964204367,train,0.00032281450694426894,train,0.00840191449970007,test,0.8799794912338257,train,0.0014796075411140919,train,0.5225959420204163
$KAGGLE_ROOT/train/benign/23.jpg,train,0,4285,HAM_0000405,0,4.0,0.00022091409482527524,0.00011117405369986955,train,1.333206000708742e-05,train,5.3576328355120495e-05,train,3.264913902967237e-05,test,0.00022091409482527524,train,0.0003451386874075979
$KAGGLE_ROOT/train/benign/230.jpg,train,0,8358,HAM_0000637,0,2.0,1.586954022059217e-05,0.00017258088701055385,train,7.366590580204502e-05,test,1.586954022059217e-05,train,9.048880019690841e-05,train,9.630974818719551e-05,train,0.00042985909385606647
$KAGGLE_ROOT/train/benign/231.jpg,train,0,6577,HAM_0003687,0,8.0,4.300494401832111e-05,9.132124523603125e-05,test,4.300494401832111e-05,train,2.3663385945837945e-05,train,0.00017583977023605257,train,4.9010002840077505e-05,train,0.00011677182192215696
$KAGGLE_ROOT/train/benign/232.jpg,train,0,6131,HAM_0001685,0,2.0,3.8173810025909916e-05,4.8025488013081485e-05,train,3.0338584110722877e-05,train,3.98393276554998e-05,train,3.380937050678767e-05,test,3.8173810025909916e-05,train,8.811466977931559e-05
$KAGGLE_ROOT/train/benign/233.jpg,train,0,4677,HAM_0000346,0,2.0,2.150815271306783e-05,8.938455175666604e-05,train,4.321296000853181e-05,test,2.150815271306783e-05,train,7.746057963231578e-05,train,4.53789543826133e-05,train,0.00019148571300320327
$KAGGLE_ROOT/train/benign/234.jpg,train,0,8241,HAM_0004895,0,4.0,5.2570641855709255e-05,0.0003154340556648094,train,9.88941901596263e-05,test,5.2570641855709255e-05,train,0.0005628947401419282,train,0.0001556213537696749,train,0.0004443259385880083
$KAGGLE_ROOT/train/benign/235.jpg,train,0,6249,HAM_0002055,0,4.0,3.507525980239734e-05,0.00010402222142147366,train,2.1881254724576138e-05,test,3.507525980239734e-05,train,5.903382407268509e-05,val,3.712869875016622e-05,train,0.00023115158546715975
$KAGGLE_ROOT/train/benign/236.jpg,train,0,5119,HAM_0005554,0,4.0,3.918509901268408e-05,2.8278122044866905e-05,val,8.514229193679057e-06,test,3.918509901268408e-05,train,2.9465092666214332e-05,train,2.7091151423519477e-05,val,0.00011000236554536968
$KAGGLE_ROOT/train/benign/238.jpg,train,0,5293,HAM_0002026,0,6.0,6.316941289696842e-05,0.00014127828626442351,train,2.9513716071960516e-05,test,6.316941289696842e-05,train,3.790468326769769e-05,train,4.625632573151961e-05,train,0.00045143841998651624
$KAGGLE_ROOT/train/benign/239.jpg,train,0,9638,HAM_0003642,0,0.0,8.733910362934694e-05,4.416384156987382e-05,test,8.733910362934694e-05,train,2.9243914468679577e-05,train,7.199525134637952e-05,train,3.125235889456235e-05,val,0.000150040999869816
$KAGGLE_ROOT/train/benign/24.jpg,train,0,8255,HAM_0000342,0,4.0,0.0001882730721263215,4.529530997388065e-05,train,4.5911347115179524e-05,train,3.15505858452525e-05,train,4.086308035766706e-05,train,6.285622657742351e-05,test,0.0001882730721263215
$KAGGLE_ROOT/train/benign/240.jpg,train,0,6682,HAM_0001248,0,2.0,0.001105418079532683,0.00015234122110996395,test,0.001105418079532683,train,0.0001626290613785386,train,0.00017366879910696298,train,8.863133552949876e-05,train,0.00018443568842485547
$KAGGLE_ROOT/train/benign/241.jpg,train,0,5659,HAM_0005602,0,6.0,2.3920840249047615e-05,6.328788670847037e-05,val,2.4032467990764417e-05,test,2.3920840249047615e-05,train,4.697742042480968e-05,train,2.803930146910716e-05,train,0.00011484693823149428
$KAGGLE_ROOT/train/benign/242.jpg,train,0,4351,HAM_0001885,0,2.0,1.35252412292175e-05,4.639935104933102e-05,test,1.35252412292175e-05,train,4.934329626848921e-05,train,2.4525133994757198e-05,train,6.532962288474664e-05,val,6.263519753701985e-05
$KAGGLE_ROOT/train/benign/243.jpg,train,0,9009,HAM_0006821,0,2.0,0.00030326441628858447,0.0027399923910707003,train,0.0003266633430030197,test,0.00030326441628858447,train,0.006314415484666824,train,0.00010231800115434453,train,0.0042165727354586124
$KAGGLE_ROOT/train/benign/244.jpg,train,0,6830,HAM_0000464,0,2.0,0.004114361945539713,0.00394723990757484,val,0.0004708513442892581,val,7.053043373161927e-05,test,0.004114361945539713,train,0.000481918134028092,train,0.007412561681121588
$KAGGLE_ROOT/train/benign/246.jpg,train,0,3975,HAM_0006176,0,2.0,0.00012421600695233792,2.7969819711870514e-05,val,1.3713633961742744e-05,val,1.6855477952049114e-05,train,2.4024309823289514e-05,train,3.1915329600451514e-05,test,0.00012421600695233792
$KAGGLE_ROOT/train/benign/247.jpg,train,0,8696,HAM_0005910,0,2.0,0.3341197967529297,0.0038685673353029415,train,0.003742219414561987,train,0.0002888450981117785,train,0.0019139969954267144,train,0.009529207833111286,test,0.3341197967529297
$KAGGLE_ROOT/train/benign/248.jpg,train,0,3914,HAM_0007254,0,2.0,3.670444857561961e-05,9.238888621136236e-05,train,5.490481635206379e-05,val,8.176191477105021e-05,train,0.00010877289605559781,test,3.670444857561961e-05,train,0.00011348894622642547
$KAGGLE_ROOT/train/benign/249.jpg,train,0,4270,HAM_0007509,0,4.0,5.415725172497332e-05,4.189955143374391e-05,train,3.443750028964132e-05,train,6.49016656097956e-05,train,2.9530776373576373e-05,train,3.872826346196234e-05,test,5.415725172497332e-05
$KAGGLE_ROOT/train/benign/25.jpg,train,0,3632,HAM_0001833,0,2.0,2.3797585527063347e-05,2.6624713427736424e-05,train,2.5090632334467955e-05,train,1.3356990166357718e-05,test,2.3797585527063347e-05,train,3.2265328627545387e-05,train,3.5785902582574636e-05
$KAGGLE_ROOT/train/benign/252.jpg,train,0,7032,HAM_0004761,0,2.0,0.0010925078531727195,0.0004324486944824457,train,4.944734973832965e-05,train,9.612000576453283e-05,test,0.0010925078531727195,train,4.539323708740994e-05,train,0.0015388341853395104
$KAGGLE_ROOT/train/benign/254.jpg,train,0,5819,HAM_0006035,0,2.0,4.140206874581054e-05,8.902991794457193e-05,train,2.285879963892512e-05,train,3.332069536554627e-05,test,4.140206874581054e-05,train,3.519142046570778e-05,train,0.00026474875630810857
$KAGGLE_ROOT/train/benign/255.jpg,train,0,4036,HAM_0002974,0,4.0,5.673955092788674e-05,2.6148367851419607e-05,train,1.1702306437655352e-05,test,5.673955092788674e-05,train,1.0500221833353862e-05,train,2.833698454196565e-05,train,5.4053958592703566e-05
$KAGGLE_ROOT/train/benign/257.jpg,train,0,5110,HAM_0003503,0,2.0,8.45619069878012e-05,8.803479067864828e-05,train,2.4734556063776836e-05,train,3.789156107814051e-05,test,8.45619069878012e-05,train,3.3874690416269004e-05,train,0.00025563835515640676
$KAGGLE_ROOT/train/benign/258.jpg,train,0,5491,HAM_0005916,0,2.0,1.6149280781974085e-05,4.8134451390069444e-05,val,1.8296561393071897e-05,val,1.8431814169161953e-05,train,2.7932890588999726e-05,test,1.6149280781974085e-05,train,6.833601219113916e-05
$KAGGLE_ROOT/train/benign/26.jpg,train,0,4560,HAM_0001972,0,0.0,7.323849422391504e-05,2.642764138727216e-05,train,1.75153818418039e-05,train,3.533990093274042e-05,val,2.007038528972771e-05,test,7.323849422391504e-05,val,8.614338003098965e-05
$KAGGLE_ROOT/train/benign/260.jpg,train,0,9290,HAM_0000144,0,4.0,0.00738190533593297,0.003611161926528439,train,0.00012843110016547143,train,4.130115848965943e-05,train,0.012073932215571404,train,0.0022009832318872213,test,0.00738190533593297
$KAGGLE_ROOT/train/benign/261.jpg,train,0,3469,HAM_0004826,0,0.0,4.6848981583025306e-05,3.6607902984542307e-05,train,2.8493936042650603e-05,train,2.4437164029222913e-05,train,3.114815990556963e-05,test,4.6848981583025306e-05,train,6.235235196072608e-05
$KAGGLE_ROOT/train/benign/262.jpg,train,0,6407,HAM_0004733,0,0.0,3.3471274946350604e-05,2.9542469292209717e-05,train,2.7700989448931068e-05,train,3.479531005723402e-05,train,2.2531365175382234e-05,train,3.3142212487291545e-05,test,3.3471274946350604e-05
$KAGGLE_ROOT/train/benign/263.jpg,train,0,3732,HAM_0004664,0,2.0,1.4229077351046726e-05,3.1597219276591204e-05,train,1.7085954823414795e-05,test,1.4229077351046726e-05,train,3.130261757178232e-05,train,2.6574472940410487e-05,train,5.142583177075721e-05
$KAGGLE_ROOT/train/benign/264.jpg,train,0,8159,HAM_0004830,0,0.0,0.04365059360861778,0.0033793257704625526,train,0.0007145262788981199,val,0.0003782947896979749,test,0.04365059360861778,train,0.0016341926530003548,train,0.007789258379489183
$KAGGLE_ROOT/train/benign/265.jpg,train,0,8668,HAM_0006398,0,0.0,0.00015332127804867923,0.0002902871783589944,test,0.00015332127804867923,train,0.00021250506688375026,val,0.00022173201432451606,train,0.00041010507266037166,train,0.00024825139553286135
$KAGGLE_ROOT/train/benign/266.jpg,train,0,8576,HAM_0005009,0,2.0,2.0909346858388744e-05,0.00021720194854424335,val,3.380230918992311e-05,train,3.0226074159145355e-05,train,0.000589647563174367,test,2.0909346858388744e-05,train,3.1732208299217746e-05
$KAGGLE_ROOT/train/benign/269.jpg,train,0,3370,HAM_0006271,0,2.0,7.291906513273716e-06,2.2551497143770877e-05,test,7.291906513273716e-06,val,1.622939271328505e-05,train,2.2975505999056622e-05,train,2.479884642525576e-05,train,1.9880139007000253e-05
$KAGGLE_ROOT/train/benign/27.jpg,train,0,4174,HAM_0001687,0,0.0,3.100492904195562e-05,5.996273224203227e-05,train,3.591479253373109e-05,train,6.292411126196384e-05,test,3.100492904195562e-05,train,8.104929293040186e-05,val,7.864963117754087e-05
$KAGGLE_ROOT/train/benign/270.jpg,train,0,8237,HAM_0005794,0,2.0,0.00012764008715748787,9.709301866678288e-05,train,6.523897900478914e-05,train,6.15346580161713e-05,test,0.00012764008715748787,train,4.017720857518725e-05,train,0.00022142122907098383
$KAGGLE_ROOT/train/benign/271.jpg,train,0,3736,HAM_0002758,0,2.0,0.00012794607027899474,3.556688488970394e-05,train,3.072240360779688e-05,train,1.9675555449794047e-05,train,5.2270512242102996e-05,train,3.959906825912185e-05,test,0.00012794607027899474
$KAGGLE_ROOT/train/benign/272.jpg,train,0,3310,HAM_0003063,0,0.0,2.449098974466324e-05,6.729542413571228e-05,val,4.4322725443635136e-05,train,2.63528163486626e-05,test,2.449098974466324e-05,train,3.193633529008366e-05,train,0.0001435971207683906
$KAGGLE_ROOT/train/benign/274.jpg,train,0,3969,HAM_0004726,0,2.0,8.286022784886882e-05,8.398407226195559e-05,val,3.771218325709924e-05,train,4.026850365335122e-05,test,8.286022784886882e-05,train,5.916542431805283e-05,train,0.00015251828881446272
$KAGGLE_ROOT/train/benign/275.jpg,train,0,5833,HAM_0005205,0,2.0,4.6498556912411004e-05,0.00011661017015285324,test,4.6498556912411004e-05,train,0.00011905559222213924,train,0.00010753182868938893,train,4.257777618477121e-05,train,0.0001972754835151136
$KAGGLE_ROOT/train/benign/276.jpg,train,0,8084,HAM_0001269,0,4.0,0.001729247160255909,0.0004466054242584505,train,0.00013389768719207495,train,4.133630500291474e-05,test,0.001729247160255909,train,0.0006917220889590681,train,0.0009194656158797443
$KAGGLE_ROOT/train/benign/277.jpg,train,0,5822,HAM_0001925,0,4.0,9.438014240004122e-05,3.452365126577206e-05,train,3.424637543503195e-05,train,3.713411570060998e-05,val,7.82697752583772e-05,train,3.2190462661674246e-05,test,9.438014240004122e-05
$KAGGLE_ROOT/train/benign/278.jpg,train,0,3139,HAM_0000785,0,2.0,4.879366679233499e-05,7.52801273241251e-05,train,2.0479839804465882e-05,val,6.213351298356429e-05,train,5.865449202246964e-05,test,4.879366679233499e-05,train,0.0001467060501454398
$KAGGLE_ROOT/train/benign/279.jpg,train,0,5334,HAM_0001421,0,6.0,3.3583692129468545e-05,4.3922982513322495e-05,train,2.6913598048849963e-05,train,2.294378100486938e-05,train,5.6710610806476325e-05,test,3.3583692129468545e-05,train,6.912394019309431e-05
$KAGGLE_ROOT/train/benign/28.jpg,train,0,4352,HAM_0003708,0,0.0,4.1722516471054405e-05,0.00011255261294233303,val,4.167138467892073e-05,train,8.868933946359903e-05,train,8.245233038906008e-05,train,0.00016651616897433996,test,4.1722516471054405e-05
$KAGGLE_ROOT/train/benign/280.jpg,train,0,6333,HAM_0003907,0,0.0,1.3677637980435975e-05,2.4187298549804837e-05,val,1.835027796914801e-05,train,3.2628191547701135e-05,train,1.5746405551908538e-05,test,1.3677637980435975e-05,val,7.750949589535594e-05
$KAGGLE_ROOT/train/benign/281.jpg,train,0,4290,HAM_0004718,0,2.0,3.598037073970772e-05,4.8959243486024207e-05,train,2.2278580217971466e-05,train,8.00731941126287e-05,train,3.88898843084462e-05,test,3.598037073970772e-05,train,5.459531530505046e-05
$KAGGLE_ROOT/train/benign/282.jpg,train,0,3509,HAM_0001614,0,8.0,3.138421743642539e-05,4.238054862071294e-05,test,3.138421743642539e-05,train,2.3554392100777477e-05,train,3.5705146729014814e-05,train,3.715763887157664e-05,train,7.310501678148285e-05
$KAGGLE_ROOT/train/benign/283.jpg,train,0,4691,HAM_0006960,0,6.0,3.0002785933902487e-05,6.888441521368804e-05,train,2.4341688913409598e-05,test,3.0002785933902487e-05,train,7.202944834716618e-05,train,3.1752610084367916e-05,train,0.00014741391350980848
$KAGGLE_ROOT/train/benign/285.jpg,train,0,5318,HAM_0006933,0,2.0,1.6569067156524397e-05,5.133239574206527e-05,test,1.6569067156524397e-05,train,2.8446125725167803e-05,val,2.745001074799802e-05,train,3.55724296241533e-05,train,8.997863187687472e-05
$KAGGLE_ROOT/train/benign/286.jpg,train,0,8332,HAM_0004007,0,0.0,0.00025198986986652017,5.841999882250093e-05,train,7.745216134935617e-05,train,4.5266104280017316e-05,train,8.682905900059268e-05,train,2.4132670660037547e-05,test,0.00025198986986652017
$KAGGLE_ROOT/train/benign/288.jpg,train,0,4997,HAM_0000399,0,2.0,2.378574208705686e-05,4.9779524488258176e-05,train,1.741340383887291e-05,train,4.431727575138211e-05,test,2.378574208705686e-05,train,4.1906423575710505e-05,train,9.548099478706717e-05
$KAGGLE_ROOT/train/benign/29.jpg,train,0,5730,HAM_0007375,0,2.0,2.1411598936538212e-05,3.545837171259336e-05,test,2.1411598936538212e-05,train,3.1802734156372026e-05,train,3.589671177905984e-05,train,3.867566920234822e-05,val,4.068142516189255e-05
$KAGGLE_ROOT/train/benign/290.jpg,train,0,4799,HAM_0001006,0,4.0,3.7236033676890656e-05,3.6134816885654196e-05,train,1.7658394426689483e-05,train,3.352644489496015e-05,test,3.7236033676890656e-05,val,1.5152568266785238e-05,train,5.721961133531295e-05
$KAGGLE_ROOT/train/benign/292.jpg,train,0,3805,HAM_0005266,0,2.0,3.3598138543311507e-05,2.4018031126615824e-05,train,1.3815246347803622e-05,train,2.3003525711828843e-05,train,3.655971522675827e-05,train,2.269363722007256e-05,test,3.3598138543311507e-05
$KAGGLE_ROOT/train/benign/293.jpg,train,0,9353,HAM_0000741,0,0.0,0.005521784070879221,0.009270123963233345,test,0.005521784070879221,train,2.839516855601687e-05,train,0.02955331653356552,train,0.0001272565423278138,train,0.00737152760848403
$KAGGLE_ROOT/train/benign/294.jpg,train,0,3890,HAM_0006996,0,0.0,7.764643669361249e-05,0.00010327137397325714,train,3.944424315704964e-05,train,4.346237619756721e-05,train,2.804200084938202e-05,test,7.764643669361249e-05,train,0.0003021368756890297
$KAGGLE_ROOT/train/benign/295.jpg,train,0,4994,HAM_0000160,0,2.0,4.704224556917325e-05,0.0001480967193856486,train,6.0932801716262475e-05,train,5.9184218116570264e-05,train,7.480655767722055e-05,test,4.704224556917325e-05,train,0.00039746330003254116
$KAGGLE_ROOT/train/benign/296.jpg,train,0,9175,HAM_0006512,0,2.0,5.210965173318982e-05,0.000776415288176698,train,0.00018092783284373581,train,0.00011959036055486649,train,0.0020287276711314917,test,5.210965173318982e-05,val,0.020579610019922256
$KAGGLE_ROOT/train/benign/297.jpg,train,0,4126,HAM_0000363,0,2.0,3.9964288589544594e-05,4.109860947210109e-05,train,1.4893559637130238e-05,train,2.3420894649461843e-05,test,3.9964288589544594e-05,train,6.062208558432758e-05,train,6.54578980174847e-05
$KAGGLE_ROOT/train/benign/298.jpg,train,0,5167,HAM_0006518,0,0.0,1.9593951947172172e-05,4.116870900361391e-05,train,1.4664336958958302e-05,train,2.3617889382876456e-05,test,1.9593951947172172e-05,train,2.390293957432732e-05,train,0.00010248967009829357
$KAGGLE_ROOT/train/benign/299.jpg,train,0,5124,HAM_0006286,0,2.0,4.785680357599631e-05,0.000205627941795683,train,0.00024425864103250206,train,0.00010429574467707425,test,4.785680357599631e-05,train,0.00042950152419507504,train,4.445585727808066e-05
$KAGGLE_ROOT/train/benign/3.jpg,train,0,6400,HAM_0006846,0,4.0,2.2573025489691645e-05,6.615814299948397e-05,test,2.2573025489691645e-05,train,5.100084308651276e-05,train,1.9108296328340657e-05,train,4.109262226847932e-05,train,0.00015343081031460315
$KAGGLE_ROOT/train/benign/30.jpg,train,0,6773,HAM_0003091,0,4.0,0.031109977513551712,0.048515791073441505,val,0.9725531935691833,train,0.04970071464776993,val,0.6574704051017761,test,0.031109977513551712,train,0.04733086749911308
$KAGGLE_ROOT/train/benign/301.jpg,train,0,3643,HAM_0000541,0,2.0,9.660814248491079e-05,2.7289122954243794e-05,val,2.1978961740387604e-05,train,2.7289122954243794e-05,val,2.2033842469681986e-05,val,1.2867894838564098e-05,test,9.660814248491079e-05
$KAGGLE_ROOT/train/benign/302.jpg,train,0,4870,HAM_0002132,0,2.0,1.647577119001653e-05,1.8134131702633265e-05,train,1.0344078873458784e-05,val,2.1738344003097154e-05,test,1.647577119001653e-05,train,9.281185157306027e-06,train,3.477713107713498e-05
$KAGGLE_ROOT/train/benign/305.jpg,train,0,4813,HAM_0006436,0,2.0,0.00012067219358868897,5.00516771353432e-05,train,3.522355473251082e-05,train,4.546259515336715e-05,train,3.9081238355720416e-05,train,8.043932029977441e-05,test,0.00012067219358868897
$KAGGLE_ROOT/train/benign/306.jpg,train,0,5056,HAM_0002578,0,4.0,1.693453850748483e-05,3.049909491892322e-05,train,1.4792407455388457e-05,train,2.0491444956860505e-05,test,1.693453850748483e-05,train,4.099098077858798e-05,train,4.5721546484855935e-05
$KAGGLE_ROOT/train/benign/307.jpg,train,0,3625,HAM_0004070,0,0.0,4.027668182970956e-05,4.63137239421485e-05,val,2.186761048506014e-05,val,1.646741475269664e-05,train,3.4231583413202316e-05,test,4.027668182970956e-05,train,5.839586447109468e-05
$KAGGLE_ROOT/train/benign/308.jpg,train,0,8348,HAM_0000222,0,4.0,3.281989484094083e-05,0.00013157870944269234,train,5.08263437950518e-05,test,3.281989484094083e-05,train,5.6242912251036614e-05,train,7.605111750308424e-05,train,0.0003431944642215967
$KAGGLE_ROOT/train/benign/309.jpg,train,0,4605,HAM_0000171,0,4.0,7.800466846674681e-05,7.340879528783262e-05,train,3.000942524522543e-05,train,5.680852336809039e-05,val,6.536395812872797e-05,train,0.00013340843725018203,test,7.800466846674681e-05
$KAGGLE_ROOT/train/benign/310.jpg,train,0,3481,HAM_0002414,0,4.0,8.380826329812407e-05,8.451816938759293e-05,train,2.4313661924679764e-05,val,5.047177182859741e-05,test,8.380826329812407e-05,train,3.0508250347338617e-05,train,0.00019873259589076042
$KAGGLE_ROOT/train/benign/312.jpg,train,0,6019,HAM_0000422,0,4.0,1.742644417390693e-05,2.6287371838407125e-05,test,1.742644417390693e-05,train,1.3182041584514081e-05,train,1.3047791981080081e-05,train,1.2709348993666936e-05,train,6.62103047943674e-05
$KAGGLE_ROOT/train/benign/314.jpg,train,0,8389,HAM_0000146,0,2.0,0.0005828267312608659,0.0039250894806173164,train,0.014103670604526997,train,0.00019455883011687547,train,0.00022496609017252922,train,0.0011771623976528645,test,0.0005828267312608659
$KAGGLE_ROOT/train/benign/315.jpg,train,0,8163,HAM_0003016,0,2.0,0.04103529453277588,0.0027203184727113694,train,0.005818111356347799,train,0.0015827383613213897,test,0.04103529453277588,train,0.0005927961319684982,train,0.0028876280412077904
$KAGGLE_ROOT/train/benign/316.jpg,train,0,8534,HAM_0000971,0,2.0,0.00023825146490707994,0.00019955899915657938,test,0.00023825146490707994,train,0.00029219849966466427,val,0.001038835383951664,train,0.00011952026397921145,train,0.0001869582338258624
$KAGGLE_ROOT/train/benign/318.jpg,train,0,5378,HAM_0004115,0,4.0,2.0675726773333736e-05,5.0185314194095554e-05,train,2.375865005888045e-05,test,2.0675726773333736e-05,train,2.7961914383922704e-05,train,8.010282181203365e-05,train,6.891787052154541e-05
$KAGGLE_ROOT/train/benign/319.jpg,train,0,6814,HAM_0005937,0,2.0,0.0004020465421490371,0.001335307228146121,train,0.0004166110302321613,test,0.0004020465421490371,train,0.0030460257548838854,train,0.0012514330446720123,train,0.0006271590827964246
$KAGGLE_ROOT/train/benign/32.jpg,train,0,8524,HAM_0003850,0,2.0,0.02590026520192623,0.1662752971460577,train,0.002458225702866912,train,0.0011203602189198136,train,0.012490486726164818,train,0.6490321159362793,test,0.02590026520192623
$KAGGLE_ROOT/train/benign/320.jpg,train,0,4449,HAM_0002550,0,2.0,5.73088982491754e-05,2.3622655135113746e-05,train,1.5413597793667577e-05,train,2.1433601432363503e-05,train,3.191840369254351e-05,train,2.5725017621880397e-05,test,5.73088982491754e-05
$KAGGLE_ROOT/train/benign/321.jpg,train,0,5587,HAM_0005738,0,0.0,8.793428423814476e-05,2.1011437941827655e-05,train,1.828471795306541e-05,train,3.4482225601095706e-05,val,1.4766486856387928e-05,train,1.0267370271321852e-05,test,8.793428423814476e-05
$KAGGLE_ROOT/train/benign/324.jpg,train,0,4685,HAM_0002673,0,8.0,3.3524363971082494e-05,8.611882003606297e-05,val,6.513734115287662e-05,val,6.617899634875357e-05,train,5.777631304226816e-05,test,3.3524363971082494e-05,train,0.00011446132702985778
$KAGGLE_ROOT/train/benign/325.jpg,train,0,4905,HAM_0004467,0,2.0,1.28288575069746e-05,1.6209138266276568e-05,train,1.3614508134196512e-05,train,1.8803768398356624e-05,test,1.28288575069746e-05,val,6.192264117999002e-05,val,0.00010832604311872274
$KAGGLE_ROOT/train/benign/326.jpg,train,0,8995,HAM_0001936,0,2.0,0.0005330456770025194,0.005106777884066105,val,0.009488885290920734,train,0.006407071370631456,val,0.07061968743801117,test,0.0005330456770025194,train,0.0038064843975007534
$KAGGLE_ROOT/train/benign/327.jpg,train,0,9545,HAM_0003819,0,4.0,2.9335113140405156e-05,4.670207727031084e-05,train,2.1698660930269398e-05,train,7.170549361035228e-05,test,2.9335113140405156e-05,val,2.4283375751110725e-05,val,4.255683234077878e-05
$KAGGLE_ROOT/train/benign/328.jpg,train,0,6529,HAM_0004999,0,2.0,1.0160612873733044e-05,3.0100924656532396e-05,train,2.356293043703772e-05,train,2.874475649150554e-05,test,1.0160612873733044e-05,train,3.799508704105392e-05,val,0.00011624921171460301
$KAGGLE_ROOT/train/benign/329.jpg,train,0,3344,HAM_0001482,0,0.0,4.905825699097477e-05,2.7582449547480792e-05,test,4.905825699097477e-05,train,2.5790062863961793e-05,val,7.86149175837636e-05,train,2.937483623099979e-05,val,0.00013871784904040396
$KAGGLE_ROOT/train/benign/33.jpg,train,0,6796,HAM_0005237,0,0.0,0.00011684901255648583,0.00011569005619094241,train,0.0002125478204106912,train,6.528553058160469e-05,train,0.00014409818686544895,train,4.0828686906024814e-05,test,0.00011684901255648583
$KAGGLE_ROOT/train/benign/331.jpg,train,0,5255,HAM_0007405,0,4.0,0.00010276838293066248,3.337078275459741e-05,train,1.4254353118303698e-05,train,4.2711042624432594e-05,train,4.314695252105594e-05,val,6.296354695223272e-05,test,0.00010276838293066248
$KAGGLE_ROOT/train/benign/333.jpg,train,0,4603,HAM_0002155,0,0.0,3.691876190714538e-05,5.2596301429730374e-05,train,2.3822562070563436e-05,train,4.674205410992727e-05,train,4.318840728956275e-05,test,3.691876190714538e-05,train,9.663218224886805e-05
$KAGGLE_ROOT/train/benign/334.jpg,train,0,7044,HAM_0002176,0,2.0,0.0006297408835962415,0.011106193203886505,val,0.2100713551044464,train,0.0002146440529031679,val,0.006648931186646223,test,0.0006297408835962415,train,0.021997742354869843
$KAGGLE_ROOT/train/benign/336.jpg,train,0,5399,HAM_0005461,0,2.0,2.9970242394483648e-05,7.967130750330398e-05,train,4.541475573205389e-05,test,2.9970242394483648e-05,train,7.143856055336073e-05,train,8.216545393224806e-05,train,0.00011966645979555324
$KAGGLE_ROOT/train/benign/337.jpg,train,0,5647,HAM_0005653,0,2.0,2.2043805074645206e-05,2.7613359028085444e-05,train,2.136839430022519e-05,train,2.6219529900117777e-05,train,3.525215288391337e-05,test,2.2043805074645206e-05,val,0.00011371839354978874
$KAGGLE_ROOT/train/benign/338.jpg,train,0,3172,HAM_0001049,0,0.0,7.73438805481419e-05,4.349273649495444e-05,train,2.8780714274034835e-05,train,4.143465412198566e-05,train,4.0330414776690304e-05,train,6.342516280710697e-05,test,7.73438805481419e-05
$KAGGLE_ROOT/train/benign/339.jpg,train,0,5068,HAM_0002618,0,2.0,0.0004275605024304241,8.634609821456252e-05,train,3.589681364246644e-05,train,9.965891513274983e-05,train,0.00010432668204884976,train,0.00010550198203418404,test,0.0004275605024304241
$KAGGLE_ROOT/train/benign/34.jpg,train,0,6245,HAM_0000995,0,2.0,3.9916754758451134e-05,3.94641768555933e-05,train,1.700350912869908e-05,val,4.9993512220680714e-05,train,1.7281090549658984e-05,test,3.9916754758451134e-05,train,8.410793088842183e-05
$KAGGLE_ROOT/train/benign/340.jpg,train,0,8318,HAM_0005284,0,4.0,0.0002059742109850049,0.00013237593793746782,train,3.437925624893978e-05,train,9.644273086450994e-05,test,0.0002059742109850049,train,3.6883782740915194e-05,train,0.0003617979818955064
$KAGGLE_ROOT/train/benign/341.jpg,train,0,7023,HAM_0007312,0,2.0,0.00026726615033112466,0.000134843920932326,train,9.938445873558521e-05,train,0.0002124635357176885,train,5.203982800594531e-05,train,0.00017548786127008498,test,0.00026726615033112466
$KAGGLE_ROOT/train/benign/342.jpg,train,0,9164,HAM_0005057,0,2.0,3.9052407373674214e-05,0.00012419122867868282,train,0.0001631109626032412,val,4.7220139094861224e-05,train,8.527149475412443e-05,test,3.9052407373674214e-05,val,0.0010455755982547998
$KAGGLE_ROOT/train/benign/343.jpg,train,0,3992,HAM_0002784,0,0.0,2.520656562410295e-05,6.683356605208246e-05,test,2.520656562410295e-05,train,4.629675095202401e-05,train,5.575269824475981e-05,train,3.950839163735509e-05,train,0.00012577642337419093
$KAGGLE_ROOT/train/benign/345.jpg,train,0,8240,HAM_0006126,0,2.0,0.004382313694804907,0.00011342773905198555,val,0.00013265620509628206,train,4.4214273657416925e-05,test,0.004382313694804907,train,0.00018264120444655418,val,0.0009741269168443978
$KAGGLE_ROOT/train/benign/346.jpg,train,0,6303,HAM_0004611,0,2.0,4.628469832823612e-05,2.1386588286986807e-05,val,1.8340846509090625e-05,val,3.35936201736331e-05,train,1.3186191608838271e-05,train,2.9586984965135343e-05,test,4.628469832823612e-05
$KAGGLE_ROOT/train/benign/347.jpg,train,0,3181,HAM_0005647,0,2.0,0.00021426740568131208,0.0001464461424802721,train,3.0516399419866502e-05,train,2.0372508515720256e-05,train,9.04774060472846e-05,test,0.00021426740568131208,train,0.00044441825593821704
$KAGGLE_ROOT/train/benign/349.jpg,train,0,4538,HAM_0006412,0,4.0,2.264551403641235e-05,2.905740802816581e-05,val,1.3041633792454377e-05,train,2.1883402951061726e-05,train,3.6231413105269894e-05,test,2.264551403641235e-05,val,6.337364902719855e-05
$KAGGLE_ROOT/train/benign/35.jpg,train,0,8829,HAM_0003578,0,4.0,3.4465527278371155e-05,0.00022911420637683477,train,8.997365512186661e-05,test,3.4465527278371155e-05,train,0.0005404513794928789,train,0.00015215325402095914,train,0.00013387853687163442
$KAGGLE_ROOT/train/benign/350.jpg,train,0,4046,HAM_0003264,0,2.0,3.335191649966873e-05,9.514841561516126e-05,train,2.5401277525816113e-05,test,3.335191649966873e-05,train,5.091177445137873e-05,val,6.303275586105883e-05,train,0.00020913219486828893
$KAGGLE_ROOT/train/benign/351.jpg,train,0,8544,HAM_0001154,0,0.0,0.0001772380928741768,0.00015861083375057206,train,0.00016277348913718015,train,5.1077789976261556e-05,test,0.0001772380928741768,train,0.00014016139903105795,train,0.00028043065685778856
$KAGGLE_ROOT/train/benign/352.jpg,train,0,3024,HAM_0005775,0,2.0,0.0001455796736991033,0.00029880743568355683,train,0.00012037499982398003,test,0.0001455796736991033,train,0.000550164666492492,train,6.690964073641226e-05,train,0.0004577804356813431
$KAGGLE_ROOT/train/benign/353.jpg,train,0,5718,HAM_0003342,0,0.0,4.3010604713344947e-05,1.2507244036896736e-05,train,1.0935014870483428e-05,train,1.3969431165605783e-05,train,8.952655662142206e-06,train,1.6171874449355528e-05,test,4.3010604713344947e-05
$KAGGLE_ROOT/train/benign/355.jpg,train,0,9249,HAM_0006936,0,4.0,0.00195414200425148,0.015127595193916932,train,0.00017145968740805984,train,0.003933809697628021,train,0.055495381355285645,test,0.00195414200425148,train,0.0009097300353460014
$KAGGLE_ROOT/train/benign/357.jpg,train,0,4105,HAM_0000437,0,4.0,3.786479646805674e-05,0.0001645251650188584,val,5.224623964750208e-05,val,3.1039897294249386e-05,train,5.7028788432944566e-05,test,3.786479646805674e-05,train,0.0002720215416047722
$KAGGLE_ROOT/train/benign/358.jpg,train,0,3189,HAM_0006132,0,0.0,6.367830792441964e-05,6.235217369976453e-05,train,7.602225377922878e-05,test,6.367830792441964e-05,train,6.673650204902515e-05,train,3.740208921954036e-05,train,6.924784975126386e-05
$KAGGLE_ROOT/train/benign/359.jpg,train,0,6286,HAM_0006229,0,4.0,0.00010469891276443377,8.288893559438293e-05,train,3.7868914660066366e-05,train,7.971785089466721e-05,test,0.00010469891276443377,train,2.2442925910581835e-05,train,0.0001915260509122163
$KAGGLE_ROOT/train/benign/36.jpg,train,0,5190,HAM_0007288,0,2.0,2.0862084056716412e-05,6.665685335368228e-05,test,2.0862084056716412e-05,val,9.001020953292027e-05,train,5.419155422714539e-05,train,5.9706479078158736e-05,train,8.607252675574273e-05
$KAGGLE_ROOT/train/benign/360.jpg,train,0,6819,HAM_0002670,0,0.0,0.0008830415899865329,0.00019149492618453223,train,6.590171688003466e-05,train,0.00021165637008380145,train,0.00016466458328068256,train,0.00032375703449361026,test,0.0008830415899865329
$KAGGLE_ROOT/train/benign/361.jpg,train,0,3889,HAM_0006726,0,0.0,5.088871330372058e-05,7.162083602452185e-05,test,5.088871330372058e-05,train,5.0609953177627176e-05,train,5.91170355619397e-05,train,5.446042996481992e-05,train,0.0001222959253937006
$KAGGLE_ROOT/train/benign/362.jpg,train,0,6887,HAM_0006389,0,4.0,5.6230954214697704e-05,0.0006091311564280962,test,5.6230954214697704e-05,train,0.0001114913757191971,train,0.001637735404074192,train,7.816668949089944e-05,val,0.0029984014108777046
$KAGGLE_ROOT/train/benign/363.jpg,train,0,4400,HAM_0003397,0,2.0,5.0461621867725626e-05,4.760937281389488e-05,train,3.711769022629596e-05,train,4.012846329715103e-05,train,5.90913332416676e-05,train,5.4100004490464926e-05,test,5.0461621867725626e-05
$KAGGLE_ROOT/train/benign/364.jpg,train,0,5551,HAM_0000419,0,2.0,2.125245373463258e-05,0.00010021128158162658,train,5.544772284338251e-05,test,2.125245373463258e-05,train,8.138580597005785e-05,train,0.0001638003159314394,val,0.00014456156350206584
$KAGGLE_ROOT/train/benign/365.jpg,train,0,5194,HAM_0004591,0,2.0,1.113420512410812e-05,3.7533885006268974e-05,test,1.113420512410812e-05,train,3.30789371218998e-05,train,1.4742552593816072e-05,train,3.5531709727365524e-05,train,6.67823405819945e-05
$KAGGLE_ROOT/train/benign/366.jpg,train,0,5125,HAM_0003450,0,0.0,9.233066521119326e-05,0.00011754257411666913,train,3.0328195862239227e-05,train,0.00016065195086412132,train,9.636477625463158e-05,test,9.233066521119326e-05,train,0.0001828253734856844
$KAGGLE_ROOT/train/benign/368.jpg,train,0,4947,HAM_0000466,0,2.0,0.0001553925685584545,5.853895117979846e-05,train,3.382701106602326e-05,train,2.42882870225003e-05,train,0.0001087400087271817,train,6.730049790348858e-05,test,0.0001553925685584545
$KAGGLE_ROOT/train/benign/370.jpg,train,0,8404,HAM_0000143,0,0.0,0.00026001830701716244,9.255398072127718e-05,test,0.00026001830701716244,train,7.920637290226296e-05,train,4.2216361180180684e-05,train,5.568591222981922e-05,train,0.00019310727657284588
$KAGGLE_ROOT/train/benign/371.jpg,train,0,3155,HAM_0007241,0,2.0,7.157596701290458e-05,1.6892915482458193e-05,train,1.9415459973970428e-05,val,5.625385892926715e-05,val,4.273287777323276e-05,train,1.4370370990945958e-05,test,7.157596701290458e-05
$KAGGLE_ROOT/train/benign/372.jpg,train,0,8078,HAM_0002533,0,0.0,0.019446615129709244,0.0020183124652248807,test,0.019446615129709244,train,6.996237789280713e-05,train,0.0025084048975259066,train,0.0013177928049117327,train,0.0041770897805690765
$KAGGLE_ROOT/train/benign/373.jpg,train,0,9066,HAM_0003305,0,2.0,7.420731708407402e-05,4.916021316603292e-05,test,7.420731708407402e-05,train,2.9380493288044818e-05,train,5.6890767154982314e-05,val,2.638246223796159e-05,train,6.120937905507162e-05
$KAGGLE_ROOT/train/benign/374.jpg,train,0,6693,HAM_0007112,0,2.0,0.0002398000069661066,0.003043357140995795,train,0.008074084296822548,train,0.00019228232849854976,train,0.00030801870161667466,test,0.0002398000069661066,train,0.0035990432370454073
$KAGGLE_ROOT/train/benign/375.jpg,train,0,3724,HAM_0007145,0,4.0,0.00013718016271013767,5.1804988288495224e-05,train,2.8069396648788825e-05,train,3.634741733549163e-05,train,5.5354947107844055e-05,test,0.00013718016271013767,train,8.744819206185639e-05
$KAGGLE_ROOT/train/benign/376.jpg,train,0,5320,HAM_0000663,0,2.0,1.886278550955467e-05,0.00010143776762561174,train,2.0209767171763815e-05,test,1.886278550955467e-05,val,9.993003186536953e-05,val,4.5321045035962015e-05,train,0.00018266576807945967
$KAGGLE_ROOT/train/benign/377.jpg,train,0,5631,HAM_0006345,0,0.0,0.00017407977429684252,6.415222151190392e-05,train,4.509858263190836e-05,train,8.651936514070258e-05,train,2.8019892852171324e-05,test,0.00017407977429684252,train,9.697104542283341e-05
$KAGGLE_ROOT/train/benign/38.jpg,train,0,4784,HAM_0006162,0,0.0,5.6724507885519415e-05,8.820737639325671e-05,train,2.9945131245767698e-05,train,3.358080721227452e-05,val,5.879365198779851e-05,test,5.6724507885519415e-05,train,0.0002010961907217279
$KAGGLE_ROOT/train/benign/380.jpg,train,0,3852,HAM_0005307,0,2.0,8.798578346613795e-05,4.866019162363955e-05,train,2.1709505745093338e-05,train,5.825620246469043e-05,train,7.137509965104982e-05,train,4.32999586337246e-05,test,8.798578346613795e-05
$KAGGLE_ROOT/train/benign/381.jpg,train,0,8939,HAM_0001609,0,4.0,0.000540663895662874,0.0001239903876921744,train,5.055641304352321e-05,train,0.00023125849838834256,train,0.0001574647903908044,train,5.668184894602746e-05,test,0.000540663895662874
$KAGGLE_ROOT/train/benign/382.jpg,train,0,6937,HAM_0005227,0,4.0,0.003083240706473589,0.00035642408329294994,val,0.048900917172431946,val,0.004772392567247152,train,0.0005391634767875075,train,0.00017368468979839236,test,0.003083240706473589
$KAGGLE_ROOT/train/benign/383.jpg,train,0,6913,HAM_0002207,0,2.0,0.0001505822001490742,0.0005101701244711876,test,0.0001505822001490742,train,0.0003898611757904291,val,0.0025962316431105137,train,0.0002819077344611287,train,0.000858741463162005
$KAGGLE_ROOT/train/benign/384.jpg,train,0,6206,HAM_0007360,0,0.0,6.198851770022884e-05,6.0678960532338046e-05,train,4.327007263782434e-05,train,5.933170177740976e-05,val,4.5751818106509745e-05,train,7.943510718178004e-05,test,6.198851770022884e-05
$KAGGLE_ROOT/train/benign/386.jpg,train,0,5277,HAM_0000819,0,2.0,4.5136614062357694e-05,3.6606721550924703e-05,train,1.9941033315262757e-05,test,4.5136614062357694e-05,train,4.056644320371561e-05,train,2.8427521101548336e-05,train,5.749188858317211e-05
$KAGGLE_ROOT/train/benign/387.jpg,train,0,6380,HAM_0006682,0,6.0,4.165930295130238e-05,4.4118344703747425e-05,train,4.282757072360255e-05,test,4.165930295130238e-05,train,3.918595757568255e-05,train,3.3035998058039695e-05,train,6.142385245766491e-05
$KAGGLE_ROOT/train/benign/39.jpg,train,0,8073,HAM_0002740,0,2.0,0.0007307191845029593,0.0020522427221294492,train,0.0006887970957905054,test,0.0007307191845029593,train,0.004155497997999191,train,0.002788662211969495,train,0.0005760135827586055
$KAGGLE_ROOT/train/benign/390.jpg,train,0,9198,HAM_0001679,0,0.0,8.206217171391472e-05,0.00012285701086511835,train,8.596227417001501e-05,test,8.206217171391472e-05,train,0.00020922352268826216,train,7.338523573707789e-05,val,0.0006245479453355074
$KAGGLE_ROOT/train/benign/391.jpg,train,0,3128,HAM_0001723,0,2.0,0.00027685705572366714,9.314548788097454e-05,train,0.00011298964818706736,train,8.17959153209813e-05,train,4.593420817400329e-05,train,0.00013186217984184623,test,0.00027685705572366714
$KAGGLE_ROOT/train/benign/392.jpg,train,0,4570,HAM_0006259,0,4.0,0.00016895470616873354,6.521136492665391e-05,train,1.5346640793723054e-05,val,2.866531394829508e-05,train,7.487678522011265e-05,train,0.00010541066876612604,test,0.00016895470616873354
$KAGGLE_ROOT/train/benign/393.jpg,train,0,5703,HAM_0004220,0,4.0,4.378394442028366e-05,7.259335992178724e-05,train,2.574701102275867e-05,train,3.416101390030235e-05,test,4.378394442028366e-05,val,0.00010290185309713706,train,0.0001578720548423007
$KAGGLE_ROOT/train/benign/395.jpg,train,0,6645,HAM_0005544,0,0.0,8.424784027738497e-05,0.00023272874113899888,train,3.935530912713148e-05,test,8.424784027738497e-05,train,0.00016769846843089908,train,0.00036348626599647105,train,0.00036037492100149393
$KAGGLE_ROOT/train/benign/396.jpg,train,0,5429,HAM_0003929,0,2.0,2.3440692530130036e-05,5.7219893885000296e-05,train,3.519038364174776e-05,train,2.9745813662884757e-05,test,2.3440692530130036e-05,val,0.0001413640275131911,train,0.00010672348435036838
$KAGGLE_ROOT/train/benign/397.jpg,train,0,5241,HAM_0002072,0,2.0,5.5959746532607824e-05,6.406354805221781e-05,val,2.0111523554078303e-05,val,1.861027703853324e-05,test,5.5959746532607824e-05,train,6.406354805221781e-05,val,0.00019196905486751348
$KAGGLE_ROOT/train/benign/398.jpg,train,0,9118,HAM_0007014,0,2.0,0.0001581553224241361,0.002969401713926345,test,0.0001581553224241361,train,0.004112375434488058,train,0.0025272557977586985,train,0.003939398098737001,train,0.0012985775247216225
$KAGGLE_ROOT/train/benign/399.jpg,train,0,4194,HAM_0000654,0,2.0,2.680169745872263e-05,6.784078823329764e-05,train,4.074801108799875e-05,train,2.098433833452873e-05,train,2.289918666065205e-05,test,2.680169745872263e-05,train,0.00018673161685001105
$KAGGLE_ROOT/train/benign/4.jpg,train,0,4289,HAM_0001805,0,2.0,2.153413515770808e-05,4.3298221498844214e-05,train,1.751750460243784e-05,val,2.2895388610777445e-05,train,6.907893839525059e-05,test,2.153413515770808e-05,val,0.00019140374206472188
$KAGGLE_ROOT/train/benign/40.jpg,train,0,4461,HAM_0001447,0,4.0,0.0002442553814034909,3.948246861303536e-05,train,2.3360711566056125e-05,val,4.099398938706145e-05,train,2.247393967991229e-05,train,7.261275459313765e-05,test,0.0002442553814034909
$KAGGLE_ROOT/train/benign/400.jpg,train,0,8247,HAM_0001872,0,0.0,0.0126518988981843,0.0001754468830768019,train,0.0001754468830768019,val,0.0031762439757585526,val,0.001624346012249589,val,0.0010503728408366442,test,0.0126518988981843
$KAGGLE_ROOT/train/benign/401.jpg,train,0,6040,HAM_0002288,0,4.0,2.2360976799973287e-05,9.357533751123508e-05,train,7.237017598527018e-06,test,2.2360976799973287e-05,val,6.394281808752567e-05,train,2.9298573281266727e-05,train,0.00024419042165391147
$KAGGLE_ROOT/train/benign/402.jpg,train,0,5022,HAM_0005841,0,0.0,3.523383566061966e-05,7.230143698203999e-05,train,3.8477530324598774e-05,test,3.523383566061966e-05,train,0.00011638386058621109,val,8.580650319345295e-05,train,6.204292003531009e-05
$KAGGLE_ROOT/train/benign/403.jpg,train,0,6421,HAM_0003962,0,4.0,4.370009992271662e-05,3.5787851629720535e-05,train,2.441154356347397e-05,train,2.438294905005023e-05,test,4.370009992271662e-05,train,3.2352432754123583e-05,train,6.200448115123436e-05
$KAGGLE_ROOT/train/benign/405.jpg,train,0,3149,HAM_0006668,0,2.0,7.143542461562902e-05,4.797454433476863e-05,train,2.989599852298852e-05,train,2.2446436560130678e-05,test,7.143542461562902e-05,val,2.4301678422489204e-05,train,9.158119792118669e-05
$KAGGLE_ROOT/train/benign/406.jpg,train,0,5524,HAM_0003085,0,2.0,2.5929646653821692e-05,3.9868735863516726e-05,train,1.1076115697505884e-05,test,2.5929646653821692e-05,train,2.0561836208798923e-05,val,3.909410224878229e-05,train,8.796825568424538e-05
$KAGGLE_ROOT/train/benign/408.jpg,train,0,6924,HAM_0004546,0,2.0,6.768319144612178e-05,0.0008254753993242048,train,0.0010756104020401835,train,0.00021659629419445992,train,0.0018142746994271874,test,6.768319144612178e-05,train,0.0001954202016349882
$KAGGLE_ROOT/train/benign/409.jpg,train,0,4008,HAM_0007153,0,2.0,4.5216533180791885e-05,4.2280584845381476e-05,test,4.5216533180791885e-05,train,3.148800533381291e-05,train,5.78482577111572e-05,val,4.6454988478217274e-05,train,3.7505491491174325e-05
$KAGGLE_ROOT/train/benign/41.jpg,train,0,8158,HAM_0004830,0,0.0,0.024496667087078094,0.0048969776956558535,train,0.0004520066431723535,val,8.91362433321774e-05,test,0.024496667087078094,train,0.00010634386126184836,train,0.01413258258253336
$KAGGLE_ROOT/train/benign/410.jpg,train,0,3325,HAM_0005094,0,2.0,8.510139741702005e-05,6.882887237225077e-05,train,2.674835741345305e-05,train,4.079307473148219e-05,train,8.492037159157917e-05,test,8.510139741702005e-05,train,0.00012285368575248867
$KAGGLE_ROOT/train/benign/411.jpg,train,0,5752,HAM_0004401,0,0.0,4.111512316740118e-05,5.496623816725332e-05,train,5.504280125023797e-05,test,4.111512316740118e-05,train,2.6910107408184558e-05,train,1.6051366401370615e-05,train,0.00012186067760922015
$KAGGLE_ROOT/train/benign/412.jpg,train,0,5746,HAM_0006930,0,0.0,2.7363106710254215e-05,7.157316940720193e-05,train,4.113571048947051e-05,val,3.436224506003782e-05,train,3.460021616774611e-05,test,2.7363106710254215e-05,train,0.00013898358156438917
$KAGGLE_ROOT/train/benign/413.jpg,train,0,8239,HAM_0006126,0,0.0,0.000776262313593179,0.00010137950630451087,val,0.0003515298885758966,train,5.882040204596706e-05,test,0.000776262313593179,train,0.00014393861056305468,val,0.0003720239910762757
$KAGGLE_ROOT/train/benign/415.jpg,train,0,4991,HAM_0000343,0,0.0,2.335222416149918e-05,6.692042734357528e-05,train,2.7922851586481556e-05,test,2.335222416149918e-05,train,1.6558104107389227e-05,train,4.8066096496768296e-05,train,0.00017513465718366206
$KAGGLE_ROOT/train/benign/416.jpg,train,0,8310,HAM_0006608,0,2.0,0.0001727861090330407,0.00037229053896226105,train,3.1643332476960495e-05,train,1.7617336197872646e-05,train,0.0013820232124999166,train,5.7878274674294516e-05,test,0.0001727861090330407
$KAGGLE_ROOT/train/benign/417.jpg,train,0,5441,HAM_0001516,0,4.0,4.7642468416597694e-05,5.2268829676904716e-05,val,2.309838055225555e-05,val,5.959982081549242e-05,test,4.7642468416597694e-05,train,4.0152084693545476e-05,train,6.438557466026396e-05
$KAGGLE_ROOT/train/benign/418.jpg,train,0,4644,HAM_0003461,0,4.0,0.00038054134347476065,0.00012246907317603473,train,3.053217369597405e-05,train,4.319030267652124e-05,train,8.506180165568367e-05,test,0.00038054134347476065,train,0.00033109201467595994
$KAGGLE_ROOT/train/benign/42.jpg,train,0,6755,HAM_0001869,0,0.0,0.00014156448014546186,5.5283431720454246e-05,train,5.3941130317980424e-05,train,3.527360604493879e-05,train,7.663555879844353e-05,val,3.555540388333611e-05,test,0.00014156448014546186
$KAGGLE_ROOT/train/benign/420.jpg,train,0,5513,HAM_0007126,0,2.0,2.839151602529455e-05,0.0001872094462669338,test,2.839151602529455e-05,train,1.3838137419952545e-05,train,0.00012073112884536386,train,0.00042705907253548503,val,0.0018244956154376268
$KAGGLE_ROOT/train/benign/421.jpg,train,0,3216,HAM_0002994,0,2.0,3.4473581763450056e-05,5.0116582618405424e-05,test,3.4473581763450056e-05,val,0.00012864952441304922,train,3.816645767074078e-05,train,3.17480371450074e-05,train,8.043525303946808e-05
$KAGGLE_ROOT/train/benign/422.jpg,train,0,7833,HAM_0002476,0,2.0,5.470898395287804e-05,4.801241993845906e-05,train,8.009785960894078e-05,test,5.470898395287804e-05,train,3.684388502733782e-05,val,5.083065843791701e-05,train,2.7095515179098584e-05
$KAGGLE_ROOT/train/benign/423.jpg,train,0,6749,HAM_0003230,0,4.0,0.4602653682231903,0.4198623539232358,train,0.9378513693809509,train,0.00023142613645177335,train,0.012488181702792645,train,0.7288784384727478,test,0.4602653682231903
$KAGGLE_ROOT/train/benign/424.jpg,train,0,8979,HAM_0002271,0,0.0,3.742096305359155e-05,8.220056831002391e-05,val,0.00014525935694109648,train,6.269841833272949e-05,test,3.742096305359155e-05,train,2.4412869606749155e-05,train,0.00015949041699059308
$KAGGLE_ROOT/train/benign/425.jpg,train,0,5437,HAM_0002932,0,4.0,6.82294848957099e-05,2.6941971555061173e-05,train,2.4223956643254496e-05,val,3.3243886718992144e-05,train,2.965998646686785e-05,val,3.782069688895717e-05,test,6.82294848957099e-05
$KAGGLE_ROOT/train/benign/426.jpg,train,0,6273,HAM_0000355,0,2.0,3.925889541278593e-05,6.941298185362636e-05,test,3.925889541278593e-05,train,2.8798725907108746e-05,train,4.9477064749225974e-05,val,4.297120540286414e-05,train,0.00012996315490454435
$KAGGLE_ROOT/train/benign/429.jpg,train,0,5579,HAM_0006167,0,4.0,6.260330701479688e-05,8.790738320385572e-05,test,6.260330701479688e-05,train,4.87290344608482e-05,train,3.9050766645232216e-05,train,8.812979649519548e-05,train,0.00017571993521414697
$KAGGLE_ROOT/train/benign/43.jpg,train,0,7238,HAM_0003937,0,2.0,0.0027286172844469547,0.0010139794649148826,train,0.0011016216594725847,train,0.000739772105589509,test,0.0027286172844469547,train,0.00017578563711140305,train,0.0020387384574860334
$KAGGLE_ROOT/train/benign/430.jpg,train,0,7257,HAM_0000249,0,0.0,0.0005585629842244089,0.008601221081335098,train,0.0006370986229740083,test,0.0005585629842244089,train,0.0004044512170366943,train,0.0005673092091456056,train,0.03279602527618408
$KAGGLE_ROOT/train/benign/431.jpg,train,0,6763,HAM_0000930,0,2.0,0.008634336292743683,0.0007321533242550989,train,0.001058968366123736,val,0.01110775675624609,train,0.0009386162855662405,train,0.00019887532107532024,test,0.008634336292743683
$KAGGLE_ROOT/train/benign/432.jpg,train,0,9192,HAM_0006129,0,2.0,0.00017976024537347257,0.0003087830846197903,val,0.0011642450699582696,test,0.00017976024537347257,train,0.0002662916958797723,val,0.000210480677196756,train,0.0003512744733598083
$KAGGLE_ROOT/train/benign/434.jpg,train,0,8266,HAM_0004068,0,0.0,0.0004172330372966826,0.0007057695479488757,train,4.1926450649043545e-05,train,1.6978539861156605e-05,train,0.001192797557450831,train,0.0015713756438344717,test,0.0004172330372966826
$KAGGLE_ROOT/train/benign/435.jpg,train,0,3154,HAM_0002105,0,2.0,1.3024704458075576e-05,2.5711022999530542e-05,train,7.949083737912588e-06,train,1.1149048987135757e-05,test,1.3024704458075576e-05,train,2.0655170374084264e-05,train,6.309078889898956e-05
$KAGGLE_ROOT/train/benign/438.jpg,train,0,6386,HAM_0004900,0,4.0,2.0431480152183212e-05,0.00012818129198421957,test,2.0431480152183212e-05,train,2.962069629575126e-05,train,7.857631135266274e-05,train,0.00028422052855603397,train,0.00012030763173243031
$KAGGLE_ROOT/train/benign/439.jpg,train,0,6901,HAM_0003343,0,2.0,0.00029849811107851565,0.002424049462812642,test,0.00029849811107851565,val,0.0003053125401493162,train,0.0038594091311097145,train,0.002171541331335902,train,0.00124119792599231
$KAGGLE_ROOT/train/benign/440.jpg,train,0,5977,HAM_0007271,0,4.0,4.80283415527083e-05,7.940409432194429e-05,train,3.729289164766669e-05,train,3.243107857997529e-05,train,6.523673800984398e-05,test,4.80283415527083e-05,train,0.00018265566905029118
$KAGGLE_ROOT/train/benign/441.jpg,train,0,5405,HAM_0000944,0,2.0,2.641519131429959e-05,6.162223871797323e-05,val,4.353824624558911e-05,test,2.641519131429959e-05,train,7.618823292432353e-05,train,4.7056244511622936e-05,val,9.320154640590772e-05
$KAGGLE_ROOT/train/benign/442.jpg,train,0,6278,HAM_0004329,0,2.0,4.226816963637248e-05,0.00018468266989657423,train,3.884162651957013e-05,test,4.226816963637248e-05,train,0.0003039837465621531,train,0.00028961224597878754,train,0.00010629306052578613
$KAGGLE_ROOT/train/benign/443.jpg,train,0,9295,HAM_0003430,0,4.0,0.000325395172694698,0.00010637031846272293,train,9.657359623815864e-05,train,8.90239462023601e-05,train,0.00013136632333043963,train,0.00010851740807993338,test,0.000325395172694698
$KAGGLE_ROOT/train/benign/445.jpg,train,0,3725,HAM_0001411,0,0.0,3.545960862538777e-05,5.5450480886065634e-05,train,2.602355925773736e-05,train,4.12304034398403e-05,train,7.618438394274563e-05,test,3.545960862538777e-05,train,7.836357690393925e-05
$KAGGLE_ROOT/train/benign/446.jpg,train,0,6120,HAM_0005129,0,2.0,1.7279229723499157e-05,0.00010109775151552942,val,3.244886829634197e-05,train,9.329705062555149e-05,test,1.7279229723499157e-05,train,5.756688551628031e-05,train,0.00015242931840475649
$KAGGLE_ROOT/train/benign/447.jpg,train,0,3854,HAM_0004310,0,2.0,3.220811777282506e-05,3.3361288160449476e-05,train,1.488826183049241e-05,train,2.7976931960438378e-05,test,3.220811777282506e-05,train,2.0448516806936823e-05,train,7.013144204393029e-05
$KAGGLE_ROOT/train/benign/448.jpg,train,0,9127,HAM_0006114,0,4.0,0.04559190943837166,0.01256258316182842,val,0.0007316936971619725,train,0.0002803828101605177,train,0.03582971915602684,train,0.0015776475192978978,test,0.04559190943837166
$KAGGLE_ROOT/train/benign/450.jpg,train,0,6093,HAM_0007580,0,2.0,2.7365820642444305e-05,7.266340253408998e-05,train,8.105949382297695e-05,train,8.037337829591706e-05,test,2.7365820642444305e-05,train,5.655733548337594e-05,val,0.00019273017824161798
$KAGGLE_ROOT/train/benign/451.jpg,train,0,6885,HAM_0007189,0,2.0,0.00027980198501609266,0.003699457989569055,test,0.00027980198501609266,train,0.00027748305001296103,train,0.013597375713288784,train,0.00016847804363351315,train,0.0007544951513409615
$KAGGLE_ROOT/train/benign/452.jpg,train,0,4879,HAM_0003863,0,2.0,4.167924998910166e-05,5.115930525789736e-05,train,1.4726533663633745e-05,test,4.167924998910166e-05,val,1.7447946447646245e-05,train,1.6645388313918374e-05,train,0.00012210599379613996
$KAGGLE_ROOT/train/benign/453.jpg,train,0,5353,HAM_0005687,0,4.0,4.5339071220951155e-05,3.849650966003537e-05,test,4.5339071220951155e-05,train,4.9864429456647485e-05,train,2.140336982847657e-05,train,2.6143852664972655e-05,train,5.6574386690044776e-05
$KAGGLE_ROOT/train/benign/455.jpg,train,0,6125,HAM_0001823,0,0.0,3.740269676200114e-05,3.6954518691345584e-05,train,3.58342585968785e-05,train,3.142051355098374e-05,train,1.5704579709563404e-05,test,3.740269676200114e-05,train,6.485872290795669e-05
$KAGGLE_ROOT/train/benign/456.jpg,train,0,8692,HAM_0001737,0,0.0,0.0011824466055259109,0.0014841575175523758,test,0.0011824466055259109,train,0.0006431634537875652,val,0.00014320932677946985,train,0.0022053008433431387,train,0.0016040082555264235
$KAGGLE_ROOT/train/benign/458.jpg,train,0,3374,HAM_0000003,0,2.0,1.665961644903291e-05,3.236093016312225e-05,train,1.7972135538002476e-05,test,1.665961644903291e-05,train,1.7904476408148184e-05,train,4.6864530304446816e-05,train,4.6702578401891515e-05
$KAGGLE_ROOT/train/benign/459.jpg,train,0,8249,HAM_0004239,0,2.0,3.476134952506982e-05,0.00016449884196845233,test,3.476134952506982e-05,train,4.637416350306012e-05,train,2.857497202057857e-05,train,0.00010714860400184989,train,0.0004758976283483207
$KAGGLE_ROOT/train/benign/46.jpg,train,0,8919,HAM_0007284,0,2.0,0.0001256202522199601,0.0001272136050829431,train,7.428775279549882e-05,test,0.0001256202522199601,train,0.0002004178095376119,train,8.998773409985006e-05,train,0.00014416112389881164
$KAGGLE_ROOT/train/benign/460.jpg,train,0,8811,HAM_0002490,0,0.0,0.0041832393035292625,0.0013254039149614982,train,0.0005469744210131466,train,0.0004174384812358767,test,0.0041832393035292625,train,0.003333397675305605,train,0.0010038050822913647
$KAGGLE_ROOT/train/benign/461.jpg,train,0,5302,HAM_0006717,0,0.0,3.103749986621551e-05,7.019738131930353e-05,train,3.771009505726397e-05,test,3.103749986621551e-05,train,5.167112612980418e-05,train,8.197801071219146e-05,train,0.00010943029337795451
$KAGGLE_ROOT/train/benign/463.jpg,train,0,3921,HAM_0004015,0,2.0,4.726442784885876e-05,4.807745153811993e-05,train,2.988382584589999e-05,test,4.726442784885876e-05,train,9.713912004372105e-05,train,3.64937077392824e-05,train,2.8793152523576282e-05
$KAGGLE_ROOT/train/benign/464.jpg,train,0,6211,HAM_0002236,0,4.0,9.118896559812129e-05,6.014336031512357e-05,train,2.0041141397086903e-05,train,7.475335587514564e-05,val,8.647474169265479e-05,test,9.118896559812129e-05,train,8.563558367313817e-05
$KAGGLE_ROOT/train/benign/465.jpg,train,0,4347,HAM_0001653,0,6.0,9.837491234065965e-05,3.160041478622588e-05,train,2.6866337066167034e-05,train,1.7152906366391107e-05,train,3.3506785257486627e-05,train,4.8875630454858765e-05,test,9.837491234065965e-05
$KAGGLE_ROOT/train/benign/466.jpg,train,0,8420,HAM_0003164,0,0.0,2.8000475140288472e-05,8.353396090872896e-05,test,2.8000475140288472e-05,train,8.310355769935995e-05,val,4.095565600437112e-05,train,4.0445960621582344e-05,train,0.0001270523644052446
$KAGGLE_ROOT/train/benign/467.jpg,train,0,6727,HAM_0007202,0,0.0,6.45246691419743e-05,6.920764826645609e-05,train,2.591936026874464e-05,train,3.437440682318993e-05,train,0.0001473291777074337,val,0.001095036743208766,test,6.45246691419743e-05
$KAGGLE_ROOT/train/benign/468.jpg,train,0,6563,HAM_0005644,0,0.0,0.0002615778357721865,9.31971217141836e-05,train,7.759491563774645e-05,train,5.570056600845419e-05,train,4.965905100107193e-05,test,0.0002615778357721865,train,0.0001898339542094618
$KAGGLE_ROOT/train/benign/469.jpg,train,0,4110,HAM_0004320,0,2.0,1.548400723550003e-05,0.00011160313806612976,test,1.548400723550003e-05,train,4.168199666310102e-05,train,0.00015181298658717424,train,9.449811477679759e-05,train,0.0001584194542374462
$KAGGLE_ROOT/train/benign/47.jpg,train,0,4305,HAM_0005816,0,6.0,0.00011004727275576442,0.00016151221279869787,train,7.313039532164112e-05,train,4.855545557802543e-05,test,0.00011004727275576442,train,0.0002946802705992013,train,0.00022968272969592363
$KAGGLE_ROOT/train/benign/470.jpg,train,0,8254,HAM_0000342,0,2.0,0.00025224059936590493,3.724654561665375e-05,train,4.3577376345638186e-05,train,2.21784612222109e-05,train,3.970214311266318e-05,train,4.352820178610273e-05,test,0.00025224059936590493
$KAGGLE_ROOT/train/benign/471.jpg,train,0,5354,HAM_0000185,0,4.0,2.9576012821053155e-05,5.4988493502605706e-05,train,3.62281316483859e-05,train,5.522160790860653e-05,test,2.9576012821053155e-05,train,5.918675378779881e-05,train,6.931748066563159e-05
$KAGGLE_ROOT/train/benign/472.jpg,train,0,6943,HAM_0007606,0,2.0,0.01592826098203659,0.0025731396938984594,train,0.007254744414240122,train,4.094667383469641e-05,val,0.0054289489053189754,test,0.01592826098203659,train,0.0004237279936205596
$KAGGLE_ROOT/train/benign/473.jpg,train,0,9012,HAM_0001104,0,2.0,3.255375486332923e-05,3.5499740988598205e-05,test,3.255375486332923e-05,val,0.0002118277916451916,val,6.940975436009467e-05,train,3.745052163139917e-05,train,3.354896034579724e-05
$KAGGLE_ROOT/train/benign/474.jpg,train,0,8133,HAM_0000139,0,2.0,0.00022548878041561693,0.00013837997600300392,train,5.003562546335161e-05,train,2.251214209536556e-05,val,8.006655116332695e-05,train,0.0003425921604502946,test,0.00022548878041561693
$KAGGLE_ROOT/train/benign/476.jpg,train,0,6844,HAM_0002942,0,4.0,0.0001360910973744467,0.0008127686160150915,test,0.0001360910973744467,train,0.0012968508526682854,train,0.0005102372379042208,train,0.0009379462571814656,train,0.0005060401163063943
$KAGGLE_ROOT/train/benign/477.jpg,train,0,3259,HAM_0002322,0,2.0,0.00011668945080600679,0.0001770428452800843,train,1.95057837117929e-05,test,0.00011668945080600679,train,0.00044915315811522305,train,0.0001245801686309278,train,0.00011493227066239342
$KAGGLE_ROOT/train/benign/478.jpg,train,0,5061,HAM_0001564,0,2.0,0.0001638901449041441,3.361830431458657e-05,train,2.7871132260770537e-05,train,3.904037657775916e-05,train,3.7390786019386724e-05,train,3.0170922400429845e-05,test,0.0001638901449041441
$KAGGLE_ROOT/train/benign/48.jpg,train,0,8210,HAM_0006547,0,0.0,0.005214599426835775,0.009416967235665652,train,0.0019771887455135584,train,4.5764776587020606e-05,test,0.005214599426835775,train,0.03433256223797798,train,0.0013123531825840473
$KAGGLE_ROOT/train/benign/480.jpg,train,0,8674,HAM_0003117,0,0.0,8.40456341393292e-05,0.00019231762416893616,test,8.40456341393292e-05,train,4.096636257600039e-05,val,0.000989602878689766,train,3.238360659452155e-05,train,0.0005036029033362865
$KAGGLE_ROOT/train/benign/481.jpg,train,0,5477,HAM_0005844,0,2.0,0.0004664897278416902,0.00014483894392469665,train,5.6356519053224474e-05,train,4.877022365690209e-05,test,0.0004664897278416902,train,0.00013010772818233818,train,0.00034412130480632186
$KAGGLE_ROOT/train/benign/482.jpg,train,0,3455,HAM_0006523,0,0.0,4.972150782123208e-05,0.0001159244820883032,val,4.4462216465035453e-05,train,2.2263840946834534e-05,test,4.972150782123208e-05,val,0.00021587262745015323,train,0.00020958512322977185
$KAGGLE_ROOT/train/benign/483.jpg,train,0,6628,HAM_0003547,0,2.0,3.0768966098548844e-05,5.954666767138406e-05,train,2.8440184905775823e-05,test,3.0768966098548844e-05,train,5.374617103370838e-05,train,2.707632665988058e-05,train,0.00012892398808617145
$KAGGLE_ROOT/train/benign/485.jpg,train,0,5215,HAM_0003643,0,4.0,2.439639501972124e-05,4.17349551753432e-05,test,2.439639501972124e-05,train,3.090827522100881e-05,train,2.8699532776954584e-05,train,2.270621553179808e-05,train,8.462579717161134e-05
$KAGGLE_ROOT/train/benign/486.jpg,train,0,9682,HAM_0006283,0,0.0,7.391796680167317e-05,0.0003112889316980727,train,7.562017708551139e-05,train,3.846978870569728e-05,train,4.445492595550604e-05,test,7.391796680167317e-05,train,0.001086610835045576
$KAGGLE_ROOT/train/benign/487.jpg,train,0,8215,HAM_0002031,0,0.0,3.515828211675398e-05,8.439541306870524e-05,train,4.0797898691380396e-05,test,3.515828211675398e-05,val,0.00010581198876025155,val,9.613816655473784e-05,train,0.00012799292744603008
$KAGGLE_ROOT/train/benign/488.jpg,train,0,6250,HAM_0006360,0,6.0,3.772865966311656e-05,0.0001007277419375896,train,2.2169009753270075e-05,train,1.6148371287272312e-05,test,3.772865966311656e-05,train,4.853355494560674e-05,train,0.00031606003176420927
$KAGGLE_ROOT/train/benign/489.jpg,train,0,4254,HAM_0006614,0,2.0,2.6144201910938136e-05,6.548978990394971e-05,train,3.104898860328831e-05,train,9.096394205698743e-05,train,2.361484985158313e-05,test,2.6144201910938136e-05,train,0.00011633137910393998
$KAGGLE_ROOT/train/benign/49.jpg,train,0,4353,HAM_0004520,0,2.0,0.00013137960922904313,0.0002997034207510296,test,0.00013137960922904313,train,8.134391100611538e-05,train,0.0007084790267981589,train,0.00020076168584637344,train,0.0002082290593534708
$KAGGLE_ROOT/train/benign/490.jpg,train,0,8683,HAM_0001077,0,2.0,0.00013676287198904902,0.0001810647372622043,train,0.00016593954933341593,test,0.00013676287198904902,val,0.0010097580961883068,train,8.12411162769422e-05,train,0.00029601354617625475
$KAGGLE_ROOT/train/benign/491.jpg,train,0,6401,HAM_0003442,0,2.0,2.6504314519115724e-05,0.00012156015145592391,train,4.3803742300951853e-05,train,6.370478513417765e-05,test,2.6504314519115724e-05,train,4.021911081508733e-05,train,0.0003385129675734788
$KAGGLE_ROOT/train/benign/492.jpg,train,0,7278,HAM_0001220,0,2.0,0.002745525911450386,0.0007593695336254314,train,0.00031080422922968864,train,0.00014034449122846127,train,0.002353562042117119,train,0.0002327673719264567,test,0.002745525911450386
$KAGGLE_ROOT/train/benign/493.jpg,train,0,3376,HAM_0005569,0,0.0,0.0001066733238985762,0.0001260355772198333,train,0.00011801481014117599,train,4.814716157852672e-05,val,0.0003009567444678396,test,0.0001066733238985762,train,0.00021194475993979722
$KAGGLE_ROOT/train/benign/494.jpg,train,0,8151,HAM_0000070,0,2.0,3.265620762249455e-05,9.346646038466133e-05,train,4.5093118387740105e-05,test,3.265620762249455e-05,train,0.00016284367302432656,train,3.954284329665825e-05,train,0.0001263862068299204
$KAGGLE_ROOT/train/benign/496.jpg,train,0,3698,HAM_0005219,0,2.0,8.223443001043051e-05,0.00014713427663082257,test,8.223443001043051e-05,train,4.0539489418733865e-05,train,3.838835618807934e-05,train,5.2279381634434685e-05,train,0.0004573298792820424
$KAGGLE_ROOT/train/benign/497.jpg,train,0,4168,HAM_0000428,0,2.0,7.615998038090765e-05,6.274281258811243e-05,val,0.00010252603533444926,train,8.20147615741007e-05,train,5.298329415381886e-05,test,7.615998038090765e-05,train,5.323038203641772e-05
$KAGGLE_ROOT/train/benign/498.jpg,train,0,3682,HAM_0006885,0,4.0,0.00024649075930938125,6.249131365620997e-05,train,3.189591734553687e-05,val,2.686472362256609e-05,train,0.00013163390394765884,train,2.3944119675434195e-05,test,0.00024649075930938125
$KAGGLE_ROOT/train/benign/499.jpg,train,0,3417,HAM_0002741,0,0.0,1.4471727808995638e-05,4.858629048006454e-05,test,1.4471727808995638e-05,val,1.873526707640849e-05,train,8.915783109841868e-05,train,2.0152512661297806e-05,train,3.644852768047713e-05
$KAGGLE_ROOT/train/benign/50.jpg,train,0,9133,HAM_0003590,0,0.0,0.00046518287854269147,0.0005897070295759477,train,0.000576477381400764,train,0.0001053971063811332,train,0.0007789317169226706,test,0.00046518287854269147,train,0.0008980219135992229
$KAGGLE_ROOT/train/benign/500.jpg,train,0,4796,HAM_0003436,0,2.0,3.641343937488273e-05,6.465935257438105e-05,train,8.517998503521085e-05,test,3.641343937488273e-05,train,4.1775230783969164e-05,train,3.333608037792146e-05,train,9.834611410042271e-05
$KAGGLE_ROOT/train/benign/501.jpg,train,0,4162,HAM_0002290,0,2.0,1.7759894035407342e-05,2.8927520361321513e-05,train,1.9485072698444128e-05,test,1.7759894035407342e-05,train,2.5591150915715843e-05,train,1.8360657122684643e-05,train,5.2273200708441436e-05
$KAGGLE_ROOT/train/benign/502.jpg,train,0,8171,HAM_0001041,0,0.0,7.997627835720778e-05,0.00015661807447031606,train,8.154023817041889e-05,train,6.76862255204469e-05,train,0.0003282451943960041,test,7.997627835720778e-05,train,0.00014900063979439437
$KAGGLE_ROOT/train/benign/503.jpg,train,0,4663,HAM_0004891,0,2.0,1.9660810721688904e-05,3.585387639759574e-05,train,1.604650060471613e-05,train,2.756645881163422e-05,test,1.9660810721688904e-05,train,2.785622564260848e-05,train,7.194632053142413e-05
$KAGGLE_ROOT/train/benign/504.jpg,train,0,3039,HAM_0003414,0,4.0,7.080213981680572e-05,5.3554793339571916e-05,train,3.821067002718337e-05,train,6.270661106100306e-05,test,7.080213981680572e-05,train,4.08364758186508e-05,train,7.246541645145044e-05
$KAGGLE_ROOT/train/benign/505.jpg,train,0,9181,HAM_0003054,0,2.0,0.00015090950182639062,0.0007386327439841504,train,0.00021655931777786463,train,0.0009737567161209881,val,0.00027625664370134473,test,0.00015090950182639062,train,0.0010255821980535984
$KAGGLE_ROOT/train/benign/506.jpg,train,0,6480,HAM_0007226,0,2.0,0.00012840171984862536,5.045099442213541e-05,train,2.3571403289679438e-05,train,4.719096978078596e-05,train,9.429144847672433e-05,train,3.675015614135191e-05,test,0.00012840171984862536
$KAGGLE_ROOT/train/benign/507.jpg,train,0,6524,HAM_0004416,0,0.0,3.1219591619446874e-05,2.4123131424858002e-05,train,1.53781111293938e-05,train,1.599264760443475e-05,train,3.6267814721213654e-05,train,2.8853952244389802e-05,test,3.1219591619446874e-05
$KAGGLE_ROOT/train/benign/508.jpg,train,0,9361,HAM_0000159,0,4.0,6.178455805638805e-05,0.000328628666466102,train,0.0002923743159044534,train,5.972094368189573e-05,val,0.0012524996418505907,test,6.178455805638805e-05,train,0.0006337907398119569
$KAGGLE_ROOT/train/benign/509.jpg,train,0,8733,HAM_0002087,0,2.0,0.05250202864408493,0.013374287091816464,train,0.026487745344638824,val,0.02564864046871662,train,0.012260778807103634,train,0.0013743371237069368,test,0.05250202864408493
$KAGGLE_ROOT/train/benign/51.jpg,train,0,6739,HAM_0005360,0,2.0,6.650925206486136e-05,5.141369911143556e-05,val,4.8540965508436784e-05,test,6.650925206486136e-05,train,6.864540046080947e-05,train,3.4181997762061656e-05,val,0.0011561419814825058
$KAGGLE_ROOT/train/benign/510.jpg,train,0,4054,HAM_0005080,0,4.0,3.9716120227240026e-05,4.3846803691849345e-05,train,2.3239123038365506e-05,test,3.9716120227240026e-05,train,3.4329066693317145e-05,train,4.857078238273971e-05,train,6.924824265297502e-05
$KAGGLE_ROOT/train/benign/511.jpg,train,0,6456,HAM_0003773,0,2.0,7.519577047787607e-05,3.9231789135859195e-05,train,1.1619890756264795e-05,test,7.519577047787607e-05,train,3.673274113680236e-05,val,1.2951835742569529e-05,train,6.934273551451042e-05
$KAGGLE_ROOT/train/benign/512.jpg,train,0,4913,HAM_0001099,0,2.0,2.1949743313598447e-05,0.00012276334564376157,train,3.8098420191090554e-05,val,8.792070002527907e-05,train,2.044403117906768e-05,test,2.1949743313598447e-05,train,0.00030974758556112647
$KAGGLE_ROOT/train/benign/513.jpg,train,0,9158,HAM_0007083,0,2.0,6.072750693419948e-05,0.01624015507331933,train,0.0002304346562596038,train,0.00021237725741229951,train,0.0027928475756198168,test,6.072750693419948e-05,train,0.061724960803985596
$KAGGLE_ROOT/train/benign/514.jpg,train,0,9372,HAM_0005365,0,0.0,0.00016746293113101274,0.00048483327464055037,test,0.00016746293113101274,train,5.2370447519933805e-05,train,0.0002126879116985947,train,0.0008065500878728926,train,0.0008677246514707804
$KAGGLE_ROOT/train/benign/515.jpg,train,0,4321,HAM_0003432,0,0.0,0.0002202816103817895,0.0006124333043165583,train,0.0011140959104523063,val,4.36857262684498e-05,train,2.805074655043427e-05,train,0.0006951532559469342,test,0.0002202816103817895
$KAGGLE_ROOT/train/benign/516.jpg,train,0,8595,HAM_0000891,0,2.0,0.00015354921924881637,9.379949976088635e-05,test,0.00015354921924881637,val,4.8991638323059306e-05,train,3.011360422533471e-05,train,3.3864482247736305e-05,train,0.00021742041280958802
$KAGGLE_ROOT/train/benign/517.jpg,train,0,5540,HAM_0003784,0,2.0,3.3102256566053256e-05,5.5900979077705415e-05,train,2.020491228904575e-05,test,3.3102256566053256e-05,train,4.7825047658989206e-05,train,2.5406536224181764e-05,train,0.00013016742013860494
$KAGGLE_ROOT/train/benign/518.jpg,train,0,6288,HAM_0000223,0,4.0,0.0001325488556176424,5.138489723321982e-05,val,4.066672408953309e-05,val,5.6764500186545774e-05,train,5.138489723321982e-05,val,1.9137767594656907e-05,test,0.0001325488556176424
$KAGGLE_ROOT/train/benign/519.jpg,train,0,9341,HAM_0006551,0,4.0,0.004480065777897835,8.979994322544371e-05,test,0.004480065777897835,train,8.739442273508757e-05,train,0.00017649252549745142,train,8.043540583457798e-05,train,1.4877418834657874e-05
$KAGGLE_ROOT/train/benign/52.jpg,train,0,9650,HAM_0005347,0,2.0,7.507640111725777e-05,0.0005729095901187975,train,4.178849849267863e-05,val,5.800773578812368e-05,test,7.507640111725777e-05,train,6.224939716048539e-05,train,0.0016146908747032285
$KAGGLE_ROOT/train/benign/521.jpg,train,0,5547,HAM_0000440,0,4.0,0.00014699366874992847,0.00014053510434071845,train,5.2042611059732735e-05,train,6.326677248580381e-05,val,0.00010207787272520363,test,0.00014699366874992847,train,0.00030629592947661877
$KAGGLE_ROOT/train/benign/522.jpg,train,0,3084,HAM_0000750,0,0.0,3.654350803117268e-05,3.978752374678152e-05,train,3.2372430723626167e-05,train,2.18964705709368e-05,train,4.143915793974884e-05,test,3.654350803117268e-05,train,6.344203575281426e-05
$KAGGLE_ROOT/train/benign/523.jpg,train,0,6227,HAM_0002799,0,2.0,1.1399383765819948e-05,3.923831718566362e-05,test,1.1399383765819948e-05,train,3.2323659979738295e-05,train,2.490390579623636e-05,train,2.914952528954018e-05,train,7.057617767713964e-05
$KAGGLE_ROOT/train/benign/524.jpg,train,0,5517,HAM_0004512,0,2.0,1.658196561038494e-05,5.5884972728866465e-05,test,1.658196561038494e-05,train,3.401103094802238e-05,train,7.611031469423324e-05,train,5.753357254434377e-05,val,0.00028818193823099136
$KAGGLE_ROOT/train/benign/525.jpg,train,0,8453,HAM_0006470,0,0.0,0.00022221796098165214,0.00012613286526175216,train,0.00010162857506657019,train,6.423091690521687e-05,test,0.00022221796098165214,val,0.0001427742390660569,train,0.0002125391038134694
$KAGGLE_ROOT/train/benign/526.jpg,train,0,5662,HAM_0003272,0,2.0,8.011924364836887e-05,6.971617403905839e-05,val,2.6018271455541253e-05,train,2.983277227031067e-05,test,8.011924364836887e-05,val,6.645060784649104e-05,train,0.0001095995758078061
$KAGGLE_ROOT/train/benign/528.jpg,train,0,4401,HAM_0006648,0,2.0,0.000109052263724152,2.9827199341525557e-05,train,2.0687381038442254e-05,train,1.8372253180132248e-05,train,5.657492147292942e-05,train,2.3674241674598306e-05,test,0.000109052263724152
$KAGGLE_ROOT/train/benign/529.jpg,train,0,9147,HAM_0007413,0,0.0,0.0003341938427183777,0.00025889312018989585,test,0.0003341938427183777,train,8.588902710471302e-05,train,0.0004307485942263156,train,9.413063526153564e-05,train,0.00042480422416701913
$KAGGLE_ROOT/train/benign/53.jpg,train,0,9293,HAM_0003430,0,0.0,0.008212318643927574,9.991005072151893e-05,train,7.15708447387442e-05,train,3.0148288715281524e-05,train,0.00015725637786090374,train,0.00014066469157114625,test,0.008212318643927574
$KAGGLE_ROOT/train/benign/530.jpg,train,0,5810,HAM_0004357,0,2.0,3.024749821634032e-05,0.00018155712799246734,train,0.00030731913284398615,test,3.024749821634032e-05,val,0.00016373941616620868,train,0.00011880586680490524,train,0.00011854638432851061
$KAGGLE_ROOT/train/benign/531.jpg,train,0,6451,HAM_0003725,0,4.0,2.2122439986560494e-05,4.070262775712763e-05,train,4.5888191380072385e-05,train,3.959321838920005e-05,test,2.2122439986560494e-05,train,2.4778704755590297e-05,train,5.255039650364779e-05
$KAGGLE_ROOT/train/benign/533.jpg,train,0,8569,HAM_0007240,0,4.0,0.0002911426417995244,0.00016796586169220973,train,0.0001023592849378474,train,0.00016120434156619012,train,0.00019369239453226328,train,0.0002146074257325381,test,0.0002911426417995244
$KAGGLE_ROOT/train/benign/534.jpg,train,0,5588,HAM_0004451,0,4.0,7.841881597414613e-05,4.2101041799469385e-05,train,1.94436597666936e-05,test,7.841881597414613e-05,train,1.3245895388536155e-05,train,2.6634372261469252e-05,train,0.00010908023978117853
$KAGGLE_ROOT/train/benign/537.jpg,train,0,6145,HAM_0001317,0,2.0,0.00010621747787809,7.969987291289726e-05,train,2.0417357518454082e-05,val,2.8238815502845682e-05,test,0.00010621747787809,val,4.917700061923824e-05,train,0.00013898238830734044
$KAGGLE_ROOT/train/benign/538.jpg,train,0,9059,HAM_0004008,0,0.0,2.9002731025684625e-05,7.714910771028372e-05,test,2.9002731025684625e-05,train,4.8495669034309685e-05,train,4.831642218050547e-05,train,3.303014091216028e-05,train,0.00017875419871415943
$KAGGLE_ROOT/train/benign/539.jpg,train,0,9052,HAM_0002295,0,2.0,3.267692227382213e-05,4.168030257763652e-05,train,7.587233994854614e-05,train,2.393140493950341e-05,test,3.267692227382213e-05,val,5.188923387322575e-05,train,2.5237162844859995e-05
$KAGGLE_ROOT/train/benign/540.jpg,train,0,4983,HAM_0001496,0,2.0,3.57708522642497e-05,0.0001063060177936374,train,2.5803175958571956e-05,train,6.617256440222263e-05,test,3.57708522642497e-05,train,0.00022694231302011758,val,0.0003654833708424121
$KAGGLE_ROOT/train/benign/541.jpg,train,0,6302,HAM_0005778,0,2.0,1.5951749446685426e-05,2.6951038762490498e-05,test,1.5951749446685426e-05,train,2.5057610400835983e-05,train,1.5938656360958703e-05,train,1.674954364716541e-05,train,5.0058344641001895e-05
$KAGGLE_ROOT/train/benign/542.jpg,train,0,5345,HAM_0002168,0,2.0,1.897582296805922e-05,4.739862606584211e-05,train,2.6164878363488242e-05,train,4.8324258386855945e-05,test,1.897582296805922e-05,train,3.049280530831311e-05,train,8.461256220471114e-05
$KAGGLE_ROOT/train/benign/543.jpg,train,0,6647,HAM_0004745,0,4.0,6.551459955517203e-05,3.13929958792869e-05,val,1.5074378097779118e-05,test,6.551459955517203e-05,val,2.5210676540154964e-05,train,1.6678564861649647e-05,train,4.610742689692415e-05
$KAGGLE_ROOT/train/benign/544.jpg,train,0,6445,HAM_0000117,0,2.0,6.270930316532031e-05,5.946518467681017e-05,train,2.2736398022971116e-05,train,4.3671894673025236e-05,train,0.00011198726133443415,test,6.270930316532031e-05,val,0.00043409448699094355
$KAGGLE_ROOT/train/benign/546.jpg,train,0,3334,HAM_0006969,0,4.0,1.2928981050208677e-05,1.9824039251640595e-05,test,1.2928981050208677e-05,train,1.2055893421347719e-05,train,2.6279385565430857e-05,train,2.1136838768143207e-05,val,5.3643401770386845e-05
$KAGGLE_ROOT/train/benign/547.jpg,train,0,9667,HAM_0005018,0,4.0,0.0007807933143340051,0.0018608118819732529,train,7.491606083931401e-05,train,0.00027288601268082857,train,0.005234633572399616,val,0.0003759591781999916,test,0.0007807933143340051
$KAGGLE_ROOT/train/benign/549.jpg,train,0,6778,HAM_0002120,0,2.0,0.00036875728983432055,0.0006222905903996434,train,0.0004760584852192551,train,4.297513805795461e-05,train,0.0011705367360264063,test,0.00036875728983432055,train,0.0007995920022949576
$KAGGLE_ROOT/train/benign/55.jpg,train,0,3132,HAM_0002317,0,2.0,6.370837218128145e-05,5.469749400314564e-05,val,4.176953370915726e-05,test,6.370837218128145e-05,train,4.218734466121532e-05,train,2.739305273280479e-05,train,9.451208461541682e-05
$KAGGLE_ROOT/train/benign/550.jpg,train,0,6166,HAM_0007489,0,4.0,6.136910815257579e-05,0.0001262622160235575,val,3.267178180976771e-05,train,6.890866643516347e-05,train,4.493909000302665e-05,test,6.136910815257579e-05,train,0.0002649388916324824
$KAGGLE_ROOT/train/benign/551.jpg,train,0,6626,HAM_0002927,0,2.0,0.00011459991947049275,6.381919865816599e-05,train,5.156460974831134e-05,train,1.5537494618911296e-05,train,0.00013737088011112064,train,5.080381015432067e-05,test,0.00011459991947049275
$KAGGLE_ROOT/train/benign/553.jpg,train,0,9645,HAM_0005696,0,2.0,0.015657981857657433,5.2034012696822174e-05,train,3.608132465160452e-05,train,3.0168819648679346e-05,train,0.0001076357439160347,train,3.425016257097013e-05,test,0.015657981857657433
$KAGGLE_ROOT/train/benign/554.jpg,train,0,6983,HAM_0002575,0,2.0,8.614354737801477e-05,0.002345787472828912,test,8.614354737801477e-05,train,0.00013584889529738575,train,0.00044332791003398597,val,0.0021425599697977304,train,0.006458185613155365
$KAGGLE_ROOT/train/benign/555.jpg,train,0,9099,HAM_0005664,0,2.0,6.333854980766773e-05,3.9362751522276085e-05,train,5.7598514104029164e-05,test,6.333854980766773e-05,train,2.2249301764531992e-05,train,2.819218389049638e-05,train,4.94110063300468e-05
$KAGGLE_ROOT/train/benign/556.jpg,train,0,5782,HAM_0002468,0,2.0,3.9819271478336304e-05,4.7996323701227084e-05,test,3.9819271478336304e-05,train,2.168335413443856e-05,train,3.0847848393023014e-05,train,4.337769860285334e-05,train,9.607639367459342e-05
$KAGGLE_ROOT/train/benign/557.jpg,train,0,5787,HAM_0005041,0,2.0,4.580922905006446e-05,4.27466466135229e-05,train,1.5843441360630095e-05,train,6.497021240647882e-05,train,3.876406844938174e-05,test,4.580922905006446e-05,train,5.140886423760094e-05
$KAGGLE_ROOT/train/benign/56.jpg,train,0,8875,HAM_0006757,0,4.0,7.889579137554392e-05,0.0065102528569696005,train,0.00021863005531486124,test,7.889579137554392e-05,train,0.0005589395295828581,train,0.00172109913546592,train,0.023542342707514763
$KAGGLE_ROOT/train/benign/563.jpg,train,0,5922,HAM_0004509,0,0.0,2.491656778147444e-05,0.0001496892497622563,test,2.491656778147444e-05,train,4.7815516154514626e-05,train,0.00010363617184339091,val,1.880140189314261e-05,train,0.0002976160612888634
$KAGGLE_ROOT/train/benign/564.jpg,train,0,8405,HAM_0007358,0,2.0,5.51094017282594e-05,3.497317447909154e-05,train,5.297737880027853e-05,train,2.526791467971634e-05,train,2.667422995727975e-05,val,6.838627450633794e-05,test,5.51094017282594e-05
$KAGGLE_ROOT/train/benign/565.jpg,train,0,6449,HAM_0005765,0,2.0,0.00025194662157446146,0.00013453979590849485,test,0.00025194662157446146,train,5.816516204504296e-05,train,8.086030720733106e-05,train,0.0003512026451062411,train,4.793106927536428e-05
$KAGGLE_ROOT/train/benign/567.jpg,train,0,3229,HAM_0005753,0,0.0,2.2588250430999324e-05,1.5396235236645833e-05,train,1.4742707207915373e-05,test,2.2588250430999324e-05,train,1.3896525160816964e-05,train,1.7549473341205157e-05,val,5.715035877074115e-05
$KAGGLE_ROOT/train/benign/568.jpg,train,0,4837,HAM_0000084,0,0.0,4.308564530219883e-05,5.303017981835486e-05,val,3.710604505613446e-05,test,4.308564530219883e-05,train,7.583313708892092e-05,train,2.9451946829794906e-05,train,5.3805455536348745e-05
$KAGGLE_ROOT/train/benign/569.jpg,train,0,6210,HAM_0001868,0,2.0,4.316958802519366e-05,6.293577765366838e-05,train,2.0030727682751603e-05,val,6.700739322695881e-05,train,7.853047281969339e-05,train,9.024613245856017e-05,test,4.316958802519366e-05
$KAGGLE_ROOT/train/benign/570.jpg,train,0,5923,HAM_0005114,0,2.0,1.5217473446682561e-05,4.4338872006240614e-05,test,1.5217473446682561e-05,train,2.61100176430773e-05,train,7.238199032144621e-05,train,3.4524608054198325e-05,val,3.7453166441991925e-05
$KAGGLE_ROOT/train/benign/571.jpg,train,0,6043,HAM_0000035,0,4.0,0.00011007823195541278,0.00017272851740320524,test,0.00011007823195541278,val,7.488006667699665e-05,train,0.0003201663785148412,train,6.150919944047928e-05,train,0.00013650997425429523
$KAGGLE_ROOT/train/benign/576.jpg,train,0,4933,HAM_0003719,0,4.0,3.122280759271234e-05,6.992921134951757e-05,train,3.228853893233463e-05,train,5.4932628700044006e-05,test,3.122280759271234e-05,train,3.853830639855005e-05,train,0.0001539573713671416
$KAGGLE_ROOT/train/benign/577.jpg,train,0,6071,HAM_0002621,0,6.0,0.00012149565736763179,9.614097689336631e-05,val,6.480580486822873e-05,test,0.00012149565736763179,val,0.00013803725596517324,train,4.4644231820711866e-05,train,0.00014763772196602076
$KAGGLE_ROOT/train/benign/578.jpg,train,0,3637,HAM_0002631,0,6.0,4.831918704439886e-05,8.133551727951271e-05,train,1.9746439647860825e-05,test,4.831918704439886e-05,train,3.565421138773672e-05,train,8.677633013576269e-05,train,0.00018316508794669062
$KAGGLE_ROOT/train/benign/579.jpg,train,0,6255,HAM_0004051,0,2.0,0.00011813304445240647,2.871642269989631e-05,train,3.862775338348001e-05,train,2.3157137547968887e-05,train,2.4364377168240026e-05,val,6.618013139814138e-05,test,0.00011813304445240647
$KAGGLE_ROOT/train/benign/58.jpg,train,0,4654,HAM_0004606,0,0.0,2.758073605946265e-05,3.844233409229977e-05,val,5.202296233619563e-05,train,2.9582359275082126e-05,train,2.6702709874371067e-05,train,5.90419331274461e-05,test,2.758073605946265e-05
$KAGGLE_ROOT/train/benign/581.jpg,train,0,3268,HAM_0004890,0,2.0,4.086409535375424e-05,5.8299671460796766e-05,train,2.8221960747032426e-05,train,2.262535235786345e-05,test,4.086409535375424e-05,val,4.928512134938501e-05,train,0.00012405170127749443
$KAGGLE_ROOT/train/benign/582.jpg,train,0,4846,HAM_0002697,0,0.0,2.0629835489671677e-05,7.726069634372834e-05,train,2.3294172933674417e-05,train,2.49940076173516e-05,train,7.033765723463148e-05,test,2.0629835489671677e-05,train,0.00019041694758925587
$KAGGLE_ROOT/train/benign/583.jpg,train,0,8281,HAM_0001830,0,0.0,0.00044368638191372156,7.914833258837461e-05,train,0.00016738567501306534,train,3.295183341833763e-05,test,0.00044368638191372156,train,5.956418681307696e-05,train,5.6691635109018534e-05
$KAGGLE_ROOT/train/benign/584.jpg,train,0,3823,HAM_0001005,0,2.0,7.480020576622337e-05,5.049605169915594e-05,train,3.0745850381208584e-05,test,7.480020576622337e-05,val,1.7139924239018e-05,train,5.523514118976891e-05,train,6.550716352649033e-05
$KAGGLE_ROOT/train/benign/585.jpg,train,0,8083,HAM_0005421,0,0.0,3.460747757344507e-05,0.00018032447042060085,train,7.111848390195519e-05,test,3.460747757344507e-05,train,0.00011288237874396145,train,0.00014343523071147501,train,0.00039386178832501173
$KAGGLE_ROOT/train/benign/586.jpg,train,0,6473,HAM_0002059,0,4.0,5.597767813014798e-05,3.838159500446636e-05,val,2.872321601898875e-05,train,5.004860577173531e-05,test,5.597767813014798e-05,train,1.6978718122118153e-05,train,4.8117461119545624e-05
$KAGGLE_ROOT/train/benign/587.jpg,train,0,3691,HAM_0004964,0,0.0,8.538858674000949e-05,0.0001291488588321954,train,0.00012490680092014372,train,0.00026721213362179697,train,5.6795957789290696e-05,test,8.538858674000949e-05,train,6.768054299755022e-05
$KAGGLE_ROOT/train/benign/589.jpg,train,0,9523,HAM_0005689,0,0.0,5.2212370064808056e-05,7.582936632388737e-05,train,1.9333368982188404e-05,test,5.2212370064808056e-05,train,6.342854612739757e-05,train,0.0001586944708833471,train,6.186107930261642e-05
$KAGGLE_ROOT/train/benign/59.jpg,train,0,4768,HAM_0007472,0,4.0,2.9870121579733677e-05,6.880745195303462e-05,train,2.9153974537621252e-05,train,4.664912194130011e-05,test,2.9870121579733677e-05,train,4.065384928253479e-05,train,0.0001587728620506823
$KAGGLE_ROOT/train/benign/590.jpg,train,0,9282,HAM_0002768,0,0.0,0.003600910771638155,0.000313449498207774,train,0.00048462682752870023,train,0.0001550083834445104,train,0.0003811627102550119,test,0.003600910771638155,train,0.0002330000716028735
$KAGGLE_ROOT/train/benign/591.jpg,train,0,6519,HAM_0002331,0,6.0,6.4588944951538e-05,6.343409677356249e-05,train,3.2567448215559125e-05,train,9.743886766955256e-05,train,2.5799559807637706e-05,test,6.4588944951538e-05,train,9.793051140150055e-05
$KAGGLE_ROOT/train/benign/592.jpg,train,0,5006,HAM_0000989,0,2.0,2.931981362053193e-05,5.336675652263997e-05,val,2.010398566199001e-05,train,3.2148371246876195e-05,train,3.1661897082813084e-05,test,2.931981362053193e-05,train,9.629000123823062e-05
$KAGGLE_ROOT/train/benign/593.jpg,train,0,4372,HAM_0000969,0,2.0,0.00011008379078703001,0.00019565004004107323,train,4.450900814845227e-05,train,4.687007094617002e-05,test,0.00011008379078703001,train,0.00010308196942787617,train,0.0005881391116417944
$KAGGLE_ROOT/train/benign/594.jpg,train,0,5188,HAM_0000081,0,4.0,0.00022185953275766224,0.0001336808199994266,val,0.00010901171481236815,test,0.00022185953275766224,val,5.6038727052509785e-05,train,6.506811769213527e-05,train,0.00020229352230671793
$KAGGLE_ROOT/train/benign/595.jpg,train,0,6367,HAM_0006753,0,4.0,6.44389510853216e-05,8.336513747053687e-05,test,6.44389510853216e-05,train,5.85086272621993e-05,train,4.8921701818471774e-05,train,6.377754471031949e-05,train,0.0001622526760911569
$KAGGLE_ROOT/train/benign/597.jpg,train,0,3574,HAM_0002166,0,2.0,0.00023337025777436793,4.546952618511568e-05,train,1.1576224096643273e-05,train,2.3516393412137404e-05,train,0.00012381322449073195,train,2.29722627409501e-05,test,0.00023337025777436793
$KAGGLE_ROOT/train/benign/598.jpg,train,0,6184,HAM_0005637,0,0.0,2.0885790945612825e-05,5.857369524164824e-05,val,1.4703532542625908e-05,train,2.554601633164566e-05,test,2.0885790945612825e-05,val,4.2751384171424434e-05,train,9.160137415165082e-05
$KAGGLE_ROOT/train/benign/599.jpg,train,0,4572,HAM_0000086,0,4.0,0.00015000265557318926,3.638749634167956e-05,train,5.1072776841465384e-05,val,2.2287145839072764e-05,train,3.407914482522756e-05,train,2.4010567358345725e-05,test,0.00015000265557318926
$KAGGLE_ROOT/train/benign/6.jpg,train,0,9087,HAM_0000287,0,2.0,0.0011265755165368319,0.00013351736561162397,val,0.004124918486922979,val,0.00014488710439763963,test,0.0011265755165368319,train,5.752654396928847e-05,train,0.00020950818725395948
$KAGGLE_ROOT/train/benign/60.jpg,train,0,3421,HAM_0000649,0,4.0,1.4127587746770587e-05,3.9724142425257014e-05,test,1.4127587746770587e-05,train,2.6861929654842243e-05,train,2.2912816348252818e-05,train,1.6627696822979487e-05,train,9.249412687495351e-05
$KAGGLE_ROOT/train/benign/600.jpg,train,0,4068,HAM_0007496,0,2.0,0.00012908759526908398,5.1074352086288854e-05,train,1.978466571017634e-05,train,2.2231421098695137e-05,train,4.644528962671757e-05,test,0.00012908759526908398,train,0.00011583603190956637
$KAGGLE_ROOT/train/benign/601.jpg,train,0,9156,HAM_0007514,0,2.0,0.005776621866971254,0.010833606836968102,train,0.0005787610425613821,test,0.005776621866971254,train,0.030252207070589066,train,0.0015979382442310452,train,0.010905520990490913
$KAGGLE_ROOT/train/benign/602.jpg,train,0,5463,HAM_0007564,0,2.0,2.2978201741352677e-05,8.056577280513011e-05,train,2.515369124012068e-05,train,4.510249345912598e-05,test,2.2978201741352677e-05,train,5.2921383030479774e-05,train,0.000199085523490794
$KAGGLE_ROOT/train/benign/604.jpg,train,0,8988,HAM_0005102,0,0.0,0.0006439847638830543,9.84749176495825e-05,train,9.604918886907399e-05,train,4.708344567916356e-05,train,0.00018075246771331877,test,0.0006439847638830543,train,7.001456833677366e-05
$KAGGLE_ROOT/train/benign/605.jpg,train,0,6432,HAM_0005963,0,6.0,9.149835386779159e-05,0.0004389957175590098,train,0.00038873610901646316,test,9.149835386779159e-05,train,0.00015390322369057685,train,0.00017481933173257858,train,0.0010385242057964206
$KAGGLE_ROOT/train/benign/606.jpg,train,0,8763,HAM_0007263,0,2.0,0.00018755064229480922,3.2283195650961716e-05,train,4.404980063554831e-05,val,2.967472573800478e-05,val,0.000139225521706976,train,2.0516590666375123e-05,test,0.00018755064229480922
$KAGGLE_ROOT/train/benign/607.jpg,train,0,9145,HAM_0003790,0,4.0,0.0023112536873668432,0.001372377931450804,train,0.0037838879507035017,train,0.00025020059547387064,test,0.0023112536873668432,val,0.00020983105059713125,train,8.304524817503989e-05
$KAGGLE_ROOT/train/benign/608.jpg,train,0,4114,HAM_0003087,0,2.0,1.6170748494914733e-05,7.771416267132736e-05,test,1.6170748494914733e-05,train,2.9545906727435067e-05,train,1.1442536560934968e-05,train,0.00012345577124506235,train,0.00014641243615187705
$KAGGLE_ROOT/train/benign/609.jpg,train,0,5070,HAM_0004022,0,0.0,0.0002528596669435501,0.00017069984096451662,train,2.566659895819612e-05,train,3.156653474434279e-05,test,0.0002528596669435501,train,0.00047956756316125393,train,0.00014599866699427366
$KAGGLE_ROOT/train/benign/610.jpg,train,0,8493,HAM_0002944,0,2.0,0.00012622697977349162,0.0001270893117180094,val,0.00024105046759359539,val,0.00016668185708113015,test,0.00012622697977349162,train,0.0001270893117180094,val,0.00011575288226595148
$KAGGLE_ROOT/train/benign/611.jpg,train,0,3252,HAM_0003560,0,4.0,3.077985456911847e-05,4.181077019893564e-05,train,2.1460600692080334e-05,train,3.390170604689047e-05,test,3.077985456911847e-05,val,3.162806751788594e-05,train,7.007000385783613e-05
$KAGGLE_ROOT/train/benign/613.jpg,train,0,5516,HAM_0004111,0,0.0,7.100064249243587e-05,5.1550828175095376e-05,train,4.354493285063654e-05,train,3.987566378782503e-05,train,6.95071867085062e-05,train,5.327552935341373e-05,test,7.100064249243587e-05
$KAGGLE_ROOT/train/benign/614.jpg,train,0,8893,HAM_0002429,0,2.0,0.15341775119304657,0.06230642592709046,test,0.15341775119304657,train,0.0038912538439035416,train,0.2411917895078659,train,0.003515660297125578,train,0.000627000059466809
$KAGGLE_ROOT/train/benign/615.jpg,train,0,4751,HAM_0002814,0,4.0,1.9376375348656438e-05,2.6329643636321027e-05,test,1.9376375348656438e-05,train,2.4262564693344757e-05,train,1.845640508690849e-05,train,3.626996112870984e-05,val,2.670640424184967e-05
$KAGGLE_ROOT/train/benign/616.jpg,train,0,9119,HAM_0007014,0,0.0,0.00018455898680258542,0.00024100123846437782,test,0.00018455898680258542,train,6.86689090798609e-05,train,0.00034470445825718343,train,8.903651178115979e-05,train,0.00046159507473930717
$KAGGLE_ROOT/train/benign/617.jpg,train,0,3504,HAM_0001431,0,0.0,2.2195450583240017e-05,4.847300556320988e-05,train,1.6592279280303046e-05,test,2.2195450583240017e-05,train,9.372167551191524e-05,train,1.4873135114612523e-05,train,6.870493234600872e-05
$KAGGLE_ROOT/train/benign/618.jpg,train,0,4240,HAM_0006373,0,0.0,4.714652823167853e-05,0.00010596357697068015,train,5.265443178359419e-05,train,2.0471034076763317e-05,train,0.00010564624244580045,test,4.714652823167853e-05,train,0.00024508259957656264
$KAGGLE_ROOT/train/benign/619.jpg,train,0,5804,HAM_0006125,0,2.0,4.174460991634987e-05,8.594265333764876e-05,test,4.174460991634987e-05,train,7.259289122885093e-05,train,3.837799886241555e-05,val,6.396086973836645e-05,train,0.0001468570699216798
$KAGGLE_ROOT/train/benign/62.jpg,train,0,5971,HAM_0005618,0,8.0,0.00013285507156979293,0.00022370918789723268,train,0.00029246381018310785,val,3.9962687878869474e-05,train,0.0001858832110883668,test,0.00013285507156979293,train,0.00019278054242022336
$KAGGLE_ROOT/train/benign/620.jpg,train,0,7022,HAM_0003175,0,2.0,0.002298877341672778,0.0001613623353478033,train,5.0598810048541054e-05,train,6.826169556006789e-05,test,0.002298877341672778,val,0.00022575918410439044,train,0.000365226500434801
$KAGGLE_ROOT/train/benign/621.jpg,train,0,6329,HAM_0004650,0,0.0,2.36284795391839e-05,3.100006097156438e-05,train,5.309072003001347e-05,test,2.36284795391839e-05,train,3.3699314371915534e-05,train,1.9281316781416535e-05,train,1.792889270291198e-05
$KAGGLE_ROOT/train/benign/622.jpg,train,0,8792,HAM_0002451,0,0.0,0.00012208864791318774,0.00016376540042983834,test,0.00012208864791318774,train,7.394807471428066e-05,train,0.00033616364817135036,train,0.00010437623859615996,train,0.00014057364023756236
$KAGGLE_ROOT/train/benign/625.jpg,train,0,5538,HAM_0004294,0,4.0,0.00010111682786373422,0.00038505535667354707,train,4.170803731540218e-05,test,0.00010111682786373422,train,0.0012753857299685478,train,7.131379970815033e-05,train,0.00015181385970208794
$KAGGLE_ROOT/train/benign/627.jpg,train,0,4494,HAM_0004865,0,4.0,1.6366962881875224e-05,4.7205328883137554e-05,train,4.180081668891944e-05,test,1.6366962881875224e-05,train,3.674307663459331e-05,train,5.158314888831228e-05,train,5.869427332072519e-05
$KAGGLE_ROOT/train/benign/628.jpg,train,0,7289,HAM_0006146,0,2.0,2.1622126951115206e-05,0.0007119918664102443,val,0.0014095227234065533,test,2.1622126951115206e-05,val,0.0028269903268665075,train,0.00017952163761947304,train,0.0012444620952010155
$KAGGLE_ROOT/train/benign/629.jpg,train,0,3711,HAM_0006659,0,2.0,5.2716935897478834e-05,1.426450126018608e-05,train,1.4686001122754533e-05,train,1.123052334150998e-05,train,1.6156613128259778e-05,train,1.498486744822003e-05,test,5.2716935897478834e-05
$KAGGLE_ROOT/train/benign/630.jpg,train,0,4943,HAM_0005150,0,2.0,0.00013546277477871627,6.24392123427242e-05,train,7.020169869065285e-05,test,0.00013546277477871627,train,7.135910709621385e-05,train,5.014735506847501e-05,train,5.8048688515555114e-05
$KAGGLE_ROOT/train/benign/632.jpg,train,0,3101,HAM_0006443,0,0.0,2.3617982151336037e-05,6.20323053226457e-05,test,2.3617982151336037e-05,train,3.365258453413844e-05,train,9.355300426250324e-05,train,5.404065814218484e-05,train,6.688297435175627e-05
$KAGGLE_ROOT/train/benign/633.jpg,train,0,8863,HAM_0005510,0,2.0,6.395129457814619e-05,5.720227727579186e-05,train,2.2020754840923473e-05,train,7.43170894565992e-05,train,2.7733607566915452e-05,test,6.395129457814619e-05,train,0.0001047376572387293
$KAGGLE_ROOT/train/benign/637.jpg,train,0,5422,HAM_0005346,0,2.0,4.835924846702255e-05,0.0002148928469978273,val,2.597156708361581e-05,test,4.835924846702255e-05,val,7.79808615334332e-05,train,0.00010649688192643225,train,0.00032328881206922233
$KAGGLE_ROOT/train/benign/638.jpg,train,0,6322,HAM_0001731,0,8.0,1.8670805729925632e-05,9.84533265485273e-05,test,1.8670805729925632e-05,train,1.8819573597284034e-05,train,2.9568822355940938e-05,val,1.997504659811966e-05,train,0.00024697158369235694
$KAGGLE_ROOT/train/benign/639.jpg,train,0,8617,HAM_0005755,0,2.0,0.0007705431780777872,0.00019458513270365074,train,0.0003008084313478321,train,0.00024385887081734836,train,9.969047096092254e-05,train,0.0001339827576885,test,0.0007705431780777872
$KAGGLE_ROOT/train/benign/64.jpg,train,0,6828,HAM_0006108,0,0.0,0.0002734574372880161,7.228705999295926e-05,val,2.9293041734490544e-05,train,2.640841375978198e-05,test,0.0002734574372880161,val,5.1596925914054736e-05,train,0.00011816570622613654
$KAGGLE_ROOT/train/benign/640.jpg,train,0,3460,HAM_0000958,0,2.0,0.000158195587573573,4.022782377433032e-05,train,1.6748330381233245e-05,train,3.12354059133213e-05,test,0.000158195587573573,train,4.96340544486884e-05,train,6.329350435407832e-05
$KAGGLE_ROOT/train/benign/641.jpg,train,0,5078,HAM_0002950,0,2.0,0.00011097344395238906,9.805347690416966e-05,train,4.1961411625379696e-05,val,0.00015433217049576342,val,3.588589606806636e-05,test,0.00011097344395238906,train,0.00015414554218295962
$KAGGLE_ROOT/train/benign/643.jpg,train,0,6505,HAM_0006083,0,4.0,4.7273126256186515e-05,8.201150285458425e-05,train,3.27956149703823e-05,train,3.86046631319914e-05,test,4.7273126256186515e-05,train,6.251090235309675e-05,train,0.00019413483096286654
$KAGGLE_ROOT/train/benign/645.jpg,train,0,5089,HAM_0006777,0,4.0,0.0005503912107087672,7.689132083517809e-05,train,4.6474400733131915e-05,train,8.486540900776163e-05,val,0.00016248429892584682,train,9.933415276464075e-05,test,0.0005503912107087672
$KAGGLE_ROOT/train/benign/646.jpg,train,0,4173,HAM_0000426,0,0.0,0.00010018363536801189,0.00015294615241145948,train,2.1489679056685418e-05,test,0.00010018363536801189,train,4.676644675782882e-05,train,0.0004249870835337788,train,0.0001185414002975449
$KAGGLE_ROOT/train/benign/648.jpg,train,0,3645,HAM_0007152,0,0.0,2.9643357265740633e-05,4.861624779550766e-05,train,1.686758696450852e-05,train,1.1951025044254493e-05,train,2.6808113034348935e-05,test,2.9643357265740633e-05,train,0.0001388382661389187
$KAGGLE_ROOT/train/benign/649.jpg,train,0,3064,HAM_0005252,0,0.0,1.7048501831595786e-05,6.162706586110289e-05,train,2.623036016302649e-05,train,3.714396370924078e-05,train,8.463822450721636e-05,test,1.7048501831595786e-05,train,9.849571506492794e-05
$KAGGLE_ROOT/train/benign/65.jpg,train,0,8168,HAM_0005902,0,0.0,0.0018402885179966688,0.0279613424645504,train,0.05538754165172577,train,0.00017530139302834868,train,0.012698288075625896,train,0.04358423873782158,test,0.0018402885179966688
$KAGGLE_ROOT/train/benign/650.jpg,train,0,8633,HAM_0000634,0,0.0,0.001066305791027844,0.00031019716698210686,train,0.000303155422443524,train,0.00012518068251665682,test,0.001066305791027844,train,0.0002361232036491856,train,0.000576329359319061
$KAGGLE_ROOT/train/benign/651.jpg,train,0,4808,HAM_0006471,0,2.0,3.296415161457844e-05,2.6693669951782795e-05,test,3.296415161457844e-05,train,2.5841467504506e-05,train,2.665365900611505e-05,train,2.6267833163728938e-05,train,2.8011720132781193e-05
$KAGGLE_ROOT/train/benign/652.jpg,train,0,5287,HAM_0006849,0,2.0,5.5169239203678444e-05,4.4796374368161196e-05,train,1.3436865629046224e-05,train,8.809207065496594e-05,train,3.972400008933619e-05,train,3.7932561099296436e-05,test,5.5169239203678444e-05
$KAGGLE_ROOT/train/benign/653.jpg,train,0,6062,HAM_0001677,0,4.0,4.3660485971486196e-05,,val,7.657265814486891e-05,val,6.442015001084656e-05,test,4.3660485971486196e-05,val,3.041743730136659e-05,val,0.0002741275238804519
$KAGGLE_ROOT/train/benign/654.jpg,train,0,4420,HAM_0006656,0,0.0,3.5482411476550624e-05,4.540076542980387e-05,train,2.329410745005589e-05,train,4.22656667069532e-05,test,3.5482411476550624e-05,train,4.780671588378027e-05,train,6.823657167842612e-05
$KAGGLE_ROOT/train/benign/655.jpg,train,0,4346,HAM_0007554,0,2.0,3.8571874029003084e-05,2.741632010838657e-05,train,9.035943548951764e-06,test,3.8571874029003084e-05,train,1.5788704331498593e-05,train,2.29398410738213e-05,train,6.190079147927463e-05
$KAGGLE_ROOT/train/benign/656.jpg,train,0,6760,HAM_0001100,0,2.0,5.6271670473506674e-05,0.00011673642438836396,val,0.00041077903006225824,test,5.6271670473506674e-05,train,0.0001264478050870821,train,0.00010702504368964583,val,0.00013509101700037718
$KAGGLE_ROOT/train/benign/657.jpg,train,0,7070,HAM_0006221,0,2.0,0.0003706322459038347,0.00045483364010578953,train,7.575775089208037e-05,train,6.613490404561162e-05,train,0.0003082995826844126,train,0.0013691423228010535,test,0.0003706322459038347
$KAGGLE_ROOT/train/benign/66.jpg,train,0,5893,HAM_0005832,0,4.0,0.0003457935818005353,0.00015226600135065382,train,5.09512574353721e-05,train,9.784258145373315e-05,train,0.00019519990019034594,train,0.0002650702663231641,test,0.0003457935818005353
$KAGGLE_ROOT/train/benign/661.jpg,train,0,5092,HAM_0007438,0,6.0,2.044699613179546e-05,3.61704205715796e-05,train,1.8357015505898744e-05,train,3.494008706184104e-05,train,3.7696292565669864e-05,test,2.044699613179546e-05,train,5.368828715290874e-05
$KAGGLE_ROOT/train/benign/662.jpg,train,0,4889,HAM_0002401,0,0.0,2.884083369281143e-05,4.456189253687626e-05,train,1.859670373960398e-05,train,3.077054861932993e-05,test,2.884083369281143e-05,train,3.784956061281264e-05,train,9.103075717575848e-05
$KAGGLE_ROOT/train/benign/665.jpg,train,0,4510,HAM_0000491,0,4.0,1.980176784854848e-05,5.5771008192095906e-05,test,1.980176784854848e-05,train,1.7970678527490236e-05,train,6.380893319146708e-05,train,2.221861905127298e-05,train,0.00011908580199815333
$KAGGLE_ROOT/train/benign/666.jpg,train,0,4010,HAM_0002398,0,4.0,4.9567643145564944e-05,0.00013053891598246992,test,4.9567643145564944e-05,val,0.00012403739674482495,train,5.871162284165621e-05,train,0.00014461588580161333,train,0.0001882892393041402
$KAGGLE_ROOT/train/benign/667.jpg,train,0,8059,HAM_0003857,0,4.0,8.330874698003754e-05,0.034904335285924994,val,0.00020784363732673228,test,8.330874698003754e-05,train,0.00032587608438916504,train,0.10328596085309982,train,0.0011011689202859998
$KAGGLE_ROOT/train/benign/669.jpg,train,0,6640,HAM_0000200,0,6.0,6.228971324162558e-05,7.913922308944166e-05,train,0.00011942911078222096,train,3.8849335396662354e-05,val,4.947385605191812e-05,test,6.228971324162558e-05,val,5.350408537196927e-05
$KAGGLE_ROOT/train/benign/67.jpg,train,0,6067,HAM_0001581,0,8.0,0.0003077633155044168,3.524289968481753e-05,train,4.2353745811851695e-05,train,2.8132053557783365e-05,val,4.140889723203145e-05,val,3.202600419172086e-05,test,0.0003077633155044168
$KAGGLE_ROOT/train/benign/671.jpg,train,0,8434,HAM_0007049,0,0.0,0.0019198349909856915,0.0040042894488578895,train,0.0013152618193998933,train,0.0021056500263512135,train,0.012560305185616016,train,3.5940764064434916e-05,test,0.0019198349909856915
$KAGGLE_ROOT/train/benign/672.jpg,train,0,8565,HAM_0000763,0,0.0,0.012930644676089287,0.0008031440083868802,val,0.00024861926794983447,train,0.0004845940275117755,train,0.0011216939892619848,test,0.012930644676089287,val,0.008218523114919662
$KAGGLE_ROOT/train/benign/673.jpg,train,0,4225,HAM_0003930,0,0.0,5.6816163123585284e-05,0.00014445913438976277,test,5.6816163123585284e-05,train,3.1712181225884706e-05,train,0.0001773170370142907,train,0.00014618602290283889,train,0.00022262129641603678
$KAGGLE_ROOT/train/benign/674.jpg,train,0,7016,HAM_0001968,0,0.0,8.255539432866499e-05,0.0003912209504051134,train,0.00018386554438620806,test,8.255539432866499e-05,val,0.00017230551748070866,train,0.00016612793842796236,train,0.0008236693684011698
$KAGGLE_ROOT/train/benign/675.jpg,train,0,9171,HAM_0003263,0,2.0,3.9400558307534084e-05,6.679068837911473e-05,train,6.099343590904027e-05,train,2.1614107026834972e-05,train,0.0001255002716789022,test,3.9400558307534084e-05,train,5.905493890168145e-05
$KAGGLE_ROOT/train/benign/677.jpg,train,0,6602,HAM_0003618,0,0.0,2.8594764444278553e-05,2.9478442835776757e-05,train,2.011771903198678e-05,test,2.8594764444278553e-05,train,2.040244908130262e-05,val,2.6785726731759496e-05,train,4.791516039404087e-05
$KAGGLE_ROOT/train/benign/679.jpg,train,0,2981,HAM_0002530,0,2.0,4.839407847612165e-05,8.221387300485124e-05,train,3.340564580867067e-05,val,1.7028190995915793e-05,test,4.839407847612165e-05,train,3.591352287912741e-05,train,0.00017732245032675564
$KAGGLE_ROOT/train/benign/68.jpg,train,0,4917,HAM_0003565,0,2.0,4.994914706912823e-05,6.459476935560815e-05,train,2.9299968446139246e-05,test,4.994914706912823e-05,val,6.622073124162853e-05,train,5.021832839702256e-05,train,0.00011426601122366264
$KAGGLE_ROOT/train/benign/680.jpg,train,0,5887,HAM_0001635,0,4.0,0.00015327362052630633,6.128254487218025e-05,train,7.362299220403656e-05,train,4.584956695907749e-05,test,0.00015327362052630633,train,6.437507545342669e-05,val,0.00019066331151407212
$KAGGLE_ROOT/train/benign/682.jpg,train,0,3495,HAM_0000768,0,4.0,2.7091668016510084e-05,6.57133235411796e-05,train,3.0503653761115856e-05,train,4.51564192189835e-05,test,2.7091668016510084e-05,val,8.482413977617398e-05,train,0.00012147989764343947
$KAGGLE_ROOT/train/benign/683.jpg,train,0,9015,HAM_0002556,0,4.0,0.00034189343568868935,0.00013194556777307298,train,2.6216754122287966e-05,train,0.00010314283281331882,test,0.00034189343568868935,val,5.153422898729332e-05,train,0.00026647711638361216
$KAGGLE_ROOT/train/benign/684.jpg,train,0,5238,HAM_0001533,0,2.0,2.476202826073859e-05,3.55437532562064e-05,train,2.5400215236004442e-05,test,2.476202826073859e-05,train,5.1053735660389066e-05,train,3.0177308872225694e-05,val,8.540756243746728e-05
$KAGGLE_ROOT/train/benign/685.jpg,train,0,4674,HAM_0006067,0,4.0,3.613745138864033e-05,5.515261773325619e-05,test,3.613745138864033e-05,train,3.55764314008411e-05,train,2.860712083929684e-05,train,3.967179509345442e-05,train,0.00011675512359943241
$KAGGLE_ROOT/train/benign/686.jpg,train,0,4183,HAM_0005538,0,0.0,2.3842561859055422e-05,5.251291213426157e-05,test,2.3842561859055422e-05,train,2.3887101633590646e-05,train,5.751442949986085e-05,train,2.6947087462758645e-05,train,0.00010170302994083613
$KAGGLE_ROOT/train/benign/687.jpg,train,0,6691,HAM_0003155,0,0.0,0.0004694859962910414,0.0003257958796893945,train,0.0008371876319870353,train,0.00016259789117611945,test,0.0004694859962910414,train,0.00020714251149911433,train,9.625548409530893e-05
$KAGGLE_ROOT/train/benign/688.jpg,train,0,4565,HAM_0002245,0,6.0,4.220569462631829e-05,7.005096388941941e-05,test,4.220569462631829e-05,train,5.087881800136529e-05,train,4.7688787162769586e-05,val,3.364189979038201e-05,train,0.00011158528650412336
$KAGGLE_ROOT/train/benign/69.jpg,train,0,3431,HAM_0003502,0,0.0,2.971065987367183e-05,0.00012112847252865322,val,5.160396176506765e-05,train,8.73226163093932e-05,train,6.0450405726442114e-05,test,2.971065987367183e-05,train,0.00021561239555012435
$KAGGLE_ROOT/train/benign/691.jpg,train,0,5594,HAM_0002884,0,2.0,3.2880700018722564e-05,0.0001143145163950976,train,3.514979835017584e-05,train,3.597350951167755e-05,test,3.2880700018722564e-05,train,6.759269308531657e-05,train,0.00031854206463322043
$KAGGLE_ROOT/train/benign/692.jpg,train,0,9419,HAM_0001259,0,0.0,0.0005604110192507505,9.451848927710671e-05,train,0.0001474165910622105,train,4.162038749200292e-05,test,0.0005604110192507505,val,0.0004265775205567479,val,0.0010701672872528434
$KAGGLE_ROOT/train/benign/693.jpg,train,0,6630,HAM_0007406,0,4.0,2.7391484763938934e-05,3.1247093829733785e-05,train,3.0330222216434777e-05,train,2.2045906007406302e-05,test,2.7391484763938934e-05,train,2.7904747184948064e-05,train,4.4707499910146e-05
$KAGGLE_ROOT/train/benign/694.jpg,train,0,6890,HAM_0004699,0,2.0,0.0028369100764393806,0.0004242935901856981,train,0.000416218041209504,train,0.0003619958588387817,train,0.000641504127997905,test,0.0028369100764393806,train,0.00027745633269660175
$KAGGLE_ROOT/train/benign/695.jpg,train,0,4988,HAM_0004218,0,0.0,8.439748489763588e-05,0.0002277101060220351,val,2.4217581085395068e-05,train,0.0003408448537811637,test,8.439748489763588e-05,train,0.00015143808559514582,train,0.00019084737868979573
$KAGGLE_ROOT/train/benign/696.jpg,train,0,6087,HAM_0005969,0,2.0,3.267894862801768e-05,5.691060080910878e-05,val,1.1725531294359826e-05,test,3.267894862801768e-05,train,2.431623579468578e-05,train,3.0046679967199452e-05,train,0.0001163688866654411
$KAGGLE_ROOT/train/benign/697.jpg,train,0,5072,HAM_0001348,0,2.0,0.0015871344367042184,0.00016875814435479697,train,8.864519622875378e-05,train,4.731868102680892e-05,test,0.0015871344367042184,train,0.0001984765549423173,train,0.0003405921452213079
$KAGGLE_ROOT/train/benign/698.jpg,train,0,3403,HAM_0005139,0,2.0,3.608951374189928e-05,0.0001328025246039033,test,3.608951374189928e-05,train,6.525559001602232e-05,train,5.635910201817751e-05,train,6.34414900559932e-05,train,0.00034615391632542014
$KAGGLE_ROOT/train/benign/699.jpg,train,0,9007,HAM_0005429,0,0.0,0.026460159569978714,0.10651000426150858,train,0.01396439503878355,train,0.0012662333901971579,test,0.026460159569978714,val,0.970939576625824,train,0.30429938435554504
$KAGGLE_ROOT/train/benign/7.jpg,train,0,4599,HAM_0005706,0,0.0,7.858103344915435e-05,2.0375667190819513e-05,train,2.90847456199117e-05,train,1.913824053190183e-05,train,1.587321821716614e-05,train,1.7406464394298382e-05,test,7.858103344915435e-05
$KAGGLE_ROOT/train/benign/70.jpg,train,0,5408,HAM_0006460,0,2.0,4.077351331943646e-05,9.454157952859532e-05,train,6.003728412906639e-05,test,4.077351331943646e-05,val,0.00011333981092320755,val,2.8856622520834208e-05,train,0.00012904587492812425
$KAGGLE_ROOT/train/benign/701.jpg,train,0,8256,HAM_0000291,0,0.0,0.000512993021402508,9.47894459386589e-05,train,0.00010863025818252936,train,1.9512501239660196e-05,train,0.00015622557839378715,val,0.00010831312829395756,test,0.000512993021402508
$KAGGLE_ROOT/train/benign/702.jpg,train,0,8280,HAM_0001027,0,0.0,0.0002038453967543319,0.0006812147676100722,train,0.00017265633505303413,train,6.126432708697394e-05,train,0.0009822109714150429,test,0.0002038453967543319,train,0.0015087274368852377
$KAGGLE_ROOT/train/benign/703.jpg,train,0,3009,HAM_0003882,0,2.0,7.590316818095744e-05,6.980612306506373e-05,train,5.05564603372477e-05,val,3.83299047825858e-05,val,6.459886208176613e-05,train,8.905578579287976e-05,test,7.590316818095744e-05
$KAGGLE_ROOT/train/benign/704.jpg,train,0,6196,HAM_0006195,0,4.0,6.47463821223937e-05,3.336182999191806e-05,train,1.749142938933801e-05,train,2.4145540010067634e-05,train,2.0594747184077278e-05,train,7.121560338418931e-05,test,6.47463821223937e-05
$KAGGLE_ROOT/train/benign/705.jpg,train,0,5420,HAM_0004875,0,4.0,1.4948470379749779e-05,2.8867283011398587e-05,train,2.319559280294925e-05,train,3.106471194769256e-05,test,1.4948470379749779e-05,train,3.234154428355396e-05,val,5.7162022130796686e-05
$KAGGLE_ROOT/train/benign/706.jpg,train,0,5179,HAM_0001282,0,0.0,3.346533776493743e-05,3.7099105611559935e-05,train,1.7144697267212905e-05,train,2.303566361661069e-05,train,1.7890548406285234e-05,test,3.346533776493743e-05,train,9.032551315613091e-05
$KAGGLE_ROOT/train/benign/707.jpg,train,0,3309,HAM_0004710,0,2.0,2.412956382613629e-05,2.795245836750837e-05,train,4.100102887605317e-05,train,1.4903887858963571e-05,val,2.1884028683416545e-05,test,2.412956382613629e-05,val,4.894821177003905e-05
$KAGGLE_ROOT/train/benign/708.jpg,train,0,8338,HAM_0000025,0,0.0,0.001022459240630269,0.0004921902004753065,test,0.001022459240630269,train,2.671886068128515e-05,train,0.0007047749240882695,train,0.00041186160524375737,train,0.0008254054118879139
$KAGGLE_ROOT/train/benign/709.jpg,train,0,9263,HAM_0001306,0,2.0,0.12831582129001617,0.0009392270003445446,test,0.12831582129001617,train,0.0007728305645287037,train,0.0011056234361603856,val,0.00031287255114875734,val,0.000677628384437412
$KAGGLE_ROOT/train/benign/710.jpg,train,0,5400,HAM_0000242,0,2.0,3.09714196191635e-05,5.93639231283305e-05,train,1.9742408767342567e-05,train,5.23461822012905e-05,train,1.4692263903270941e-05,test,3.09714196191635e-05,train,0.00015067483764141798
$KAGGLE_ROOT/train/benign/711.jpg,train,0,5176,HAM_0007597,0,2.0,1.8850127162295394e-05,2.253840527070376e-05,train,1.805238935048692e-05,train,2.9093844204908237e-05,train,2.0468982256716117e-05,test,1.8850127162295394e-05,val,0.00010916786413872615
$KAGGLE_ROOT/train/benign/713.jpg,train,0,9080,HAM_0001126,0,6.0,3.533285780576989e-05,0.00011701332095981343,train,3.127892341581173e-05,test,3.533285780576989e-05,train,6.57305572531186e-05,train,0.0001462355285184458,train,0.00022480827465187758
$KAGGLE_ROOT/train/benign/714.jpg,train,0,4440,HAM_0005168,0,4.0,1.5990925021469593e-05,1.2536353551695356e-05,train,1.0640023901942186e-05,test,1.5990925021469593e-05,train,1.4432683201448526e-05,val,1.717413579171989e-05,val,6.065782145014964e-05
$KAGGLE_ROOT/train/benign/715.jpg,train,0,4902,HAM_0002191,0,4.0,2.5858551452984102e-05,0.00012919088476337492,train,1.7759470210876316e-05,train,5.60682310606353e-05,test,2.5858551452984102e-05,train,0.00012644189700949937,train,0.0003164939407724887
$KAGGLE_ROOT/train/benign/716.jpg,train,0,4076,HAM_0001843,0,2.0,1.689479177002795e-05,7.22241881400502e-05,val,1.7162708900286816e-05,train,2.0180301362415776e-05,train,3.847125481115654e-05,test,1.689479177002795e-05,train,0.00015802100824657828
$KAGGLE_ROOT/train/benign/718.jpg,train,0,8903,HAM_0006300,0,2.0,5.7607081544119865e-05,0.0003640789400378708,test,5.7607081544119865e-05,train,0.00025955363526009023,train,0.00019285206508357078,train,0.00013051615678705275,train,0.0008733939030207694
$KAGGLE_ROOT/train/benign/719.jpg,train,0,3250,HAM_0002624,0,4.0,3.327963349875063e-05,0.00010540702851358219,test,3.327963349875063e-05,train,2.9883567549404688e-05,train,4.918290869682096e-05,train,6.289993325481191e-05,train,0.0002796617045532912
$KAGGLE_ROOT/train/benign/72.jpg,train,0,4861,HAM_0001746,0,2.0,2.5218034352292307e-05,7.575557538075373e-05,test,2.5218034352292307e-05,train,3.744830610230565e-05,train,5.8043595345225185e-05,train,0.00013177482469473034,val,4.12512818002142e-05
$KAGGLE_ROOT/train/benign/722.jpg,train,0,7113,HAM_0006934,0,0.0,0.0007033474394120276,0.0005492774798767641,train,0.00011541198909981176,train,9.16732897167094e-05,test,0.0007033474394120276,train,0.00032481126254424453,train,0.0016652133781462908
$KAGGLE_ROOT/train/benign/723.jpg,train,0,3106,HAM_0002748,0,4.0,2.5373632524861023e-05,5.858604981767712e-05,train,2.7325268092681654e-05,train,2.006818431254942e-05,train,3.776868834393099e-05,test,2.5373632524861023e-05,train,0.00014918205852154642
$KAGGLE_ROOT/train/benign/726.jpg,train,0,6735,HAM_0000476,0,2.0,0.00019108573906123638,0.0004693199662142433,train,0.00039228162495419383,train,0.00012542240438051522,train,0.0010663316352292895,train,0.0002932442002929747,test,0.00019108573906123638
$KAGGLE_ROOT/train/benign/727.jpg,train,0,6355,HAM_0007186,0,6.0,2.4817511075525545e-05,4.457502654986456e-05,test,2.4817511075525545e-05,train,5.5807646276662126e-05,val,3.5810346162179485e-05,train,3.3342406823066995e-05,val,6.555172149091959e-05
$KAGGLE_ROOT/train/benign/728.jpg,train,0,5885,HAM_0006365,0,2.0,0.00042408640729263425,2.8467897815668646e-05,train,2.8047697924193926e-05,train,3.81124482373707e-05,val,1.8328642909182236e-05,train,1.924354728544131e-05,test,0.00042408640729263425
$KAGGLE_ROOT/train/benign/729.jpg,train,0,8610,HAM_0001630,0,2.0,0.00020547362510114908,0.004083790299773682,train,0.00025735681992955506,test,0.00020547362510114908,train,0.0069483439438045025,train,0.005812412593513727,train,0.003317047841846943
$KAGGLE_ROOT/train/benign/73.jpg,train,0,9005,HAM_0003451,0,2.0,0.000251483463216573,0.006270906911595375,test,0.000251483463216573,train,9.129432874033228e-05,train,0.006477879360318184,train,0.0175864789634943,train,0.0009279749938286841
$KAGGLE_ROOT/train/benign/730.jpg,train,0,3025,HAM_0004140,0,2.0,3.679813016788103e-05,2.4622405362606514e-05,train,1.939837784448173e-05,train,1.758901635184884e-05,test,3.679813016788103e-05,train,2.7095515179098584e-05,train,3.4406712074996904e-05
$KAGGLE_ROOT/train/benign/731.jpg,train,0,3647,HAM_0001540,0,2.0,2.5523515432723798e-05,3.706108509504702e-05,test,2.5523515432723798e-05,train,2.813283026625868e-05,train,4.869846816291101e-05,train,3.4351956855971366e-05,val,6.61774174659513e-05
$KAGGLE_ROOT/train/benign/732.jpg,train,0,6313,HAM_0004092,0,0.0,2.5158102289424278e-05,4.440034263097914e-05,train,3.920150993508287e-05,test,2.5158102289424278e-05,train,2.0498344383668154e-05,train,7.807841029716656e-05,train,3.982310590799898e-05
$KAGGLE_ROOT/train/benign/733.jpg,train,0,4283,HAM_0005069,0,4.0,0.00023155105009209365,4.438743053469807e-05,train,2.355255128350109e-05,val,5.834142939420417e-05,train,6.522230978589505e-05,val,5.526269887923263e-05,test,0.00023155105009209365
$KAGGLE_ROOT/train/benign/734.jpg,train,0,3140,HAM_0007302,0,2.0,4.370230817585252e-05,2.4484334668765467e-05,train,2.5837156499619596e-05,val,2.054200194834266e-05,train,2.4360451789107174e-05,train,2.3255395717569627e-05,test,4.370230817585252e-05
$KAGGLE_ROOT/train/benign/735.jpg,train,0,8488,HAM_0003005,0,2.0,0.00024227050016634166,0.00040902676119003445,val,0.0012032372178509831,test,0.00024227050016634166,train,0.00023858994245529175,train,0.0001370988175040111,train,0.0008513915236108005
$KAGGLE_ROOT/train/benign/736.jpg,train,0,8626,HAM_0001318,0,2.0,0.0002595464466139674,0.0005041056974732783,train,5.685714495484717e-05,test,0.0002595464466139674,train,0.0003646175318863243,train,0.0010908424155786633,val,0.0013518481282517314
$KAGGLE_ROOT/train/benign/737.jpg,train,0,8744,HAM_0000689,0,2.0,0.06586064398288727,0.0012878599033380549,train,0.0021277961786836386,train,0.00024395587388426065,train,0.0014918276574462652,test,0.06586064398288727,val,0.00039588016807101667
$KAGGLE_ROOT/train/benign/738.jpg,train,0,8899,HAM_0000693,0,0.0,0.0004991326131857932,0.00019138142670271918,train,0.0002696829615160823,train,2.565947943367064e-05,test,0.0004991326131857932,train,9.010854410007596e-05,train,0.00038007472176104784
$KAGGLE_ROOT/train/benign/739.jpg,train,0,5956,HAM_0000600,0,4.0,9.423508890904486e-05,9.734946797834709e-05,test,9.423508890904486e-05,train,6.640759238507599e-05,train,5.2737399528268725e-05,train,0.00010715125972637907,train,0.0001631016202736646
$KAGGLE_ROOT/train/benign/740.jpg,train,0,5526,HAM_0002315,0,0.0,3.650610233307816e-05,5.0376680974295596e-05,train,1.0853914318431634e-05,test,3.650610233307816e-05,train,1.2408844668243546e-05,train,6.717386713717133e-05,train,0.00011107009777333587
$KAGGLE_ROOT/train/benign/741.jpg,train,0,4619,HAM_0004166,0,4.0,0.00012845633318647742,9.423191052822706e-05,train,2.507094723114278e-05,train,2.9881344744353555e-05,test,0.00012845633318647742,train,0.00022774343960918486,val,0.0004903539665974677
$KAGGLE_ROOT/train/benign/742.jpg,train,0,6580,HAM_0002516,0,2.0,0.00015733047621324658,3.115960726063349e-05,train,1.9748171325773e-05,train,5.482105552800931e-05,train,2.0758308892254718e-05,train,2.9310893296496943e-05,test,0.00015733047621324658
$KAGGLE_ROOT/train/benign/743.jpg,train,0,4109,HAM_0001886,0,2.0,3.2048123102867976e-05,2.8352399870830897e-05,train,1.677577711234335e-05,val,6.641335494350642e-05,train,2.1644575099344365e-05,test,3.2048123102867976e-05,train,4.663684740080498e-05
$KAGGLE_ROOT/train/benign/744.jpg,train,0,3586,HAM_0001464,0,2.0,3.25483524648007e-05,7.685470882279333e-05,val,2.2073423679103144e-05,train,5.3928019042359665e-05,val,5.146542389411479e-05,test,3.25483524648007e-05,train,9.978139860322699e-05
$KAGGLE_ROOT/train/benign/745.jpg,train,0,5709,HAM_0005577,0,4.0,4.9030528316507116e-05,7.386156539723743e-05,train,3.755871512112208e-05,train,8.86238194652833e-05,train,4.880572305410169e-05,test,4.9030528316507116e-05,train,0.00012045800394844264
$KAGGLE_ROOT/train/benign/746.jpg,train,0,5380,HAM_0001032,0,4.0,4.920528590446338e-05,3.175768733854056e-05,train,3.566203304217197e-05,test,4.920528590446338e-05,train,1.4000694136484526e-05,train,1.3530298019759357e-05,train,6.38377241557464e-05
$KAGGLE_ROOT/train/benign/747.jpg,train,0,4513,HAM_0003493,0,4.0,8.277800952782854e-05,3.4619224607013166e-05,val,3.619549534050748e-05,train,3.750388350454159e-05,train,2.7429807232692838e-05,train,3.892398308380507e-05,test,8.277800952782854e-05
$KAGGLE_ROOT/train/benign/748.jpg,train,0,4622,HAM_0006710,0,2.0,2.3341848645941354e-05,4.8417976813652785e-05,train,1.6472471543238498e-05,train,5.333414446795359e-05,train,4.0948158130049706e-05,test,2.3341848645941354e-05,train,8.291713311336935e-05
$KAGGLE_ROOT/train/benign/749.jpg,train,0,6416,HAM_0000449,0,2.0,3.015064612554852e-05,3.70399393432308e-05,test,3.015064612554852e-05,train,3.369999103597365e-05,train,3.454538818914443e-05,val,4.5333668822422624e-05,train,4.287443880457431e-05
$KAGGLE_ROOT/train/benign/75.jpg,train,0,3380,HAM_0003092,0,2.0,0.0001835254079196602,2.8743470465997234e-05,train,3.466865382506512e-05,train,3.841710713459179e-05,train,2.2472975615528412e-05,train,1.9415145288803615e-05,test,0.0001835254079196602
$KAGGLE_ROOT/train/benign/750.jpg,train,0,6464,HAM_0001304,0,2.0,9.91719207377173e-05,9.323358608526178e-05,train,0.0001050955179380253,train,0.0001392816920997575,train,5.679568857885897e-05,train,7.176144572440535e-05,test,9.91719207377173e-05
$KAGGLE_ROOT/train/benign/752.jpg,train,0,6797,HAM_0006197,0,0.0,0.0057915085926651955,0.00013883734876192952,train,2.857848994608503e-05,train,7.735502731520683e-05,train,0.0003105785290244967,test,0.0057915085926651955,val,0.0012226839317008853
$KAGGLE_ROOT/train/benign/753.jpg,train,0,5426,HAM_0002259,0,2.0,3.677613131003454e-05,4.586131490214029e-05,train,3.657481647678651e-05,train,5.207334106671624e-05,train,6.397618562914431e-05,test,3.677613131003454e-05,train,3.0820916435914114e-05
$KAGGLE_ROOT/train/benign/754.jpg,train,0,6454,HAM_0002826,0,2.0,0.00019676450756378472,4.939144810123253e-05,train,2.9611177524202503e-05,train,3.639219357864931e-05,train,5.9592424804577604e-05,train,7.196999649750069e-05,test,0.00019676450756378472
$KAGGLE_ROOT/train/benign/755.jpg,train,0,3572,HAM_0000546,0,0.0,7.090200233506039e-05,3.189892049704213e-05,train,3.3390679163858294e-05,train,1.632134080864489e-05,test,7.090200233506039e-05,train,2.3350734409177676e-05,train,5.453292760648765e-05
$KAGGLE_ROOT/train/benign/756.jpg,train,0,9662,HAM_0004742,0,2.0,0.0007551230955868959,0.0014560403033101466,train,0.00015715249173808843,train,0.00017444367404095829,test,0.0007551230955868959,train,0.00039681914495304227,train,0.005095745902508497
$KAGGLE_ROOT/train/benign/757.jpg,train,0,3162,HAM_0000472,0,2.0,0.00016337588021997362,3.844791899609845e-05,val,2.601584310468752e-05,val,8.841944691084791e-06,train,4.358219666755758e-05,train,3.331364132463932e-05,test,0.00016337588021997362
$KAGGLE_ROOT/train/benign/759.jpg,train,0,6562,HAM_0006804,0,2.0,2.2412961698137224e-05,3.5894343454856426e-05,train,4.412063935888e-05,train,3.534839561325498e-05,train,2.82139953924343e-05,test,2.2412961698137224e-05,val,0.00033591489773243666
$KAGGLE_ROOT/train/benign/76.jpg,train,0,4303,HAM_0005825,0,2.0,0.00015958352014422417,8.742969839659054e-05,train,5.222930485615507e-05,train,9.821407002164051e-05,train,0.00010938606283161789,train,8.988935587694868e-05,test,0.00015958352014422417
$KAGGLE_ROOT/train/benign/760.jpg,train,0,6482,HAM_0006008,0,8.0,0.00010207593004452065,4.060592573296162e-05,train,3.0013405194040388e-05,train,5.27640113432426e-05,train,5.384456380852498e-05,train,2.5801722586038522e-05,test,0.00010207593004452065
$KAGGLE_ROOT/train/benign/761.jpg,train,0,9130,HAM_0003423,0,2.0,8.758012700127438e-05,8.261342463811161e-05,train,3.4985165257239714e-05,test,8.758012700127438e-05,train,6.0704813222400844e-05,train,6.0943842981942e-05,train,0.00017381987709086388
$KAGGLE_ROOT/train/benign/764.jpg,train,0,3687,HAM_0003841,0,0.0,5.051939660916105e-05,6.869995650049532e-05,train,1.8053628082270734e-05,train,1.9280121705378406e-05,train,5.9728910855483264e-05,train,0.00017773716535884887,test,5.051939660916105e-05
$KAGGLE_ROOT/train/benign/765.jpg,train,0,6174,HAM_0002485,0,0.0,0.00035336462315171957,0.0001709109792500385,train,4.670587804866955e-05,train,0.0004599420935846865,train,5.095082087791525e-05,train,0.00012604512448888272,test,0.00035336462315171957
$KAGGLE_ROOT/train/benign/766.jpg,train,0,3238,HAM_0000326,0,2.0,1.5527866707998328e-05,4.4836387739148144e-05,train,1.3183112059778068e-05,test,1.5527866707998328e-05,train,2.6020530640380457e-05,val,3.2077659852802753e-05,train,9.530552051728591e-05
$KAGGLE_ROOT/train/benign/767.jpg,train,0,8816,HAM_0005666,0,4.0,0.00017222108726855367,3.429218486417085e-05,train,3.4969289117725566e-05,val,8.434020855929703e-05,train,3.8393154682125896e-05,train,2.9514110792661086e-05,test,0.00017222108726855367
$KAGGLE_ROOT/train/benign/769.jpg,train,0,8615,HAM_0004283,0,0.0,5.1364710088819265e-05,0.0002864977650460787,val,6.108278466854244e-05,train,0.00011983488366240636,train,0.0002236107102362439,test,5.1364710088819265e-05,train,0.0005160477012395859
$KAGGLE_ROOT/train/benign/77.jpg,train,0,6731,HAM_0004997,0,0.0,0.00021114481205586344,0.0006080534755407522,train,0.0009298135992139578,train,0.0005896922666579485,test,0.00021114481205586344,val,4.080716098542325e-05,train,0.00030465456075035036
$KAGGLE_ROOT/train/benign/771.jpg,train,0,3129,HAM_0001842,0,2.0,6.806221063015983e-05,2.9353245736274403e-05,train,1.4724721040693112e-05,train,1.61451844178373e-05,train,5.229229645919986e-05,train,3.425078102736734e-05,test,6.806221063015983e-05
$KAGGLE_ROOT/train/benign/772.jpg,train,0,8259,HAM_0002300,0,0.0,2.299946572748013e-05,0.00012475220076642776,test,2.299946572748013e-05,train,2.762848998827394e-05,train,0.00030001052073203027,train,4.6617591578979045e-05,val,0.000369828223483637
$KAGGLE_ROOT/train/benign/775.jpg,train,0,8650,HAM_0000777,0,2.0,0.05007196217775345,0.0006956317520234734,train,0.00017037868383340538,train,0.0004563696274999529,train,0.0018398873507976532,test,0.05007196217775345,train,0.00031589134596288204
$KAGGLE_ROOT/train/benign/776.jpg,train,0,3474,HAM_0007209,0,2.0,5.3055191528983414e-05,0.00015614093475354215,test,5.3055191528983414e-05,train,8.354661258636042e-05,train,0.000330337235936895,val,5.371778388507664e-05,train,5.4538955737371e-05
$KAGGLE_ROOT/train/benign/777.jpg,train,0,6113,HAM_0002435,0,2.0,2.5450914108660072e-05,3.837098938674899e-05,train,2.7525555196916685e-05,train,3.763192580663599e-05,test,2.5450914108660072e-05,train,3.485203342279419e-05,train,5.3474443120649084e-05
$KAGGLE_ROOT/train/benign/779.jpg,train,0,7028,HAM_0002409,0,0.0,5.4388186981668696e-05,0.0002229535416518047,test,5.4388186981668696e-05,train,0.00011930162872886285,train,0.00010868746176129207,train,2.1355457647587173e-05,train,0.0006424696184694767
$KAGGLE_ROOT/train/benign/78.jpg,train,0,3810,HAM_0002262,0,2.0,2.94224973913515e-05,5.060201965534361e-05,test,2.94224973913515e-05,train,1.6853065972100012e-05,train,3.857996853184886e-05,train,9.976984074455686e-06,train,0.00013699806004296988
$KAGGLE_ROOT/train/benign/780.jpg,train,0,5597,HAM_0002175,0,2.0,4.66609162685927e-05,7.504915856770822e-05,train,2.5325354727101512e-05,test,4.66609162685927e-05,train,0.00011847202404169366,train,3.9070808270480484e-05,train,0.00011732844723155722
$KAGGLE_ROOT/train/benign/781.jpg,train,0,6891,HAM_0007464,0,4.0,6.588813994312659e-05,9.116182445723098e-05,train,5.455789505504072e-05,train,8.057190279942006e-05,train,0.00012598276953212917,test,6.588813994312659e-05,train,0.00010353473044233397
$KAGGLE_ROOT/train/benign/782.jpg,train,0,6916,HAM_0002715,0,2.0,0.00022443884517997503,0.0003908060334651964,train,0.00011440437083365396,test,0.00022443884517997503,train,0.0004883803194388747,train,0.00025929417461156845,train,0.0007011452689766884
$KAGGLE_ROOT/train/benign/783.jpg,train,0,5063,HAM_0005398,0,2.0,4.5266104280017316e-05,0.00020604456464449564,val,7.582880061818287e-05,test,4.5266104280017316e-05,train,0.0002296818420290947,train,0.00015794644423294812,train,0.00023050540767144412
$KAGGLE_ROOT/train/benign/784.jpg,train,0,3751,HAM_0006997,0,6.0,9.043022146215662e-05,2.7677755497279577e-05,train,2.287831921421457e-05,train,1.7850534277386032e-05,train,5.050846448284574e-05,train,1.9473704014671966e-05,test,9.043022146215662e-05
$KAGGLE_ROOT/train/benign/785.jpg,train,0,3768,HAM_0007408,0,2.0,6.952051626285538e-05,2.5773046672838973e-05,train,1.9283947040094063e-05,train,1.4295888831838965e-05,train,2.1081157683511265e-05,train,4.84311931359116e-05,test,6.952051626285538e-05
$KAGGLE_ROOT/train/benign/786.jpg,train,0,8678,HAM_0001001,0,4.0,0.000313055730657652,0.0008316431412822567,train,7.94457082520239e-05,train,9.706652781460434e-05,test,0.000313055730657652,train,0.002318417187780142,val,0.0005119267152622342
$KAGGLE_ROOT/train/benign/787.jpg,train,0,6023,HAM_0003333,0,2.0,5.2562572818715125e-05,4.774095335354408e-05,train,3.782848943956196e-05,test,5.2562572818715125e-05,val,5.288607280817814e-05,train,5.979770139674656e-05,train,4.5596669224323705e-05
$KAGGLE_ROOT/train/benign/788.jpg,train,0,9681,HAM_0003965,0,4.0,0.00025743930018506944,0.0007199090759968385,train,0.0013848249800503254,val,0.00010344848124077544,val,0.0002818461798597127,train,5.4993171943351626e-05,test,0.00025743930018506944
$KAGGLE_ROOT/train/benign/789.jpg,train,0,4934,HAM_0002522,0,0.0,0.0006157684256322682,0.00037094081441561383,train,0.00014122607535682619,test,0.0006157684256322682,train,0.0002616916026454419,train,0.0007099047652445734,val,0.0005536220269277692
$KAGGLE_ROOT/train/benign/79.jpg,train,0,8589,HAM_0003496,0,0.0,0.00017520513210911304,0.0011176094885740895,test,0.00017520513210911304,train,8.826149860396981e-05,train,3.18827478622552e-05,val,0.10357734560966492,train,0.0032326842192560434
$KAGGLE_ROOT/train/benign/791.jpg,train,0,9234,HAM_0005817,0,4.0,0.0003941399045288563,0.00033199769586644834,train,3.2544969144510105e-05,train,0.00017863525135908276,train,3.360115078976378e-05,test,0.0003941399045288563,train,0.0010832094121724367
$KAGGLE_ROOT/train/benign/792.jpg,train,0,6856,HAM_0006359,0,4.0,0.011173930950462818,0.01071824382233899,train,0.02238287590444088,train,0.00025742087746039033,train,0.0186112429946661,train,0.0016214355127885938,test,0.011173930950462818
$KAGGLE_ROOT/train/benign/793.jpg,train,0,4507,HAM_0004470,0,4.0,3.85522362194024e-05,7.723757274410066e-05,train,4.172168337390758e-05,train,5.3699295676779e-05,test,3.85522362194024e-05,val,6.601178029086441e-05,train,0.0001362917391816154
$KAGGLE_ROOT/train/benign/794.jpg,train,0,8376,HAM_0000188,0,0.0,5.66098970011808e-05,5.4638730944134295e-05,train,6.260001828195527e-05,train,1.5195953892543912e-05,train,8.61202206579037e-05,test,5.66098970011808e-05,val,0.0001431712444173172
$KAGGLE_ROOT/train/benign/795.jpg,train,0,4833,HAM_0005528,0,2.0,7.011358684394509e-05,8.284927389468066e-05,train,0.0001465578388888389,train,0.00010679749539121985,train,3.7587775295833126e-05,train,4.045398600283079e-05,test,7.011358684394509e-05
$KAGGLE_ROOT/train/benign/796.jpg,train,0,4184,HAM_0002634,0,2.0,7.804923370713368e-05,0.00011799717503890861,train,7.338439900195226e-05,train,0.00011727162200259045,train,0.00010221063712378964,test,7.804923370713368e-05,train,0.00017912204202730209
$KAGGLE_ROOT/train/benign/797.jpg,train,0,4904,HAM_0004684,0,0.0,1.5189056284725666e-05,2.1992105757817626e-05,train,1.873859037004877e-05,train,2.1737349015893415e-05,test,1.5189056284725666e-05,val,1.7235090126632713e-05,train,2.5500377887510695e-05
$KAGGLE_ROOT/train/benign/798.jpg,train,0,3200,HAM_0006001,0,0.0,2.1072693925816566e-05,3.775999402932939e-05,test,2.1072693925816566e-05,train,1.9881221305695362e-05,train,4.5098709961166605e-05,train,4.1514391341479495e-05,train,4.45456535089761e-05
$KAGGLE_ROOT/train/benign/799.jpg,train,0,6076,HAM_0005977,0,2.0,0.00024126913922373205,4.06283829761378e-05,train,2.9706354325753637e-05,train,1.6732828953536227e-05,train,3.0411320040002465e-05,train,8.566302858525887e-05,test,0.00024126913922373205
$KAGGLE_ROOT/train/benign/80.jpg,train,0,3945,HAM_0003199,0,2.0,2.829331970133353e-05,4.6726058523442283e-05,train,3.753644341486506e-05,val,2.233889426861424e-05,train,2.7184783903067e-05,test,2.829331970133353e-05,train,7.54569482523948e-05
$KAGGLE_ROOT/train/benign/800.jpg,train,0,4024,HAM_0006183,0,2.0,2.293172656209208e-05,3.910515715688234e-05,test,2.293172656209208e-05,val,3.119310349575244e-05,train,1.1755783816624898e-05,train,5.1669354434125125e-05,train,5.3890333219897e-05
$KAGGLE_ROOT/train/benign/801.jpg,train,0,4894,HAM_0003399,0,6.0,0.000804464565590024,0.00017230008234037086,train,9.161439083982259e-05,train,6.0638914874289185e-05,train,0.00010493660374777392,test,0.000804464565590024,train,0.00043201041989959776
$KAGGLE_ROOT/train/benign/803.jpg,train,0,8772,HAM_0006118,0,2.0,8.768600673647597e-05,0.00017132317589130253,train,0.00013019733887631446,train,0.00012412246724124998,train,0.0003510898386593908,train,7.988305878825486e-05,test,8.768600673647597e-05
$KAGGLE_ROOT/train/benign/804.jpg,train,0,6866,HAM_0005342,0,0.0,0.00037101563066244125,0.00011520630747933562,train,5.423172115115449e-05,train,0.0001109300646930933,train,0.00018045713659375906,val,0.00044159815297462046,test,0.00037101563066244125
$KAGGLE_ROOT/train/benign/807.jpg,train,0,5034,HAM_0002816,0,2.0,3.705247581820004e-05,4.940580151924223e-05,train,1.195633831230225e-05,train,2.5667137379059568e-05,test,3.705247581820004e-05,train,3.988422031397931e-05,train,0.0001201155100716278
$KAGGLE_ROOT/train/benign/808.jpg,train,0,4759,HAM_0001345,0,2.0,2.5041508706635796e-05,0.0002657129298313521,train,4.671767965191975e-05,test,2.5041508706635796e-05,val,3.161359200021252e-05,train,6.90179003868252e-05,train,0.0006814032094553113
$KAGGLE_ROOT/train/benign/809.jpg,train,0,8551,HAM_0006506,0,4.0,0.0010911168064922094,0.00043530636321520433,train,0.0003047823556698859,train,0.0003069773956667632,test,0.0010911168064922094,train,0.0005055126966908574,train,0.0006239530048333108
$KAGGLE_ROOT/train/benign/81.jpg,train,0,9347,HAM_0002084,0,2.0,0.06958077102899551,0.001018173061311245,val,0.000700125063303858,val,0.010256034322082996,test,0.06958077102899551,val,0.0032635817769914865,train,0.001018173061311245
$KAGGLE_ROOT/train/benign/810.jpg,train,0,4701,HAM_0005133,0,2.0,2.6675019398680888e-05,6.028973621141631e-05,val,4.226719829603098e-05,train,2.9287983124959283e-05,test,2.6675019398680888e-05,train,8.76016856636852e-05,train,6.397953984560445e-05
$KAGGLE_ROOT/train/benign/811.jpg,train,0,6740,HAM_0005360,0,2.0,0.00022298391559161246,0.0005602455785265192,val,0.00022311492648441344,test,0.00022298391559161246,train,0.0004225183220114559,train,0.0006979728350415826,val,0.000410510110668838
$KAGGLE_ROOT/train/benign/812.jpg,train,0,5081,HAM_0003332,0,2.0,8.092518692137673e-05,6.652827369180159e-05,train,2.253018283226993e-05,train,5.063776552560739e-05,train,7.924247620394453e-05,test,8.092518692137673e-05,train,0.00011370267020538449
$KAGGLE_ROOT/train/benign/814.jpg,train,0,8559,HAM_0005079,0,0.0,0.000708260340616107,0.0007770389881140242,train,0.00015164355863817036,train,0.00012964801862835884,train,0.0020498253870755434,test,0.000708260340616107,val,0.0025057694874703884
$KAGGLE_ROOT/train/benign/815.jpg,train,0,5924,HAM_0000085,0,2.0,9.076603600988165e-05,4.9245157242694404e-05,train,5.525353117263876e-05,train,7.624369027325884e-05,train,4.5507618779083714e-05,train,1.9975788745796308e-05,test,9.076603600988165e-05
$KAGGLE_ROOT/train/benign/816.jpg,train,0,4244,HAM_0002820,0,4.0,4.3914493289776146e-05,4.455891848920146e-05,train,2.554026650614105e-05,train,2.807627788570244e-05,train,2.6613603040459566e-05,test,4.3914493289776146e-05,train,9.800552652450278e-05
$KAGGLE_ROOT/train/benign/817.jpg,train,0,6714,HAM_0006439,0,2.0,0.6753492951393127,0.14175483914247403,train,0.418256938457489,train,0.0017065695719793439,train,0.005301009397953749,val,0.004363641608506441,test,0.6753492951393127
$KAGGLE_ROOT/train/benign/818.jpg,train,0,3183,HAM_0000703,0,4.0,1.9675479052239098e-05,0.00023360741033684462,val,2.8082436983822845e-05,test,1.9675479052239098e-05,train,0.00024264519743155688,val,0.00016304828750435263,train,0.00022456962324213237
$KAGGLE_ROOT/train/benign/82.jpg,train,0,6838,HAM_0003327,0,2.0,0.00020979026157874614,0.000256640906627581,train,0.0006398728583008051,train,0.0002536497195251286,test,0.00020979026157874614,train,4.1364695789525285e-05,train,9.167635289486498e-05
$KAGGLE_ROOT/train/benign/821.jpg,train,0,4227,HAM_0002931,0,2.0,3.646803452284075e-05,4.9481785481475526e-05,train,2.3749906176817603e-05,train,5.051939660916105e-05,test,3.646803452284075e-05,train,3.078428562730551e-05,train,9.287355351261795e-05
$KAGGLE_ROOT/train/benign/822.jpg,train,0,3580,HAM_0001338,0,2.0,4.2410050809849054e-05,6.842388665972976e-05,test,4.2410050809849054e-05,train,1.8816110241459683e-05,train,3.202010702807456e-05,train,0.00017870425654109567,train,4.415507282828912e-05
$KAGGLE_ROOT/train/benign/827.jpg,train,0,5384,HAM_0000712,0,2.0,3.5458393540466204e-05,4.469083478397806e-05,train,2.1266481780912727e-05,test,3.5458393540466204e-05,train,5.4125910537550226e-05,train,1.6235817383858375e-05,train,8.713512943359092e-05
$KAGGLE_ROOT/train/benign/829.jpg,train,0,7272,HAM_0005127,0,0.0,0.0005732217687182128,0.00016333074017893523,val,4.769552106154151e-05,train,8.139837882481515e-05,test,0.0005732217687182128,train,0.000237176675000228,train,0.00017141716671176255
$KAGGLE_ROOT/train/benign/831.jpg,train,0,9679,HAM_0003384,0,0.0,0.0003428779018577188,0.001058661602049445,train,0.002648572903126478,train,0.00015283026732504368,val,0.0016034457366913557,test,0.0003428779018577188,train,0.00037458163569681346
$KAGGLE_ROOT/train/benign/832.jpg,train,0,6624,HAM_0000684,0,2.0,2.87543789454503e-05,1.807538683351595e-05,train,2.0009116269648075e-05,train,1.6141657397383824e-05,val,3.9272337744478136e-05,test,2.87543789454503e-05,val,5.85926063649822e-05
$KAGGLE_ROOT/train/benign/833.jpg,train,0,6566,HAM_0001461,0,4.0,1.9046839952352457e-05,5.4988645085056e-05,val,1.371286271023564e-05,train,5.377483103075065e-05,train,5.8425834140507504e-05,test,1.9046839952352457e-05,train,5.2765270083909854e-05
$KAGGLE_ROOT/train/benign/834.jpg,train,0,8825,HAM_0000603,0,0.0,5.702530688722618e-05,4.985394571122015e-05,train,2.8357446353766136e-05,test,5.702530688722618e-05,train,2.3114333089324646e-05,train,8.087357127806172e-05,train,6.70704321237281e-05
$KAGGLE_ROOT/train/benign/835.jpg,train,0,3610,HAM_0004601,0,2.0,9.323577251052484e-05,5.712680831493344e-05,train,1.6780513760750182e-05,train,5.360479553928599e-05,test,9.323577251052484e-05,val,5.244956264505163e-05,train,0.00010099511564476416
$KAGGLE_ROOT/train/benign/836.jpg,train,0,6511,HAM_0007411,0,2.0,2.516674248909112e-05,7.308992280741222e-05,test,2.516674248909112e-05,train,1.5983820048859343e-05,train,2.9824976081727073e-05,train,0.0001190356197184883,train,0.00012751527538057417
$KAGGLE_ROOT/train/benign/837.jpg,train,0,3053,HAM_0006498,0,2.0,0.00028292281785979867,6.950805027372553e-05,train,2.9476728741428815e-05,train,4.92924518766813e-05,test,0.00028292281785979867,train,0.00011059060489060357,train,8.867241558618844e-05
$KAGGLE_ROOT/train/benign/838.jpg,train,0,9022,HAM_0005745,0,2.0,0.0028412705287337303,0.0015450677698633324,val,0.0002403003309154883,train,0.0001730619405861944,test,0.0028412705287337303,train,0.00390752824023366,train,0.0005546131287701428
$KAGGLE_ROOT/train/benign/839.jpg,train,0,8423,HAM_0004839,0,2.0,0.00024515597033314407,7.196250408014748e-05,train,2.872302502510138e-05,train,0.00010574381303740665,train,3.6401597753865644e-05,train,0.00011698158050421625,test,0.00024515597033314407
$KAGGLE_ROOT/train/benign/841.jpg,train,0,6791,HAM_0002856,0,2.0,0.0003620667557697743,7.41192752684583e-05,train,5.9630401665344834e-05,train,0.00012631354911718518,train,8.7090847955551e-05,train,2.3442302335752174e-05,test,0.0003620667557697743
$KAGGLE_ROOT/train/benign/842.jpg,train,0,8340,HAM_0002216,0,2.0,0.009648827835917473,0.0001951972020227307,train,9.001518628792837e-05,val,4.652082498068921e-05,test,0.009648827835917473,train,2.5264253054047003e-05,train,0.0004703121667262167
$KAGGLE_ROOT/train/benign/843.jpg,train,0,3016,HAM_0004270,0,2.0,2.2088479454396293e-05,2.979783312184736e-05,train,4.199391696602106e-05,train,2.9170967536629178e-05,test,2.2088479454396293e-05,train,2.450944703014102e-05,train,2.351700095459819e-05
$KAGGLE_ROOT/train/benign/844.jpg,train,0,6571,HAM_0001742,0,6.0,6.223592208698392e-05,7.070937378254409e-05,train,6.612871948163956e-05,train,5.747703107772395e-05,test,6.223592208698392e-05,train,8.852237078826874e-05,val,0.00015897116099949926
$KAGGLE_ROOT/train/benign/845.jpg,train,0,5622,HAM_0006680,0,2.0,3.808029578067362e-05,0.00010878129251068458,train,4.727637133328244e-05,train,8.732103742659092e-05,train,3.615182504290715e-05,test,3.808029578067362e-05,train,0.0002643759362399578
$KAGGLE_ROOT/train/benign/846.jpg,train,0,4151,HAM_0006109,0,6.0,1.7988082618103363e-05,4.647124342227471e-05,test,1.7988082618103363e-05,train,4.591156539390795e-05,train,3.0222066925489344e-05,train,3.2746425858931616e-05,train,7.700491551076993e-05
$KAGGLE_ROOT/train/benign/847.jpg,train,0,6785,HAM_0000072,0,2.0,0.0013804303016513586,0.0004128698565182276,train,0.00010921481589321047,train,0.00020541857520584017,train,0.0006152935675345361,train,0.0007215524674393237,test,0.0013804303016513586
$KAGGLE_ROOT/train/benign/848.jpg,train,0,3351,HAM_0004702,0,4.0,4.8077054088935256e-05,6.22182669758331e-05,train,3.476144775049761e-05,train,4.1390976548427716e-05,val,7.399886089842767e-05,test,4.8077054088935256e-05,train,0.00011050237662857398
$KAGGLE_ROOT/train/benign/849.jpg,train,0,9112,HAM_0004600,0,2.0,0.001782338018529117,0.00011982062642346136,test,0.001782338018529117,train,0.00019249126489739865,train,9.258669888367876e-05,train,5.036114453105256e-05,train,0.00014384339738171548
$KAGGLE_ROOT/train/benign/85.jpg,train,0,3015,HAM_0002202,0,2.0,0.000424775033025071,4.819548030354781e-05,train,8.338368934346363e-05,train,5.2057748689549044e-05,train,3.1025338103063405e-05,train,2.6315145078115165e-05,test,0.000424775033025071
$KAGGLE_ROOT/train/benign/850.jpg,train,0,3508,HAM_0006261,0,4.0,0.00010062405635835603,3.777589154196903e-05,train,2.3837130356696434e-05,train,2.4237428078777157e-05,train,4.952824019710533e-05,train,5.35007675352972e-05,test,0.00010062405635835603
$KAGGLE_ROOT/train/benign/851.jpg,train,0,9139,HAM_0000961,0,2.0,0.00017334715812467039,2.7590269837673986e-05,train,2.8802322049159557e-05,train,1.546958628750872e-05,train,1.7055088392226025e-05,test,0.00017334715812467039,train,4.9034082621801645e-05
$KAGGLE_ROOT/train/benign/852.jpg,train,0,5278,HAM_0002145,0,0.0,0.00010482508514542133,3.253206932640751e-05,train,1.9483772121020593e-05,train,4.115011324756779e-05,train,4.3909927626373246e-05,train,2.558446431066841e-05,test,0.00010482508514542133
$KAGGLE_ROOT/train/benign/853.jpg,train,0,4967,HAM_0000811,0,0.0,6.330835458356887e-05,4.795669337909203e-05,train,1.1977930626017042e-05,train,2.6611674911691807e-05,train,5.980568676022813e-05,test,6.330835458356887e-05,train,9.343148121843114e-05
$KAGGLE_ROOT/train/benign/855.jpg,train,0,8976,HAM_0005769,0,2.0,6.669712456641719e-05,0.0002921601990237832,train,0.0004087801498826593,val,0.0004024042864330113,train,0.0001755402481649071,test,6.669712456641719e-05,val,0.0011565759778022766
$KAGGLE_ROOT/train/benign/856.jpg,train,0,4100,HAM_0004682,0,2.0,3.96528048440814e-05,0.00013017562196182553,test,3.96528048440814e-05,train,7.118008943507448e-05,train,6.733099144184962e-05,train,2.8259695682208985e-05,train,0.000353931711288169
$KAGGLE_ROOT/train/benign/857.jpg,train,0,6167,HAM_0006897,0,4.0,5.4212025133892894e-05,2.7528689315658994e-05,train,2.7123100153403357e-05,test,5.4212025133892894e-05,val,4.8903511924436316e-05,train,2.793427847791463e-05,val,0.00010375047713750973
$KAGGLE_ROOT/train/benign/858.jpg,train,0,8782,HAM_0007264,0,0.0,0.022693468257784843,0.0020448540720584183,train,0.00036091572837904096,train,9.099786257138476e-05,test,0.022693468257784843,val,5.6599907111376524e-05,train,0.005682648625224829
$KAGGLE_ROOT/train/benign/859.jpg,train,0,9261,HAM_0005531,0,2.0,8.949472976382822e-05,0.00029848918529751245,train,0.0002018859813688323,train,0.0006940775201655924,train,0.00011451438331278041,test,8.949472976382822e-05,train,0.00018347885634284467
$KAGGLE_ROOT/train/benign/86.jpg,train,0,3203,HAM_0004437,0,0.0,1.6269746993202716e-05,2.4800801838864572e-05,train,1.5218780390569009e-05,train,2.3877513740444556e-05,train,2.4716186089790426e-05,test,1.6269746993202716e-05,train,3.53907271346543e-05
$KAGGLE_ROOT/train/benign/860.jpg,train,0,8790,HAM_0002154,0,0.0,0.0007804894121363759,0.0005016636666065702,val,0.0002276114682899788,train,0.0007516912883147597,train,0.0004284209571778774,test,0.0007804894121363759,train,0.0003248787543270737
$KAGGLE_ROOT/train/benign/861.jpg,train,0,3043,HAM_0003548,0,4.0,2.1196790839894675e-05,2.049194063147297e-05,train,1.3770943951385561e-05,train,2.0807699911529198e-05,train,2.6897178031504154e-05,test,2.1196790839894675e-05,val,3.866545739583671e-05
$KAGGLE_ROOT/train/benign/862.jpg,train,0,3228,HAM_0004169,0,2.0,1.2822020835301373e-05,1.4321855360321933e-05,train,9.618045623938087e-06,test,1.2822020835301373e-05,train,1.8362443370278925e-05,train,8.627795068605337e-06,train,2.0679137378465384e-05
$KAGGLE_ROOT/train/benign/863.jpg,train,0,4782,HAM_0003709,0,4.0,9.382190910400823e-05,3.76277239411138e-05,train,2.5887915398925543e-05,train,2.1826128431712277e-05,train,2.099969242408406e-05,test,9.382190910400823e-05,train,8.179715950973332e-05
$KAGGLE_ROOT/train/benign/864.jpg,train,0,8468,HAM_0006258,0,0.0,0.14701926708221436,0.0004964297113474458,train,0.0005166983464732766,train,0.0009070872329175472,test,0.14701926708221436,train,0.00012986725778318942,train,0.0004320660082157701
$KAGGLE_ROOT/train/benign/865.jpg,train,0,5055,HAM_0005567,0,0.0,2.8506494345492683e-05,7.189026109699626e-05,val,3.4723412682069466e-05,train,3.110544275841676e-05,test,2.8506494345492683e-05,train,2.1153473426238634e-05,train,0.00016341186710633337
$KAGGLE_ROOT/train/benign/866.jpg,train,0,8129,HAM_0003891,0,2.0,8.745452942093834e-05,3.7646584132744465e-05,train,4.719826392829418e-05,train,1.641119524720125e-05,train,3.418261621845886e-05,test,8.745452942093834e-05,train,5.279426113702357e-05
$KAGGLE_ROOT/train/benign/867.jpg,train,0,6950,HAM_0001975,0,2.0,2.1394247596617788e-05,2.430943777653738e-05,train,2.745867459452711e-05,train,1.5795390936546028e-05,test,2.1394247596617788e-05,train,2.2009711756254546e-05,train,3.197397381882183e-05
$KAGGLE_ROOT/train/benign/868.jpg,train,0,4956,HAM_0004758,0,2.0,5.237569348537363e-05,7.605270138810738e-05,train,7.087380799930543e-05,train,1.9321259969729e-05,test,5.237569348537363e-05,train,0.00011078808893216774,train,0.00010322764865122736
$KAGGLE_ROOT/train/benign/87.jpg,train,0,4017,HAM_0001857,0,4.0,9.43114937399514e-05,2.0145536836935207e-05,train,2.0145536836935207e-05,test,9.43114937399514e-05,val,4.0155264287022874e-05,val,4.748638821183704e-05,val,0.00010913007281487808
$KAGGLE_ROOT/train/benign/870.jpg,train,0,8330,HAM_0005110,0,2.0,3.282127363490872e-05,0.00035488080811774125,test,3.282127363490872e-05,train,2.0417261112015694e-05,train,0.0005333488225005567,train,2.4457029212499037e-05,train,0.0008413001196458936
$KAGGLE_ROOT/train/benign/871.jpg,train,0,9187,HAM_0000000,0,0.0,0.00041431692079640925,0.009597245072654914,test,0.00041431692079640925,train,0.00018058778368867934,train,0.026236169040203094,train,0.0005090097547508776,train,0.011463213711977005
$KAGGLE_ROOT/train/benign/872.jpg,train,0,7279,HAM_0006326,0,2.0,0.0110812122002244,0.010450654415762983,test,0.0110812122002244,train,0.0003085447824560106,train,0.02460375986993313,train,0.012566830031573772,train,0.004323482979089022
$KAGGLE_ROOT/train/benign/873.jpg,train,0,4532,HAM_0000142,0,2.0,2.2449092284659855e-05,5.021602070579926e-05,test,2.2449092284659855e-05,train,4.3021227611461654e-05,val,3.820349229499698e-05,train,2.6177756808465347e-05,train,8.144907769747078e-05
$KAGGLE_ROOT/train/benign/875.jpg,train,0,9154,HAM_0006910,0,0.0,0.004859935026615858,0.0002870232759354015,train,0.0001592826738487929,train,0.0002709605323616415,val,0.0014279370661824942,train,0.0004308266215957701,test,0.004859935026615858
$KAGGLE_ROOT/train/benign/876.jpg,train,0,4987,HAM_0006838,0,0.0,0.00014090996410232037,6.542210212501232e-05,train,0.00010244169243378565,train,6.267534627113491e-05,train,3.9028913306538016e-05,train,5.754245648859069e-05,test,0.00014090996410232037
$KAGGLE_ROOT/train/benign/877.jpg,train,0,8621,HAM_0003340,0,0.0,7.679255213588476e-05,6.000465600664029e-05,train,5.942717689322308e-05,test,7.679255213588476e-05,train,7.149090379243717e-05,train,4.147244544583373e-05,train,6.762809789506719e-05
$KAGGLE_ROOT/train/benign/879.jpg,train,0,8398,HAM_0002835,0,2.0,0.005036421585828066,0.002125655378525456,train,0.00166633864864707,val,0.00014327708049677312,train,0.0029354023281484842,train,0.0017752251587808132,test,0.005036421585828066
$KAGGLE_ROOT/train/benign/881.jpg,train,0,4333,HAM_0002311,0,4.0,6.642995140282437e-05,9.258360660169274e-05,val,0.00010337738058296964,train,9.258360660169274e-05,val,0.00013649096945300698,test,6.642995140282437e-05,val,0.0002728808030951768
$KAGGLE_ROOT/train/benign/882.jpg,train,0,3201,HAM_0006463,0,2.0,2.459103961882647e-05,5.910997242608573e-05,test,2.459103961882647e-05,train,3.6386260035214946e-05,train,7.823388295946643e-05,train,3.5114720958517864e-05,train,8.67050257511437e-05
$KAGGLE_ROOT/train/benign/883.jpg,train,0,4735,HAM_0005113,0,2.0,1.246274678123882e-05,2.87608945654938e-05,test,1.246274678123882e-05,train,2.5228353479178622e-05,val,3.590147025533952e-05,val,1.971620076801628e-05,train,3.229343565180898e-05
$KAGGLE_ROOT/train/benign/884.jpg,train,0,8395,HAM_0002919,0,0.0,0.00010906868556048721,0.003734706978624066,train,0.0001684494491200894,train,0.00012528899242170155,train,0.010910382494330406,test,0.00010906868556048721,val,0.0004989492590539157
$KAGGLE_ROOT/train/benign/885.jpg,train,0,4964,HAM_0002446,0,2.0,2.304559529875405e-05,4.6704579290235415e-05,test,2.304559529875405e-05,train,4.928413181914948e-05,train,3.3841402910184115e-05,train,4.1481780499452725e-05,train,6.221100193215534e-05
$KAGGLE_ROOT/train/benign/886.jpg,train,0,5798,HAM_0004906,0,0.0,3.213607851648703e-05,4.5068259169056546e-05,train,2.9527258448069915e-05,train,3.088797166128643e-05,train,7.325337355723605e-05,test,3.213607851648703e-05,train,4.6604433009633794e-05
$KAGGLE_ROOT/train/benign/889.jpg,train,0,6352,HAM_0004028,0,4.0,0.00012308245641179383,3.79419834644068e-05,train,3.595831731217913e-05,train,6.046787530067377e-05,val,2.0999652406317182e-05,train,1.739975778036751e-05,test,0.00012308245641179383
$KAGGLE_ROOT/train/benign/89.jpg,train,0,9241,HAM_0005273,0,4.0,0.0001758474827511236,0.00014168981397233438,train,0.00030168096418492496,train,0.00010089624993270263,val,0.0005193976685404778,train,2.249222779937554e-05,test,0.0001758474827511236
$KAGGLE_ROOT/train/benign/890.jpg,train,0,6941,HAM_0006484,0,2.0,0.0007045083912089467,0.0014617120305047138,train,7.992496102815494e-05,train,0.0001672223152127117,train,0.004505966790020466,test,0.0007045083912089467,train,0.0010937340557575226
$KAGGLE_ROOT/train/benign/891.jpg,train,0,6953,HAM_0000324,0,2.0,0.030295150354504585,0.026978056783264037,train,0.0004746180784422904,test,0.030295150354504585,train,0.10568252950906754,train,0.0004866583622060716,train,0.0012684211833402514
$KAGGLE_ROOT/train/benign/896.jpg,train,0,6338,HAM_0001404,0,2.0,3.959193418268114e-05,5.075605076854117e-05,test,3.959193418268114e-05,train,4.103940227651037e-05,train,2.6867568521993235e-05,train,4.022079519927502e-05,train,9.489643707638606e-05
$KAGGLE_ROOT/train/benign/897.jpg,train,0,7007,HAM_0003653,0,4.0,0.00012389873154461384,0.0001995811198867159,train,0.0003162233915645629,train,3.831407957477495e-05,train,7.848023960832506e-05,test,0.00012389873154461384,train,0.00036530676879920065
$KAGGLE_ROOT/train/benign/898.jpg,train,0,4178,HAM_0005493,0,2.0,0.00011599608842516318,5.899244933971204e-05,train,5.123009395902045e-05,test,0.00011599608842516318,train,6.329736788757145e-05,train,6.244988617254421e-05,val,0.0001625721633899957
$KAGGLE_ROOT/train/benign/899.jpg,train,0,6126,HAM_0003903,0,2.0,4.9063313781516626e-05,3.124910062979325e-05,train,1.6022859199438244e-05,train,4.2614621634129435e-05,train,2.7271978979115374e-05,train,3.9086942706489936e-05,test,4.9063313781516626e-05
$KAGGLE_ROOT/train/benign/900.jpg,train,0,8119,HAM_0007276,0,0.0,2.879554267565254e-05,0.0002636374410940334,val,6.910575029905885e-05,test,2.879554267565254e-05,train,0.00038166611921042204,train,0.00016900176706258208,train,0.00024024443700909615
$KAGGLE_ROOT/train/benign/901.jpg,train,0,9077,HAM_0006273,0,2.0,0.04464765638113022,0.017730908351950347,train,0.00948079489171505,test,0.04464765638113022,train,0.026700180023908615,train,0.029202228412032127,train,0.0055404300801455975
$KAGGLE_ROOT/train/benign/902.jpg,train,0,3486,HAM_0006013,0,2.0,1.954276376636699e-05,2.1280119653965812e-05,train,1.2698433238256257e-05,train,2.9348178941290826e-05,train,2.1793746782350354e-05,test,1.954276376636699e-05,val,5.565782339544967e-05
$KAGGLE_ROOT/train/benign/904.jpg,train,0,6461,HAM_0004686,0,4.0,2.226190918008797e-05,3.5196774206269765e-05,test,2.226190918008797e-05,train,4.745017577079125e-05,train,3.307325823698193e-05,train,1.706397051748354e-05,train,4.3199692299822345e-05
$KAGGLE_ROOT/train/benign/905.jpg,train,0,5959,HAM_0003528,0,2.0,2.3225786208058707e-05,4.299324018575135e-05,train,1.3665419828612357e-05,train,2.633334770507645e-05,test,2.3225786208058707e-05,train,3.7708552554249763e-05,train,9.426564065506682e-05
$KAGGLE_ROOT/train/benign/907.jpg,train,0,8806,HAM_0003874,0,2.0,0.00010235850641038269,0.00019871987842634553,train,0.0003417423868086189,train,0.00010287565237376839,train,5.1363535021664575e-05,train,0.00029889793950133026,test,0.00010235850641038269
$KAGGLE_ROOT/train/benign/908.jpg,train,0,8787,HAM_0006881,0,2.0,4.712585359811783e-05,0.00018303515025763772,train,7.260459096869454e-05,val,8.282238559331745e-05,train,0.0002934657095465809,test,4.712585359811783e-05,val,0.00032836003811098635
$KAGGLE_ROOT/train/benign/91.jpg,train,0,6018,HAM_0001044,0,2.0,2.5191066015395336e-05,5.366110826798831e-05,test,2.5191066015395336e-05,train,3.672710226965137e-05,train,1.6032381608965807e-05,train,3.982622001785785e-05,train,0.00012205872917547822
$KAGGLE_ROOT/train/benign/910.jpg,train,0,9672,HAM_0002554,0,0.0,0.0007509581046178937,6.455944958361215e-05,train,9.52393893385306e-05,train,7.584536069771275e-05,train,2.098471850331407e-05,train,6.616832979489118e-05,test,0.0007509581046178937
$KAGGLE_ROOT/train/benign/911.jpg,train,0,9257,HAM_0000690,0,2.0,3.759347600862384e-05,5.848945966135943e-05,train,4.340633313404396e-05,test,3.759347600862384e-05,train,3.8073612813604996e-05,train,8.409983274759725e-05,train,6.837805995019153e-05
$KAGGLE_ROOT/train/benign/913.jpg,train,0,8680,HAM_0002480,0,2.0,0.001465036068111658,0.0014530964745063102,train,0.00014880952949170023,train,4.3375919631216675e-05,test,0.001465036068111658,train,0.00032085206476040184,train,0.005299348384141922
$KAGGLE_ROOT/train/benign/914.jpg,train,0,6293,HAM_0000295,0,2.0,8.279751637019217e-05,0.0001435297199350316,val,4.7276778786908835e-05,val,5.49808464711532e-05,train,6.980583566473797e-05,test,8.279751637019217e-05,train,0.00021725360420532525
$KAGGLE_ROOT/train/benign/915.jpg,train,0,7931,HAM_0000468,0,0.0,0.003602490294724703,0.006449053120983687,train,3.257443677284755e-05,val,0.00011455183994257823,train,0.019268151372671127,train,4.643355350708589e-05,test,0.003602490294724703
$KAGGLE_ROOT/train/benign/917.jpg,train,0,3275,HAM_0006228,0,2.0,3.5662338632391766e-05,4.5665287416341016e-05,train,2.5099701815634035e-05,test,3.5662338632391766e-05,train,2.516333552193828e-05,train,5.395214247982949e-05,train,7.844596984796226e-05
$KAGGLE_ROOT/train/benign/918.jpg,train,0,4492,HAM_0003237,0,2.0,0.00010272899817209691,3.506024889550948e-05,val,2.259630673506763e-05,train,2.5988612833316438e-05,train,2.939114347100258e-05,train,4.980099038220942e-05,test,0.00010272899817209691
$KAGGLE_ROOT/train/benign/92.jpg,train,0,8441,HAM_0006077,0,0.0,0.014494203962385654,0.006077873714578648,test,0.014494203962385654,train,0.0009845331078395247,train,0.0015136257279664278,val,0.23617666959762573,train,0.015735462307929993
$KAGGLE_ROOT/train/benign/920.jpg,train,0,3449,HAM_0000652,0,2.0,2.541996400395874e-05,1.820149805098481e-05,train,9.64526134339394e-06,test,2.541996400395874e-05,train,1.4738336176378652e-05,train,1.7039221347658895e-05,train,3.138317333650775e-05
$KAGGLE_ROOT/train/benign/921.jpg,train,0,8475,HAM_0006633,0,4.0,0.0002243145281681791,0.0004175404346824507,test,0.0002243145281681791,train,5.6226399465231225e-05,train,0.0003422112204134464,train,8.843699470162392e-05,train,0.0011832871241495013
$KAGGLE_ROOT/train/benign/922.jpg,train,0,8673,HAM_0001319,0,2.0,0.466958612203598,0.0025720795383676887,train,0.002181738382205367,train,0.004169541411101818,train,0.001487863715738058,test,0.466958612203598,train,0.0024491746444255114
$KAGGLE_ROOT/train/benign/923.jpg,train,0,8761,HAM_0007268,0,0.0,7.424596697092056e-05,0.00011989224640274188,train,3.365049997228198e-05,train,0.00014580486458726227,train,0.00014464237028732896,test,7.424596697092056e-05,train,0.0001554712507640943
$KAGGLE_ROOT/train/benign/924.jpg,train,0,5604,HAM_0001116,0,2.0,5.663943011313677e-05,3.890217461351616e-05,train,1.898800655908417e-05,train,2.8462081900215708e-05,train,6.92564353812486e-05,test,5.663943011313677e-05,val,8.752044232096523e-05
$KAGGLE_ROOT/train/benign/926.jpg,train,0,4309,HAM_0007559,0,6.0,3.9266611565835774e-05,6.62566790197161e-05,train,5.582680751103908e-05,test,3.9266611565835774e-05,train,5.668551966664381e-05,train,4.835500294575468e-05,train,0.00010415938595542684
$KAGGLE_ROOT/train/benign/927.jpg,train,0,5695,HAM_0006449,0,6.0,8.699182217242196e-05,3.9505013774032705e-05,train,2.4836595912347548e-05,train,6.185559323057532e-05,train,4.353147960500792e-05,train,2.779638634820003e-05,test,8.699182217242196e-05
$KAGGLE_ROOT/train/benign/928.jpg,train,0,6374,HAM_0000076,0,4.0,9.357983799418435e-06,4.452171742741484e-05,test,9.357983799418435e-06,train,4.587637522490695e-05,train,2.2350124709191732e-05,val,1.1902333426405676e-05,train,6.533865234814584e-05
$KAGGLE_ROOT/train/benign/929.jpg,train,0,5289,HAM_0004044,0,2.0,3.2836454920470715e-05,4.354477960077929e-05,train,2.4371349354623817e-05,train,3.924272459698841e-05,train,4.979420191375539e-05,test,3.2836454920470715e-05,train,6.077084253774956e-05
$KAGGLE_ROOT/train/benign/93.jpg,train,0,3090,HAM_0003189,0,2.0,2.7067158953286707e-05,3.6341039049148094e-05,train,2.480492548784241e-05,test,2.7067158953286707e-05,train,4.019944026367739e-05,train,2.0156701793894172e-05,train,6.0203088651178405e-05
$KAGGLE_ROOT/train/benign/930.jpg,train,0,9140,HAM_0003434,0,2.0,0.000795545696746558,0.0018185488725066534,train,0.00013091102300677449,train,0.00014868415019009262,test,0.000795545696746558,train,3.891522283083759e-05,train,0.006955685093998909
$KAGGLE_ROOT/train/benign/931.jpg,train,0,3872,HAM_0007608,0,2.0,3.6951980291632935e-05,3.503931566228857e-05,train,4.030980562674813e-05,val,2.8148824640084058e-05,test,3.6951980291632935e-05,train,2.9768825697829016e-05,val,8.453207556158304e-05
$KAGGLE_ROOT/train/benign/932.jpg,train,0,8257,HAM_0000291,0,2.0,0.00065323879243806,8.801724440369678e-05,train,7.977762288646773e-05,train,1.5005446584837046e-05,train,0.00016926866373978555,val,5.348581908037886e-05,test,0.00065323879243806
$KAGGLE_ROOT/train/benign/933.jpg,train,0,4246,HAM_0002403,0,0.0,2.8869835659861565e-05,3.425082149988157e-05,train,2.715690243348945e-05,train,2.6952176995109767e-05,train,4.266316682333127e-05,test,2.8869835659861565e-05,train,4.023103974759579e-05
$KAGGLE_ROOT/train/benign/934.jpg,train,0,3505,HAM_0004080,0,2.0,2.850826240319293e-05,4.7737757540744497e-05,train,2.371898699493613e-05,train,5.961209535598755e-05,test,2.850826240319293e-05,train,4.495936445891857e-05,train,6.266058335313573e-05
$KAGGLE_ROOT/train/benign/935.jpg,train,0,6372,HAM_0006966,0,2.0,0.00017867273709271103,3.069609465455869e-05,train,3.108836244791746e-05,train,3.0303826861199923e-05,val,4.445365266292356e-05,test,0.00017867273709271103,val,9.517810394754633e-05
$KAGGLE_ROOT/train/benign/937.jpg,train,0,5785,HAM_0006487,0,4.0,2.750582279986702e-05,6.649003262282349e-05,test,2.750582279986702e-05,train,7.6941643783357e-05,val,6.565820513060316e-05,train,4.1108261939371005e-05,train,8.142019214574248e-05
$KAGGLE_ROOT/train/benign/938.jpg,train,0,9663,HAM_0001633,0,0.0,0.00037128152325749397,0.00011984086586380727,train,6.704261613776907e-05,train,3.0023305953363888e-05,test,0.00037128152325749397,train,0.00023369021073449403,train,0.00014860733062960207
$KAGGLE_ROOT/train/benign/939.jpg,train,0,5803,HAM_0000939,0,2.0,2.416085590084549e-05,5.066639096185099e-05,test,2.416085590084549e-05,val,4.414521754370071e-05,train,6.307821604423225e-05,train,3.825456587946974e-05,val,9.360154945170507e-05
$KAGGLE_ROOT/train/benign/94.jpg,train,0,4327,HAM_0005951,0,2.0,2.727746505115647e-05,3.472622006484016e-05,train,1.268841060664272e-05,train,3.3668540709186345e-05,train,3.217662015231326e-05,test,2.727746505115647e-05,train,6.0371308791218325e-05
$KAGGLE_ROOT/train/benign/940.jpg,train,0,8363,HAM_0000391,0,0.0,0.0006810353952459991,0.00019198224163119448,train,5.04216477565933e-05,train,3.5490666050463915e-05,train,0.0005797363119199872,train,0.00010228034079773352,test,0.0006810353952459991
$KAGGLE_ROOT/train/benign/941.jpg,train,0,5259,HAM_0003750,0,0.0,2.560076791269239e-05,5.1382330032841615e-05,train,3.0995615816209465e-05,train,1.6672762285452336e-05,val,8.870608871802688e-05,test,2.560076791269239e-05,train,0.00010647861199686304
$KAGGLE_ROOT/train/benign/942.jpg,train,0,8141,HAM_0006790,0,0.0,0.0003289566084276885,0.00232096019317396,test,0.0003289566084276885,val,0.002673238515853882,val,0.0008171725203283131,train,0.0008016813662834466,train,0.003840239020064473
$KAGGLE_ROOT/train/benign/945.jpg,train,0,6172,HAM_0001003,0,0.0,2.600929292384535e-05,0.0003222971863579005,val,5.253130439086817e-05,test,2.600929292384535e-05,val,0.00014633065438829362,train,2.8444279450923204e-05,train,0.0006161500932648778
$KAGGLE_ROOT/train/benign/947.jpg,train,0,8661,HAM_0000338,0,2.0,2.5501180061837658e-05,2.1372283526943647e-05,train,2.0208844944136217e-05,train,3.152418139507063e-05,train,1.4414182260225061e-05,test,2.5501180061837658e-05,train,1.9341925508342683e-05
$KAGGLE_ROOT/train/benign/948.jpg,train,0,9384,HAM_0005960,0,2.0,2.5247294615837745e-05,7.730233164693345e-05,test,2.5247294615837745e-05,train,1.2394830264383927e-05,train,0.0001953376631718129,train,2.808899989759084e-05,train,7.338783325394616e-05
$KAGGLE_ROOT/train/benign/949.jpg,train,0,6770,HAM_0001563,0,2.0,0.001332173589617014,0.0006517525083230188,train,0.0002673894923646003,test,0.001332173589617014,val,0.0009236631449311972,train,0.0011585502652451396,train,0.0005293177673593163
$KAGGLE_ROOT/train/benign/950.jpg,train,0,4986,HAM_0000481,0,0.0,4.152187466388568e-05,2.1564055714407004e-05,train,2.569814387243241e-05,val,1.8806835214491002e-05,train,1.7429967556381598e-05,val,1.1723395800800063e-05,test,4.152187466388568e-05
$KAGGLE_ROOT/train/benign/951.jpg,train,0,9307,HAM_0002416,0,2.0,0.0016345364274457097,0.0009326516665169038,train,0.00032404297962784767,train,0.00040022251778282225,test,0.0016345364274457097,train,0.0009634587913751602,train,0.002042882377281785
$KAGGLE_ROOT/train/benign/952.jpg,train,0,6918,HAM_0002097,0,0.0,0.00013083602243568748,0.00030859420682342414,train,0.0007833133568055928,val,6.767318700440228e-05,train,9.347542800242081e-05,train,4.899383566225879e-05,test,0.00013083602243568748
$KAGGLE_ROOT/train/benign/953.jpg,train,0,8613,HAM_0007046,0,2.0,0.8709492683410645,0.023435629516219098,train,0.05020258575677872,train,0.0032644427847117186,val,0.0108091551810503,test,0.8709492683410645,train,0.016839860007166862
$KAGGLE_ROOT/train/benign/954.jpg,train,0,5451,HAM_0001320,0,0.0,8.095026714727283e-05,3.5089127171280175e-05,train,2.16170974454144e-05,train,4.899752821074799e-05,train,3.465275585767813e-05,val,3.867161285597831e-05,test,8.095026714727283e-05
$KAGGLE_ROOT/train/benign/955.jpg,train,0,3251,HAM_0006340,0,0.0,1.483420783188194e-05,4.771342810272472e-05,test,1.483420783188194e-05,train,3.280324744991958e-05,train,3.973381171817891e-05,train,3.305320569779724e-05,train,8.526344754500315e-05
$KAGGLE_ROOT/train/benign/956.jpg,train,0,5839,HAM_0004805,0,2.0,0.00026547061861492693,1.940326728799846e-05,train,1.0699335689423606e-05,train,1.641421658860054e-05,train,3.1096249585971236e-05,val,1.695878199825529e-05,test,0.00026547061861492693
$KAGGLE_ROOT/train/benign/957.jpg,train,0,8999,HAM_0005537,0,2.0,0.01483582891523838,0.0006119930912973359,train,4.426346276886761e-05,train,0.00024346048303414136,train,0.0015482553280889988,val,0.001131626428104937,test,0.01483582891523838
$KAGGLE_ROOT/train/benign/959.jpg,train,0,3976,HAM_0005849,0,0.0,0.00012512411922216415,0.0001618897852798303,train,2.5707482564030215e-05,val,0.00022443370835389942,train,4.578240987029858e-05,test,0.00012512411922216415,train,0.0004141794634051621
$KAGGLE_ROOT/train/benign/96.jpg,train,0,5189,HAM_0001985,0,2.0,4.1867959225783125e-05,3.275219091847248e-05,train,4.041037755087018e-05,test,4.1867959225783125e-05,train,3.8989812310319394e-05,train,1.3663818208442535e-05,train,3.794475560425781e-05
$KAGGLE_ROOT/train/benign/960.jpg,train,0,8777,HAM_0005670,0,0.0,0.0012436789693310857,0.009823349362704903,test,0.0012436789693310857,train,0.0022854339331388474,train,0.03010507859289646,train,0.0035559420939534903,train,0.0033469428308308125
$KAGGLE_ROOT/train/benign/961.jpg,train,0,9142,HAM_0003754,0,2.0,5.0598231609910727e-05,0.0001393860366079025,test,5.0598231609910727e-05,train,5.8379999245516956e-05,train,0.00011537886166479439,train,0.0002691350819077343,train,0.00011465020361356437
$KAGGLE_ROOT/train/benign/963.jpg,train,0,5411,HAM_0006597,0,4.0,7.328837818931788e-05,6.140145039050064e-05,train,1.5675102986278944e-05,train,3.4582899388624355e-05,test,7.328837818931788e-05,train,0.0001339463487965986,val,0.00016362751193810254
$KAGGLE_ROOT/train/benign/965.jpg,train,0,3606,HAM_0003674,0,2.0,6.877061241539195e-05,7.702136917941971e-05,train,2.0808951376238838e-05,train,5.792250158265233e-05,test,6.877061241539195e-05,train,2.1847205061931163e-05,train,0.0002075068186968565
$KAGGLE_ROOT/train/benign/966.jpg,train,0,4780,HAM_0006776,0,4.0,0.000157641465193592,7.924279771032161e-05,train,4.9218990170629695e-05,train,2.4718779968679883e-05,test,0.000157641465193592,train,5.755760503234342e-05,train,0.00018547581566963345
$KAGGLE_ROOT/train/benign/967.jpg,train,0,5768,HAM_0000635,0,2.0,4.881837958237156e-05,4.734947151519009e-05,train,2.7174284696229734e-05,train,5.80100022489205e-05,test,4.881837958237156e-05,train,6.136033334769309e-05,train,4.285326576791704e-05
$KAGGLE_ROOT/train/benign/968.jpg,train,0,6144,HAM_0002695,0,2.0,1.8908029232989065e-05,3.131805897282902e-05,test,1.8908029232989065e-05,val,2.3281314497580752e-05,train,2.1442678189487197e-05,train,3.963242852478288e-05,train,3.287907020421699e-05
$KAGGLE_ROOT/train/benign/969.jpg,train,0,9320,HAM_0005193,0,4.0,0.0001832748093875125,0.0006826382474779772,test,0.0001832748093875125,val,0.0002447906881570816,train,0.000110999470052775,train,0.0005361041403375566,train,0.0014008111320436
$KAGGLE_ROOT/train/benign/970.jpg,train,0,4475,HAM_0003806,0,2.0,1.7775855667423457e-05,3.7254710605338914e-05,train,1.701293331279885e-05,test,1.7775855667423457e-05,train,3.0418948881560937e-05,train,3.524025305523537e-05,train,6.63467071717605e-05
$KAGGLE_ROOT/train/benign/971.jpg,train,0,3299,HAM_0003197,0,0.0,9.75366638158448e-05,3.0003842160416145e-05,train,2.116988252964802e-05,train,2.5822919269558042e-05,test,9.75366638158448e-05,val,2.8419119189493358e-05,train,4.3018724682042375e-05
$KAGGLE_ROOT/train/benign/973.jpg,train,0,5220,HAM_0003888,0,6.0,3.1891962862573564e-05,7.938887483760482e-05,train,2.0634517568396404e-05,train,6.206410762388259e-05,train,4.1407001845072955e-05,test,3.1891962862573564e-05,train,0.00019344987231306732
$KAGGLE_ROOT/train/benign/974.jpg,train,0,9123,HAM_0004553,0,2.0,3.177293547196314e-05,0.0001065781616489403,train,3.8760997995268553e-05,test,3.177293547196314e-05,train,0.00030792210600338876,train,3.9909522456582636e-05,train,3.972002014052123e-05
$KAGGLE_ROOT/train/benign/975.jpg,train,0,4385,HAM_0000962,0,4.0,0.00015620337217114866,3.2308224641989604e-05,train,4.144121703575365e-05,train,1.8089389413944446e-05,train,3.739406747627072e-05,val,0.00010863399074878544,test,0.00015620337217114866
$KAGGLE_ROOT/train/benign/976.jpg,train,0,8602,HAM_0001799,0,4.0,7.61118353693746e-05,4.328224046427446e-05,train,4.047814218210988e-05,train,6.740673416061327e-05,test,7.61118353693746e-05,train,2.1961845050100237e-05,val,0.0002631437382660806
$KAGGLE_ROOT/train/benign/977.jpg,train,0,5851,HAM_0006198,0,2.0,3.14486023853533e-05,3.401756900226852e-05,train,4.421604535309598e-05,test,3.14486023853533e-05,train,3.456311605987139e-05,train,2.3273545593838207e-05,val,0.0001220793346874416
$KAGGLE_ROOT/train/benign/978.jpg,train,0,8349,HAM_0000222,0,2.0,3.5964796552434564e-05,8.315393733937526e-05,train,2.2055957742850296e-05,test,3.5964796552434564e-05,train,3.297795410617255e-05,train,2.9928089134045877e-05,train,0.0002476537483744323
$KAGGLE_ROOT/train/benign/979.jpg,train,0,8529,HAM_0005239,0,0.0,0.00018995109712705016,0.0019813559483736753,test,0.00018995109712705016,train,0.0005429632728919387,train,0.001073741470463574,train,0.00356445275247097,train,0.0027442662976682186
$KAGGLE_ROOT/train/benign/980.jpg,train,0,3219,HAM_0002651,0,4.0,4.134678965783678e-05,9.126531904257718e-05,train,7.443659706041217e-05,test,4.134678965783678e-05,train,6.694997136946768e-05,train,3.0434266591328196e-05,train,0.00019324044114910066
$KAGGLE_ROOT/train/benign/981.jpg,train,0,4239,HAM_0006839,0,4.0,9.725794370751828e-05,5.984334256936563e-05,train,5.043948840466328e-05,train,2.9379178158706054e-05,test,9.725794370751828e-05,train,4.921500294585712e-05,train,0.00011033970076823607
$KAGGLE_ROOT/train/benign/983.jpg,train,0,9190,HAM_0005329,0,2.0,0.00011416450433898717,3.169402407365851e-05,train,3.1833744287723675e-05,train,2.460309406160377e-05,train,4.5984172174939886e-05,train,2.4355085770366713e-05,test,0.00011416450433898717
$KAGGLE_ROOT/train/benign/984.jpg,train,0,8705,HAM_0002537,0,0.0,9.009359200717881e-05,0.00014239070029968084,train,0.00012024901661789045,test,9.009359200717881e-05,val,8.224635530496016e-05,train,5.776446414529346e-05,train,0.00024915862013585865
$KAGGLE_ROOT/train/benign/985.jpg,train,0,3232,HAM_0002773,0,2.0,1.9030807379749604e-05,3.086610877289786e-05,train,2.013867924688384e-05,test,1.9030807379749604e-05,train,4.393736526253633e-05,train,3.118364838883281e-05,train,2.820474219333846e-05
$KAGGLE_ROOT/train/benign/986.jpg,train,0,4936,HAM_0001161,0,2.0,0.00012743796105496585,3.165061434629024e-05,train,3.69850495189894e-05,train,3.285102138761431e-05,train,3.393272709217854e-05,train,2.2833659386378713e-05,test,0.00012743796105496585
$KAGGLE_ROOT/train/benign/987.jpg,train,0,8183,HAM_0005840,0,2.0,0.00025314552476629615,0.00039397487307724077,train,5.9972109738737345e-05,train,1.9551225705072284e-05,test,0.00025314552476629615,train,3.2140676921699196e-05,train,0.0014642354799434543
$KAGGLE_ROOT/train/benign/988.jpg,train,0,3384,HAM_0004841,0,0.0,2.8299851692281663e-05,3.504197108365285e-05,train,1.7143651348305866e-05,val,2.3384338419418782e-05,test,2.8299851692281663e-05,train,3.2103089324664325e-05,train,5.5879172577988356e-05
$KAGGLE_ROOT/train/benign/989.jpg,train,0,4247,HAM_0006010,0,4.0,3.0343877369887196e-05,5.1261835324112326e-05,train,2.0265430066501722e-05,val,2.0066328943357803e-05,test,3.0343877369887196e-05,train,5.481860353029333e-05,train,7.870147237554193e-05
$KAGGLE_ROOT/train/benign/99.jpg,train,0,5957,HAM_0006943,0,2.0,3.287295839982107e-05,3.584688662764771e-05,val,2.029333518294152e-05,test,3.287295839982107e-05,train,4.732251545647159e-05,train,2.0064262571395375e-05,train,4.015388185507618e-05
$KAGGLE_ROOT/train/benign/990.jpg,train,0,5360,HAM_0001585,0,2.0,1.4033979823580012e-05,3.553543274392723e-05,train,2.0210172806400806e-05,train,3.226859189453535e-05,train,1.9755405446630903e-05,test,1.4033979823580012e-05,train,6.990756082814187e-05
$KAGGLE_ROOT/train/benign/991.jpg,train,0,9109,HAM_0003033,0,2.0,0.00014920381363481283,5.039400002715411e-05,test,0.00014920381363481283,train,6.059104998712428e-05,train,1.9205983335268684e-05,train,1.6225463696173392e-05,train,0.00010555350309005007
$KAGGLE_ROOT/train/benign/992.jpg,train,0,3496,HAM_0002260,0,2.0,0.00018709288269747049,3.591282757042791e-05,train,4.825854193768464e-05,train,5.9866459196200594e-05,train,1.504053216194734e-05,train,2.0485776985879056e-05,test,0.00018709288269747049
$KAGGLE_ROOT/train/benign/994.jpg,train,0,5387,HAM_0007345,0,2.0,3.19354840030428e-05,0.00010146918551375468,test,3.19354840030428e-05,train,0.0001370372629025951,val,3.1241779652191326e-05,train,3.374784137122333e-05,train,0.00013362245226744562
$KAGGLE_ROOT/train/benign/995.jpg,train,0,6335,HAM_0006427,0,0.0,2.891929580073338e-05,2.8694117645500228e-05,train,3.571921115508303e-05,train,2.6291290851077065e-05,test,2.891929580073338e-05,train,2.4071850930340588e-05,val,8.889331365935504e-05
$KAGGLE_ROOT/train/benign/996.jpg,train,0,3531,HAM_0002353,0,2.0,0.03031436912715435,0.002457723341649398,train,0.0012837699614465237,train,0.0041058738715946674,train,0.0017657786374911666,train,0.002675470896065235,test,0.03031436912715435
$KAGGLE_ROOT/train/benign/997.jpg,train,0,8386,HAM_0002986,0,2.0,0.00010106997069669887,0.0006815022134105675,train,0.00049533077981323,train,0.00014371672295965254,train,0.0012260660296306014,train,0.000860895321238786,test,0.00010106997069669887
$KAGGLE_ROOT/train/benign/999.jpg,train,0,3881,HAM_0001355,0,2.0,6.565357034560293e-05,2.1548270524363033e-05,val,1.2022070222883485e-05,val,2.6632696972228587e-05,train,2.1548270524363033e-05,val,3.606288373703137e-05,test,6.565357034560293e-05
$KAGGLE_ROOT/train/malignant/1000.jpg,train,1,2237,HAM_0004878,1,0.0,0.8792297840118408,0.958165168762207,train,0.9912455677986145,train,0.9948615431785583,train,0.965703547000885,test,0.8792297840118408,train,0.8808500170707703
$KAGGLE_ROOT/train/malignant/1001.jpg,train,1,2098,HAM_0002525,1,0.0,0.0003376293752808124,0.6565235047601163,train,0.8891075849533081,train,0.8351380228996277,test,0.0003376293752808124,train,0.8843450546264648,train,0.01750335656106472
$KAGGLE_ROOT/train/malignant/1002.jpg,train,1,2303,HAM_0003504,1,2.0,0.002288901712745428,0.7036251872777939,train,0.4656001627445221,val,0.04519137740135193,val,0.015641629695892334,train,0.9416502118110657,test,0.002288901712745428
$KAGGLE_ROOT/train/malignant/1004.jpg,train,1,2173,HAM_0002194,1,0.0,0.198196142911911,0.7799339294433594,train,0.953386127948761,train,0.8484503030776978,test,0.198196142911911,train,0.5771813988685608,train,0.740717887878418
$KAGGLE_ROOT/train/malignant/1006.jpg,train,1,2207,HAM_0003587,1,0.0,0.004726829938590527,0.5523388192523271,train,0.5939234495162964,train,0.014673751778900623,train,0.6327822804450989,train,0.9679757952690125,test,0.004726829938590527
$KAGGLE_ROOT/train/malignant/1008.jpg,train,1,1280,HAM_0007560,1,2.0,0.001781961414963007,0.49526193272322416,train,0.9726907014846802,val,8.655698911752552e-05,test,0.001781961414963007,train,0.01783316396176815,val,0.0002901970874518156
$KAGGLE_ROOT/train/malignant/1010.jpg,train,1,1289,HAM_0007171,1,4.0,0.8392081260681152,0.8772584597269694,train,0.9862369298934937,train,0.7729235887527466,test,0.8392081260681152,train,0.872614860534668,val,0.001155987847596407
$KAGGLE_ROOT/train/malignant/1011.jpg,train,1,2087,HAM_0000320,1,0.0,0.9980078339576721,0.940205991268158,test,0.9980078339576721,train,0.9963679313659668,train,0.8257342576980591,train,0.998515784740448,val,0.9818713665008545
$KAGGLE_ROOT/train/malignant/1013.jpg,train,1,1388,HAM_0007617,1,4.0,0.3757461607456207,0.991201251745224,train,0.998953104019165,train,0.9748371243476868,test,0.3757461607456207,train,0.9949475526809692,train,0.996067225933075
$KAGGLE_ROOT/train/malignant/1014.jpg,train,1,2002,HAM_0003194,1,2.0,0.0010396274738013744,0.8412730495134989,train,0.7673012018203735,train,0.7953438758850098,test,0.0010396274738013744,train,0.9611740708351135,val,0.0069850897416472435
$KAGGLE_ROOT/train/malignant/1015.jpg,train,1,1447,HAM_0001741,1,2.0,0.0010605953866615891,0.1205343403853476,train,0.039123378694057465,train,0.10917619615793228,train,0.3227391242980957,test,0.0010605953866615891,train,0.01109866239130497
$KAGGLE_ROOT/train/malignant/1016.jpg,train,1,1597,HAM_0000358,1,0.0,0.042650945484638214,0.036409381311386824,test,0.042650945484638214,train,0.02927161566913128,train,0.03269406780600548,train,0.03690018504858017,train,0.04677165672183037
$KAGGLE_ROOT/train/malignant/1017.jpg,train,1,2010,HAM_0003558,1,4.0,4.619760875357315e-05,0.2829237347468734,train,0.1428346037864685,test,4.619760875357315e-05,train,0.2296287715435028,train,0.7075448036193848,train,0.051686760038137436
$KAGGLE_ROOT/train/malignant/1018.jpg,train,1,1217,HAM_0005186,1,0.0,0.9998052716255188,0.9923062523206075,train,0.9997591376304626,val,0.9975212216377258,train,0.9996603727340698,test,0.9998052716255188,train,0.97749924659729
$KAGGLE_ROOT/train/malignant/1020.jpg,train,1,2144,HAM_0006940,1,0.0,0.010880809277296066,0.6898295655846596,train,0.9710637331008911,train,0.06912073493003845,train,0.883368730545044,train,0.8357650637626648,test,0.010880809277296066
$KAGGLE_ROOT/train/malignant/1021.jpg,train,1,2069,HAM_0004254,1,2.0,0.14203070104122162,0.9427024275064468,train,0.9904977679252625,test,0.14203070104122162,train,0.8230206370353699,train,0.9984252452850342,train,0.9588660597801208
$KAGGLE_ROOT/train/malignant/1023.jpg,train,1,1262,HAM_0007390,1,2.0,0.0011296608718112111,0.89243217309316,train,0.9976012110710144,test,0.0011296608718112111,train,0.806664228439331,val,0.9963905215263367,train,0.8730310797691345
$KAGGLE_ROOT/train/malignant/1024.jpg,train,1,1325,HAM_0002471,1,2.0,0.013735710643231869,0.4196327067911625,train,0.06371437013149261,test,0.013735710643231869,train,0.7198470830917358,train,0.5276841521263123,train,0.36728522181510925
$KAGGLE_ROOT/train/malignant/1025.jpg,train,1,1272,HAM_0004813,1,0.0,0.9338890314102173,0.9821910460789999,train,0.9942514896392822,train,0.9591069221496582,val,0.8728498220443726,train,0.9932147264480591,test,0.9338890314102173
$KAGGLE_ROOT/train/malignant/1028.jpg,train,1,1930,HAM_0005926,1,4.0,0.8106855154037476,0.5254368744790554,test,0.8106855154037476,train,0.5634645223617554,train,0.41379520297050476,train,0.9818559288978577,train,0.14263184368610382
$KAGGLE_ROOT/train/malignant/1029.jpg,train,1,2120,HAM_0001596,1,0.0,0.3316420912742615,0.7634583003818989,train,0.9639716148376465,train,0.9066940546035767,test,0.3316420912742615,train,0.9994409680366516,train,0.18372656404972076
$KAGGLE_ROOT/train/malignant/1030.jpg,train,1,1230,HAM_0000492,1,0.0,0.00025666042347438633,0.3204982444876805,test,0.00025666042347438633,train,0.0037196935154497623,train,0.343721866607666,train,0.0747748613357544,train,0.8597765564918518
$KAGGLE_ROOT/train/malignant/1031.jpg,train,1,2190,HAM_0002800,1,4.0,0.0020263302139937878,0.3060774008433024,train,0.066891610622406,train,0.7129352688789368,test,0.0020263302139937878,val,0.010692507028579712,train,0.13840532302856445
$KAGGLE_ROOT/train/malignant/1032.jpg,train,1,1558,HAM_0005352,1,4.0,0.0058816345408558846,0.024772852038343746,train,0.03367814049124718,train,0.03167298063635826,test,0.0058816345408558846,train,0.008967434987425804,val,0.00010699046106310561
$KAGGLE_ROOT/train/malignant/1033.jpg,train,1,2164,HAM_0001835,1,0.0,0.01653415337204933,0.6547538147618374,val,0.010427274741232395,train,0.01251271553337574,train,0.9551922082901001,train,0.9965565204620361,test,0.01653415337204933
$KAGGLE_ROOT/train/malignant/1034.jpg,train,1,1312,HAM_0003782,1,0.0,0.8311524987220764,0.961648553609848,train,0.9992589354515076,test,0.8311524987220764,train,0.9818960428237915,train,0.9994729161262512,train,0.8659663200378418
$KAGGLE_ROOT/train/malignant/1035.jpg,train,1,2114,HAM_0005747,1,4.0,0.035838499665260315,0.38920112947622937,train,0.07159121334552765,train,0.45808088779449463,test,0.035838499665260315,val,0.019574178382754326,train,0.6379312872886658
$KAGGLE_ROOT/train/malignant/1036.jpg,train,1,1235,HAM_0003182,1,0.0,0.0019878281746059656,0.5541083166996638,train,0.9941129088401794,train,0.22532673180103302,val,0.07874798029661179,train,0.44288530945777893,test,0.0019878281746059656
$KAGGLE_ROOT/train/malignant/1039.jpg,train,1,1974,HAM_0005064,1,6.0,0.00013752382074017078,0.19664334878325462,val,7.529400318162516e-05,val,0.000541327812243253,train,0.1134253665804863,test,0.00013752382074017078,train,0.27986133098602295
$KAGGLE_ROOT/train/malignant/1040.jpg,train,1,1866,HAM_0007592,1,2.0,0.9954794645309448,0.9420281449953715,train,0.9973278045654297,val,0.9079782962799072,train,0.9419981837272644,test,0.9954794645309448,train,0.8867584466934204
$KAGGLE_ROOT/train/malignant/1041.jpg,train,1,2057,HAM_0000282,1,0.0,0.0018073803512379527,0.5597858522087336,train,0.05870608240365982,test,0.0018073803512379527,train,0.6266322135925293,train,0.8182912468910217,train,0.7355138659477234
$KAGGLE_ROOT/train/malignant/1042.jpg,train,1,2176,HAM_0006964,1,0.0,0.009515342302620411,0.7081534089520574,train,0.8449106216430664,train,0.05663095787167549,train,0.9406102895736694,train,0.9904617667198181,test,0.009515342302620411
$KAGGLE_ROOT/train/malignant/1043.jpg,train,1,2043,HAM_0002696,1,2.0,0.0014098670799285173,0.4061314007267356,train,0.5326856374740601,train,0.9284015893936157,test,0.0014098670799285173,train,0.035090696066617966,train,0.12834767997264862
$KAGGLE_ROOT/train/malignant/1044.jpg,train,1,1263,HAM_0007390,1,2.0,0.0022694815415889025,0.6672390103340149,train,0.970125675201416,test,0.0022694815415889025,train,0.06610763072967529,val,0.19710657000541687,train,0.9654837250709534
$KAGGLE_ROOT/train/malignant/1045.jpg,train,1,2199,HAM_0006061,1,2.0,0.46775731444358826,0.8366129795710245,train,0.986431896686554,test,0.46775731444358826,train,0.5380678772926331,train,0.9853391647338867,val,0.026282524690032005
$KAGGLE_ROOT/train/malignant/1047.jpg,train,1,1213,HAM_0000040,1,0.0,0.000845764297991991,0.01807081588776782,train,0.0007960613584145904,train,0.001726825605146587,train,0.06016390398144722,train,0.009596472606062889,test,0.000845764297991991
$KAGGLE_ROOT/train/malignant/1048.jpg,train,1,1918,HAM_0001532,1,2.0,0.8775657415390015,0.6723774988204241,train,0.9912171363830566,train,0.036143191158771515,test,0.8775657415390015,train,0.9874393343925476,train,0.6747103333473206
$KAGGLE_ROOT/train/malignant/1050.jpg,train,1,1367,HAM_0006152,1,2.0,0.9969896078109741,0.8501176685094833,train,0.9989994168281555,train,0.9882673621177673,train,0.5317726731300354,test,0.9969896078109741,train,0.8814312219619751
$KAGGLE_ROOT/train/malignant/1051.jpg,train,1,1315,HAM_0005697,1,2.0,0.923123300075531,0.9936461895704269,train,0.9993138313293457,train,0.9798619747161865,train,0.9969735145568848,train,0.9984354376792908,test,0.923123300075531
$KAGGLE_ROOT/train/malignant/1052.jpg,train,1,1444,HAM_0002391,1,0.0,0.5057340860366821,0.5109808323904872,train,0.3947240710258484,train,0.8901025652885437,train,0.049502741545438766,train,0.7095939517021179,test,0.5057340860366821
$KAGGLE_ROOT/train/malignant/1053.jpg,train,1,1359,HAM_0005084,1,2.0,0.6344305276870728,0.4799570180475712,test,0.6344305276870728,train,0.8126646876335144,train,0.19371046125888824,train,0.7257307171821594,train,0.18772220611572266
$KAGGLE_ROOT/train/malignant/1054.jpg,train,1,1392,HAM_0003449,1,0.0,0.14467300474643707,0.017087077799563605,train,0.012668401934206486,test,0.14467300474643707,val,0.4284423887729645,train,0.0035488244611769915,train,0.03504400700330734
$KAGGLE_ROOT/train/malignant/1055.jpg,train,1,1257,HAM_0004720,1,0.0,0.023994063958525658,0.9604665488004684,train,0.9777384996414185,train,0.9126996397972107,test,0.023994063958525658,train,0.9991279244422913,train,0.9523001313209534
$KAGGLE_ROOT/train/malignant/1057.jpg,train,1,1449,HAM_0003350,1,0.0,0.6322497129440308,0.806272353976965,train,0.9923985600471497,train,0.2403966635465622,test,0.6322497129440308,train,0.9988139867782593,train,0.9934802055358887
$KAGGLE_ROOT/train/malignant/1059.jpg,train,1,1751,HAM_0006097,1,0.0,0.01241274457424879,0.8893191814422607,val,0.07038696855306625,test,0.01241274457424879,train,0.9757442474365234,train,0.802894115447998,val,0.7927161455154419
$KAGGLE_ROOT/train/malignant/1060.jpg,train,1,1458,HAM_0004397,1,0.0,0.9852747917175293,0.9788300096988678,test,0.9852747917175293,train,0.9989094734191895,train,0.9242342710494995,train,0.9988478422164917,train,0.9933284521102905
$KAGGLE_ROOT/train/malignant/1061.jpg,train,1,2058,HAM_0004651,1,2.0,7.989197183633223e-05,0.6134816432992617,val,0.4312188923358917,test,7.989197183633223e-05,train,0.7376195788383484,train,0.9978635907173157,train,0.10496176034212112
$KAGGLE_ROOT/train/malignant/1062.jpg,train,1,2202,HAM_0002970,1,0.0,0.005626027472317219,0.33135156566277146,train,0.8324618339538574,train,0.03923214226961136,test,0.005626027472317219,train,0.4345604479312897,train,0.0191518384963274
$KAGGLE_ROOT/train/malignant/1063.jpg,train,1,1381,HAM_0003683,1,4.0,0.0016853532288223505,0.09120205357612576,test,0.0016853532288223505,train,0.0008493945351801813,train,0.28333935141563416,train,0.06623679399490356,train,0.014382674358785152
$KAGGLE_ROOT/train/malignant/1064.jpg,train,1,2300,HAM_0000536,1,0.0,0.0008319818880409002,0.38688933476805687,test,0.0008319818880409002,train,0.31977829337120056,train,0.7336548566818237,train,0.261433482170105,train,0.2326907068490982
$KAGGLE_ROOT/train/malignant/1066.jpg,train,1,1766,HAM_0006556,1,2.0,0.00013684869918506593,0.0011752896583251033,train,0.0016509629786014557,train,0.00016965436225291342,test,0.00013684869918506593,val,0.00015741254901513457,train,0.0017052516341209412
$KAGGLE_ROOT/train/malignant/1067.jpg,train,1,2007,HAM_0000373,1,0.0,0.010795754380524158,0.5133079309016466,train,0.9336626529693604,train,0.34933796525001526,test,0.010795754380524158,train,0.6720815896987915,train,0.09814951568841934
$KAGGLE_ROOT/train/malignant/1068.jpg,train,1,2117,HAM_0001551,1,0.0,0.0028327384497970343,0.09762268792837858,train,0.03579621762037277,train,0.02325664460659027,train,0.030642691999673843,train,0.30079519748687744,test,0.0028327384497970343
$KAGGLE_ROOT/train/malignant/1069.jpg,train,1,2127,HAM_0002493,1,2.0,0.00041237391997128725,0.32840477488934994,train,0.11317745596170425,train,0.9089646935462952,train,0.01936991512775421,test,0.00041237391997128725,train,0.2721070349216461
$KAGGLE_ROOT/train/malignant/1070.jpg,train,1,2080,HAM_0002375,1,0.0,0.8365021347999573,0.8593157927195231,train,0.9216532111167908,train,0.8093015551567078,train,0.8469926118850708,test,0.8365021347999573,val,0.10226433724164963
$KAGGLE_ROOT/train/malignant/1071.jpg,train,1,2223,HAM_0005504,1,2.0,0.00021108823420945555,0.3819166826142464,train,0.7256645560264587,test,0.00021108823420945555,train,0.0013639117823913693,train,0.7952784299850464,train,0.005359832663089037
$KAGGLE_ROOT/train/malignant/1072.jpg,train,1,1355,HAM_0004483,1,2.0,0.00025621740496717393,0.20786315674195066,test,0.00025621740496717393,train,0.0026556181255728006,train,0.46835964918136597,train,0.03531443700194359,train,0.3251229226589203
$KAGGLE_ROOT/train/malignant/1073.jpg,train,1,2115,HAM_0005747,1,0.0,0.004552360624074936,0.039403536822646856,train,0.03812670707702637,train,0.07353013753890991,test,0.004552360624074936,val,0.006350128445774317,train,0.00655376585200429
$KAGGLE_ROOT/train/malignant/1075.jpg,train,1,2148,HAM_0002906,1,2.0,0.002282132161781192,0.1478083599358797,train,0.24031944572925568,test,0.002282132161781192,val,0.00968632660806179,train,0.05529727414250374,val,0.021139129996299744
$KAGGLE_ROOT/train/malignant/1076.jpg,train,1,2001,HAM_0007091,1,2.0,0.0006622213986702263,0.5321868732571602,train,0.10724231600761414,test,0.0006622213986702263,train,0.7936456203460693,train,0.8955522775650024,train,0.33230727910995483
$KAGGLE_ROOT/train/malignant/1077.jpg,train,1,2216,HAM_0003885,1,2.0,0.9946174025535583,0.7758949100971222,train,0.9916350841522217,train,0.5441116690635681,train,0.7516539692878723,test,0.9946174025535583,train,0.8161789178848267
$KAGGLE_ROOT/train/malignant/1078.jpg,train,1,1992,HAM_0004565,1,2.0,7.919503696030006e-05,0.0019494307452987414,train,0.00486791180446744,test,7.919503696030006e-05,train,0.002305098809301853,train,7.62443378334865e-05,train,0.0005484680295921862
$KAGGLE_ROOT/train/malignant/1079.jpg,train,1,2146,HAM_0006942,1,4.0,0.0016025512013584375,0.044220512732863426,test,0.0016025512013584375,train,0.05865573510527611,train,0.06984354555606842,train,0.00416225753724575,val,0.004385924898087978
$KAGGLE_ROOT/train/malignant/1081.jpg,train,1,1445,HAM_0002391,1,0.0,0.5623449683189392,0.9144207984209061,train,0.9872556924819946,train,0.9579674601554871,train,0.7604414820671082,train,0.9520185589790344,test,0.5623449683189392
$KAGGLE_ROOT/train/malignant/1082.jpg,train,1,1358,HAM_0007620,1,2.0,0.0001893832377390936,0.4161895322613418,test,0.0001893832377390936,train,0.9529574513435364,train,0.0068011898547410965,train,0.660435140132904,train,0.044564347714185715
$KAGGLE_ROOT/train/malignant/1084.jpg,train,1,1963,HAM_0006467,1,0.0,0.9724217653274536,0.7410810552537441,train,0.9972902536392212,train,0.7438368201255798,test,0.9724217653274536,train,0.9965788722038269,train,0.22661827504634857
$KAGGLE_ROOT/train/malignant/1085.jpg,train,1,1365,HAM_0005742,1,2.0,0.03138342127203941,0.6850280687212944,test,0.03138342127203941,train,0.8328126072883606,train,0.4715843200683594,train,0.9880287051200867,train,0.44768664240837097
$KAGGLE_ROOT/train/malignant/1086.jpg,train,1,1405,HAM_0005642,1,0.0,0.04293155297636986,0.3344274510939916,train,0.7107569575309753,test,0.04293155297636986,train,0.07103997468948364,val,0.8031870126724243,train,0.2214854210615158
$KAGGLE_ROOT/train/malignant/1087.jpg,train,1,2139,HAM_0006355,1,2.0,0.0003867915365844965,0.001068714351276867,train,0.0007556400378234684,train,0.0013059083139523864,train,0.0009096382418647408,train,0.0013036708114668727,test,0.0003867915365844965
$KAGGLE_ROOT/train/malignant/1088.jpg,train,1,1969,HAM_0002711,1,2.0,0.0003122595662716776,0.38818555988837034,train,0.004581440705806017,test,0.0003122595662716776,train,0.9101799726486206,train,0.58587247133255,train,0.05210835486650467
$KAGGLE_ROOT/train/malignant/1090.jpg,train,1,1371,HAM_0004980,1,4.0,0.0007391811814159155,0.3282697832522293,test,0.0007391811814159155,train,0.015214033424854279,val,0.00044638258987106383,train,0.9638062119483948,train,0.005789104383438826
$KAGGLE_ROOT/train/malignant/1092.jpg,train,1,1408,HAM_0004364,1,2.0,0.0044499109499156475,0.06820603884989396,train,0.10347822308540344,train,0.0010635016951709986,train,0.053975533694028854,test,0.0044499109499156475,train,0.11430689692497253
$KAGGLE_ROOT/train/malignant/1093.jpg,train,1,2113,HAM_0005203,1,2.0,0.9854699373245239,0.8897122939427694,val,0.5520036816596985,train,0.8752236366271973,test,0.9854699373245239,train,0.9974210262298584,train,0.7964922189712524
$KAGGLE_ROOT/train/malignant/1095.jpg,train,1,1467,HAM_0003622,1,2.0,0.08137483149766922,0.11480947863310575,val,0.009515463374555111,val,0.0029645971953868866,train,0.011250203475356102,train,0.2183687537908554,test,0.08137483149766922
$KAGGLE_ROOT/train/malignant/1096.jpg,train,1,2009,HAM_0006870,1,2.0,8.084673754638061e-05,0.0012277135465410538,train,0.0012023287126794457,train,0.0002631304378155619,test,8.084673754638061e-05,train,0.002991533139720559,train,0.00045386189594864845
$KAGGLE_ROOT/train/malignant/1097.jpg,train,1,2318,HAM_0000910,1,0.0,4.2270021367585286e-05,0.25128767819842324,train,0.22268712520599365,train,0.002146154409274459,train,0.6781003475189209,test,4.2270021367585286e-05,train,0.10221708565950394
$KAGGLE_ROOT/train/malignant/1098.jpg,train,1,1390,HAM_0000059,1,2.0,0.09659428149461746,0.2714730685111135,test,0.09659428149461746,train,0.12794001400470734,train,0.06363317370414734,train,0.010070054791867733,train,0.8842490315437317
$KAGGLE_ROOT/train/malignant/1099.jpg,train,1,2316,HAM_0003509,1,2.0,0.029537519440054893,0.6563209096590678,train,0.9611487984657288,val,0.015219992026686668,train,0.6359446048736572,test,0.029537519440054893,train,0.3718693256378174
$KAGGLE_ROOT/train/malignant/1100.jpg,train,1,1943,HAM_0007016,1,2.0,0.00033597895526327193,0.34455074183642864,test,0.00033597895526327193,train,0.30794551968574524,train,0.06186426430940628,train,0.971393346786499,train,0.036999836564064026
$KAGGLE_ROOT/train/malignant/1101.jpg,train,1,2088,HAM_0000320,1,0.0,0.11446600407361984,0.7598999937375387,test,0.11446600407361984,train,0.9577124118804932,train,0.3308229446411133,train,0.9911646246910095,val,0.024782072752714157
$KAGGLE_ROOT/train/malignant/1102.jpg,train,1,1232,HAM_0004784,1,6.0,0.242806077003479,0.9891594648361206,train,0.99222731590271,train,0.9852427244186401,train,0.9939866065979004,test,0.242806077003479,train,0.9851812124252319
$KAGGLE_ROOT/train/malignant/1103.jpg,train,1,2047,HAM_0000563,1,4.0,0.006613888777792454,0.6339935461680094,train,0.35025888681411743,val,0.05596410110592842,train,0.6389158964157104,train,0.9128058552742004,test,0.006613888777792454
$KAGGLE_ROOT/train/malignant/1104.jpg,train,1,2239,HAM_0007522,1,0.0,0.9982335567474365,0.5900585949420929,train,0.8450610041618347,train,0.781552791595459,val,0.33338770270347595,test,0.9982335567474365,train,0.14356198906898499
$KAGGLE_ROOT/train/malignant/1105.jpg,train,1,2157,HAM_0001791,1,0.0,0.09088177978992462,0.8684152513742447,train,0.995610773563385,test,0.09088177978992462,train,0.6658567190170288,train,0.9929143190383911,train,0.8192791938781738
$KAGGLE_ROOT/train/malignant/1106.jpg,train,1,2104,HAM_0000125,1,2.0,0.39651724696159363,0.9969071596860886,train,0.9991760849952698,train,0.9918308854103088,train,0.9981581568717957,test,0.39651724696159363,train,0.99846351146698
$KAGGLE_ROOT/train/malignant/1107.jpg,train,1,2013,HAM_0003484,1,2.0,8.90845840331167e-05,0.05583850503899157,train,0.11113878339529037,test,8.90845840331167e-05,train,0.003686482785269618,train,0.05269024893641472,val,0.0014103222638368607
$KAGGLE_ROOT/train/malignant/1108.jpg,train,1,2063,HAM_0000910,1,2.0,0.0019173375330865383,0.3027621377259493,train,0.6116569638252258,train,0.2798137366771698,train,0.07553542405366898,test,0.0019173375330865383,train,0.24404242634773254
$KAGGLE_ROOT/train/malignant/1109.jpg,train,1,1349,HAM_0001202,1,0.0,0.9890614748001099,0.7331870393827558,test,0.9890614748001099,train,0.9869446158409119,train,0.9019649624824524,train,0.9922767281532288,train,0.05156185105443001
$KAGGLE_ROOT/train/malignant/1110.jpg,train,1,2238,HAM_0007522,1,0.0,0.9993808269500732,0.7580631176630656,train,0.9974689483642578,train,0.9988467693328857,val,0.903326690196991,test,0.9993808269500732,train,0.2778736352920532
$KAGGLE_ROOT/train/malignant/1111.jpg,train,1,1426,HAM_0007243,1,0.0,0.001285115024074912,0.4177699014544487,test,0.001285115024074912,train,0.3197328746318817,train,0.7068268656730652,train,0.365287184715271,train,0.2792326807975769
$KAGGLE_ROOT/train/malignant/1114.jpg,train,1,2054,HAM_0006636,1,2.0,0.017557915300130844,0.4224606603384018,val,0.00043819737038575113,test,0.017557915300130844,train,0.15433461964130402,train,0.5215054154396057,train,0.5915419459342957
$KAGGLE_ROOT/train/malignant/1115.jpg,train,1,1298,HAM_0004979,1,2.0,0.00031957568717189133,0.9137922674417496,train,0.8690325021743774,test,0.00031957568717189133,train,0.9806568026542664,train,0.956547200679779,train,0.8489325642585754
$KAGGLE_ROOT/train/malignant/1116.jpg,train,1,2140,HAM_0000136,1,0.0,9.862277511274442e-05,0.09129467769525945,train,0.21202833950519562,train,0.010879767127335072,train,0.019060375168919563,test,9.862277511274442e-05,train,0.12321022897958755
$KAGGLE_ROOT/train/malignant/1117.jpg,train,1,1245,HAM_0001811,1,0.0,0.011434982530772686,0.4016907794866711,train,0.6487115025520325,test,0.011434982530772686,train,0.20151710510253906,train,0.0107874209061265,train,0.7457470893859863
$KAGGLE_ROOT/train/malignant/1118.jpg,train,1,2302,HAM_0003504,1,0.0,0.0035980395041406155,0.503365833312273,train,0.9171168208122253,val,0.001254597445949912,val,0.010228756815195084,train,0.08961484581232071,test,0.0035980395041406155
$KAGGLE_ROOT/train/malignant/1121.jpg,train,1,1413,HAM_0002981,1,0.0,0.0045159622095525265,0.30540488235419616,train,0.28749337792396545,train,0.898003101348877,train,0.0022040472831577063,test,0.0045159622095525265,train,0.03391900286078453
$KAGGLE_ROOT/train/malignant/1122.jpg,train,1,2182,HAM_0002338,1,0.0,0.00039221320184879005,0.00035646062800272677,train,0.0007197870290838182,train,8.828372665448114e-05,test,0.00039221320184879005,train,0.000261311128269881,val,2.7107016649097204e-05
$KAGGLE_ROOT/train/malignant/1123.jpg,train,1,1276,HAM_0000814,1,2.0,0.050066906958818436,0.2592264593113214,test,0.050066906958818436,train,0.005102877505123615,train,0.09419197589159012,train,0.6640421748161316,train,0.2735688090324402
$KAGGLE_ROOT/train/malignant/1124.jpg,train,1,1987,HAM_0002430,1,0.0,0.9985455274581909,0.7752227783203125,train,0.9952345490455627,train,0.8636257648468018,train,0.9372923374176025,test,0.9985455274581909,train,0.30473846197128296
$KAGGLE_ROOT/train/malignant/1125.jpg,train,1,1968,HAM_0004850,1,0.0,0.0001587852748343721,0.28007339080795646,test,0.0001587852748343721,train,0.05254799500107765,train,0.02002176083624363,train,0.9520739316940308,train,0.09564987570047379
$KAGGLE_ROOT/train/malignant/1126.jpg,train,1,1374,HAM_0005911,1,0.0,0.999946117401123,0.9993138611316681,test,0.999946117401123,train,0.9999456405639648,train,0.9994626641273499,train,0.9999325275421143,train,0.9979146122932434
$KAGGLE_ROOT/train/malignant/1127.jpg,train,1,1929,HAM_0003176,1,0.0,0.08982338756322861,0.2662606058875099,train,0.18711787462234497,train,0.02521817944943905,test,0.08982338756322861,train,0.8501242399215698,train,0.002582129556685686
$KAGGLE_ROOT/train/malignant/1129.jpg,train,1,1946,HAM_0005927,1,2.0,0.00017906927678268403,0.11853143092230312,train,0.029413606971502304,train,0.00017493903578724712,test,0.00017906927678268403,train,0.4269537627696991,train,0.017583414912223816
$KAGGLE_ROOT/train/malignant/1130.jpg,train,1,1973,HAM_0005064,1,0.0,0.001549288397654891,0.9145655632019043,val,9.290659363614395e-05,val,0.0002750427520368248,train,0.933212399482727,test,0.001549288397654891,train,0.8959187269210815
$KAGGLE_ROOT/train/malignant/1131.jpg,train,1,1448,HAM_0001741,1,2.0,0.7475171089172363,0.9052462428808212,train,0.9610834121704102,train,0.9883548021316528,train,0.7093911170959473,test,0.7475171089172363,train,0.9621556401252747
$KAGGLE_ROOT/train/malignant/1132.jpg,train,1,1241,HAM_0005557,1,2.0,0.045180536806583405,0.3397478771706422,train,0.01763049140572548,train,0.9075334072113037,test,0.045180536806583405,train,0.09407973289489746,val,0.17190596461296082
$KAGGLE_ROOT/train/malignant/1133.jpg,train,1,2203,HAM_0003256,1,0.0,0.9978151321411133,0.5769882962922566,train,0.9938399195671082,train,0.6438837647438049,train,0.6672811508178711,test,0.9978151321411133,train,0.002948350040242076
$KAGGLE_ROOT/train/malignant/1134.jpg,train,1,1385,HAM_0000233,1,0.0,0.00013561501691583544,0.2251056171953678,train,0.2942747473716736,train,0.31393739581108093,train,0.11756259202957153,test,0.00013561501691583544,train,0.1746477335691452
$KAGGLE_ROOT/train/malignant/1136.jpg,train,1,1885,HAM_0001349,1,2.0,0.008521546609699726,0.7748933210968971,test,0.008521546609699726,train,0.8596320748329163,train,0.9052990674972534,train,0.9811945557594299,train,0.3534475862979889
$KAGGLE_ROOT/train/malignant/1137.jpg,train,1,2175,HAM_0006877,1,0.0,0.9769406318664551,0.9787275046110153,train,0.9995743632316589,test,0.9769406318664551,train,0.9864382743835449,train,0.9712443351745605,train,0.9576530456542969
$KAGGLE_ROOT/train/malignant/1138.jpg,train,1,2037,HAM_0003608,1,0.0,0.9976367950439453,0.5258172485046089,train,0.5864537358283997,train,0.002916945144534111,train,0.5535785555839539,test,0.9976367950439453,train,0.9603197574615479
$KAGGLE_ROOT/train/malignant/1139.jpg,train,1,2289,HAM_0004767,1,2.0,0.00038266784395091236,0.21766506042331457,train,0.40911924839019775,test,0.00038266784395091236,val,0.00011969498154940084,val,0.00020073105406481773,train,0.02621087245643139
$KAGGLE_ROOT/train/malignant/1140.jpg,train,1,2066,HAM_0004709,1,2.0,0.3712644875049591,0.9575915733973185,train,0.9980119466781616,val,0.9159314036369324,train,0.8750641345977783,train,0.9996986389160156,test,0.3712644875049591
$KAGGLE_ROOT/train/malignant/1142.jpg,train,1,2086,HAM_0007238,1,0.0,0.00038060027873143554,0.3357451713915604,val,0.0007902364013716578,test,0.00038060027873143554,train,0.023892182856798172,train,0.9826890230178833,train,0.0006543082999996841
$KAGGLE_ROOT/train/malignant/1143.jpg,train,1,1438,HAM_0005752,1,4.0,0.0008894534548744559,0.13299181452021003,train,0.09158872812986374,train,0.015406494960188866,train,0.3932022452354431,test,0.0008894534548744559,train,0.03176978975534439
$KAGGLE_ROOT/train/malignant/1144.jpg,train,1,1428,HAM_0001729,1,2.0,0.0013201406691223383,0.27512605022639036,train,0.3435657322406769,test,0.0013201406691223383,train,0.08415427058935165,train,0.6188596487045288,train,0.053924549371004105
$KAGGLE_ROOT/train/malignant/1145.jpg,train,1,1324,HAM_0002471,1,2.0,0.5992327332496643,0.907259613275528,train,0.9917173981666565,test,0.5992327332496643,train,0.997576892375946,train,0.9750281572341919,train,0.6647160053253174
$KAGGLE_ROOT/train/malignant/1146.jpg,train,1,2250,HAM_0006423,1,0.0,0.0013457790482789278,0.004381568629469257,train,0.01301288791000843,train,0.0003376023087184876,test,0.0013457790482789278,train,0.002593382028862834,train,0.0015824022702872753
$KAGGLE_ROOT/train/malignant/1147.jpg,train,1,1237,HAM_0001747,1,0.0,0.055678267031908035,0.38976743817329407,val,0.3546751141548157,train,0.23316548764705658,train,0.8962310552597046,train,0.03990577161312103,test,0.055678267031908035
$KAGGLE_ROOT/train/malignant/1148.jpg,train,1,1756,HAM_0007558,1,2.0,0.00013126077828928828,0.30070890486240387,val,0.5359748005867004,train,0.1334577351808548,test,0.00013126077828928828,train,0.3190843164920807,train,0.4495846629142761
$KAGGLE_ROOT/train/malignant/1149.jpg,train,1,1219,HAM_0007310,1,0.0,0.9997941851615906,0.9997302492459615,train,0.9999700784683228,train,0.9998452663421631,train,0.9993754029273987,val,0.999956488609314,test,0.9997941851615906
$KAGGLE_ROOT/train/malignant/1152.jpg,train,1,1338,HAM_0001328,1,0.0,0.011333639733493328,0.7729220787684122,val,0.8648799061775208,train,0.40080100297927856,test,0.011333639733493328,train,0.9240246415138245,train,0.9939405918121338
$KAGGLE_ROOT/train/malignant/1153.jpg,train,1,1229,HAM_0000492,1,0.0,0.012347045354545116,0.759643167257309,test,0.012347045354545116,train,0.961559534072876,train,0.43207061290740967,train,0.9230836033821106,train,0.7218589186668396
$KAGGLE_ROOT/train/malignant/1154.jpg,train,1,1664,HAM_0002099,1,0.0,0.2631992697715759,0.7328857779502869,train,0.5836326479911804,test,0.2631992697715759,train,0.7318074703216553,train,0.8832172155380249,val,0.1058528795838356
$KAGGLE_ROOT/train/malignant/1157.jpg,train,1,1394,HAM_0004676,1,2.0,0.002360070589929819,0.5894969006379446,train,0.45502540469169617,train,0.7559797167778015,val,0.05271033197641373,train,0.5574855804443359,test,0.002360070589929819
$KAGGLE_ROOT/train/malignant/1158.jpg,train,1,2021,HAM_0000396,1,2.0,0.03287351131439209,0.03576084098313004,train,0.07000887393951416,train,0.0015128080267459154,val,0.006118978373706341,test,0.03287351131439209,val,0.0009619879419915378
$KAGGLE_ROOT/train/malignant/1159.jpg,train,1,1436,HAM_0005785,1,2.0,0.002743946388363838,0.8115209341049194,test,0.002743946388363838,val,0.02278895489871502,train,0.9312477707862854,val,0.006455245893448591,train,0.6917940974235535
$KAGGLE_ROOT/train/malignant/1161.jpg,train,1,1360,HAM_0005084,1,0.0,0.049676313996315,0.8083719611167908,test,0.049676313996315,train,0.9774050116539001,train,0.667068600654602,train,0.6866809725761414,train,0.9023332595825195
$KAGGLE_ROOT/train/malignant/1162.jpg,train,1,2254,HAM_0001607,1,0.0,0.998343825340271,0.949536919593811,train,0.9640695452690125,train,0.9450201988220215,train,0.9917111396789551,test,0.998343825340271,train,0.8973467946052551
$KAGGLE_ROOT/train/malignant/1163.jpg,train,1,1450,HAM_0003350,1,2.0,0.0019560123328119516,0.005149690798134543,train,0.00028804485918954015,train,0.00012399506522342563,test,0.0019560123328119516,train,0.019452517852187157,train,0.0007342054159380496
$KAGGLE_ROOT/train/malignant/1165.jpg,train,1,1872,HAM_0001793,1,2.0,0.9998251795768738,0.9983269969622294,train,0.9995906949043274,val,0.980364203453064,train,0.9967683553695679,test,0.9998251795768738,train,0.998621940612793
$KAGGLE_ROOT/train/malignant/1167.jpg,train,1,2045,HAM_0004669,1,2.0,0.9819961786270142,0.8072740435600281,train,0.9885857701301575,train,0.909889817237854,train,0.33797216415405273,test,0.9819961786270142,train,0.9926484227180481
$KAGGLE_ROOT/train/malignant/1168.jpg,train,1,2027,HAM_0000133,1,2.0,0.00035784169449470937,0.0002637746288201015,train,9.989601676352322e-05,train,0.0001987282303161919,train,0.0007376569556072354,test,0.00035784169449470937,train,1.8817312593455426e-05
$KAGGLE_ROOT/train/malignant/1169.jpg,train,1,1411,HAM_0005624,1,2.0,0.0019423437770456076,0.19108847373475632,train,0.007140199653804302,val,0.0020470297895371914,test,0.0019423437770456076,train,0.47245433926582336,train,0.09367088228464127
$KAGGLE_ROOT/train/malignant/1171.jpg,train,1,1246,HAM_0001811,1,2.0,3.6996723792981356e-05,0.7677015289664268,train,0.8323956727981567,test,3.6996723792981356e-05,train,0.9766180515289307,train,0.7691456079483032,train,0.4926467835903168
$KAGGLE_ROOT/train/malignant/1172.jpg,train,1,1821,HAM_0004302,1,2.0,0.005131878424435854,0.7529487609863281,val,0.006835184525698423,train,0.5497978925704956,test,0.005131878424435854,train,0.9560996294021606,val,0.00017138007387984544
$KAGGLE_ROOT/train/malignant/1174.jpg,train,1,1258,HAM_0004720,1,2.0,0.9965232610702515,0.997964397072792,train,0.9987941980361938,train,0.9995232820510864,test,0.9965232610702515,train,0.9995793700218201,train,0.9939607381820679
$KAGGLE_ROOT/train/malignant/1175.jpg,train,1,1763,HAM_0007102,1,0.0,0.5953318476676941,0.6222275495529175,test,0.5953318476676941,train,0.8013938665390015,train,0.139600932598114,train,0.9652778506278992,train,0.5826375484466553
$KAGGLE_ROOT/train/malignant/1177.jpg,train,1,2138,HAM_0006423,1,2.0,0.00039227880188263953,0.03162981475179549,train,0.001349781989119947,train,0.004148896783590317,test,0.00039227880188263953,train,0.12055305391550064,train,0.00046752631897106767
$KAGGLE_ROOT/train/malignant/1178.jpg,train,1,1419,HAM_0003330,1,4.0,0.0008782444638200104,0.4257037453353405,test,0.0008782444638200104,train,0.3077785074710846,train,0.29046669602394104,train,0.9950258135795593,train,0.10954396426677704
$KAGGLE_ROOT/train/malignant/1179.jpg,train,1,2171,HAM_0002197,1,0.0,0.9172041416168213,0.18615473806858063,train,0.45487260818481445,train,0.04295198246836662,val,0.0009335730574093759,test,0.9172041416168213,train,0.060639623552560806
$KAGGLE_ROOT/train/malignant/1180.jpg,train,1,2050,HAM_0006380,1,0.0,0.0004837231826968491,0.6463934828837713,val,0.0028161497320979834,test,0.0004837231826968491,train,0.8978339433670044,train,0.9959083795547485,train,0.04543812572956085
$KAGGLE_ROOT/train/malignant/1181.jpg,train,1,1491,HAM_0000878,1,0.0,0.2352937012910843,0.39617132643858594,test,0.2352937012910843,train,0.08280052244663239,train,0.7667374610900879,train,0.3389759957790375,val,0.8642600178718567
$KAGGLE_ROOT/train/malignant/1182.jpg,train,1,2003,HAM_0006088,1,0.0,8.109273767331615e-05,0.16334318689769134,test,8.109273767331615e-05,train,0.04093574360013008,train,0.38478338718414307,train,0.22570596635341644,train,0.0019476504530757666
$KAGGLE_ROOT/train/malignant/1183.jpg,train,1,2298,HAM_0004746,1,0.0,0.013162934221327305,0.945699155330658,train,0.8562577962875366,test,0.013162934221327305,train,0.983606219291687,train,0.9972334504127502,val,0.09453244507312775
$KAGGLE_ROOT/train/malignant/1184.jpg,train,1,2233,HAM_0004354,1,0.0,0.32760682702064514,0.7641761275008321,train,0.9996265172958374,test,0.32760682702064514,train,0.9978927969932556,train,0.9969176054000854,train,0.06226759031414986
$KAGGLE_ROOT/train/malignant/1188.jpg,train,1,1398,HAM_0000062,1,2.0,5.834972034790553e-05,0.033748171641491354,test,5.834972034790553e-05,train,0.00427629379555583,train,0.05898207426071167,train,0.011796338483691216,train,0.0599379800260067
$KAGGLE_ROOT/train/malignant/1190.jpg,train,1,2119,HAM_0001069,1,0.0,0.0016110398573800921,0.4802950988523662,test,0.0016110398573800921,train,0.090608149766922,train,0.8050498962402344,train,0.9984080195426941,train,0.027114329859614372
$KAGGLE_ROOT/train/malignant/1191.jpg,train,1,2032,HAM_0000863,1,0.0,0.012031234800815582,0.97144815325737,train,0.9988822340965271,test,0.012031234800815582,train,0.9601856470108032,train,0.9991241097450256,train,0.927600622177124
$KAGGLE_ROOT/train/malignant/1192.jpg,train,1,1402,HAM_0006635,1,0.0,0.9138561487197876,0.5475880727171898,val,0.9422471523284912,test,0.9138561487197876,train,0.09759913384914398,train,0.9975770115852356,val,0.8716028332710266
$KAGGLE_ROOT/train/malignant/1193.jpg,train,1,1305,HAM_0006739,1,0.0,0.4937211573123932,0.9495296080907186,train,0.9991094470024109,train,0.9950330257415771,train,0.8544463515281677,val,0.9288866519927979,test,0.4937211573123932
$KAGGLE_ROOT/train/malignant/1195.jpg,train,1,1425,HAM_0006208,1,0.0,0.8138522505760193,0.8703968127568563,train,0.9364616274833679,train,0.675864040851593,val,0.3490389287471771,train,0.9988647699356079,test,0.8138522505760193
$KAGGLE_ROOT/train/malignant/1196.jpg,train,1,2132,HAM_0000588,1,0.0,0.11020591855049133,0.030410025268793106,val,0.007697373628616333,train,0.03579166159033775,train,0.02502838894724846,test,0.11020591855049133,val,0.0010551552986726165
$KAGGLE_ROOT/train/malignant/1199.jpg,train,1,2306,HAM_0001910,1,0.0,0.03455206751823425,0.8639624118804932,train,0.99781334400177,val,0.6127053499221802,test,0.03455206751823425,train,0.997738242149353,train,0.5963356494903564
$KAGGLE_ROOT/train/malignant/1200.jpg,train,1,1440,HAM_0005328,1,2.0,0.00011558402184164152,0.0035015930407098494,test,0.00011558402184164152,train,9.19632802833803e-05,train,0.009507264941930771,val,0.00020234908151905984,train,0.0009055508999153972
$KAGGLE_ROOT/train/malignant/1201.jpg,train,1,2137,HAM_0001598,1,2.0,0.0017119769472628832,0.7819260756174723,train,0.9618143439292908,test,0.0017119769472628832,train,0.6956905722618103,val,0.021357838064432144,train,0.6882733106613159
$KAGGLE_ROOT/train/malignant/1202.jpg,train,1,1380,HAM_0006092,1,0.0,0.005176497623324394,0.8037124474843343,test,0.005176497623324394,train,0.811244785785675,train,0.6012077331542969,train,0.998684823513031,val,0.01613139547407627
$KAGGLE_ROOT/train/malignant/1203.jpg,train,1,1391,HAM_0003449,1,2.0,0.6197922825813293,0.0780022496668001,train,0.13724276423454285,test,0.6197922825813293,val,0.005987846292555332,train,0.09212642163038254,train,0.00463756313547492
$KAGGLE_ROOT/train/malignant/1204.jpg,train,1,1772,HAM_0001272,1,2.0,0.8488981127738953,0.23218838622172674,test,0.8488981127738953,train,0.6057318449020386,val,0.01336782705038786,train,0.03156168758869171,train,0.05927162617444992
$KAGGLE_ROOT/train/malignant/1205.jpg,train,1,2229,HAM_0005783,1,0.0,0.21375320851802826,0.19858152780216187,test,0.21375320851802826,train,0.025160308927297592,train,0.007792062591761351,train,0.7534443140029907,train,0.007929425686597824
$KAGGLE_ROOT/train/malignant/1206.jpg,train,1,2309,HAM_0002911,1,2.0,0.10440199077129364,0.8594332734743754,val,0.4978761672973633,train,0.6457298994064331,test,0.10440199077129364,train,0.9941295385360718,train,0.9384403824806213
$KAGGLE_ROOT/train/malignant/1207.jpg,train,1,1247,HAM_0001726,1,2.0,0.010710356757044792,0.5926377872625986,val,0.9973644614219666,test,0.010710356757044792,train,0.27499786019325256,train,0.7870349884033203,train,0.7158805131912231
$KAGGLE_ROOT/train/malignant/1208.jpg,train,1,2000,HAM_0006978,1,0.0,0.9851645231246948,0.4362523624052604,train,0.9974058270454407,train,0.29551371932029724,val,0.9260948896408081,test,0.9851645231246948,train,0.015837540850043297
$KAGGLE_ROOT/train/malignant/1209.jpg,train,1,2095,HAM_0002609,1,2.0,8.615710248705e-05,0.2869191988138482,train,0.9652368426322937,test,8.615710248705e-05,train,0.0029086428694427013,train,0.15640059113502502,train,0.023130718618631363
$KAGGLE_ROOT/train/malignant/1210.jpg,train,1,2092,HAM_0005315,1,0.0,0.8775011897087097,0.9989805221557617,val,0.998504638671875,train,0.999356210231781,train,0.9986048340797424,val,0.9997079968452454,test,0.8775011897087097
$KAGGLE_ROOT/train/malignant/1212.jpg,train,1,2155,HAM_0001744,1,0.0,5.953455183771439e-05,0.20888287431444041,test,5.953455183771439e-05,train,0.0016820271266624331,train,0.004339884035289288,train,0.8019015789031982,train,0.027608007192611694
$KAGGLE_ROOT/train/malignant/1213.jpg,train,1,1542,HAM_0005400,1,2.0,6.196877075126395e-05,0.016764193838753272,train,0.009104181081056595,train,0.0003636952897068113,train,0.056734971702098846,test,6.196877075126395e-05,train,0.0008539272821508348
$KAGGLE_ROOT/train/malignant/1214.jpg,train,1,1351,HAM_0006433,1,2.0,0.9993727803230286,0.9985960870981216,test,0.9993727803230286,train,0.9998438358306885,train,0.9989989399909973,train,0.9997393488883972,train,0.9958022236824036
$KAGGLE_ROOT/train/malignant/1217.jpg,train,1,1462,HAM_0005719,1,4.0,0.00017907678557094187,0.7034457437694073,train,0.9851173162460327,train,0.9877674579620361,train,0.16507230699062347,train,0.6758258938789368,test,0.00017907678557094187
$KAGGLE_ROOT/train/malignant/1219.jpg,train,1,1364,HAM_0001796,1,2.0,0.06856714934110641,0.6463425261899829,train,0.9974110722541809,train,0.05623839423060417,train,0.7605782747268677,train,0.7711423635482788,test,0.06856714934110641
$KAGGLE_ROOT/train/malignant/1222.jpg,train,1,1931,HAM_0003617,1,0.0,0.0001711074000922963,0.007238650927320123,val,0.00011683141201501712,train,0.0013826682697981596,test,0.0001711074000922963,train,0.018354205414652824,train,0.001979079097509384
$KAGGLE_ROOT/train/malignant/1223.jpg,train,1,1231,HAM_0004784,1,2.0,0.006274649407714605,0.6226453669369221,train,0.9829654097557068,train,0.11051978170871735,train,0.7807591557502747,test,0.006274649407714605,train,0.6163371205329895
$KAGGLE_ROOT/train/malignant/1224.jpg,train,1,1423,HAM_0000645,1,2.0,0.0004362331237643957,0.05310761484724935,train,0.0006894689868204296,train,0.17847970128059387,train,0.031233133748173714,train,0.0020281553734093904,test,0.0004362331237643957
$KAGGLE_ROOT/train/malignant/1225.jpg,train,1,1285,HAM_0002534,1,0.0,0.13881084322929382,0.43067028373479843,train,0.8202626705169678,train,0.2992253005504608,test,0.13881084322929382,train,0.15141797065734863,train,0.4517751932144165
$KAGGLE_ROOT/train/malignant/1226.jpg,train,1,1322,HAM_0007165,1,2.0,0.053882256150245667,0.8656871318817139,train,0.9667929410934448,train,0.8824217915534973,train,0.6617910861968994,train,0.9517427086830139,test,0.053882256150245667
$KAGGLE_ROOT/train/malignant/1230.jpg,train,1,1368,HAM_0006152,1,2.0,0.9792002439498901,0.9669604748487473,train,0.9881269335746765,train,0.9920271039009094,train,0.9745980501174927,test,0.9792002439498901,train,0.9130898118019104
$KAGGLE_ROOT/train/malignant/1231.jpg,train,1,2198,HAM_0005986,1,0.0,0.9998140931129456,0.9887289106845856,test,0.9998140931129456,train,0.9996069073677063,train,0.9997536540031433,train,0.9985806941986084,train,0.9569743871688843
$KAGGLE_ROOT/train/malignant/1232.jpg,train,1,1236,HAM_0001747,1,0.0,0.9527450799942017,0.9902138908704122,val,0.9985449314117432,train,0.9962009787559509,train,0.975872278213501,train,0.9985684156417847,test,0.9527450799942017
$KAGGLE_ROOT/train/malignant/1233.jpg,train,1,2030,HAM_0005121,1,0.0,0.8823446035385132,0.5370361224067892,train,0.20702491700649261,train,0.00010879943874897435,train,0.9728270769119263,train,0.968183696269989,test,0.8823446035385132
$KAGGLE_ROOT/train/malignant/1235.jpg,train,1,1318,HAM_0006692,1,0.0,0.6502337455749512,0.9768255949020386,train,0.9951884746551514,train,0.9697449207305908,test,0.6502337455749512,val,0.7120440602302551,train,0.9655433893203735
$KAGGLE_ROOT/train/malignant/1236.jpg,train,1,1586,HAM_0005535,1,4.0,0.9944806098937988,0.8975149989128113,val,0.9990682005882263,train,0.9978712797164917,train,0.9831656217575073,test,0.9944806098937988,train,0.7115080952644348
$KAGGLE_ROOT/train/malignant/1237.jpg,train,1,2177,HAM_0006964,1,0.0,0.0019319069106131792,0.8218104466795921,train,0.9406826496124268,train,0.4332673251628876,train,0.9150025248527527,train,0.9982892870903015,test,0.0019319069106131792
$KAGGLE_ROOT/train/malignant/1239.jpg,train,1,2293,HAM_0006832,1,2.0,0.7937774062156677,0.9752684533596039,train,0.9885945320129395,train,0.9936010241508484,test,0.7937774062156677,train,0.998594343662262,train,0.9202839136123657
$KAGGLE_ROOT/train/malignant/1240.jpg,train,1,1415,HAM_0001703,1,0.0,0.9476966261863708,0.7180757112801075,test,0.9476966261863708,train,0.8783166408538818,train,0.8367611765861511,train,0.9305233955383301,train,0.22670163214206696
$KAGGLE_ROOT/train/malignant/1241.jpg,train,1,2041,HAM_0005425,1,0.0,0.6494665145874023,0.03277211201687654,train,0.029073137789964676,val,0.06522567570209503,train,0.030275529250502586,test,0.6494665145874023,train,0.038967669010162354
$KAGGLE_ROOT/train/malignant/1243.jpg,train,1,1422,HAM_0004102,1,0.0,0.0454484298825264,0.6504723268250624,train,0.992117702960968,val,0.0038958776276558638,train,0.04396934434771538,train,0.9153299331665039,test,0.0454484298825264
$KAGGLE_ROOT/train/malignant/1244.jpg,train,1,1823,HAM_0003225,1,0.0,0.0829455703496933,0.7588435113430023,test,0.0829455703496933,train,0.992921769618988,val,0.0041246539913117886,train,0.9966171383857727,train,0.2869916260242462
$KAGGLE_ROOT/train/malignant/1245.jpg,train,1,2077,HAM_0003782,1,0.0,0.9968008995056152,0.9600070118904114,train,0.9999091625213623,test,0.9968008995056152,train,0.9604749083518982,train,0.9974411725997925,train,0.8822028040885925
$KAGGLE_ROOT/train/malignant/1246.jpg,train,1,2121,HAM_0001596,1,0.0,0.723006010055542,0.9422724843025208,train,0.9548943042755127,train,0.9554585814476013,test,0.723006010055542,train,0.9947779178619385,train,0.8639591336250305
$KAGGLE_ROOT/train/malignant/1247.jpg,train,1,1979,HAM_0007586,1,2.0,0.00012297955981921405,0.4808937268098816,train,0.005542439874261618,test,0.00012297955981921405,train,0.8164346218109131,train,0.5509774088859558,train,0.550620436668396
$KAGGLE_ROOT/train/malignant/1248.jpg,train,1,2099,HAM_0002113,1,4.0,0.00863824225962162,0.43060086434707046,train,0.17872336506843567,test,0.00863824225962162,train,0.6396728157997131,train,0.876893162727356,train,0.02711411379277706
$KAGGLE_ROOT/train/malignant/1249.jpg,train,1,2049,HAM_0006257,1,2.0,0.08650437742471695,0.7245510518550873,train,0.5249908566474915,val,0.0010344573529437184,train,0.9241112470626831,val,0.987316906452179,test,0.08650437742471695
$KAGGLE_ROOT/train/malignant/1250.jpg,train,1,2012,HAM_0000492,1,0.0,0.0010500795906409621,0.28283468273002654,test,0.0010500795906409621,train,0.2091156393289566,train,0.37461963295936584,train,0.5404592156410217,train,0.007144242990761995
$KAGGLE_ROOT/train/malignant/1252.jpg,train,1,2169,HAM_0000856,1,2.0,5.84187000640668e-05,0.40803282149136066,val,6.581523484783247e-05,train,0.7811879515647888,test,5.84187000640668e-05,train,0.03487769141793251,val,0.000256528815953061
$KAGGLE_ROOT/train/malignant/1253.jpg,train,1,2178,HAM_0006699,1,0.0,0.9905462265014648,0.06325025577098131,train,0.030463101342320442,val,0.8610568046569824,val,0.9549394249916077,test,0.9905462265014648,train,0.09603741019964218
$KAGGLE_ROOT/train/malignant/1255.jpg,train,1,1288,HAM_0007171,1,4.0,0.6740272641181946,0.980808675289154,train,0.9915758967399597,train,0.9538024067878723,test,0.6740272641181946,train,0.9970477223396301,val,0.09708210080862045
$KAGGLE_ROOT/train/malignant/1257.jpg,train,1,1933,HAM_0007305,1,2.0,9.573426359565929e-05,0.2406463244697079,train,0.014876502566039562,train,0.0015777354128658772,test,9.573426359565929e-05,train,0.9196538925170898,train,0.026477167382836342
$KAGGLE_ROOT/train/malignant/1258.jpg,train,1,2042,HAM_0000766,1,0.0,0.001372594153508544,0.5900226632754008,train,0.47183477878570557,train,0.47525250911712646,val,0.0017306875670328736,train,0.8229807019233704,test,0.001372594153508544
$KAGGLE_ROOT/train/malignant/1259.jpg,train,1,2150,HAM_0004507,1,2.0,0.0010458107572048903,0.038578707091801334,train,0.14873817563056946,train,0.00048107843031175435,train,0.0023186069447547197,test,0.0010458107572048903,train,0.0027769673615694046
$KAGGLE_ROOT/train/malignant/1260.jpg,train,1,2159,HAM_0001835,1,0.0,0.0017429555300623178,0.09897299708488087,val,0.6208473443984985,train,0.002030330942943692,train,0.26210835576057434,train,0.03278030455112457,test,0.0017429555300623178
$KAGGLE_ROOT/train/malignant/1261.jpg,train,1,2228,HAM_0005746,1,2.0,0.8807668089866638,0.9819190899531046,val,0.9941394329071045,train,0.9920849204063416,train,0.9764467477798462,train,0.9772256016731262,test,0.8807668089866638
$KAGGLE_ROOT/train/malignant/1263.jpg,train,1,1762,HAM_0007102,1,2.0,0.2671065032482147,0.6230999566614628,test,0.2671065032482147,train,0.6048464179039001,train,0.022847071290016174,train,0.9976962208747864,train,0.8670101165771484
$KAGGLE_ROOT/train/malignant/1264.jpg,train,1,2205,HAM_0005724,1,2.0,0.8319293260574341,0.8013109713792801,train,0.984850287437439,test,0.8319293260574341,train,0.44458699226379395,train,0.9205958247184753,train,0.8552107810974121
$KAGGLE_ROOT/train/malignant/1265.jpg,train,1,1997,HAM_0006207,1,2.0,5.728863106924109e-05,0.018172327836509794,train,0.0014646608615294099,test,5.728863106924109e-05,train,0.006106752902269363,train,0.06369335204362869,train,0.00142454553861171
$KAGGLE_ROOT/train/malignant/1269.jpg,train,1,2227,HAM_0005746,1,0.0,0.9952344298362732,0.9994793931643168,val,0.9998424053192139,train,0.9997870326042175,train,0.9987678527832031,train,0.9998832941055298,test,0.9952344298362732
$KAGGLE_ROOT/train/malignant/1270.jpg,train,1,1357,HAM_0007620,1,0.0,9.459711145609617e-05,0.005082224524812773,test,9.459711145609617e-05,train,0.014090442098677158,train,0.0025504259392619133,train,0.001677640131674707,train,0.002010389929637313
$KAGGLE_ROOT/train/malignant/1271.jpg,train,1,1334,HAM_0001531,1,0.0,0.0004026803944725543,0.34696031610171,train,0.351112961769104,test,0.0004026803944725543,train,0.08606025576591492,val,0.053975217044353485,train,0.6037077307701111
$KAGGLE_ROOT/train/malignant/1272.jpg,train,1,2038,HAM_0004888,1,2.0,0.3116699755191803,0.6722279638051987,val,0.14192987978458405,train,0.17069007456302643,train,0.8510717153549194,train,0.9949221014976501,test,0.3116699755191803
$KAGGLE_ROOT/train/malignant/1273.jpg,train,1,2083,HAM_0001655,1,0.0,0.5866227149963379,0.9097991287708282,train,0.9576697945594788,train,0.9980012774467468,train,0.6849357485771179,train,0.9985896944999695,test,0.5866227149963379
$KAGGLE_ROOT/train/malignant/1274.jpg,train,1,1240,HAM_0005557,1,2.0,0.002134168054908514,0.7399044831593832,train,0.37575340270996094,train,0.9757158756256104,test,0.002134168054908514,train,0.8682441711425781,val,0.0031048732344061136
$KAGGLE_ROOT/train/malignant/1275.jpg,train,1,2275,HAM_0003171,1,0.0,0.034980468451976776,0.3218823969364166,val,0.013242028653621674,train,0.1576862633228302,train,0.48607853055000305,val,0.005747223738580942,test,0.034980468451976776
$KAGGLE_ROOT/train/malignant/1276.jpg,train,1,1243,HAM_0003558,1,4.0,0.0019021563930436969,0.8547223955392838,train,0.7774654626846313,test,0.0019021563930436969,train,0.8378927111625671,train,0.9951928853988647,train,0.8083385229110718
$KAGGLE_ROOT/train/malignant/1277.jpg,train,1,1294,HAM_0001203,1,2.0,0.002515140688046813,0.852613627910614,val,0.007545166183263063,train,0.7262589931488037,test,0.002515140688046813,train,0.9585981369018555,train,0.8729837536811829
$KAGGLE_ROOT/train/malignant/1278.jpg,train,1,1903,HAM_0005124,1,2.0,0.050321128219366074,0.3489244058728218,train,0.09104614704847336,train,0.15713897347450256,test,0.050321128219366074,val,0.06238248571753502,train,0.7985880970954895
$KAGGLE_ROOT/train/malignant/1279.jpg,train,1,1375,HAM_0005911,1,0.0,0.006050632800906897,0.44996501854620874,test,0.006050632800906897,train,0.007953370921313763,train,0.8419785499572754,train,0.04040645435452461,train,0.9095216989517212
$KAGGLE_ROOT/train/malignant/1281.jpg,train,1,2186,HAM_0005532,1,4.0,0.00030197823070921004,0.5082083269953728,train,0.15977156162261963,train,0.1985536515712738,train,0.9487120509147644,test,0.00030197823070921004,train,0.7257960438728333
$KAGGLE_ROOT/train/malignant/1282.jpg,train,1,1994,HAM_0002622,1,0.0,0.8935354948043823,0.9683586061000824,train,0.9847543239593506,test,0.8935354948043823,train,0.9119312167167664,train,0.9900416731834412,train,0.9867072105407715
$KAGGLE_ROOT/train/malignant/1283.jpg,train,1,2011,HAM_0006453,1,2.0,4.0524104406358674e-05,0.043908718827879056,test,4.0524104406358674e-05,train,0.0008734384318813682,train,0.10801135748624802,train,0.056716371327638626,train,0.010033708065748215
$KAGGLE_ROOT/train/malignant/1284.jpg,train,1,1279,HAM_0004126,1,0.0,0.8808411359786987,0.7284672819077969,train,0.999586284160614,train,0.9998935461044312,train,0.8399878144264221,test,0.8808411359786987,train,0.07440148293972015
$KAGGLE_ROOT/train/malignant/1285.jpg,train,1,1406,HAM_0005642,1,0.0,0.9983900785446167,0.9993091424306234,train,0.9998192191123962,test,0.9983900785446167,train,0.9996788501739502,val,0.9999481439590454,train,0.9984293580055237
$KAGGLE_ROOT/train/malignant/1287.jpg,train,1,2201,HAM_0003149,1,0.0,0.9979604482650757,0.9521617442369461,train,0.999843955039978,train,0.9991322159767151,train,0.8109115362167358,test,0.9979604482650757,train,0.9987592697143555
$KAGGLE_ROOT/train/malignant/1288.jpg,train,1,2192,HAM_0002817,1,2.0,0.0032252378296107054,0.29052513442002237,train,0.011951020918786526,test,0.0032252378296107054,train,0.7746652364730835,train,0.30289825797080994,train,0.07258602231740952
$KAGGLE_ROOT/train/malignant/1290.jpg,train,1,1249,HAM_0003315,1,2.0,0.0034608454443514347,0.24459211279948553,train,0.07139269262552261,val,0.0017450690502300858,test,0.0034608454443514347,train,0.29409077763557434,train,0.3682928681373596
$KAGGLE_ROOT/train/malignant/1291.jpg,train,1,1442,HAM_0005095,1,2.0,0.037768587470054626,0.3394685722887516,train,0.18414293229579926,train,0.08753892779350281,train,0.3623635172843933,test,0.037768587470054626,train,0.723828911781311
$KAGGLE_ROOT/train/malignant/1293.jpg,train,1,2006,HAM_0005481,1,2.0,0.0003874578687828034,0.10504064157915612,train,0.0033692519646137953,val,2.2523030565935187e-05,train,0.006257947068661451,train,0.3054947257041931,test,0.0003874578687828034
$KAGGLE_ROOT/train/malignant/1294.jpg,train,1,2048,HAM_0000220,1,2.0,1.1331857422192115e-05,0.0008743759171920829,test,1.1331857422192115e-05,train,0.0008821514784358442,train,0.0002601442683953792,train,0.002168704057112336,train,0.00018650386482477188
$KAGGLE_ROOT/train/malignant/1296.jpg,train,1,2062,HAM_0005640,1,2.0,0.6471222639083862,0.7069874376147709,test,0.6471222639083862,train,6.072524774936028e-05,train,0.9694662094116211,train,0.9876523017883301,train,0.8707705140113831
$KAGGLE_ROOT/train/malignant/1298.jpg,train,1,1767,HAM_0000337,1,2.0,0.6994020938873291,0.6436100936261937,train,0.8458089232444763,train,0.004555776249617338,train,0.9716703295707703,test,0.6994020938873291,train,0.7524053454399109
$KAGGLE_ROOT/train/malignant/1299.jpg,train,1,1220,HAM_0004476,1,0.0,0.5110586285591125,0.015311933743456999,val,0.001620957162231207,train,0.00927488598972559,train,0.008248072117567062,test,0.5110586285591125,train,0.028412843123078346
$KAGGLE_ROOT/train/malignant/1301.jpg,train,1,1432,HAM_0002509,1,0.0,0.4170435070991516,0.9719454844792684,train,0.972583532333374,train,0.9777356386184692,train,0.9655172824859619,val,0.43856608867645264,test,0.4170435070991516
$KAGGLE_ROOT/train/malignant/1302.jpg,train,1,1223,HAM_0006722,1,2.0,0.0001976309431483969,0.6409712433815002,train,0.21327650547027588,test,0.0001976309431483969,train,0.8588632345199585,val,0.2399967461824417,train,0.8507739901542664
$KAGGLE_ROOT/train/malignant/1303.jpg,train,1,1295,HAM_0003031,1,2.0,0.0037494723219424486,0.5183109641075134,train,0.8428689241409302,train,0.7781477570533752,train,0.34049010276794434,train,0.11173707246780396,test,0.0037494723219424486
$KAGGLE_ROOT/train/malignant/1304.jpg,train,1,1233,HAM_0001150,1,0.0,0.0008099445840343833,0.3921582866460085,train,0.025425871834158897,val,0.2780337929725647,train,0.161406010389328,train,0.9896429777145386,test,0.0008099445840343833
$KAGGLE_ROOT/train/malignant/1305.jpg,train,1,2059,HAM_0000887,1,2.0,0.05892220512032509,0.02879809510583679,train,0.007017435040324926,train,0.04350808635354042,test,0.05892220512032509,val,0.002408194588497281,train,0.03586876392364502
$KAGGLE_ROOT/train/malignant/1306.jpg,train,1,2247,HAM_0000517,1,2.0,0.027310365810990334,0.021670454647392035,train,0.013950803317129612,val,0.0002496108936611563,val,3.893400571541861e-05,train,0.029390105977654457,test,0.027310365810990334
$KAGGLE_ROOT/train/malignant/1307.jpg,train,1,2028,HAM_0006833,1,4.0,0.03935714811086655,0.7293529398739338,test,0.03935714811086655,train,0.8069363832473755,train,0.9132922887802124,train,0.973655641078949,train,0.2235274463891983
$KAGGLE_ROOT/train/malignant/1308.jpg,train,1,1354,HAM_0006522,1,4.0,0.0060256063006818295,0.4917621314525604,train,0.483177125453949,val,0.00040926170186139643,train,0.44357964396476746,train,0.5485296249389648,test,0.0060256063006818295
$KAGGLE_ROOT/train/malignant/1309.jpg,train,1,1342,HAM_0002182,1,2.0,0.01943357288837433,0.8853903810183207,test,0.01943357288837433,train,0.9331414103507996,train,0.7613165378570557,train,0.9617131948471069,val,0.481899619102478
$KAGGLE_ROOT/train/malignant/1311.jpg,train,1,1593,HAM_0005613,1,2.0,0.00019462246564216912,0.001065288350218907,train,0.0012930710799992085,train,0.0008375056204386055,val,0.0005255257128737867,val,0.06865179538726807,test,0.00019462246564216912
$KAGGLE_ROOT/train/malignant/1312.jpg,train,1,1472,HAM_0002032,1,0.0,0.0016967648407444358,0.19636422116309404,test,0.0016967648407444358,train,0.032780084758996964,train,0.16703642904758453,train,0.2669726610183716,train,0.3186677098274231
$KAGGLE_ROOT/train/malignant/1313.jpg,train,1,2280,HAM_0002613,1,2.0,0.8757131099700928,0.9832395513852438,train,0.9608624577522278,train,0.9892343282699585,val,0.018946493044495583,train,0.9996218681335449,test,0.8757131099700928
$KAGGLE_ROOT/train/malignant/1314.jpg,train,1,2122,HAM_0005623,1,2.0,0.0007157110958360136,0.1154644067088763,train,0.17517994344234467,test,0.0007157110958360136,train,0.09627795964479446,train,0.07493531703948975,val,0.0009899267461150885
$KAGGLE_ROOT/train/malignant/1315.jpg,train,1,1212,HAM_0000871,1,2.0,0.01797838695347309,0.8079123049974442,train,0.6681717038154602,train,0.9623746871948242,train,0.9816806316375732,test,0.01797838695347309,train,0.619422197341919
$KAGGLE_ROOT/train/malignant/1316.jpg,train,1,2162,HAM_0003957,1,0.0,0.005809187423437834,0.9869143962860107,test,0.005809187423437834,train,0.9951608777046204,train,0.9973168969154358,val,0.04359740763902664,train,0.9682654142379761
$KAGGLE_ROOT/train/malignant/1317.jpg,train,1,1457,HAM_0004397,1,0.0,0.9988911747932434,0.9743728786706924,test,0.9988911747932434,train,0.9987670183181763,train,0.8999233841896057,train,0.9989925026893616,train,0.9998086094856262
$KAGGLE_ROOT/train/malignant/1318.jpg,train,1,2070,HAM_0000952,1,0.0,7.102068775566295e-05,0.02248335837794002,train,0.0853695347905159,train,0.0006521231844089925,train,0.0018069578800350428,test,7.102068775566295e-05,train,0.002104817656800151
$KAGGLE_ROOT/train/malignant/1319.jpg,train,1,2183,HAM_0004164,1,0.0,0.7008786201477051,0.3122693945964177,test,0.7008786201477051,val,0.009151332080364227,train,0.020868223160505295,train,0.8772904872894287,train,0.03864947333931923
$KAGGLE_ROOT/train/malignant/1321.jpg,train,1,1996,HAM_0007502,1,0.0,7.121763337636366e-05,0.0489478351858755,train,0.11424045264720917,train,0.0037906779907643795,train,0.02881237491965294,val,9.700832015369087e-05,test,7.121763337636366e-05
$KAGGLE_ROOT/train/malignant/1323.jpg,train,1,1310,HAM_0001353,1,0.0,0.028937848284840584,0.03592240375777086,val,0.0002963267033919692,train,0.024613551795482635,train,0.011584976688027382,train,0.07156868278980255,test,0.028937848284840584
$KAGGLE_ROOT/train/malignant/1324.jpg,train,1,1410,HAM_0005624,1,2.0,0.003899762872606516,0.789922297000885,train,0.9939425587654114,val,0.9115779399871826,test,0.003899762872606516,train,0.5981208086013794,train,0.7777035236358643
$KAGGLE_ROOT/train/malignant/1325.jpg,train,1,2105,HAM_0005078,1,0.0,0.0003477742138784379,0.31300681829452515,test,0.0003477742138784379,val,5.222163235885091e-05,train,0.23850254714488983,train,0.48959288001060486,train,0.21092502772808075
$KAGGLE_ROOT/train/malignant/1326.jpg,train,1,2235,HAM_0003601,1,0.0,0.06334926933050156,0.650647297501564,train,0.9741324186325073,test,0.06334926933050156,train,0.8904271125793457,val,0.6021011471748352,train,0.08738236129283905
$KAGGLE_ROOT/train/malignant/1327.jpg,train,1,1296,HAM_0001913,1,0.0,0.0004552490427158773,0.6530850529670715,test,0.0004552490427158773,train,0.921493411064148,train,0.05396115779876709,train,0.9778232574462891,train,0.659062385559082
$KAGGLE_ROOT/train/malignant/1328.jpg,train,1,1328,HAM_0002838,1,4.0,4.595549762598239e-05,0.02875957368814852,test,4.595549762598239e-05,train,0.01792341098189354,train,0.0006785092409700155,train,0.09603728353977203,train,0.0003990909899584949
$KAGGLE_ROOT/train/malignant/1329.jpg,train,1,1427,HAM_0000330,1,2.0,0.0015464548487216234,0.7191703636199236,test,0.0015464548487216234,train,0.9970767498016357,train,0.12474710494279861,train,0.9926008582115173,train,0.7622567415237427
$KAGGLE_ROOT/train/malignant/1331.jpg,train,1,2118,HAM_0001069,1,0.0,0.000584794266615063,0.47486927721183747,test,0.000584794266615063,train,0.0026808823458850384,train,0.2846035361289978,train,0.9959341287612915,train,0.6162585616111755
$KAGGLE_ROOT/train/malignant/1332.jpg,train,1,1820,HAM_0004326,1,2.0,0.4903703033924103,0.6265118746086955,train,0.9337087869644165,train,0.04138911888003349,test,0.4903703033924103,train,0.9992747902870178,train,0.5316748023033142
$KAGGLE_ROOT/train/malignant/1334.jpg,train,1,2261,HAM_0002131,1,2.0,0.126494899392128,0.5885476409457624,train,0.931708037853241,train,0.014487123116850853,train,0.6019197106361389,train,0.8060756921768188,test,0.126494899392128
$KAGGLE_ROOT/train/malignant/1335.jpg,train,1,2136,HAM_0001598,1,0.0,0.0030859988182783127,0.1156806383902828,train,0.07087583839893341,test,0.0030859988182783127,train,0.26540306210517883,val,0.00010671076597645879,train,0.010763014666736126
$KAGGLE_ROOT/train/malignant/1337.jpg,train,1,2304,HAM_0003530,1,0.0,0.5134010314941406,0.5919925073782603,val,0.7473627924919128,train,0.895431399345398,train,0.6190571784973145,test,0.5134010314941406,train,0.2614889442920685
$KAGGLE_ROOT/train/malignant/1338.jpg,train,1,2031,HAM_0000241,1,2.0,0.003519280580803752,0.003447106370003894,train,0.01253723818808794,train,0.00016219406097661704,train,0.0009301729733124375,train,0.0001588202576385811,test,0.003519280580803752
$KAGGLE_ROOT/train/malignant/1340.jpg,train,1,2283,HAM_0000590,1,2.0,0.026030607521533966,0.18065153062343597,test,0.026030607521533966,train,0.09556391090154648,train,0.04454901069402695,val,0.06598059833049774,train,0.4018416702747345
$KAGGLE_ROOT/train/malignant/1341.jpg,train,1,1995,HAM_0003497,1,0.0,0.914787232875824,0.8911078125238419,train,0.8360683917999268,train,0.9191669225692749,train,0.9040184617042542,test,0.914787232875824,train,0.9051774740219116
$KAGGLE_ROOT/train/malignant/1343.jpg,train,1,2245,HAM_0000517,1,0.0,0.0005484630237333477,0.0015795168037584517,train,9.727222641231492e-05,val,6.658298661932349e-05,val,0.0035588715691119432,train,0.0030617613811045885,test,0.0005484630237333477
$KAGGLE_ROOT/train/malignant/1344.jpg,train,1,1439,HAM_0005752,1,2.0,0.06825429201126099,0.32554550375789404,train,0.5470497012138367,train,0.06980906426906586,train,0.022368501871824265,test,0.06825429201126099,train,0.6629547476768494
$KAGGLE_ROOT/train/malignant/1345.jpg,train,1,1214,HAM_0005678,1,0.0,0.9607803821563721,0.9443235099315643,test,0.9607803821563721,train,0.9374133348464966,train,0.8882184624671936,train,0.9859493374824524,train,0.9657129049301147
$KAGGLE_ROOT/train/malignant/1346.jpg,train,1,2282,HAM_0002911,1,2.0,0.008164724335074425,0.20082838041707873,val,0.5258560180664062,train,0.0059004840441048145,test,0.008164724335074425,train,0.02949700690805912,train,0.5670876502990723
$KAGGLE_ROOT/train/malignant/1348.jpg,train,1,2017,HAM_0005826,1,4.0,8.88393260538578e-05,0.003190744981111493,test,8.88393260538578e-05,train,0.00015094302943907678,train,0.005026009865105152,train,0.006331747397780418,train,0.0012542796321213245
$KAGGLE_ROOT/train/malignant/1349.jpg,train,1,2287,HAM_0004596,1,0.0,0.5913946628570557,0.5643023103475571,train,0.9957745671272278,train,0.10057830810546875,train,0.16165977716445923,train,0.9991965889930725,test,0.5913946628570557
$KAGGLE_ROOT/train/malignant/1350.jpg,train,1,1251,HAM_0006900,1,0.0,0.6499354839324951,0.9366217652956644,test,0.6499354839324951,val,0.011904158629477024,train,0.9455531239509583,train,0.9979123473167419,train,0.8663998246192932
$KAGGLE_ROOT/train/malignant/1351.jpg,train,1,2106,HAM_0005006,1,2.0,0.0009531016112305224,0.25732724865277606,val,0.001494910567998886,test,0.0009531016112305224,train,0.020526617765426636,train,0.14770889282226562,train,0.603746235370636
$KAGGLE_ROOT/train/malignant/1352.jpg,train,1,2152,HAM_0003428,1,0.0,0.10733123123645782,0.010171093308599666,train,0.023922521620988846,train,0.0012692665914073586,test,0.10733123123645782,train,0.007272479590028524,train,0.008220105431973934
$KAGGLE_ROOT/train/malignant/1353.jpg,train,1,1216,HAM_0005191,1,0.0,0.38420531153678894,0.640044653788209,test,0.38420531153678894,train,0.923532247543335,train,0.9515172839164734,train,0.0488760843873024,train,0.6362529993057251
$KAGGLE_ROOT/train/malignant/1356.jpg,train,1,2185,HAM_0004164,1,4.0,0.2535051703453064,0.7689980268478394,test,0.2535051703453064,val,0.017297297716140747,train,0.8894949555397034,train,0.895672619342804,train,0.5218265056610107
$KAGGLE_ROOT/train/malignant/1357.jpg,train,1,1934,HAM_0001299,1,4.0,0.33746299147605896,0.5542190447449684,train,0.9506685733795166,train,0.15776951611042023,val,0.9653072953224182,val,0.15212853252887726,test,0.33746299147605896
$KAGGLE_ROOT/train/malignant/1360.jpg,train,1,2294,HAM_0006832,1,2.0,0.031318794935941696,0.7336514964699745,train,0.4432477056980133,train,0.982857346534729,test,0.031318794935941696,train,0.9995317459106445,train,0.5089691877365112
$KAGGLE_ROOT/train/malignant/1361.jpg,train,1,2285,HAM_0004547,1,2.0,0.00653040548786521,0.4767279823621114,test,0.00653040548786521,train,0.5925788879394531,val,0.002767573343589902,train,0.7276486158370972,train,0.10995644330978394
$KAGGLE_ROOT/train/malignant/1362.jpg,train,1,1430,HAM_0003497,1,0.0,0.8125554323196411,0.9279209077358246,train,0.8764602541923523,train,0.8962845206260681,train,0.9583378434181213,test,0.8125554323196411,train,0.9806010127067566
$KAGGLE_ROOT/train/malignant/1363.jpg,train,1,2143,HAM_0001744,1,2.0,0.005230376962572336,0.5347317159175873,test,0.005230376962572336,train,0.4777519702911377,train,0.2783326506614685,train,0.9959302544593811,train,0.3869119882583618
$KAGGLE_ROOT/train/malignant/1365.jpg,train,1,2263,HAM_0002576,1,2.0,0.005979051813483238,0.20177380663032332,train,0.5943353176116943,train,0.000738134142011404,val,0.0023757852613925934,train,0.010247968137264252,test,0.005979051813483238
$KAGGLE_ROOT/train/malignant/1367.jpg,train,1,2278,HAM_0000022,1,2.0,0.0002659273741301149,0.028314066788880154,test,0.0002659273741301149,train,0.004831808153539896,train,0.0010788034414872527,train,0.06649096310138702,train,0.040854692459106445
$KAGGLE_ROOT/train/malignant/1368.jpg,train,1,2023,HAM_0000417,1,2.0,3.952429324272089e-05,0.017170280198721837,test,3.952429324272089e-05,val,0.00011987912148470059,train,0.0004263596492819488,train,0.048094719648361206,train,0.002989761298522353
$KAGGLE_ROOT/train/malignant/1369.jpg,train,1,2273,HAM_0002591,1,0.0,0.00039452878991141915,0.6182728956143061,val,0.00043488162918947637,train,0.6715816259384155,train,0.20195530354976654,train,0.9812817573547363,test,0.00039452878991141915
$KAGGLE_ROOT/train/malignant/1371.jpg,train,1,1254,HAM_0000060,1,0.0,0.0016577935311943293,0.3449928357731551,train,0.9720104932785034,train,0.008744309656322002,test,0.0016577935311943293,train,0.045385636389255524,train,0.35383090376853943
$KAGGLE_ROOT/train/malignant/1372.jpg,train,1,1971,HAM_0000201,1,2.0,0.0008931770571507514,0.37487221769212437,val,0.0020934289786964655,train,0.00158511137124151,train,0.1713002771139145,train,0.951731264591217,test,0.0008931770571507514
$KAGGLE_ROOT/train/malignant/1373.jpg,train,1,2215,HAM_0003782,1,0.0,0.9997416138648987,0.9992409199476242,train,0.9991156458854675,test,0.9997416138648987,train,0.9985044002532959,train,0.9997908473014832,train,0.9995527863502502
$KAGGLE_ROOT/train/malignant/1375.jpg,train,1,1777,HAM_0000274,1,0.0,0.999442994594574,0.9840748310089111,train,0.9998910427093506,test,0.999442994594574,train,0.9760446548461914,train,0.9971399307250977,train,0.9632236957550049
$KAGGLE_ROOT/train/malignant/1376.jpg,train,1,2085,HAM_0007238,1,2.0,0.17287707328796387,0.5248787601788839,val,0.01824408955872059,test,0.17287707328796387,train,0.4308916926383972,train,0.9982450008392334,train,0.145499587059021
$KAGGLE_ROOT/train/malignant/1377.jpg,train,1,2255,HAM_0001953,1,0.0,0.6227192878723145,,test,0.6227192878723145,val,0.2749262750148773,val,0.27103057503700256,val,0.9485988020896912,val,0.17704613506793976
$KAGGLE_ROOT/train/malignant/1381.jpg,train,1,2035,HAM_0007188,1,0.0,0.08418475836515427,0.6398434638977051,val,0.9945359230041504,train,0.3728668689727783,test,0.08418475836515427,train,0.9958861470222473,train,0.5507773756980896
$KAGGLE_ROOT/train/malignant/1384.jpg,train,1,1944,HAM_0000433,1,0.0,0.0018200766062363982,0.6576223811134696,test,0.0018200766062363982,train,0.01307005900889635,train,0.9704618453979492,train,0.9893352389335632,val,0.01733400486409664
$KAGGLE_ROOT/train/malignant/1385.jpg,train,1,1301,HAM_0006521,1,2.0,0.8244827389717102,0.5795996394008398,train,0.9996792078018188,train,0.9992671608924866,train,0.26497846841812134,test,0.8244827389717102,train,0.054473720490932465
$KAGGLE_ROOT/train/malignant/1386.jpg,train,1,2213,HAM_0006744,1,0.0,0.809800922870636,0.7330002784729004,train,0.585699200630188,train,0.5634965896606445,test,0.809800922870636,train,0.9942659735679626,train,0.7885393500328064
$KAGGLE_ROOT/train/malignant/1387.jpg,train,1,2024,HAM_0000442,1,4.0,0.00023457355564460158,0.0008585540053900331,train,0.0011890075402334332,test,0.00023457355564460158,train,0.00042870777542702854,train,0.0009579467005096376,val,0.0008856715285219252
$KAGGLE_ROOT/train/malignant/1388.jpg,train,1,1340,HAM_0001671,1,2.0,0.7997210621833801,0.38596145808696747,test,0.7997210621833801,train,0.31493887305259705,train,0.18193618953227997,train,0.9751885533332825,train,0.07178221642971039
$KAGGLE_ROOT/train/malignant/1389.jpg,train,1,1362,HAM_0005381,1,2.0,0.40083548426628113,0.47686974704265594,train,0.10545064508914948,train,0.8026756048202515,train,0.5224829912185669,test,0.40083548426628113,val,0.12684981524944305
$KAGGLE_ROOT/train/malignant/1390.jpg,train,1,1261,HAM_0004607,1,2.0,0.9941093921661377,0.9561167657375336,test,0.9941093921661377,val,0.7941854000091553,train,0.974117636680603,train,0.9381158947944641,val,0.3538731336593628
$KAGGLE_ROOT/train/malignant/1391.jpg,train,1,1978,HAM_0000775,1,2.0,0.7572891712188721,0.9973998516798019,train,0.9985060691833496,train,0.9943090677261353,train,0.9972966313362122,train,0.9994876384735107,test,0.7572891712188721
$KAGGLE_ROOT/train/malignant/1392.jpg,train,1,2142,HAM_0006130,1,0.0,0.00513820955529809,0.4461904615163803,train,0.5445387363433838,val,0.004471463151276112,train,0.18852181732654572,train,0.6055108308792114,test,0.00513820955529809
$KAGGLE_ROOT/train/malignant/1393.jpg,train,1,1726,HAM_0000282,1,2.0,4.913551310892217e-05,0.0018802756385412067,train,0.000579281710088253,test,4.913551310892217e-05,train,0.0007970010628923774,train,0.005515639204531908,train,0.0006291805766522884
$KAGGLE_ROOT/train/malignant/1394.jpg,train,1,1266,HAM_0002011,1,0.0,0.9930694699287415,0.8265453726053238,train,0.940886378288269,train,0.43432945013046265,train,0.9759977459907532,test,0.9930694699287415,train,0.9549679160118103
$KAGGLE_ROOT/train/malignant/1396.jpg,train,1,1889,HAM_0006400,1,2.0,0.6971144676208496,0.9106778899828593,train,0.9978072047233582,train,0.7387691736221313,train,0.9954572916030884,val,0.15796373784542084,test,0.6971144676208496
$KAGGLE_ROOT/train/malignant/1397.jpg,train,1,1339,HAM_0001671,1,2.0,0.00012319095549173653,0.016447134577902034,test,0.00012319095549173653,train,0.0017955295043066144,train,0.03395451232790947,train,0.007286900654435158,train,0.022751595824956894
$KAGGLE_ROOT/train/malignant/1398.jpg,train,1,2312,HAM_0003534,1,0.0,0.00047517259372398257,0.0006161438141134568,train,0.0004718276613857597,train,0.00013565499102696776,train,0.0008477091323584318,test,0.00047517259372398257,train,0.0010093834716826677
$KAGGLE_ROOT/train/malignant/1399.jpg,train,1,2277,HAM_0003509,1,2.0,0.0027765275444835424,0.025885948290427525,train,0.042726632207632065,val,0.004760359413921833,train,0.0236281156539917,test,0.0027765275444835424,train,0.011303097009658813
$KAGGLE_ROOT/train/malignant/1400.jpg,train,1,1337,HAM_0001284,1,4.0,0.00511315418407321,0.6704950826242566,train,0.9277102947235107,test,0.00511315418407321,train,0.05122430995106697,train,0.9573475122451782,train,0.7456982135772705
$KAGGLE_ROOT/train/malignant/1403.jpg,train,1,2234,HAM_0003957,1,0.0,0.0004878803447354585,0.8327852487564087,test,0.0004878803447354585,train,0.8559417128562927,train,0.9605973958969116,val,0.020824743434786797,train,0.6818166375160217
$KAGGLE_ROOT/train/malignant/1404.jpg,train,1,2317,HAM_0000536,1,2.0,0.0001629138714633882,0.02757245214888826,test,0.0001629138714633882,train,0.020022785291075706,train,0.0812767893075943,train,0.006531435064971447,train,0.0024587989319115877
$KAGGLE_ROOT/train/malignant/1405.jpg,train,1,1383,HAM_0007420,1,0.0,9.9630793556571e-05,0.0076529143552761525,train,0.0009793926728889346,test,9.9630793556571e-05,train,0.004829286597669125,train,0.009605981409549713,train,0.015196996740996838
$KAGGLE_ROOT/train/malignant/1406.jpg,train,1,2264,HAM_0001113,1,0.0,0.0028013226110488176,0.0983167290687561,train,0.13405951857566833,val,0.00258815661072731,test,0.0028013226110488176,val,0.019876722246408463,train,0.06257393956184387
$KAGGLE_ROOT/train/malignant/1407.jpg,train,1,2160,HAM_0002772,1,0.0,0.6708231568336487,0.9025360743204752,val,0.7118801474571228,train,0.720397412776947,train,0.9886201620101929,train,0.9985906481742859,test,0.6708231568336487
$KAGGLE_ROOT/train/malignant/1408.jpg,train,1,2131,HAM_0000136,1,2.0,0.008345425128936768,0.007230195769807324,train,0.012424236163496971,train,0.009531178511679173,train,0.005174258723855019,test,0.008345425128936768,train,0.001791109680198133
$KAGGLE_ROOT/train/malignant/1409.jpg,train,1,2224,HAM_0005692,1,0.0,0.0005801320658065379,0.8727341145277023,train,0.991163969039917,test,0.0005801320658065379,train,0.7600643038749695,train,0.8782792687416077,train,0.8614289164543152
$KAGGLE_ROOT/train/malignant/1410.jpg,train,1,1326,HAM_0007538,1,4.0,0.9631693363189697,0.9994074106216431,train,0.9996562004089355,test,0.9631693363189697,train,0.9991586208343506,val,0.9042468667030334,val,0.9994334578514099
$KAGGLE_ROOT/train/malignant/1411.jpg,train,1,1253,HAM_0000060,1,0.0,0.00035637797554954886,0.24574283279071096,train,0.9739789366722107,train,0.0016598665388301015,test,0.00035637797554954886,train,0.007091195788234472,train,0.0002413321635685861
$KAGGLE_ROOT/train/malignant/1412.jpg,train,1,2284,HAM_0004081,1,2.0,0.00020888687868136913,0.34467589668929577,val,6.140329787740484e-05,test,0.00020888687868136913,train,0.1250462532043457,train,0.8989195823669434,train,0.010061854496598244
$KAGGLE_ROOT/train/malignant/1413.jpg,train,1,1352,HAM_0006433,1,2.0,0.9836674928665161,0.9951436519622803,test,0.9836674928665161,train,0.9995383024215698,train,0.9976014494895935,train,0.9904898405075073,train,0.9929450154304504
$KAGGLE_ROOT/train/malignant/1414.jpg,train,1,1341,HAM_0002182,1,2.0,0.1014242097735405,0.5673142423232397,test,0.1014242097735405,train,0.6921495795249939,train,0.10165081918239594,train,0.9081423282623291,val,0.12170673906803131
$KAGGLE_ROOT/train/malignant/1415.jpg,train,1,1343,HAM_0006828,1,2.0,0.0027363512199372053,0.25945621333085,train,0.04334569722414017,train,0.004715105518698692,test,0.0027363512199372053,train,0.9802271127700806,train,0.009536937810480595
$KAGGLE_ROOT/train/malignant/1416.jpg,train,1,2018,HAM_0003531,1,2.0,0.00017831753939390182,0.0014291689949459396,test,0.00017831753939390182,train,0.0004593591147568077,train,0.0006577163003385067,train,0.003527805907651782,train,0.001071794657036662
$KAGGLE_ROOT/train/malignant/1418.jpg,train,1,1299,HAM_0003194,1,2.0,0.971892237663269,0.6264023979504904,train,0.8106180429458618,train,0.10997378826141357,test,0.971892237663269,train,0.9586153626441956,val,0.8353968858718872
$KAGGLE_ROOT/train/malignant/1419.jpg,train,1,2033,HAM_0004637,1,0.0,0.23648624122142792,0.8055577650666237,test,0.23648624122142792,train,0.8787511587142944,train,0.9795716404914856,train,0.9973480701446533,train,0.3665601909160614
$KAGGLE_ROOT/train/malignant/1420.jpg,train,1,1309,HAM_0004643,1,0.0,0.11663975566625595,0.8181823492050171,train,0.9931208491325378,train,0.5041822791099548,val,0.5387749671936035,train,0.9572439193725586,test,0.11663975566625595
$KAGGLE_ROOT/train/malignant/1421.jpg,train,1,1316,HAM_0005697,1,0.0,0.0001393585989717394,0.15331844965112396,train,0.08065252006053925,train,0.4129655361175537,train,0.11784109473228455,train,0.001814647694118321,test,0.0001393585989717394
$KAGGLE_ROOT/train/malignant/1423.jpg,train,1,1631,HAM_0004593,1,2.0,0.0001391975092701614,0.004854981632282336,test,0.0001391975092701614,train,0.0028600336518138647,val,0.0011274790158495307,train,0.002084075240418315,train,0.00962083600461483
$KAGGLE_ROOT/train/malignant/1424.jpg,train,1,1259,HAM_0005555,1,2.0,0.4271727204322815,0.3902521204436198,train,0.9763535261154175,train,0.005695406813174486,test,0.4271727204322815,train,0.5620629191398621,train,0.016896629706025124
$KAGGLE_ROOT/train/malignant/1426.jpg,train,1,2232,HAM_0005789,1,2.0,0.01065732166171074,0.8192527145147324,train,0.9852221608161926,train,0.9328517913818359,test,0.01065732166171074,train,0.998534083366394,train,0.36040282249450684
$KAGGLE_ROOT/train/malignant/1428.jpg,train,1,1959,HAM_0002834,1,0.0,0.9297113418579102,0.8614198565483093,val,0.09887063503265381,train,0.6094353795051575,train,0.994253933429718,test,0.9297113418579102,train,0.9805702567100525
$KAGGLE_ROOT/train/malignant/1429.jpg,train,1,1986,HAM_0002430,1,2.0,0.9244159460067749,0.9256326258182526,train,0.9993786811828613,train,0.7979710102081299,train,0.9914587736129761,test,0.9244159460067749,train,0.913722038269043
$KAGGLE_ROOT/train/malignant/1431.jpg,train,1,1896,HAM_0003869,1,2.0,0.003421342931687832,0.2516887754900381,train,0.13996455073356628,train,0.0029123942367732525,test,0.003421342931687832,train,0.837541401386261,train,0.026336755603551865
$KAGGLE_ROOT/train/malignant/1432.jpg,train,1,1407,HAM_0006651,1,0.0,0.8620269298553467,0.9701245625813802,train,0.9808650612831116,val,0.9987457990646362,test,0.8620269298553467,train,0.9833705425262451,train,0.9461380839347839
$KAGGLE_ROOT/train/malignant/1433.jpg,train,1,1517,HAM_0000006,1,0.0,0.006190170533955097,0.08839205512776971,train,0.020984789356589317,test,0.006190170533955097,train,0.07371757924556732,train,0.23579815030097961,train,0.02306770160794258
$KAGGLE_ROOT/train/malignant/1434.jpg,train,1,1378,HAM_0006214,1,0.0,0.0005971603095531464,0.35677334386855364,train,0.7823379039764404,train,0.11974018067121506,train,0.4903128743171692,test,0.0005971603095531464,train,0.03470241650938988
$KAGGLE_ROOT/train/malignant/1435.jpg,train,1,2125,HAM_0007070,1,0.0,0.9893909096717834,0.8498310744762421,test,0.9893909096717834,val,0.8895773887634277,train,0.7333952784538269,val,0.40701213479042053,train,0.9662668704986572
$KAGGLE_ROOT/train/malignant/1437.jpg,train,1,2231,HAM_0005789,1,4.0,0.04315292462706566,0.6897136494517326,train,0.9504146575927734,train,0.4311431050300598,test,0.04315292462706566,train,0.9975784420967102,train,0.3797183930873871
$KAGGLE_ROOT/train/malignant/1439.jpg,train,1,1244,HAM_0007454,1,0.0,0.0002720993652474135,0.8425054748853048,train,0.9541124105453491,test,0.0002720993652474135,val,0.00036945397732779384,train,0.9962621331214905,train,0.5771418809890747
$KAGGLE_ROOT/train/malignant/1440.jpg,train,1,2093,HAM_0005315,1,2.0,0.36348453164100647,0.9989795684814453,val,0.9967799782752991,train,0.9988412261009216,train,0.999117910861969,val,0.9998667240142822,test,0.36348453164100647
$KAGGLE_ROOT/train/malignant/1441.jpg,train,1,1373,HAM_0003521,1,0.0,0.008349846117198467,0.1603973254095763,train,0.005114027764648199,train,0.3156806230545044,test,0.008349846117198467,val,0.0007657752139493823,val,0.0006744511192664504
$KAGGLE_ROOT/train/malignant/1442.jpg,train,1,2244,HAM_0004878,1,0.0,0.0018538541626185179,0.37911104783415794,train,0.05595815181732178,train,0.36811819672584534,train,0.8694843053817749,test,0.0018538541626185179,train,0.22288353741168976
$KAGGLE_ROOT/train/malignant/1444.jpg,train,1,2020,HAM_0004979,1,0.0,4.074358366779052e-05,0.3603647495037876,train,0.04420134052634239,test,4.074358366779052e-05,train,0.42512407898902893,train,0.9696006774902344,train,0.00253290100954473
$KAGGLE_ROOT/train/malignant/1445.jpg,train,1,1228,HAM_0002119,1,0.0,0.998794674873352,0.994707981745402,train,0.999817430973053,val,0.998914361000061,test,0.998794674873352,train,0.985296905040741,train,0.9990096092224121
$KAGGLE_ROOT/train/malignant/1446.jpg,train,1,10014,HAM_0003521,1,2.0,0.06800736486911774,0.9971519410610199,train,0.9981770515441895,train,0.9961268305778503,test,0.06800736486911774,val,0.009597321040928364,val,0.001531388028524816
$KAGGLE_ROOT/train/malignant/1448.jpg,train,1,2194,HAM_0003256,1,0.0,0.0015683254459872842,0.0016348225908586755,train,0.0027009258046746254,train,0.0013020166661590338,train,0.0005471683689393103,test,0.0015683254459872842,train,0.0019891795236617327
$KAGGLE_ROOT/train/malignant/1449.jpg,train,1,2259,HAM_0006223,1,2.0,0.0024591905530542135,0.1773507952457294,train,0.3692968785762787,train,0.006540299858897924,train,0.08797576278448105,train,0.2455902397632599,test,0.0024591905530542135
$KAGGLE_ROOT/train/malignant/1450.jpg,train,1,1292,HAM_0003802,1,0.0,0.12735635042190552,0.9642224311828613,train,0.9150741100311279,val,0.21001218259334564,test,0.12735635042190552,train,0.996660590171814,train,0.9809325933456421
$KAGGLE_ROOT/train/malignant/1452.jpg,train,1,1273,HAM_0004813,1,0.0,0.06567468494176865,0.36668225067357224,train,0.8715748190879822,train,0.005642561241984367,val,0.005581012461334467,train,0.22282937169075012,test,0.06567468494176865
$KAGGLE_ROOT/train/malignant/1453.jpg,train,1,2128,HAM_0000125,1,2.0,0.000706018297933042,0.6292636767029762,train,0.2532068192958832,train,0.5551590323448181,train,0.7597912549972534,test,0.000706018297933042,train,0.9488976001739502
$KAGGLE_ROOT/train/malignant/1454.jpg,train,1,2310,HAM_0003102,1,2.0,0.019564421847462654,0.9034992605447769,train,0.9711384177207947,train,0.9259260892868042,train,0.7731760144233704,train,0.9437565207481384,test,0.019564421847462654
$KAGGLE_ROOT/train/malignant/1455.jpg,train,1,1222,HAM_0000876,1,0.0,0.3538323640823364,0.9431851804256439,train,0.9994901418685913,test,0.3538323640823364,train,0.9065009951591492,train,0.9318486452102661,train,0.9349009394645691
$KAGGLE_ROOT/train/malignant/1456.jpg,train,1,1274,HAM_0006803,1,0.0,0.3671991229057312,0.39783693430945277,train,0.9765576720237732,train,0.00873379223048687,test,0.3671991229057312,train,0.39781782031059265,train,0.20823845267295837
$KAGGLE_ROOT/train/malignant/1457.jpg,train,1,1431,HAM_0002115,1,0.0,0.38615259528160095,0.5342327039688826,train,0.3327804207801819,train,0.7651048302650452,test,0.38615259528160095,train,0.06658601015806198,train,0.9724595546722412
$KAGGLE_ROOT/train/malignant/1458.jpg,train,1,2072,HAM_0003055,1,2.0,0.0003605647652875632,0.014000991417560726,train,0.007172799203544855,test,0.0003605647652875632,train,0.02747429721057415,train,0.0035642494913190603,train,0.01779261976480484
$KAGGLE_ROOT/train/malignant/1459.jpg,train,1,1941,HAM_0001819,1,2.0,0.9912214279174805,0.9418756365776062,train,0.9931167364120483,test,0.9912214279174805,val,0.9765080213546753,train,0.9971543550491333,train,0.835355818271637
$KAGGLE_ROOT/train/malignant/1460.jpg,train,1,2079,HAM_0001349,1,2.0,7.011425623204559e-05,0.2969702612608671,test,7.011425623204559e-05,train,0.08136950433254242,train,0.09911137819290161,train,0.9944770932197571,train,0.012923069298267365
$KAGGLE_ROOT/train/malignant/1462.jpg,train,1,2222,HAM_0005504,1,4.0,0.0001058011912391521,0.0960614513605833,train,0.10282452404499054,test,0.0001058011912391521,train,0.04939064756035805,train,0.19818609952926636,train,0.03384453430771828
$KAGGLE_ROOT/train/malignant/1463.jpg,train,1,1441,HAM_0005328,1,2.0,0.0001142778928624466,0.005270623757193486,test,0.0001142778928624466,train,0.004039836581796408,train,0.0061461059376597404,val,0.00040594435995444655,train,0.0056259287521243095
$KAGGLE_ROOT/train/malignant/1465.jpg,train,1,1314,HAM_0006908,1,0.0,0.9947798252105713,0.999695435166359,train,0.999915361404419,train,0.9998419284820557,train,0.9993712306022644,train,0.9996532201766968,test,0.9947798252105713
$KAGGLE_ROOT/train/malignant/1466.jpg,train,1,1773,HAM_0001274,1,2.0,2.4015354938455857e-05,0.2486652130416284,val,0.012259231880307198,test,2.4015354938455857e-05,train,0.003114843973889947,train,0.6821038722991943,train,0.06077692285180092
$KAGGLE_ROOT/train/malignant/1467.jpg,train,1,1948,HAM_0005061,1,2.0,0.7518779635429382,0.9199739843606949,train,0.9750001430511475,train,0.9283524751663208,test,0.7518779635429382,train,0.7940846085548401,train,0.9824587106704712
$KAGGLE_ROOT/train/malignant/1468.jpg,train,1,2151,HAM_0001744,1,0.0,0.000356108823325485,0.004127261694520712,test,0.000356108823325485,train,0.0031124551314860582,train,0.007037132512778044,train,0.003386666066944599,train,0.0029727930668741465
$KAGGLE_ROOT/train/malignant/1469.jpg,train,1,2156,HAM_0001791,1,2.0,0.9997677206993103,0.9914898872375488,train,0.9995892643928528,test,0.9997677206993103,train,0.9689865708351135,train,0.9997307658195496,train,0.9976529479026794
$KAGGLE_ROOT/train/malignant/1470.jpg,train,1,1825,HAM_0003335,1,4.0,0.000106421961390879,0.026591553491016384,test,0.000106421961390879,train,0.0007366588106378913,train,0.042573232203722,train,0.06283306330442429,train,0.00022325964528135955
$KAGGLE_ROOT/train/malignant/1471.jpg,train,1,1635,HAM_0003620,1,0.0,0.07631640881299973,0.6991239984830221,val,0.9855676889419556,test,0.07631640881299973,train,0.8659254908561707,train,0.9953044652938843,train,0.23614203929901123
$KAGGLE_ROOT/train/malignant/1472.jpg,train,1,1727,HAM_0004240,1,2.0,0.22834870219230652,0.4395798100158572,train,0.7037050127983093,train,0.018017247319221497,test,0.22834870219230652,train,0.9946405291557312,train,0.041956450790166855
$KAGGLE_ROOT/train/malignant/1473.jpg,train,1,1609,HAM_0005303,1,0.0,0.0036865968722850084,0.9901384115219116,train,0.9983806610107422,train,0.9964345693588257,train,0.9763556122779846,test,0.0036865968722850084,train,0.989382803440094
$KAGGLE_ROOT/train/malignant/1474.jpg,train,1,1780,HAM_0005249,1,2.0,0.01750531792640686,0.9473625421524048,train,0.8942599296569824,test,0.01750531792640686,train,0.9498392343521118,train,0.9979884624481201,val,0.03723945468664169
$KAGGLE_ROOT/train/malignant/1475.jpg,train,1,1764,HAM_0005409,1,0.0,0.9965023994445801,0.9998912811279297,train,0.9999227523803711,val,0.999574601650238,val,0.9996273517608643,test,0.9965023994445801,train,0.9998598098754883
$KAGGLE_ROOT/train/malignant/1476.jpg,train,1,1481,HAM_0004405,1,0.0,0.0005442692781798542,0.0038954553504784903,train,0.0025517242029309273,train,0.000522335059940815,test,0.0005442692781798542,train,0.008612306788563728,val,0.001770231407135725
$KAGGLE_ROOT/train/malignant/1477.jpg,train,1,1627,HAM_0003602,1,2.0,9.866924665402621e-05,0.10991038288921118,train,0.07980100810527802,test,9.866924665402621e-05,train,0.008170467801392078,train,0.24175967276096344,val,0.0011270091636106372
$KAGGLE_ROOT/train/malignant/1478.jpg,train,1,1705,HAM_0006566,1,0.0,0.9618371725082397,0.9990132600069046,train,0.9997321963310242,train,0.9996241331100464,test,0.9618371725082397,train,0.999858021736145,train,0.9968386888504028
$KAGGLE_ROOT/train/malignant/1479.jpg,train,1,1582,HAM_0001928,1,2.0,0.10196445882320404,0.9554948012034098,train,0.9584672451019287,train,0.9982757568359375,train,0.9097414016723633,val,0.7842816710472107,test,0.10196445882320404
$KAGGLE_ROOT/train/malignant/1480.jpg,train,1,1602,HAM_0000388,1,0.0,0.0071037160232663155,0.029183560982346535,val,0.07430216670036316,test,0.0071037160232663155,train,0.029183560982346535,val,0.04740457236766815,val,0.011549844406545162
$KAGGLE_ROOT/train/malignant/1481.jpg,train,1,1687,HAM_0002993,1,0.0,0.9968010187149048,0.9963481624921163,train,0.9992495179176331,val,0.9998028874397278,train,0.9987659454345703,test,0.9968010187149048,train,0.9910290241241455
$KAGGLE_ROOT/train/malignant/1482.jpg,train,1,1486,HAM_0000179,1,4.0,0.3153459131717682,0.998814602692922,train,0.9994282126426697,val,0.763661801815033,train,0.9982675313949585,train,0.9987480640411377,test,0.3153459131717682
$KAGGLE_ROOT/train/malignant/1483.jpg,train,1,1787,HAM_0001105,1,2.0,0.05154316499829292,0.8214448889096578,val,0.4037526845932007,train,0.8766009211540222,train,0.9817630052566528,test,0.05154316499829292,train,0.6059707403182983
$KAGGLE_ROOT/train/malignant/1485.jpg,train,1,1535,HAM_0000321,1,2.0,0.02860616333782673,0.9750116020441055,train,0.9991425275802612,test,0.02860616333782673,train,0.979034423828125,train,0.9265027642250061,train,0.9953666925430298
$KAGGLE_ROOT/train/malignant/1486.jpg,train,1,1560,HAM_0002235,1,2.0,8.133630763040856e-05,0.11039944260846823,train,0.3578181266784668,train,0.05699313059449196,train,0.02062232792377472,test,8.133630763040856e-05,train,0.006164185237139463
$KAGGLE_ROOT/train/malignant/1487.jpg,train,1,1515,HAM_0000006,1,0.0,0.00011792561417678371,0.18602724536322057,train,0.7374551892280579,test,0.00011792561417678371,train,0.0031501452904194593,train,0.001999581465497613,train,0.0015040654689073563
$KAGGLE_ROOT/train/malignant/1488.jpg,train,1,1585,HAM_0005758,1,0.0,0.9887793064117432,0.996198296546936,train,0.9996637105941772,test,0.9887793064117432,train,0.9942089319229126,train,0.9926767349243164,train,0.9982438087463379
$KAGGLE_ROOT/train/malignant/1490.jpg,train,1,1715,HAM_0001863,1,2.0,0.9879774451255798,0.999651034673055,train,0.9999340772628784,train,0.9994940757751465,val,0.9919784069061279,test,0.9879774451255798,train,0.9995249509811401
$KAGGLE_ROOT/train/malignant/1491.jpg,train,1,1799,HAM_0005992,1,0.0,0.9048479199409485,0.7994914650917053,train,0.9990383386611938,test,0.9048479199409485,train,0.2418886423110962,train,0.9924706220626831,train,0.9645682573318481
$KAGGLE_ROOT/train/malignant/1492.jpg,train,1,1624,HAM_0006545,1,0.0,0.0007209046743810177,0.3200296468567103,train,0.3332708775997162,train,0.005029105581343174,train,0.9403588175773621,train,0.001459786668419838,test,0.0007209046743810177
$KAGGLE_ROOT/train/malignant/1493.jpg,train,1,1567,HAM_0004811,1,2.0,0.9997099041938782,0.9966561794281006,train,0.9998902082443237,train,0.9994845390319824,test,0.9997099041938782,val,0.9999551773071289,train,0.9905937910079956
$KAGGLE_ROOT/train/malignant/1494.jpg,train,1,1644,HAM_0000064,1,0.0,0.00012327026342973113,0.2416287288069725,train,0.32293230295181274,train,0.015968814492225647,train,0.08135606348514557,test,0.00012327026342973113,train,0.546257734298706
$KAGGLE_ROOT/train/malignant/1496.jpg,train,1,1737,HAM_0006802,1,2.0,0.0005415050545707345,0.2141772034810856,train,0.041022974997758865,test,0.0005415050545707345,train,0.00479200528934598,train,0.7447579503059387,train,0.06613588333129883
$KAGGLE_ROOT/train/malignant/1497.jpg,train,1,1682,HAM_0006101,1,0.0,0.013891153037548065,0.9815096855163574,train,0.9941138625144958,test,0.013891153037548065,val,0.3049197494983673,train,0.9660027027130127,train,0.9844124913215637
$KAGGLE_ROOT/train/malignant/1498.jpg,train,1,1661,HAM_0000002,1,0.0,0.996695876121521,0.9878992289304733,train,0.9999160766601562,train,0.9996598958969116,test,0.996695876121521,train,0.9999327659606934,train,0.9520881772041321
$KAGGLE_ROOT/train/malignant/1500.jpg,train,1,1855,HAM_0005953,1,2.0,0.826092004776001,0.9789434870084127,train,0.9957079887390137,val,0.7917267084121704,train,0.9984009861946106,test,0.826092004776001,train,0.9427214860916138
$KAGGLE_ROOT/train/malignant/813.jpg,train,1,1451,HAM_0003350,1,2.0,0.36146023869514465,0.9115642160177231,train,0.987808346748352,train,0.8431032299995422,test,0.36146023869514465,train,0.9995126724243164,train,0.8158326148986816
$KAGGLE_ROOT/train/malignant/814.jpg,train,1,2130,HAM_0002869,1,0.0,0.04181099310517311,0.7241749813159307,train,0.18828131258487701,test,0.04181099310517311,train,0.9950584173202515,train,0.9891852140426636,val,0.14130078256130219
$KAGGLE_ROOT/train/malignant/815.jpg,train,1,1327,HAM_0007538,1,2.0,0.7325912714004517,0.5104130953550339,train,0.4640565812587738,test,0.7325912714004517,train,0.556769609451294,val,0.01919115148484707,val,0.002443554112687707
$KAGGLE_ROOT/train/malignant/816.jpg,train,1,2126,HAM_0002493,1,2.0,0.0002865886490326375,0.05404904449824244,train,0.002159066963940859,train,0.002877430059015751,train,0.013639112003147602,test,0.0002865886490326375,train,0.19752056896686554
$KAGGLE_ROOT/train/malignant/818.jpg,train,1,2082,HAM_0001349,1,2.0,0.002077538287267089,0.5072735766880214,test,0.002077538287267089,train,0.7544727325439453,train,0.2593635618686676,train,0.9986440539360046,train,0.016613958403468132
$KAGGLE_ROOT/train/malignant/819.jpg,train,1,1248,HAM_0001726,1,0.0,0.0008219311712309718,0.4032887816429138,val,0.26243993639945984,test,0.0008219311712309718,train,0.24935424327850342,train,0.09667074680328369,train,0.8638413548469543
$KAGGLE_ROOT/train/malignant/820.jpg,train,1,1400,HAM_0006751,1,2.0,0.000331236922647804,0.15438009288118337,train,0.6077700257301331,train,4.0038328734226525e-05,train,0.005926811136305332,test,0.000331236922647804,train,0.003783496329560876
$KAGGLE_ROOT/train/malignant/821.jpg,train,1,2271,HAM_0007530,1,0.0,0.0018373505445197225,0.07623960326115291,train,0.011407599784433842,train,0.014037198387086391,test,0.0018373505445197225,train,0.20327401161193848,val,0.00010346229100832716
$KAGGLE_ROOT/train/malignant/823.jpg,train,1,1932,HAM_0005846,1,2.0,0.0004001441120635718,0.5013809651136398,train,0.19189661741256714,test,0.0004001441120635718,train,0.9932726621627808,train,0.43439364433288574,train,0.3859609365463257
$KAGGLE_ROOT/train/malignant/824.jpg,train,1,1250,HAM_0003315,1,6.0,0.0014648274518549442,0.6350547174612681,train,0.3040805160999298,val,0.0002256701118312776,test,0.0014648274518549442,train,0.8826571702957153,train,0.7184264659881592
$KAGGLE_ROOT/train/malignant/825.jpg,train,1,1674,HAM_0007054,1,0.0,0.9911382794380188,0.9970425516366959,train,0.9993404746055603,train,0.9995236396789551,test,0.9911382794380188,train,0.9996205568313599,train,0.9896855354309082
$KAGGLE_ROOT/train/malignant/827.jpg,train,1,2071,HAM_0002523,1,2.0,0.7037468552589417,0.7264785269896189,test,0.7037468552589417,val,0.16126208007335663,train,0.9824762344360352,train,0.9974380731582642,train,0.1995212733745575
$KAGGLE_ROOT/train/malignant/828.jpg,train,1,2061,HAM_0005540,1,0.0,7.616876246174797e-05,0.09604085373575799,val,5.5079133744584396e-05,val,2.2293734218692407e-05,train,0.19158898293972015,test,7.616876246174797e-05,train,0.0004927245317958295
$KAGGLE_ROOT/train/malignant/829.jpg,train,1,1429,HAM_0001729,1,2.0,0.9317665696144104,0.9288366734981537,train,0.9920907020568848,test,0.9317665696144104,train,0.829579770565033,train,0.9983239769935608,train,0.8953522443771362
$KAGGLE_ROOT/train/malignant/830.jpg,train,1,1275,HAM_0006803,1,2.0,0.9929667711257935,0.9953679442405701,train,0.9993973970413208,train,0.9984161853790283,test,0.9929667711257935,train,0.9989535808563232,train,0.9847046136856079
$KAGGLE_ROOT/train/malignant/831.jpg,train,1,2060,HAM_0000952,1,4.0,0.0005246988730505109,0.0011867018911289051,train,0.00014236016431823373,train,0.0029727716464549303,train,0.0006962658371776342,test,0.0005246988730505109,train,0.0009354099165648222
$KAGGLE_ROOT/train/malignant/833.jpg,train,1,2184,HAM_0004507,1,4.0,0.0024359109811484814,0.03191880133817904,train,0.1177591010928154,train,0.001152856508269906,train,0.007638514973223209,test,0.0024359109811484814,train,0.0011247327784076333
$KAGGLE_ROOT/train/malignant/834.jpg,train,1,2056,HAM_0006699,1,4.0,0.9602355360984802,0.22990375757217407,train,0.3971444368362427,val,0.5614990592002869,val,0.010784430429339409,test,0.9602355360984802,train,0.06266307830810547
$KAGGLE_ROOT/train/malignant/835.jpg,train,1,1226,HAM_0003832,1,2.0,0.0019364061299711466,0.5955905417601267,train,0.993614673614502,train,0.46228983998298645,val,0.0022896500304341316,test,0.0019364061299711466,train,0.33086711168289185
$KAGGLE_ROOT/train/malignant/837.jpg,train,1,2240,HAM_0007511,1,4.0,0.7626211047172546,0.9776755124330521,train,0.9997492432594299,test,0.7626211047172546,train,0.9918573498725891,train,0.9471502900123596,train,0.9719451665878296
$KAGGLE_ROOT/train/malignant/840.jpg,train,1,2180,HAM_0006764,1,2.0,0.003111958270892501,0.01621477584922104,train,0.014799806289374828,train,0.00018274223839398474,train,0.005644182674586773,train,0.04423237219452858,test,0.003111958270892501
$KAGGLE_ROOT/train/malignant/841.jpg,train,1,2154,HAM_0003428,1,2.0,0.7010514140129089,0.6488569816574454,train,0.9844363927841187,train,0.03552353009581566,test,0.7010514140129089,train,0.9700739979743958,train,0.6053940057754517
$KAGGLE_ROOT/train/malignant/842.jpg,train,1,1369,HAM_0001600,1,2.0,0.0010680060368031263,0.1354067667076985,train,0.3295474648475647,test,0.0010680060368031263,train,0.024405354633927345,train,0.05226748064160347,val,0.0007296215044334531
$KAGGLE_ROOT/train/malignant/843.jpg,train,1,2187,HAM_0000593,1,0.0,0.010798056609928608,0.7334414571523666,train,0.5978598594665527,test,0.010798056609928608,train,0.638137936592102,train,0.8553094267845154,train,0.8424586057662964
$KAGGLE_ROOT/train/malignant/844.jpg,train,1,1965,HAM_0001444,1,0.0,0.0007088450947776437,0.10834217506150405,val,0.0005781722138635814,train,0.24718545377254486,train,0.06661956012248993,train,0.011221511289477348,test,0.0007088450947776437
$KAGGLE_ROOT/train/malignant/845.jpg,train,1,2008,HAM_0001726,1,0.0,3.579159965738654e-05,0.43348168581724167,val,0.0016744271852076054,test,3.579159965738654e-05,train,0.2995772063732147,train,0.9380699396133423,train,0.062797911465168
$KAGGLE_ROOT/train/malignant/846.jpg,train,1,1989,HAM_0000917,1,4.0,0.2581236660480499,0.8315127566456795,train,0.9884740710258484,train,0.997032880783081,train,0.34629133343696594,train,0.9942527413368225,test,0.2581236660480499
$KAGGLE_ROOT/train/malignant/847.jpg,train,1,1335,HAM_0000903,1,0.0,0.9926421046257019,0.7570192441344261,train,0.9622910618782043,train,0.999471127986908,train,0.985231876373291,test,0.9926421046257019,train,0.08108291029930115
$KAGGLE_ROOT/train/malignant/848.jpg,train,1,1265,HAM_0002011,1,0.0,0.98736971616745,0.9956970512866974,train,0.9997331500053406,train,0.999204695224762,train,0.9964838027954102,test,0.98736971616745,train,0.9873665571212769
$KAGGLE_ROOT/train/malignant/849.jpg,train,1,1433,HAM_0002509,1,0.0,0.15010637044906616,0.9962226351102194,train,0.9973795413970947,train,0.9991722106933594,train,0.9921161532402039,val,0.9913550019264221,test,0.15010637044906616
$KAGGLE_ROOT/train/malignant/850.jpg,train,1,2221,HAM_0001964,1,2.0,0.0029648817144334316,0.30027092931171256,train,0.7011470794677734,train,0.024675903841853142,test,0.0029648817144334316,train,0.17498980462551117,val,0.0001740519073791802
$KAGGLE_ROOT/train/malignant/851.jpg,train,1,2307,HAM_0001910,1,2.0,0.00017702275363262743,0.13229048748811087,train,0.2958888113498688,val,0.0027435070369392633,test,0.00017702275363262743,train,0.0833074152469635,train,0.017675235867500305
$KAGGLE_ROOT/train/malignant/853.jpg,train,1,1347,HAM_0003212,1,2.0,0.11098704487085342,0.6529042795300484,test,0.11098704487085342,train,0.5302386283874512,train,0.7549002170562744,train,0.4883835017681122,train,0.8380947709083557
$KAGGLE_ROOT/train/malignant/854.jpg,train,1,1302,HAM_0001847,1,2.0,0.0001636516972212121,0.3132912814617157,train,0.8163336515426636,train,0.02538479119539261,test,0.0001636516972212121,val,0.0002215044223703444,train,0.09815540164709091
$KAGGLE_ROOT/train/malignant/855.jpg,train,1,2204,HAM_0005724,1,0.0,0.4348531663417816,0.9595979750156403,train,0.9700184464454651,test,0.4348531663417816,train,0.9261264801025391,train,0.9612846374511719,train,0.980962336063385
$KAGGLE_ROOT/train/malignant/856.jpg,train,1,1940,HAM_0000373,1,2.0,0.17457890510559082,0.6728369424818084,train,0.8679889440536499,train,0.8289167881011963,test,0.17457890510559082,train,0.9902661442756653,train,0.004175893496721983
$KAGGLE_ROOT/train/malignant/857.jpg,train,1,1954,HAM_0004779,1,0.0,0.9398048520088196,0.4904264410336812,val,0.035912610590457916,train,0.4184243381023407,train,0.4046681821346283,test,0.9398048520088196,train,0.6481868028640747
$KAGGLE_ROOT/train/malignant/858.jpg,train,1,1424,HAM_0000645,1,0.0,0.006465759593993425,0.6225918382406235,train,0.9959422945976257,train,0.6083005666732788,train,0.24319982528686523,train,0.6429246664047241,test,0.006465759593993425
$KAGGLE_ROOT/train/malignant/860.jpg,train,1,1454,HAM_0001734,1,0.0,0.9506497979164124,0.5746424049139023,test,0.9506497979164124,train,0.4050818681716919,train,0.992021381855011,train,0.46470141410827637,train,0.4367649555206299
$KAGGLE_ROOT/train/malignant/861.jpg,train,1,1387,HAM_0007617,1,2.0,0.011159040965139866,0.2937592144589871,train,0.10665569454431534,train,0.008423629216849804,test,0.011159040965139866,train,0.1669897735118866,train,0.8929677605628967
$KAGGLE_ROOT/train/malignant/862.jpg,train,1,1311,HAM_0001353,1,0.0,0.0003960023168474436,0.18982786498963833,val,0.0002320567291462794,train,0.12752936780452728,train,0.002121390774846077,train,0.4398328363895416,test,0.0003960023168474436
$KAGGLE_ROOT/train/malignant/863.jpg,train,1,1284,HAM_0002534,1,2.0,0.006805738899856806,0.8205664902925491,train,0.8160284757614136,train,0.9571039080619812,test,0.006805738899856806,train,0.9977784752845764,train,0.5113551020622253
$KAGGLE_ROOT/train/malignant/865.jpg,train,1,1404,HAM_0006896,1,2.0,0.0007296681287698448,0.023221476663214464,train,0.0014961381675675511,test,0.0007296681287698448,train,0.025960257276892662,val,0.08384683728218079,train,0.04220803454518318
$KAGGLE_ROOT/train/malignant/867.jpg,train,1,1928,HAM_0001753,1,0.0,0.995881199836731,0.9998322327931722,train,0.9999086856842041,train,0.9998921155929565,test,0.995881199836731,val,0.992250382900238,train,0.999695897102356
$KAGGLE_ROOT/train/malignant/869.jpg,train,1,2242,HAM_0004898,1,2.0,0.3996323049068451,0.8952589432398478,train,0.8152795433998108,test,0.3996323049068451,train,0.9678181409835815,train,0.9026791453361511,val,0.6876986026763916
$KAGGLE_ROOT/train/malignant/870.jpg,train,1,2081,HAM_0002375,1,0.0,0.459604412317276,0.9969970385233561,train,0.9997851252555847,train,0.9958271384239197,train,0.995378851890564,test,0.459604412317276,val,0.9912394881248474
$KAGGLE_ROOT/train/malignant/872.jpg,train,1,2109,HAM_0007488,1,2.0,0.9999209642410278,0.9976289421319962,train,0.9992056488990784,train,0.9998629093170166,train,0.9963672161102295,test,0.9999209642410278,train,0.9950799942016602
$KAGGLE_ROOT/train/malignant/873.jpg,train,1,2281,HAM_0002613,1,2.0,0.34911084175109863,0.6513346284627914,train,0.8023889064788818,train,0.15269596874713898,val,0.005532653536647558,train,0.9989190101623535,test,0.34911084175109863
$KAGGLE_ROOT/train/malignant/875.jpg,train,1,1953,HAM_0004779,1,2.0,0.6025354266166687,0.8525421023368835,val,0.1037621945142746,train,0.9219873547554016,train,0.8980634808540344,test,0.6025354266166687,train,0.7375754714012146
$KAGGLE_ROOT/train/malignant/876.jpg,train,1,1350,HAM_0006975,1,2.0,0.9960415363311768,0.999812051653862,train,0.9998823404312134,train,0.9999179840087891,train,0.9994756579399109,train,0.9999722242355347,test,0.9960415363311768
$KAGGLE_ROOT/train/malignant/877.jpg,train,1,1336,HAM_0001284,1,2.0,0.8147249221801758,0.8799143731594086,train,0.9984990358352661,test,0.8147249221801758,train,0.6938794255256653,train,0.9665021896362305,train,0.8607768416404724
$KAGGLE_ROOT/train/malignant/878.jpg,train,1,1281,HAM_0007560,1,0.0,0.0007250606431625783,0.9592399299144745,train,0.9640102386474609,val,0.0008746781386435032,test,0.0007250606431625783,train,0.954469621181488,val,0.006200528237968683
$KAGGLE_ROOT/train/malignant/879.jpg,train,1,1962,HAM_0001986,1,0.0,0.5950502753257751,0.6791979769865671,train,0.25365886092185974,val,2.0182131265755743e-05,train,0.9778088927268982,test,0.5950502753257751,train,0.8061261773109436
$KAGGLE_ROOT/train/malignant/880.jpg,train,1,1345,HAM_0004265,1,6.0,0.00026699667796492577,0.3772157980129123,train,0.7919124960899353,train,0.04497578367590904,train,0.11089260876178741,train,0.5610823035240173,test,0.00026699667796492577
$KAGGLE_ROOT/train/malignant/882.jpg,train,1,1293,HAM_0001203,1,2.0,0.00280669960193336,0.9668927987416586,val,0.022301573306322098,train,0.968045711517334,test,0.00280669960193336,train,0.9916796088218689,train,0.9409530758857727
$KAGGLE_ROOT/train/malignant/883.jpg,train,1,1975,HAM_0000888,1,2.0,0.0005478749517351389,0.6633374094963074,test,0.0005478749517351389,train,0.7623060345649719,train,0.5643687844276428,val,0.001678070635534823,val,0.001425479887984693
$KAGGLE_ROOT/train/malignant/884.jpg,train,1,1977,HAM_0000775,1,2.0,0.0024314657784998417,0.5688724913925398,train,0.3071523904800415,train,0.0006716643692925572,train,0.9744632244110107,train,0.9932026863098145,test,0.0024314657784998417
$KAGGLE_ROOT/train/malignant/885.jpg,train,1,2211,HAM_0006955,1,2.0,0.13376842439174652,0.3305310631791751,train,0.1666475087404251,train,0.08611630648374557,train,0.7388293743133545,val,0.9698975682258606,test,0.13376842439174652
$KAGGLE_ROOT/train/malignant/886.jpg,train,1,1985,HAM_0004642,1,0.0,0.991010308265686,0.959892064332962,train,0.9962143301963806,train,0.9991820454597473,train,0.8489523530006409,test,0.991010308265686,train,0.9952195286750793
$KAGGLE_ROOT/train/malignant/888.jpg,train,1,2252,HAM_0006899,1,4.0,0.0008346220711246133,0.2744184141047299,train,0.20895381271839142,train,0.7902640104293823,train,0.08825802803039551,test,0.0008346220711246133,train,0.010197805240750313
$KAGGLE_ROOT/train/malignant/889.jpg,train,1,2084,HAM_0000247,1,2.0,0.9962961077690125,0.9174626916646957,test,0.9962961077690125,train,0.7857937812805176,train,0.9952821135520935,train,0.9984751343727112,train,0.8902997374534607
$KAGGLE_ROOT/train/malignant/890.jpg,train,1,2015,HAM_0002477,1,0.0,0.739833414554596,0.5425950481439941,test,0.739833414554596,train,0.0022492732387036085,train,0.9844256639480591,train,0.9514906406402588,train,0.23221461474895477
$KAGGLE_ROOT/train/malignant/891.jpg,train,1,1361,HAM_0005381,1,2.0,0.004576511215418577,0.5278639793395996,train,0.0929061770439148,train,0.9302792549133301,train,0.560406506061554,test,0.004576511215418577,val,0.0005956357927061617
$KAGGLE_ROOT/train/malignant/892.jpg,train,1,1300,HAM_0006521,1,2.0,0.001013351371511817,0.03777867293683812,train,0.13111372292041779,train,0.0012545424979180098,train,0.007910654880106449,test,0.001013351371511817,train,0.010835771448910236
$KAGGLE_ROOT/train/malignant/895.jpg,train,1,1331,HAM_0005588,1,0.0,0.9917574524879456,0.9995744526386261,val,0.9998412132263184,test,0.9917574524879456,train,0.9994681477546692,train,0.999680757522583,val,0.9983506202697754
$KAGGLE_ROOT/train/malignant/896.jpg,train,1,1267,HAM_0004739,1,0.0,0.09633977711200714,0.9253422915935516,train,0.9818759560585022,train,0.9984329342842102,train,0.8615454435348511,train,0.8595148324966431,test,0.09633977711200714
$KAGGLE_ROOT/train/malignant/897.jpg,train,1,2291,HAM_0000534,1,6.0,0.01454353891313076,0.4883091598749161,val,0.10368902236223221,train,0.02258726954460144,val,9.209095878759399e-05,train,0.9540310502052307,test,0.01454353891313076
$KAGGLE_ROOT/train/malignant/898.jpg,train,1,2040,HAM_0004817,1,2.0,0.03321598842740059,0.22601642028894275,test,0.03321598842740059,train,0.0009978513699024916,train,0.37170806527137756,train,0.5288283824920654,train,0.0025313820224255323
$KAGGLE_ROOT/train/malignant/899.jpg,train,1,2073,HAM_0006196,1,0.0,0.27353501319885254,0.5742681939154863,train,0.11505723744630814,train,0.31423312425613403,train,0.98080974817276,test,0.27353501319885254,train,0.8869726657867432
$KAGGLE_ROOT/train/malignant/900.jpg,train,1,1435,HAM_0002770,1,2.0,0.05883556976914406,0.4554009847342968,train,0.9145851731300354,train,0.30515530705451965,train,0.49244624376296997,test,0.05883556976914406,train,0.10941721498966217
$KAGGLE_ROOT/train/malignant/901.jpg,train,1,1947,HAM_0005600,1,2.0,0.3195326030254364,0.925358459353447,train,0.9995006322860718,test,0.3195326030254364,train,0.9954332113265991,train,0.9994392991065979,train,0.707060694694519
$KAGGLE_ROOT/train/malignant/902.jpg,train,1,1983,HAM_0004642,1,0.0,0.9548559188842773,0.9906332492828369,train,0.9978410005569458,train,0.9993757605552673,train,0.9902471303939819,test,0.9548559188842773,train,0.9750691056251526
$KAGGLE_ROOT/train/malignant/903.jpg,train,1,1736,HAM_0004767,1,2.0,0.009653439745306969,0.31804806855507195,train,0.6308502554893494,test,0.009653439745306969,val,0.0004256201791577041,val,0.0007463535876013339,train,0.005245881620794535
$KAGGLE_ROOT/train/malignant/904.jpg,train,1,2206,HAM_0005735,1,0.0,0.001469321083277464,0.0007552568749815691,train,0.0006848223856650293,train,0.00012580917973536998,test,0.001469321083277464,train,0.0020332904532551765,train,0.0001771054812707007
$KAGGLE_ROOT/train/malignant/906.jpg,train,1,2268,HAM_0006899,1,2.0,0.0024132782127708197,0.21195699274539948,train,0.43657514452934265,train,0.08197245001792908,train,0.14367713034152985,test,0.0024132782127708197,train,0.18560324609279633
$KAGGLE_ROOT/train/malignant/907.jpg,train,1,2217,HAM_0004936,1,2.0,0.6817871332168579,0.32953794300556183,train,0.24437981843948364,test,0.6817871332168579,val,0.21318909525871277,val,0.8545340895652771,train,0.41469606757164
$KAGGLE_ROOT/train/malignant/908.jpg,train,1,1459,HAM_0004397,1,4.0,0.711308479309082,0.9760928004980087,test,0.711308479309082,train,0.995795726776123,train,0.9387369751930237,train,0.9870413541793823,train,0.9827971458435059
$KAGGLE_ROOT/train/malignant/909.jpg,train,1,1786,HAM_0001105,1,2.0,0.0008993376395665109,0.01758868192943434,val,0.0007635520305484533,train,0.0011433830950409174,train,0.01885955035686493,test,0.0008993376395665109,train,0.03276311233639717
$KAGGLE_ROOT/train/malignant/910.jpg,train,1,1307,HAM_0004579,1,0.0,0.49368369579315186,0.633914440870285,train,0.634034276008606,train,0.4099031090736389,test,0.49368369579315186,train,0.9785820841789246,train,0.5131382942199707
$KAGGLE_ROOT/train/malignant/911.jpg,train,1,2319,HAM_0001953,1,2.0,0.8638643026351929,,test,0.8638643026351929,val,0.5142809748649597,val,0.9316737651824951,val,0.5369288325309753,val,0.006113047711551189
$KAGGLE_ROOT/train/malignant/912.jpg,train,1,2301,HAM_0007031,1,2.0,0.0006353825447149575,0.23022910067811608,train,0.3210704028606415,train,0.2390945702791214,test,0.0006353825447149575,train,0.33372899889945984,train,0.027022430673241615
$KAGGLE_ROOT/train/malignant/913.jpg,train,1,2046,HAM_0000075,1,0.0,0.006171556655317545,0.020632817368095857,train,0.08205650746822357,train,5.5307937145698816e-05,train,0.00036325608380138874,test,0.006171556655317545,train,5.619798321276903e-05
$KAGGLE_ROOT/train/malignant/914.jpg,train,1,2210,HAM_0006171,1,2.0,0.046230606734752655,0.8488995631535848,val,0.6454720497131348,train,0.9413566589355469,train,0.609958827495575,train,0.9953832030296326,test,0.046230606734752655
$KAGGLE_ROOT/train/malignant/915.jpg,train,1,1320,HAM_0000531,1,2.0,0.0001435483864042908,0.019104726903606206,train,0.05055723339319229,train,0.015040813945233822,train,0.002916160272434354,test,0.0001435483864042908,train,0.007904700003564358
$KAGGLE_ROOT/train/malignant/916.jpg,train,1,1939,HAM_0006593,1,0.0,0.028792785480618477,0.3332818404887803,train,0.3571610748767853,train,0.003628355683758855,test,0.028792785480618477,train,0.774227499961853,train,0.198110431432724
$KAGGLE_ROOT/train/malignant/917.jpg,train,1,2311,HAM_0003102,1,0.0,0.001335421111434698,0.705061674118042,train,0.7324411273002625,train,0.9033041596412659,train,0.1874687671661377,train,0.997032642364502,test,0.001335421111434698
$KAGGLE_ROOT/train/malignant/918.jpg,train,1,2266,HAM_0003520,1,4.0,0.002493899315595627,0.8478935360908508,train,0.9277287721633911,train,0.9154972434043884,train,0.8409834504127502,train,0.7073646783828735,test,0.002493899315595627
$KAGGLE_ROOT/train/malignant/919.jpg,train,1,2165,HAM_0001976,1,0.0,0.991744339466095,0.9972883462905884,train,0.9994354844093323,test,0.991744339466095,train,0.9926160573959351,train,0.9998134970664978,val,0.9879586696624756
$KAGGLE_ROOT/train/malignant/920.jpg,train,1,1239,HAM_0006453,1,0.0,0.9467776417732239,0.8228328824043274,test,0.9467776417732239,train,0.6613947153091431,train,0.8767269849777222,train,0.9598316550254822,train,0.7933781743049622
$KAGGLE_ROOT/train/malignant/921.jpg,train,1,2051,HAM_0002752,1,2.0,0.5329992771148682,0.1003744617337361,train,0.22357062995433807,train,0.01607435755431652,test,0.5329992771148682,train,0.004865698982030153,train,0.15698716044425964
$KAGGLE_ROOT/train/malignant/922.jpg,train,1,1270,HAM_0000814,1,0.0,0.3077496290206909,0.7321785110980272,test,0.3077496290206909,train,0.8553867936134338,train,0.956210732460022,train,0.9983443021774292,train,0.11877221614122391
$KAGGLE_ROOT/train/malignant/923.jpg,train,1,2107,HAM_0003095,1,0.0,0.00014321834896691144,0.30477510392665863,train,0.03831471502780914,test,0.00014321834896691144,train,0.8019630312919617,val,0.0017927727894857526,train,0.07404756546020508
$KAGGLE_ROOT/train/malignant/924.jpg,train,1,2214,HAM_0003869,1,0.0,0.004832982085645199,0.38726716722339916,train,0.582220733165741,train,0.00011263046326348558,test,0.004832982085645199,train,0.9457918405532837,train,0.02094346471130848
$KAGGLE_ROOT/train/malignant/925.jpg,train,1,1379,HAM_0000417,1,2.0,4.333511242293753e-05,0.04522480783634819,test,4.333511242293753e-05,val,4.562951289699413e-05,train,0.020488936454057693,train,0.1149054616689682,train,0.00028002538601867855
$KAGGLE_ROOT/train/malignant/926.jpg,train,1,2260,HAM_0006223,1,0.0,0.00024854103685356677,0.004929295420879498,train,0.00980953499674797,train,0.004650002345442772,train,0.0015655019087716937,train,0.0036921424325555563,test,0.00024854103685356677
$KAGGLE_ROOT/train/malignant/928.jpg,train,1,2172,HAM_0002194,1,4.0,0.010287242941558361,0.023737618699669838,train,0.034829284995794296,train,0.01780250482261181,test,0.010287242941558361,train,0.016137292608618736,train,0.02618139237165451
$KAGGLE_ROOT/train/malignant/929.jpg,train,1,2196,HAM_0003172,1,2.0,0.16319914162158966,0.983386218547821,train,0.9785505533218384,val,0.20637920498847961,test,0.16319914162158966,train,0.9971906542778015,train,0.9744174480438232
$KAGGLE_ROOT/train/malignant/930.jpg,train,1,1468,HAM_0001456,1,0.0,0.0025732608046382666,0.3961632288992405,train,0.26217806339263916,train,0.96476149559021,train,0.2275003045797348,train,0.13021305203437805,test,0.0025732608046382666
$KAGGLE_ROOT/train/malignant/931.jpg,train,1,1370,HAM_0001600,1,2.0,9.132314880844206e-05,0.24521339917555451,train,0.006159401964396238,test,9.132314880844206e-05,train,0.02156262844800949,train,0.7079181671142578,val,0.005072975531220436
$KAGGLE_ROOT/train/malignant/932.jpg,train,1,1313,HAM_0006908,1,0.0,0.3260936439037323,0.3704555341973901,train,0.96413654088974,train,0.05896684154868126,train,0.44656237959861755,train,0.012156374752521515,test,0.3260936439037323
$KAGGLE_ROOT/train/malignant/933.jpg,train,1,1376,HAM_0002557,1,2.0,0.31524839997291565,0.657079021135966,val,0.8146411180496216,train,0.5917646288871765,train,0.7519963979721069,test,0.31524839997291565,train,0.6274760365486145
$KAGGLE_ROOT/train/malignant/935.jpg,train,1,1269,HAM_0005481,1,0.0,0.0011939257383346558,0.9657242298126221,train,0.9741210341453552,val,0.82471764087677,train,0.926876962184906,train,0.996174693107605,test,0.0011939257383346558
$KAGGLE_ROOT/train/malignant/936.jpg,train,1,1984,HAM_0004642,1,0.0,0.9506719708442688,0.9826387166976929,train,0.9746041297912598,train,0.9973388314247131,train,0.9625043869018555,test,0.9506719708442688,train,0.9961075186729431
$KAGGLE_ROOT/train/malignant/938.jpg,train,1,1508,HAM_0002824,1,0.0,0.8946840763092041,0.9457268714904785,test,0.8946840763092041,train,0.9478670358657837,train,0.9645048379898071,train,0.9989029169082642,train,0.8716326951980591
$KAGGLE_ROOT/train/malignant/939.jpg,train,1,1330,HAM_0003990,1,2.0,0.9960916638374329,0.9644935876131058,test,0.9960916638374329,train,0.9720907807350159,train,0.9169283509254456,train,0.974261999130249,train,0.9946932196617126
$KAGGLE_ROOT/train/malignant/941.jpg,train,1,2253,HAM_0005909,1,0.0,6.16440738667734e-05,0.013467348335931698,train,0.003031904110684991,test,6.16440738667734e-05,val,0.00042201095493510365,train,0.03556562215089798,train,0.0018045187462121248
$KAGGLE_ROOT/train/malignant/942.jpg,train,1,1908,HAM_0000337,1,0.0,0.9901166558265686,0.7329671932384372,train,0.9975433945655823,train,0.9792967438697815,train,0.034285884350538254,test,0.9901166558265686,train,0.9207427501678467
$KAGGLE_ROOT/train/malignant/943.jpg,train,1,1465,HAM_0005403,1,0.0,0.9989957213401794,0.9827147126197815,test,0.9989957213401794,train,0.9555577039718628,train,0.9968558549880981,val,0.9997616410255432,train,0.9957305788993835
$KAGGLE_ROOT/train/malignant/944.jpg,train,1,1956,HAM_0002196,1,2.0,0.0006787937600165606,0.2343821500738462,test,0.0006787937600165606,train,0.03377609699964523,train,0.13155055046081543,train,0.5378198027610779,val,0.0008730494300834835
$KAGGLE_ROOT/train/malignant/945.jpg,train,1,2055,HAM_0006696,1,0.0,0.001974265556782484,0.3095142273232341,test,0.001974265556782484,train,0.008928933180868626,train,0.41730132699012756,train,0.502312421798706,val,0.000351298920577392
$KAGGLE_ROOT/train/malignant/946.jpg,train,1,2197,HAM_0003172,1,2.0,0.039473824203014374,0.7811577916145325,train,0.9350718259811401,val,0.1737293004989624,test,0.039473824203014374,train,0.8046438097953796,train,0.6037577390670776
$KAGGLE_ROOT/train/malignant/950.jpg,train,1,2209,HAM_0006171,1,0.0,0.33474084734916687,0.9539920687675476,val,0.9649103283882141,train,0.8690432906150818,train,0.9934751391410828,train,0.9994577765464783,test,0.33474084734916687
$KAGGLE_ROOT/train/malignant/951.jpg,train,1,1260,HAM_0004607,1,0.0,0.9993836879730225,0.9687712788581848,test,0.9993836879730225,val,0.8781192898750305,train,0.9429498314857483,train,0.9945927262306213,val,0.8803974986076355
$KAGGLE_ROOT/train/malignant/952.jpg,train,1,1395,HAM_0003448,1,2.0,0.00017349550034850836,0.020889839332085103,train,0.009039570577442646,train,0.020964574068784714,train,0.04984475299715996,test,0.00017349550034850836,train,0.0037104596849530935
$KAGGLE_ROOT/train/malignant/954.jpg,train,1,1488,HAM_0001409,1,2.0,9.196468454319984e-05,0.8846608251333237,train,0.985007643699646,test,9.196468454319984e-05,train,0.9923017024993896,train,0.5995838046073914,train,0.9617501497268677
$KAGGLE_ROOT/train/malignant/955.jpg,train,1,2044,HAM_0002696,1,2.0,0.011990216560661793,0.5478697828948498,train,0.9097670316696167,train,0.23883964121341705,test,0.011990216560661793,train,0.9384512901306152,train,0.10442116856575012
$KAGGLE_ROOT/train/malignant/956.jpg,train,1,2149,HAM_0003445,1,2.0,0.8556056618690491,0.8623131513595581,train,0.9989259839057922,train,0.9610384702682495,test,0.8556056618690491,train,0.5125405788421631,train,0.9767475724220276
$KAGGLE_ROOT/train/malignant/957.jpg,train,1,1437,HAM_0005785,1,4.0,0.04931468144059181,0.5973857343196869,test,0.04931468144059181,val,0.0026199102867394686,train,0.5478286743164062,val,0.018807334825396538,train,0.6469427943229675
$KAGGLE_ROOT/train/malignant/958.jpg,train,1,2191,HAM_0002800,1,2.0,0.592710554599762,0.6373427112897238,train,0.8535929322242737,train,0.9020164608955383,test,0.592710554599762,val,0.017547931522130966,train,0.15641874074935913
$KAGGLE_ROOT/train/malignant/959.jpg,train,1,1393,HAM_0004676,1,2.0,0.00901969987899065,0.06629296640555064,train,0.03567136451601982,train,0.04707900062203407,val,0.0011793532175943255,train,0.11612853407859802,test,0.00901969987899065
$KAGGLE_ROOT/train/malignant/960.jpg,train,1,2290,HAM_0000534,1,4.0,0.013321248814463615,0.10858131188433617,val,0.001282484270632267,train,0.0033452955540269613,val,0.0014588992344215512,train,0.21381732821464539,test,0.013321248814463615
$KAGGLE_ROOT/train/malignant/961.jpg,train,1,2074,HAM_0002436,1,2.0,0.16534346342086792,0.7985375672578812,test,0.16534346342086792,train,0.7344080805778503,train,0.7889506816864014,train,0.9924922585487366,train,0.6782992482185364
$KAGGLE_ROOT/train/malignant/962.jpg,train,1,1936,HAM_0001428,1,2.0,0.01246032863855362,0.1482575901124316,test,0.01246032863855362,val,0.00014150307106319815,train,0.07609497010707855,train,0.3679678738117218,train,0.0007099264184944332
$KAGGLE_ROOT/train/malignant/963.jpg,train,1,1256,HAM_0004910,1,2.0,0.5391894578933716,0.2198887187987566,train,0.22943015396595,train,0.33173176646232605,test,0.5391894578933716,train,0.23122556507587433,train,0.08716738969087601
$KAGGLE_ROOT/train/malignant/964.jpg,train,1,1344,HAM_0004265,1,4.0,8.987778710434213e-05,0.006337506623822264,train,0.0069127557799220085,train,0.0008347123512066901,train,0.000563007895834744,train,0.017039550468325615,test,8.987778710434213e-05
$KAGGLE_ROOT/train/malignant/965.jpg,train,1,1386,HAM_0000233,1,2.0,0.0001522452657809481,0.283348812838085,train,0.7749642133712769,train,0.29142022132873535,train,0.0027313721366226673,test,0.0001522452657809481,train,0.06427944451570511
$KAGGLE_ROOT/train/malignant/966.jpg,train,1,1964,HAM_0001444,1,0.0,0.0016380917513743043,0.8621589342753092,val,0.006964148487895727,train,0.9360199570655823,train,0.7127273082733154,train,0.93772953748703,test,0.0016380917513743043
$KAGGLE_ROOT/train/malignant/967.jpg,train,1,1329,HAM_0003990,1,0.0,0.9463230967521667,0.9600593894720078,test,0.9463230967521667,train,0.9873349666595459,train,0.856712818145752,train,0.99964439868927,train,0.9965453743934631
$KAGGLE_ROOT/train/malignant/968.jpg,train,1,1353,HAM_0006522,1,0.0,0.005480051506310701,0.8990777532259623,train,0.9929485321044922,val,0.4804554581642151,train,0.731547474861145,train,0.9727372527122498,test,0.005480051506310701
$KAGGLE_ROOT/train/malignant/969.jpg,train,1,2297,HAM_0004428,1,0.0,0.5870850086212158,0.8555294275283813,train,0.9988038539886475,test,0.5870850086212158,val,0.8261691331863403,train,0.9996060729026794,train,0.5681783556938171
$KAGGLE_ROOT/train/malignant/970.jpg,train,1,1758,HAM_0007570,1,0.0,0.024424560368061066,0.6873761316140493,train,0.9661095142364502,train,0.8724517822265625,test,0.024424560368061066,val,0.25633731484413147,train,0.22356709837913513
$KAGGLE_ROOT/train/malignant/971.jpg,train,1,1967,HAM_0004850,1,2.0,7.048208499327302e-05,0.29928519995883107,test,7.048208499327302e-05,train,0.24358008801937103,train,0.012661133892834187,train,0.9315802454948425,train,0.009319332428276539
$KAGGLE_ROOT/train/malignant/972.jpg,train,1,1332,HAM_0005588,1,2.0,0.9998024106025696,0.9995357692241669,val,0.9999595880508423,test,0.9998024106025696,train,0.9991890788078308,train,0.9998824596405029,val,0.9280749559402466
$KAGGLE_ROOT/train/malignant/973.jpg,train,1,2270,HAM_0006965,1,4.0,0.000915497716050595,0.03250355715863407,train,0.06007080152630806,val,0.0017229050863534212,test,0.000915497716050595,train,0.0049363127909600735,val,0.0014237100258469582
$KAGGLE_ROOT/train/malignant/974.jpg,train,1,1397,HAM_0004153,1,0.0,0.35131433606147766,0.9947065263986588,train,0.9990752935409546,test,0.35131433606147766,train,0.9928494691848755,train,0.9900051951408386,train,0.9968961477279663
$KAGGLE_ROOT/train/malignant/975.jpg,train,1,1960,HAM_0002834,1,0.0,0.9750546813011169,0.9826823671658834,val,0.18749870359897614,train,0.9895540475845337,train,0.981023907661438,test,0.9750546813011169,train,0.9774691462516785
$KAGGLE_ROOT/train/malignant/976.jpg,train,1,2014,HAM_0000871,1,2.0,0.5376007556915283,0.5191160882823169,train,0.410685658454895,train,0.8181718587875366,train,0.8273987770080566,test,0.5376007556915283,train,0.02020805887877941
$KAGGLE_ROOT/train/malignant/977.jpg,train,1,2265,HAM_0003520,1,0.0,0.02924867905676365,0.8401215225458145,train,0.9616578817367554,train,0.9947682619094849,train,0.6434891223907471,train,0.7605708241462708,test,0.02924867905676365
$KAGGLE_ROOT/train/malignant/978.jpg,train,1,1221,HAM_0000876,1,0.0,0.9929934144020081,0.9994835257530212,train,0.9998975992202759,test,0.9929934144020081,train,0.9992699027061462,train,0.9995517134666443,train,0.9992148876190186
$KAGGLE_ROOT/train/malignant/979.jpg,train,1,1935,HAM_0001299,1,2.0,0.015620147809386253,0.03821926913224161,train,0.07495111227035522,train,0.0014874259941279888,val,0.04602369666099548,val,0.008356058970093727,test,0.015620147809386253
$KAGGLE_ROOT/train/malignant/980.jpg,train,1,2225,HAM_0004709,1,0.0,0.13320347666740417,0.889680286248525,train,0.9985131621360779,val,0.04260442033410072,train,0.7909536957740784,train,0.8795740008354187,test,0.13320347666740417
$KAGGLE_ROOT/train/malignant/981.jpg,train,1,2141,HAM_0006037,1,0.0,0.9996009469032288,0.9859049320220947,train,0.9982166886329651,train,0.9656577706336975,val,0.9127008318901062,test,0.9996009469032288,train,0.9938403367996216
$KAGGLE_ROOT/train/malignant/982.jpg,train,1,2163,HAM_0001976,1,0.0,0.7278875112533569,0.5774292393277088,train,0.0276647936552763,test,0.7278875112533569,train,0.8487852215766907,train,0.8558377027511597,val,0.9724907279014587
$KAGGLE_ROOT/train/malignant/983.jpg,train,1,1297,HAM_0004979,1,2.0,3.5841843782691285e-05,0.6131897992454469,train,0.025832345709204674,test,3.5841843782691285e-05,train,0.6032775640487671,train,0.9366779923439026,train,0.8869712948799133
$KAGGLE_ROOT/train/malignant/984.jpg,train,1,2101,HAM_0002906,1,2.0,0.012610644102096558,0.9169884026050568,train,0.9205247759819031,test,0.012610644102096558,val,0.09527572244405746,train,0.9134520292282104,val,0.03504958003759384
$KAGGLE_ROOT/train/malignant/986.jpg,train,1,2295,HAM_0001095,1,2.0,0.9985904097557068,0.7338370680809021,train,0.569101095199585,train,0.8093419075012207,train,0.9710240960121155,test,0.9985904097557068,train,0.5858811736106873
$KAGGLE_ROOT/train/malignant/987.jpg,train,1,2168,HAM_0001835,1,4.0,0.00027535445406101644,0.5217699538916349,val,0.027756908908486366,train,0.014489451423287392,train,0.627487301826477,train,0.9233331084251404,test,0.00027535445406101644
$KAGGLE_ROOT/train/malignant/988.jpg,train,1,1414,HAM_0002981,1,2.0,0.0760941356420517,0.40454473136924207,train,0.8620920181274414,train,0.6049326062202454,train,0.13618963956832886,test,0.0760941356420517,train,0.014964661560952663
$KAGGLE_ROOT/train/malignant/989.jpg,train,1,2188,HAM_0000619,1,4.0,0.0012296570930629969,0.48768603258455795,test,0.0012296570930629969,train,0.006904913578182459,val,0.022201208397746086,train,0.980038583278656,train,0.4761146008968353
$KAGGLE_ROOT/train/malignant/990.jpg,train,1,2129,HAM_0002869,1,2.0,0.3986439108848572,0.9909823536872864,train,0.9925442934036255,test,0.3986439108848572,train,0.9849268198013306,train,0.9954759478569031,val,0.011652516201138496
$KAGGLE_ROOT/train/malignant/991.jpg,train,1,1409,HAM_0004364,1,2.0,0.9025843143463135,0.8530414998531342,train,0.8662450313568115,train,0.9455938339233398,train,0.6236226558685303,test,0.9025843143463135,train,0.976704478263855
$KAGGLE_ROOT/train/malignant/993.jpg,train,1,2208,HAM_0006137,1,2.0,0.0017320465994998813,0.010962424570607254,train,0.040147025138139725,train,0.00022215036733541638,test,0.0017320465994998813,train,0.0022494723089039326,train,0.0012310504680499434
$KAGGLE_ROOT/train/malignant/996.jpg,train,1,1271,HAM_0001446,1,2.0,0.9993403553962708,0.938325896859169,test,0.9993403553962708,train,0.7598022818565369,train,0.9971768856048584,train,0.9990696310997009,train,0.9972547888755798
$KAGGLE_ROOT/train/malignant/997.jpg,train,1,1950,HAM_0002491,1,0.0,0.0533561035990715,0.3429371257079765,test,0.0533561035990715,train,0.0036843609996140003,train,0.7527657151222229,train,0.607210636138916,train,0.008087790571153164
$KAGGLE_ROOT/train/malignant/998.jpg,train,1,2134,HAM_0007242,1,2.0,0.001327314879745245,0.5411555767059326,train,0.5411555767059326,val,0.0008396487100981176,val,0.006216703914105892,test,0.001327314879745245,val,0.062285907566547394
$KAGGLE_ROOT/train/malignant/999.jpg,train,1,2097,HAM_0001397,1,4.0,0.006024101283401251,0.1000681696459651,train,0.00579985324293375,val,0.0002532705548219383,train,0.08492863178253174,test,0.006024101283401251,train,0.2094760239124298
$KAGGLE_ROOT/test/benign/1.jpg,test,0,8839,HAM_0006244,0,0.0,0.013628281652927399,0.002166042996880909,train,0.0011396793415769935,train,0.0037229869049042463,test,0.013628281652927399,train,0.0016354627441614866,val,0.01865020953118801
$KAGGLE_ROOT/test/benign/10.jpg,test,0,8262,HAM_0001715,0,2.0,3.823319639195688e-05,7.867466532237206e-05,train,3.905631456291303e-05,val,5.42918496648781e-05,train,7.37619266146794e-05,test,3.823319639195688e-05,train,0.00012320575478952378
$KAGGLE_ROOT/test/benign/1003.jpg,test,0,6462,HAM_0000864,0,2.0,2.849774136848282e-05,2.5291775576382253e-05,train,1.754140976117924e-05,test,2.849774136848282e-05,train,2.9061151508358307e-05,train,2.9272765459609218e-05,val,5.540041456697509e-05
$KAGGLE_ROOT/test/benign/1006.jpg,test,0,3709,HAM_0007173,0,6.0,8.45802205731161e-05,4.8115348363353405e-05,train,3.21846928272862e-05,train,4.776488640345633e-05,train,6.981009937589988e-05,test,8.45802205731161e-05,train,4.270171484677121e-05
$KAGGLE_ROOT/test/benign/1013.jpg,test,0,4600,HAM_0006989,0,2.0,3.277026189607568e-05,4.7992039374851934e-05,val,2.2169029762153514e-05,test,3.277026189607568e-05,train,2.1529824152821675e-05,train,2.1694253518944606e-05,train,0.00010075204045278952
$KAGGLE_ROOT/test/benign/1018.jpg,test,0,8972,HAM_0003125,0,6.0,0.00820507388561964,0.006454944646975491,train,0.01962960511445999,train,0.0015766683500260115,train,0.004262618254870176,train,0.00035088686854578555,test,0.00820507388561964
$KAGGLE_ROOT/test/benign/1019.jpg,test,0,8321,HAM_0001157,0,0.0,0.00014030114107299596,3.116846937700757e-05,train,1.9558536223485135e-05,train,2.861579559976235e-05,train,9.826017048908398e-06,train,6.667352863587439e-05,test,0.00014030114107299596
$KAGGLE_ROOT/test/benign/1023.jpg,test,0,4920,HAM_0004062,0,2.0,3.804537846008316e-05,4.7024720970512135e-05,train,4.970875306753442e-05,train,2.331279574718792e-05,train,2.538055196055211e-05,test,3.804537846008316e-05,train,8.969678310677409e-05
$KAGGLE_ROOT/test/benign/1025.jpg,test,0,8645,HAM_0002515,0,0.0,0.0068808672949671745,0.00022941802671994083,test,0.0068808672949671745,train,0.000138461880851537,train,0.00025283434661105275,train,0.00014025538985151798,train,0.0003861204895656556
$KAGGLE_ROOT/test/benign/1029.jpg,test,0,4467,HAM_0001695,0,0.0,6.037815546733327e-05,2.9786768209305592e-05,train,2.6742465706774965e-05,val,1.594467721588444e-05,val,1.8106198695022613e-05,train,3.283107071183622e-05,test,6.037815546733327e-05
$KAGGLE_ROOT/test/benign/1033.jpg,test,0,9274,HAM_0004604,0,0.0,0.0006711255991831422,0.00013179395136830863,test,0.0006711255991831422,train,3.26960944221355e-05,train,0.0002234436251455918,train,7.747329073026776e-05,train,0.00019356279517523944
$KAGGLE_ROOT/test/benign/1034.jpg,test,0,8439,HAM_0003662,0,0.0,0.00010127064160769805,8.802358024695423e-05,train,4.2065137677127495e-05,train,0.00016108635463751853,test,0.00010127064160769805,train,2.929622496594675e-05,train,0.00011964660370722413
$KAGGLE_ROOT/test/benign/1042.jpg,test,0,4055,HAM_0004242,0,4.0,2.1976678908686154e-05,4.9214922910323367e-05,train,2.3164006051956676e-05,test,2.1976678908686154e-05,val,2.3170765416580252e-05,train,1.7602373191039078e-05,train,0.00010687838948797435
$KAGGLE_ROOT/test/benign/1044.jpg,test,0,4119,HAM_0005305,0,0.0,2.3379834601655602e-05,4.1781220033954014e-05,test,2.3379834601655602e-05,train,1.746097950672265e-05,train,1.4681422726425808e-05,train,5.929188409936614e-05,train,7.569059380330145e-05
$KAGGLE_ROOT/test/benign/105.jpg,test,0,9665,HAM_0005091,0,2.0,0.0003814235096797347,0.0008287610762636177,train,0.0011176378466188908,test,0.0003814235096797347,train,0.0007674813969060779,train,0.0009564574575051665,train,0.00047346760402433574
$KAGGLE_ROOT/test/benign/1055.jpg,test,0,9225,HAM_0005914,0,2.0,0.0009542224579490721,0.00282864906572892,train,0.006475563161075115,train,0.0001946365664480254,train,0.00181574746966362,val,0.00037342467112466693,test,0.0009542224579490721
$KAGGLE_ROOT/test/benign/1061.jpg,test,0,7041,HAM_0004783,0,2.0,0.00017061375547200441,0.0004421536868903786,val,9.005743049783632e-05,train,5.8982783230021596e-05,train,0.00026518554659560323,train,0.001002292730845511,test,0.00017061375547200441
$KAGGLE_ROOT/test/benign/1070.jpg,test,0,6979,HAM_0006618,0,4.0,0.00020210786897223443,0.0014687716902699322,train,0.0003017899871338159,test,0.00020210786897223443,train,0.0025438088923692703,val,0.001599386683665216,train,0.0015607161913067102
$KAGGLE_ROOT/test/benign/1074.jpg,test,0,9098,HAM_0004991,0,0.0,0.00018975250713992864,0.00018535703081094349,val,0.0012815094087272882,test,0.00018975250713992864,train,0.0004044159431941807,train,4.549134609987959e-05,train,0.00010616380313877016
$KAGGLE_ROOT/test/benign/1077.jpg,test,0,3354,HAM_0004248,0,4.0,6.1417231336236e-05,4.686502506956458e-05,val,3.384066076250747e-05,train,3.879894211422652e-05,test,6.1417231336236e-05,val,6.726977153448388e-05,train,5.493110802490264e-05
$KAGGLE_ROOT/test/benign/1080.jpg,test,0,3560,HAM_0003536,0,4.0,2.7372945623937994e-05,7.759459670827103e-05,train,4.4000767957186326e-05,val,5.51455668755807e-05,train,9.756717918207869e-05,test,2.7372945623937994e-05,train,9.121584298554808e-05
$KAGGLE_ROOT/test/benign/1087.jpg,test,0,7775,HAM_0006191,0,2.0,7.120609370758757e-05,0.00012294613043195568,train,0.00021633418509736657,train,0.00016191715258173645,train,6.530831888085231e-05,train,4.822486516786739e-05,test,7.120609370758757e-05
$KAGGLE_ROOT/test/benign/1088.jpg,test,0,7037,HAM_0006856,0,2.0,0.0016633565537631512,0.08484827812844742,train,6.874497921671718e-05,train,3.666897464427166e-05,test,0.0016633565537631512,train,0.00026899605290964246,train,0.33901870250701904
$KAGGLE_ROOT/test/benign/1092.jpg,test,0,6057,HAM_0000820,0,4.0,8.072809578152373e-05,8.223922213801416e-05,train,3.462982931523584e-05,test,8.072809578152373e-05,train,6.11113355262205e-05,train,4.5525892346631736e-05,train,0.00018768983136396855
$KAGGLE_ROOT/test/benign/11.jpg,test,0,6928,HAM_0001849,0,4.0,0.00013356066483538598,7.755039526576486e-05,test,0.00013356066483538598,val,7.03141195117496e-05,train,0.00010602065594866872,train,8.211829845095053e-05,train,4.451223139767535e-05
$KAGGLE_ROOT/test/benign/1110.jpg,test,0,3583,HAM_0005621,0,0.0,1.5676672774134204e-05,3.242219190724427e-05,train,3.875759648508392e-05,train,4.592597178998403e-05,test,1.5676672774134204e-05,train,1.2583007446664851e-05,val,8.03046568762511e-05
$KAGGLE_ROOT/test/benign/1112.jpg,test,0,7710,HAM_0005651,0,0.0,9.801899432204664e-05,0.0001618072428755113,train,1.843362406361848e-05,train,0.00011366764374542981,train,0.0004626172303687781,train,5.2510473324218765e-05,test,9.801899432204664e-05
$KAGGLE_ROOT/test/benign/1115.jpg,test,0,9370,HAM_0006554,0,2.0,4.10560387535952e-05,0.00014301430201157928,test,4.10560387535952e-05,train,6.836038664914668e-05,train,0.0001250722270924598,train,0.00028428746736608446,train,9.433712693862617e-05
$KAGGLE_ROOT/test/benign/1118.jpg,test,0,3530,HAM_0002283,0,4.0,2.8850268790847622e-05,5.1761215217993595e-05,val,1.604821409273427e-05,train,3.7223428080324084e-05,test,2.8850268790847622e-05,train,2.0327386664575897e-05,train,9.77328309090808e-05
$KAGGLE_ROOT/test/benign/1125.jpg,test,0,5681,HAM_0003372,0,2.0,0.0009969238890334964,0.0007645611331099644,val,9.238377242581919e-05,test,0.0009969238890334964,train,0.00019271658675279468,train,0.0019780027214437723,train,0.0001229640911333263
$KAGGLE_ROOT/test/benign/1126.jpg,test,0,9224,HAM_0005914,0,0.0,0.00172484724316746,0.0007220271897191802,train,0.0011203928152099252,train,0.0004889027331955731,train,0.0005567860207520425,val,0.00024534211843274534,test,0.00172484724316746
$KAGGLE_ROOT/test/benign/1130.jpg,test,0,3135,HAM_0003004,0,2.0,3.965476935263723e-05,5.1092204557789955e-05,train,3.2861924410099164e-05,train,6.653899617958814e-05,train,5.1273931603645906e-05,test,3.965476935263723e-05,train,5.369396603782661e-05
$KAGGLE_ROOT/test/benign/1134.jpg,test,0,8180,HAM_0003639,0,0.0,0.0003282082616351545,0.00026989860543835675,train,2.781722832878586e-05,train,2.338868762308266e-05,train,0.0005853257025592029,train,0.0004430628032423556,test,0.0003282082616351545
$KAGGLE_ROOT/test/benign/1135.jpg,test,0,4873,HAM_0003567,0,4.0,2.884817513404414e-05,2.622606310372551e-05,train,2.3166103346738964e-05,train,3.437292980379425e-05,train,2.1139156160643324e-05,test,2.884817513404414e-05,val,3.8755530113121495e-05
$KAGGLE_ROOT/test/benign/1139.jpg,test,0,6654,HAM_0003269,0,4.0,1.531282759970054e-05,4.2746158214868046e-05,test,1.531282759970054e-05,train,3.6529887438518927e-05,train,3.3776144846342504e-05,train,3.850685970974155e-05,train,6.217174086486921e-05
$KAGGLE_ROOT/test/benign/1143.jpg,test,0,4079,HAM_0005281,0,2.0,0.00012935485574416816,4.9597886269718096e-05,train,1.2850015991716646e-05,val,1.7559668776812032e-05,train,8.680372411618009e-05,train,4.913991870125756e-05,test,0.00012935485574416816
$KAGGLE_ROOT/test/benign/1146.jpg,test,0,4396,HAM_0006058,0,6.0,9.961891919374466e-05,8.533236299020548e-05,train,3.228961577406153e-05,val,3.390849815332331e-05,train,0.00011091535998275504,train,0.0001127921132137999,test,9.961891919374466e-05
$KAGGLE_ROOT/test/benign/1151.jpg,test,0,6344,HAM_0000964,0,0.0,2.66002825810574e-05,1.8442665350448806e-05,test,2.66002825810574e-05,train,1.358878580504097e-05,train,2.7254973247181624e-05,train,1.4484236999123823e-05,val,2.967879845527932e-05
$KAGGLE_ROOT/test/benign/1155.jpg,test,0,3069,HAM_0001149,0,4.0,4.5961107389302924e-05,4.3387030927988235e-05,train,1.9356557459104806e-05,test,4.5961107389302924e-05,train,7.217376696644351e-05,train,3.527471562847495e-05,train,4.6743083657929674e-05
$KAGGLE_ROOT/test/benign/1166.jpg,test,0,8309,HAM_0007340,0,0.0,0.0002372219314565882,0.0018215911786683137,train,3.088461380684748e-05,test,0.0002372219314565882,train,0.0036687946412712336,train,0.002616326790302992,train,0.0009703586692921817
$KAGGLE_ROOT/test/benign/1170.jpg,test,0,6028,HAM_0001333,0,2.0,0.00014198532153386623,5.084877739136573e-05,train,3.891611413564533e-05,train,4.292705125408247e-05,train,9.580348705640063e-05,train,2.574845711933449e-05,test,0.00014198532153386623
$KAGGLE_ROOT/test/benign/1173.jpg,test,0,8760,HAM_0007116,0,0.0,0.00040613324381411076,0.0002377381024416536,train,0.00022020202595740557,train,0.00010816213034559041,train,0.00046703455154784024,train,0.00015555370191577822,test,0.00040613324381411076
$KAGGLE_ROOT/test/benign/1177.jpg,test,0,6364,HAM_0000786,0,4.0,1.624270953470841e-05,4.6528314972723216e-05,train,1.7695803762762807e-05,val,2.2903073841007426e-05,train,2.5405664928257465e-05,test,1.624270953470841e-05,train,9.648347622714937e-05
$KAGGLE_ROOT/test/benign/1180.jpg,test,0,8333,HAM_0004007,0,4.0,0.0003671251470223069,8.798534327070229e-05,train,5.875318674952723e-05,train,4.7631336201447994e-05,train,0.00020484492415562272,train,4.0711925976211205e-05,test,0.0003671251470223069
$KAGGLE_ROOT/test/benign/1183.jpg,test,0,8798,HAM_0002423,0,0.0,0.0001353891711914912,0.00016764144857006613,train,0.00019251143385190517,test,0.0001353891711914912,train,5.086668534204364e-05,train,4.9348796892445534e-05,train,0.0003778388781938702
$KAGGLE_ROOT/test/benign/119.jpg,test,0,8387,HAM_0002150,0,6.0,0.0004445292870514095,5.448963884191471e-05,train,2.91216292680474e-05,train,3.3374693884979934e-05,train,0.00011142897710669786,train,4.4033255107933655e-05,test,0.0004445292870514095
$KAGGLE_ROOT/test/benign/1191.jpg,test,0,8220,HAM_0002187,0,0.0,0.0001024035009322688,0.0008788935374468565,train,0.0004508041311055422,test,0.0001024035009322688,train,0.0007468833355233073,train,0.00022687588352710009,train,0.0020910107996314764
$KAGGLE_ROOT/test/benign/1200.jpg,test,0,5031,HAM_0004151,0,2.0,5.791438525193371e-05,0.00011131838618894108,train,4.113649993087165e-05,train,3.4548913390608504e-05,test,5.791438525193371e-05,train,0.00010928856499958783,train,0.0002602995664346963
$KAGGLE_ROOT/test/benign/1203.jpg,test,0,4972,HAM_0004040,0,0.0,4.506986078922637e-05,8.480648830300197e-05,val,3.1404873880092055e-05,train,4.110751615371555e-05,val,0.00010108808783115819,test,4.506986078922637e-05,train,0.0001285054604522884
$KAGGLE_ROOT/test/benign/1208.jpg,test,0,6683,HAM_0003246,0,2.0,0.00018529040971770883,0.0005428028416645247,test,0.00018529040971770883,train,0.0007129312725737691,train,0.00019870794494636357,train,0.00022902821365278214,train,0.0010305439354851842
$KAGGLE_ROOT/test/benign/1214.jpg,test,0,5614,HAM_0001185,0,0.0,2.527941069274675e-05,8.576160280426848e-05,train,3.869400461553596e-05,train,1.581757896929048e-05,test,2.527941069274675e-05,train,2.2156518753035925e-05,train,0.00026637830887921154
$KAGGLE_ROOT/test/benign/1215.jpg,test,0,6015,HAM_0000134,0,2.0,4.384269050206058e-05,6.207538899616338e-05,train,2.4399349058512598e-05,val,2.2466139853349887e-05,test,4.384269050206058e-05,val,6.0006259445799515e-05,train,9.975142893381417e-05
$KAGGLE_ROOT/test/benign/122.jpg,test,0,5880,HAM_0003228,0,0.0,2.8593591196113266e-05,8.15892393196312e-05,test,2.8593591196113266e-05,val,5.838200377183966e-05,train,7.043901860015467e-05,train,1.927315315697342e-05,train,0.00015505554620176554
$KAGGLE_ROOT/test/benign/1226.jpg,test,0,5436,HAM_0004808,0,2.0,5.7813180319499224e-05,4.881702140361691e-05,train,2.6665200493880548e-05,val,5.130743738845922e-05,test,5.7813180319499224e-05,train,1.9379867808311246e-05,train,0.00010040599590865895
$KAGGLE_ROOT/test/benign/1231.jpg,test,0,4133,HAM_0000911,0,4.0,0.001932233339175582,0.00012714227068499895,train,2.339770071557723e-05,train,0.0003521799808368087,train,6.991589179961011e-05,test,0.001932233339175582,train,6.307550938799977e-05
$KAGGLE_ROOT/test/benign/1242.jpg,test,0,6560,HAM_0005047,0,0.0,6.387438043020666e-05,3.866466007214816e-05,train,2.419186603219714e-05,val,3.479484439594671e-05,train,3.7102152418810874e-05,train,5.4699961765436456e-05,test,6.387438043020666e-05
$KAGGLE_ROOT/test/benign/1243.jpg,test,0,4442,HAM_0006337,0,6.0,7.371910032816231e-05,4.795469794771634e-05,val,2.4186721930163912e-05,test,7.371910032816231e-05,train,3.300844400655478e-05,val,3.4779553971020505e-05,train,6.29009518888779e-05
$KAGGLE_ROOT/test/benign/1244.jpg,test,0,8601,HAM_0003820,0,0.0,0.00031846645288169384,9.34961444727378e-05,test,0.00031846645288169384,train,0.00011393134627724066,train,0.00010776093404274434,train,6.580469198524952e-05,train,8.648760558571666e-05
$KAGGLE_ROOT/test/benign/1253.jpg,test,0,6514,HAM_0002081,0,2.0,1.841326229623519e-05,3.0333318136399612e-05,train,2.472210326232016e-05,train,3.5595705412561074e-05,val,2.0691742975031957e-05,test,1.841326229623519e-05,train,3.06821457343176e-05
$KAGGLE_ROOT/test/benign/1261.jpg,test,0,3575,HAM_0001632,0,0.0,4.379346501082182e-05,9.13087078515673e-05,train,1.9416607756284066e-05,train,1.6851861801114865e-05,test,4.379346501082182e-05,train,5.035932190367021e-05,train,0.0002786070399452001
$KAGGLE_ROOT/test/benign/1265.jpg,test,0,8592,HAM_0003355,0,2.0,5.5166659876704216e-05,0.000989772248431109,train,0.00010299490531906486,test,5.5166659876704216e-05,train,0.0014735331060364842,train,0.00027165014762431383,train,0.0021109108347445726
$KAGGLE_ROOT/test/benign/1266.jpg,test,0,9332,HAM_0004646,0,0.0,0.002019366482272744,0.0008444895356660709,val,0.0071869222447276115,val,0.00059643539134413,test,0.002019366482272744,train,0.00029626229661516845,train,0.0013927167747169733
$KAGGLE_ROOT/test/benign/1269.jpg,test,0,5122,HAM_0007319,0,2.0,2.4400373149546795e-05,6.332197608571732e-05,test,2.4400373149546795e-05,train,4.235067899571732e-05,train,0.00010359664156567305,train,6.603029032703489e-05,train,4.1310293454444036e-05
$KAGGLE_ROOT/test/benign/127.jpg,test,0,6110,HAM_0005105,0,2.0,1.667748438194394e-05,3.430087417655159e-05,test,1.667748438194394e-05,train,1.0716501492424868e-05,train,2.7170452085556462e-05,train,1.6116571714519523e-05,train,8.31999714137055e-05
$KAGGLE_ROOT/test/benign/1273.jpg,test,0,3904,HAM_0005908,0,2.0,2.7895252060261555e-05,3.069744161621202e-05,train,2.9543540222221054e-05,test,2.7895252060261555e-05,train,1.747993883327581e-05,train,1.798259290808346e-05,train,5.7783694501267746e-05
$KAGGLE_ROOT/test/benign/1276.jpg,test,0,3042,HAM_0004124,0,0.0,2.1866755560040474e-05,3.966472195315873e-05,train,5.2822309953626245e-05,train,1.6445379515062086e-05,train,7.199895480880514e-05,test,2.1866755560040474e-05,train,1.739224353514146e-05
$KAGGLE_ROOT/test/benign/1277.jpg,test,0,5456,HAM_0001426,0,0.0,6.553759158123285e-05,3.418191408854909e-05,train,1.9008570234291255e-05,val,4.3522100895643234e-05,train,4.585831266012974e-05,train,3.767885937122628e-05,test,6.553759158123285e-05
$KAGGLE_ROOT/test/benign/1278.jpg,test,0,6552,HAM_0007379,0,2.0,5.9617264923872426e-05,4.215857552480884e-05,train,3.3254731533816084e-05,train,6.171436689328402e-05,test,5.9617264923872426e-05,train,4.826397344004363e-05,train,2.540123023209162e-05
$KAGGLE_ROOT/test/benign/1288.jpg,test,0,8549,HAM_0002049,0,0.0,9.326876170234755e-05,0.00036985226809823263,train,8.58046259963885e-05,test,9.326876170234755e-05,val,0.00041283018072135746,train,0.0002023870765697211,train,0.0008213651017285883
$KAGGLE_ROOT/test/benign/1290.jpg,test,0,5479,HAM_0003292,0,4.0,1.3216545994509943e-05,2.6964787442314748e-05,test,1.3216545994509943e-05,train,2.0507297449512407e-05,val,1.0368790754000656e-05,train,1.5670782886445522e-05,train,4.471628199098632e-05
$KAGGLE_ROOT/test/benign/1297.jpg,test,0,8965,HAM_0000277,0,4.0,6.704511179123074e-05,0.00011154815183544997,train,0.00012732305913232267,train,0.00011528791947057471,test,6.704511179123074e-05,train,6.657454650849104e-05,train,0.00013700708223041147
$KAGGLE_ROOT/test/benign/1299.jpg,test,0,3318,HAM_0005454,0,2.0,0.00010459143959451467,7.144414121285081e-05,val,7.33692868379876e-05,test,0.00010459143959451467,val,1.984063237614464e-05,train,6.516436405945569e-05,train,7.772391836624593e-05
$KAGGLE_ROOT/test/benign/1310.jpg,test,0,6073,HAM_0006749,0,2.0,2.2242342311074026e-05,6.416280348275905e-05,test,2.2242342311074026e-05,train,9.215245518134907e-05,train,2.468702405167278e-05,train,2.6437770429765806e-05,train,0.00011337396426824853
$KAGGLE_ROOT/test/benign/1319.jpg,test,0,6689,HAM_0004886,0,4.0,4.093956886208616e-05,4.040153908135835e-05,val,6.151083653094247e-05,train,3.119655593764037e-05,test,4.093956886208616e-05,train,1.0002650014939718e-05,train,8.000541129149497e-05
$KAGGLE_ROOT/test/benign/1321.jpg,test,0,4021,HAM_0005633,0,8.0,2.130529537680559e-05,2.378033968852833e-05,val,2.4311411834787577e-05,test,2.130529537680559e-05,train,2.0107994714635424e-05,train,2.8224627385498025e-05,train,2.300839696545154e-05
$KAGGLE_ROOT/test/benign/1322.jpg,test,0,4001,HAM_0001923,0,2.0,2.8725353331537917e-05,0.00013647690320794936,train,5.2327366574900225e-05,train,4.789094964507967e-05,test,2.8725353331537917e-05,train,4.025736780022271e-05,train,0.00040543192881159484
$KAGGLE_ROOT/test/benign/1334.jpg,test,0,5175,HAM_0006477,0,4.0,7.530678703915328e-05,9.144451178144664e-05,test,7.530678703915328e-05,train,8.931585762184113e-05,val,5.8348829043097794e-05,train,9.357316594105214e-05,val,0.00019167056598234922
$KAGGLE_ROOT/test/benign/1342.jpg,test,0,9168,HAM_0004095,0,2.0,7.387962978100404e-05,6.956378638278693e-05,train,7.494128658436239e-05,train,8.896657527657226e-05,val,4.1481267544440925e-05,train,4.4783497287426144e-05,test,7.387962978100404e-05
$KAGGLE_ROOT/test/benign/1343.jpg,test,0,6074,HAM_0000306,0,2.0,3.196436955477111e-05,6.4178449974861e-05,val,2.2189758965396322e-05,train,4.390917456476018e-05,test,3.196436955477111e-05,val,5.965184391243383e-05,train,8.444772538496181e-05
$KAGGLE_ROOT/test/benign/1350.jpg,test,0,4835,HAM_0001977,0,2.0,2.9636797989951447e-05,3.051818839594489e-05,train,1.5995819921954535e-05,train,2.7160660465597175e-05,test,2.9636797989951447e-05,train,3.507579822326079e-05,train,4.384047497296706e-05
$KAGGLE_ROOT/test/benign/1354.jpg,test,0,4363,HAM_0000975,0,2.0,2.6151332349400036e-05,4.397063594296924e-05,train,3.656236731330864e-05,train,3.002445555466693e-05,train,1.808780143619515e-05,test,2.6151332349400036e-05,train,9.120791946770623e-05
$KAGGLE_ROOT/test/benign/1357.jpg,test,0,3568,HAM_0003632,0,2.0,4.3629101128317416e-05,1.841101463166221e-05,train,1.337109824817162e-05,val,3.213117815903388e-05,train,1.6286776371998712e-05,train,2.557516927481629e-05,test,4.3629101128317416e-05
$KAGGLE_ROOT/test/benign/1359.jpg,test,0,8187,HAM_0004719,0,2.0,0.00020700390450656414,0.0001958781019008408,train,9.629634587327018e-05,train,2.7673951990436763e-05,val,0.0007566941785626113,test,0.00020700390450656414,train,0.00046366400783881545
$KAGGLE_ROOT/test/benign/1362.jpg,test,0,5609,HAM_0001059,0,2.0,0.00016404649068135768,8.862280537869083e-05,train,3.482478859950788e-05,test,0.00016404649068135768,train,8.649997471366078e-05,train,7.55627261241898e-05,train,0.00015760373207740486
$KAGGLE_ROOT/test/benign/1365.jpg,test,0,5666,HAM_0006276,0,2.0,3.263594044256024e-05,6.638878949161153e-05,train,3.112891863565892e-05,train,4.050401184940711e-05,test,3.263594044256024e-05,train,0.00011526284652063623,train,7.865938096074387e-05
$KAGGLE_ROOT/test/benign/1367.jpg,test,0,4041,HAM_0000715,0,4.0,1.7332553397864103e-05,4.339438419265207e-05,train,2.408804175502155e-05,train,3.291197936050594e-05,test,1.7332553397864103e-05,train,7.318313146242872e-05,val,0.0002897729864344001
$KAGGLE_ROOT/test/benign/1373.jpg,test,0,6882,HAM_0007476,0,0.0,8.850110316416249e-05,0.0012649421187234111,train,0.001269137137569487,train,0.0002203152107540518,train,0.0004710140638053417,test,8.850110316416249e-05,train,0.003099302062764764
$KAGGLE_ROOT/test/benign/1376.jpg,test,0,3729,HAM_0003914,0,0.0,7.399886089842767e-05,7.720179200987332e-05,train,9.648320701671764e-05,val,3.8132006011437625e-05,test,7.399886089842767e-05,train,4.357729267212562e-05,train,9.154487634077668e-05
$KAGGLE_ROOT/test/benign/1377.jpg,test,0,3011,HAM_0001180,0,2.0,0.0002528579789213836,6.793433385610115e-05,train,3.0695548048242927e-05,train,6.28817651886493e-05,train,6.166424282127991e-05,train,0.00011649577936623245,test,0.0002528579789213836
$KAGGLE_ROOT/test/benign/1378.jpg,test,0,5169,HAM_0001955,0,0.0,3.388425466255285e-05,9.052602217707317e-05,test,3.388425466255285e-05,train,2.8541177016450092e-05,val,3.398849366931245e-05,val,7.033799920463935e-05,train,0.00015251086733769625
$KAGGLE_ROOT/test/benign/1381.jpg,test,0,4326,HAM_0001127,0,2.0,3.8577138184336945e-05,0.00011886105585290352,train,4.452908979146741e-05,train,4.545101910480298e-05,test,3.8577138184336945e-05,train,3.8175410736585036e-05,train,0.00034728870377875865
$KAGGLE_ROOT/test/benign/1393.jpg,test,0,9244,HAM_0001169,0,2.0,0.0002385646803304553,0.001805597810744075,train,0.0060966056771576405,train,0.0002784612588584423,train,0.00021832155471201986,test,0.0002385646803304553,train,0.0006290027522481978
$KAGGLE_ROOT/test/benign/140.jpg,test,0,6107,HAM_0007130,0,2.0,4.241700662532821e-05,3.773040953092277e-05,test,4.241700662532821e-05,train,1.917909503390547e-05,train,1.7613036106922664e-05,train,1.9851002434734255e-05,train,9.42785045481287e-05
$KAGGLE_ROOT/test/benign/1400.jpg,test,0,4852,HAM_0002141,0,4.0,2.7765467166318558e-05,4.6782405661360826e-05,train,2.608102477097418e-05,train,2.945393862319179e-05,test,2.7765467166318558e-05,train,2.882980516005773e-05,train,0.0001027648540912196
$KAGGLE_ROOT/test/benign/1401.jpg,test,0,8427,HAM_0000418,0,2.0,0.005896323826164007,0.0060752453027816955,test,0.005896323826164007,train,0.0002183336328016594,train,0.015463380143046379,train,0.0008537470712326467,train,0.007765520364046097
$KAGGLE_ROOT/test/benign/1409.jpg,test,0,7077,HAM_0000269,0,0.0,0.3547161817550659,0.0064236490052280715,train,6.382402352755889e-05,train,0.0006218733033165336,train,0.019762875512242317,test,0.3547161817550659,train,0.005246023181825876
$KAGGLE_ROOT/test/benign/1412.jpg,test,0,6992,HAM_0001767,0,2.0,0.0008463684935122728,0.0030715433931618463,test,0.0008463684935122728,train,0.004698825068771839,train,0.006560068111866713,train,0.00014620540605392307,train,0.0008810749859549105
$KAGGLE_ROOT/test/benign/1415.jpg,test,0,4422,HAM_0002635,0,0.0,3.947268851334229e-05,0.00013235161471432852,train,1.9414403141126968e-05,train,8.459941454930231e-05,test,3.947268851334229e-05,val,3.307795850560069e-05,train,0.00029304102645255625
$KAGGLE_ROOT/test/benign/144.jpg,test,0,5297,HAM_0000935,0,4.0,5.452752156998031e-05,0.000203584750124719,test,5.452752156998031e-05,val,7.186759467003867e-05,train,0.00013118582137394696,val,0.00013024042709730566,train,0.000275983678875491
$KAGGLE_ROOT/test/benign/1441.jpg,test,0,4668,HAM_0004059,0,4.0,2.580514228611719e-05,9.213547309627756e-05,train,7.3169321694877e-05,train,0.00010858178575290367,test,2.580514228611719e-05,val,4.1213810618501157e-05,train,9.465531184105203e-05
$KAGGLE_ROOT/test/benign/1443.jpg,test,0,9424,HAM_0001009,0,4.0,7.773956167511642e-05,4.482125586946495e-05,test,7.773956167511642e-05,val,6.025179027346894e-05,train,3.216180266463198e-05,train,2.45974661083892e-05,train,7.770449883537367e-05
$KAGGLE_ROOT/test/benign/1445.jpg,test,0,6264,HAM_0007506,0,0.0,4.614389399648644e-05,4.4064163982208505e-05,train,2.282849709445145e-05,train,2.595970727270469e-05,val,3.895569534506649e-05,test,4.614389399648644e-05,train,8.340428757946938e-05
$KAGGLE_ROOT/test/benign/1448.jpg,test,0,4539,HAM_0002122,0,6.0,0.00013012546696700156,5.134571983944625e-05,val,2.3224965843837708e-05,val,3.871534136123955e-05,train,5.512501229532063e-05,train,4.756642738357186e-05,test,0.00013012546696700156
$KAGGLE_ROOT/test/benign/1466.jpg,test,0,4966,HAM_0001445,0,0.0,5.991317448206246e-05,2.9259840327237423e-05,train,1.2986045476282015e-05,train,3.141883644275367e-05,train,4.337463906267658e-05,test,5.991317448206246e-05,val,5.93576260143891e-05
$KAGGLE_ROOT/test/benign/1468.jpg,test,0,3902,HAM_0006786,0,2.0,0.004363189917057753,0.001266003670025384,train,0.001529620960354805,train,0.0001521233789389953,train,0.0012672877637669444,test,0.004363189917057753,train,0.0021149825770407915
$KAGGLE_ROOT/test/benign/147.jpg,test,0,6857,HAM_0006359,0,6.0,0.00028736787498928607,9.775173930393066e-05,train,7.928888953756541e-05,train,4.751270535052754e-05,train,0.00021948285575490445,train,4.472250657272525e-05,test,0.00028736787498928607
$KAGGLE_ROOT/test/benign/1471.jpg,test,0,4197,HAM_0000829,0,2.0,2.6542255000094883e-05,0.00022523167839002176,train,4.5851578761357814e-05,test,2.6542255000094883e-05,train,2.061081977444701e-05,val,3.561876292224042e-05,train,0.0006092326366342604
$KAGGLE_ROOT/test/benign/1473.jpg,test,0,5545,HAM_0007175,0,0.0,0.00028612560709007084,7.235911834868602e-05,train,4.094530959264375e-05,train,3.803489016718231e-05,train,0.00010851574916159734,train,0.00010194052447332069,test,0.00028612560709007084
$KAGGLE_ROOT/test/benign/1479.jpg,test,0,8248,HAM_0004239,0,2.0,3.731950346264057e-05,0.00018550429103925126,test,3.731950346264057e-05,train,3.242211096221581e-05,train,4.432264177012257e-05,train,5.948200123384595e-05,train,0.0006057904101908207
$KAGGLE_ROOT/test/benign/1481.jpg,test,0,8619,HAM_0005429,0,0.0,0.8597160577774048,0.06288091745227575,train,0.005777531303465366,train,0.004067633301019669,test,0.8597160577774048,val,0.9987404942512512,train,0.17879758775234222
$KAGGLE_ROOT/test/benign/1483.jpg,test,0,8523,HAM_0001846,0,2.0,0.02437327429652214,0.001555516824737424,train,0.0005959009286016226,train,0.0001519178185844794,test,0.02437327429652214,train,0.00036942458245903254,train,0.005104823969304562
$KAGGLE_ROOT/test/benign/1485.jpg,test,0,8491,HAM_0006884,0,0.0,0.08916553854942322,0.002029406954534352,train,0.0006528221420012414,train,0.0010047054383903742,test,0.08916553854942322,train,0.005527600180357695,train,0.000932500057388097
$KAGGLE_ROOT/test/benign/1488.jpg,test,0,8872,HAM_0006323,0,0.0,0.004150254186242819,0.009696655441075563,train,0.0013855015859007835,train,0.0052181133069098,train,0.02722066268324852,train,0.004962344188243151,test,0.004150254186242819
$KAGGLE_ROOT/test/benign/1492.jpg,test,0,8975,HAM_0000073,0,0.0,0.0005111799109727144,0.008862655915436335,train,0.0005181701271794736,test,0.0005111799109727144,train,0.00047023684601299465,train,0.0004206070734653622,train,0.03404160961508751
$KAGGLE_ROOT/test/benign/1499.jpg,test,0,6419,HAM_0004421,0,4.0,3.5104174457956105e-05,5.0859454252834745e-05,train,6.662897794740275e-05,train,2.6108897145604715e-05,val,5.4927601013332605e-05,test,3.5104174457956105e-05,train,5.9840487665496767e-05
$KAGGLE_ROOT/test/benign/15.jpg,test,0,4241,HAM_0004938,0,4.0,2.229539313702844e-05,2.696585033845622e-05,val,1.4905665011610836e-05,test,2.229539313702844e-05,train,8.860168236424215e-06,train,1.9827901269309223e-05,train,5.2209481509635225e-05
$KAGGLE_ROOT/test/benign/1502.jpg,test,0,6556,HAM_0006627,0,4.0,3.314701825729571e-05,5.615660120383836e-05,val,3.194907185388729e-05,train,3.289506639703177e-05,test,3.314701825729571e-05,train,6.797127571189776e-05,train,6.760346150258556e-05
$KAGGLE_ROOT/test/benign/1514.jpg,test,0,6711,HAM_0000854,0,4.0,0.002095801057294011,0.0015632715221727267,train,0.000761027738917619,train,0.0010314127430319786,test,0.002095801057294011,train,0.001327241538092494,train,0.003133404068648815
$KAGGLE_ROOT/test/benign/1516.jpg,test,0,4009,HAM_0005223,0,2.0,1.9419645468587987e-05,5.0481022753956495e-05,test,1.9419645468587987e-05,train,2.4716140615055338e-05,train,2.2556110707228072e-05,train,3.7086414522491395e-05,train,0.00011756542517105117
$KAGGLE_ROOT/test/benign/1519.jpg,test,0,4460,HAM_0006388,0,4.0,5.282060010358691e-05,2.921917439380195e-05,train,1.5834844816708937e-05,train,3.886326521751471e-05,train,3.153425132040866e-05,train,3.0644336220575497e-05,test,5.282060010358691e-05
$KAGGLE_ROOT/test/benign/1521.jpg,test,0,8642,HAM_0007013,0,6.0,0.00010119129001395777,0.0002912844841678937,train,0.00019795852131210268,val,0.00010590616875560954,train,0.0001494130992796272,test,0.00010119129001395777,train,0.0005264818319119513
$KAGGLE_ROOT/test/benign/1530.jpg,test,0,5852,HAM_0001859,0,0.0,2.7889902412425727e-05,3.50489754055161e-05,train,1.4077530067879707e-05,train,3.5023254895349964e-05,test,2.7889902412425727e-05,train,3.135053702862933e-05,train,5.974457963020541e-05
$KAGGLE_ROOT/test/benign/1537.jpg,test,0,8503,HAM_0003585,0,0.0,3.2999159884639084e-05,6.77270090818638e-05,val,7.830762478988618e-05,test,3.2999159884639084e-05,val,4.647422247217037e-05,train,4.193348650005646e-05,train,9.352053166367114e-05
$KAGGLE_ROOT/test/benign/1538.jpg,test,0,5900,HAM_0007115,0,2.0,4.8707384848967195e-05,8.041403361858102e-05,test,4.8707384848967195e-05,train,4.7789810196263716e-05,train,5.827447967021726e-05,train,2.4574790586484596e-05,train,0.0001910170540213585
$KAGGLE_ROOT/test/benign/154.jpg,test,0,3184,HAM_0001117,0,2.0,5.584507744060829e-05,4.729617042661024e-05,train,1.821082696551457e-05,val,2.2413880287786014e-05,train,8.214884292101488e-05,train,4.1528841393301263e-05,test,5.584507744060829e-05
$KAGGLE_ROOT/test/benign/1545.jpg,test,0,3007,HAM_0003227,0,2.0,3.243893661419861e-05,2.752833946336371e-05,train,2.561400287959259e-05,train,1.7218973880517296e-05,val,1.630660699447617e-05,train,3.975204162998125e-05,test,3.243893661419861e-05
$KAGGLE_ROOT/test/benign/1559.jpg,test,0,3419,HAM_0002080,0,4.0,9.475881233811378e-05,2.344300810364075e-05,train,2.7164051061845385e-05,train,2.465968282194808e-05,train,2.0492732801358216e-05,train,2.145556572941132e-05,test,9.475881233811378e-05
$KAGGLE_ROOT/test/benign/1576.jpg,test,0,8459,HAM_0002675,0,4.0,0.000998790143057704,6.951132066509065e-05,train,4.8302830691682175e-05,train,7.531439769081771e-05,val,6.760842370567843e-05,train,8.491673361277208e-05,test,0.000998790143057704
$KAGGLE_ROOT/test/benign/1578.jpg,test,0,8629,HAM_0000225,0,0.0,0.9770092368125916,0.4298498354619369,train,0.3830372989177704,train,0.0008055634098127484,val,0.45308440923690796,test,0.9770092368125916,train,0.9057066440582275
$KAGGLE_ROOT/test/benign/1579.jpg,test,0,5750,HAM_0002674,0,2.0,4.32266024290584e-05,0.0001833060514400131,test,4.32266024290584e-05,train,5.1392442401265725e-05,train,7.71339691709727e-05,train,0.00032198341796174645,train,0.00028271437622606754
$KAGGLE_ROOT/test/benign/1592.jpg,test,0,8740,HAM_0000347,0,0.0,0.19959506392478943,0.04406368068885058,train,0.06395363062620163,train,0.002116071991622448,train,0.004181497264653444,train,0.1060035228729248,test,0.19959506392478943
$KAGGLE_ROOT/test/benign/16.jpg,test,0,3807,HAM_0006950,0,2.0,2.2446265575126745e-05,2.6962061080363735e-05,train,1.1451947102614213e-05,test,2.2446265575126745e-05,train,2.5435483621549793e-05,train,4.39987525169272e-05,val,5.3909407142782584e-05
$KAGGLE_ROOT/test/benign/1602.jpg,test,0,8669,HAM_0000366,0,2.0,0.000721074000466615,0.0004440295942913508,train,0.0010155868949368596,train,0.00010092493175761774,train,0.00047868199180811644,train,0.00018092455866280943,test,0.000721074000466615
$KAGGLE_ROOT/test/benign/1607.jpg,test,0,4069,HAM_0006369,0,4.0,0.00012565500219352543,5.469475831887394e-05,train,1.2112027434341144e-05,train,6.548543024109676e-05,train,6.087338988436386e-05,test,0.00012565500219352543,train,8.030818571569398e-05
$KAGGLE_ROOT/test/benign/161.jpg,test,0,9653,HAM_0001393,0,0.0,0.00019646399596240371,0.04433181614149362,train,0.0015566397923976183,train,0.0018569070380181074,test,0.00019646399596240371,train,0.17146502435207367,train,0.002448693383485079
$KAGGLE_ROOT/test/benign/1610.jpg,test,0,4903,HAM_0002880,0,2.0,1.6624939235043712e-05,5.289239106787136e-05,train,3.5984696296509355e-05,train,2.326742105651647e-05,test,1.6624939235043712e-05,train,2.787179619190283e-05,train,0.00012444565072655678
$KAGGLE_ROOT/test/benign/1611.jpg,test,0,5084,HAM_0005503,0,2.0,3.5899109207093716e-05,4.345103980085696e-05,test,3.5899109207093716e-05,train,2.5896702936734073e-05,train,3.4108081308659166e-05,train,5.59044856345281e-05,train,5.7894889323506504e-05
$KAGGLE_ROOT/test/benign/1628.jpg,test,0,4134,HAM_0002544,0,6.0,8.256373985204846e-05,2.3954174139362294e-05,train,1.3973161912872456e-05,train,3.393518636585213e-05,val,1.7720509276841767e-05,val,2.5508430553600192e-05,test,8.256373985204846e-05
$KAGGLE_ROOT/test/benign/1632.jpg,test,0,6666,HAM_0002802,0,0.0,1.9982800949946977e-05,4.612156832687712e-05,test,1.9982800949946977e-05,train,1.9991550288978033e-05,val,2.370259608142078e-05,train,4.9282160034636036e-05,train,6.909099465701729e-05
$KAGGLE_ROOT/test/benign/1634.jpg,test,0,6787,HAM_0003692,0,0.0,0.0018128554802387953,0.006380837953959902,val,0.09162936359643936,train,0.001573606627061963,test,0.0018128554802387953,train,0.011474069207906723,train,0.00609483802691102
$KAGGLE_ROOT/test/benign/1637.jpg,test,0,4448,HAM_0003338,0,6.0,3.1818297429708764e-05,5.8505251824196115e-05,train,2.9805016311001964e-05,train,5.596364280791022e-05,train,8.974709635367617e-05,test,3.1818297429708764e-05,val,6.553634739248082e-05
$KAGGLE_ROOT/test/benign/1642.jpg,test,0,7108,HAM_0006155,0,2.0,0.0004156314244028181,0.0003175161691615358,train,0.0004921720246784389,val,0.000260195869486779,test,0.0004156314244028181,train,0.0001428603136446327,val,0.0005851893220096827
$KAGGLE_ROOT/test/benign/1646.jpg,test,0,8779,HAM_0005750,0,4.0,6.10563438385725e-05,0.00016433369728474645,train,5.5085754866013303e-05,train,0.00010583409311948344,test,6.10563438385725e-05,train,7.938391354400665e-05,train,0.0004170310276094824
$KAGGLE_ROOT/test/benign/1648.jpg,test,0,6777,HAM_0002120,0,2.0,0.00023199587303679436,0.10414384678006172,train,0.017178745940327644,train,0.025193950161337852,train,0.2939665913581848,test,0.00023199587303679436,train,0.08023609966039658
$KAGGLE_ROOT/test/benign/1655.jpg,test,0,4093,HAM_0006260,0,2.0,3.560565528459847e-05,2.5227140213246457e-05,val,1.6395926650147885e-05,train,2.6165576855419204e-05,test,3.560565528459847e-05,train,2.428870357107371e-05,val,0.0001184375723823905
$KAGGLE_ROOT/test/benign/1657.jpg,test,0,6467,HAM_0002395,0,0.0,4.461235585040413e-05,4.311591828809469e-05,train,3.187742913723923e-05,train,2.6615658498485573e-05,train,4.545695992419496e-05,test,4.461235585040413e-05,train,6.851362559245899e-05
$KAGGLE_ROOT/test/benign/1672.jpg,test,0,4834,HAM_0002479,0,0.0,3.2530322641832754e-05,4.947746371423515e-05,test,3.2530322641832754e-05,train,3.1325940653914586e-05,train,5.6881544878706336e-05,train,6.0224905610084534e-05,val,0.00014673879195470363
$KAGGLE_ROOT/test/benign/1682.jpg,test,0,6508,HAM_0005468,0,0.0,3.385040690773167e-05,2.1982575844958774e-05,train,1.3888150533603039e-05,train,3.0566407076548785e-05,train,1.7736740119289607e-05,train,2.5739005650393665e-05,test,3.385040690773167e-05
$KAGGLE_ROOT/test/benign/1687.jpg,test,0,9206,HAM_0005250,0,2.0,0.042191971093416214,0.0012175938645668793,test,0.042191971093416214,train,0.00010694873344618827,train,0.0018039955757558346,train,0.0008039637468755245,train,0.00215546740218997
$KAGGLE_ROOT/test/benign/1696.jpg,test,0,6485,HAM_0005851,0,2.0,4.646863817470148e-05,5.779941602668259e-05,train,1.9439896277617663e-05,test,4.646863817470148e-05,train,3.7189791328273714e-05,train,4.758525756187737e-05,train,0.00012698271893896163
$KAGGLE_ROOT/test/benign/1701.jpg,test,0,9105,HAM_0005318,0,0.0,0.050348129123449326,0.016001078358385712,train,0.0009347714949399233,test,0.050348129123449326,train,0.061950694769620895,train,0.0003061348106712103,train,0.0008127123583108187
$KAGGLE_ROOT/test/benign/1704.jpg,test,0,3279,HAM_0006537,0,0.0,0.00027859138208441436,0.00014340886749171963,train,3.8126989238662645e-05,val,4.298768180888146e-05,train,0.00033767183776944876,train,5.442777546704747e-05,test,0.00027859138208441436
$KAGGLE_ROOT/test/benign/1710.jpg,test,0,6915,HAM_0003475,0,0.0,0.0079460758715868,0.009190272307023406,val,0.187168687582016,train,0.0008168960921466351,test,0.0079460758715868,train,0.017563648521900177,val,0.002312537282705307
$KAGGLE_ROOT/test/benign/1711.jpg,test,0,7095,HAM_0005159,0,2.0,0.26757946610450745,0.245590188074857,test,0.26757946610450745,train,0.001739197876304388,train,0.34275904297828674,train,0.39227232336997986,val,0.9000320434570312
$KAGGLE_ROOT/test/benign/1714.jpg,test,0,6176,HAM_0000325,0,4.0,3.183535227435641e-05,3.99298163150282e-05,train,1.6977390259853564e-05,test,3.183535227435641e-05,val,2.4175422367989086e-05,train,7.605183782288805e-05,train,2.6760220862342976e-05
$KAGGLE_ROOT/test/benign/1719.jpg,test,0,5487,HAM_0006865,0,4.0,2.110902096319478e-05,9.881022136445002e-05,test,2.110902096319478e-05,train,2.289595613547135e-05,train,7.905544771347195e-05,train,0.00019447926024440676,val,0.00022283621365204453
$KAGGLE_ROOT/test/benign/1721.jpg,test,0,6717,HAM_0000892,0,4.0,0.0018621074268594384,0.0006486457859864458,test,0.0018621074268594384,train,0.00020587348262779415,train,0.0004546948184724897,train,0.0013248936738818884,train,0.0006091211689636111
$KAGGLE_ROOT/test/benign/1731.jpg,test,0,9155,HAM_0006910,0,2.0,0.004298747051507235,0.0001660243772979205,train,9.96339222183451e-05,train,0.00013489151024259627,val,0.001494983909651637,train,0.0002635476994328201,test,0.004298747051507235
$KAGGLE_ROOT/test/benign/1737.jpg,test,0,4863,HAM_0000008,0,2.0,0.0003848238557111472,5.6263052101712674e-05,train,4.070008799317293e-05,train,0.00013695941015612334,train,1.8403306967229582e-05,train,2.8989403290324844e-05,test,0.0003848238557111472
$KAGGLE_ROOT/test/benign/1745.jpg,test,0,9253,HAM_0001329,0,2.0,0.010013972409069538,0.00042170221665098023,val,0.0015992755070328712,train,0.00013701558054890484,test,0.010013972409069538,train,0.0007867770036682487,train,0.00034131406573578715
$KAGGLE_ROOT/test/benign/1747.jpg,test,0,4909,HAM_0007440,0,2.0,2.1089159417897463e-05,4.838075574298273e-05,test,2.1089159417897463e-05,train,3.398298576939851e-05,train,2.0307061276980676e-05,train,3.833586015389301e-05,train,0.00010089711577165872
$KAGGLE_ROOT/test/benign/1748.jpg,test,0,3673,HAM_0006382,0,0.0,2.2562135200132616e-05,7.053697390801972e-05,train,6.640367064392194e-05,test,2.2562135200132616e-05,train,5.569743370870128e-05,train,4.951595838065259e-05,train,0.00011053083289880306
$KAGGLE_ROOT/test/benign/1756.jpg,test,0,5714,HAM_0001352,0,4.0,0.00010788102372316644,4.121525216760347e-05,train,3.76960015273653e-05,train,3.903523975168355e-05,test,0.00010788102372316644,train,4.640362749341875e-05,train,4.172613989794627e-05
$KAGGLE_ROOT/test/benign/1757.jpg,test,0,8649,HAM_0004324,0,0.0,0.001470221090130508,0.0001900744367352066,train,7.242915307870135e-05,train,0.00032099036616273224,train,0.0001768037909641862,test,0.001470221090130508,val,0.00046355879749171436
$KAGGLE_ROOT/test/benign/1758.jpg,test,0,5450,HAM_0006022,0,4.0,7.700204878346995e-05,4.716115745395655e-05,train,2.5310118871857412e-05,train,7.481254579033703e-05,train,7.207816815935075e-05,train,1.6443796994281e-05,test,7.700204878346995e-05
$KAGGLE_ROOT/test/benign/1764.jpg,test,0,6353,HAM_0003285,0,2.0,5.6449032854288816e-05,0.0002909238828578964,test,5.6449032854288816e-05,train,7.454457227140665e-05,train,0.0003565285005606711,train,6.15806202404201e-05,train,0.0006710418383590877
$KAGGLE_ROOT/test/benign/1768.jpg,test,0,6340,HAM_0001222,0,0.0,2.576267797849141e-05,5.790113937109709e-05,test,2.576267797849141e-05,train,5.32775156898424e-05,train,1.6497673641424626e-05,train,2.2554326278623194e-05,train,0.00013927504187449813
$KAGGLE_ROOT/test/benign/1773.jpg,test,0,5552,HAM_0000870,0,0.0,5.2341038099257275e-05,2.615201750207537e-05,val,1.7585109162610024e-05,train,2.0997769752284512e-05,train,2.5946095774997957e-05,train,3.1512186978943646e-05,test,5.2341038099257275e-05
$KAGGLE_ROOT/test/benign/1797.jpg,test,0,5398,HAM_0005418,0,2.0,0.00015971122775226831,8.787591771882337e-05,val,3.913684849976562e-05,train,6.0189366195118055e-05,test,0.00015971122775226831,train,6.138116441434249e-05,train,0.0001420572225470096
$KAGGLE_ROOT/test/benign/1798.jpg,test,0,8701,HAM_0007066,0,2.0,0.00043874411494471133,0.0004491288264034665,train,0.00011062964040320367,test,0.00043874411494471133,train,0.00025276734959334135,train,3.4954817238030955e-05,train,0.00139816349837929
$KAGGLE_ROOT/test/benign/18.jpg,test,0,3433,HAM_0005797,0,2.0,1.6133810277096927e-05,4.039145778733655e-05,train,2.396767376922071e-05,test,1.6133810277096927e-05,train,6.116584700066596e-05,train,1.8402939531370066e-05,train,5.8029370848089457e-05
$KAGGLE_ROOT/test/benign/1800.jpg,test,0,2998,HAM_0000727,0,0.0,0.00012354209320619702,0.00011315521805954631,train,5.2866304031340405e-05,train,4.369843372842297e-05,train,0.00030339110526256263,train,5.266502921585925e-05,test,0.00012354209320619702
$KAGGLE_ROOT/test/benign/185.jpg,test,0,3722,HAM_0005323,0,2.0,0.00013070485147181898,2.7142453594327282e-05,train,2.1680416466551833e-05,train,2.756793037406169e-05,val,5.922068521613255e-05,train,3.217901394236833e-05,test,0.00013070485147181898
$KAGGLE_ROOT/test/benign/186.jpg,test,0,4128,HAM_0002457,0,2.0,4.400252873892896e-05,3.472124990366865e-05,train,1.6225849321926944e-05,train,3.302569894003682e-05,test,4.400252873892896e-05,val,2.475048131600488e-05,train,5.4912201449042186e-05
$KAGGLE_ROOT/test/benign/2.jpg,test,0,6743,HAM_0000960,0,0.0,4.020128108095378e-05,0.0030559832230210304,val,0.00042048341128975153,test,4.020128108095378e-05,train,0.005775890778750181,val,0.0006073530530557036,train,0.00033607566729187965
$KAGGLE_ROOT/test/benign/205.jpg,test,0,5352,HAM_0004794,0,2.0,1.4892792023601942e-05,5.174928628548514e-05,test,1.4892792023601942e-05,train,7.029836706351489e-05,train,4.6417924750130624e-05,train,2.488360769348219e-05,train,6.539724563481286e-05
$KAGGLE_ROOT/test/benign/211.jpg,test,0,5357,HAM_0006565,0,4.0,3.5264391044620425e-05,5.8965568541680113e-05,train,1.2078598047082778e-05,train,2.8871430913568474e-05,train,0.00010550077422522008,test,3.5264391044620425e-05,train,8.941147098084912e-05
$KAGGLE_ROOT/test/benign/215.jpg,test,0,6486,HAM_0003478,0,0.0,5.015553688281216e-05,0.00013761979062110186,test,5.015553688281216e-05,train,6.55686017125845e-05,train,5.499893450178206e-05,val,5.047249578638002e-05,train,0.000292291835648939
$KAGGLE_ROOT/test/benign/216.jpg,test,0,6403,HAM_0003554,0,2.0,2.470864637871273e-05,5.943875294178724e-05,train,3.6363468097988516e-05,train,6.056627171346918e-05,test,2.470864637871273e-05,train,3.695877967402339e-05,train,0.00010386649228166789
$KAGGLE_ROOT/test/benign/224.jpg,test,0,8728,HAM_0006464,0,2.0,0.005587227176874876,0.002810849120578496,train,0.00022443434863816947,train,0.0010613761842250824,test,0.005587227176874876,train,0.004794304724782705,train,0.005163281224668026
$KAGGLE_ROOT/test/benign/226.jpg,test,0,4940,HAM_0003880,0,2.0,1.6515981769771315e-05,0.00011465910514137552,val,1.7084503269870766e-05,train,1.0750014553195797e-05,train,4.8334764869650826e-05,test,1.6515981769771315e-05,train,0.00028489253600127995
$KAGGLE_ROOT/test/benign/237.jpg,test,0,9238,HAM_0001498,0,8.0,4.455873931874521e-05,0.0008451723251710064,train,0.00014477634977083653,test,4.455873931874521e-05,train,0.001225255778990686,train,4.833559432881884e-05,train,0.001962321577593684
$KAGGLE_ROOT/test/benign/245.jpg,test,0,9091,HAM_0000798,0,2.0,0.008018738590180874,0.004925021072267555,train,0.005836572963744402,train,0.006525604985654354,test,0.008018738590180874,train,0.0004338458529673517,train,0.006904060486704111
$KAGGLE_ROOT/test/benign/250.jpg,test,0,4843,HAM_0006952,0,2.0,3.3822750992840156e-05,5.129635610501282e-05,train,1.8412629287922755e-05,train,3.998212923761457e-05,train,1.9282069843029603e-05,test,3.3822750992840156e-05,train,0.00012750859605148435
$KAGGLE_ROOT/test/benign/251.jpg,test,0,6466,HAM_0000558,0,2.0,0.00013494772429112345,3.0501330305317726e-05,train,3.173695949953981e-05,train,2.1265752366161905e-05,train,3.850127905025147e-05,val,3.3258507755817845e-05,test,0.00013494772429112345
$KAGGLE_ROOT/test/benign/253.jpg,test,0,9232,HAM_0006358,0,2.0,4.964848994859494e-05,0.0003249032888561487,test,4.964848994859494e-05,train,0.0001431462587788701,val,0.000302987260511145,val,0.00014530854241456836,train,0.0005066603189334273
$KAGGLE_ROOT/test/benign/256.jpg,test,0,3590,HAM_0001123,0,4.0,0.00023904305999167264,7.125107731553726e-05,val,5.041179247200489e-05,train,4.260194327798672e-05,train,0.0001154861893155612,train,5.566509935306385e-05,test,0.00023904305999167264
$KAGGLE_ROOT/test/benign/259.jpg,test,0,3918,HAM_0005169,0,2.0,9.745075658429414e-05,5.2688222543414064e-05,val,3.2233834645012394e-05,train,5.25829782418441e-05,train,5.734536534873769e-05,train,4.8136324039660394e-05,test,9.745075658429414e-05
$KAGGLE_ROOT/test/benign/267.jpg,test,0,4404,HAM_0001071,0,2.0,0.00012522378528956324,7.896272336438415e-05,train,1.5942730897222646e-05,train,6.096906872699037e-05,test,0.00012522378528956324,train,0.00010957250924548134,train,0.00012936658458784223
$KAGGLE_ROOT/test/benign/268.jpg,test,0,6990,HAM_0007579,0,0.0,0.0032192051876336336,0.01197206974029541,val,0.0038693284150213003,val,0.0075373039580881596,test,0.0032192051876336336,val,0.001778433914296329,train,0.01197206974029541
$KAGGLE_ROOT/test/benign/273.jpg,test,0,9070,HAM_0006458,0,0.0,0.0011973298387601972,0.0007852621347410604,test,0.0011973298387601972,val,0.002574780024588108,train,0.00048101585707627237,train,0.0010895084124058485,val,0.003851543413475156
$KAGGLE_ROOT/test/benign/284.jpg,test,0,4020,HAM_0004552,0,2.0,0.0001937047636602074,5.1233072251003854e-05,train,6.39954669168219e-05,train,2.458883318467997e-05,val,0.00010599275265121832,train,6.51149166515097e-05,test,0.0001937047636602074
$KAGGLE_ROOT/test/benign/287.jpg,test,0,3640,HAM_0005242,0,4.0,4.401776095619425e-05,5.701389272871893e-05,train,1.7356553144054487e-05,train,2.3415221221512184e-05,test,4.401776095619425e-05,train,5.981994763715193e-05,train,0.00012746384891215712
$KAGGLE_ROOT/test/benign/289.jpg,test,0,3704,HAM_0001959,0,4.0,2.422659053991083e-05,0.00012990661525691394,test,2.422659053991083e-05,train,3.980909605161287e-05,val,3.702411049744114e-05,val,1.2106829672120512e-05,train,0.000220004134462215
$KAGGLE_ROOT/test/benign/291.jpg,test,0,4951,HAM_0003922,0,2.0,0.0004232927458360791,0.0005708613352908287,train,0.00010742493032012135,train,0.0008110865601338446,train,0.0005816917982883751,train,0.0007832420524209738,test,0.0004232927458360791
$KAGGLE_ROOT/test/benign/300.jpg,test,0,3748,HAM_0003595,0,0.0,6.29426576779224e-05,0.00013012871204409748,val,4.6497316361637786e-05,train,7.452303543686867e-05,val,0.0005568593041971326,train,0.0001857343886513263,test,6.29426576779224e-05
$KAGGLE_ROOT/test/benign/303.jpg,test,0,4127,HAM_0005890,0,2.0,9.936976857716218e-05,3.335929795866832e-05,train,1.8342630937695503e-05,train,3.98032134398818e-05,val,4.886500391876325e-05,train,4.193204949842766e-05,test,9.936976857716218e-05
$KAGGLE_ROOT/test/benign/304.jpg,test,0,7251,HAM_0002796,0,2.0,0.00032831935095600784,0.00017177979316329584,train,0.0001286914775846526,train,0.00010960312647512183,val,0.0009323148988187313,test,0.00032831935095600784,train,0.0002770447754301131
$KAGGLE_ROOT/test/benign/31.jpg,test,0,8463,HAM_0001555,0,2.0,2.8703283533104695e-05,0.0002736937894951552,test,2.8703283533104695e-05,val,6.094447962823324e-05,train,0.0002552477235440165,train,3.9388949517160654e-05,train,0.0005264446954242885
$KAGGLE_ROOT/test/benign/311.jpg,test,0,6821,HAM_0002314,0,0.0,4.251448262948543e-05,3.6743401627366744e-05,train,2.8052458219463006e-05,test,4.251448262948543e-05,val,8.80126390256919e-05,train,4.656054443330504e-05,train,3.561720222933218e-05
$KAGGLE_ROOT/test/benign/313.jpg,test,0,5490,HAM_0001856,0,4.0,0.0001212234710692428,4.837032277767624e-05,val,1.8594842913444154e-05,train,5.4729909606976435e-05,test,0.0001212234710692428,train,1.3662801393365953e-05,train,7.671825733268633e-05
$KAGGLE_ROOT/test/benign/317.jpg,test,0,6612,HAM_0003378,0,2.0,1.39308112920844e-05,4.437578445504187e-05,test,1.39308112920844e-05,train,1.8204056686954573e-05,train,5.2151164709357545e-05,train,5.417341526481323e-05,train,5.297450115904212e-05
$KAGGLE_ROOT/test/benign/322.jpg,test,0,6788,HAM_0003692,0,2.0,0.775650143623352,0.09128878950529422,val,0.6586894989013672,train,0.0008470845059491694,test,0.775650143623352,train,0.19751225411891937,train,0.0755070298910141
$KAGGLE_ROOT/test/benign/323.jpg,test,0,5676,HAM_0005120,0,0.0,3.408031625440344e-05,3.682822049692428e-05,train,2.223716910521034e-05,val,3.559947799658403e-05,test,3.408031625440344e-05,train,4.107299173483625e-05,train,4.717450065072626e-05
$KAGGLE_ROOT/test/benign/330.jpg,test,0,5262,HAM_0003769,0,2.0,4.722298035630956e-05,7.682024897803785e-05,train,4.25302168878261e-05,train,6.091078103054315e-05,train,9.426006727153435e-05,test,4.722298035630956e-05,train,0.00010957993072224781
$KAGGLE_ROOT/test/benign/332.jpg,test,0,4195,HAM_0005445,0,2.0,5.3694075177190825e-05,7.009356932030641e-05,train,2.7255260647507384e-05,train,0.00014393408491741866,train,0.00010235790978185833,train,6.827021934441291e-06,test,5.3694075177190825e-05
$KAGGLE_ROOT/test/benign/335.jpg,test,0,8327,HAM_0002645,0,0.0,7.179211388574913e-05,0.0011532589560374618,train,0.0002552981022745371,test,7.179211388574913e-05,val,0.10141792893409729,val,0.011355229653418064,train,0.0020512198098003864
$KAGGLE_ROOT/test/benign/344.jpg,test,0,9327,HAM_0005720,0,4.0,0.00012467571650631726,0.00017343887884635478,train,0.00020442444656509906,train,0.00017342618957627565,test,0.00012467571650631726,train,5.219833110459149e-05,train,0.00026370654813945293
$KAGGLE_ROOT/test/benign/348.jpg,test,0,6732,HAM_0004997,0,0.0,0.00373212993144989,0.02067666727816686,train,0.0616488978266716,train,8.524564327672124e-05,test,0.00373212993144989,val,8.798813360044733e-05,train,0.00029585836455225945
$KAGGLE_ROOT/test/benign/354.jpg,test,0,6199,HAM_0000644,0,4.0,0.00017438562645111233,3.645753304226673e-05,train,5.358981798053719e-05,train,2.8317694159341045e-05,train,3.307603401481174e-05,train,3.084658601437695e-05,test,0.00017438562645111233
$KAGGLE_ROOT/test/benign/356.jpg,test,0,4028,HAM_0000010,0,0.0,2.414091068203561e-05,1.8770004317048006e-05,val,2.7646939997794107e-05,train,1.9045475710299797e-05,test,2.414091068203561e-05,train,1.8494532923796214e-05,val,2.0855479306192137e-05
$KAGGLE_ROOT/test/benign/367.jpg,test,0,5351,HAM_0004228,0,2.0,4.4746229832526296e-05,9.183357997244457e-05,train,5.580839570029639e-05,test,4.4746229832526296e-05,train,0.00014559105329681188,train,7.968972931848839e-05,train,8.624514157418162e-05
$KAGGLE_ROOT/test/benign/369.jpg,test,0,6204,HAM_0000461,0,6.0,4.142639954807237e-05,4.054066812386736e-05,test,4.142639954807237e-05,train,3.3990796509897336e-05,train,5.456387953017838e-05,train,3.306732833152637e-05,val,0.00013014755677431822
$KAGGLE_ROOT/test/benign/37.jpg,test,0,6942,HAM_0006484,0,2.0,0.0010418801102787256,0.0003238970771235472,train,2.20217425521696e-05,train,0.00013842570479027927,train,0.00010556456982158124,test,0.0010418801102787256,train,0.0010295762913301587
$KAGGLE_ROOT/test/benign/378.jpg,test,0,3365,HAM_0000548,0,4.0,1.3203128219174687e-05,3.4902599054476013e-05,test,1.3203128219174687e-05,train,3.4310378396185115e-05,train,2.235161628050264e-05,train,1.625802178750746e-05,train,6.669037975370884e-05
$KAGGLE_ROOT/test/benign/379.jpg,test,0,3566,HAM_0000183,0,2.0,9.360485273646191e-05,3.3513924184565745e-05,train,2.6326666556997225e-05,train,3.732249388122e-05,train,3.6892612115480006e-05,test,9.360485273646191e-05,val,6.961252802284434e-05
$KAGGLE_ROOT/test/benign/385.jpg,test,0,4065,HAM_0001754,0,4.0,6.098075755289756e-05,3.105840914940927e-05,train,2.6166526367887855e-05,val,4.0153274312615395e-05,val,1.5989673556759953e-05,train,3.595029193093069e-05,test,6.098075755289756e-05
$KAGGLE_ROOT/test/benign/388.jpg,test,0,6510,HAM_0001829,0,2.0,0.00014777026080992073,7.729356138952426e-05,train,2.0704001144622453e-05,train,3.447874041739851e-05,train,4.636138692148961e-05,test,0.00014777026080992073,train,0.00020763011707458645
$KAGGLE_ROOT/test/benign/389.jpg,test,0,6609,HAM_0006043,0,0.0,6.936112185940146e-05,6.775416613891139e-05,train,2.417477844574023e-05,train,4.274685852578841e-05,train,7.223222200991586e-05,test,6.936112185940146e-05,train,0.00013186280557420105
$KAGGLE_ROOT/test/benign/394.jpg,test,0,9038,HAM_0003415,0,2.0,0.014137712307274342,0.0013132238624772679,val,3.139080581604503e-05,train,0.000624937703832984,test,0.014137712307274342,train,0.0002944808511529118,train,0.0030202530324459076
$KAGGLE_ROOT/test/benign/404.jpg,test,0,4216,HAM_0005406,0,2.0,0.00012196681927889585,0.00023390393653244246,test,0.00012196681927889585,train,0.00010123712854692712,train,0.00027192378183826804,train,6.903402390889823e-05,train,0.0004934208118356764
$KAGGLE_ROOT/test/benign/407.jpg,test,0,3110,HAM_0000047,0,2.0,5.7613073295215145e-05,0.00021573146477749106,train,6.78974247421138e-05,test,5.7613073295215145e-05,train,0.00015912098751869053,train,0.0005505979643203318,train,8.530948252882808e-05
$KAGGLE_ROOT/test/benign/414.jpg,test,0,5508,HAM_0005574,0,2.0,0.00027648985269479454,3.5319147476305567e-05,val,0.00010872414713958278,train,4.5779313950333744e-05,train,2.7755831979447976e-05,train,3.242229649913497e-05,test,0.00027648985269479454
$KAGGLE_ROOT/test/benign/419.jpg,test,0,3289,HAM_0002138,0,2.0,1.3115745787217747e-05,5.687299471901497e-05,train,2.579087595222518e-05,test,1.3115745787217747e-05,train,4.499307760852389e-05,train,8.94266486284323e-05,train,6.72813766868785e-05
$KAGGLE_ROOT/test/benign/427.jpg,test,0,3394,HAM_0006671,0,2.0,2.381000194873195e-05,7.102422144574423e-05,train,4.733894456876442e-05,val,4.28430903411936e-05,train,4.475966852623969e-05,test,2.381000194873195e-05,train,0.0001209740512422286
$KAGGLE_ROOT/test/benign/428.jpg,test,0,6428,HAM_0004595,0,0.0,0.00015862382133491337,2.6108871679753065e-05,train,2.6108871679753065e-05,val,5.612065433524549e-05,val,4.780102244694717e-05,val,3.876636037603021e-05,test,0.00015862382133491337
$KAGGLE_ROOT/test/benign/433.jpg,test,0,7068,HAM_0005060,0,2.0,0.020687077194452286,0.017860502237454057,train,0.031017107889056206,test,0.020687077194452286,val,0.0005838577635586262,train,0.004703896585851908,val,0.001492651761509478
$KAGGLE_ROOT/test/benign/436.jpg,test,0,6698,HAM_0000965,0,0.0,5.4677220759913325e-05,6.425332564200896e-05,train,5.713569771614857e-05,train,5.845124542247504e-05,val,3.0432382118306123e-05,test,5.4677220759913325e-05,train,7.717303378740326e-05
$KAGGLE_ROOT/test/benign/437.jpg,test,0,4300,HAM_0000714,0,2.0,0.0002070901682600379,9.883210683862369e-05,train,2.086620224872604e-05,val,7.464038208127022e-05,train,4.100333171663806e-05,test,0.0002070901682600379,train,0.00023462678655050695
$KAGGLE_ROOT/test/benign/44.jpg,test,0,3484,HAM_0007067,0,2.0,1.569776577525772e-05,2.6088351205544313e-05,train,3.059087248402648e-05,train,2.318909355381038e-05,train,2.613300966913812e-05,test,1.569776577525772e-05,train,2.4440429115202278e-05
$KAGGLE_ROOT/test/benign/444.jpg,test,0,3715,HAM_0003900,0,0.0,3.588654726627283e-05,7.278587145265192e-05,val,3.928353908122517e-05,test,3.588654726627283e-05,val,2.1505609765881673e-05,train,7.278587145265192e-05,val,7.107597048161551e-05
$KAGGLE_ROOT/test/benign/449.jpg,test,0,8478,HAM_0002684,0,2.0,3.6784447729587555e-05,0.0006547975305390233,test,3.6784447729587555e-05,val,2.70998843916459e-05,train,0.0013424992794170976,train,0.00012319318193476647,train,0.0004987001302652061
$KAGGLE_ROOT/test/benign/45.jpg,test,0,6053,HAM_0004674,0,6.0,5.828392750117928e-05,9.471030352870002e-05,train,7.520473445765674e-05,test,5.828392750117928e-05,train,0.0001734971592668444,train,4.394465941004455e-05,train,8.619466098025441e-05
$KAGGLE_ROOT/test/benign/454.jpg,test,0,3746,HAM_0004473,0,2.0,8.499985415255651e-05,3.4427083846821915e-05,train,3.282496618339792e-05,train,2.5023246053024195e-05,train,2.961405880341772e-05,train,5.024606434744783e-05,test,8.499985415255651e-05
$KAGGLE_ROOT/test/benign/457.jpg,test,0,4564,HAM_0002133,0,2.0,5.9104295360157266e-05,5.793734317194321e-05,test,5.9104295360157266e-05,train,2.274800317536574e-05,train,5.8709498262032866e-05,train,2.7292011509416625e-05,train,0.00012299985974095762
$KAGGLE_ROOT/test/benign/462.jpg,test,0,5712,HAM_0003417,0,0.0,6.141905032563955e-05,0.0001466033954784507,test,6.141905032563955e-05,train,5.8435914979781955e-05,train,0.00023399791098199785,train,4.0975151932798326e-05,train,0.00025300460401922464
$KAGGLE_ROOT/test/benign/475.jpg,test,0,3769,HAM_0001670,0,2.0,7.007715612417087e-05,3.544707942637615e-05,train,1.9218752640881576e-05,train,1.7220861991518177e-05,train,6.99016236467287e-05,test,7.007715612417087e-05,val,4.031510979984887e-05
$KAGGLE_ROOT/test/benign/479.jpg,test,0,5846,HAM_0001187,0,2.0,2.7770025553763844e-05,4.198366696073208e-05,train,2.111969115503598e-05,train,2.250162469863426e-05,test,2.7770025553763844e-05,train,4.435003938851878e-05,train,7.99633126007393e-05
$KAGGLE_ROOT/test/benign/484.jpg,test,0,9003,HAM_0007178,0,0.0,0.0006113213603384793,0.00032567396798791987,train,4.041484498884529e-05,train,9.601695637684315e-05,val,0.00029829726554453373,test,0.0006113213603384793,train,0.0008405901025980711
$KAGGLE_ROOT/test/benign/495.jpg,test,0,4984,HAM_0001398,0,4.0,0.00011725149670382962,6.243246025405824e-05,train,3.002350786118768e-05,train,5.309269545250572e-05,train,7.93271537986584e-05,train,8.728648390388116e-05,test,0.00011725149670382962
$KAGGLE_ROOT/test/benign/5.jpg,test,0,8519,HAM_0003446,0,2.0,0.00026263066683895886,0.00022086430681156344,train,2.9433160307235084e-05,train,0.0002543221926316619,test,0.00026263066683895886,train,8.486500883009285e-05,train,0.0005148368654772639
$KAGGLE_ROOT/test/benign/520.jpg,test,0,3944,HAM_0007082,0,6.0,2.6337866074754857e-05,4.758175721993515e-05,train,2.235613646917045e-05,test,2.6337866074754857e-05,train,1.7488460798631422e-05,val,3.1539846531813964e-05,train,0.00010290067439200357
$KAGGLE_ROOT/test/benign/527.jpg,test,0,5448,HAM_0004144,0,4.0,3.5882610973203555e-05,5.214912971496233e-05,test,3.5882610973203555e-05,train,3.255331830587238e-05,train,2.868366391339805e-05,train,5.225864515523426e-05,train,9.510089148534462e-05
$KAGGLE_ROOT/test/benign/532.jpg,test,0,6801,HAM_0006457,0,2.0,0.00010359447333030403,0.00013630410376208602,train,4.839859684580006e-05,test,0.00010359447333030403,train,0.0002901896077673882,train,0.00010596759238978848,train,0.0001006606180453673
$KAGGLE_ROOT/test/benign/535.jpg,test,0,4996,HAM_0004659,0,2.0,8.604051254224032e-05,5.523211530089611e-05,train,3.075233325944282e-05,train,3.8786252844147384e-05,train,0.0001099718501791358,train,4.141802492085844e-05,test,8.604051254224032e-05
$KAGGLE_ROOT/test/benign/536.jpg,test,0,4158,HAM_0007525,0,2.0,1.9614273696788587e-05,8.793060032985522e-05,test,1.9614273696788587e-05,train,5.7724540965864435e-05,train,2.511972161300946e-05,train,1.0360803571529686e-05,train,0.0002585173351690173
$KAGGLE_ROOT/test/benign/54.jpg,test,0,6013,HAM_0002870,0,6.0,1.2243933269928675e-05,4.031422758998815e-05,train,1.4889725207467563e-05,train,2.512551873223856e-05,test,1.2243933269928675e-05,train,2.3615210011485033e-05,train,9.762645640876144e-05
$KAGGLE_ROOT/test/benign/545.jpg,test,0,5949,HAM_0004403,0,4.0,3.0772105674259365e-05,4.876476032222854e-05,train,1.83818210643949e-05,train,3.160705091431737e-05,train,2.604431392683182e-05,test,3.0772105674259365e-05,train,0.00011902585538337007
$KAGGLE_ROOT/test/benign/548.jpg,test,0,9208,HAM_0005479,0,0.0,0.024036796763539314,0.008438674422601858,test,0.024036796763539314,train,0.006618755869567394,train,0.014184596948325634,val,0.06678224354982376,train,0.004512670449912548
$KAGGLE_ROOT/test/benign/552.jpg,test,0,5146,HAM_0007363,0,2.0,1.7675884009804577e-05,4.467821213438583e-05,test,1.7675884009804577e-05,train,2.0868688807240687e-05,train,7.985310730873607e-06,train,1.3926891369919758e-05,train,0.00013593195762950927
$KAGGLE_ROOT/test/benign/558.jpg,test,0,4025,HAM_0002239,0,2.0,2.0917384972563013e-05,2.410359888926905e-05,train,1.3282427062222268e-05,test,2.0917384972563013e-05,train,2.556914660090115e-05,train,2.5545919925207272e-05,train,3.2016901968745515e-05
$KAGGLE_ROOT/test/benign/559.jpg,test,0,8882,HAM_0002025,0,0.0,0.00010753305832622573,0.00014370296412380412,val,8.427419379586354e-05,test,0.00010753305832622573,train,0.00019705176237039268,train,0.0001790322276065126,train,5.502490239450708e-05
$KAGGLE_ROOT/test/benign/560.jpg,test,0,6160,HAM_0002360,0,4.0,5.782900916528888e-05,0.00010634290265443269,test,5.782900916528888e-05,train,2.4515946279279888e-05,train,2.6620076823746786e-05,train,5.585988037637435e-05,train,0.00031837570713832974
$KAGGLE_ROOT/test/benign/561.jpg,test,0,3369,HAM_0005462,0,2.0,1.4613730854762252e-05,2.775380289676832e-05,val,1.3055035196885001e-05,train,1.720182081044186e-05,train,3.830578498309478e-05,test,1.4613730854762252e-05,val,2.2878515665070154e-05
$KAGGLE_ROOT/test/benign/562.jpg,test,0,4022,HAM_0002254,0,2.0,0.00012805605365429074,7.736149291304173e-05,train,5.0406983064021915e-05,train,7.449972326867282e-05,test,0.00012805605365429074,train,4.115352567168884e-05,train,0.00014338573964778334
$KAGGLE_ROOT/test/benign/566.jpg,test,0,8758,HAM_0003058,0,2.0,0.0011059870012104511,0.008075098739936948,val,0.0050888583064079285,val,0.02283569797873497,train,0.011963910423219204,test,0.0011059870012104511,train,0.004186287056654692
$KAGGLE_ROOT/test/benign/57.jpg,test,0,4787,HAM_0004668,0,6.0,2.2764843379263766e-05,2.969826118714991e-05,train,9.437479093321599e-06,train,2.6752592020784505e-05,train,2.7736516130971722e-05,test,2.2764843379263766e-05,train,5.4866457503521815e-05
$KAGGLE_ROOT/test/benign/572.jpg,test,0,5445,HAM_0001463,0,2.0,1.7990894775721245e-05,3.347029200995166e-05,test,1.7990894775721245e-05,train,3.6789813748328015e-05,train,1.492505271016853e-05,train,2.2528507543029264e-05,train,5.9637794038280845e-05
$KAGGLE_ROOT/test/benign/573.jpg,test,0,9271,HAM_0003579,0,2.0,9.34536728891544e-05,3.842652768071275e-05,train,1.9132037778035738e-05,test,9.34536728891544e-05,train,5.464657078846358e-05,val,4.78432048112154e-05,train,4.150097447563894e-05
$KAGGLE_ROOT/test/benign/574.jpg,test,0,3443,HAM_0000867,0,2.0,3.839275086647831e-05,2.819828174930687e-05,train,2.6157944375881925e-05,train,1.6706424503354356e-05,val,2.17569886444835e-05,test,3.839275086647831e-05,train,4.173047636868432e-05
$KAGGLE_ROOT/test/benign/575.jpg,test,0,7038,HAM_0003892,0,6.0,9.57188312895596e-05,0.0023699082375969738,train,0.00029842782532796264,test,9.57188312895596e-05,train,0.0030979602597653866,train,0.00011631607776507735,train,0.0059669287875294685
$KAGGLE_ROOT/test/benign/580.jpg,test,0,6408,HAM_0002237,0,0.0,2.5216135327355005e-05,4.7513338358839974e-05,test,2.5216135327355005e-05,val,3.1462190236197785e-05,train,4.7513338358839974e-05,val,1.530479858047329e-05,val,0.00010720614955062047
$KAGGLE_ROOT/test/benign/588.jpg,test,0,6048,HAM_0006392,0,4.0,3.6846027796855196e-05,9.461506003087076e-05,test,3.6846027796855196e-05,train,2.642163963173516e-05,val,8.098686521407217e-05,train,8.636752318125218e-05,train,0.00017105601727962494
$KAGGLE_ROOT/test/benign/596.jpg,test,0,4803,HAM_0006440,0,4.0,3.775838922592811e-05,4.1100643405419156e-05,val,1.4630240002588835e-05,train,3.033190114365425e-05,train,4.879743937635794e-05,test,3.775838922592811e-05,train,4.417258969624527e-05
$KAGGLE_ROOT/test/benign/603.jpg,test,0,5270,HAM_0003604,0,0.0,3.4297620004508644e-05,4.3305757571943104e-05,train,1.699762469797861e-05,test,3.4297620004508644e-05,train,4.017104220110923e-05,train,1.8036213077721186e-05,train,9.801815031096339e-05
$KAGGLE_ROOT/test/benign/61.jpg,test,0,3062,HAM_0007236,0,2.0,4.417920717969537e-05,6.073987424315419e-05,train,4.2587966163409874e-05,train,7.174584607128054e-05,train,5.078041795059107e-05,test,4.417920717969537e-05,train,7.784526678733528e-05
$KAGGLE_ROOT/test/benign/612.jpg,test,0,3343,HAM_0006416,0,4.0,2.241005677205976e-05,3.5762058359978255e-05,train,3.020814801857341e-05,val,3.0445298762060702e-05,train,4.13159687013831e-05,test,2.241005677205976e-05,val,4.215666194795631e-05
$KAGGLE_ROOT/test/benign/623.jpg,test,0,8706,HAM_0000764,0,2.0,0.027222251519560814,0.0002637554207467474,train,0.0005540158017538488,train,4.2147898057010025e-05,val,0.008960550650954247,train,0.0001951025624293834,test,0.027222251519560814
$KAGGLE_ROOT/test/benign/624.jpg,test,0,6616,HAM_0004825,0,2.0,2.685281287995167e-05,3.265774103056174e-05,train,2.3481234165956266e-05,val,2.113391565217171e-05,train,3.21328298014123e-05,test,2.685281287995167e-05,train,4.235915912431665e-05
$KAGGLE_ROOT/test/benign/626.jpg,test,0,6792,HAM_0002856,0,2.0,0.00015107161016203463,9.748564389155945e-05,train,0.00014529690088238567,train,5.845626219525002e-05,train,0.00010327638301532716,train,8.291302947327495e-05,test,0.00015107161016203463
$KAGGLE_ROOT/test/benign/63.jpg,test,0,3917,HAM_0000265,0,4.0,0.00011887352593475953,4.2641702748369426e-05,train,2.918017707997933e-05,train,4.529464786173776e-05,train,5.345028330339119e-05,test,0.00011887352593475953,val,0.00010677795216906816
$KAGGLE_ROOT/test/benign/631.jpg,test,0,5761,HAM_0000416,0,4.0,2.770590435829945e-05,3.508989235948926e-05,train,1.6854786736075766e-05,test,2.770590435829945e-05,val,3.771415867959149e-05,train,4.873000580118969e-05,train,3.9684884541202337e-05
$KAGGLE_ROOT/test/benign/634.jpg,test,0,8425,HAM_0007456,0,2.0,0.0012299757217988372,0.0005173787358216941,train,0.000992562505416572,train,0.0003319064562674612,test,0.0012299757217988372,train,0.00022766724578104913,val,0.004280140623450279
$KAGGLE_ROOT/test/benign/635.jpg,test,0,6217,HAM_0002500,0,2.0,1.8855969756259583e-05,6.785708501411136e-05,test,1.8855969756259583e-05,train,6.443158054025844e-05,train,2.852833131328225e-05,train,6.799092079745606e-05,train,0.0001104775074054487
$KAGGLE_ROOT/test/benign/636.jpg,test,0,9420,HAM_0003040,0,0.0,0.0004972296301275492,0.0003103816028063496,train,5.263947241473943e-05,train,0.00018042702868115157,test,0.0004972296301275492,val,0.0004201702540740371,train,0.0006980783073231578
$KAGGLE_ROOT/test/benign/642.jpg,test,0,3848,HAM_0000031,0,4.0,0.00020244557526893914,5.4842859299242264e-05,train,2.030926953011658e-05,train,2.5817033019848168e-05,train,2.789820428006351e-05,train,0.0001453469303669408,test,0.00020244557526893914
$KAGGLE_ROOT/test/benign/644.jpg,test,0,8832,HAM_0007049,0,2.0,0.0013708240585401654,0.000517380633027642,train,0.00010401318286312744,train,0.000245740549871698,train,0.00149678869638592,train,0.00022298010298982263,test,0.0013708240585401654
$KAGGLE_ROOT/test/benign/647.jpg,test,0,8851,HAM_0003159,0,4.0,0.0018055540276691318,0.0005587499254033901,train,3.9512611692771316e-05,train,0.00038475487963296473,train,0.00020762081840075552,train,0.0016031113918870687,test,0.0018055540276691318
$KAGGLE_ROOT/test/benign/658.jpg,test,0,3280,HAM_0002702,0,2.0,8.230558159993961e-05,4.980158882972319e-05,val,2.4037832190515473e-05,val,4.170473766862415e-05,train,5.201547173783183e-05,train,4.758770592161454e-05,test,8.230558159993961e-05
$KAGGLE_ROOT/test/benign/659.jpg,test,0,5734,HAM_0005460,0,4.0,9.011541988002136e-05,8.889152619910116e-05,train,4.058281047036871e-05,train,7.949436258058995e-05,train,0.00014659740554634482,val,4.761081072501838e-05,test,9.011541988002136e-05
$KAGGLE_ROOT/test/benign/660.jpg,test,0,8703,HAM_0004942,0,4.0,0.002792352344840765,0.0042094955570064485,train,0.0009488237556070089,train,0.001166021334938705,train,0.013919234275817871,train,0.000803902861662209,test,0.002792352344840765
$KAGGLE_ROOT/test/benign/663.jpg,test,0,8914,HAM_0000311,0,2.0,0.00033341924427077174,6.555163417942822e-05,train,5.0482751248637214e-05,train,6.09096787229646e-05,val,6.141383346403018e-05,train,8.526247256668285e-05,test,0.00033341924427077174
$KAGGLE_ROOT/test/benign/664.jpg,test,0,5062,HAM_0004052,0,0.0,2.1041831132606603e-05,2.9262154081758734e-05,train,2.0880554075120017e-05,train,4.593061385094188e-05,test,2.1041831132606603e-05,train,2.09752943192143e-05,val,0.00014496021321974695
$KAGGLE_ROOT/test/benign/668.jpg,test,0,8504,HAM_0006266,0,2.0,0.0034139954950660467,0.0002882059003847341,train,0.00020637502893805504,val,0.00024453477817587554,train,0.0003199948987457901,train,0.00033824777347035706,test,0.0034139954950660467
$KAGGLE_ROOT/test/benign/670.jpg,test,0,7246,HAM_0006187,0,0.0,4.449512925930321e-05,0.00018898226941625276,train,7.586531864944845e-05,test,4.449512925930321e-05,train,8.426375279668719e-05,val,0.00016883989155758172,train,0.0004068177368026227
$KAGGLE_ROOT/test/benign/676.jpg,test,0,8901,HAM_0004519,0,2.0,5.991254874970764e-05,0.00041269417367099476,val,5.187929127714597e-05,train,0.0005586338229477406,train,9.267909626942128e-05,test,5.991254874970764e-05,train,0.0005867696017958224
$KAGGLE_ROOT/test/benign/678.jpg,test,0,7050,HAM_0002231,0,2.0,7.55896107875742e-05,0.00012633408914553002,train,0.00014508521417155862,train,7.069068669807166e-05,test,7.55896107875742e-05,train,0.00014463272236753255,train,0.00014492773334495723
$KAGGLE_ROOT/test/benign/681.jpg,test,0,4428,HAM_0007565,0,2.0,3.334810025990009e-05,0.00019170037921867333,train,1.4331639249576256e-05,train,6.195411697262898e-05,val,4.398679448058829e-05,test,3.334810025990009e-05,train,0.0004988153814338148
$KAGGLE_ROOT/test/benign/689.jpg,test,0,4646,HAM_0002118,0,0.0,3.184112210874446e-05,6.885155835334444e-05,test,3.184112210874446e-05,train,5.2242005040170625e-05,train,5.2286814025137573e-05,train,7.026257662801072e-05,train,0.00010061483772005886
$KAGGLE_ROOT/test/benign/690.jpg,test,0,4518,HAM_0004727,0,2.0,4.249976700521074e-05,1.4892542822053656e-05,train,1.510870333731873e-05,test,4.249976700521074e-05,train,1.6125995898619294e-05,train,1.3442929230222944e-05,val,7.814567652530968e-05
$KAGGLE_ROOT/test/benign/700.jpg,test,0,6014,HAM_0004959,0,4.0,5.769845665781759e-05,4.548326069198083e-05,train,3.095511783612892e-05,train,1.3636181392939761e-05,train,4.08688465540763e-05,test,5.769845665781759e-05,train,9.647289698477834e-05
$KAGGLE_ROOT/test/benign/71.jpg,test,0,8470,HAM_0004775,0,2.0,0.006116583477705717,0.0015719215807621367,train,0.0004970805603079498,train,0.0001527316344436258,train,0.00136801996268332,test,0.006116583477705717,train,0.004269854165613651
$KAGGLE_ROOT/test/benign/712.jpg,test,0,4292,HAM_0000991,0,4.0,6.706301064696163e-05,3.488698712317273e-05,train,2.7244319426245056e-05,train,2.9210495995357633e-05,train,2.422143916191999e-05,train,5.8871693909168243e-05,test,6.706301064696163e-05
$KAGGLE_ROOT/test/benign/717.jpg,test,0,8056,HAM_0001002,0,2.0,0.0001953780883923173,0.00042059510815306567,train,5.583772508543916e-05,val,6.485346966655925e-05,train,0.00033775524934753776,test,0.0001953780883923173,train,0.0008681923500262201
$KAGGLE_ROOT/test/benign/720.jpg,test,0,4299,HAM_0006768,0,2.0,1.8805974832503125e-05,6.045106056262739e-05,test,1.8805974832503125e-05,train,3.0083150704740547e-05,train,3.237159762647934e-05,train,2.3741935365251265e-05,train,0.0001556075585540384
$KAGGLE_ROOT/test/benign/721.jpg,test,0,6225,HAM_0005470,0,4.0,1.9900930055882782e-05,4.069529768457869e-05,train,3.970759644289501e-05,train,2.7407635570853017e-05,test,1.9900930055882782e-05,train,2.593849967524875e-05,train,6.972745904931799e-05
$KAGGLE_ROOT/test/benign/724.jpg,test,0,8072,HAM_0000348,0,0.0,5.914624489378184e-05,6.928637594683096e-05,train,4.4512489694170654e-05,test,5.914624489378184e-05,train,0.00012399020488373935,train,2.3108339519239962e-05,train,8.553446969017386e-05
$KAGGLE_ROOT/test/benign/725.jpg,test,0,6441,HAM_0006686,0,0.0,0.0001234930969076231,4.0123295548255555e-05,val,2.8998279958614148e-05,train,4.971263842890039e-05,val,3.405520328669809e-05,train,3.053395266761072e-05,test,0.0001234930969076231
$KAGGLE_ROOT/test/benign/74.jpg,test,0,4090,HAM_0000475,0,0.0,0.00011966245801886544,3.0269960461737355e-05,train,1.9662611521198414e-05,train,3.489336813800037e-05,train,5.162685192772187e-05,train,1.4897010260028765e-05,test,0.00011966245801886544
$KAGGLE_ROOT/test/benign/751.jpg,test,0,5514,HAM_0001184,0,2.0,4.1903709643520415e-05,5.163996684132144e-05,train,1.763182444847189e-05,train,3.263721373514272e-05,train,6.097930599935353e-05,test,4.1903709643520415e-05,train,9.531152318231761e-05
$KAGGLE_ROOT/test/benign/758.jpg,test,0,4711,HAM_0000908,0,0.0,4.8678964958526194e-05,4.182506518191076e-05,train,2.1639620172209106e-05,train,4.850995901506394e-05,test,4.8678964958526194e-05,train,3.368389297975227e-05,train,6.346678856061772e-05
$KAGGLE_ROOT/test/benign/762.jpg,test,0,4393,HAM_0007298,0,2.0,8.307859388878569e-05,0.0001019279106913018,train,8.95697739906609e-05,train,0.00011597041884670034,test,8.307859388878569e-05,train,2.8546539397211745e-05,train,0.00017362491053063422
$KAGGLE_ROOT/test/benign/763.jpg,test,0,6343,HAM_0006319,0,2.0,5.2452069212449715e-05,2.8440525966288988e-05,train,2.149070678569842e-05,train,2.0226658307365142e-05,train,2.2697728127241135e-05,train,4.934701064485125e-05,test,5.2452069212449715e-05
$KAGGLE_ROOT/test/benign/768.jpg,test,0,3454,HAM_0000175,0,4.0,1.6497515389346518e-05,3.627420786263732e-05,val,2.0085512005607598e-05,train,2.6289060770068318e-05,train,2.688566382857971e-05,test,1.6497515389346518e-05,train,5.564789898926392e-05
$KAGGLE_ROOT/test/benign/770.jpg,test,0,8938,HAM_0001318,0,2.0,0.0002792607119772583,0.00010117767184662323,train,4.062722291564569e-05,test,0.0002792607119772583,train,0.00015682497178204358,train,0.0001060808208421804,val,0.02603093348443508
$KAGGLE_ROOT/test/benign/773.jpg,test,0,8346,HAM_0001507,0,2.0,0.0021066232584416866,0.001318854848553504,test,0.0021066232584416866,train,2.8483529604272917e-05,train,0.0038521233946084976,train,7.595762144774199e-05,val,0.0010920808417722583
$KAGGLE_ROOT/test/benign/774.jpg,test,0,4715,HAM_0001481,0,0.0,0.00014937235391698778,3.888032673179017e-05,train,3.71477181033697e-05,val,0.00013962834782432765,train,2.7193937057745643e-05,train,5.229932503425516e-05,test,0.00014937235391698778
$KAGGLE_ROOT/test/benign/778.jpg,test,0,6868,HAM_0003912,0,4.0,2.717882307479158e-05,0.0005018159499741159,val,8.123088628053665e-05,train,0.0007493407465517521,train,0.0006627700058743358,test,2.717882307479158e-05,train,9.333709749625996e-05
$KAGGLE_ROOT/test/benign/790.jpg,test,0,4253,HAM_0005556,0,2.0,2.2879126845509745e-05,5.3708412451669574e-05,test,2.2879126845509745e-05,train,3.046932033612393e-05,val,1.6534906535525806e-05,train,2.964327359222807e-05,train,0.00010101264342665672
$KAGGLE_ROOT/test/benign/8.jpg,test,0,4097,HAM_0007158,0,4.0,5.989883720758371e-05,6.837508180979057e-05,train,2.1623343855026178e-05,test,5.989883720758371e-05,train,6.559104804182425e-05,train,3.9416830986738205e-05,train,0.00014686910435557365
$KAGGLE_ROOT/test/benign/802.jpg,test,0,9669,HAM_0007122,0,0.0,8.012657781364396e-05,5.659755455174794e-05,train,3.261565143475309e-05,train,8.403097308473662e-05,test,8.012657781364396e-05,train,5.314603913575411e-05,val,7.192148768808693e-05
$KAGGLE_ROOT/test/benign/805.jpg,test,0,5915,HAM_0006957,0,2.0,6.609971751458943e-05,0.0001845929809860536,train,2.468897946528159e-05,train,4.6148641558829695e-05,train,0.00041271233931183815,test,6.609971751458943e-05,train,0.0002548219636082649
$KAGGLE_ROOT/test/benign/806.jpg,test,0,3892,HAM_0003309,0,2.0,3.134602229692973e-05,0.00013253501553360061,val,3.118049426120706e-05,test,3.134602229692973e-05,train,4.608716335496865e-05,train,6.077495345380157e-05,train,0.00029074292979203165
$KAGGLE_ROOT/test/benign/813.jpg,test,0,6661,HAM_0000061,0,4.0,0.0005644256016239524,0.0016568053797527682,train,0.0008322863723151386,train,0.0001880056079244241,train,0.003966050688177347,test,0.0005644256016239524,train,0.001640878850594163
$KAGGLE_ROOT/test/benign/819.jpg,test,0,8117,HAM_0003867,0,0.0,0.0001325559278484434,9.123354175244458e-05,train,0.00015011253708507866,test,0.0001325559278484434,val,0.0004583624831866473,train,7.857909076847136e-05,train,4.5008997403783724e-05
$KAGGLE_ROOT/test/benign/820.jpg,test,0,3562,HAM_0003541,0,4.0,3.730609023477882e-05,0.00028587053081234143,test,3.730609023477882e-05,val,4.8287220124620944e-05,train,0.0004447119717951864,train,2.48126143560512e-05,train,0.00038808700628578663
$KAGGLE_ROOT/test/benign/823.jpg,test,0,8085,HAM_0000279,0,2.0,0.0006963039631955326,0.0006202099611982703,test,0.0006963039631955326,val,9.503381443209946e-05,train,0.00029666535556316376,train,0.0009437545668333769,val,0.0016996711492538452
$KAGGLE_ROOT/test/benign/824.jpg,test,0,6766,HAM_0004267,0,0.0,0.0008426563581451774,0.0005274518225633074,train,8.710862312000245e-05,train,0.0001950927107827738,train,0.00013739995483774692,train,0.0016902060015127063,test,0.0008426563581451774
$KAGGLE_ROOT/test/benign/825.jpg,test,0,4955,HAM_0004778,0,2.0,0.00010269461927236989,2.8257498949339304e-05,train,2.5490799089311622e-05,train,1.552521644043736e-05,val,1.987278665183112e-05,train,4.3756481318268925e-05,test,0.00010269461927236989
$KAGGLE_ROOT/test/benign/826.jpg,test,0,5696,HAM_0004990,0,4.0,2.256628795294091e-05,3.312820990686305e-05,test,2.256628795294091e-05,val,3.651184306363575e-05,train,2.211098762927577e-05,train,4.414543218445033e-05,val,0.00013048604887444526
$KAGGLE_ROOT/test/benign/828.jpg,test,0,6351,HAM_0001324,0,2.0,3.072348772548139e-05,2.0918002064718166e-05,train,1.3976828086015303e-05,train,2.785917604342103e-05,test,3.072348772548139e-05,val,2.3613272787770256e-05,val,9.273443720303476e-05
$KAGGLE_ROOT/test/benign/83.jpg,test,0,5583,HAM_0001108,0,2.0,2.0845576727879234e-05,3.018743336724583e-05,train,2.783684067253489e-05,train,2.5450257453485392e-05,train,4.06541621487122e-05,train,2.6808473194250837e-05,test,2.0845576727879234e-05
$KAGGLE_ROOT/test/benign/830.jpg,test,0,6507,HAM_0002990,0,0.0,9.920351294567809e-05,4.4287164655543165e-05,train,5.5000302381813526e-05,train,3.431630102568306e-05,test,9.920351294567809e-05,train,2.974289054691326e-05,train,5.8089164667762816e-05
$KAGGLE_ROOT/test/benign/84.jpg,test,0,6298,HAM_0006293,0,0.0,3.837763506453484e-05,8.327924357824183e-05,train,1.774606243998278e-05,train,4.6749322791583836e-05,val,1.3488813237927388e-05,test,3.837763506453484e-05,train,0.00018534234550315887
$KAGGLE_ROOT/test/benign/840.jpg,test,0,6548,HAM_0001191,0,2.0,6.379123078659177e-05,5.261670351804545e-05,val,3.340513649163768e-05,test,6.379123078659177e-05,train,2.6240017177769914e-05,train,3.62714818038512e-05,train,9.533861157251522e-05
$KAGGLE_ROOT/test/benign/854.jpg,test,0,5592,HAM_0004085,0,2.0,6.923516775714234e-05,6.288554186539841e-05,train,2.2028210878488608e-05,test,6.923516775714234e-05,train,5.589659485849552e-05,train,4.084776810486801e-05,train,0.0001327695936197415
$KAGGLE_ROOT/test/benign/869.jpg,test,0,4700,HAM_0004323,0,4.0,0.0001790925016393885,0.00017745332297636196,train,4.240681300871074e-05,val,0.00010210173059022054,train,7.603871199535206e-05,train,0.0004139144439250231,test,0.0001790925016393885
$KAGGLE_ROOT/test/benign/874.jpg,test,0,2980,HAM_0001940,0,0.0,2.7650816264213063e-05,6.608449984923936e-05,val,1.9892733689630404e-05,train,1.8987644580192864e-05,test,2.7650816264213063e-05,train,4.825854193768464e-05,train,0.0001310073130298406
$KAGGLE_ROOT/test/benign/878.jpg,test,0,7046,HAM_0007249,0,2.0,0.0001284135942114517,0.0013121156825945945,train,0.0043418253771960735,test,0.0001284135942114517,train,0.00034558415063656867,train,6.31769435130991e-05,train,0.0004978762590326369
$KAGGLE_ROOT/test/benign/88.jpg,test,0,3542,HAM_0000927,0,0.0,0.00010664555884432048,0.00015188269298960222,train,5.300467091728933e-05,train,0.00012363767018541694,test,0.00010664555884432048,train,8.528946636943147e-05,train,0.00034559896448627114
$KAGGLE_ROOT/test/benign/880.jpg,test,0,8152,HAM_0000070,0,2.0,3.4741664421744645e-05,0.00014420930801861687,train,7.253926014527678e-05,test,3.4741664421744645e-05,train,0.0002671864058356732,train,3.248822395107709e-05,train,0.00020462334214244038
$KAGGLE_ROOT/test/benign/887.jpg,test,0,3398,HAM_0001523,0,2.0,7.712256774539128e-05,3.1943930177173265e-05,train,2.8996400942560285e-05,train,3.343455318827182e-05,val,2.0521676560747437e-05,train,3.3400836400687695e-05,test,7.712256774539128e-05
$KAGGLE_ROOT/test/benign/888.jpg,test,0,8222,HAM_0003387,0,4.0,2.278945430589374e-05,5.060915373178432e-05,test,2.278945430589374e-05,train,3.9818209188524634e-05,train,8.528182661393657e-05,train,3.254586772527546e-05,train,4.479071139940061e-05
$KAGGLE_ROOT/test/benign/892.jpg,test,0,8646,HAM_0002171,0,4.0,0.0016096584731712937,0.00010911353228948428,train,2.8727818062179722e-05,train,4.334775803727098e-05,test,0.0016096584731712937,train,4.83718395116739e-05,train,0.00031600671354681253
$KAGGLE_ROOT/test/benign/893.jpg,test,0,6187,HAM_0006425,0,2.0,0.00012724247062578797,5.885246628167806e-05,train,5.6816272262949497e-05,train,4.741918746731244e-05,train,5.246332148090005e-05,train,7.871108391555026e-05,test,0.00012724247062578797
$KAGGLE_ROOT/test/benign/894.jpg,test,0,9239,HAM_0001498,0,2.0,0.00011289185204077512,0.0006967169319977984,train,0.00014579444541595876,test,0.00011289185204077512,train,0.0005408684955909848,train,0.00022831393289379776,train,0.0018718908540904522
$KAGGLE_ROOT/test/benign/895.jpg,test,0,6148,HAM_0002041,0,4.0,1.9533408703864552e-05,0.00011583544437598903,train,4.2445048165973276e-05,train,8.455521310679615e-05,train,4.065009125042707e-05,test,1.9533408703864552e-05,train,0.0002956914249807596
$KAGGLE_ROOT/test/benign/9.jpg,test,0,6108,HAM_0005138,0,4.0,4.551178790279664e-05,2.5189307734763133e-05,train,2.6032445020973682e-05,test,4.551178790279664e-05,train,1.8885160898207687e-05,train,1.3263351320347283e-05,train,4.257627369952388e-05
$KAGGLE_ROOT/test/benign/90.jpg,test,0,4831,HAM_0006215,0,2.0,4.04888742195908e-05,7.976620933429028e-05,train,3.5454300814308226e-05,train,4.659035039367154e-05,test,4.04888742195908e-05,val,5.420343950390816e-05,train,0.00015725397679489106
$KAGGLE_ROOT/test/benign/903.jpg,test,0,8131,HAM_0003675,0,0.0,0.0002516302338335663,0.00040088396538825083,test,0.0002516302338335663,train,7.241941057145596e-05,train,8.015638741198927e-05,val,0.04714825376868248,train,0.0010500760981813073
$KAGGLE_ROOT/test/benign/906.jpg,test,0,6725,HAM_0001684,0,2.0,0.015013352036476135,0.018911209423094988,test,0.015013352036476135,train,0.0006081666797399521,train,0.011770407669246197,train,0.004182253964245319,train,0.05908400937914848
$KAGGLE_ROOT/test/benign/909.jpg,test,0,8166,HAM_0003758,0,2.0,0.042640503495931625,0.0003830131940958381,train,0.00031384435715153813,train,2.9669829018530436e-05,train,0.0010060827480629086,train,0.00018245584215037525,test,0.042640503495931625
$KAGGLE_ROOT/test/benign/912.jpg,test,0,8920,HAM_0000850,0,2.0,0.0005888750893063843,0.00034992772816622164,test,0.0005888750893063843,train,5.8214995078742504e-05,train,0.0011041336692869663,train,9.16322969715111e-05,train,0.00014572995132766664
$KAGGLE_ROOT/test/benign/916.jpg,test,0,8932,HAM_0001702,0,0.0,0.024010561406612396,0.0003151937574633242,val,0.0026484064292162657,train,8.271961996797472e-05,train,4.386740693007596e-05,train,0.0008189942454919219,test,0.024010561406612396
$KAGGLE_ROOT/test/benign/919.jpg,test,0,9213,HAM_0003322,0,4.0,1.9265362425358035e-05,6.80600442137802e-05,train,0.00012015286483801901,train,6.160687917144969e-05,test,1.9265362425358035e-05,train,3.7703335692640394e-05,train,5.277709715301171e-05
$KAGGLE_ROOT/test/benign/925.jpg,test,0,8962,HAM_0000778,0,4.0,0.00013965644757263362,0.0002818948293376404,val,4.313284080126323e-05,train,8.750041160965338e-05,train,0.00010577870125416666,test,0.00013965644757263362,train,0.000652405375149101
$KAGGLE_ROOT/test/benign/936.jpg,test,0,4284,HAM_0002846,0,2.0,1.1030147106794175e-05,4.542345095615019e-05,train,1.9802164388238452e-05,train,5.0544458645163104e-05,train,3.053890395676717e-05,test,1.1030147106794175e-05,train,8.080827683443204e-05
$KAGGLE_ROOT/test/benign/943.jpg,test,0,5951,HAM_0006209,0,4.0,1.78184563992545e-05,2.90386785006073e-05,val,1.2733054973068647e-05,train,2.8854339689132757e-05,test,1.78184563992545e-05,train,2.5719426048453897e-05,train,3.254226976423524e-05
$KAGGLE_ROOT/test/benign/944.jpg,test,0,5835,HAM_0000980,0,4.0,3.609199120546691e-05,4.052467011206318e-05,train,1.932662053150125e-05,train,4.431228808243759e-05,test,3.609199120546691e-05,train,2.5684450520202518e-05,train,7.277532131411135e-05
$KAGGLE_ROOT/test/benign/946.jpg,test,0,6274,HAM_0003488,0,2.0,5.069274629931897e-05,4.726732489264881e-05,train,1.740244624670595e-05,train,2.143378515029326e-05,test,5.069274629931897e-05,val,0.00012827639875467867,train,0.00010296574328094721
$KAGGLE_ROOT/test/benign/95.jpg,test,0,5729,HAM_0007400,0,8.0,7.10923777660355e-05,3.956663022108842e-05,train,6.349681643769145e-05,train,3.061360621359199e-05,test,7.10923777660355e-05,train,2.4589468011981808e-05,val,0.000469031510874629
$KAGGLE_ROOT/test/benign/958.jpg,test,0,8361,HAM_0000275,0,2.0,0.00022151034499984235,6.983203275012784e-05,train,4.3562667997321114e-05,train,1.3732085790252313e-05,train,7.959797949297354e-05,train,0.00014243539771996439,test,0.00022151034499984235
$KAGGLE_ROOT/test/benign/962.jpg,test,0,6392,HAM_0002179,0,4.0,3.540267425705679e-05,6.880855774700952e-05,train,2.4177890736609697e-05,train,5.52505262021441e-05,test,3.540267425705679e-05,val,4.1965693526435643e-05,train,0.00012699725630227476
$KAGGLE_ROOT/test/benign/964.jpg,test,0,9376,HAM_0004703,0,2.0,0.00016147541464306414,0.00023419102459835509,val,0.00020522945851553231,train,0.00018479496065992862,train,0.00020002586825285107,test,0.00016147541464306414,train,0.0003177522448822856
$KAGGLE_ROOT/test/benign/97.jpg,test,0,3623,HAM_0004499,0,4.0,1.7323232896160334e-05,5.6593863822248146e-05,test,1.7323232896160334e-05,train,6.273974577197805e-05,val,2.2578600692213513e-05,train,1.8329674276174046e-05,train,8.871217141859233e-05
$KAGGLE_ROOT/test/benign/972.jpg,test,0,6054,HAM_0004989,0,4.0,3.768166061490774e-05,9.010692883748561e-05,train,6.630666030105203e-05,train,4.49723593192175e-05,test,3.768166061490774e-05,train,7.710896898061037e-05,train,0.00017203972674906254
$KAGGLE_ROOT/test/benign/98.jpg,test,0,3628,HAM_0000564,0,2.0,3.4538505133241415e-05,0.00027765909771915176,test,3.4538505133241415e-05,train,2.7475334718474187e-05,train,0.00015517564315814525,train,0.000572037126403302,train,0.00035594828659668565
$KAGGLE_ROOT/test/benign/982.jpg,test,0,7552,HAM_0006120,0,4.0,0.00023072859039530158,0.00028670800384134054,train,0.0004177390655968338,train,7.764124893583357e-05,val,0.0002903839049395174,test,0.00023072859039530158,train,0.0003647436969913542
$KAGGLE_ROOT/test/benign/993.jpg,test,0,6410,HAM_0001717,0,2.0,4.99194793519564e-05,0.00031349538130598376,train,8.644753688713536e-05,train,5.007591607864015e-05,test,4.99194793519564e-05,train,0.0004864359798375517,train,0.0006310220924206078
$KAGGLE_ROOT/test/benign/998.jpg,test,0,5292,HAM_0005004,0,2.0,0.00015731036546640098,4.332802882345277e-05,train,2.098403638228774e-05,train,3.425110844545998e-05,train,9.735072671901435e-05,train,2.072624374704901e-05,test,0.00015731036546640098
$KAGGLE_ROOT/test/malignant/1003.jpg,test,1,2147,HAM_0002099,1,0.0,0.6684333086013794,0.9842921296755472,train,0.9892634749412537,test,0.6684333086013794,train,0.9697745442390442,train,0.993838369846344,val,0.7110140919685364
$KAGGLE_ROOT/test/malignant/1005.jpg,test,1,2112,HAM_0005251,1,0.0,0.048071373254060745,0.5099853227535883,val,0.0017111573833972216,train,0.5408016443252563,train,0.08773629367351532,test,0.048071373254060745,train,0.9014180302619934
$KAGGLE_ROOT/test/malignant/1007.jpg,test,1,2103,HAM_0004354,1,2.0,0.001252802787348628,0.7437783051282167,train,0.989935576915741,test,0.001252802787348628,train,0.9117072224617004,train,0.9942545294761658,train,0.0792158916592598
$KAGGLE_ROOT/test/malignant/1009.jpg,test,1,2161,HAM_0002772,1,0.0,0.20605047047138214,0.686694065729777,val,0.012005207128822803,train,0.2212921380996704,train,0.8506630063056946,train,0.9881270527839661,test,0.20605047047138214
$KAGGLE_ROOT/test/malignant/1012.jpg,test,1,2200,HAM_0002970,1,2.0,7.216860831249505e-05,0.19193195248953998,train,0.07920131832361221,train,0.05224943906068802,test,7.216860831249505e-05,train,0.6352183222770691,train,0.0010587302967905998
$KAGGLE_ROOT/test/malignant/1019.jpg,test,1,1456,HAM_0004121,1,2.0,0.03842787444591522,0.19857937842607498,test,0.03842787444591522,val,0.000204417432541959,val,0.0025896092411130667,train,0.25009486079216003,train,0.14706389605998993
$KAGGLE_ROOT/test/malignant/1022.jpg,test,1,1389,HAM_0000059,1,2.0,0.001450273091904819,0.0759288266999647,test,0.001450273091904819,train,0.019796615466475487,train,0.0035644476301968098,train,0.013429802842438221,train,0.2669244408607483
$KAGGLE_ROOT/test/malignant/1026.jpg,test,1,2036,HAM_0005533,1,0.0,0.1905534267425537,0.9476912021636963,train,0.9264202117919922,test,0.1905534267425537,train,0.9689621925354004,val,0.9972947239875793,val,0.01838095299899578
$KAGGLE_ROOT/test/malignant/1027.jpg,test,1,2286,HAM_0004053,1,0.0,0.015364381484687328,0.09952626843005419,test,0.015364381484687328,train,0.003300027921795845,train,0.009499872103333473,train,0.3361259996891022,train,0.04917917400598526
$KAGGLE_ROOT/test/malignant/1037.jpg,test,1,2279,HAM_0004053,1,2.0,0.642075777053833,0.635179229080677,test,0.642075777053833,train,0.7719612717628479,train,0.2880418002605438,train,0.9870647192001343,train,0.49364912509918213
$KAGGLE_ROOT/test/malignant/1038.jpg,test,1,2052,HAM_0004654,1,2.0,0.0016822280595079064,0.5657353550195694,train,0.1441691368818283,test,0.0016822280595079064,train,0.6064637899398804,train,0.9465731382369995,val,0.02703758142888546
$KAGGLE_ROOT/test/malignant/1046.jpg,test,1,2288,HAM_0004596,1,0.0,0.46279895305633545,0.5306875582318753,train,0.9887841939926147,train,0.01406849455088377,train,0.5631720423698425,train,0.5567255020141602,test,0.46279895305633545
$KAGGLE_ROOT/test/malignant/1049.jpg,test,1,1868,HAM_0005681,1,0.0,0.010734702460467815,0.5565477286775907,train,0.6560382843017578,val,0.0009163555805571377,train,0.021785281598567963,train,0.9918196201324463,test,0.010734702460467815
$KAGGLE_ROOT/test/malignant/1056.jpg,test,1,1937,HAM_0006017,1,0.0,3.415918763494119e-05,0.004506221201154403,train,0.0013733276864513755,train,9.505012712907046e-05,train,0.016418449580669403,test,3.415918763494119e-05,train,0.00013805741036776453
$KAGGLE_ROOT/test/malignant/1058.jpg,test,1,2025,HAM_0006497,1,0.0,0.0006112861447036266,0.25855378806591034,train,0.2603565454483032,val,0.0001221501297550276,val,0.027753356844186783,test,0.0006112861447036266,train,0.25675103068351746
$KAGGLE_ROOT/test/malignant/1065.jpg,test,1,1403,HAM_0006896,1,0.0,0.0006699056830257177,0.12396917367974918,train,0.1854812353849411,test,0.0006699056830257177,train,0.1391005665063858,val,0.00028862350154668093,train,0.04732571914792061
$KAGGLE_ROOT/test/malignant/1074.jpg,test,1,2236,HAM_0003601,1,0.0,0.0001831004919949919,0.008552866211781899,train,0.0026176786050200462,test,0.0001831004919949919,train,0.005469560157507658,val,0.00021974059927742928,train,0.017571359872817993
$KAGGLE_ROOT/test/malignant/1080.jpg,test,1,2226,HAM_0006764,1,2.0,0.0040856399573385715,0.4983772940468043,train,0.8982167840003967,train,0.008231970481574535,train,0.1484474241733551,train,0.9386129975318909,test,0.0040856399573385715
$KAGGLE_ROOT/test/malignant/1083.jpg,test,1,2004,HAM_0002534,1,0.0,0.0005987575277686119,0.6418832782655954,train,0.7110406160354614,train,0.8908758163452148,test,0.0005987575277686119,train,0.9471136331558228,train,0.01850304752588272
$KAGGLE_ROOT/test/malignant/1089.jpg,test,1,1988,HAM_0002430,1,0.0,0.9927594661712646,0.9239132255315781,train,0.999642014503479,train,0.989967942237854,train,0.989081621170044,test,0.9927594661712646,train,0.7169613242149353
$KAGGLE_ROOT/test/malignant/1091.jpg,test,1,2089,HAM_0006004,1,0.0,0.668461799621582,0.5853083881471927,val,0.005701666697859764,train,0.0011248447699472308,train,0.7858583927154541,train,0.9689419269561768,test,0.668461799621582
$KAGGLE_ROOT/test/malignant/1094.jpg,test,1,1287,HAM_0000099,1,0.0,0.0004877122992184013,0.030396608635783195,test,0.0004877122992184013,val,0.0006240368238650262,train,0.02071935310959816,val,0.004117434378713369,train,0.04007386416196823
$KAGGLE_ROOT/test/malignant/1112.jpg,test,1,2230,HAM_0005789,1,2.0,0.09182579070329666,0.9299925118684769,train,0.9985775947570801,train,0.9410508275032043,test,0.09182579070329666,train,0.9982335567474365,train,0.7821080684661865
$KAGGLE_ROOT/test/malignant/1113.jpg,test,1,1418,HAM_0000796,1,2.0,0.3410278856754303,0.3348214974006017,test,0.3410278856754303,train,0.5712032318115234,train,0.3002456724643707,train,0.13301558792591095,val,0.08096183836460114
$KAGGLE_ROOT/test/malignant/1119.jpg,test,1,1656,HAM_0006037,1,2.0,0.9990699887275696,0.9988046685854594,train,0.9997732043266296,train,0.9988166093826294,val,0.9283085465431213,test,0.9990699887275696,train,0.9978241920471191
$KAGGLE_ROOT/test/malignant/1120.jpg,test,1,1215,HAM_0005678,1,2.0,0.9994891881942749,0.9853048622608185,test,0.9994891881942749,train,0.9443779587745667,train,0.9987384676933289,train,0.9995347261428833,train,0.9985682964324951
$KAGGLE_ROOT/test/malignant/1128.jpg,test,1,2257,HAM_0007498,1,2.0,0.0021872585639357567,0.47339400742202997,train,0.7958963513374329,train,0.0690872073173523,test,0.0021872585639357567,train,0.9956264495849609,train,0.032966021448373795
$KAGGLE_ROOT/test/malignant/1135.jpg,test,1,2246,HAM_0004559,1,0.0,0.020820660516619682,0.657588966190815,train,0.9753487706184387,train,0.5116087198257446,train,0.19568940997123718,test,0.020820660516619682,train,0.9477089643478394
$KAGGLE_ROOT/test/malignant/1141.jpg,test,1,1283,HAM_0006253,1,0.0,0.2963544726371765,0.9226244886716207,train,0.9943355917930603,train,0.7752116322517395,test,0.2963544726371765,train,0.9983262419700623,val,0.5932796597480774
$KAGGLE_ROOT/test/malignant/1150.jpg,test,1,1417,HAM_0000796,1,0.0,0.0011575337266549468,0.6124811371167501,test,0.0011575337266549468,train,0.6224905252456665,train,0.21866852045059204,train,0.9962843656539917,val,9.413108637090772e-05
$KAGGLE_ROOT/test/malignant/1151.jpg,test,1,2075,HAM_0007114,1,0.0,0.009326436556875706,0.5018368065357208,train,0.9753680229187012,test,0.009326436556875706,train,0.2861885130405426,val,0.02584245800971985,train,0.2439538836479187
$KAGGLE_ROOT/test/malignant/1155.jpg,test,1,1951,HAM_0002186,1,2.0,0.10994596779346466,0.5142796254949644,train,0.9643753170967102,test,0.10994596779346466,train,0.959130585193634,train,0.128309965133667,train,0.005302634555846453
$KAGGLE_ROOT/test/malignant/1156.jpg,test,1,1949,HAM_0002491,1,2.0,0.01833912543952465,0.26178861258085817,test,0.01833912543952465,train,0.4516850411891937,train,0.5085494518280029,train,0.08397720754146576,train,0.0029427497647702694
$KAGGLE_ROOT/test/malignant/1160.jpg,test,1,2305,HAM_0003534,1,2.0,0.0001633107749512419,0.004267285345122218,train,0.005038383882492781,train,0.0002772744046524167,train,0.000985334045253694,test,0.0001633107749512419,train,0.010768149048089981
$KAGGLE_ROOT/test/malignant/1164.jpg,test,1,1346,HAM_0003212,1,4.0,0.0027811932377517223,0.009938487957697362,test,0.0027811932377517223,train,0.006557439919561148,train,0.02563152089715004,train,0.004986346699297428,train,0.0025786443147808313
$KAGGLE_ROOT/test/malignant/1166.jpg,test,1,2039,HAM_0000856,1,2.0,0.18940405547618866,0.7408609092235565,val,0.6533984541893005,train,0.9743068814277649,test,0.18940405547618866,train,0.5074149370193481,val,0.0014771943679079413
$KAGGLE_ROOT/test/malignant/1170.jpg,test,1,2181,HAM_0001814,1,0.0,0.00016816923744045198,0.6182148847728968,train,0.995750904083252,train,0.3820969760417938,test,0.00016816923744045198,train,0.9970038533210754,train,0.09800780564546585
$KAGGLE_ROOT/test/malignant/1173.jpg,test,1,1942,HAM_0001819,1,2.0,0.9822826981544495,0.9427335063616434,train,0.9971768856048584,test,0.9822826981544495,val,0.9599515795707703,train,0.9904977679252625,train,0.8405258655548096
$KAGGLE_ROOT/test/malignant/1176.jpg,test,1,2248,HAM_0004622,1,0.0,0.00015167090168688446,0.09551439745155221,train,0.379770427942276,train,9.774289355846122e-05,train,0.00015939722652547061,test,0.00015167090168688446,train,0.00203002174384892
$KAGGLE_ROOT/test/malignant/1185.jpg,test,1,2102,HAM_0000125,1,2.0,0.05271058902144432,0.9788728654384613,train,0.9789789319038391,train,0.9897067546844482,train,0.9791029095649719,test,0.05271058902144432,train,0.9677028656005859
$KAGGLE_ROOT/test/malignant/1186.jpg,test,1,2090,HAM_0006006,1,0.0,0.015279635787010193,0.012389571988023818,test,0.015279635787010193,train,0.0009928883519023657,val,0.002449905266985297,train,0.03467201068997383,train,0.0015038169221952558
$KAGGLE_ROOT/test/malignant/1187.jpg,test,1,2212,HAM_0006779,1,2.0,0.030446620658040047,0.46665997554858524,train,0.9775899052619934,train,0.07731569558382034,train,0.345074325799942,test,0.030446620658040047,val,0.029624884948134422
$KAGGLE_ROOT/test/malignant/1189.jpg,test,1,2256,HAM_0002109,1,0.0,0.22276173532009125,0.4784785909578204,train,0.992975115776062,train,0.047807928174734116,train,0.8538298010826111,train,0.01930151879787445,test,0.22276173532009125
$KAGGLE_ROOT/test/malignant/1194.jpg,test,1,2292,HAM_0006832,1,2.0,0.01772499643266201,0.7057147547602654,train,0.4744126498699188,train,0.6567695140838623,test,0.01772499643266201,train,0.9894542694091797,train,0.7022225856781006
$KAGGLE_ROOT/test/malignant/1197.jpg,test,1,2272,HAM_0002591,1,0.0,0.0006273641483858228,0.5140439768632253,val,0.021963808685541153,train,0.3467762768268585,train,0.6281196475028992,train,0.5672360062599182,test,0.0006273641483858228
$KAGGLE_ROOT/test/malignant/1198.jpg,test,1,2005,HAM_0004281,1,4.0,0.9890249371528625,0.5403427481651306,test,0.9890249371528625,train,0.26002469658851624,train,0.9981209635734558,val,0.8619866967201233,train,0.3628825843334198
$KAGGLE_ROOT/test/malignant/1211.jpg,test,1,1420,HAM_0003330,1,0.0,0.20913034677505493,0.35449484176933765,test,0.20913034677505493,train,0.03243551403284073,train,0.06042584776878357,train,0.984393298625946,train,0.3407247066497803
$KAGGLE_ROOT/test/malignant/1215.jpg,test,1,1998,HAM_0006538,1,4.0,4.339925726526417e-05,0.01590071216924116,train,0.03624861314892769,train,0.01166914589703083,train,0.013647807762026787,train,0.002037281868979335,test,4.339925726526417e-05
$KAGGLE_ROOT/test/malignant/1216.jpg,test,1,1446,HAM_0002391,1,2.0,0.7302467226982117,0.7830582112073898,train,0.8604825139045715,train,0.957192599773407,train,0.3390573263168335,train,0.9755004048347473,test,0.7302467226982117
$KAGGLE_ROOT/test/malignant/1218.jpg,test,1,2053,HAM_0007019,1,0.0,0.8951586484909058,0.7634787857532501,train,0.984943687915802,train,0.7594248056411743,train,0.3231937289237976,train,0.9863529205322266,test,0.8951586484909058
$KAGGLE_ROOT/test/malignant/1220.jpg,test,1,2243,HAM_0004898,1,2.0,0.0025993105955421925,0.7757753531138102,train,0.5779222846031189,test,0.0025993105955421925,train,0.9323455095291138,train,0.817058265209198,val,0.030369838699698448
$KAGGLE_ROOT/test/malignant/1221.jpg,test,1,2193,HAM_0002817,1,4.0,0.001997466431930661,0.1464993681292981,train,0.014381970278918743,test,0.001997466431930661,train,0.11363166570663452,train,0.44412142038345337,train,0.01386241614818573
$KAGGLE_ROOT/test/malignant/1227.jpg,test,1,1382,HAM_0003683,1,4.0,0.0562216155230999,0.2664042543619871,test,0.0562216155230999,train,0.15782029926776886,train,0.07175878435373306,train,0.7680662870407104,train,0.06797164678573608
$KAGGLE_ROOT/test/malignant/1228.jpg,test,1,1461,HAM_0005719,1,0.0,5.086430974188261e-05,0.11023767589358613,train,0.3246208429336548,train,0.002263774862512946,train,0.10662676393985748,train,0.007439321838319302,test,5.086430974188261e-05
$KAGGLE_ROOT/test/malignant/1229.jpg,test,1,2267,HAM_0002130,1,2.0,0.0017867686692625284,0.06159724178723991,train,0.15646909177303314,train,0.001858769217506051,test,0.0017867686692625284,val,0.003778400830924511,train,0.026463864371180534
$KAGGLE_ROOT/test/malignant/1234.jpg,test,1,1795,HAM_0003700,1,2.0,0.22387966513633728,0.9055513739585876,train,0.9913012385368347,train,0.7696710824966431,test,0.22387966513633728,train,0.9556818008422852,val,0.2224663496017456
$KAGGLE_ROOT/test/malignant/1238.jpg,test,1,1308,HAM_0004643,1,0.0,0.0008148110355250537,0.0357798914774321,train,0.0003807389293797314,train,0.0028157480992376804,val,0.000459503207821399,train,0.1041431874036789,test,0.0008148110355250537
$KAGGLE_ROOT/test/malignant/1242.jpg,test,1,2218,HAM_0004936,1,0.0,0.8644191026687622,0.8092507719993591,train,0.9851137399673462,test,0.8644191026687622,val,0.3581523001194,val,0.18002042174339294,train,0.6333878040313721
$KAGGLE_ROOT/test/malignant/1251.jpg,test,1,1401,HAM_0006635,1,0.0,0.9851972460746765,0.7933274507522583,val,0.9966243505477905,test,0.9851972460746765,train,0.6211901903152466,train,0.96546471118927,val,0.8861750960350037
$KAGGLE_ROOT/test/malignant/1254.jpg,test,1,1500,HAM_0001266,1,0.0,0.0003026855702046305,0.18328230595216155,train,0.0030274521559476852,test,0.0003026855702046305,train,0.04596400260925293,train,0.5822592377662659,train,0.10187853127717972
$KAGGLE_ROOT/test/malignant/1256.jpg,test,1,1955,HAM_0006626,1,2.0,0.9566462635993958,0.6923522154490153,train,0.9953044652938843,train,0.9952142238616943,val,0.9993847608566284,test,0.9566462635993958,train,0.08653795719146729
$KAGGLE_ROOT/test/malignant/1262.jpg,test,1,1366,HAM_0005742,1,2.0,0.5424720048904419,0.9581052958965302,test,0.5424720048904419,train,0.9855235815048218,train,0.865847110748291,train,0.9922211766242981,train,0.9888293147087097
$KAGGLE_ROOT/test/malignant/1266.jpg,test,1,2135,HAM_0007242,1,2.0,0.003185689216479659,0.06432072818279266,train,0.06432072818279266,val,0.0006016624392941594,val,0.019324976950883865,test,0.003185689216479659,val,0.01706516556441784
$KAGGLE_ROOT/test/malignant/1267.jpg,test,1,1278,HAM_0004126,1,0.0,0.10101448744535446,0.6435001790523529,train,0.976341962814331,train,0.9920584559440613,train,0.27181705832481384,test,0.10101448744535446,train,0.33378323912620544
$KAGGLE_ROOT/test/malignant/1268.jpg,test,1,1252,HAM_0006900,1,0.0,0.0008706473163329065,0.9054973522822062,test,0.0008706473163329065,val,0.0016123349778354168,train,0.7501338720321655,train,0.9942313432693481,train,0.972126841545105
$KAGGLE_ROOT/test/malignant/1280.jpg,test,1,1282,HAM_0006253,1,2.0,0.002425240818411112,0.0193211696362899,train,0.05316350236535072,train,0.00024470154312439263,test,0.002425240818411112,train,0.004555305000394583,val,0.00047744886251166463
$KAGGLE_ROOT/test/malignant/1286.jpg,test,1,1770,HAM_0000375,1,0.0,0.00010901078348979354,0.0030465354211628437,val,0.000725196092389524,test,0.00010901078348979354,train,0.0030465354211628437,val,0.0019713446963578463,val,0.0011772267753258348
$KAGGLE_ROOT/test/malignant/1289.jpg,test,1,2314,HAM_0004047,1,2.0,4.060580249642953e-05,0.01549033295790044,test,4.060580249642953e-05,train,0.00041304630576632917,val,0.0003411340294405818,train,0.035134635865688324,train,0.010923316702246666
$KAGGLE_ROOT/test/malignant/1292.jpg,test,1,1748,HAM_0004853,1,0.0,0.996539831161499,0.994738295674324,train,0.9922798871994019,train,0.9924322366714478,test,0.996539831161499,train,0.997805655002594,train,0.9964354038238525
$KAGGLE_ROOT/test/malignant/1295.jpg,test,1,2019,HAM_0002764,1,0.0,7.083739183144644e-05,0.00962464684562292,train,0.0008564721210859716,test,7.083739183144644e-05,train,0.0031621078960597515,train,0.025329457595944405,train,0.00915054976940155
$KAGGLE_ROOT/test/malignant/1297.jpg,test,1,1990,HAM_0000917,1,2.0,0.21350722014904022,0.769096739590168,train,0.9899409413337708,train,0.9690667390823364,train,0.7260329723358154,train,0.3913463056087494,test,0.21350722014904022
$KAGGLE_ROOT/test/malignant/1300.jpg,test,1,2153,HAM_0005121,1,0.0,0.9561547040939331,0.6708651632070541,train,0.9933421015739441,train,0.20246192812919617,train,0.4884556233882904,train,0.9992009997367859,test,0.9561547040939331
$KAGGLE_ROOT/test/malignant/1310.jpg,test,1,1421,HAM_0002897,1,2.0,7.970667502377182e-05,0.2240010225214064,val,0.0007260182173922658,train,0.004381542094051838,val,0.00860006082803011,test,7.970667502377182e-05,train,0.443620502948761
$KAGGLE_ROOT/test/malignant/1320.jpg,test,1,2100,HAM_0006380,1,2.0,0.00019400882592890412,0.6144397060076395,val,0.000962721009273082,test,0.00019400882592890412,train,0.1110042929649353,train,0.9992467164993286,train,0.7330681085586548
$KAGGLE_ROOT/test/malignant/1322.jpg,test,1,1991,HAM_0003176,1,2.0,0.2174556702375412,0.3299353490001522,train,0.5767897963523865,train,0.0009901083540171385,test,0.2174556702375412,train,0.7322204113006592,train,0.009741079993546009
$KAGGLE_ROOT/test/malignant/1330.jpg,test,1,1469,HAM_0001456,1,0.0,0.22412419319152832,0.4401557471137494,train,0.07188329845666885,train,0.9811548590660095,train,0.6961022615432739,train,0.011482569389045238,test,0.22412419319152832
$KAGGLE_ROOT/test/malignant/1333.jpg,test,1,1303,HAM_0001847,1,0.0,0.3675682246685028,0.41197003424167633,train,0.18060095608234406,train,0.4860213100910187,test,0.3675682246685028,val,0.004258297383785248,train,0.5692878365516663
$KAGGLE_ROOT/test/malignant/1336.jpg,test,1,2274,HAM_0002613,1,0.0,0.7646574378013611,0.9953109622001648,train,0.9990684390068054,train,0.987308919429779,val,0.40948644280433655,train,0.9995555281639099,test,0.7646574378013611
$KAGGLE_ROOT/test/malignant/1339.jpg,test,1,2166,HAM_0006160,1,0.0,0.7751200199127197,0.5876530413515866,train,0.8341986536979675,train,0.675898551940918,train,0.018943967297673225,test,0.7751200199127197,train,0.8215709924697876
$KAGGLE_ROOT/test/malignant/1342.jpg,test,1,2262,HAM_0002131,1,2.0,0.008080938830971718,0.26038957526907325,train,0.7619516849517822,train,0.017132064327597618,train,0.23433193564414978,train,0.028142616152763367,test,0.008080938830971718
$KAGGLE_ROOT/test/malignant/1347.jpg,test,1,1976,HAM_0000888,1,0.0,0.0009356430382467806,0.7031059563159943,test,0.0009356430382467806,train,0.8958907127380371,train,0.5103211998939514,val,0.0008348718984052539,val,0.00287982658483088
$KAGGLE_ROOT/test/malignant/1354.jpg,test,1,1923,HAM_0000988,1,2.0,9.931766544468701e-05,0.08417060408586015,train,0.0005181649466976523,val,0.00040236496715806425,train,0.0057976157404482365,train,0.24619603157043457,test,9.931766544468701e-05
$KAGGLE_ROOT/test/malignant/1355.jpg,test,1,1377,HAM_0006214,1,2.0,0.0013290225761011243,0.019197284942492843,train,0.017508598044514656,train,0.044474199414253235,train,0.0011744070798158646,test,0.0013290225761011243,train,0.013631935231387615
$KAGGLE_ROOT/test/malignant/1358.jpg,test,1,1916,HAM_0000375,1,4.0,0.0012898858403787017,0.5352582931518555,val,0.0032045571133494377,test,0.0012898858403787017,train,0.5352582931518555,val,0.3041357696056366,val,0.8226025700569153
$KAGGLE_ROOT/test/malignant/1359.jpg,test,1,2111,HAM_0000767,1,2.0,0.8733311891555786,0.8545278459787369,train,0.9984827637672424,train,0.8819136023521423,test,0.8733311891555786,train,0.9590339660644531,train,0.5786810517311096
$KAGGLE_ROOT/test/malignant/1364.jpg,test,1,2195,HAM_0003435,1,0.0,0.0010863406350836158,0.19620552193373442,train,0.45088011026382446,train,0.04257401078939438,train,0.03138350322842598,train,0.25998446345329285,test,0.0010863406350836158
$KAGGLE_ROOT/test/malignant/1366.jpg,test,1,1321,HAM_0000531,1,0.0,0.006365808192640543,0.2200598026975058,train,0.09778323769569397,train,0.0038213131483644247,train,0.10899811238050461,test,0.006365808192640543,train,0.6696365475654602
$KAGGLE_ROOT/test/malignant/1370.jpg,test,1,2189,HAM_0000593,1,2.0,0.07003630697727203,0.5470420708879828,train,0.9867349863052368,test,0.07003630697727203,train,0.16272960603237152,train,0.9959851503372192,train,0.042718540877103806
$KAGGLE_ROOT/test/malignant/1374.jpg,test,1,2179,HAM_0006380,1,0.0,3.4414028050377965e-05,0.645969013373057,val,0.0005761997308582067,test,3.4414028050377965e-05,train,0.25361406803131104,train,0.9361435174942017,train,0.7481494545936584
$KAGGLE_ROOT/test/malignant/1378.jpg,test,1,1224,HAM_0006722,1,0.0,0.002861693035811186,0.9192258914311727,train,0.9958615899085999,test,0.002861693035811186,train,0.7705919146537781,val,0.9482333660125732,train,0.9912241697311401
$KAGGLE_ROOT/test/malignant/1379.jpg,test,1,1348,HAM_0001202,1,0.0,0.6981041431427002,0.16126875631744042,test,0.6981041431427002,train,0.2974693477153778,train,0.0018372333142906427,train,0.27130141854286194,train,0.07446702569723129
$KAGGLE_ROOT/test/malignant/1380.jpg,test,1,2116,HAM_0001657,1,2.0,0.004896450322121382,0.033535974410672985,val,0.009482084773480892,train,0.07146543264389038,train,0.01914372853934765,test,0.004896450322121382,train,0.009998762048780918
$KAGGLE_ROOT/test/malignant/1382.jpg,test,1,1384,HAM_0007229,1,0.0,0.1569291651248932,0.7103997468948364,train,0.9434201717376709,train,0.9985954165458679,train,0.5376706719398499,train,0.36191272735595703,test,0.1569291651248932
$KAGGLE_ROOT/test/malignant/1383.jpg,test,1,2174,HAM_0002693,1,0.0,0.006013677455484867,0.4395378092303872,test,0.006013677455484867,train,0.04583415761590004,train,0.3706842362880707,train,0.6574852466583252,train,0.6841475963592529
$KAGGLE_ROOT/test/malignant/1395.jpg,test,1,2029,HAM_0000863,1,2.0,0.6559607982635498,0.8867114186286926,train,0.9972770810127258,test,0.6559607982635498,train,0.7419198751449585,train,0.9997941851615906,train,0.8078545331954956
$KAGGLE_ROOT/test/malignant/1401.jpg,test,1,1877,HAM_0002051,1,0.0,0.13773523271083832,0.8252689639727274,train,0.9401743412017822,train,0.9641576409339905,val,0.15101683139801025,test,0.13773523271083832,train,0.5714749097824097
$KAGGLE_ROOT/test/malignant/1402.jpg,test,1,1970,HAM_0002711,1,2.0,0.02936575375497341,0.32849405985325575,train,0.029029574245214462,test,0.02936575375497341,train,0.20516762137413025,train,0.9354715347290039,train,0.14430750906467438
$KAGGLE_ROOT/test/malignant/1417.jpg,test,1,1509,HAM_0007368,1,4.0,0.963769793510437,0.7942988574504852,train,0.9953362345695496,val,0.6056012511253357,val,0.9402574896812439,test,0.963769793510437,train,0.5932614803314209
$KAGGLE_ROOT/test/malignant/1422.jpg,test,1,2096,HAM_0002609,1,2.0,0.0033005315344780684,0.3112895069643855,train,0.3610900342464447,test,0.0033005315344780684,train,0.030192065984010696,train,0.8288933038711548,train,0.024982623755931854
$KAGGLE_ROOT/test/malignant/1425.jpg,test,1,1707,HAM_0005078,1,4.0,0.6917960047721863,0.48088090773671865,test,0.6917960047721863,val,0.00023560259432997555,train,0.48904988169670105,train,0.9412529468536377,train,0.012339894659817219
$KAGGLE_ROOT/test/malignant/1427.jpg,test,1,1306,HAM_0006739,1,2.0,0.3408811688423157,0.976030965646108,train,0.9975651502609253,train,0.9548988938331604,train,0.9756288528442383,val,0.4621831774711609,test,0.3408811688423157
$KAGGLE_ROOT/test/malignant/1430.jpg,test,1,2220,HAM_0001964,1,4.0,0.005192224867641926,0.42980148550122976,train,0.8875734806060791,train,0.012535189278423786,test,0.005192224867641926,train,0.3892957866191864,val,0.011293748393654823
$KAGGLE_ROOT/test/malignant/1436.jpg,test,1,1982,HAM_0003400,1,2.0,0.0019042033236473799,0.8009109199047089,train,0.9552777409553528,val,0.0006012795493006706,train,0.6465440988540649,val,0.0006490054074674845,test,0.0019042033236473799
$KAGGLE_ROOT/test/malignant/1438.jpg,test,1,2219,HAM_0000513,1,0.0,0.0007736882544122636,0.10979189650000383,train,0.3113398849964142,train,0.0014995035016909242,test,0.0007736882544122636,train,0.016536301001906395,val,3.8542824768228456e-05
$KAGGLE_ROOT/test/malignant/1443.jpg,test,1,1304,HAM_0000152,1,0.0,0.007862473838031292,0.6557280886918306,train,0.11057747155427933,test,0.007862473838031292,train,0.5722936391830444,train,0.9995679259300232,train,0.9404733180999756
$KAGGLE_ROOT/test/malignant/1447.jpg,test,1,1291,HAM_0002714,1,2.0,0.041387490928173065,0.3126988373696804,train,0.3405771851539612,test,0.041387490928173065,train,0.543302059173584,train,0.25526973605155945,train,0.111646369099617
$KAGGLE_ROOT/test/malignant/1451.jpg,test,1,1286,HAM_0000099,1,2.0,0.00032446059049107134,0.027138223871588707,test,0.00032446059049107134,val,9.815265366341919e-05,train,0.010450337082147598,val,4.723883102997206e-05,train,0.043826110661029816
$KAGGLE_ROOT/test/malignant/1461.jpg,test,1,2145,HAM_0006942,1,2.0,0.0006211554282344878,0.021666382924498368,test,0.0006211554282344878,train,0.0014049800811335444,train,0.06301534920930862,train,0.0005788194830529392,val,0.00016983288514893502
$KAGGLE_ROOT/test/malignant/1464.jpg,test,1,1512,HAM_0007343,1,4.0,0.9719835519790649,0.9959249893824259,train,0.9887120723724365,val,0.993637204170227,train,0.9992247819900513,train,0.99983811378479,test,0.9719835519790649
$KAGGLE_ROOT/test/malignant/1484.jpg,test,1,1902,HAM_0000709,1,4.0,0.00038698219577781856,0.295399934053421,train,0.295399934053421,val,0.0006252546445466578,val,0.002312679076567292,test,0.00038698219577781856,val,0.0007751601515337825
$KAGGLE_ROOT/test/malignant/1489.jpg,test,1,1834,HAM_0006923,1,2.0,0.0007669553742744029,0.3203616530324022,val,0.00023730879183858633,train,0.18436548113822937,train,0.008794811554253101,train,0.7679246664047241,test,0.0007669553742744029
$KAGGLE_ROOT/test/malignant/1495.jpg,test,1,1489,HAM_0003083,1,2.0,0.3907890021800995,0.9930888265371323,train,0.9966573715209961,train,0.9959607720375061,train,0.9919956922531128,train,0.9877414703369141,test,0.3907890021800995
$KAGGLE_ROOT/test/malignant/1499.jpg,test,1,1782,HAM_0004129,1,4.0,0.016023484990000725,0.3744632489979267,test,0.016023484990000725,train,0.20951955020427704,train,0.45050308108329773,train,0.5040547847747803,train,0.3337755799293518
$KAGGLE_ROOT/test/malignant/817.jpg,test,1,2241,HAM_0007511,1,2.0,0.6567305326461792,0.9861456900835037,train,0.9939544796943665,test,0.6567305326461792,train,0.9657142162322998,train,0.9910707473754883,train,0.9938433170318604
$KAGGLE_ROOT/test/malignant/822.jpg,test,1,1958,HAM_0001950,1,2.0,0.9933566451072693,0.9951554834842682,train,0.9976385831832886,val,0.988255500793457,train,0.9926723837852478,val,0.988211452960968,test,0.9933566451072693
$KAGGLE_ROOT/test/malignant/826.jpg,test,1,1416,HAM_0001703,1,2.0,0.9565569162368774,0.9764330387115479,test,0.9565569162368774,train,0.9988614320755005,train,0.9638851881027222,train,0.9858631491661072,train,0.9571223855018616
$KAGGLE_ROOT/test/malignant/832.jpg,test,1,1966,HAM_0000653,1,0.0,0.011468456126749516,0.709365226328373,train,0.9459357261657715,train,0.7579743266105652,train,0.7815110683441162,test,0.011468456126749516,train,0.35203978419303894
$KAGGLE_ROOT/test/malignant/836.jpg,test,1,1319,HAM_0000210,1,4.0,0.12684156000614166,0.6982192080467939,train,0.996933102607727,train,0.054577045142650604,test,0.12684156000614166,train,0.99068284034729,train,0.7506838440895081
$KAGGLE_ROOT/test/malignant/838.jpg,test,1,1952,HAM_0005467,1,2.0,0.9898472428321838,0.8717447817325592,test,0.9898472428321838,train,0.8681697845458984,train,0.9909300208091736,train,0.998853325843811,train,0.6290259957313538
$KAGGLE_ROOT/test/malignant/839.jpg,test,1,2034,HAM_0004171,1,4.0,0.1610233187675476,0.06060060879099183,test,0.1610233187675476,train,0.0015582324704155326,train,0.005748962517827749,train,0.08382854610681534,train,0.1512666940689087
$KAGGLE_ROOT/test/malignant/852.jpg,test,1,1460,HAM_0007272,1,4.0,0.0006235496257431805,0.2581359832256567,train,0.0005607279017567635,train,0.0014207669300958514,train,0.03554419428110123,train,0.9950182437896729,test,0.0006235496257431805
$KAGGLE_ROOT/test/malignant/859.jpg,test,1,2276,HAM_0003167,1,4.0,0.0009651841828599572,0.2628833153285086,train,0.03083413653075695,train,0.08773436397314072,test,0.0009651841828599572,train,0.8721755743026733,train,0.060789186507463455
$KAGGLE_ROOT/test/malignant/864.jpg,test,1,1630,HAM_0004593,1,4.0,8.584227180108428e-05,0.001377447081419329,test,8.584227180108428e-05,train,0.0008757663890719414,val,9.813299402594566e-05,train,0.0022229065652936697,train,0.0010336682898923755
$KAGGLE_ROOT/test/malignant/866.jpg,test,1,2258,HAM_0007530,1,4.0,0.00023470711312256753,0.2256562625601267,train,0.0013124913675710559,train,0.00954458862543106,test,0.00023470711312256753,train,0.6661117076873779,val,0.0002597019192762673
$KAGGLE_ROOT/test/malignant/868.jpg,test,1,1957,HAM_0002196,1,0.0,0.031617000699043274,0.882541298866272,test,0.031617000699043274,train,0.795465350151062,train,0.9022391438484192,train,0.9499194025993347,val,0.09354673326015472
$KAGGLE_ROOT/test/malignant/871.jpg,test,1,1333,HAM_0001531,1,2.0,0.0002412608591839671,0.23293614837651452,train,0.00734455743804574,test,0.0002412608591839671,train,0.19225049018859863,val,0.0024193711578845978,train,0.49921339750289917
$KAGGLE_ROOT/test/malignant/874.jpg,test,1,2091,HAM_0006006,1,4.0,0.00012168545072199777,0.045632228158259146,test,0.00012168545072199777,train,0.0005185787449590862,val,0.00749922962859273,train,0.017119046300649643,train,0.1192590594291687
$KAGGLE_ROOT/test/malignant/881.jpg,test,1,1466,HAM_0007073,1,0.0,0.4895460307598114,0.6324182947476705,test,0.4895460307598114,train,0.27420568466186523,train,0.6240113377571106,train,0.9990378618240356,val,0.6632303595542908
$KAGGLE_ROOT/test/malignant/887.jpg,test,1,2094,HAM_0002436,1,2.0,0.9382664561271667,0.8076715916395187,test,0.9382664561271667,train,0.4444127082824707,train,0.9839313626289368,train,0.9551924467086792,train,0.8471498489379883
$KAGGLE_ROOT/test/malignant/893.jpg,test,1,2308,HAM_0002525,1,2.0,9.688314457889646e-05,0.17611376475542784,train,0.4801863133907318,train,0.07160517573356628,test,9.688314457889646e-05,train,0.1309843212366104,train,0.02167924866080284
$KAGGLE_ROOT/test/malignant/894.jpg,test,1,2167,HAM_0006594,1,2.0,0.2089703530073166,0.6724867075681686,train,0.3613768517971039,val,0.002436595968902111,test,0.2089703530073166,train,0.9835965633392334,val,0.005368242971599102
$KAGGLE_ROOT/test/malignant/905.jpg,test,1,2110,HAM_0007498,1,2.0,0.0007366959471255541,0.7766533568501472,train,0.7305602431297302,train,0.9515144228935242,test,0.0007366959471255541,train,0.9934232234954834,train,0.4311155378818512
$KAGGLE_ROOT/test/malignant/927.jpg,test,1,2078,HAM_0004021,1,2.0,0.9049582481384277,0.9884560704231262,train,0.9897181987762451,train,0.972577691078186,train,0.992031455039978,train,0.9994969367980957,test,0.9049582481384277
$KAGGLE_ROOT/test/malignant/934.jpg,test,1,2315,HAM_0003171,1,4.0,0.0016389490338042378,0.002531771664507687,val,3.6516266845865175e-05,train,0.0010202864650636911,train,0.004043256863951683,val,0.0003971196128986776,test,0.0016389490338042378
$KAGGLE_ROOT/test/malignant/937.jpg,test,1,1211,HAM_0000871,1,2.0,0.020354202017188072,0.7081268429756165,train,0.551863431930542,train,0.8622282147407532,train,0.46058768033981323,test,0.020354202017188072,train,0.9578280448913574
$KAGGLE_ROOT/test/malignant/940.jpg,test,1,2067,HAM_0000952,1,2.0,9.7453455964569e-05,0.021523990435525775,train,0.0778312012553215,train,0.00028806133195757866,train,0.00171978073194623,test,9.7453455964569e-05,train,0.0062569184228777885
$KAGGLE_ROOT/test/malignant/947.jpg,test,1,1290,HAM_0002714,1,2.0,0.8618147969245911,0.9881321638822556,train,0.998233437538147,test,0.8618147969245911,train,0.9779240489006042,train,0.9794260859489441,train,0.9969450831413269
$KAGGLE_ROOT/test/malignant/948.jpg,test,1,1255,HAM_0004910,1,2.0,0.14427383244037628,0.9514047801494598,train,0.9986879229545593,train,0.825954258441925,test,0.14427383244037628,train,0.9994563460350037,train,0.9815205931663513
$KAGGLE_ROOT/test/malignant/949.jpg,test,1,1218,HAM_0007310,1,0.0,0.999686598777771,0.9999184608459473,train,0.9999604225158691,train,0.999954342842102,train,0.9998406171798706,val,0.9999756813049316,test,0.999686598777771
$KAGGLE_ROOT/test/malignant/953.jpg,test,1,1980,HAM_0003400,1,2.0,0.008564895950257778,0.7149567753076553,train,0.989866316318512,val,3.482236570562236e-05,train,0.4400472342967987,val,0.00012490990047808737,test,0.008564895950257778
$KAGGLE_ROOT/test/malignant/985.jpg,test,1,1323,HAM_0007165,1,2.0,0.3582921624183655,0.9979156851768494,train,0.999383807182312,train,0.9970717430114746,train,0.9960299134254456,train,0.9991772770881653,test,0.3582921624183655
$KAGGLE_ROOT/test/malignant/992.jpg,test,1,2249,HAM_0007293,1,0.0,0.8202743530273438,0.9686811864376068,val,0.3545089662075043,val,0.9055386781692505,test,0.8202743530273438,train,0.99843829870224,train,0.9389240741729736
$KAGGLE_ROOT/test/malignant/994.jpg,test,1,1520,HAM_0006330,1,2.0,0.9873894453048706,0.9604683071374893,test,0.9873894453048706,train,0.8738276362419128,train,0.9816325902938843,train,0.9985445737838745,train,0.9878684282302856
$KAGGLE_ROOT/test/malignant/995.jpg,test,1,2133,HAM_0000588,1,0.0,0.0013318241108208895,0.10323538538068533,val,0.0035430253483355045,train,0.02622183971107006,train,0.1802489310503006,test,0.0013318241108208895,val,0.010242833755910397
