fold,dataset,classifier,k_features,threshold,accuracy,balanced_accuracy,sensitivity,specificity,f1_melanoma,auroc,auprc,tn,fp,fn,tp,n_samples
1,HAM10000_test,SVM-RBF,64,0.03820002448018582,0.8297553669495756,0.7767319997984583,0.7085201793721974,0.8449438202247191,0.4809741248097412,0.8426789943064443,0.5031757864682087,1504,276,65,158,2003
1,ISIC2020_external,SVM-RBF,64,0.03820002448018582,0.8091495672915201,0.5969519690575145,0.3769363166953528,0.8169676214196762,0.06557867944303039,0.6319164578613333,0.04976864869871781,26241,5879,362,219,32701
1,HAM10000_test,XGBoost,64,0.007937847636640072,0.7993010484273589,0.8066672544969014,0.8161434977578476,0.797191011235955,0.4751958224543081,0.893941149795939,0.5586868930693297,1419,361,41,182,2003
1,ISIC2020_external,XGBoost,64,0.007937847636640072,0.8167028531237577,0.6236124269359952,0.423407917383821,0.8238169364881693,0.07585568917668825,0.6798994680018776,0.06488508051038054,26461,5659,335,246,32701
1,HAM10000_test,RandomForest,64,0.06666666666666667,0.8142785821268098,0.8033266992492568,0.7892376681614349,0.8174157303370787,0.4861878453038674,0.8916939587847029,0.5383926212408429,1455,325,47,176,2003
1,ISIC2020_external,RandomForest,64,0.06666666666666667,0.8378948656004404,0.620879801004409,0.3958691910499139,0.8458904109589042,0.07984724874153792,0.6771683424678969,0.06027375705974378,27170,4950,351,230,32701
1,HAM10000_test,KNN,64,0.08458422217195562,0.835247129306041,0.7621706051292387,0.6681614349775785,0.8561797752808988,0.4745222929936306,0.7825641154834484,0.4482553228531434,1524,256,74,149,2003
1,ISIC2020_external,KNN,64,0.08458422217195562,0.8606770435154888,0.5851558966697603,0.29948364888123924,0.8708281444582815,0.07096247960848287,0.5918412397142385,0.04674019550068555,27971,4149,407,174,32701
1,HAM10000_test,Stacking,64,0.1277855172547054,0.8222666000998502,0.8058598276817655,0.7847533632286996,0.8269662921348314,0.49575070821529743,0.8926588401269714,0.5442718071112101,1472,308,48,175,2003
1,ISIC2020_external,Stacking,64,0.1277855172547054,0.8428794226476255,0.6149669751769933,0.37865748709122204,0.8512764632627646,0.07888131946934385,0.6774508994883643,0.06337939245797679,27343,4777,361,220,32701
1,HAM10000_test,SVM-RBF,128,0.024089846006792988,0.8127808287568647,0.7867939739003376,0.7533632286995515,0.8202247191011236,0.47257383966244726,0.8517937219730942,0.5126483318159738,1460,320,55,168,2003
1,ISIC2020_external,SVM-RBF,128,0.024089846006792988,0.7688449894498639,0.604320770004051,0.43373493975903615,0.774906600249066,0.06250775145727397,0.6391871167287902,0.05701404544683312,24890,7230,329,252,32701
1,HAM10000_test,XGBoost,128,0.010501813143491745,0.8247628557164254,0.8053030684738247,0.7802690582959642,0.8303370786516854,0.4978540772532189,0.8955081372499623,0.57201243753615,1478,302,49,174,2003
1,ISIC2020_external,XGBoost,128,0.010501813143491745,0.8581388948350204,0.6125944982563236,0.35800344234079173,0.8671855541718555,0.08229475766567755,0.6812632490467116,0.06395927690753418,27854,4266,373,208,32701
1,HAM10000_test,RandomForest,128,0.08666666666666667,0.8332501248127808,0.8100783493727012,0.7802690582959642,0.8398876404494382,0.5102639296187683,0.893903360709427,0.559402596548259,1495,285,49,174,2003
1,ISIC2020_external,RandomForest,128,0.08666666666666667,0.8635821534509648,0.618745431825148,0.3648881239242685,0.8726027397260274,0.08679631525076766,0.6752853434731633,0.06443325846609418,28028,4092,369,212,32701
1,HAM10000_test,KNN,128,0.08890866352109154,0.854218671992012,0.7532322265329773,0.6233183856502242,0.8831460674157303,0.48771929824561405,0.7866226633748173,0.4600136204811795,1572,208,84,139,2003
1,ISIC2020_external,KNN,128,0.08890866352109154,0.8628482309409499,0.5795009784735812,0.2857142857142857,0.8732876712328768,0.06892256591239361,0.589513721136101,0.046605748134973465,28050,4070,415,166,32701
1,HAM10000_test,Stacking,128,0.13459331843325525,0.8307538691962056,0.8047513478107522,0.7713004484304933,0.8382022471910112,0.5036603221083455,0.8953519423590467,0.5664984505922092,1492,288,51,172,2003
1,ISIC2020_external,Stacking,128,0.13459331843325525,0.8570685911745818,0.6221898892492225,0.37865748709122204,0.8657222914072229,0.08603832616347282,0.6753334097821637,0.06539958586031722,27807,4313,361,220,32701
1,HAM10000_test,SVM-RBF,256,0.01369957744887281,0.8012980529206191,0.7960233284627399,0.7892376681614349,0.8028089887640449,0.4693333333333333,0.8678792764649569,0.5335571778393124,1429,351,47,176,2003
1,ISIC2020_external,SVM-RBF,256,0.01369957744887281,0.7366135592183726,0.6048139185455574,0.46815834767641995,0.7414694894146949,0.059408103090531836,0.6565613458995206,0.06741274429091003,23816,8304,309,272,32701
1,HAM10000_test,XGBoost,256,0.015636630356311798,0.8552171742386421,0.8126316319846828,0.757847533632287,0.8674157303370786,0.5382165605095541,0.8999622109134883,0.5813842742740379,1544,236,54,169,2003
1,ISIC2020_external,XGBoost,256,0.015636630356311798,0.8946821198128497,0.5973958724061876,0.2891566265060241,0.9056351183063511,0.08888888888888889,0.6751493163545483,0.06881634558021421,29089,3031,413,168,32701
1,HAM10000_test,RandomForest,256,0.09666666666666666,0.8392411382925612,0.8095266287096287,0.7713004484304933,0.847752808988764,0.5165165165165165,0.8974517559328865,0.565123350166713,1509,271,51,172,2003
1,ISIC2020_external,RandomForest,256,0.09666666666666666,0.8768539188404024,0.6060659199687918,0.3253012048192771,0.8868306351183064,0.08581157775255392,0.6709943670787044,0.06371365821099384,28485,3635,392,189,32701
1,HAM10000_test,KNN,256,0.09012441575251304,0.8681977034448327,0.7669811558421927,0.6367713004484304,0.897191011235955,0.5182481751824818,0.8097949312238626,0.46931995918440517,1597,183,81,142,2003
1,ISIC2020_external,KNN,256,0.09012441575251304,0.894498639185346,0.5854722126363486,0.26506024096385544,0.9058841843088419,0.08195848855774349,0.59190594436097,0.04876830194795502,29097,3023,427,154,32701
1,HAM10000_test,Stacking,256,0.12428669511427629,0.8277583624563155,0.8069884617322518,0.7802690582959642,0.8337078651685393,0.5021645021645021,0.898833576863002,0.5698357908921187,1484,296,49,174,2003
1,ISIC2020_external,Stacking,256,0.12428669511427629,0.8513806917219657,0.6184494783974896,0.3769363166953528,0.8599626400996264,0.08267270668176671,0.6720714382168419,0.06688727680374572,27622,4498,362,219,32701
1,HAM10000_test,SVM-RBF,512,0.02504946003200906,0.835247129306041,0.7935506625686501,0.7399103139013453,0.8471910112359551,0.5,0.8788028417393057,0.54924850944763,1508,272,58,165,2003
1,ISIC2020_external,SVM-RBF,512,0.02504946003200906,0.8475887587535549,0.6182092540237449,0.3803786574870912,0.8560398505603986,0.08145963877626244,0.6804874095206659,0.06998671246532732,27496,4624,360,221,32701
1,HAM10000_test,XGBoost,512,0.009096097201108932,0.8407388916625063,0.8084080717488789,0.7668161434977578,0.85,0.5173978819969742,0.900977477704439,0.582371144588605,1513,267,52,171,2003
1,ISIC2020_external,XGBoost,512,0.009096097201108932,0.8986881135133482,0.610420341747706,0.31153184165232356,0.9093088418430885,0.09850340136054422,0.7040641216350905,0.07262460735131557,29207,2913,400,181,32701
1,HAM10000_test,RandomForest,512,0.07333333333333333,0.8067898152770844,0.8167644984128584,0.8295964125560538,0.803932584269663,0.48877146631439894,0.9031906585378143,0.5734194747286534,1431,349,38,185,2003
1,ISIC2020_external,RandomForest,512,0.07333333333333333,0.8412586771046757,0.6318873340721005,0.41480206540447506,0.8489726027397261,0.08496386391679887,0.6857774631705973,0.07242937409252018,27269,4851,340,241,32701
1,HAM10000_test,KNN,512,0.08932004464404365,0.8407388916625063,0.7789892678994307,0.6995515695067265,0.8584269662921349,0.49445324881141045,0.8177344182999949,0.49076522321073546,1528,252,67,156,2003
1,ISIC2020_external,KNN,512,0.08932004464404365,0.8801565701354699,0.5984519111850355,0.306368330464716,0.890535491905355,0.08327485380116958,0.6071753300338875,0.054983233873195286,28604,3516,403,178,32701
1,HAM10000_test,Stacking,512,0.11049381661235684,0.8107838242636046,0.8092054214742782,0.8071748878923767,0.8112359550561797,0.4871447902571042,0.9040157202599889,0.5789504933026225,1444,336,43,180,2003
1,ISIC2020_external,Stacking,512,0.11049381661235684,0.8437356655759762,0.6339932492824885,0.4165232358003442,0.8514632627646326,0.08652127279227743,0.6885228156890147,0.075470079765102,27349,4771,339,242,32701
1,HAM10000_test,SVM-RBF,all,0.014371697289378869,0.8047928107838243,0.7960283670076083,0.7847533632286996,0.8073033707865168,0.47233468286099867,0.876811356880133,0.5557739027988594,1437,343,48,175,2003
1,ISIC2020_external,SVM-RBF,all,0.014371697289378869,0.8000366961255008,0.6413241919823038,0.47676419965576594,0.8058841843088418,0.07810517411532497,0.7070481713368328,0.07446910328085289,25885,6235,304,277,32701
1,HAM10000_test,XGBoost,all,0.01266167126595974,0.8482276585122317,0.8028152869451303,0.7443946188340808,0.8612359550561798,0.5220125786163522,0.9006197410187937,0.5733263710789244,1533,247,57,166,2003
1,ISIC2020_external,XGBoost,all,0.01266167126595974,0.917647778355402,0.6133115007619876,0.2977624784853701,0.9288605230386052,0.11385324119776243,0.7233240558748069,0.0771210277314604,29835,2285,408,173,32701
1,HAM10000_test,RandomForest,all,0.13666666666666666,0.8577134298552171,0.8003073512369627,0.726457399103139,0.8741573033707866,0.5320197044334976,0.8990703884718094,0.5623789274479447,1556,224,61,162,2003
1,ISIC2020_external,RandomForest,all,0.13666666666666666,0.9248035228280481,0.5932935710106035,0.2495697074010327,0.9370174346201744,0.1054929065114587,0.7000719387066143,0.07633028544377032,30097,2023,436,145,32701
1,HAM10000_test,KNN,all,0.09113909067638368,0.8467299051422865,0.7745150400564317,0.6816143497757847,0.8674157303370786,0.49754500818330605,0.8345669370685748,0.4735875696154268,1544,236,71,152,2003
1,ISIC2020_external,KNN,all,0.09113909067638368,0.8903397449619278,0.5825101330423991,0.2633390705679862,0.9016811955168119,0.07862281603288798,0.60616931343949,0.05544021642487843,28962,3158,428,153,32701
1,HAM10000_test,Stacking,all,0.14877551063587854,0.836245631552671,0.7901899531415327,0.7309417040358744,0.849438202247191,0.4984709480122324,0.8846551116037688,0.565244171863934,1512,268,60,163,2003
1,ISIC2020_external,Stacking,all,0.14877551063587854,0.8961805449374637,0.6226641756494042,0.33907056798623064,0.9062577833125778,0.10398522037476907,0.7075130266663523,0.07842299992131414,29109,3011,384,197,32701
1,HAM10000_test,SVM-RBF,64,0.03820002448018582,0.8297553669495756,0.7767319997984583,0.7085201793721974,0.8449438202247191,0.4809741248097412,0.8426789943064443,0.5031757864682087,1504,276,65,158,2003
1,ISIC2020_external,SVM-RBF,64,0.03820002448018582,0.8091495672915201,0.5969519690575145,0.3769363166953528,0.8169676214196762,0.06557867944303039,0.6319164578613333,0.04976864869871781,26241,5879,362,219,32701
1,HAM10000_test,XGBoost,64,0.007937847636640072,0.7993010484273589,0.8066672544969014,0.8161434977578476,0.797191011235955,0.4751958224543081,0.893941149795939,0.5586868930693297,1419,361,41,182,2003
1,ISIC2020_external,XGBoost,64,0.007937847636640072,0.8167028531237577,0.6236124269359952,0.423407917383821,0.8238169364881693,0.07585568917668825,0.6798994680018776,0.06488508051038054,26461,5659,335,246,32701
1,HAM10000_test,RandomForest,64,0.06666666666666667,0.8142785821268098,0.8033266992492568,0.7892376681614349,0.8174157303370787,0.4861878453038674,0.8916939587847029,0.5383926212408429,1455,325,47,176,2003
1,ISIC2020_external,RandomForest,64,0.06666666666666667,0.8378948656004404,0.620879801004409,0.3958691910499139,0.8458904109589042,0.07984724874153792,0.6771683424678969,0.06027375705974378,27170,4950,351,230,32701
1,HAM10000_test,KNN,64,0.08458422217195562,0.835247129306041,0.7621706051292387,0.6681614349775785,0.8561797752808988,0.4745222929936306,0.7825641154834484,0.4482553228531434,1524,256,74,149,2003
1,ISIC2020_external,KNN,64,0.08458422217195562,0.8606770435154888,0.5851558966697603,0.29948364888123924,0.8708281444582815,0.07096247960848287,0.5918412397142385,0.04674019550068555,27971,4149,407,174,32701
1,HAM10000_test,Stacking,64,0.1277855172547054,0.8222666000998502,0.8058598276817655,0.7847533632286996,0.8269662921348314,0.49575070821529743,0.8926588401269714,0.5442718071112101,1472,308,48,175,2003
1,ISIC2020_external,Stacking,64,0.1277855172547054,0.8428794226476255,0.6149669751769933,0.37865748709122204,0.8512764632627646,0.07888131946934385,0.6774508994883643,0.06337939245797679,27343,4777,361,220,32701
1,HAM10000_test,SVM-RBF,128,0.024089846006792988,0.8127808287568647,0.7867939739003376,0.7533632286995515,0.8202247191011236,0.47257383966244726,0.8517937219730942,0.5126483318159738,1460,320,55,168,2003
1,ISIC2020_external,SVM-RBF,128,0.024089846006792988,0.7688449894498639,0.604320770004051,0.43373493975903615,0.774906600249066,0.06250775145727397,0.6391871167287902,0.05701404544683312,24890,7230,329,252,32701
1,HAM10000_test,XGBoost,128,0.010501813143491745,0.8247628557164254,0.8053030684738247,0.7802690582959642,0.8303370786516854,0.4978540772532189,0.8955081372499623,0.57201243753615,1478,302,49,174,2003
1,ISIC2020_external,XGBoost,128,0.010501813143491745,0.8581388948350204,0.6125944982563236,0.35800344234079173,0.8671855541718555,0.08229475766567755,0.6812632490467116,0.06395927690753418,27854,4266,373,208,32701
1,HAM10000_test,RandomForest,128,0.08666666666666667,0.8332501248127808,0.8100783493727012,0.7802690582959642,0.8398876404494382,0.5102639296187683,0.893903360709427,0.559402596548259,1495,285,49,174,2003
1,ISIC2020_external,RandomForest,128,0.08666666666666667,0.8635821534509648,0.618745431825148,0.3648881239242685,0.8726027397260274,0.08679631525076766,0.6752853434731633,0.06443325846609418,28028,4092,369,212,32701
1,HAM10000_test,KNN,128,0.08890866352109154,0.854218671992012,0.7532322265329773,0.6233183856502242,0.8831460674157303,0.48771929824561405,0.7866226633748173,0.4600136204811795,1572,208,84,139,2003
1,ISIC2020_external,KNN,128,0.08890866352109154,0.8628482309409499,0.5795009784735812,0.2857142857142857,0.8732876712328768,0.06892256591239361,0.589513721136101,0.046605748134973465,28050,4070,415,166,32701
1,HAM10000_test,Stacking,128,0.13459331843325525,0.8307538691962056,0.8047513478107522,0.7713004484304933,0.8382022471910112,0.5036603221083455,0.8953519423590467,0.5664984505922092,1492,288,51,172,2003
1,ISIC2020_external,Stacking,128,0.13459331843325525,0.8570685911745818,0.6221898892492225,0.37865748709122204,0.8657222914072229,0.08603832616347282,0.6753334097821637,0.06539958586031722,27807,4313,361,220,32701
1,HAM10000_test,SVM-RBF,256,0.01369957744887281,0.8012980529206191,0.7960233284627399,0.7892376681614349,0.8028089887640449,0.4693333333333333,0.8678792764649569,0.5335571778393124,1429,351,47,176,2003
1,ISIC2020_external,SVM-RBF,256,0.01369957744887281,0.7366135592183726,0.6048139185455574,0.46815834767641995,0.7414694894146949,0.059408103090531836,0.6565613458995206,0.06741274429091003,23816,8304,309,272,32701
1,HAM10000_test,XGBoost,256,0.015636630356311798,0.8552171742386421,0.8126316319846828,0.757847533632287,0.8674157303370786,0.5382165605095541,0.8999622109134883,0.5813842742740379,1544,236,54,169,2003
1,ISIC2020_external,XGBoost,256,0.015636630356311798,0.8946821198128497,0.5973958724061876,0.2891566265060241,0.9056351183063511,0.08888888888888889,0.6751493163545483,0.06881634558021421,29089,3031,413,168,32701
1,HAM10000_test,RandomForest,256,0.09666666666666666,0.8392411382925612,0.8095266287096287,0.7713004484304933,0.847752808988764,0.5165165165165165,0.8974517559328865,0.565123350166713,1509,271,51,172,2003
1,ISIC2020_external,RandomForest,256,0.09666666666666666,0.8768539188404024,0.6060659199687918,0.3253012048192771,0.8868306351183064,0.08581157775255392,0.6709943670787044,0.06371365821099384,28485,3635,392,189,32701
1,HAM10000_test,KNN,256,0.09012441575251304,0.8681977034448327,0.7669811558421927,0.6367713004484304,0.897191011235955,0.5182481751824818,0.8097949312238626,0.46931995918440517,1597,183,81,142,2003
1,ISIC2020_external,KNN,256,0.09012441575251304,0.894498639185346,0.5854722126363486,0.26506024096385544,0.9058841843088419,0.08195848855774349,0.59190594436097,0.04876830194795502,29097,3023,427,154,32701
1,HAM10000_test,Stacking,256,0.12428669511427629,0.8277583624563155,0.8069884617322518,0.7802690582959642,0.8337078651685393,0.5021645021645021,0.898833576863002,0.5698357908921187,1484,296,49,174,2003
1,ISIC2020_external,Stacking,256,0.12428669511427629,0.8513806917219657,0.6184494783974896,0.3769363166953528,0.8599626400996264,0.08267270668176671,0.6720714382168419,0.06688727680374572,27622,4498,362,219,32701
1,HAM10000_test,SVM-RBF,512,0.02504946003200906,0.835247129306041,0.7935506625686501,0.7399103139013453,0.8471910112359551,0.5,0.8788028417393057,0.54924850944763,1508,272,58,165,2003
1,ISIC2020_external,SVM-RBF,512,0.02504946003200906,0.8475887587535549,0.6182092540237449,0.3803786574870912,0.8560398505603986,0.08145963877626244,0.6804874095206659,0.06998671246532732,27496,4624,360,221,32701
1,HAM10000_test,XGBoost,512,0.009096097201108932,0.8407388916625063,0.8084080717488789,0.7668161434977578,0.85,0.5173978819969742,0.900977477704439,0.582371144588605,1513,267,52,171,2003
1,ISIC2020_external,XGBoost,512,0.009096097201108932,0.8986881135133482,0.610420341747706,0.31153184165232356,0.9093088418430885,0.09850340136054422,0.7040641216350905,0.07262460735131557,29207,2913,400,181,32701
1,HAM10000_test,RandomForest,512,0.07333333333333333,0.8067898152770844,0.8167644984128584,0.8295964125560538,0.803932584269663,0.48877146631439894,0.9031906585378143,0.5734194747286534,1431,349,38,185,2003
1,ISIC2020_external,RandomForest,512,0.07333333333333333,0.8412586771046757,0.6318873340721005,0.41480206540447506,0.8489726027397261,0.08496386391679887,0.6857774631705973,0.07242937409252018,27269,4851,340,241,32701
1,HAM10000_test,KNN,512,0.08932004464404365,0.8407388916625063,0.7789892678994307,0.6995515695067265,0.8584269662921349,0.49445324881141045,0.8177344182999949,0.49076522321073546,1528,252,67,156,2003
1,ISIC2020_external,KNN,512,0.08932004464404365,0.8801565701354699,0.5984519111850355,0.306368330464716,0.890535491905355,0.08327485380116958,0.6071753300338875,0.054983233873195286,28604,3516,403,178,32701
1,HAM10000_test,Stacking,512,0.11049381661235684,0.8107838242636046,0.8092054214742782,0.8071748878923767,0.8112359550561797,0.4871447902571042,0.9040157202599889,0.5789504933026225,1444,336,43,180,2003
1,ISIC2020_external,Stacking,512,0.11049381661235684,0.8437356655759762,0.6339932492824885,0.4165232358003442,0.8514632627646326,0.08652127279227743,0.6885228156890147,0.075470079765102,27349,4771,339,242,32701
1,HAM10000_test,SVM-RBF,all,0.014371697289378869,0.8047928107838243,0.7960283670076083,0.7847533632286996,0.8073033707865168,0.47233468286099867,0.876811356880133,0.5557739027988594,1437,343,48,175,2003
1,ISIC2020_external,SVM-RBF,all,0.014371697289378869,0.8000366961255008,0.6413241919823038,0.47676419965576594,0.8058841843088418,0.07810517411532497,0.7070481713368328,0.07446910328085289,25885,6235,304,277,32701
1,HAM10000_test,XGBoost,all,0.01266167126595974,0.8482276585122317,0.8028152869451303,0.7443946188340808,0.8612359550561798,0.5220125786163522,0.9006197410187937,0.5733263710789244,1533,247,57,166,2003
1,ISIC2020_external,XGBoost,all,0.01266167126595974,0.917647778355402,0.6133115007619876,0.2977624784853701,0.9288605230386052,0.11385324119776243,0.7233240558748069,0.0771210277314604,29835,2285,408,173,32701
1,HAM10000_test,RandomForest,all,0.13666666666666666,0.8577134298552171,0.8003073512369627,0.726457399103139,0.8741573033707866,0.5320197044334976,0.8990703884718094,0.5623789274479447,1556,224,61,162,2003
1,ISIC2020_external,RandomForest,all,0.13666666666666666,0.9248035228280481,0.5932935710106035,0.2495697074010327,0.9370174346201744,0.1054929065114587,0.7000719387066143,0.07633028544377032,30097,2023,436,145,32701
1,HAM10000_test,KNN,all,0.09113909067638368,0.8467299051422865,0.7745150400564317,0.6816143497757847,0.8674157303370786,0.49754500818330605,0.8345669370685748,0.4735875696154268,1544,236,71,152,2003
1,ISIC2020_external,KNN,all,0.09113909067638368,0.8903397449619278,0.5825101330423991,0.2633390705679862,0.9016811955168119,0.07862281603288798,0.60616931343949,0.05544021642487843,28962,3158,428,153,32701
1,HAM10000_test,Stacking,all,0.14877551063587854,0.836245631552671,0.7901899531415327,0.7309417040358744,0.849438202247191,0.4984709480122324,0.8846551116037688,0.565244171863934,1512,268,60,163,2003
1,ISIC2020_external,Stacking,all,0.14877551063587854,0.8961805449374637,0.6226641756494042,0.33907056798623064,0.9062577833125778,0.10398522037476907,0.7075130266663523,0.07842299992131414,29109,3011,384,197,32701
2,HAM10000_test,SVM-RBF,64,0.061216942436603555,0.7883175237144283,0.7843617058945527,0.7792792792792793,0.7894441325098259,0.44935064935064933,0.8832445584270402,0.6186581990158846,1406,375,49,173,2003
2,ISIC2020_external,SVM-RBF,64,0.061216942436603555,0.8445613283997431,0.5845574523677346,0.31497418244406195,0.8541407222914073,0.06716828775922187,0.583631626666781,0.04637173222089747,27435,4685,398,183,32701
2,HAM10000_test,XGBoost,64,0.050498757511377335,0.800798801797304,0.8189813901492733,0.8423423423423423,0.7956204379562044,0.48382923673997413,0.9083519229504631,0.6308183435921487,1417,364,35,187,2003
2,ISIC2020_external,XGBoost,64,0.050498757511377335,0.9178924191920736,0.5973806808804333,0.26506024096385544,0.9297011207970112,0.10290678249248246,0.6738537498151296,0.06981886897600524,29862,2258,427,154,32701
2,HAM10000_test,RandomForest,64,0.06333333333333334,0.7498751872191712,0.8080893920309978,0.8828828828828829,0.7332959011791128,0.43896976483762595,0.9060086195122691,0.6101354964627396,1306,475,26,196,2003
2,ISIC2020_external,RandomForest,64,0.06333333333333334,0.8631234518822054,0.6235820438844866,0.37521514629948366,0.8719489414694894,0.08876221498371335,0.6550338875516298,0.06718107721543519,28007,4113,363,218,32701
2,HAM10000_test,KNN,64,0.0854988423032508,0.7673489765351972,0.7942571993666885,0.8288288288288288,0.759685569904548,0.4412470023980815,0.8539033137573285,0.5903953862217493,1353,428,38,184,2003
2,ISIC2020_external,KNN,64,0.0854988423032508,0.8110455337757255,0.6004521555355027,0.38209982788296043,0.8188044831880449,0.0670391061452514,0.6135389449632724,0.053687611116515294,26300,5820,359,222,32701
2,HAM10000_test,Stacking,64,0.24783407070650101,0.8087868197703445,0.8274162708469277,0.8513513513513513,0.8034811903425042,0.4967148488830486,0.9083165141559302,0.626346268085868,1431,350,33,189,2003
2,ISIC2020_external,Stacking,64,0.24783407070650101,0.9222042139384117,0.6046456864640558,0.27538726333907054,0.9339041095890411,0.11173184357541899,0.660175535802702,0.07164200270913183,29997,2123,421,160,32701
2,HAM10000_test,SVM-RBF,128,0.03707073172658734,0.7688467299051422,0.7931279117410505,0.8243243243243243,0.7619314991577766,0.44149577804583834,0.8890263087343379,0.6233099083857044,1357,424,39,183,2003
2,ISIC2020_external,SVM-RBF,128,0.03707073172658734,0.7511696890003364,0.5691276849079292,0.3803786574870912,0.7578767123287671,0.051521156311924464,0.5754213437989639,0.052338390543506114,24343,7777,360,221,32701
2,HAM10000_test,XGBoost,128,0.01179706584662199,0.7508736894658014,0.8224514520134958,0.9144144144144144,0.7304884896125772,0.4486187845303867,0.912565569499876,0.6452646488518982,1301,480,19,203,2003
2,ISIC2020_external,XGBoost,128,0.01179706584662199,0.8415338980459314,0.6362525265623962,0.423407917383821,0.8490971357409713,0.08671131476912232,0.689441514501343,0.07502194304412116,27273,4847,335,246,32701
2,HAM10000_test,RandomForest,128,0.1,0.8127808287568647,0.8237476668133603,0.8378378378378378,0.8096574957888827,0.4979919678714859,0.9102753792534815,0.6094281509767094,1442,339,36,186,2003
2,ISIC2020_external,RandomForest,128,0.1,0.923396838017186,0.6044077662723479,0.2736660929432014,0.9351494396014944,0.1126461211477152,0.670561261234227,0.07435932109924169,30037,2083,422,159,32701
2,HAM10000_test,KNN,128,0.08581885849562898,0.7678482276585122,0.8083385181925328,0.8603603603603603,0.7563166760247052,0.4510035419126328,0.8689469930345843,0.6012626381420011,1347,434,31,191,2003
2,ISIC2020_external,KNN,128,0.08581885849562898,0.7944711170912204,0.5953951189922473,0.3889845094664372,0.8018057285180573,0.0630140805799526,0.6063347054826672,0.05088287251296541,25754,6366,355,226,32701
2,HAM10000_test,Stacking,128,0.24705192059958384,0.8112830753869196,0.8189624211522022,0.8288288288288288,0.8090960134755755,0.4932975871313673,0.9124795767131534,0.6328928889608277,1441,340,38,184,2003
2,ISIC2020_external,Stacking,128,0.24705192059958384,0.9216231919513165,0.6026598834405403,0.2719449225473322,0.9333748443337484,0.10976033344911428,0.662747967497101,0.07475462159605649,29980,2140,423,158,32701
2,HAM10000_test,SVM-RBF,256,0.04535016290778185,0.7988017973040439,0.8099723811402644,0.8243243243243243,0.7956204379562044,0.4759427828348505,0.8988699536144792,0.6476478666323912,1417,364,39,183,2003
2,ISIC2020_external,SVM-RBF,256,0.04535016290778185,0.8341335127366135,0.5817842889079892,0.32013769363166955,0.8434308841843089,0.06418219461697723,0.6014265030233011,0.05768400836187118,27091,5029,395,186,32701
2,HAM10000_test,XGBoost,256,0.013568427413702011,0.7648527209186221,0.8184831378262035,0.8873873873873874,0.7495788882650196,0.4554913294797688,0.9099149683091289,0.6335079312233158,1335,446,25,197,2003
2,ISIC2020_external,XGBoost,256,0.013568427413702011,0.8753554937157885,0.6230485453645216,0.3614457831325301,0.8846513075965131,0.09341637010676157,0.667020054957421,0.0698588708111464,28415,3705,371,210,32701
2,HAM10000_test,RandomForest,256,0.09666666666666666,0.8017973040439341,0.8155998502713832,0.8333333333333334,0.7978663672094329,0.48239895697522817,0.9088261478772428,0.611793503041023,1421,360,37,185,2003
2,ISIC2020_external,RandomForest,256,0.09666666666666666,0.9232439374942663,0.6060199702921274,0.27710843373493976,0.934931506849315,0.1137005649717514,0.6816251395905629,0.07459422380351652,30030,2090,420,161,32701
2,HAM10000_test,KNN,256,0.09173358377178634,0.8232651023464803,0.817814164529493,0.8108108108108109,0.8248175182481752,0.5042016806722689,0.8661901654602384,0.5945979474547234,1469,312,42,180,2003
2,ISIC2020_external,KNN,256,0.09173358377178634,0.8611051649796643,0.5617133093841297,0.2512908777969019,0.8721357409713574,0.06040546131568059,0.5782971237377904,0.04565618271826702,28013,4107,435,146,32701
2,HAM10000_test,Stacking,256,0.2116755041670295,0.7843235147279082,0.8116884430753044,0.8468468468468469,0.776530039303762,0.46534653465346537,0.9110176993388672,0.6301254018056323,1383,398,34,188,2003
2,ISIC2020_external,Stacking,256,0.2116755041670295,0.9026023669000948,0.6141029069131891,0.31497418244406195,0.9132316313823163,0.10306955787102225,0.6709154354475364,0.07454876248168218,29333,2787,398,183,32701
2,HAM10000_test,SVM-RBF,512,0.03199454996841016,0.7798302546180729,0.8032472393786263,0.8333333333333334,0.7731611454239191,0.4562268803945746,0.8926063907815732,0.6375338845545555,1377,404,37,185,2003
2,ISIC2020_external,SVM-RBF,512,0.03199454996841016,0.785388826029785,0.583166664166004,0.37349397590361444,0.7928393524283935,0.058239398819108966,0.6100118852924596,0.06308010068646672,25466,6654,364,217,32701
2,HAM10000_test,XGBoost,512,0.010630887933075428,0.7683474787818273,0.8086192593491863,0.8603603603603603,0.7568781583380123,0.4515366430260047,0.9075906338680061,0.6240076156094504,1348,433,31,191,2003
2,ISIC2020_external,XGBoost,512,0.010630887933075428,0.8813491942142442,0.6235645481766954,0.35628227194492257,0.8908468244084683,0.09641360037261294,0.6771213478714717,0.07187109919019877,28614,3506,374,207,32701
2,HAM10000_test,RandomForest,512,0.09333333333333334,0.7973040439340988,0.8209592242438958,0.8513513513513513,0.7905670971364402,0.48214285714285715,0.9127577886701975,0.6231666909895661,1408,373,33,189,2003
2,ISIC2020_external,RandomForest,512,0.09333333333333334,0.919054463166264,0.6106474912280326,0.2908777969018933,0.9304171855541719,0.11323283082077051,0.6698939326064264,0.07140496018920997,29885,2235,412,169,32701
2,HAM10000_test,KNN,512,0.17811450528332803,0.8302546180728907,0.8059724519578534,0.7747747747747747,0.837170129140932,0.5029239766081871,0.8724018797011498,0.6053036199687803,1491,290,50,172,2003
2,ISIC2020_external,KNN,512,0.17811450528332803,0.8704626769823552,0.548731306653406,0.21514629948364888,0.8823163138231631,0.05572893446277307,0.5714054224369457,0.04205751671332604,28340,3780,456,125,32701
2,HAM10000_test,Stacking,512,0.22949774335899673,0.8072890664003994,0.8285455584725658,0.8558558558558559,0.8012352610892757,0.4960835509138381,0.9138731656979833,0.6463901316253821,1427,354,32,190,2003
2,ISIC2020_external,Stacking,512,0.22949774335899673,0.9165163144857955,0.6051303684762176,0.2822719449225473,0.9279887920298879,0.10725964682799215,0.658390330580461,0.07214348210149595,29807,2313,417,164,32701
2,HAM10000_test,SVM-RBF,all,0.021996189882532772,0.7528706939590614,0.82357441664011,0.9144144144144144,0.7327344188658057,0.4506104328523862,0.9060149425112929,0.6404310451193241,1305,476,19,203,2003
2,ISIC2020_external,SVM-RBF,all,0.021996189882532772,0.7338307697012324,0.5974822256469393,0.45611015490533563,0.7388542963885429,0.05739657786441412,0.6271361375050103,0.06273693783329325,23732,8388,316,265,32701
2,HAM10000_test,XGBoost,all,0.011603041552007198,0.782326510234648,0.8283090783090783,0.8873873873873874,0.7692307692307693,0.4746987951807229,0.9105320930138449,0.6302899343789523,1370,411,25,197,2003
2,ISIC2020_external,XGBoost,all,0.011603041552007198,0.8885355187914743,0.6213075750788244,0.3442340791738382,0.8983810709838107,0.09888751545117429,0.6791563960878203,0.07072684481100176,28856,3264,381,200,32701
2,HAM10000_test,RandomForest,all,0.1,0.7933100349475787,0.8226563171818646,0.8603603603603603,0.7849522740033689,0.4798994974874372,0.9119231527990652,0.6343514919892175,1398,383,31,191,2003
2,ISIC2020_external,RandomForest,all,0.1,0.9215008715329807,0.5975275055032441,0.26161790017211706,0.9334371108343711,0.10588645071403692,0.6771080318427241,0.0695091647385876,29982,2138,429,152,32701
2,HAM10000_test,KNN,all,0.17598864770796188,0.8057913130304544,0.8060167129510195,0.8063063063063063,0.8057271195957327,0.47925033467202144,0.877182066963089,0.5963759742160736,1435,346,43,179,2003
2,ISIC2020_external,KNN,all,0.17598864770796188,0.8645301366930674,0.5575416413921117,0.23924268502581755,0.875840597758406,0.059048428207306713,0.570503603097678,0.041628361336478306,28132,3988,442,139,32701
2,HAM10000_test,Stacking,all,0.26302846228898624,0.8222666000998502,0.8271102376941792,0.8333333333333334,0.8208871420550252,0.509641873278237,0.9155019702464959,0.6524448958699686,1462,319,37,185,2003
2,ISIC2020_external,Stacking,all,0.26302846228898624,0.9311947646860952,0.5897868470859063,0.23580034423407917,0.9437733499377335,0.10855784469096671,0.6775406554165425,0.07177224510529509,30314,1806,444,137,32701
2,HAM10000_test,SVM-RBF,64,0.061216942436603555,0.7883175237144283,0.7843617058945527,0.7792792792792793,0.7894441325098259,0.44935064935064933,0.8832445584270402,0.6186581990158846,1406,375,49,173,2003
2,ISIC2020_external,SVM-RBF,64,0.061216942436603555,0.8445613283997431,0.5845574523677346,0.31497418244406195,0.8541407222914073,0.06716828775922187,0.583631626666781,0.04637173222089747,27435,4685,398,183,32701
2,HAM10000_test,XGBoost,64,0.050498757511377335,0.800798801797304,0.8189813901492733,0.8423423423423423,0.7956204379562044,0.48382923673997413,0.9083519229504631,0.6308183435921487,1417,364,35,187,2003
2,ISIC2020_external,XGBoost,64,0.050498757511377335,0.9178924191920736,0.5973806808804333,0.26506024096385544,0.9297011207970112,0.10290678249248246,0.6738537498151296,0.06981886897600524,29862,2258,427,154,32701
2,HAM10000_test,RandomForest,64,0.06333333333333334,0.7498751872191712,0.8080893920309978,0.8828828828828829,0.7332959011791128,0.43896976483762595,0.9060086195122691,0.6101354964627396,1306,475,26,196,2003
2,ISIC2020_external,RandomForest,64,0.06333333333333334,0.8631234518822054,0.6235820438844866,0.37521514629948366,0.8719489414694894,0.08876221498371335,0.6550338875516298,0.06718107721543519,28007,4113,363,218,32701
2,HAM10000_test,KNN,64,0.0854988423032508,0.7673489765351972,0.7942571993666885,0.8288288288288288,0.759685569904548,0.4412470023980815,0.8539033137573285,0.5903953862217493,1353,428,38,184,2003
2,ISIC2020_external,KNN,64,0.0854988423032508,0.8110455337757255,0.6004521555355027,0.38209982788296043,0.8188044831880449,0.0670391061452514,0.6135389449632724,0.053687611116515294,26300,5820,359,222,32701
2,HAM10000_test,Stacking,64,0.24783407070650101,0.8087868197703445,0.8274162708469277,0.8513513513513513,0.8034811903425042,0.4967148488830486,0.9083165141559302,0.626346268085868,1431,350,33,189,2003
2,ISIC2020_external,Stacking,64,0.24783407070650101,0.9222042139384117,0.6046456864640558,0.27538726333907054,0.9339041095890411,0.11173184357541899,0.660175535802702,0.07164200270913183,29997,2123,421,160,32701
2,HAM10000_test,SVM-RBF,128,0.03707073172658734,0.7688467299051422,0.7931279117410505,0.8243243243243243,0.7619314991577766,0.44149577804583834,0.8890263087343379,0.6233099083857044,1357,424,39,183,2003
2,ISIC2020_external,SVM-RBF,128,0.03707073172658734,0.7511696890003364,0.5691276849079292,0.3803786574870912,0.7578767123287671,0.051521156311924464,0.5754213437989639,0.052338390543506114,24343,7777,360,221,32701
2,HAM10000_test,XGBoost,128,0.01179706584662199,0.7508736894658014,0.8224514520134958,0.9144144144144144,0.7304884896125772,0.4486187845303867,0.912565569499876,0.6452646488518982,1301,480,19,203,2003
2,ISIC2020_external,XGBoost,128,0.01179706584662199,0.8415338980459314,0.6362525265623962,0.423407917383821,0.8490971357409713,0.08671131476912232,0.689441514501343,0.07502194304412116,27273,4847,335,246,32701
2,HAM10000_test,RandomForest,128,0.1,0.8127808287568647,0.8237476668133603,0.8378378378378378,0.8096574957888827,0.4979919678714859,0.9102753792534815,0.6094281509767094,1442,339,36,186,2003
2,ISIC2020_external,RandomForest,128,0.1,0.923396838017186,0.6044077662723479,0.2736660929432014,0.9351494396014944,0.1126461211477152,0.670561261234227,0.07435932109924169,30037,2083,422,159,32701
2,HAM10000_test,KNN,128,0.08581885849562898,0.7678482276585122,0.8083385181925328,0.8603603603603603,0.7563166760247052,0.4510035419126328,0.8689469930345843,0.6012626381420011,1347,434,31,191,2003
2,ISIC2020_external,KNN,128,0.08581885849562898,0.7944711170912204,0.5953951189922473,0.3889845094664372,0.8018057285180573,0.0630140805799526,0.6063347054826672,0.05088287251296541,25754,6366,355,226,32701
2,HAM10000_test,Stacking,128,0.2467679654632093,0.8112830753869196,0.8189624211522022,0.8288288288288288,0.8090960134755755,0.4932975871313673,0.9124947519108103,0.6326239816033067,1441,340,38,184,2003
2,ISIC2020_external,Stacking,128,0.2467679654632093,0.9215620317421486,0.602628750190229,0.2719449225473322,0.9333125778331258,0.10968413745227351,0.6629382500648386,0.07472229285387706,29978,2142,423,158,32701
2,HAM10000_test,SVM-RBF,256,0.04535016290778185,0.7988017973040439,0.8099723811402644,0.8243243243243243,0.7956204379562044,0.4759427828348505,0.8988699536144792,0.6476478666323912,1417,364,39,183,2003
2,ISIC2020_external,SVM-RBF,256,0.04535016290778185,0.8341335127366135,0.5817842889079892,0.32013769363166955,0.8434308841843089,0.06418219461697723,0.6014265030233011,0.05768400836187118,27091,5029,395,186,32701
2,HAM10000_test,XGBoost,256,0.013568427413702011,0.7648527209186221,0.8184831378262035,0.8873873873873874,0.7495788882650196,0.4554913294797688,0.9099149683091289,0.6335079312233158,1335,446,25,197,2003
2,ISIC2020_external,XGBoost,256,0.013568427413702011,0.8753554937157885,0.6230485453645216,0.3614457831325301,0.8846513075965131,0.09341637010676157,0.667020054957421,0.0698588708111464,28415,3705,371,210,32701
2,HAM10000_test,RandomForest,256,0.09666666666666666,0.8017973040439341,0.8155998502713832,0.8333333333333334,0.7978663672094329,0.48239895697522817,0.9088261478772428,0.611793503041023,1421,360,37,185,2003
2,ISIC2020_external,RandomForest,256,0.09666666666666666,0.9232439374942663,0.6060199702921274,0.27710843373493976,0.934931506849315,0.1137005649717514,0.6816251395905629,0.07459422380351652,30030,2090,420,161,32701
2,HAM10000_test,KNN,256,0.09173358377178634,0.8232651023464803,0.817814164529493,0.8108108108108109,0.8248175182481752,0.5042016806722689,0.8661901654602384,0.5945979474547234,1469,312,42,180,2003
2,ISIC2020_external,KNN,256,0.09173358377178634,0.8611051649796643,0.5617133093841297,0.2512908777969019,0.8721357409713574,0.06040546131568059,0.5782971237377904,0.04565618271826702,28013,4107,435,146,32701
2,HAM10000_test,Stacking,256,0.2116755041670295,0.7843235147279082,0.8116884430753044,0.8468468468468469,0.776530039303762,0.46534653465346537,0.9110176993388672,0.6301254018056323,1383,398,34,188,2003
2,ISIC2020_external,Stacking,256,0.2116755041670295,0.9026023669000948,0.6141029069131891,0.31497418244406195,0.9132316313823163,0.10306955787102225,0.6709154354475364,0.07454876248168218,29333,2787,398,183,32701
2,HAM10000_test,SVM-RBF,512,0.03199454996841016,0.7798302546180729,0.8032472393786263,0.8333333333333334,0.7731611454239191,0.4562268803945746,0.8926063907815732,0.6375338845545555,1377,404,37,185,2003
2,ISIC2020_external,SVM-RBF,512,0.03199454996841016,0.785388826029785,0.583166664166004,0.37349397590361444,0.7928393524283935,0.058239398819108966,0.6100118852924596,0.06308010068646672,25466,6654,364,217,32701
2,HAM10000_test,XGBoost,512,0.010630887933075428,0.7683474787818273,0.8086192593491863,0.8603603603603603,0.7568781583380123,0.4515366430260047,0.9075906338680061,0.6240076156094504,1348,433,31,191,2003
2,ISIC2020_external,XGBoost,512,0.010630887933075428,0.8813491942142442,0.6235645481766954,0.35628227194492257,0.8908468244084683,0.09641360037261294,0.6771213478714717,0.07187109919019877,28614,3506,374,207,32701
2,HAM10000_test,RandomForest,512,0.09333333333333334,0.7973040439340988,0.8209592242438958,0.8513513513513513,0.7905670971364402,0.48214285714285715,0.9127577886701975,0.6231666909895661,1408,373,33,189,2003
2,ISIC2020_external,RandomForest,512,0.09333333333333334,0.919054463166264,0.6106474912280326,0.2908777969018933,0.9304171855541719,0.11323283082077051,0.6698939326064264,0.07140496018920997,29885,2235,412,169,32701
2,HAM10000_test,KNN,512,0.17811450528332803,0.8302546180728907,0.8059724519578534,0.7747747747747747,0.837170129140932,0.5029239766081871,0.8724018797011498,0.6053036199687803,1491,290,50,172,2003
2,ISIC2020_external,KNN,512,0.17811450528332803,0.8704626769823552,0.548731306653406,0.21514629948364888,0.8823163138231631,0.05572893446277307,0.5714054224369457,0.04205751671332604,28340,3780,456,125,32701
2,HAM10000_test,Stacking,512,0.22949774335899673,0.8072890664003994,0.8285455584725658,0.8558558558558559,0.8012352610892757,0.4960835509138381,0.9138731656979833,0.6463901316253821,1427,354,32,190,2003
2,ISIC2020_external,Stacking,512,0.22949774335899673,0.9165163144857955,0.6051303684762176,0.2822719449225473,0.9279887920298879,0.10725964682799215,0.658390330580461,0.07214348210149595,29807,2313,417,164,32701
2,HAM10000_test,SVM-RBF,all,0.021996189882532772,0.7528706939590614,0.82357441664011,0.9144144144144144,0.7327344188658057,0.4506104328523862,0.9060149425112929,0.6404310451193241,1305,476,19,203,2003
2,ISIC2020_external,SVM-RBF,all,0.021996189882532772,0.7338307697012324,0.5974822256469393,0.45611015490533563,0.7388542963885429,0.05739657786441412,0.6271361375050103,0.06273693783329325,23732,8388,316,265,32701
2,HAM10000_test,XGBoost,all,0.011603041552007198,0.782326510234648,0.8283090783090783,0.8873873873873874,0.7692307692307693,0.4746987951807229,0.9105320930138449,0.6302899343789523,1370,411,25,197,2003
2,ISIC2020_external,XGBoost,all,0.011603041552007198,0.8885355187914743,0.6213075750788244,0.3442340791738382,0.8983810709838107,0.09888751545117429,0.6791563960878203,0.07072684481100176,28856,3264,381,200,32701
2,HAM10000_test,RandomForest,all,0.1,0.7933100349475787,0.8226563171818646,0.8603603603603603,0.7849522740033689,0.4798994974874372,0.9119231527990652,0.6343514919892175,1398,383,31,191,2003
2,ISIC2020_external,RandomForest,all,0.1,0.9215008715329807,0.5975275055032441,0.26161790017211706,0.9334371108343711,0.10588645071403692,0.6771080318427241,0.0695091647385876,29982,2138,429,152,32701
2,HAM10000_test,KNN,all,0.17598864770796188,0.8057913130304544,0.8060167129510195,0.8063063063063063,0.8057271195957327,0.47925033467202144,0.877182066963089,0.5963759742160736,1435,346,43,179,2003
2,ISIC2020_external,KNN,all,0.17598864770796188,0.8645301366930674,0.5575416413921117,0.23924268502581755,0.875840597758406,0.059048428207306713,0.570503603097678,0.041628361336478306,28132,3988,442,139,32701
2,HAM10000_test,Stacking,all,0.26302846228898624,0.8222666000998502,0.8271102376941792,0.8333333333333334,0.8208871420550252,0.509641873278237,0.9155019702464959,0.6524448958699686,1462,319,37,185,2003
2,ISIC2020_external,Stacking,all,0.26302846228898624,0.9311947646860952,0.5897868470859063,0.23580034423407917,0.9437733499377335,0.10855784469096671,0.6775406554165425,0.07177224510529509,30314,1806,444,137,32701
3,HAM10000_test,SVM-RBF,64,0.0677565489303801,0.780828756864703,0.778622713760266,0.7757847533632287,0.7814606741573034,0.4407643312101911,0.8550461026855445,0.4708311147804997,1391,389,50,173,2003
3,ISIC2020_external,SVM-RBF,64,0.0677565489303801,0.7624537475918167,0.5545913238436757,0.33907056798623064,0.7701120797011208,0.04827248223474639,0.5883866546063278,0.0323056297416834,24736,7384,384,197,32701
3,HAM10000_test,XGBoost,64,0.06507553905248642,0.7758362456315526,0.7915037537159268,0.8116591928251121,0.7713483146067416,0.44636251541307026,0.8844359349020002,0.5619917161197625,1373,407,42,181,2003
3,ISIC2020_external,XGBoost,64,0.06507553905248642,0.8520840341273967,0.570641452127671,0.27882960413080893,0.862453300124533,0.0627785312923852,0.6193982655403683,0.04930518491055669,27702,4418,419,162,32701
3,HAM10000_test,RandomForest,64,0.07666666666666666,0.7573639540688967,0.7928780168287399,0.8385650224215246,0.7471910112359551,0.43488372093023253,0.8940734115987303,0.5561285308603966,1330,450,36,187,2003
3,ISIC2020_external,RandomForest,64,0.07666666666666666,0.8609216843521604,0.5793652996615531,0.2874354561101549,0.8712951432129514,0.06841458418680868,0.6050660121360733,0.04746728711659131,27986,4134,414,167,32701
3,HAM10000_test,KNN,64,0.0880952425895759,0.7408886669995007,0.7738020859575755,0.8161434977578476,0.7314606741573034,0.41223103057757643,0.8375270821786669,0.5190010745675786,1302,478,41,182,2003
3,ISIC2020_external,KNN,64,0.0880952425895759,0.682792575150607,0.5478410082243224,0.4079173838209983,0.6877646326276463,0.043698718539688396,0.5576934226855831,0.041324669284547366,22091,10029,344,237,32701
3,HAM10000_test,Stacking,64,0.24697654593633067,0.7493759360958562,0.7962286491661208,0.8565022421524664,0.7359550561797753,0.4321266968325792,0.892820073562755,0.56576988319529,1310,470,32,191,2003
3,ISIC2020_external,Stacking,64,0.24697654593633067,0.8289043148527568,0.5664471174146863,0.2943201376936317,0.8385740971357409,0.057604850934815564,0.5890417925035849,0.047522989981473265,26935,5185,410,171,32701
3,HAM10000_test,SVM-RBF,128,0.07161448803255396,0.817773339990015,0.7896029626643826,0.7533632286995515,0.8258426966292135,0.4793152639087018,0.8578173023630774,0.5500109068662075,1470,310,55,168,2003
3,ISIC2020_external,SVM-RBF,128,0.07161448803255396,0.8069783798660591,0.562891014333084,0.3098106712564544,0.8159713574097136,0.0539568345323741,0.6024255534859595,0.03863386716258957,26209,5911,401,180,32701
3,HAM10000_test,XGBoost,128,0.04541250690817833,0.7838242636045931,0.7901143749685091,0.7982062780269058,0.7820224719101123,0.4512040557667934,0.8885070791555398,0.5753232620074663,1392,388,45,178,2003
3,ISIC2020_external,XGBoost,128,0.04541250690817833,0.851166630989878,0.5667943790818852,0.2719449225473322,0.8616438356164383,0.06096855103222072,0.6057851312740733,0.05113774334437454,27676,4444,423,158,32701
3,HAM10000_test,RandomForest,128,0.12,0.8237643534697953,0.8008187635410893,0.7713004484304933,0.8303370786516854,0.4935437589670014,0.8939449287045902,0.5585048754634507,1478,302,51,172,2003
3,ISIC2020_external,RandomForest,128,0.12,0.9254151249197272,0.569099364903128,0.19965576592082615,0.9385429638854297,0.0868588543616623,0.616648277865063,0.05403279777942724,30146,1974,465,116,32701
3,HAM10000_test,KNN,128,0.0942404665695029,0.7938092860708936,0.7741585630070036,0.7488789237668162,0.799438202247191,0.44712182061579653,0.8450483700307351,0.5368227110556731,1423,357,56,167,2003
3,ISIC2020_external,KNN,128,0.0942404665695029,0.7800678878321764,0.5398971798955294,0.2908777969018933,0.7889165628891657,0.0448871181938911,0.5683410210848732,0.03654816879986821,25340,6780,412,169,32701
3,HAM10000_test,Stacking,128,0.3157413703958559,0.8137793310034948,0.7952007860129995,0.7713004484304933,0.8191011235955056,0.4797768479776848,0.8923691237970474,0.5673027591575992,1458,322,51,172,2003
3,ISIC2020_external,Stacking,128,0.3157413703958559,0.9052016757897312,0.5630349185391271,0.2082616179001721,0.9178082191780822,0.07241172950329144,0.6024026724224776,0.0532868834170738,29480,2640,460,121,32701
3,HAM10000_test,SVM-RBF,256,0.04280934799105396,0.7803295057413879,0.799915604373457,0.8251121076233184,0.7747191011235955,0.45544554455445546,0.8791064140676174,0.5817637848279937,1379,401,39,184,2003
3,ISIC2020_external,SVM-RBF,256,0.04280934799105396,0.7678970062077612,0.5784876474408576,0.38209982788296043,0.7748754669987546,0.05526512322628827,0.6344925601713025,0.04895781783117434,24889,7231,359,222,32701
3,HAM10000_test,XGBoost,256,0.048806749284267426,0.8062905641537693,0.8086385851766009,0.8116591928251121,0.8056179775280898,0.4826666666666667,0.8991006197410187,0.6023627151183746,1434,346,42,181,2003
3,ISIC2020_external,XGBoost,256,0.048806749284267426,0.9056603773584906,0.5793237707992618,0.24096385542168675,0.9176836861768368,0.08320950965824665,0.6384947904051718,0.0561615770059052,29476,2644,441,140,32701
3,HAM10000_test,RandomForest,256,0.12666666666666668,0.8247628557164254,0.8013805612938983,0.7713004484304933,0.8314606741573034,0.4949640287769784,0.8964264120521993,0.5607306287955205,1480,300,51,172,2003
3,ISIC2020_external,RandomForest,256,0.12666666666666668,0.9367909238249594,0.5791152423249304,0.2082616179001721,0.9499688667496887,0.10480727587700303,0.6372858718274628,0.05646407357134604,30513,1607,460,121,32701
3,HAM10000_test,KNN,256,0.18342133049444956,0.855716425361957,0.7834937270116391,0.6905829596412556,0.8764044943820225,0.5159128978224455,0.8727062024487326,0.5505613434467748,1560,220,69,154,2003
3,ISIC2020_external,KNN,256,0.18342133049444956,0.9163328338582918,0.541660575766864,0.153184165232358,0.9301369863013699,0.06108442004118051,0.5623964457724154,0.04420456697603238,29876,2244,492,89,32701
3,HAM10000_test,Stacking,256,0.27492619040313093,0.7913130304543186,0.8002116188844661,0.8116591928251121,0.7887640449438202,0.4641025641025641,0.8988990779462891,0.566925636422904,1404,376,42,181,2003
3,ISIC2020_external,Stacking,256,0.27492619040313093,0.9003700192654659,0.5774757632201105,0.24268502581755594,0.912266500622665,0.07966101694915254,0.6179786214775487,0.05815536825024383,29302,2818,440,141,32701
3,HAM10000_test,SVM-RBF,512,0.03566424321858592,0.7698452321517724,0.797939235148889,0.8340807174887892,0.7617977528089888,0.44657863145258103,0.8746611578576107,0.596210150226672,1356,424,37,186,2003
3,ISIC2020_external,SVM-RBF,512,0.03566424321858592,0.7573162900217119,0.6035222637570385,0.4440619621342513,0.7629825653798257,0.06105063890203502,0.6643353345779488,0.05651736946765049,24507,7613,323,258,32701
3,HAM10000_test,XGBoost,512,0.07602495700120926,0.8377433849226161,0.8145676928503048,0.7847533632286996,0.8443820224719101,0.5185185185185185,0.8975789791908098,0.5970262349147659,1503,277,48,175,2003
3,ISIC2020_external,XGBoost,512,0.07602495700120926,0.9362710620470323,0.5788506096972841,0.2082616179001721,0.949439601494396,0.10404127257093723,0.6596285337042888,0.0603510729620556,30496,1624,460,121,32701
3,HAM10000_test,RandomForest,512,0.09666666666666666,0.7868197703444832,0.8172960648964579,0.8565022421524664,0.7780898876404494,0.4721878862793572,0.9010769889655867,0.5714823968115765,1385,395,32,191,2003
3,ISIC2020_external,RandomForest,512,0.09666666666666666,0.9078009846793677,0.5922436945790635,0.26506024096385544,0.9194271481942715,0.09268733072524828,0.6560455038442331,0.057125041344808114,29532,2588,427,154,32701
3,HAM10000_test,KNN,512,0.09421207432416015,0.8087868197703445,0.8080818259686602,0.8071748878923767,0.8089887640449438,0.4845222072678331,0.8679901244520581,0.5718157837460192,1440,340,43,180,2003
3,ISIC2020_external,KNN,512,0.09421207432416015,0.8324821870890798,0.5370027253650789,0.2306368330464716,0.8433686176836862,0.046641141663766095,0.5489031021792203,0.04579179632138389,27089,5031,447,134,32701
3,HAM10000_test,Stacking,512,0.25697344999445093,0.780828756864703,0.8198090391494937,0.8699551569506726,0.7696629213483146,0.46916565900846435,0.9035017886834282,0.5887216927213297,1370,410,29,194,2003
3,ISIC2020_external,Stacking,512,0.25697344999445093,0.8924803522828048,0.5903599453855272,0.27710843373493976,0.9036114570361146,0.08389786347055758,0.6423911086437907,0.058684732402043555,29024,3096,420,161,32701
3,HAM10000_test,SVM-RBF,all,0.0817653083832256,0.8472291562656016,0.8081372499622109,0.757847533632287,0.8584269662921349,0.5248447204968945,0.8860558270771401,0.6129927839661328,1528,252,54,169,2003
3,ISIC2020_external,SVM-RBF,all,0.0817653083832256,0.8812880340050763,0.5905776905880058,0.2891566265060241,0.8919987546699876,0.07965860597439545,0.6466023764154645,0.056759398464114354,28651,3469,413,168,32701
3,HAM10000_test,XGBoost,all,0.06435531377792358,0.8437343984023964,0.8120547185972691,0.7713004484304933,0.852808988764045,0.5235920852359208,0.8996120320451454,0.6085519258825326,1518,262,51,172,2003
3,ISIC2020_external,XGBoost,all,0.06435531377792358,0.9367603437203755,0.5748745828358801,0.19965576592082615,0.950093399750934,0.10086956521739131,0.6568762954325753,0.0594910123763925,30517,1603,465,116,32701
3,HAM10000_test,RandomForest,all,0.10333333333333333,0.7793310034947578,0.8111213281604273,0.852017937219731,0.7702247191011236,0.46228710462287104,0.9000390487227289,0.5621126143868682,1371,409,33,190,2003
3,ISIC2020_external,RandomForest,all,0.10333333333333333,0.9178006788783217,0.5880387767043981,0.24612736660929432,0.9299501867995019,0.09616677874915938,0.6566680080935735,0.056331085685491215,29870,2250,438,143,32701
3,HAM10000_test,KNN,all,0.1794024759866938,0.8122815776335497,0.8080868645135285,0.8026905829596412,0.8134831460674158,0.4877384196185286,0.8666775835138811,0.5391564901525702,1448,332,44,179,2003
3,ISIC2020_external,KNN,all,0.1794024759866938,0.8112290144032293,0.5295639951730066,0.23752151462994836,0.8216064757160647,0.04279733291983253,0.5678319308188099,0.04020372029259989,26390,5730,443,138,32701
3,HAM10000_test,Stacking,all,0.2724402010924372,0.7728407388916625,0.8055083891772057,0.8475336322869955,0.7634831460674157,0.453781512605042,0.9010530558774625,0.5783314135990647,1359,421,34,189,2003
3,ISIC2020_external,Stacking,all,0.2724402010924372,0.9070670621693526,0.5960951884392222,0.2736660929432014,0.9185242839352429,0.09472743521000894,0.6696510289512435,0.06034474272700674,29503,2617,422,159,32701
3,HAM10000_test,SVM-RBF,64,0.0677565489303801,0.780828756864703,0.778622713760266,0.7757847533632287,0.7814606741573034,0.4407643312101911,0.8550461026855445,0.4708311147804997,1391,389,50,173,2003
3,ISIC2020_external,SVM-RBF,64,0.0677565489303801,0.7624537475918167,0.5545913238436757,0.33907056798623064,0.7701120797011208,0.04827248223474639,0.5883866546063278,0.0323056297416834,24736,7384,384,197,32701
3,HAM10000_test,XGBoost,64,0.06507553905248642,0.7758362456315526,0.7915037537159268,0.8116591928251121,0.7713483146067416,0.44636251541307026,0.8844359349020002,0.5619917161197625,1373,407,42,181,2003
3,ISIC2020_external,XGBoost,64,0.06507553905248642,0.8520840341273967,0.570641452127671,0.27882960413080893,0.862453300124533,0.0627785312923852,0.6193982655403683,0.04930518491055669,27702,4418,419,162,32701
3,HAM10000_test,RandomForest,64,0.07666666666666666,0.7573639540688967,0.7928780168287399,0.8385650224215246,0.7471910112359551,0.43488372093023253,0.8940734115987303,0.5561285308603966,1330,450,36,187,2003
3,ISIC2020_external,RandomForest,64,0.07666666666666666,0.8609216843521604,0.5793652996615531,0.2874354561101549,0.8712951432129514,0.06841458418680868,0.6050660121360733,0.04746728711659131,27986,4134,414,167,32701
3,HAM10000_test,KNN,64,0.0880952425895759,0.7408886669995007,0.7738020859575755,0.8161434977578476,0.7314606741573034,0.41223103057757643,0.8375270821786669,0.5190010745675786,1302,478,41,182,2003
3,ISIC2020_external,KNN,64,0.0880952425895759,0.682792575150607,0.5478410082243224,0.4079173838209983,0.6877646326276463,0.043698718539688396,0.5576934226855831,0.041324669284547366,22091,10029,344,237,32701
3,HAM10000_test,Stacking,64,0.24697654593633067,0.7493759360958562,0.7962286491661208,0.8565022421524664,0.7359550561797753,0.4321266968325792,0.892820073562755,0.56576988319529,1310,470,32,191,2003
3,ISIC2020_external,Stacking,64,0.24697654593633067,0.8289043148527568,0.5664471174146863,0.2943201376936317,0.8385740971357409,0.057604850934815564,0.5890417925035849,0.047522989981473265,26935,5185,410,171,32701
3,HAM10000_test,SVM-RBF,128,0.07161448803255396,0.817773339990015,0.7896029626643826,0.7533632286995515,0.8258426966292135,0.4793152639087018,0.8578173023630774,0.5500109068662075,1470,310,55,168,2003
3,ISIC2020_external,SVM-RBF,128,0.07161448803255396,0.8069783798660591,0.562891014333084,0.3098106712564544,0.8159713574097136,0.0539568345323741,0.6024255534859595,0.03863386716258957,26209,5911,401,180,32701
3,HAM10000_test,XGBoost,128,0.04541250690817833,0.7838242636045931,0.7901143749685091,0.7982062780269058,0.7820224719101123,0.4512040557667934,0.8885070791555398,0.5753232620074663,1392,388,45,178,2003
3,ISIC2020_external,XGBoost,128,0.04541250690817833,0.851166630989878,0.5667943790818852,0.2719449225473322,0.8616438356164383,0.06096855103222072,0.6057851312740733,0.05113774334437454,27676,4444,423,158,32701
3,HAM10000_test,RandomForest,128,0.12,0.8237643534697953,0.8008187635410893,0.7713004484304933,0.8303370786516854,0.4935437589670014,0.8939449287045902,0.5585048754634507,1478,302,51,172,2003
3,ISIC2020_external,RandomForest,128,0.12,0.9254151249197272,0.569099364903128,0.19965576592082615,0.9385429638854297,0.0868588543616623,0.616648277865063,0.05403279777942724,30146,1974,465,116,32701
3,HAM10000_test,KNN,128,0.0942404665695029,0.7938092860708936,0.7741585630070036,0.7488789237668162,0.799438202247191,0.44712182061579653,0.8450483700307351,0.5368227110556731,1423,357,56,167,2003
3,ISIC2020_external,KNN,128,0.0942404665695029,0.7800678878321764,0.5398971798955294,0.2908777969018933,0.7889165628891657,0.0448871181938911,0.5683410210848732,0.03654816879986821,25340,6780,412,169,32701
3,HAM10000_test,Stacking,128,0.3157413703958559,0.8137793310034948,0.7952007860129995,0.7713004484304933,0.8191011235955056,0.4797768479776848,0.8923691237970474,0.5673027591575992,1458,322,51,172,2003
3,ISIC2020_external,Stacking,128,0.3157413703958559,0.9052016757897312,0.5630349185391271,0.2082616179001721,0.9178082191780822,0.07241172950329144,0.6024026724224776,0.0532868834170738,29480,2640,460,121,32701
3,HAM10000_test,SVM-RBF,256,0.04280934799105396,0.7803295057413879,0.799915604373457,0.8251121076233184,0.7747191011235955,0.45544554455445546,0.8791064140676174,0.5817637848279937,1379,401,39,184,2003
3,ISIC2020_external,SVM-RBF,256,0.04280934799105396,0.7678970062077612,0.5784876474408576,0.38209982788296043,0.7748754669987546,0.05526512322628827,0.6344925601713025,0.04895781783117434,24889,7231,359,222,32701
3,HAM10000_test,XGBoost,256,0.048806749284267426,0.8062905641537693,0.8086385851766009,0.8116591928251121,0.8056179775280898,0.4826666666666667,0.8991006197410187,0.6023627151183746,1434,346,42,181,2003
3,ISIC2020_external,XGBoost,256,0.048806749284267426,0.9056603773584906,0.5793237707992618,0.24096385542168675,0.9176836861768368,0.08320950965824665,0.6384947904051718,0.0561615770059052,29476,2644,441,140,32701
3,HAM10000_test,RandomForest,256,0.12666666666666668,0.8247628557164254,0.8013805612938983,0.7713004484304933,0.8314606741573034,0.4949640287769784,0.8964264120521993,0.5607306287955205,1480,300,51,172,2003
3,ISIC2020_external,RandomForest,256,0.12666666666666668,0.9367909238249594,0.5791152423249304,0.2082616179001721,0.9499688667496887,0.10480727587700303,0.6372858718274628,0.05646407357134604,30513,1607,460,121,32701
3,HAM10000_test,KNN,256,0.18342133049444956,0.855716425361957,0.7834937270116391,0.6905829596412556,0.8764044943820225,0.5159128978224455,0.8727062024487326,0.5505613434467748,1560,220,69,154,2003
3,ISIC2020_external,KNN,256,0.18342133049444956,0.9163328338582918,0.541660575766864,0.153184165232358,0.9301369863013699,0.06108442004118051,0.5623964457724154,0.04420456697603238,29876,2244,492,89,32701
3,HAM10000_test,Stacking,256,0.27492619040313093,0.7913130304543186,0.8002116188844661,0.8116591928251121,0.7887640449438202,0.4641025641025641,0.8988990779462891,0.566925636422904,1404,376,42,181,2003
3,ISIC2020_external,Stacking,256,0.27492619040313093,0.9003700192654659,0.5774757632201105,0.24268502581755594,0.912266500622665,0.07966101694915254,0.6179786214775487,0.05815536825024383,29302,2818,440,141,32701
3,HAM10000_test,SVM-RBF,512,0.03566424321858592,0.7698452321517724,0.797939235148889,0.8340807174887892,0.7617977528089888,0.44657863145258103,0.8746611578576107,0.596210150226672,1356,424,37,186,2003
3,ISIC2020_external,SVM-RBF,512,0.03566424321858592,0.7573162900217119,0.6035222637570385,0.4440619621342513,0.7629825653798257,0.06105063890203502,0.6643353345779488,0.05651736946765049,24507,7613,323,258,32701
3,HAM10000_test,XGBoost,512,0.07602495700120926,0.8377433849226161,0.8145676928503048,0.7847533632286996,0.8443820224719101,0.5185185185185185,0.8975789791908098,0.5970262349147659,1503,277,48,175,2003
3,ISIC2020_external,XGBoost,512,0.07602495700120926,0.9362710620470323,0.5788506096972841,0.2082616179001721,0.949439601494396,0.10404127257093723,0.6596285337042888,0.0603510729620556,30496,1624,460,121,32701
3,HAM10000_test,RandomForest,512,0.09666666666666666,0.7868197703444832,0.8172960648964579,0.8565022421524664,0.7780898876404494,0.4721878862793572,0.9010769889655867,0.5714823968115765,1385,395,32,191,2003
3,ISIC2020_external,RandomForest,512,0.09666666666666666,0.9078009846793677,0.5922436945790635,0.26506024096385544,0.9194271481942715,0.09268733072524828,0.6560455038442331,0.057125041344808114,29532,2588,427,154,32701
3,HAM10000_test,KNN,512,0.09421207432416015,0.8087868197703445,0.8080818259686602,0.8071748878923767,0.8089887640449438,0.4845222072678331,0.8679901244520581,0.5718157837460192,1440,340,43,180,2003
3,ISIC2020_external,KNN,512,0.09421207432416015,0.8324821870890798,0.5370027253650789,0.2306368330464716,0.8433686176836862,0.046641141663766095,0.5489031021792203,0.04579179632138389,27089,5031,447,134,32701
3,HAM10000_test,Stacking,512,0.25697344999445093,0.780828756864703,0.8198090391494937,0.8699551569506726,0.7696629213483146,0.46916565900846435,0.9035017886834282,0.5887216927213297,1370,410,29,194,2003
3,ISIC2020_external,Stacking,512,0.25697344999445093,0.8924803522828048,0.5903599453855272,0.27710843373493976,0.9036114570361146,0.08389786347055758,0.6423911086437907,0.058684732402043555,29024,3096,420,161,32701
3,HAM10000_test,SVM-RBF,all,0.0817653083832256,0.8472291562656016,0.8081372499622109,0.757847533632287,0.8584269662921349,0.5248447204968945,0.8860558270771401,0.6129927839661328,1528,252,54,169,2003
3,ISIC2020_external,SVM-RBF,all,0.0817653083832256,0.8812880340050763,0.5905776905880058,0.2891566265060241,0.8919987546699876,0.07965860597439545,0.6466023764154645,0.056759398464114354,28651,3469,413,168,32701
3,HAM10000_test,XGBoost,all,0.06435531377792358,0.8437343984023964,0.8120547185972691,0.7713004484304933,0.852808988764045,0.5235920852359208,0.8996120320451454,0.6085519258825326,1518,262,51,172,2003
3,ISIC2020_external,XGBoost,all,0.06435531377792358,0.9367603437203755,0.5748745828358801,0.19965576592082615,0.950093399750934,0.10086956521739131,0.6568762954325753,0.0594910123763925,30517,1603,465,116,32701
3,HAM10000_test,RandomForest,all,0.10333333333333333,0.7793310034947578,0.8111213281604273,0.852017937219731,0.7702247191011236,0.46228710462287104,0.9000390487227289,0.5621126143868682,1371,409,33,190,2003
3,ISIC2020_external,RandomForest,all,0.10333333333333333,0.9178006788783217,0.5880387767043981,0.24612736660929432,0.9299501867995019,0.09616677874915938,0.6566680080935735,0.056331085685491215,29870,2250,438,143,32701
3,HAM10000_test,KNN,all,0.1794024759866938,0.8122815776335497,0.8080868645135285,0.8026905829596412,0.8134831460674158,0.4877384196185286,0.8666775835138811,0.5391564901525702,1448,332,44,179,2003
3,ISIC2020_external,KNN,all,0.1794024759866938,0.8112290144032293,0.5295639951730066,0.23752151462994836,0.8216064757160647,0.04279733291983253,0.5678319308188099,0.04020372029259989,26390,5730,443,138,32701
3,HAM10000_test,Stacking,all,0.2724402010924372,0.7728407388916625,0.8055083891772057,0.8475336322869955,0.7634831460674157,0.453781512605042,0.9010530558774625,0.5783314135990647,1359,421,34,189,2003
3,ISIC2020_external,Stacking,all,0.2724402010924372,0.9070670621693526,0.5960951884392222,0.2736660929432014,0.9185242839352429,0.09472743521000894,0.6696510289512435,0.06034474272700674,29503,2617,422,159,32701
4,HAM10000_test,SVM-RBF,64,0.041919845548237286,0.7159261108337494,0.7870274822829568,0.8783783783783784,0.6956765861875351,0.40667361835245047,0.8687876534591864,0.5263085279864038,1239,542,27,195,2003
4,ISIC2020_external,SVM-RBF,64,0.041919845548237286,0.6020305189443748,0.563345795564396,0.5232358003442341,0.6034557907845579,0.04463368081045368,0.5956873750115209,0.03340445029799632,19383,12737,277,304,32701
4,HAM10000_test,XGBoost,64,0.03570323437452316,0.7219171243135297,0.7963109094495956,0.8918918918918919,0.7007299270072993,0.4155299055613851,0.897502921225549,0.5704633152555735,1248,533,24,198,2003
4,ISIC2020_external,XGBoost,64,0.03570323437452316,0.7478976178098529,0.6114030218007772,0.46987951807228917,0.7529265255292652,0.0621160409556314,0.6471936938288646,0.05097726702150643,24184,7936,308,273,32701
4,HAM10000_test,RandomForest,64,0.08666666666666667,0.7633549675486769,0.8058118477826507,0.8603603603603603,0.751263335204941,0.4462616822429907,0.8904451897152628,0.5267868332338037,1338,443,31,191,2003
4,ISIC2020_external,RandomForest,64,0.08666666666666667,0.8119323568086603,0.588228309073333,0.35628227194492257,0.8201743462017435,0.06307129798903108,0.6430416649697884,0.047464294128446716,26344,5776,374,207,32701
4,HAM10000_test,KNN,64,0.0895866873799332,0.7743384922616076,0.7843869978906475,0.7972972972972973,0.7714766984839978,0.4392059553349876,0.8429594670470583,0.50362061512167,1374,407,45,177,2003
4,ISIC2020_external,KNN,64,0.0895866873799332,0.7902204825540503,0.5797110609311468,0.3614457831325301,0.7979763387297634,0.057692307692307696,0.5967320804298853,0.0370119941382319,25631,6489,371,210,32701
4,HAM10000_test,Stacking,64,0.23047827136810056,0.7324013979031453,0.792348918261327,0.8693693693693694,0.7153284671532847,0.41865509761388287,0.8907992776605916,0.5392051220394088,1274,507,29,193,2003
4,ISIC2020_external,Stacking,64,0.23047827136810056,0.7692425308094554,0.5960729504032855,0.4165232358003442,0.7756226650062267,0.06027397260273973,0.6458930902403422,0.049195083303178636,24913,7207,339,242,32701
4,HAM10000_test,SVM-RBF,128,0.03913698046517559,0.7408886669995007,0.7990930290200363,0.8738738738738738,0.7243121841661988,0.42778390297684676,0.8797251771704326,0.5721227920179471,1290,491,28,194,2003
4,ISIC2020_external,SVM-RBF,128,0.03913698046517559,0.6615088223601725,0.5589771200082307,0.45266781411359724,0.6652864259028642,0.04536438119879258,0.5641713893467483,0.03620051568593988,21369,10751,318,263,32701
4,HAM10000_test,XGBoost,128,0.027357961982488632,0.7304043934098852,0.7951689758259102,0.8783783783783784,0.7119595732734418,0.41935483870967744,0.8995452499102135,0.5929932068454434,1268,513,27,195,2003
4,ISIC2020_external,XGBoost,128,0.027357961982488632,0.7321794440536986,0.5738261264235023,0.40963855421686746,0.738013698630137,0.05154862464803985,0.6171106682556592,0.04854856076824769,23705,8415,343,238,32701
4,HAM10000_test,RandomForest,128,0.06,0.7039440838741887,0.7980332943836594,0.918918918918919,0.6771476698483998,0.4075924075924076,0.8967226631460208,0.5429749914967286,1206,575,18,204,2003
4,ISIC2020_external,RandomForest,128,0.06,0.7190299990825969,0.5958631090810493,0.46815834767641995,0.7235678704856787,0.05589806822852446,0.6344327318167886,0.04647043641234624,23241,8879,309,272,32701
4,HAM10000_test,KNN,128,0.08716703971105816,0.7249126310534199,0.792080823102721,0.8783783783783784,0.7057832678270635,0.41445270988310307,0.8600480042085881,0.5323925584137184,1257,524,27,195,2003
4,ISIC2020_external,KNN,128,0.08716703971105816,0.7428519005534999,0.5792588786028298,0.40963855421686746,0.7488792029887921,0.05357343837929094,0.59115649575709,0.0365983748556775,24054,8066,343,238,32701
4,HAM10000_test,Stacking,128,0.19709674515231643,0.672990514228657,0.7904848981491317,0.9414414414414415,0.639528354856822,0.3895619757688723,0.9000055642391408,0.5570775595860813,1139,642,13,209,2003
4,ISIC2020_external,Stacking,128,0.19709674515231643,0.6708663343628635,0.5941611759259061,0.5146299483648882,0.673692403486924,0.05263621160109146,0.6353389719704293,0.046524462778788786,21639,10481,282,299,32701
4,HAM10000_test,SVM-RBF,256,0.05482407676623156,0.7878182725911134,0.809710608980682,0.8378378378378378,0.7815833801235261,0.46675031367628605,0.8834772447911133,0.5856373828368158,1392,389,36,186,2003
4,ISIC2020_external,SVM-RBF,256,0.05482407676623156,0.7653588575272927,0.5831107475623898,0.39414802065404475,0.7720734744707347,0.05632763497724757,0.616812062339377,0.047297142360760845,24799,7321,352,229,32701
4,HAM10000_test,XGBoost,256,0.021106254309415817,0.7244133799301048,0.7977146152328634,0.8918918918918919,0.7035373385738349,0.4177215189873418,0.9013258064352956,0.583749940324039,1253,528,24,198,2003
4,ISIC2020_external,XGBoost,256,0.021106254309415817,0.7445949665147855,0.588596361964492,0.4268502581755594,0.7503424657534247,0.05605786618444846,0.6398789607817499,0.05374513400745294,24101,8019,333,248,32701
4,HAM10000_test,RandomForest,256,0.06666666666666667,0.7109335996005991,0.803935181672408,0.9234234234234234,0.6844469399213925,0.41456016177957533,0.8973992240415598,0.5461447999545035,1219,562,17,205,2003
4,ISIC2020_external,RandomForest,256,0.06666666666666667,0.7430353811810037,0.5945626126637845,0.4406196213425129,0.7485056039850561,0.05743129556926528,0.6415457417644246,0.051546986652753105,24042,8078,325,256,32701
4,HAM10000_test,KNN,256,0.08880485534785025,0.728407388916625,0.7960175222948945,0.8828828828828829,0.7091521617069062,0.4188034188034188,0.8699953462727185,0.52519326690122,1263,518,26,196,2003
4,ISIC2020_external,KNN,256,0.08880485534785025,0.6847191217393963,0.5707921885013814,0.45266781411359724,0.6889165628891656,0.048541897379106684,0.5929061469146466,0.04247065788410445,22128,9992,318,263,32701
4,HAM10000_test,Stacking,256,0.195240944106204,0.6749875187219171,0.791607862775746,0.9414414414414415,0.6417742841100506,0.3910196445275959,0.9019378727407924,0.5612030173756966,1143,638,13,209,2003
4,ISIC2020_external,Stacking,256,0.195240944106204,0.6821503929543439,0.5948351491716733,0.504302925989673,0.6853673723536737,0.05336976320582878,0.6427677084427373,0.05344126347590044,22014,10106,288,293,32701
4,HAM10000_test,SVM-RBF,512,0.036088155496960164,0.7443834248627059,0.8109157725946047,0.8963963963963963,0.725435148792813,0.43736263736263736,0.9002964221942323,0.6074612680674402,1292,489,23,199,2003
4,ISIC2020_external,SVM-RBF,512,0.036088155496960164,0.6724259196966453,0.5932650366632872,0.5111876075731497,0.6753424657534246,0.052538475145940206,0.6407054119341626,0.05148756247497205,21692,10428,284,297,32701
4,HAM10000_test,XGBoost,512,0.008951502852141857,0.6799800299550673,0.8023013187246764,0.9594594594594594,0.6451431779898933,0.3992502343017807,0.9037336044635313,0.5921575474260201,1149,632,9,213,2003
4,ISIC2020_external,XGBoost,512,0.008951502852141857,0.6501636035595242,0.5988329050055408,0.5456110154905336,0.6520547945205479,0.05250952459831042,0.6528570249687595,0.05565276879172729,20944,11176,264,317,32701
4,HAM10000_test,RandomForest,512,0.08,0.7343984023964054,0.8112154827483296,0.9099099099099099,0.712521055586749,0.43162393162393164,0.8985487452640737,0.561048905520909,1269,512,20,202,2003
4,ISIC2020_external,RandomForest,512,0.08,0.759365157028837,0.5918899490507842,0.41824440619621345,0.765535491905355,0.05816876122082585,0.638686251856742,0.05344792374731523,24589,7531,338,243,32701
4,HAM10000_test,KNN,512,0.08874435642556898,0.7184223664503245,0.7982887435442181,0.9009009009009009,0.6956765861875351,0.4149377593360996,0.8718353389886235,0.5276333026250821,1239,542,22,200,2003
4,ISIC2020_external,KNN,512,0.08874435642556898,0.7045961897189689,0.5699252534064384,0.43029259896729777,0.709557907845579,0.04921259842519685,0.5872914447328541,0.03766844052138406,22791,9329,331,250,32701
4,HAM10000_test,Stacking,512,0.21691112662739986,0.7189216175736396,0.808427040178865,0.9234234234234234,0.6934306569343066,0.42137718396711205,0.9035211516963342,0.5800110316977131,1235,546,17,205,2003
4,ISIC2020_external,Stacking,512,0.21691112662739986,0.7279899697256964,0.5995791116788807,0.4664371772805508,0.7327210460772104,0.05743350641093568,0.6431276431111387,0.05678416971756714,23535,8585,310,271,32701
4,HAM10000_test,SVM-RBF,all,0.06510424496527542,0.8137793310034948,0.8183946158398714,0.8243243243243243,0.8124649073554183,0.4952638700947226,0.905894805529842,0.6247010056037992,1447,334,39,183,2003
4,ISIC2020_external,SVM-RBF,all,0.06510424496527542,0.8414727378367634,0.6032656689737066,0.35628227194492257,0.8502490660024906,0.07395498392282958,0.6706410234426409,0.06227378525370107,27310,4810,374,207,32701
4,HAM10000_test,XGBoost,all,0.011149132624268532,0.7004493260109835,0.7960681062870845,0.918918918918919,0.6732172936552498,0.40476190476190477,0.9049476202760874,0.6045149805068926,1199,582,18,204,2003
4,ISIC2020_external,XGBoost,all,0.011149132624268532,0.7226384514235039,0.620515472314449,0.5146299483648882,0.72640099626401,0.0618535374431113,0.6661310425834275,0.06059521472833488,23332,8788,282,299,32701
4,HAM10000_test,RandomForest,all,0.08333333333333333,0.7144283574638043,0.7980143253865881,0.9054054054054054,0.6906232453677709,0.4127310061601643,0.8952026141807164,0.542995061485331,1230,551,21,201,2003
4,ISIC2020_external,RandomForest,all,0.08333333333333333,0.7714748784440842,0.5963642954668702,0.41480206540447506,0.7779265255292652,0.06059082338152105,0.6428059953744885,0.055551396163448716,24987,7133,340,241,32701
4,HAM10000_test,KNN,all,0.17710882309345513,0.7893160259610584,0.8184388768330375,0.8558558558558559,0.781021897810219,0.47381546134663344,0.8765522962603255,0.519181556940235,1391,390,32,190,2003
4,ISIC2020_external,KNN,all,0.17710882309345513,0.7866426103177273,0.5491591343134502,0.3029259896729776,0.7953922789539228,0.0480283804066039,0.5731266464184437,0.03554589342535141,25548,6572,405,176,32701
4,HAM10000_test,Stacking,all,0.24470421478169185,0.7363954068896655,0.8064239140881476,0.8963963963963963,0.7164514317798989,0.4298056155507559,0.895369541354943,0.5796063106625354,1276,505,23,199,2003
4,ISIC2020_external,Stacking,all,0.24470421478169185,0.7902204825540503,0.6101317295511882,0.423407917383821,0.7968555417185554,0.06692056583242655,0.6617312873625797,0.06325963607743734,25595,6525,335,246,32701
4,HAM10000_test,SVM-RBF,64,0.041919845548237286,0.7159261108337494,0.7870274822829568,0.8783783783783784,0.6956765861875351,0.40667361835245047,0.8687876534591864,0.5263085279864038,1239,542,27,195,2003
4,ISIC2020_external,SVM-RBF,64,0.041919845548237286,0.6020305189443748,0.563345795564396,0.5232358003442341,0.6034557907845579,0.04463368081045368,0.5956873750115209,0.03340445029799632,19383,12737,277,304,32701
4,HAM10000_test,XGBoost,64,0.03570323437452316,0.7219171243135297,0.7963109094495956,0.8918918918918919,0.7007299270072993,0.4155299055613851,0.897502921225549,0.5704633152555735,1248,533,24,198,2003
4,ISIC2020_external,XGBoost,64,0.03570323437452316,0.7478976178098529,0.6114030218007772,0.46987951807228917,0.7529265255292652,0.0621160409556314,0.6471936938288646,0.05097726702150643,24184,7936,308,273,32701
4,HAM10000_test,RandomForest,64,0.08666666666666667,0.7633549675486769,0.8058118477826507,0.8603603603603603,0.751263335204941,0.4462616822429907,0.8904451897152628,0.5267868332338037,1338,443,31,191,2003
4,ISIC2020_external,RandomForest,64,0.08666666666666667,0.8119323568086603,0.588228309073333,0.35628227194492257,0.8201743462017435,0.06307129798903108,0.6430416649697884,0.047464294128446716,26344,5776,374,207,32701
4,HAM10000_test,KNN,64,0.0895866873799332,0.7743384922616076,0.7843869978906475,0.7972972972972973,0.7714766984839978,0.4392059553349876,0.8429594670470583,0.50362061512167,1374,407,45,177,2003
4,ISIC2020_external,KNN,64,0.0895866873799332,0.7902204825540503,0.5797110609311468,0.3614457831325301,0.7979763387297634,0.057692307692307696,0.5967320804298853,0.0370119941382319,25631,6489,371,210,32701
4,HAM10000_test,Stacking,64,0.23047827136810056,0.7324013979031453,0.792348918261327,0.8693693693693694,0.7153284671532847,0.41865509761388287,0.8907992776605916,0.5392051220394088,1274,507,29,193,2003
4,ISIC2020_external,Stacking,64,0.23047827136810056,0.7692425308094554,0.5960729504032855,0.4165232358003442,0.7756226650062267,0.06027397260273973,0.6458930902403422,0.049195083303178636,24913,7207,339,242,32701
4,HAM10000_test,SVM-RBF,128,0.03913698046517559,0.7408886669995007,0.7990930290200363,0.8738738738738738,0.7243121841661988,0.42778390297684676,0.8797251771704326,0.5721227920179471,1290,491,28,194,2003
4,ISIC2020_external,SVM-RBF,128,0.03913698046517559,0.6615088223601725,0.5589771200082307,0.45266781411359724,0.6652864259028642,0.04536438119879258,0.5641713893467483,0.03620051568593988,21369,10751,318,263,32701
4,HAM10000_test,XGBoost,128,0.027357961982488632,0.7304043934098852,0.7951689758259102,0.8783783783783784,0.7119595732734418,0.41935483870967744,0.8995452499102135,0.5929932068454434,1268,513,27,195,2003
4,ISIC2020_external,XGBoost,128,0.027357961982488632,0.7321794440536986,0.5738261264235023,0.40963855421686746,0.738013698630137,0.05154862464803985,0.6171106682556592,0.04854856076824769,23705,8415,343,238,32701
4,HAM10000_test,RandomForest,128,0.06,0.7039440838741887,0.7980332943836594,0.918918918918919,0.6771476698483998,0.4075924075924076,0.8967226631460208,0.5429749914967286,1206,575,18,204,2003
4,ISIC2020_external,RandomForest,128,0.06,0.7190299990825969,0.5958631090810493,0.46815834767641995,0.7235678704856787,0.05589806822852446,0.6344327318167886,0.04647043641234624,23241,8879,309,272,32701
4,HAM10000_test,KNN,128,0.08716703971105816,0.7249126310534199,0.792080823102721,0.8783783783783784,0.7057832678270635,0.41445270988310307,0.8600480042085881,0.5323925584137184,1257,524,27,195,2003
4,ISIC2020_external,KNN,128,0.08716703971105816,0.7428519005534999,0.5792588786028298,0.40963855421686746,0.7488792029887921,0.05357343837929094,0.59115649575709,0.0365983748556775,24054,8066,343,238,32701
4,HAM10000_test,Stacking,128,0.19709674515231643,0.672990514228657,0.7904848981491317,0.9414414414414415,0.639528354856822,0.3895619757688723,0.9000055642391408,0.5570775595860813,1139,642,13,209,2003
4,ISIC2020_external,Stacking,128,0.19709674515231643,0.6708663343628635,0.5941611759259061,0.5146299483648882,0.673692403486924,0.05263621160109146,0.6353389719704293,0.046524462778788786,21639,10481,282,299,32701
4,HAM10000_test,SVM-RBF,256,0.05482407676623156,0.7878182725911134,0.809710608980682,0.8378378378378378,0.7815833801235261,0.46675031367628605,0.8834772447911133,0.5856373828368158,1392,389,36,186,2003
4,ISIC2020_external,SVM-RBF,256,0.05482407676623156,0.7653588575272927,0.5831107475623898,0.39414802065404475,0.7720734744707347,0.05632763497724757,0.616812062339377,0.047297142360760845,24799,7321,352,229,32701
4,HAM10000_test,XGBoost,256,0.021106254309415817,0.7244133799301048,0.7977146152328634,0.8918918918918919,0.7035373385738349,0.4177215189873418,0.9013258064352956,0.583749940324039,1253,528,24,198,2003
4,ISIC2020_external,XGBoost,256,0.021106254309415817,0.7445949665147855,0.588596361964492,0.4268502581755594,0.7503424657534247,0.05605786618444846,0.6398789607817499,0.05374513400745294,24101,8019,333,248,32701
4,HAM10000_test,RandomForest,256,0.06666666666666667,0.7109335996005991,0.803935181672408,0.9234234234234234,0.6844469399213925,0.41456016177957533,0.8973992240415598,0.5461447999545035,1219,562,17,205,2003
4,ISIC2020_external,RandomForest,256,0.06666666666666667,0.7430353811810037,0.5945626126637845,0.4406196213425129,0.7485056039850561,0.05743129556926528,0.6415457417644246,0.051546986652753105,24042,8078,325,256,32701
4,HAM10000_test,KNN,256,0.08880485534785025,0.728407388916625,0.7960175222948945,0.8828828828828829,0.7091521617069062,0.4188034188034188,0.8699953462727185,0.52519326690122,1263,518,26,196,2003
4,ISIC2020_external,KNN,256,0.08880485534785025,0.6847191217393963,0.5707921885013814,0.45266781411359724,0.6889165628891656,0.048541897379106684,0.5929061469146466,0.04247065788410445,22128,9992,318,263,32701
4,HAM10000_test,Stacking,256,0.195240944106204,0.6749875187219171,0.791607862775746,0.9414414414414415,0.6417742841100506,0.3910196445275959,0.9019378727407924,0.5612030173756966,1143,638,13,209,2003
4,ISIC2020_external,Stacking,256,0.195240944106204,0.6821503929543439,0.5948351491716733,0.504302925989673,0.6853673723536737,0.05336976320582878,0.6427677084427373,0.05344126347590044,22014,10106,288,293,32701
4,HAM10000_test,SVM-RBF,512,0.036088155496960164,0.7443834248627059,0.8109157725946047,0.8963963963963963,0.725435148792813,0.43736263736263736,0.9002964221942323,0.6074612680674402,1292,489,23,199,2003
4,ISIC2020_external,SVM-RBF,512,0.036088155496960164,0.6724259196966453,0.5932650366632872,0.5111876075731497,0.6753424657534246,0.052538475145940206,0.6407054119341626,0.05148756247497205,21692,10428,284,297,32701
4,HAM10000_test,XGBoost,512,0.008951502852141857,0.6799800299550673,0.8023013187246764,0.9594594594594594,0.6451431779898933,0.3992502343017807,0.9037336044635313,0.5921575474260201,1149,632,9,213,2003
4,ISIC2020_external,XGBoost,512,0.008951502852141857,0.6501636035595242,0.5988329050055408,0.5456110154905336,0.6520547945205479,0.05250952459831042,0.6528570249687595,0.05565276879172729,20944,11176,264,317,32701
4,HAM10000_test,RandomForest,512,0.08,0.7343984023964054,0.8112154827483296,0.9099099099099099,0.712521055586749,0.43162393162393164,0.8985487452640737,0.561048905520909,1269,512,20,202,2003
4,ISIC2020_external,RandomForest,512,0.08,0.759365157028837,0.5918899490507842,0.41824440619621345,0.765535491905355,0.05816876122082585,0.638686251856742,0.05344792374731523,24589,7531,338,243,32701
4,HAM10000_test,KNN,512,0.08874435642556898,0.7184223664503245,0.7982887435442181,0.9009009009009009,0.6956765861875351,0.4149377593360996,0.8718353389886235,0.5276333026250821,1239,542,22,200,2003
4,ISIC2020_external,KNN,512,0.08874435642556898,0.7045961897189689,0.5699252534064384,0.43029259896729777,0.709557907845579,0.04921259842519685,0.5872914447328541,0.03766844052138406,22791,9329,331,250,32701
4,HAM10000_test,Stacking,512,0.21694311428113797,0.7189216175736396,0.808427040178865,0.9234234234234234,0.6934306569343066,0.42137718396711205,0.9035262100955531,0.5800417338885805,1235,546,17,205,2003
4,ISIC2020_external,Stacking,512,0.21694311428113797,0.7280511299348644,0.599610244929192,0.4664371772805508,0.7327833125778331,0.05744568097509274,0.6431278574536538,0.056784978408818715,23537,8583,310,271,32701
4,HAM10000_test,SVM-RBF,all,0.06510424496527542,0.8137793310034948,0.8183946158398714,0.8243243243243243,0.8124649073554183,0.4952638700947226,0.905894805529842,0.6247010056037992,1447,334,39,183,2003
4,ISIC2020_external,SVM-RBF,all,0.06510424496527542,0.8414727378367634,0.6032656689737066,0.35628227194492257,0.8502490660024906,0.07395498392282958,0.6706410234426409,0.06227378525370107,27310,4810,374,207,32701
4,HAM10000_test,XGBoost,all,0.011149132624268532,0.7004493260109835,0.7960681062870845,0.918918918918919,0.6732172936552498,0.40476190476190477,0.9049476202760874,0.6045149805068926,1199,582,18,204,2003
4,ISIC2020_external,XGBoost,all,0.011149132624268532,0.7226384514235039,0.620515472314449,0.5146299483648882,0.72640099626401,0.0618535374431113,0.6661310425834275,0.06059521472833488,23332,8788,282,299,32701
4,HAM10000_test,RandomForest,all,0.08333333333333333,0.7144283574638043,0.7980143253865881,0.9054054054054054,0.6906232453677709,0.4127310061601643,0.8952026141807164,0.542995061485331,1230,551,21,201,2003
4,ISIC2020_external,RandomForest,all,0.08333333333333333,0.7714748784440842,0.5963642954668702,0.41480206540447506,0.7779265255292652,0.06059082338152105,0.6428059953744885,0.055551396163448716,24987,7133,340,241,32701
4,HAM10000_test,KNN,all,0.17710882309345513,0.7893160259610584,0.8184388768330375,0.8558558558558559,0.781021897810219,0.47381546134663344,0.8765522962603255,0.519181556940235,1391,390,32,190,2003
4,ISIC2020_external,KNN,all,0.17710882309345513,0.7866426103177273,0.5491591343134502,0.3029259896729776,0.7953922789539228,0.0480283804066039,0.5731266464184437,0.03554589342535141,25548,6572,405,176,32701
4,HAM10000_test,Stacking,all,0.24470421478169185,0.7363954068896655,0.8064239140881476,0.8963963963963963,0.7164514317798989,0.4298056155507559,0.895369541354943,0.5796063106625354,1276,505,23,199,2003
4,ISIC2020_external,Stacking,all,0.24470421478169185,0.7902204825540503,0.6101317295511882,0.423407917383821,0.7968555417185554,0.06692056583242655,0.6617312873625797,0.06325963607743734,25595,6525,335,246,32701
5,HAM10000_test,SVM-RBF,64,0.03147284705708809,0.8077883175237144,0.8192875497556306,0.8340807174887892,0.8044943820224719,0.4914134742404227,0.8806595455232529,0.5416129362576928,1432,348,37,186,2003
5,ISIC2020_external,SVM-RBF,64,0.03147284705708809,0.8166111128100058,0.6252557642060861,0.4268502581755594,0.8236612702366127,0.07638995841675651,0.6797632801263763,0.06312079769732312,26456,5664,333,248,32701
5,HAM10000_test,XGBoost,64,0.010445673018693924,0.8202695956065901,0.845922557565375,0.8789237668161435,0.8129213483146067,0.5212765957446809,0.9076535496548597,0.6270818687612343,1447,333,27,196,2003
5,ISIC2020_external,XGBoost,64,0.010445673018693924,0.8902480046481759,0.6137291203597525,0.3270223752151463,0.9004358655043586,0.09574200050390527,0.6783948371318399,0.07934000650477811,28922,3198,391,190,32701
5,HAM10000_test,RandomForest,64,0.05333333333333334,0.8027958062905641,0.8262848289414018,0.8565022421524664,0.7960674157303371,0.49163449163449163,0.902642716783393,0.6033699770962556,1417,363,32,191,2003
5,ISIC2020_external,RandomForest,64,0.05333333333333334,0.8823583376655149,0.6198531539429377,0.3476764199655766,0.8920298879202989,0.09503646200893907,0.6740216067972298,0.07475001589664818,28652,3468,379,202,32701
5,HAM10000_test,KNN,64,0.08632042809797318,0.8627059410883674,0.8031163400010077,0.726457399103139,0.8797752808988764,0.5409015025041736,0.8251524159822643,0.5515472803904911,1566,214,61,162,2003
5,ISIC2020_external,KNN,64,0.08632042809797318,0.9207057888137977,0.5912076432397443,0.2495697074010327,0.9328455790784558,0.10058966354491848,0.595782891394791,0.05587506686229502,29963,2157,436,145,32701
5,HAM10000_test,Stacking,64,0.1254288904298405,0.8107838242636046,0.8327404645538369,0.8609865470852018,0.8044943820224719,0.5032765399737876,0.9033153625233032,0.606066413354087,1432,348,31,192,2003
5,ISIC2020_external,Stacking,64,0.1254288904298405,0.8809516528546527,0.6267422563407874,0.36316695352839934,0.8903175591531756,0.0977983777520278,0.6808006978992289,0.07744136426809219,28597,3523,370,211,32701
5,HAM10000_test,SVM-RBF,128,0.04201405156780903,0.8487269096355466,0.8187862145412406,0.7802690582959642,0.8573033707865169,0.5345622119815668,0.8884793671587646,0.5731237073162762,1526,254,49,174,2003
5,ISIC2020_external,SVM-RBF,128,0.04201405156780903,0.8752025931928687,0.6153655450837329,0.3459552495697074,0.8847758405977584,0.08967209457952265,0.6779697155460482,0.06236366733912207,28419,3701,380,201,32701
5,HAM10000_test,XGBoost,128,0.0028830363880842924,0.7598602096854717,0.8237013150602106,0.905829596412556,0.7415730337078652,0.45649717514124294,0.9156346047261551,0.6256793502655733,1320,460,21,202,2003
5,ISIC2020_external,XGBoost,128,0.0028830363880842924,0.8044096510810067,0.6317199593606592,0.45266781411359724,0.8107721046077211,0.07598959838197053,0.6747972319807606,0.06945976758863348,26042,6078,318,263,32701
5,HAM10000_test,RandomForest,128,0.06333333333333334,0.8112830753869196,0.8310601098402781,0.8565022421524664,0.8056179775280898,0.5026315789473684,0.9103378344334155,0.6177509803143009,1434,346,32,191,2003
5,ISIC2020_external,RandomForest,128,0.06333333333333334,0.887312314608116,0.6240649843637136,0.35111876075731496,0.8970112079701121,0.09968238455900318,0.6810442177891427,0.07371918370033548,28812,3308,377,204,32701
5,HAM10000_test,KNN,128,0.08919786752059033,0.871193210184723,0.8118141280798106,0.7354260089686099,0.8882022471910113,0.5597269624573379,0.8474164861188088,0.5680184385826721,1581,199,59,164,2003
5,ISIC2020_external,KNN,128,0.08919786752059033,0.9228769762392587,0.5897778179074598,0.24440619621342513,0.9351494396014944,0.10121168923734854,0.5953329060772534,0.05395237676443697,30037,2083,439,142,32701
5,HAM10000_test,Stacking,128,0.17432712784023718,0.8632051922116825,0.8328160427268605,0.7937219730941704,0.8719101123595505,0.5636942675159236,0.9095178112561092,0.6196375135903713,1552,228,46,177,2003
5,ISIC2020_external,Stacking,128,0.17432712784023718,0.9322344882419498,0.602146372360104,0.25989672977624784,0.9443960149439602,0.1199364575059571,0.6858382828592434,0.07483852286893636,30334,1786,430,151,32701
5,HAM10000_test,SVM-RBF,256,0.03595282614951686,0.8457314028956565,0.8288683428225928,0.8071748878923767,0.8505617977528089,0.5381165919282511,0.8951529198367512,0.5945165771687255,1514,266,43,180,2003
5,ISIC2020_external,SVM-RBF,256,0.03595282614951686,0.8630317115684536,0.6159301768540092,0.35972461273666095,0.8721357409713574,0.08535838268327547,0.6769878660702229,0.06899722899736524,28013,4107,372,209,32701
5,HAM10000_test,XGBoost,256,0.004009221214801073,0.7898152770843735,0.8307489796946641,0.8834080717488789,0.7780898876404494,0.4834355828220859,0.9169748576611074,0.6348952604268876,1385,395,26,197,2003
5,ISIC2020_external,XGBoost,256,0.004009221214801073,0.8532460781015871,0.6253141725414377,0.3889845094664372,0.8616438356164383,0.08607884212530946,0.6768696561731716,0.07566640901220473,27676,4444,355,226,32701
5,HAM10000_test,RandomForest,256,0.05,0.7813280079880179,0.8298962059757142,0.8923766816143498,0.7674157303370787,0.47607655502392343,0.9156056330931628,0.6110157549390525,1366,414,24,199,2003
5,ISIC2020_external,RandomForest,256,0.05,0.8556924864683038,0.6519100597372589,0.4406196213425129,0.863200498132005,0.09787803479258268,0.7023341364032897,0.0847252298895582,27726,4394,325,256,32701
5,HAM10000_test,KNN,256,0.08785034247072628,0.8477284073889166,0.8084181488386154,0.757847533632287,0.8589887640449438,0.5256609642301711,0.8456378797803195,0.5837353893131474,1529,251,54,169,2003
5,ISIC2020_external,KNN,256,0.08785034247072628,0.8951408213816091,0.5950943160651858,0.28399311531841653,0.9061955168119552,0.08778930566640064,0.601709569107242,0.05813325368241638,29107,3013,416,165,32701
5,HAM10000_test,Stacking,256,0.1450721145701035,0.8452321517723415,0.8442774726658941,0.8430493273542601,0.8455056179775281,0.5481049562682215,0.9165616969819116,0.6096403461469418,1505,275,35,188,2003
5,ISIC2020_external,Stacking,256,0.1450721145701035,0.910400293569004,0.6214524706189997,0.3218588640275387,0.9210460772104607,0.11319612590799032,0.7015251005802252,0.08471413021880346,29584,2536,394,187,32701
5,HAM10000_test,SVM-RBF,512,0.041885007763279865,0.853719420868697,0.8274789640751751,0.7937219730941704,0.8612359550561798,0.5471406491499228,0.8922330830856048,0.5926890738237482,1533,247,46,177,2003
5,ISIC2020_external,SVM-RBF,512,0.041885007763279865,0.8678633680927189,0.6276849079291726,0.37865748709122204,0.8767123287671232,0.0924175593362739,0.678650253031339,0.06571050709812402,28160,3960,361,220,32701
5,HAM10000_test,XGBoost,512,0.006725941319018602,0.8327508736894658,0.8372550007557817,0.8430493273542601,0.8314606741573034,0.5288326300984529,0.9150047866176249,0.6324768558321593,1480,300,35,188,2003
5,ISIC2020_external,XGBoost,512,0.006725941319018602,0.8921439711323813,0.612159195401067,0.3218588640275387,0.9024595267745953,0.095872853114586,0.6768307530066897,0.08061332449110449,28987,3133,394,187,32701
5,HAM10000_test,RandomForest,512,0.043333333333333335,0.7468796804792811,0.818359197863657,0.9103139013452914,0.7264044943820225,0.44468784227820374,0.9161850657530105,0.6165700056094092,1293,487,20,203,2003
5,ISIC2020_external,RandomForest,512,0.043333333333333335,0.8011987400996912,0.6486758723204507,0.4905335628227194,0.8068181818181818,0.08061094611794654,0.6901207927243577,0.08008109729995316,25915,6205,296,285,32701
5,HAM10000_test,KNN,512,0.0879749814951501,0.8442336495257114,0.7986068423439311,0.7399103139013453,0.8573033707865169,0.514018691588785,0.841134680304328,0.5685789863704834,1526,254,58,165,2003
5,ISIC2020_external,KNN,512,0.0879749814951501,0.879361487416287,0.6014272532221039,0.3132530120481928,0.889601494396015,0.08447435599907172,0.6085408526116562,0.052830595995835984,28574,3546,399,182,32701
5,HAM10000_test,Stacking,512,0.18056517886957035,0.8662006989515726,0.8403851967551771,0.8071748878923767,0.8735955056179775,0.5732484076433121,0.9171638030936666,0.6169380275934343,1555,225,43,180,2003
5,ISIC2020_external,Stacking,512,0.18056517886957035,0.927035870462677,0.6087952503842089,0.27882960413080893,0.938760896637609,0.11955719557195572,0.6912591122361711,0.08075059688052644,30153,1967,419,162,32701
5,HAM10000_test,SVM-RBF,all,0.019173871359639355,0.8132800798801797,0.8282611981659697,0.8475336322869955,0.8089887640449438,0.5026595744680851,0.9016072958129693,0.6021557256889382,1440,340,34,189,2003
5,ISIC2020_external,SVM-RBF,all,0.019173871359639355,0.7836151799639155,0.63380993284649,0.4784853700516351,0.789134495641345,0.07285115303983228,0.6853719271321186,0.07386033022949252,25347,6773,303,278,32701
5,HAM10000_test,XGBoost,all,0.0018953201361000538,0.7698452321517724,0.8293192925883004,0.905829596412556,0.7528089887640449,0.46705202312138727,0.9191212777749785,0.6405849007584445,1340,440,21,202,2003
5,ISIC2020_external,XGBoost,all,0.0018953201361000538,0.8119935170178282,0.6322004081081487,0.4457831325301205,0.8186176836861768,0.0777077707770777,0.6797292532521119,0.07747017290069533,26294,5826,322,259,32701
5,HAM10000_test,RandomForest,all,0.07333333333333333,0.800798801797304,0.8330062477956366,0.874439461883408,0.7915730337078651,0.49429657794676807,0.914885121177004,0.6157294813771488,1409,371,28,195,2003
5,ISIC2020_external,RandomForest,all,0.07333333333333333,0.8758141952845478,0.6325772490424248,0.3803786574870912,0.8847758405977584,0.09815678436597823,0.700029847195221,0.08175614180842632,28419,3701,360,221,32701
5,HAM10000_test,KNN,all,0.08526476371036251,0.8077883175237144,0.8153650425757042,0.8251121076233184,0.8056179775280898,0.48871181938911024,0.862282712752557,0.5836710272779453,1434,346,39,184,2003
5,ISIC2020_external,KNN,all,0.08526476371036251,0.824409039478915,0.6004946221462973,0.3683304647160069,0.8326587795765878,0.06936790923824959,0.6094751984275834,0.05190912544582081,26745,5375,367,214,32701
5,HAM10000_test,Stacking,all,0.16141902568757494,0.8457314028956565,0.8347521035924825,0.820627802690583,0.8488764044943821,0.5422222222222223,0.9167556809593389,0.6088463319432739,1511,269,40,183,2003
5,ISIC2020_external,Stacking,all,0.16141902568757494,0.9113176967065227,0.6210744508008907,0.32013769363166955,0.922011207970112,0.1136919315403423,0.7032679195701146,0.08285739618781889,29615,2505,395,186,32701
5,HAM10000_test,SVM-RBF,64,0.03147284705708809,0.8077883175237144,0.8192875497556306,0.8340807174887892,0.8044943820224719,0.4914134742404227,0.8806595455232529,0.5416129362576928,1432,348,37,186,2003
5,ISIC2020_external,SVM-RBF,64,0.03147284705708809,0.8166111128100058,0.6252557642060861,0.4268502581755594,0.8236612702366127,0.07638995841675651,0.6797632801263763,0.06312079769732312,26456,5664,333,248,32701
5,HAM10000_test,XGBoost,64,0.010445673018693924,0.8202695956065901,0.845922557565375,0.8789237668161435,0.8129213483146067,0.5212765957446809,0.9076535496548597,0.6270818687612343,1447,333,27,196,2003
5,ISIC2020_external,XGBoost,64,0.010445673018693924,0.8902480046481759,0.6137291203597525,0.3270223752151463,0.9004358655043586,0.09574200050390527,0.6783948371318399,0.07934000650477811,28922,3198,391,190,32701
5,HAM10000_test,RandomForest,64,0.05333333333333334,0.8027958062905641,0.8262848289414018,0.8565022421524664,0.7960674157303371,0.49163449163449163,0.902642716783393,0.6033699770962556,1417,363,32,191,2003
5,ISIC2020_external,RandomForest,64,0.05333333333333334,0.8823583376655149,0.6198531539429377,0.3476764199655766,0.8920298879202989,0.09503646200893907,0.6740216067972298,0.07475001589664818,28652,3468,379,202,32701
5,HAM10000_test,KNN,64,0.08632042809797318,0.8627059410883674,0.8031163400010077,0.726457399103139,0.8797752808988764,0.5409015025041736,0.8251524159822643,0.5515472803904911,1566,214,61,162,2003
5,ISIC2020_external,KNN,64,0.08632042809797318,0.9207057888137977,0.5912076432397443,0.2495697074010327,0.9328455790784558,0.10058966354491848,0.595782891394791,0.05587506686229502,29963,2157,436,145,32701
5,HAM10000_test,Stacking,64,0.1254288904298405,0.8107838242636046,0.8327404645538369,0.8609865470852018,0.8044943820224719,0.5032765399737876,0.9033153625233032,0.606066413354087,1432,348,31,192,2003
5,ISIC2020_external,Stacking,64,0.1254288904298405,0.8809516528546527,0.6267422563407874,0.36316695352839934,0.8903175591531756,0.0977983777520278,0.6808006978992289,0.07744136426809219,28597,3523,370,211,32701
5,HAM10000_test,SVM-RBF,128,0.04201405156780903,0.8487269096355466,0.8187862145412406,0.7802690582959642,0.8573033707865169,0.5345622119815668,0.8884793671587646,0.5731237073162762,1526,254,49,174,2003
5,ISIC2020_external,SVM-RBF,128,0.04201405156780903,0.8752025931928687,0.6153655450837329,0.3459552495697074,0.8847758405977584,0.08967209457952265,0.6779697155460482,0.06236366733912207,28419,3701,380,201,32701
5,HAM10000_test,XGBoost,128,0.0028830363880842924,0.7598602096854717,0.8237013150602106,0.905829596412556,0.7415730337078652,0.45649717514124294,0.9156346047261551,0.6256793502655733,1320,460,21,202,2003
5,ISIC2020_external,XGBoost,128,0.0028830363880842924,0.8044096510810067,0.6317199593606592,0.45266781411359724,0.8107721046077211,0.07598959838197053,0.6747972319807606,0.06945976758863348,26042,6078,318,263,32701
5,HAM10000_test,RandomForest,128,0.06333333333333334,0.8112830753869196,0.8310601098402781,0.8565022421524664,0.8056179775280898,0.5026315789473684,0.9103378344334155,0.6177509803143009,1434,346,32,191,2003
5,ISIC2020_external,RandomForest,128,0.06333333333333334,0.887312314608116,0.6240649843637136,0.35111876075731496,0.8970112079701121,0.09968238455900318,0.6810442177891427,0.07371918370033548,28812,3308,377,204,32701
5,HAM10000_test,KNN,128,0.08919786752059033,0.871193210184723,0.8118141280798106,0.7354260089686099,0.8882022471910113,0.5597269624573379,0.8474164861188088,0.5680184385826721,1581,199,59,164,2003
5,ISIC2020_external,KNN,128,0.08919786752059033,0.9228769762392587,0.5897778179074598,0.24440619621342513,0.9351494396014944,0.10121168923734854,0.5953329060772534,0.05395237676443697,30037,2083,439,142,32701
5,HAM10000_test,Stacking,128,0.17420543838104743,0.8632051922116825,0.8328160427268605,0.7937219730941704,0.8719101123595505,0.5636942675159236,0.9095278883458457,0.6196342073579932,1552,228,46,177,2003
5,ISIC2020_external,Stacking,128,0.17420543838104743,0.932112167823614,0.6020841058594814,0.25989672977624784,0.9442714819427148,0.11974623314829501,0.6858341031801999,0.07482861501547698,30330,1790,430,151,32701
5,HAM10000_test,SVM-RBF,256,0.03595282614951686,0.8457314028956565,0.8288683428225928,0.8071748878923767,0.8505617977528089,0.5381165919282511,0.8951529198367512,0.5945165771687255,1514,266,43,180,2003
5,ISIC2020_external,SVM-RBF,256,0.03595282614951686,0.8630317115684536,0.6159301768540092,0.35972461273666095,0.8721357409713574,0.08535838268327547,0.6769878660702229,0.06899722899736524,28013,4107,372,209,32701
5,HAM10000_test,XGBoost,256,0.004009221214801073,0.7898152770843735,0.8307489796946641,0.8834080717488789,0.7780898876404494,0.4834355828220859,0.9169748576611074,0.6348952604268876,1385,395,26,197,2003
5,ISIC2020_external,XGBoost,256,0.004009221214801073,0.8532460781015871,0.6253141725414377,0.3889845094664372,0.8616438356164383,0.08607884212530946,0.6768696561731716,0.07566640901220473,27676,4444,355,226,32701
5,HAM10000_test,RandomForest,256,0.05,0.7813280079880179,0.8298962059757142,0.8923766816143498,0.7674157303370787,0.47607655502392343,0.9156056330931628,0.6110157549390525,1366,414,24,199,2003
5,ISIC2020_external,RandomForest,256,0.05,0.8556924864683038,0.6519100597372589,0.4406196213425129,0.863200498132005,0.09787803479258268,0.7023341364032897,0.0847252298895582,27726,4394,325,256,32701
5,HAM10000_test,KNN,256,0.08785034247072628,0.8477284073889166,0.8084181488386154,0.757847533632287,0.8589887640449438,0.5256609642301711,0.8456378797803195,0.5837353893131474,1529,251,54,169,2003
5,ISIC2020_external,KNN,256,0.08785034247072628,0.8951408213816091,0.5950943160651858,0.28399311531841653,0.9061955168119552,0.08778930566640064,0.601709569107242,0.05813325368241638,29107,3013,416,165,32701
5,HAM10000_test,Stacking,256,0.1450721145701035,0.8452321517723415,0.8442774726658941,0.8430493273542601,0.8455056179775281,0.5481049562682215,0.9165616969819116,0.6096403461469418,1505,275,35,188,2003
5,ISIC2020_external,Stacking,256,0.1450721145701035,0.910400293569004,0.6214524706189997,0.3218588640275387,0.9210460772104607,0.11319612590799032,0.7015251005802252,0.08471413021880346,29584,2536,394,187,32701
5,HAM10000_test,SVM-RBF,512,0.041885007763279865,0.853719420868697,0.8274789640751751,0.7937219730941704,0.8612359550561798,0.5471406491499228,0.8922330830856048,0.5926890738237482,1533,247,46,177,2003
5,ISIC2020_external,SVM-RBF,512,0.041885007763279865,0.8678633680927189,0.6276849079291726,0.37865748709122204,0.8767123287671232,0.0924175593362739,0.678650253031339,0.06571050709812402,28160,3960,361,220,32701
5,HAM10000_test,XGBoost,512,0.006725941319018602,0.8327508736894658,0.8372550007557817,0.8430493273542601,0.8314606741573034,0.5288326300984529,0.9150047866176249,0.6324768558321593,1480,300,35,188,2003
5,ISIC2020_external,XGBoost,512,0.006725941319018602,0.8921439711323813,0.612159195401067,0.3218588640275387,0.9024595267745953,0.095872853114586,0.6768307530066897,0.08061332449110449,28987,3133,394,187,32701
5,HAM10000_test,RandomForest,512,0.043333333333333335,0.7468796804792811,0.818359197863657,0.9103139013452914,0.7264044943820225,0.44468784227820374,0.9161850657530105,0.6165700056094092,1293,487,20,203,2003
5,ISIC2020_external,RandomForest,512,0.043333333333333335,0.8011987400996912,0.6486758723204507,0.4905335628227194,0.8068181818181818,0.08061094611794654,0.6901207927243577,0.08008109729995316,25915,6205,296,285,32701
5,HAM10000_test,KNN,512,0.0879749814951501,0.8442336495257114,0.7986068423439311,0.7399103139013453,0.8573033707865169,0.514018691588785,0.841134680304328,0.5685789863704834,1526,254,58,165,2003
5,ISIC2020_external,KNN,512,0.0879749814951501,0.879361487416287,0.6014272532221039,0.3132530120481928,0.889601494396015,0.08447435599907172,0.6085408526116562,0.052830595995835984,28574,3546,399,182,32701
5,HAM10000_test,Stacking,512,0.18001573361846196,0.8666999500748876,0.8406660956315817,0.8071748878923767,0.8741573033707866,0.5741626794258373,0.9171310525520229,0.6168225007030446,1556,224,43,180,2003
5,ISIC2020_external,Stacking,512,0.18001573361846196,0.9266689092076695,0.608608450882341,0.27882960413080893,0.938387297633873,0.11903012490815577,0.6912061160493245,0.08083110426962123,30141,1979,419,162,32701
5,HAM10000_test,SVM-RBF,all,0.019173871359639355,0.8132800798801797,0.8282611981659697,0.8475336322869955,0.8089887640449438,0.5026595744680851,0.9016072958129693,0.6021557256889382,1440,340,34,189,2003
5,ISIC2020_external,SVM-RBF,all,0.019173871359639355,0.7836151799639155,0.63380993284649,0.4784853700516351,0.789134495641345,0.07285115303983228,0.6853719271321186,0.07386033022949252,25347,6773,303,278,32701
5,HAM10000_test,XGBoost,all,0.0018953201361000538,0.7698452321517724,0.8293192925883004,0.905829596412556,0.7528089887640449,0.46705202312138727,0.9191212777749785,0.6405849007584445,1340,440,21,202,2003
5,ISIC2020_external,XGBoost,all,0.0018953201361000538,0.8119935170178282,0.6322004081081487,0.4457831325301205,0.8186176836861768,0.0777077707770777,0.6797292532521119,0.07747017290069533,26294,5826,322,259,32701
5,HAM10000_test,RandomForest,all,0.07333333333333333,0.800798801797304,0.8330062477956366,0.874439461883408,0.7915730337078651,0.49429657794676807,0.914885121177004,0.6157294813771488,1409,371,28,195,2003
5,ISIC2020_external,RandomForest,all,0.07333333333333333,0.8758141952845478,0.6325772490424248,0.3803786574870912,0.8847758405977584,0.09815678436597823,0.700029847195221,0.08175614180842632,28419,3701,360,221,32701
5,HAM10000_test,KNN,all,0.08526476371036251,0.8077883175237144,0.8153650425757042,0.8251121076233184,0.8056179775280898,0.48871181938911024,0.862282712752557,0.5836710272779453,1434,346,39,184,2003
5,ISIC2020_external,KNN,all,0.08526476371036251,0.824409039478915,0.6004946221462973,0.3683304647160069,0.8326587795765878,0.06936790923824959,0.6094751984275834,0.05190912544582081,26745,5375,367,214,32701
5,HAM10000_test,Stacking,all,0.16141902568757494,0.8457314028956565,0.8347521035924825,0.820627802690583,0.8488764044943821,0.5422222222222223,0.9167556809593389,0.6088463319432739,1511,269,40,183,2003
5,ISIC2020_external,Stacking,all,0.16141902568757494,0.9113176967065227,0.6210744508008907,0.32013769363166955,0.922011207970112,0.1136919315403423,0.7032679195701146,0.08285739618781889,29615,2505,395,186,32701
