file,label,lesion_group,dx
ISIC_0027419.jpg,0,HAM_0000118,bkl
ISIC_0025030.jpg,0,HAM_0000118,bkl
ISIC_0026769.jpg,0,HAM_0002730,bkl
ISIC_0025661.jpg,0,HAM_0002730,bkl
ISIC_0031633.jpg,0,HAM_0001466,bkl
ISIC_0027850.jpg,0,HAM_0001466,bkl
ISIC_0029176.jpg,0,HAM_0002761,bkl
ISIC_0029068.jpg,0,HAM_0002761,bkl
ISIC_0025837.jpg,0,HAM_0005132,bkl
ISIC_0025209.jpg,0,HAM_0005132,bkl
ISIC_0025276.jpg,0,HAM_0001396,bkl
ISIC_0029396.jpg,0,HAM_0004234,bkl
ISIC_0025984.jpg,0,HAM_0004234,bkl
ISIC_0025767.jpg,0,HAM_0001949,bkl
ISIC_0032417.jpg,0,HAM_0001949,bkl
ISIC_0031326.jpg,0,HAM_0007207,bkl
ISIC_0025915.jpg,0,HAM_0001601,bkl
ISIC_0031029.jpg,0,HAM_0001601,bkl
ISIC_0029836.jpg,0,HAM_0007571,bkl
ISIC_0032129.jpg,0,HAM_0007571,bkl
ISIC_0032343.jpg,0,HAM_0006071,bkl
ISIC_0025033.jpg,0,HAM_0003301,bkl
ISIC_0027310.jpg,0,HAM_0003301,bkl
ISIC_0032128.jpg,0,HAM_0004884,bkl
ISIC_0025937.jpg,0,HAM_0004884,bkl
ISIC_0027828.jpg,0,HAM_0002521,bkl
ISIC_0029291.jpg,0,HAM_0002521,bkl
ISIC_0030698.jpg,0,HAM_0006574,bkl
ISIC_0025567.jpg,0,HAM_0006574,bkl
ISIC_0031753.jpg,0,HAM_0001480,bkl
ISIC_0026835.jpg,0,HAM_0001480,bkl
ISIC_0031159.jpg,0,HAM_0005772,bkl
ISIC_0031017.jpg,0,HAM_0005772,bkl
ISIC_0024981.jpg,0,HAM_0005612,bkl
ISIC_0027815.jpg,0,HAM_0005388,bkl
ISIC_0024324.jpg,0,HAM_0000351,bkl
ISIC_0029559.jpg,0,HAM_0000351,bkl
ISIC_0030661.jpg,0,HAM_0003847,bkl
ISIC_0027053.jpg,0,HAM_0003847,bkl
ISIC_0028560.jpg,0,HAM_0003847,bkl
ISIC_0031650.jpg,0,HAM_0003847,bkl
ISIC_0029161.jpg,0,HAM_0000164,bkl
ISIC_0026273.jpg,0,HAM_0000164,bkl
ISIC_0025076.jpg,0,HAM_0007409,bkl
ISIC_0029687.jpg,0,HAM_0007409,bkl
ISIC_0025642.jpg,0,HAM_0007409,bkl
ISIC_0025819.jpg,0,HAM_0002299,bkl
ISIC_0032013.jpg,0,HAM_0002299,bkl
ISIC_0031691.jpg,0,HAM_0007010,bkl
ISIC_0025419.jpg,0,HAM_0007010,bkl
ISIC_0030105.jpg,0,HAM_0003670,bkl
ISIC_0025016.jpg,0,HAM_0007125,bkl
ISIC_0029147.jpg,0,HAM_0007125,bkl
ISIC_0029301.jpg,0,HAM_0001221,bkl
ISIC_0026637.jpg,0,HAM_0001221,bkl
ISIC_0030377.jpg,0,HAM_0001983,bkl
ISIC_0027960.jpg,0,HAM_0003569,bkl
ISIC_0026955.jpg,0,HAM_0003569,bkl
ISIC_0028052.jpg,0,HAM_0000700,bkl
ISIC_0025286.jpg,0,HAM_0000728,bkl
ISIC_0031468.jpg,0,HAM_0003021,bkl
ISIC_0030926.jpg,0,HAM_0003021,bkl
ISIC_0029288.jpg,0,HAM_0000959,bkl
ISIC_0031008.jpg,0,HAM_0000959,bkl
ISIC_0024698.jpg,0,HAM_0001751,nv
ISIC_0031495.jpg,0,HAM_0004569,bkl
ISIC_0026104.jpg,0,HAM_0004569,bkl
ISIC_0025099.jpg,0,HAM_0004641,bkl
ISIC_0031485.jpg,0,HAM_0004641,bkl
ISIC_0029413.jpg,0,HAM_0005801,bkl
ISIC_0029576.jpg,0,HAM_0005801,bkl
ISIC_0031967.jpg,0,HAM_0004341,bkl
ISIC_0031584.jpg,0,HAM_0004341,bkl
ISIC_0025140.jpg,0,HAM_0000907,bkl
ISIC_0025554.jpg,0,HAM_0000907,bkl
ISIC_0029289.jpg,0,HAM_0001469,bkl
ISIC_0029912.jpg,0,HAM_0001469,bkl
ISIC_0033539.jpg,0,HAM_0001728,bkl
ISIC_0032283.jpg,0,HAM_0003021,bkl
ISIC_0030005.jpg,0,HAM_0003021,bkl
ISIC_0030189.jpg,0,HAM_0000959,bkl
ISIC_0026532.jpg,0,HAM_0000959,bkl
ISIC_0024832.jpg,0,HAM_0001773,bkl
ISIC_0026958.jpg,0,HAM_0001773,bkl
ISIC_0030768.jpg,0,HAM_0002127,bkl
ISIC_0029837.jpg,0,HAM_0002127,bkl
ISIC_0031624.jpg,0,HAM_0002092,bkl
ISIC_0025510.jpg,0,HAM_0002092,bkl
ISIC_0030607.jpg,0,HAM_0005075,bkl
ISIC_0029060.jpg,0,HAM_0005075,bkl
ISIC_0029308.jpg,0,HAM_0002921,bkl
ISIC_0024635.jpg,0,HAM_0003410,bkl
ISIC_0029425.jpg,0,HAM_0003410,bkl
ISIC_0028774.jpg,0,HAM_0004852,bkl
ISIC_0030565.jpg,0,HAM_0004852,bkl
ISIC_0027023.jpg,0,HAM_0000746,bkl
ISIC_0029022.jpg,0,HAM_0001473,bkl
ISIC_0025388.jpg,0,HAM_0003007,bkl
ISIC_0028080.jpg,0,HAM_0003007,bkl
ISIC_0026153.jpg,0,HAM_0002957,bkl
ISIC_0025876.jpg,0,HAM_0002957,bkl
ISIC_0025063.jpg,0,HAM_0002985,bkl
ISIC_0032463.jpg,0,HAM_0003326,bkl
ISIC_0025548.jpg,0,HAM_0003326,bkl
ISIC_0032306.jpg,0,HAM_0001853,bkl
ISIC_0032304.jpg,0,HAM_0006558,bkl
ISIC_0031639.jpg,0,HAM_0006558,bkl
ISIC_0027957.jpg,0,HAM_0001665,bkl
ISIC_0031212.jpg,0,HAM_0001665,bkl
ISIC_0032382.jpg,0,HAM_0001417,bkl
ISIC_0027533.jpg,0,HAM_0001417,bkl
ISIC_0029674.jpg,0,HAM_0000114,bkl
ISIC_0028607.jpg,0,HAM_0000114,bkl
ISIC_0024623.jpg,0,HAM_0003458,bkl
ISIC_0029613.jpg,0,HAM_0003458,bkl
ISIC_0029418.jpg,0,HAM_0004673,bkl
ISIC_0027455.jpg,0,HAM_0004673,bkl
ISIC_0025906.jpg,0,HAM_0007179,bkl
ISIC_0027151.jpg,0,HAM_0007179,bkl
ISIC_0028646.jpg,0,HAM_0005077,bkl
ISIC_0026794.jpg,0,HAM_0000566,bkl
ISIC_0034318.jpg,0,HAM_0000344,bkl
ISIC_0032972.jpg,0,HAM_0000344,bkl
ISIC_0032534.jpg,0,HAM_0004332,bkl
ISIC_0033785.jpg,0,HAM_0004332,bkl
ISIC_0033184.jpg,0,HAM_0004332,bkl
ISIC_0032929.jpg,0,HAM_0003321,bkl
ISIC_0032963.jpg,0,HAM_0003321,bkl
ISIC_0032949.jpg,0,HAM_0006085,bkl
ISIC_0033322.jpg,0,HAM_0006085,bkl
ISIC_0033127.jpg,0,HAM_0006085,bkl
ISIC_0033041.jpg,0,HAM_0002040,bkl
ISIC_0033900.jpg,0,HAM_0002040,bkl
ISIC_0033361.jpg,0,HAM_0002040,bkl
ISIC_0032732.jpg,0,HAM_0005299,bkl
ISIC_0032778.jpg,0,HAM_0005299,bkl
ISIC_0033466.jpg,0,HAM_0005299,bkl
ISIC_0030276.jpg,0,HAM_0004075,bkl
ISIC_0033583.jpg,0,HAM_0000112,bkl
ISIC_0033465.jpg,0,HAM_0000112,bkl
ISIC_0029683.jpg,0,HAM_0002774,bkl
ISIC_0033482.jpg,0,HAM_0006663,bkl
ISIC_0033201.jpg,0,HAM_0006663,bkl
ISIC_0032514.jpg,0,HAM_0003001,bkl
ISIC_0033691.jpg,0,HAM_0006654,bkl
ISIC_0033910.jpg,0,HAM_0006654,bkl
ISIC_0032556.jpg,0,HAM_0006654,bkl
ISIC_0033646.jpg,0,HAM_0003743,bkl
ISIC_0033592.jpg,0,HAM_0003743,bkl
ISIC_0033899.jpg,0,HAM_0003743,bkl
ISIC_0032842.jpg,0,HAM_0007101,bkl
ISIC_0032618.jpg,0,HAM_0007101,bkl
ISIC_0032513.jpg,0,HAM_0007101,bkl
ISIC_0033716.jpg,0,HAM_0006938,bkl
ISIC_0034011.jpg,0,HAM_0006938,bkl
ISIC_0033613.jpg,0,HAM_0006938,bkl
ISIC_0032877.jpg,0,HAM_0003770,bkl
ISIC_0034175.jpg,0,HAM_0003770,bkl
ISIC_0033523.jpg,0,HAM_0003770,bkl
ISIC_0029929.jpg,0,HAM_0003768,bkl
ISIC_0032978.jpg,0,HAM_0000779,bkl
ISIC_0033973.jpg,0,HAM_0005386,bkl
ISIC_0033761.jpg,0,HAM_0005386,bkl
ISIC_0033505.jpg,0,HAM_0005386,bkl
ISIC_0033280.jpg,0,HAM_0001385,bkl
ISIC_0033212.jpg,0,HAM_0001385,bkl
ISIC_0033770.jpg,0,HAM_0001385,bkl
ISIC_0032829.jpg,0,HAM_0003845,bkl
ISIC_0033601.jpg,0,HAM_0003845,bkl
ISIC_0033284.jpg,0,HAM_0003978,bkl
ISIC_0033908.jpg,0,HAM_0003978,bkl
ISIC_0033400.jpg,0,HAM_0005258,bkl
ISIC_0033677.jpg,0,HAM_0005258,bkl
ISIC_0033262.jpg,0,HAM_0005258,bkl
ISIC_0033437.jpg,0,HAM_0000802,bkl
ISIC_0032688.jpg,0,HAM_0006801,bkl
ISIC_0033195.jpg,0,HAM_0000802,bkl
ISIC_0032553.jpg,0,HAM_0000802,bkl
ISIC_0033252.jpg,0,HAM_0006801,bkl
ISIC_0032570.jpg,0,HAM_0006801,bkl
ISIC_0033736.jpg,0,HAM_0007625,bkl
ISIC_0033378.jpg,0,HAM_0007625,bkl
ISIC_0033379.jpg,0,HAM_0002008,bkl
ISIC_0033438.jpg,0,HAM_0002008,bkl
ISIC_0032983.jpg,0,HAM_0002008,bkl
ISIC_0034024.jpg,0,HAM_0002008,bkl
ISIC_0033778.jpg,0,HAM_0004975,bkl
ISIC_0032863.jpg,0,HAM_0004975,bkl
ISIC_0034168.jpg,0,HAM_0004975,bkl
ISIC_0033582.jpg,0,HAM_0004442,bkl
ISIC_0033576.jpg,0,HAM_0004442,bkl
ISIC_0033410.jpg,0,HAM_0007384,bkl
ISIC_0032725.jpg,0,HAM_0007384,bkl
ISIC_0033952.jpg,0,HAM_0000516,bkl
ISIC_0033264.jpg,0,HAM_0004255,bkl
ISIC_0033606.jpg,0,HAM_0002327,bkl
ISIC_0034103.jpg,0,HAM_0002327,bkl
ISIC_0032883.jpg,0,HAM_0002327,bkl
ISIC_0032665.jpg,0,HAM_0002928,bkl
ISIC_0033130.jpg,0,HAM_0002928,bkl
ISIC_0033321.jpg,0,HAM_0001354,bkl
ISIC_0034189.jpg,0,HAM_0000805,bkl
ISIC_0033306.jpg,0,HAM_0000805,bkl
ISIC_0032757.jpg,0,HAM_0000527,bkl
ISIC_0032508.jpg,0,HAM_0000527,bkl
ISIC_0034201.jpg,0,HAM_0000527,bkl
ISIC_0032776.jpg,0,HAM_0001954,bkl
ISIC_0033828.jpg,0,HAM_0001954,bkl
ISIC_0033235.jpg,0,HAM_0001858,bkl
ISIC_0026085.jpg,0,HAM_0001858,bkl
ISIC_0034070.jpg,0,HAM_0000087,bkl
ISIC_0033709.jpg,0,HAM_0000087,bkl
ISIC_0032826.jpg,0,HAM_0000581,bkl
ISIC_0034115.jpg,0,HAM_0000581,bkl
ISIC_0033776.jpg,0,HAM_0002894,bkl
ISIC_0033056.jpg,0,HAM_0002894,bkl
ISIC_0025180.jpg,0,HAM_0003265,bkl
ISIC_0026107.jpg,0,HAM_0003265,bkl
ISIC_0033853.jpg,0,HAM_0004458,bkl
ISIC_0033453.jpg,0,HAM_0004458,bkl
ISIC_0034126.jpg,0,HAM_0004458,bkl
ISIC_0033744.jpg,0,HAM_0003050,bkl
ISIC_0033659.jpg,0,HAM_0003050,bkl
ISIC_0032567.jpg,0,HAM_0003927,bkl
ISIC_0033088.jpg,0,HAM_0003927,bkl
ISIC_0032756.jpg,0,HAM_0003927,bkl
ISIC_0032654.jpg,0,HAM_0000790,bkl
ISIC_0032576.jpg,0,HAM_0000790,bkl
ISIC_0033587.jpg,0,HAM_0004091,bkl
ISIC_0032675.jpg,0,HAM_0004091,bkl
ISIC_0032997.jpg,0,HAM_0003162,bkl
ISIC_0033529.jpg,0,HAM_0003162,bkl
ISIC_0033581.jpg,0,HAM_0001855,bkl
ISIC_0033913.jpg,0,HAM_0001855,bkl
ISIC_0034235.jpg,0,HAM_0005131,bkl
ISIC_0034007.jpg,0,HAM_0005131,bkl
ISIC_0034303.jpg,0,HAM_0002372,bkl
ISIC_0034031.jpg,0,HAM_0002372,bkl
ISIC_0033124.jpg,0,HAM_0002372,bkl
ISIC_0033449.jpg,0,HAM_0003659,bkl
ISIC_0033676.jpg,0,HAM_0003659,bkl
ISIC_0032898.jpg,0,HAM_0007341,bkl
ISIC_0033488.jpg,0,HAM_0007341,bkl
ISIC_0033758.jpg,0,HAM_0007341,bkl
ISIC_0028792.jpg,0,HAM_0001608,bkl
ISIC_0033397.jpg,0,HAM_0001384,bkl
ISIC_0033414.jpg,0,HAM_0001384,bkl
ISIC_0034113.jpg,0,HAM_0001384,bkl
ISIC_0033507.jpg,0,HAM_0006281,bkl
ISIC_0033791.jpg,0,HAM_0006281,bkl
ISIC_0034259.jpg,0,HAM_0004555,bkl
ISIC_0033446.jpg,0,HAM_0004555,bkl
ISIC_0033200.jpg,0,HAM_0004555,bkl
ISIC_0029472.jpg,0,HAM_0004029,bkl
ISIC_0029682.jpg,0,HAM_0004029,bkl
ISIC_0033642.jpg,0,HAM_0006018,bkl
ISIC_0033486.jpg,0,HAM_0006018,bkl
ISIC_0034003.jpg,0,HAM_0007402,bkl
ISIC_0033079.jpg,0,HAM_0007402,bkl
ISIC_0033629.jpg,0,HAM_0001309,bkl
ISIC_0034037.jpg,0,HAM_0001309,bkl
ISIC_0032876.jpg,0,HAM_0001309,bkl
ISIC_0033635.jpg,0,HAM_0001837,bkl
ISIC_0033868.jpg,0,HAM_0001837,bkl
ISIC_0034125.jpg,0,HAM_0004406,bkl
ISIC_0033060.jpg,0,HAM_0004406,bkl
ISIC_0029014.jpg,0,HAM_0004373,bkl
ISIC_0032099.jpg,0,HAM_0002455,bkl
ISIC_0032215.jpg,0,HAM_0002050,bkl
ISIC_0030124.jpg,0,HAM_0004807,bkl
ISIC_0025157.jpg,0,HAM_0004491,bkl
ISIC_0029600.jpg,0,HAM_0001927,bkl
ISIC_0031376.jpg,0,HAM_0005862,bkl
ISIC_0027513.jpg,0,HAM_0004748,bkl
ISIC_0031876.jpg,0,HAM_0002810,bkl
ISIC_0031620.jpg,0,HAM_0007431,bkl
ISIC_0030542.jpg,0,HAM_0002810,bkl
ISIC_0029548.jpg,0,HAM_0000113,bkl
ISIC_0027989.jpg,0,HAM_0000113,bkl
ISIC_0025136.jpg,0,HAM_0000308,bkl
ISIC_0027652.jpg,0,HAM_0004958,bkl
ISIC_0027218.jpg,0,HAM_0001738,bkl
ISIC_0030705.jpg,0,HAM_0004141,bkl
ISIC_0030272.jpg,0,HAM_0006697,bkl
ISIC_0028020.jpg,0,HAM_0003090,bkl
ISIC_0031345.jpg,0,HAM_0002691,bkl
ISIC_0032063.jpg,0,HAM_0006630,bkl
ISIC_0032325.jpg,0,HAM_0002184,bkl
ISIC_0025867.jpg,0,HAM_0007220,bkl
ISIC_0028701.jpg,0,HAM_0006128,bkl
ISIC_0027713.jpg,0,HAM_0001562,bkl
ISIC_0026060.jpg,0,HAM_0005891,bkl
ISIC_0026298.jpg,0,HAM_0002529,bkl
ISIC_0027139.jpg,0,HAM_0005440,bkl
ISIC_0026623.jpg,0,HAM_0003800,bkl
ISIC_0031989.jpg,0,HAM_0007100,bkl
ISIC_0029394.jpg,0,HAM_0004566,bkl
ISIC_0026893.jpg,0,HAM_0003791,bkl
ISIC_0025777.jpg,0,HAM_0002827,bkl
ISIC_0027739.jpg,0,HAM_0006325,bkl
ISIC_0026844.jpg,0,HAM_0004114,bkl
ISIC_0024672.jpg,0,HAM_0005790,bkl
ISIC_0026827.jpg,0,HAM_0005465,bkl
ISIC_0027680.jpg,0,HAM_0004677,bkl
ISIC_0025885.jpg,0,HAM_0000582,bkl
ISIC_0025656.jpg,0,HAM_0005915,bkl
ISIC_0029010.jpg,0,HAM_0003293,bkl
ISIC_0024581.jpg,0,HAM_0001995,bkl
ISIC_0029003.jpg,0,HAM_0004947,bkl
ISIC_0024711.jpg,0,HAM_0004947,bkl
ISIC_0032280.jpg,0,HAM_0002839,bkl
ISIC_0025982.jpg,0,HAM_0002839,bkl
ISIC_0028120.jpg,0,HAM_0001055,bkl
ISIC_0032335.jpg,0,HAM_0005498,bkl
ISIC_0025326.jpg,0,HAM_0003000,bkl
ISIC_0027374.jpg,0,HAM_0004690,bkl
ISIC_0027781.jpg,0,HAM_0005693,bkl
ISIC_0024890.jpg,0,HAM_0007439,bkl
ISIC_0025507.jpg,0,HAM_0006190,bkl
ISIC_0028336.jpg,0,HAM_0007260,bkl
ISIC_0025838.jpg,0,HAM_0001362,bkl
ISIC_0027780.jpg,0,HAM_0007332,bkl
ISIC_0024592.jpg,0,HAM_0000236,bkl
ISIC_0030118.jpg,0,HAM_0003613,bkl
ISIC_0028970.jpg,0,HAM_0001435,bkl
ISIC_0027042.jpg,0,HAM_0002078,bkl
ISIC_0030721.jpg,0,HAM_0006769,bkl
ISIC_0031556.jpg,0,HAM_0006122,bkl
ISIC_0027068.jpg,0,HAM_0007296,bkl
ISIC_0032168.jpg,0,HAM_0006143,bkl
ISIC_0031130.jpg,0,HAM_0006350,bkl
ISIC_0028308.jpg,0,HAM_0003752,bkl
ISIC_0024708.jpg,0,HAM_0003868,bkl
ISIC_0028354.jpg,0,HAM_0000122,bkl
ISIC_0024505.jpg,0,HAM_0000364,bkl
ISIC_0025743.jpg,0,HAM_0004382,bkl
ISIC_0027796.jpg,0,HAM_0000745,bkl
ISIC_0024626.jpg,0,HAM_0007621,bkl
ISIC_0031321.jpg,0,HAM_0007621,bkl
ISIC_0025337.jpg,0,HAM_0002988,bkl
ISIC_0027037.jpg,0,HAM_0003140,bkl
ISIC_0032486.jpg,0,HAM_0002121,bkl
ISIC_0029340.jpg,0,HAM_0005157,bkl
ISIC_0027649.jpg,0,HAM_0006987,bkl
ISIC_0026607.jpg,0,HAM_0007529,bkl
ISIC_0030731.jpg,0,HAM_0005865,bkl
ISIC_0028233.jpg,0,HAM_0002392,bkl
ISIC_0031542.jpg,0,HAM_0003014,bkl
ISIC_0029062.jpg,0,HAM_0003076,bkl
ISIC_0024971.jpg,0,HAM_0005325,bkl
ISIC_0025485.jpg,0,HAM_0005260,bkl
ISIC_0025874.jpg,0,HAM_0003689,bkl
ISIC_0026728.jpg,0,HAM_0000884,bkl
ISIC_0031812.jpg,0,HAM_0002335,bkl
ISIC_0030465.jpg,0,HAM_0002335,bkl
ISIC_0025842.jpg,0,HAM_0004274,bkl
ISIC_0025032.jpg,0,HAM_0004500,bkl
ISIC_0030706.jpg,0,HAM_0003089,bkl
ISIC_0029522.jpg,0,HAM_0002199,bkl
ISIC_0031424.jpg,0,HAM_0004928,bkl
ISIC_0029770.jpg,0,HAM_0004928,bkl
ISIC_0026301.jpg,0,HAM_0004917,bkl
ISIC_0030227.jpg,0,HAM_0004917,bkl
ISIC_0028856.jpg,0,HAM_0004501,bkl
ISIC_0027026.jpg,0,HAM_0002585,bkl
ISIC_0030095.jpg,0,HAM_0000050,bkl
ISIC_0031394.jpg,0,HAM_0000050,bkl
ISIC_0031060.jpg,0,HAM_0005674,bkl
ISIC_0027584.jpg,0,HAM_0001546,bkl
ISIC_0026634.jpg,0,HAM_0003768,bkl
ISIC_0028496.jpg,0,HAM_0003830,bkl
ISIC_0027454.jpg,0,HAM_0000245,bkl
ISIC_0031593.jpg,0,HAM_0002169,bkl
ISIC_0026775.jpg,0,HAM_0001389,bkl
ISIC_0024412.jpg,0,HAM_0003835,bkl
ISIC_0032348.jpg,0,HAM_0006294,bkl
ISIC_0024883.jpg,0,HAM_0006541,bkl
ISIC_0027394.jpg,0,HAM_0006472,bkl
ISIC_0024773.jpg,0,HAM_0000844,bkl
ISIC_0027295.jpg,0,HAM_0003913,bkl
ISIC_0032200.jpg,0,HAM_0002169,bkl
ISIC_0025583.jpg,0,HAM_0004131,bkl
ISIC_0024358.jpg,0,HAM_0000933,bkl
ISIC_0030744.jpg,0,HAM_0000847,bkl
ISIC_0027771.jpg,0,HAM_0000933,bkl
ISIC_0027344.jpg,0,HAM_0003069,bkl
ISIC_0028846.jpg,0,HAM_0004491,bkl
ISIC_0026159.jpg,0,HAM_0004491,bkl
ISIC_0027367.jpg,0,HAM_0005022,bkl
ISIC_0028952.jpg,0,HAM_0006065,bkl
ISIC_0024748.jpg,0,HAM_0003420,bkl
ISIC_0032156.jpg,0,HAM_0007521,bkl
ISIC_0030783.jpg,0,HAM_0006513,bkl
ISIC_0028200.jpg,0,HAM_0005074,bkl
ISIC_0029100.jpg,0,HAM_0001788,bkl
ISIC_0027287.jpg,0,HAM_0002933,bkl
ISIC_0024494.jpg,0,HAM_0002933,bkl
ISIC_0026923.jpg,0,HAM_0000198,bkl
ISIC_0024445.jpg,0,HAM_0000243,bkl
ISIC_0029358.jpg,0,HAM_0004945,bkl
ISIC_0031766.jpg,0,HAM_0004945,bkl
ISIC_0030258.jpg,0,HAM_0004945,bkl
ISIC_0030203.jpg,0,HAM_0001896,bkl
ISIC_0025297.jpg,0,HAM_0007513,bkl
ISIC_0024676.jpg,0,HAM_0007513,bkl
ISIC_0027606.jpg,0,HAM_0002306,bkl
ISIC_0025703.jpg,0,HAM_0000110,bkl
ISIC_0032051.jpg,0,HAM_0001947,bkl
ISIC_0026443.jpg,0,HAM_0002902,bkl
ISIC_0032481.jpg,0,HAM_0002769,bkl
ISIC_0030459.jpg,0,HAM_0003140,bkl
ISIC_0029776.jpg,0,HAM_0003140,bkl
ISIC_0027996.jpg,0,HAM_0003152,bkl
ISIC_0024453.jpg,0,HAM_0005514,bkl
ISIC_0029519.jpg,0,HAM_0005546,bkl
ISIC_0026644.jpg,0,HAM_0004259,bkl
ISIC_0030522.jpg,0,HAM_0001325,bkl
ISIC_0029051.jpg,0,HAM_0000298,bkl
ISIC_0025985.jpg,0,HAM_0004545,bkl
ISIC_0026861.jpg,0,HAM_0007110,bkl
ISIC_0025830.jpg,0,HAM_0007232,bkl
ISIC_0031686.jpg,0,HAM_0007261,bkl
ISIC_0030208.jpg,0,HAM_0003152,bkl
ISIC_0032006.jpg,0,HAM_0003452,bkl
ISIC_0028920.jpg,0,HAM_0003452,bkl
ISIC_0030723.jpg,0,HAM_0000782,bkl
ISIC_0032373.jpg,0,HAM_0001493,bkl
ISIC_0028555.jpg,0,HAM_0002301,bkl
ISIC_0029568.jpg,0,HAM_0002301,bkl
ISIC_0029217.jpg,0,HAM_0002316,bkl
ISIC_0028254.jpg,0,HAM_0005935,bkl
ISIC_0030561.jpg,0,HAM_0004377,bkl
ISIC_0027320.jpg,0,HAM_0004506,bkl
ISIC_0031591.jpg,0,HAM_0004249,bkl
ISIC_0025275.jpg,0,HAM_0006123,bkl
ISIC_0026606.jpg,0,HAM_0006123,bkl
ISIC_0025986.jpg,0,HAM_0006123,bkl
ISIC_0029108.jpg,0,HAM_0003179,bkl
ISIC_0028511.jpg,0,HAM_0004889,bkl
ISIC_0026714.jpg,0,HAM_0004889,bkl
ISIC_0028473.jpg,0,HAM_0004889,bkl
ISIC_0025529.jpg,0,HAM_0000898,bkl
ISIC_0026481.jpg,0,HAM_0007332,bkl
ISIC_0025075.jpg,0,HAM_0007563,bkl
ISIC_0030007.jpg,0,HAM_0004105,bkl
ISIC_0025928.jpg,0,HAM_0005606,bkl
ISIC_0030812.jpg,0,HAM_0005558,bkl
ISIC_0029802.jpg,0,HAM_0005558,bkl
ISIC_0027969.jpg,0,HAM_0006170,bkl
ISIC_0031770.jpg,0,HAM_0006128,bkl
ISIC_0029557.jpg,0,HAM_0006170,bkl
ISIC_0026661.jpg,0,HAM_0000992,bkl
ISIC_0032123.jpg,0,HAM_0006170,bkl
ISIC_0025805.jpg,0,HAM_0004691,bkl
ISIC_0029166.jpg,0,HAM_0004691,bkl
ISIC_0026018.jpg,0,HAM_0005883,bkl
ISIC_0026477.jpg,0,HAM_0006563,bkl
ISIC_0029789.jpg,0,HAM_0001562,bkl
ISIC_0030026.jpg,0,HAM_0004400,bkl
ISIC_0031851.jpg,0,HAM_0004883,bkl
ISIC_0030436.jpg,0,HAM_0004883,bkl
ISIC_0031819.jpg,0,HAM_0005527,bkl
ISIC_0027754.jpg,0,HAM_0002535,bkl
ISIC_0024741.jpg,0,HAM_0000770,bkl
ISIC_0026286.jpg,0,HAM_0005157,bkl
ISIC_0024880.jpg,0,HAM_0005157,bkl
ISIC_0025659.jpg,0,HAM_0004988,bkl
ISIC_0026679.jpg,0,HAM_0005935,bkl
ISIC_0029420.jpg,0,HAM_0007573,bkl
ISIC_0032230.jpg,0,HAM_0000744,bkl
ISIC_0029525.jpg,0,HAM_0000744,bkl
ISIC_0029474.jpg,0,HAM_0000744,bkl
ISIC_0027219.jpg,0,HAM_0000202,bkl
ISIC_0032045.jpg,0,HAM_0001057,bkl
ISIC_0024381.jpg,0,HAM_0001057,bkl
ISIC_0026265.jpg,0,HAM_0001597,bkl
ISIC_0024426.jpg,0,HAM_0001597,bkl
ISIC_0031016.jpg,0,HAM_0001603,bkl
ISIC_0026044.jpg,0,HAM_0006945,bkl
ISIC_0027706.jpg,0,HAM_0005596,bkl
ISIC_0024740.jpg,0,HAM_0005420,bkl
ISIC_0027801.jpg,0,HAM_0003840,bkl
ISIC_0030346.jpg,0,HAM_0005146,bkl
ISIC_0026526.jpg,0,HAM_0005146,bkl
ISIC_0025376.jpg,0,HAM_0006580,bkl
ISIC_0029991.jpg,0,HAM_0003899,bkl
ISIC_0024726.jpg,0,HAM_0005125,bkl
ISIC_0029603.jpg,0,HAM_0003476,bkl
ISIC_0028100.jpg,0,HAM_0001510,bkl
ISIC_0031449.jpg,0,HAM_0001536,bkl
ISIC_0026842.jpg,0,HAM_0001536,bkl
ISIC_0026444.jpg,0,HAM_0001539,bkl
ISIC_0024422.jpg,0,HAM_0001605,bkl
ISIC_0030649.jpg,0,HAM_0005420,bkl
ISIC_0025746.jpg,0,HAM_0005591,bkl
ISIC_0032043.jpg,0,HAM_0005420,bkl
ISIC_0030806.jpg,0,HAM_0005672,bkl
ISIC_0028388.jpg,0,HAM_0005672,bkl
ISIC_0029791.jpg,0,HAM_0005708,bkl
ISIC_0027806.jpg,0,HAM_0001273,bkl
ISIC_0031168.jpg,0,HAM_0001245,bkl
ISIC_0025575.jpg,0,HAM_0001245,bkl
ISIC_0025781.jpg,0,HAM_0005728,bkl
ISIC_0024547.jpg,0,HAM_0005790,bkl
ISIC_0029249.jpg,0,HAM_0005869,bkl
ISIC_0030822.jpg,0,HAM_0005869,bkl
ISIC_0024758.jpg,0,HAM_0005968,bkl
ISIC_0030636.jpg,0,HAM_0001226,bkl
ISIC_0027760.jpg,0,HAM_0003766,bkl
ISIC_0026538.jpg,0,HAM_0003766,bkl
ISIC_0024760.jpg,0,HAM_0003856,bkl
ISIC_0029897.jpg,0,HAM_0001809,bkl
ISIC_0024970.jpg,0,HAM_0001815,bkl
ISIC_0027006.jpg,0,HAM_0007018,bkl
ISIC_0029596.jpg,0,HAM_0007018,bkl
ISIC_0025351.jpg,0,HAM_0007591,bkl
ISIC_0028881.jpg,0,HAM_0001605,bkl
ISIC_0029580.jpg,0,HAM_0001958,bkl
ISIC_0027527.jpg,0,HAM_0001979,bkl
ISIC_0028972.jpg,0,HAM_0003476,bkl
ISIC_0031078.jpg,0,HAM_0003943,bkl
ISIC_0031464.jpg,0,HAM_0003943,bkl
ISIC_0025693.jpg,0,HAM_0002879,bkl
ISIC_0032116.jpg,0,HAM_0003275,bkl
ISIC_0027451.jpg,0,HAM_0000207,bkl
ISIC_0030329.jpg,0,HAM_0003279,bkl
ISIC_0029311.jpg,0,HAM_0002592,bkl
ISIC_0026849.jpg,0,HAM_0004545,bkl
ISIC_0030396.jpg,0,HAM_0004570,bkl
ISIC_0024893.jpg,0,HAM_0002058,bkl
ISIC_0031702.jpg,0,HAM_0006827,bkl
ISIC_0029031.jpg,0,HAM_0004143,bkl
ISIC_0024772.jpg,0,HAM_0002400,bkl
ISIC_0026219.jpg,0,HAM_0006399,bkl
ISIC_0025222.jpg,0,HAM_0000973,bkl
ISIC_0029139.jpg,0,HAM_0007603,bkl
ISIC_0031061.jpg,0,HAM_0004010,bkl
ISIC_0025973.jpg,0,HAM_0003943,bkl
ISIC_0025086.jpg,0,HAM_0004050,bkl
ISIC_0026895.jpg,0,HAM_0003605,bkl
ISIC_0025716.jpg,0,HAM_0001200,bkl
ISIC_0024471.jpg,0,HAM_0000299,bkl
ISIC_0029878.jpg,0,HAM_0000299,bkl
ISIC_0027991.jpg,0,HAM_0002722,bkl
ISIC_0031289.jpg,0,HAM_0002722,bkl
ISIC_0030172.jpg,0,HAM_0002722,bkl
ISIC_0025627.jpg,0,HAM_0005335,bkl
ISIC_0031580.jpg,0,HAM_0005335,bkl
ISIC_0028389.jpg,0,HAM_0005335,bkl
ISIC_0025064.jpg,0,HAM_0006541,bkl
ISIC_0028750.jpg,0,HAM_0000318,bkl
ISIC_0030758.jpg,0,HAM_0000519,bkl
ISIC_0027355.jpg,0,HAM_0005968,bkl
ISIC_0030365.jpg,0,HAM_0004801,bkl
ISIC_0026787.jpg,0,HAM_0000386,bkl
ISIC_0026245.jpg,0,HAM_0001938,bkl
ISIC_0028043.jpg,0,HAM_0000979,bkl
ISIC_0028640.jpg,0,HAM_0005913,bkl
ISIC_0026514.jpg,0,HAM_0007598,bkl
ISIC_0026378.jpg,0,HAM_0004426,bkl
ISIC_0030188.jpg,0,HAM_0006240,bkl
ISIC_0027192.jpg,0,HAM_0001024,bkl
ISIC_0027437.jpg,0,HAM_0004125,bkl
ISIC_0028201.jpg,0,HAM_0005049,bkl
ISIC_0028223.jpg,0,HAM_0006595,bkl
ISIC_0026614.jpg,0,HAM_0001232,bkl
ISIC_0029810.jpg,0,HAM_0001944,bkl
ISIC_0028550.jpg,0,HAM_0000259,bkl
ISIC_0024477.jpg,0,HAM_0000259,bkl
ISIC_0026493.jpg,0,HAM_0000259,bkl
ISIC_0028840.jpg,0,HAM_0003647,bkl
ISIC_0029678.jpg,0,HAM_0000383,bkl
ISIC_0031937.jpg,0,HAM_0000833,bkl
ISIC_0025719.jpg,0,HAM_0000833,bkl
ISIC_0029260.jpg,0,HAM_0000843,bkl
ISIC_0030683.jpg,0,HAM_0001024,bkl
ISIC_0028237.jpg,0,HAM_0006327,bkl
ISIC_0029585.jpg,0,HAM_0006327,bkl
ISIC_0027990.jpg,0,HAM_0001073,bkl
ISIC_0025883.jpg,0,HAM_0007607,bkl
ISIC_0026290.jpg,0,HAM_0002350,bkl
ISIC_0031050.jpg,0,HAM_0006868,bkl
ISIC_0024997.jpg,0,HAM_0006343,bkl
ISIC_0024761.jpg,0,HAM_0005053,bkl
ISIC_0030876.jpg,0,HAM_0005199,bkl
ISIC_0024982.jpg,0,HAM_0005199,bkl
ISIC_0029126.jpg,0,HAM_0001914,bkl
ISIC_0028702.jpg,0,HAM_0001914,bkl
ISIC_0026843.jpg,0,HAM_0005082,bkl
ISIC_0025519.jpg,0,HAM_0006211,bkl
ISIC_0029841.jpg,0,HAM_0003605,bkl
ISIC_0030319.jpg,0,HAM_0003508,bkl
ISIC_0030965.jpg,0,HAM_0006475,bkl
ISIC_0025699.jpg,0,HAM_0005082,bkl
ISIC_0029617.jpg,0,HAM_0005082,bkl
ISIC_0031783.jpg,0,HAM_0002357,bkl
ISIC_0030137.jpg,0,HAM_0002357,bkl
ISIC_0024371.jpg,0,HAM_0000806,bkl
ISIC_0026947.jpg,0,HAM_0000425,bkl
ISIC_0024839.jpg,0,HAM_0000425,bkl
ISIC_0031808.jpg,0,HAM_0005275,bkl
ISIC_0026316.jpg,0,HAM_0002400,bkl
ISIC_0028104.jpg,0,HAM_0002424,bkl
ISIC_0024696.jpg,0,HAM_0001082,bkl
ISIC_0030458.jpg,0,HAM_0004494,bkl
ISIC_0027470.jpg,0,HAM_0002548,bkl
ISIC_0031522.jpg,0,HAM_0005865,bkl
ISIC_0031352.jpg,0,HAM_0004379,bkl
ISIC_0024910.jpg,0,HAM_0000238,bkl
ISIC_0026675.jpg,0,HAM_0003739,bkl
ISIC_0026335.jpg,0,HAM_0003856,bkl
ISIC_0031150.jpg,0,HAM_0001094,bkl
ISIC_0026070.jpg,0,HAM_0002268,bkl
ISIC_0032024.jpg,0,HAM_0002303,bkl
ISIC_0032235.jpg,0,HAM_0002268,bkl
ISIC_0027916.jpg,0,HAM_0005952,bkl
ISIC_0025374.jpg,0,HAM_0006031,bkl
ISIC_0031961.jpg,0,HAM_0006173,bkl
ISIC_0030533.jpg,0,HAM_0003664,bkl
ISIC_0032456.jpg,0,HAM_0003015,bkl
ISIC_0026072.jpg,0,HAM_0006622,bkl
ISIC_0025939.jpg,0,HAM_0006622,bkl
ISIC_0027335.jpg,0,HAM_0006670,bkl
ISIC_0026365.jpg,0,HAM_0006723,bkl
ISIC_0028656.jpg,0,HAM_0002548,bkl
ISIC_0031716.jpg,0,HAM_0002686,bkl
ISIC_0029080.jpg,0,HAM_0000186,bkl
ISIC_0028650.jpg,0,HAM_0002358,bkl
ISIC_0027973.jpg,0,HAM_0002358,bkl
ISIC_0024495.jpg,0,HAM_0006466,bkl
ISIC_0027018.jpg,0,HAM_0006525,bkl
ISIC_0031138.jpg,0,HAM_0004908,bkl
ISIC_0025389.jpg,0,HAM_0004921,bkl
ISIC_0028710.jpg,0,HAM_0004908,bkl
ISIC_0031903.jpg,0,HAM_0003281,bkl
ISIC_0029384.jpg,0,HAM_0001486,bkl
ISIC_0031630.jpg,0,HAM_0003682,bkl
ISIC_0027893.jpg,0,HAM_0000237,bkl
ISIC_0027982.jpg,0,HAM_0004423,bkl
ISIC_0030318.jpg,0,HAM_0004423,bkl
ISIC_0026737.jpg,0,HAM_0004423,bkl
ISIC_0031459.jpg,0,HAM_0004494,bkl
ISIC_0028749.jpg,0,HAM_0005275,bkl
ISIC_0032445.jpg,0,HAM_0006173,bkl
ISIC_0028593.jpg,0,HAM_0003120,bkl
ISIC_0026961.jpg,0,HAM_0006181,bkl
ISIC_0030849.jpg,0,HAM_0006181,bkl
ISIC_0024420.jpg,0,HAM_0006201,bkl
ISIC_0030801.jpg,0,HAM_0006201,bkl
ISIC_0032358.jpg,0,HAM_0006267,bkl
ISIC_0031200.jpg,0,HAM_0006267,bkl
ISIC_0029101.jpg,0,HAM_0006287,bkl
ISIC_0024612.jpg,0,HAM_0000383,bkl
ISIC_0031707.jpg,0,HAM_0000383,bkl
ISIC_0027064.jpg,0,HAM_0000398,bkl
ISIC_0031537.jpg,0,HAM_0003877,bkl
ISIC_0030231.jpg,0,HAM_0003938,bkl
ISIC_0030081.jpg,0,HAM_0004327,bkl
ISIC_0031334.jpg,0,HAM_0006310,bkl
ISIC_0027681.jpg,0,HAM_0006531,bkl
ISIC_0029032.jpg,0,HAM_0006472,bkl
ISIC_0029243.jpg,0,HAM_0003120,bkl
ISIC_0025040.jpg,0,HAM_0006541,bkl
ISIC_0030988.jpg,0,HAM_0006723,bkl
ISIC_0024336.jpg,0,HAM_0006732,bkl
ISIC_0026704.jpg,0,HAM_0004338,bkl
ISIC_0029302.jpg,0,HAM_0006737,bkl
ISIC_0027953.jpg,0,HAM_0006907,bkl
ISIC_0028995.jpg,0,HAM_0006945,bkl
ISIC_0026523.jpg,0,HAM_0004338,bkl
ISIC_0026142.jpg,0,HAM_0006945,bkl
ISIC_0029206.jpg,0,HAM_0006993,bkl
ISIC_0031951.jpg,0,HAM_0001292,bkl
ISIC_0030310.jpg,0,HAM_0006993,bkl
ISIC_0030608.jpg,0,HAM_0007029,bkl
ISIC_0026553.jpg,0,HAM_0007024,bkl
ISIC_0024851.jpg,0,HAM_0007078,bkl
ISIC_0029040.jpg,0,HAM_0001721,bkl
ISIC_0029588.jpg,0,HAM_0001721,bkl
ISIC_0031181.jpg,0,HAM_0001721,bkl
ISIC_0024947.jpg,0,HAM_0001721,bkl
ISIC_0024446.jpg,0,HAM_0001475,bkl
ISIC_0031287.jpg,0,HAM_0003205,bkl
ISIC_0032365.jpg,0,HAM_0003206,bkl
ISIC_0026139.jpg,0,HAM_0002809,bkl
ISIC_0027967.jpg,0,HAM_0002809,bkl
ISIC_0024338.jpg,0,HAM_0002809,bkl
ISIC_0030935.jpg,0,HAM_0000237,bkl
ISIC_0029213.jpg,0,HAM_0000237,bkl
ISIC_0032040.jpg,0,HAM_0000237,bkl
ISIC_0028229.jpg,0,HAM_0004158,bkl
ISIC_0025068.jpg,0,HAM_0000542,bkl
ISIC_0025199.jpg,0,HAM_0003206,bkl
ISIC_0030372.jpg,0,HAM_0000881,bkl
ISIC_0028404.jpg,0,HAM_0000881,bkl
ISIC_0025083.jpg,0,HAM_0003015,bkl
ISIC_0027017.jpg,0,HAM_0003183,bkl
ISIC_0029849.jpg,0,HAM_0003605,bkl
ISIC_0025292.jpg,0,HAM_0004630,bkl
ISIC_0028943.jpg,0,HAM_0004106,bkl
ISIC_0024312.jpg,0,HAM_0001359,bkl
ISIC_0030976.jpg,0,HAM_0001722,bkl
ISIC_0024871.jpg,0,HAM_0001312,bkl
ISIC_0028830.jpg,0,HAM_0001312,bkl
ISIC_0028376.jpg,0,HAM_0004630,bkl
ISIC_0026576.jpg,0,HAM_0004630,bkl
ISIC_0027504.jpg,0,HAM_0004660,bkl
ISIC_0026409.jpg,0,HAM_0000893,bkl
ISIC_0025345.jpg,0,HAM_0000893,bkl
ISIC_0032303.jpg,0,HAM_0000893,bkl
ISIC_0032103.jpg,0,HAM_0000893,bkl
ISIC_0028707.jpg,0,HAM_0000920,bkl
ISIC_0024825.jpg,0,HAM_0000893,bkl
ISIC_0029406.jpg,0,HAM_0001608,bkl
ISIC_0031980.jpg,0,HAM_0001608,bkl
ISIC_0028611.jpg,0,HAM_0004695,bkl
ISIC_0024881.jpg,0,HAM_0004696,bkl
ISIC_0027094.jpg,0,HAM_0001292,bkl
ISIC_0028628.jpg,0,HAM_0001359,bkl
ISIC_0027509.jpg,0,HAM_0001725,bkl
ISIC_0028414.jpg,0,HAM_0001733,bkl
ISIC_0026539.jpg,0,HAM_0004696,bkl
ISIC_0029764.jpg,0,HAM_0004696,bkl
ISIC_0028842.jpg,0,HAM_0001515,bkl
ISIC_0030240.jpg,0,HAM_0003392,bkl
ISIC_0026871.jpg,0,HAM_0001240,bkl
ISIC_0027859.jpg,0,HAM_0000001,bkl
ISIC_0028451.jpg,0,HAM_0004338,bkl
ISIC_0026663.jpg,0,HAM_0001815,bkl
ISIC_0026744.jpg,0,HAM_0001820,bkl
ISIC_0025066.jpg,0,HAM_0002749,bkl
ISIC_0028236.jpg,0,HAM_0002731,bkl
ISIC_0029329.jpg,0,HAM_0002844,bkl
ISIC_0028343.jpg,0,HAM_0004343,bkl
ISIC_0031519.jpg,0,HAM_0000149,bkl
ISIC_0025113.jpg,0,HAM_0000149,bkl
ISIC_0031261.jpg,0,HAM_0004383,bkl
ISIC_0028121.jpg,0,HAM_0004389,bkl
ISIC_0029612.jpg,0,HAM_0004396,bkl
ISIC_0028913.jpg,0,HAM_0004396,bkl
ISIC_0026015.jpg,0,HAM_0002350,bkl
ISIC_0029443.jpg,0,HAM_0004396,bkl
ISIC_0027239.jpg,0,HAM_0004422,bkl
ISIC_0028124.jpg,0,HAM_0001294,bkl
ISIC_0029115.jpg,0,HAM_0000846,bkl
ISIC_0030700.jpg,0,HAM_0004422,bkl
ISIC_0031496.jpg,0,HAM_0001733,bkl
ISIC_0025434.jpg,0,HAM_0001878,bkl
ISIC_0028165.jpg,0,HAM_0001878,bkl
ISIC_0025623.jpg,0,HAM_0000821,bkl
ISIC_0031465.jpg,0,HAM_0000821,bkl
ISIC_0031831.jpg,0,HAM_0004448,bkl
ISIC_0027770.jpg,0,HAM_0004463,bkl
ISIC_0024709.jpg,0,HAM_0004832,bkl
ISIC_0027354.jpg,0,HAM_0007359,bkl
ISIC_0027388.jpg,0,HAM_0002192,bkl
ISIC_0030241.jpg,0,HAM_0001294,bkl
ISIC_0028931.jpg,0,HAM_0001733,bkl
ISIC_0030605.jpg,0,HAM_0001820,bkl
ISIC_0031000.jpg,0,HAM_0002193,bkl
ISIC_0024786.jpg,0,HAM_0002227,bkl
ISIC_0029029.jpg,0,HAM_0001763,bkl
ISIC_0030130.jpg,0,HAM_0001743,bkl
ISIC_0027392.jpg,0,HAM_0002193,bkl
ISIC_0031037.jpg,0,HAM_0002303,bkl
ISIC_0025799.jpg,0,HAM_0004531,bkl
ISIC_0029627.jpg,0,HAM_0004531,bkl
ISIC_0031825.jpg,0,HAM_0004453,bkl
ISIC_0030677.jpg,0,HAM_0004453,bkl
ISIC_0025038.jpg,0,HAM_0005743,bkl
ISIC_0029927.jpg,0,HAM_0000999,bkl
ISIC_0026567.jpg,0,HAM_0000999,bkl
ISIC_0029102.jpg,0,HAM_0005415,bkl
ISIC_0027154.jpg,0,HAM_0005415,bkl
ISIC_0030383.jpg,0,HAM_0003996,bkl
ISIC_0025465.jpg,0,HAM_0003996,bkl
ISIC_0024489.jpg,0,HAM_0000710,bkl
ISIC_0026276.jpg,0,HAM_0000710,bkl
ISIC_0026912.jpg,0,HAM_0007337,bkl
ISIC_0027435.jpg,0,HAM_0007500,bkl
ISIC_0028180.jpg,0,HAM_0007500,bkl
ISIC_0026277.jpg,0,HAM_0000696,bkl
ISIC_0032395.jpg,0,HAM_0005967,bkl
ISIC_0032031.jpg,0,HAM_0005967,bkl
ISIC_0031888.jpg,0,HAM_0003398,bkl
ISIC_0028622.jpg,0,HAM_0000083,bkl
ISIC_0031872.jpg,0,HAM_0000083,bkl
ISIC_0028294.jpg,0,HAM_0002042,bkl
ISIC_0028662.jpg,0,HAM_0002042,bkl
ISIC_0031349.jpg,0,HAM_0002042,bkl
ISIC_0026263.jpg,0,HAM_0002042,bkl
ISIC_0024877.jpg,0,HAM_0003574,bkl
ISIC_0030835.jpg,0,HAM_0003574,bkl
ISIC_0026280.jpg,0,HAM_0006346,bkl
ISIC_0027811.jpg,0,HAM_0006346,bkl
ISIC_0029232.jpg,0,HAM_0005632,bkl
ISIC_0025470.jpg,0,HAM_0005632,bkl
ISIC_0026249.jpg,0,HAM_0007315,bkl
ISIC_0031218.jpg,0,HAM_0007315,bkl
ISIC_0024705.jpg,0,HAM_0007355,bkl
ISIC_0026803.jpg,0,HAM_0007355,bkl
ISIC_0027737.jpg,0,HAM_0002903,bkl
ISIC_0024774.jpg,0,HAM_0002903,bkl
ISIC_0026248.jpg,0,HAM_0004224,bkl
ISIC_0027194.jpg,0,HAM_0004224,bkl
ISIC_0026016.jpg,0,HAM_0003789,bkl
ISIC_0029505.jpg,0,HAM_0003789,bkl
ISIC_0025378.jpg,0,HAM_0000835,bkl
ISIC_0030394.jpg,0,HAM_0000835,bkl
ISIC_0027735.jpg,0,HAM_0005896,bkl
ISIC_0024814.jpg,0,HAM_0005896,bkl
ISIC_0031677.jpg,0,HAM_0002683,bkl
ISIC_0026069.jpg,0,HAM_0000524,bkl
ISIC_0026524.jpg,0,HAM_0000524,bkl
ISIC_0027162.jpg,0,HAM_0004905,bkl
ISIC_0027608.jpg,0,HAM_0005610,bkl
ISIC_0025312.jpg,0,HAM_0005610,bkl
ISIC_0031277.jpg,0,HAM_0003789,bkl
ISIC_0027270.jpg,0,HAM_0000835,bkl
ISIC_0031853.jpg,0,HAM_0003789,bkl
ISIC_0031329.jpg,0,HAM_0000835,bkl
ISIC_0031528.jpg,0,HAM_0007590,bkl
ISIC_0028615.jpg,0,HAM_0007590,bkl
ISIC_0030369.jpg,0,HAM_0003514,bkl
ISIC_0025753.jpg,0,HAM_0004912,bkl
ISIC_0031600.jpg,0,HAM_0004912,bkl
ISIC_0032159.jpg,0,HAM_0004632,bkl
ISIC_0024382.jpg,0,HAM_0004632,bkl
ISIC_0028490.jpg,0,HAM_0001642,bkl
ISIC_0025339.jpg,0,HAM_0006755,bkl
ISIC_0029070.jpg,0,HAM_0005126,bkl
ISIC_0028822.jpg,0,HAM_0005126,bkl
ISIC_0028876.jpg,0,HAM_0003030,bkl
ISIC_0029527.jpg,0,HAM_0003030,bkl
ISIC_0032111.jpg,0,HAM_0006064,bkl
ISIC_0031132.jpg,0,HAM_0006064,bkl
ISIC_0031987.jpg,0,HAM_0001781,bkl
ISIC_0028623.jpg,0,HAM_0001781,bkl
ISIC_0025515.jpg,0,HAM_0001781,bkl
ISIC_0029823.jpg,0,HAM_0001781,bkl
ISIC_0026631.jpg,0,HAM_0000985,bkl
ISIC_0024490.jpg,0,HAM_0000985,bkl
ISIC_0025103.jpg,0,HAM_0001529,bkl
ISIC_0025710.jpg,0,HAM_0001529,bkl
ISIC_0028094.jpg,0,HAM_0005404,bkl
ISIC_0029455.jpg,0,HAM_0005404,bkl
ISIC_0025466.jpg,0,HAM_0001620,bkl
ISIC_0030123.jpg,0,HAM_0006652,bkl
ISIC_0031945.jpg,0,HAM_0006652,bkl
ISIC_0029931.jpg,0,HAM_0005324,bkl
ISIC_0024782.jpg,0,HAM_0004004,bkl
ISIC_0029872.jpg,0,HAM_0004004,bkl
ISIC_0029135.jpg,0,HAM_0007043,bkl
ISIC_0029947.jpg,0,HAM_0007043,bkl
ISIC_0028264.jpg,0,HAM_0003187,bkl
ISIC_0025526.jpg,0,HAM_0003187,bkl
ISIC_0024435.jpg,0,HAM_0003317,bkl
ISIC_0026590.jpg,0,HAM_0003317,bkl
ISIC_0026311.jpg,0,HAM_0006099,bkl
ISIC_0029270.jpg,0,HAM_0006099,bkl
ISIC_0030998.jpg,0,HAM_0001053,bkl
ISIC_0029235.jpg,0,HAM_0005580,bkl
ISIC_0027826.jpg,0,HAM_0005278,bkl
ISIC_0028992.jpg,0,HAM_0003920,bkl
ISIC_0026351.jpg,0,HAM_0003920,bkl
ISIC_0029320.jpg,0,HAM_0006186,bkl
ISIC_0029427.jpg,0,HAM_0006186,bkl
ISIC_0029464.jpg,0,HAM_0003789,bkl
ISIC_0026530.jpg,0,HAM_0000835,bkl
ISIC_0024915.jpg,0,HAM_0003789,bkl
ISIC_0024409.jpg,0,HAM_0000835,bkl
ISIC_0029924.jpg,0,HAM_0003010,bkl
ISIC_0028309.jpg,0,HAM_0006770,bkl
ISIC_0027905.jpg,0,HAM_0006770,bkl
ISIC_0029061.jpg,0,HAM_0003881,bkl
ISIC_0031893.jpg,0,HAM_0003881,bkl
ISIC_0027202.jpg,0,HAM_0001011,bkl
ISIC_0032498.jpg,0,HAM_0001011,bkl
ISIC_0024909.jpg,0,HAM_0002757,bkl
ISIC_0028258.jpg,0,HAM_0002757,bkl
ISIC_0027083.jpg,0,HAM_0007381,bkl
ISIC_0029778.jpg,0,HAM_0007381,bkl
ISIC_0027820.jpg,0,HAM_0001310,bkl
ISIC_0029555.jpg,0,HAM_0007090,bkl
ISIC_0027831.jpg,0,HAM_0001678,bkl
ISIC_0024602.jpg,0,HAM_0002984,bkl
ISIC_0024943.jpg,0,HAM_0006988,bkl
ISIC_0028479.jpg,0,HAM_0002821,bkl
ISIC_0024770.jpg,0,HAM_0000106,bkl
ISIC_0028209.jpg,0,HAM_0002096,bkl
ISIC_0029518.jpg,0,HAM_0002096,bkl
ISIC_0028449.jpg,0,HAM_0004556,bkl
ISIC_0028123.jpg,0,HAM_0004556,bkl
ISIC_0026717.jpg,0,HAM_0002527,bkl
ISIC_0027463.jpg,0,HAM_0003559,bkl
ISIC_0025810.jpg,0,HAM_0003559,bkl
ISIC_0027559.jpg,0,HAM_0004768,bkl
ISIC_0024408.jpg,0,HAM_0004768,bkl
ISIC_0030173.jpg,0,HAM_0001982,bkl
ISIC_0029012.jpg,0,HAM_0001982,bkl
ISIC_0026174.jpg,0,HAM_0006009,bkl
ISIC_0027279.jpg,0,HAM_0006009,bkl
ISIC_0032170.jpg,0,HAM_0004543,bkl
ISIC_0024498.jpg,0,HAM_0002462,bkl
ISIC_0025005.jpg,0,HAM_0002462,bkl
ISIC_0025851.jpg,0,HAM_0005845,bkl
ISIC_0028347.jpg,0,HAM_0001991,bkl
ISIC_0033460.jpg,0,HAM_0005847,bkl
ISIC_0033722.jpg,0,HAM_0006438,bkl
ISIC_0034315.jpg,0,HAM_0000754,bkl
ISIC_0032967.jpg,0,HAM_0000754,bkl
ISIC_0033199.jpg,0,HAM_0006673,bkl
ISIC_0032719.jpg,0,HAM_0006673,bkl
ISIC_0030630.jpg,0,HAM_0003787,bkl
ISIC_0033305.jpg,0,HAM_0003218,bkl
ISIC_0032179.jpg,0,HAM_0005903,bkl
ISIC_0031428.jpg,0,HAM_0006277,bkl
ISIC_0032315.jpg,0,HAM_0005463,bkl
ISIC_0028411.jpg,0,HAM_0005463,bkl
ISIC_0032681.jpg,0,HAM_0000208,bkl
ISIC_0033509.jpg,0,HAM_0000208,bkl
ISIC_0032694.jpg,0,HAM_0000208,bkl
ISIC_0034197.jpg,0,HAM_0005442,bkl
ISIC_0034057.jpg,0,HAM_0005442,bkl
ISIC_0033260.jpg,0,HAM_0004142,bkl
ISIC_0032643.jpg,0,HAM_0004142,bkl
ISIC_0033732.jpg,0,HAM_0004142,bkl
ISIC_0032827.jpg,0,HAM_0006003,bkl
ISIC_0033022.jpg,0,HAM_0006003,bkl
ISIC_0032835.jpg,0,HAM_0004788,bkl
ISIC_0033480.jpg,0,HAM_0004788,bkl
ISIC_0034165.jpg,0,HAM_0004113,bkl
ISIC_0033185.jpg,0,HAM_0004113,bkl
ISIC_0033783.jpg,0,HAM_0004258,bkl
ISIC_0033693.jpg,0,HAM_0004258,bkl
ISIC_0032804.jpg,0,HAM_0006026,bkl
ISIC_0033924.jpg,0,HAM_0006026,bkl
ISIC_0033531.jpg,0,HAM_0006026,bkl
ISIC_0032636.jpg,0,HAM_0001772,bkl
ISIC_0033270.jpg,0,HAM_0001772,bkl
ISIC_0033246.jpg,0,HAM_0005749,bkl
ISIC_0032843.jpg,0,HAM_0005749,bkl
ISIC_0033528.jpg,0,HAM_0000080,bkl
ISIC_0033865.jpg,0,HAM_0000080,bkl
ISIC_0034296.jpg,0,HAM_0006528,bkl
ISIC_0032763.jpg,0,HAM_0006528,bkl
ISIC_0034291.jpg,0,HAM_0006528,bkl
ISIC_0034167.jpg,0,HAM_0003728,bkl
ISIC_0033949.jpg,0,HAM_0003728,bkl
ISIC_0032773.jpg,0,HAM_0000571,bkl
ISIC_0033156.jpg,0,HAM_0000571,bkl
ISIC_0033701.jpg,0,HAM_0004245,bkl
ISIC_0033854.jpg,0,HAM_0004246,bkl
ISIC_0033884.jpg,0,HAM_0004245,bkl
ISIC_0034142.jpg,0,HAM_0000309,bkl
ISIC_0033784.jpg,0,HAM_0000332,bkl
ISIC_0033307.jpg,0,HAM_0000332,bkl
ISIC_0033987.jpg,0,HAM_0006148,bkl
ISIC_0033553.jpg,0,HAM_0005898,bkl
ISIC_0033401.jpg,0,HAM_0005898,bkl
ISIC_0033169.jpg,0,HAM_0002792,bkl
ISIC_0033855.jpg,0,HAM_0006157,bkl
ISIC_0033660.jpg,0,HAM_0007427,bkl
ISIC_0034221.jpg,0,HAM_0007427,bkl
ISIC_0033945.jpg,0,HAM_0007427,bkl
ISIC_0033491.jpg,0,HAM_0007427,bkl
ISIC_0034280.jpg,0,HAM_0007427,bkl
ISIC_0034151.jpg,0,HAM_0006238,bkl
ISIC_0033391.jpg,0,HAM_0001186,bkl
ISIC_0033750.jpg,0,HAM_0002660,bkl
ISIC_0033685.jpg,0,HAM_0000372,bkl
ISIC_0033631.jpg,0,HAM_0000948,bkl
ISIC_0033490.jpg,0,HAM_0000983,bkl
ISIC_0034283.jpg,0,HAM_0007281,bkl
ISIC_0032740.jpg,0,HAM_0001561,bkl
ISIC_0034186.jpg,0,HAM_0000825,bkl
ISIC_0031601.jpg,0,HAM_0001487,bkl
ISIC_0034252.jpg,0,HAM_0006074,bkl
ISIC_0033829.jpg,0,HAM_0006074,bkl
ISIC_0026790.jpg,0,HAM_0005779,bkl
ISIC_0029113.jpg,0,HAM_0007233,bkl
ISIC_0030323.jpg,0,HAM_0004232,bkl
ISIC_0032113.jpg,0,HAM_0003393,bkl
ISIC_0032330.jpg,0,HAM_0000090,bkl
ISIC_0026511.jpg,0,HAM_0002242,bkl
ISIC_0032271.jpg,0,HAM_0002371,bkl
ISIC_0027142.jpg,0,HAM_0004322,bkl
ISIC_0031897.jpg,0,HAM_0000382,bkl
ISIC_0027747.jpg,0,HAM_0005932,bkl
ISIC_0031253.jpg,0,HAM_0000613,bkl
ISIC_0024643.jpg,0,HAM_0005101,bkl
ISIC_0029202.jpg,0,HAM_0002355,bkl
ISIC_0026205.jpg,0,HAM_0006912,bkl
ISIC_0031619.jpg,0,HAM_0005626,bkl
ISIC_0031396.jpg,0,HAM_0004466,bkl
ISIC_0031196.jpg,0,HAM_0000734,bkl
ISIC_0032249.jpg,0,HAM_0005834,bkl
ISIC_0024337.jpg,0,HAM_0005136,bkl
ISIC_0027370.jpg,0,HAM_0004308,bkl
ISIC_0026566.jpg,0,HAM_0004078,bkl
ISIC_0028681.jpg,0,HAM_0004309,bkl
ISIC_0024383.jpg,0,HAM_0003668,bkl
ISIC_0029801.jpg,0,HAM_0000716,bkl
ISIC_0032124.jpg,0,HAM_0002536,bkl
ISIC_0029793.jpg,0,HAM_0007151,bkl
ISIC_0031133.jpg,0,HAM_0007395,bkl
ISIC_0030959.jpg,0,HAM_0003011,bkl
ISIC_0029251.jpg,0,HAM_0001997,bkl
ISIC_0026046.jpg,0,HAM_0002190,bkl
ISIC_0027875.jpg,0,HAM_0001429,bkl
ISIC_0029107.jpg,0,HAM_0005616,bkl
ISIC_0031511.jpg,0,HAM_0006601,bkl
ISIC_0028587.jpg,0,HAM_0001735,bkl
ISIC_0026291.jpg,0,HAM_0000685,bkl
ISIC_0026422.jpg,0,HAM_0003926,bkl
ISIC_0030316.jpg,0,HAM_0000441,bkl
ISIC_0028497.jpg,0,HAM_0006533,bkl
ISIC_0029345.jpg,0,HAM_0003260,bkl
ISIC_0026846.jpg,0,HAM_0003287,bkl
ISIC_0026441.jpg,0,HAM_0005993,bkl
ISIC_0026907.jpg,0,HAM_0005291,bkl
ISIC_0026867.jpg,0,HAM_0003973,bkl
ISIC_0028448.jpg,0,HAM_0001167,bkl
ISIC_0028503.jpg,0,HAM_0003726,bkl
ISIC_0028826.jpg,0,HAM_0000865,bkl
ISIC_0031226.jpg,0,HAM_0002209,bkl
ISIC_0032460.jpg,0,HAM_0006876,bkl
ISIC_0027025.jpg,0,HAM_0000121,bkl
ISIC_0030067.jpg,0,HAM_0001589,bkl
ISIC_0031436.jpg,0,HAM_0006243,bkl
ISIC_0027041.jpg,0,HAM_0003049,bkl
ISIC_0030088.jpg,0,HAM_0000659,bkl
ISIC_0026959.jpg,0,HAM_0003426,bkl
ISIC_0027167.jpg,0,HAM_0003859,bkl
ISIC_0028525.jpg,0,HAM_0005722,bkl
ISIC_0027954.jpg,0,HAM_0002034,bkl
ISIC_0024850.jpg,0,HAM_0007393,bkl
ISIC_0031088.jpg,0,HAM_0001430,bkl
ISIC_0025758.jpg,0,HAM_0005443,bkl
ISIC_0025392.jpg,0,HAM_0002161,bkl
ISIC_0025856.jpg,0,HAM_0003165,bkl
ISIC_0030160.jpg,0,HAM_0002043,bkl
ISIC_0028331.jpg,0,HAM_0002962,bkl
ISIC_0026783.jpg,0,HAM_0000089,bkl
ISIC_0029731.jpg,0,HAM_0000643,bkl
ISIC_0028386.jpg,0,HAM_0005751,bkl
ISIC_0031558.jpg,0,HAM_0001402,bkl
ISIC_0025330.jpg,0,HAM_0000453,bkl
ISIC_0031577.jpg,0,HAM_0005338,bkl
ISIC_0025804.jpg,0,HAM_0001443,bkl
ISIC_0027275.jpg,0,HAM_0002280,bkl
ISIC_0027710.jpg,0,HAM_0001062,bkl
ISIC_0031024.jpg,0,HAM_0002677,bkl
ISIC_0030056.jpg,0,HAM_0003982,bkl
ISIC_0029195.jpg,0,HAM_0003129,bkl
ISIC_0026135.jpg,0,HAM_0006772,bkl
ISIC_0029233.jpg,0,HAM_0003757,bkl
ISIC_0030207.jpg,0,HAM_0001399,bkl
ISIC_0026967.jpg,0,HAM_0007027,bkl
ISIC_0025131.jpg,0,HAM_0006124,bkl
ISIC_0031223.jpg,0,HAM_0002456,bkl
ISIC_0030226.jpg,0,HAM_0000069,bkl
ISIC_0028958.jpg,0,HAM_0002912,bkl
ISIC_0031125.jpg,0,HAM_0004713,bkl
ISIC_0029227.jpg,0,HAM_0007219,bkl
ISIC_0025454.jpg,0,HAM_0001423,bkl
ISIC_0025879.jpg,0,HAM_0004289,bkl
ISIC_0027612.jpg,0,HAM_0001990,bkl
ISIC_0029676.jpg,0,HAM_0002503,bkl
ISIC_0032359.jpg,0,HAM_0002419,bkl
ISIC_0027428.jpg,0,HAM_0003691,bkl
ISIC_0026446.jpg,0,HAM_0002965,bkl
ISIC_0026262.jpg,0,HAM_0000974,bkl
ISIC_0026416.jpg,0,HAM_0003979,bkl
ISIC_0029048.jpg,0,HAM_0000452,bkl
ISIC_0025431.jpg,0,HAM_0000607,bkl
ISIC_0027332.jpg,0,HAM_0003582,bkl
ISIC_0029741.jpg,0,HAM_0005096,bkl
ISIC_0028925.jpg,0,HAM_0001752,bkl
ISIC_0026556.jpg,0,HAM_0002005,bkl
ISIC_0031362.jpg,0,HAM_0000105,bkl
ISIC_0026941.jpg,0,HAM_0003715,bkl
ISIC_0025654.jpg,0,HAM_0002742,bkl
ISIC_0025387.jpg,0,HAM_0000792,bkl
ISIC_0027027.jpg,0,HAM_0007604,bkl
ISIC_0029036.jpg,0,HAM_0000955,bkl
ISIC_0029880.jpg,0,HAM_0002366,bkl
ISIC_0025484.jpg,0,HAM_0000215,bkl
ISIC_0030488.jpg,0,HAM_0005262,bkl
ISIC_0031761.jpg,0,HAM_0000296,bkl
ISIC_0030583.jpg,0,HAM_0000465,bkl
ISIC_0026042.jpg,0,HAM_0007000,bkl
ISIC_0028797.jpg,0,HAM_0001838,bkl
ISIC_0027326.jpg,0,HAM_0005874,bkl
ISIC_0030789.jpg,0,HAM_0001223,bkl
ISIC_0027008.jpg,0,HAM_0005276,df
ISIC_0028790.jpg,0,HAM_0005276,df
ISIC_0028880.jpg,0,HAM_0004103,df
ISIC_0031309.jpg,0,HAM_0004103,df
ISIC_0030021.jpg,0,HAM_0001164,df
ISIC_0027118.jpg,0,HAM_0001164,df
ISIC_0027613.jpg,0,HAM_0005684,df
ISIC_0032468.jpg,0,HAM_0005684,df
ISIC_0029760.jpg,0,HAM_0004330,df
ISIC_0030555.jpg,0,HAM_0004330,df
ISIC_0030244.jpg,0,HAM_0007526,df
ISIC_0031827.jpg,0,HAM_0007526,df
ISIC_0031002.jpg,0,HAM_0007051,df
ISIC_0025668.jpg,0,HAM_0007051,df
ISIC_0032410.jpg,0,HAM_0005518,df
ISIC_0030579.jpg,0,HAM_0002546,df
ISIC_0034169.jpg,0,HAM_0001785,df
ISIC_0032941.jpg,0,HAM_0001785,df
ISIC_0032642.jpg,0,HAM_0002909,df
ISIC_0033790.jpg,0,HAM_0002909,df
ISIC_0033675.jpg,0,HAM_0002909,df
ISIC_0029248.jpg,0,HAM_0004756,df
ISIC_0030442.jpg,0,HAM_0004756,df
ISIC_0032247.jpg,0,HAM_0007225,df
ISIC_0031429.jpg,0,HAM_0007225,df
ISIC_0030321.jpg,0,HAM_0003555,df
ISIC_0025302.jpg,0,HAM_0007421,df
ISIC_0029039.jpg,0,HAM_0004317,df
ISIC_0025504.jpg,0,HAM_0004317,df
ISIC_0027727.jpg,0,HAM_0004036,df
ISIC_0027107.jpg,0,HAM_0004036,df
ISIC_0027648.jpg,0,HAM_0004036,df
ISIC_0029967.jpg,0,HAM_0004960,df
ISIC_0027876.jpg,0,HAM_0004960,df
ISIC_0032138.jpg,0,HAM_0005492,df
ISIC_0028926.jpg,0,HAM_0000720,df
ISIC_0025954.jpg,0,HAM_0002706,df
ISIC_0029783.jpg,0,HAM_0002706,df
ISIC_0029578.jpg,0,HAM_0002895,df
ISIC_0030011.jpg,0,HAM_0004371,df
ISIC_0030427.jpg,0,HAM_0004371,df
ISIC_0027626.jpg,0,HAM_0004371,df
ISIC_0024973.jpg,0,HAM_0007227,df
ISIC_0029891.jpg,0,HAM_0007227,df
ISIC_0030757.jpg,0,HAM_0003290,df
ISIC_0031358.jpg,0,HAM_0003290,df
ISIC_0031735.jpg,0,HAM_0003290,df
ISIC_0026473.jpg,0,HAM_0003110,df
ISIC_0032114.jpg,0,HAM_0003110,df
ISIC_0026789.jpg,0,HAM_0003110,df
ISIC_0031344.jpg,0,HAM_0005861,df
ISIC_0028346.jpg,0,HAM_0005861,df
ISIC_0025154.jpg,0,HAM_0001177,df
ISIC_0029962.jpg,0,HAM_0007410,df
ISIC_0031457.jpg,0,HAM_0007410,df
ISIC_0029824.jpg,0,HAM_0005362,df
ISIC_0025622.jpg,0,HAM_0005362,df
ISIC_0031372.jpg,0,HAM_0007418,df
ISIC_0026313.jpg,0,HAM_0007418,df
ISIC_0026417.jpg,0,HAM_0005663,df
ISIC_0028735.jpg,0,HAM_0005663,df
ISIC_0031443.jpg,0,HAM_0000827,df
ISIC_0025223.jpg,0,HAM_0000827,df
ISIC_0030015.jpg,0,HAM_0006542,df
ISIC_0024318.jpg,0,HAM_0002450,df
ISIC_0024396.jpg,0,HAM_0002450,df
ISIC_0024330.jpg,0,HAM_0006188,df
ISIC_0027188.jpg,0,HAM_0006188,df
ISIC_0031123.jpg,0,HAM_0003487,df
ISIC_0024845.jpg,0,HAM_0003487,df
ISIC_0032613.jpg,0,HAM_0005584,df
ISIC_0033256.jpg,0,HAM_0005584,df
ISIC_0034135.jpg,0,HAM_0006371,df
ISIC_0033626.jpg,0,HAM_0006371,df
ISIC_0033780.jpg,0,HAM_0006371,df
ISIC_0033891.jpg,0,HAM_0007396,df
ISIC_0033554.jpg,0,HAM_0007396,df
ISIC_0033810.jpg,0,HAM_0007396,df
ISIC_0033695.jpg,0,HAM_0000349,df
ISIC_0033005.jpg,0,HAM_0000349,df
ISIC_0033422.jpg,0,HAM_0003597,df
ISIC_0027488.jpg,0,HAM_0003597,df
ISIC_0033808.jpg,0,HAM_0003081,df
ISIC_0033847.jpg,0,HAM_0003081,df
ISIC_0033860.jpg,0,HAM_0003081,df
ISIC_0024994.jpg,0,HAM_0002960,df
ISIC_0030830.jpg,0,HAM_0006794,df
ISIC_0027745.jpg,0,HAM_0000902,df
ISIC_0024553.jpg,0,HAM_0005330,df
ISIC_0025594.jpg,0,HAM_0005983,df
ISIC_0025911.jpg,0,HAM_0004648,df
ISIC_0026254.jpg,0,HAM_0006816,df
ISIC_0026471.jpg,0,HAM_0006787,df
ISIC_0029052.jpg,0,HAM_0002463,df
ISIC_0025980.jpg,0,HAM_0005529,df
ISIC_0031271.jpg,0,HAM_0004090,df
ISIC_0025903.jpg,0,HAM_0002129,df
ISIC_0028651.jpg,0,HAM_0004496,df
ISIC_0030665.jpg,0,HAM_0005359,df
ISIC_0027141.jpg,0,HAM_0000024,df
ISIC_0031257.jpg,0,HAM_0003023,df
ISIC_0024386.jpg,0,HAM_0005112,df
ISIC_0026629.jpg,0,HAM_0004065,df
ISIC_0029973.jpg,0,HAM_0002045,df
ISIC_0027598.jpg,0,HAM_0002848,df
ISIC_0031799.jpg,0,HAM_0003348,df
ISIC_0029130.jpg,0,HAM_0000049,df
ISIC_0027044.jpg,0,HAM_0002871,df
ISIC_0029177.jpg,0,HAM_0005918,df
ISIC_0025314.jpg,0,HAM_0000757,df
ISIC_0025373.jpg,0,HAM_0007569,df
ISIC_0025771.jpg,0,HAM_0001841,df
ISIC_0030870.jpg,0,HAM_0006707,df
ISIC_0029297.jpg,0,HAM_0002153,df
ISIC_0027216.jpg,0,HAM_0007129,df
ISIC_0024693.jpg,0,HAM_0000559,nv
ISIC_0025964.jpg,1,HAM_0000871,mel
ISIC_0030623.jpg,1,HAM_0000871,mel
ISIC_0027190.jpg,1,HAM_0000040,mel
ISIC_0031023.jpg,1,HAM_0005678,mel
ISIC_0028086.jpg,1,HAM_0005678,mel
ISIC_0031177.jpg,1,HAM_0005191,mel
ISIC_0026993.jpg,1,HAM_0005186,mel
ISIC_0026120.jpg,1,HAM_0007310,mel
ISIC_0028412.jpg,1,HAM_0007310,mel
ISIC_0030417.jpg,1,HAM_0004476,mel
ISIC_0026531.jpg,1,HAM_0000876,mel
ISIC_0032396.jpg,1,HAM_0000876,mel
ISIC_0030443.jpg,1,HAM_0006722,mel
ISIC_0031499.jpg,1,HAM_0006722,mel
ISIC_0025450.jpg,1,HAM_0003832,mel
ISIC_0024586.jpg,1,HAM_0003832,mel
ISIC_0025451.jpg,1,HAM_0002143,mel
ISIC_0032248.jpg,1,HAM_0002119,mel
ISIC_0028445.jpg,1,HAM_0000492,mel
ISIC_0027076.jpg,1,HAM_0000492,mel
ISIC_0029512.jpg,1,HAM_0004784,mel
ISIC_0027872.jpg,1,HAM_0004784,mel
ISIC_0030486.jpg,1,HAM_0001150,mel
ISIC_0029028.jpg,1,HAM_0003182,mel
ISIC_0027125.jpg,1,HAM_0003182,mel
ISIC_0029575.jpg,1,HAM_0001747,mel
ISIC_0028361.jpg,1,HAM_0001747,mel
ISIC_0029081.jpg,1,HAM_0006453,mel
ISIC_0025744.jpg,1,HAM_0006453,mel
ISIC_0030119.jpg,1,HAM_0005557,mel
ISIC_0028215.jpg,1,HAM_0005557,mel
ISIC_0025303.jpg,1,HAM_0003558,mel
ISIC_0030129.jpg,1,HAM_0003558,mel
ISIC_0032214.jpg,1,HAM_0007454,mel
ISIC_0028069.jpg,1,HAM_0001811,mel
ISIC_0028579.jpg,1,HAM_0001811,mel
ISIC_0029281.jpg,1,HAM_0001726,mel
ISIC_0024367.jpg,1,HAM_0001726,mel
ISIC_0030281.jpg,1,HAM_0003315,mel
ISIC_0024481.jpg,1,HAM_0003315,mel
ISIC_0031118.jpg,1,HAM_0006900,mel
ISIC_0030080.jpg,1,HAM_0006900,mel
ISIC_0031953.jpg,1,HAM_0000060,mel
ISIC_0031406.jpg,1,HAM_0000060,mel
ISIC_0026115.jpg,1,HAM_0004910,mel
ISIC_0026281.jpg,1,HAM_0004910,mel
ISIC_0027277.jpg,1,HAM_0004720,mel
ISIC_0028642.jpg,1,HAM_0004720,mel
ISIC_0032079.jpg,1,HAM_0005555,mel
ISIC_0026150.jpg,1,HAM_0004607,mel
ISIC_0031642.jpg,1,HAM_0004607,mel
ISIC_0027043.jpg,1,HAM_0007390,mel
ISIC_0027174.jpg,1,HAM_0007390,mel
ISIC_0025277.jpg,1,HAM_0002720,mel
ISIC_0024729.jpg,1,HAM_0002011,mel
ISIC_0031711.jpg,1,HAM_0002011,mel
ISIC_0025234.jpg,1,HAM_0004739,mel
ISIC_0029000.jpg,1,HAM_0005481,mel
ISIC_0025955.jpg,1,HAM_0005481,mel
ISIC_0025751.jpg,1,HAM_0000814,mel
ISIC_0026754.jpg,1,HAM_0001446,mel
ISIC_0027063.jpg,1,HAM_0004813,mel
ISIC_0032331.jpg,1,HAM_0004813,mel
ISIC_0032400.jpg,1,HAM_0006803,mel
ISIC_0024545.jpg,1,HAM_0006803,mel
ISIC_0028109.jpg,1,HAM_0000814,mel
ISIC_0033186.jpg,1,HAM_0000095,mel
ISIC_0030060.jpg,1,HAM_0004126,mel
ISIC_0030211.jpg,1,HAM_0004126,mel
ISIC_0026892.jpg,1,HAM_0007560,mel
ISIC_0024987.jpg,1,HAM_0007560,mel
ISIC_0030171.jpg,1,HAM_0006253,mel
ISIC_0028291.jpg,1,HAM_0006253,mel
ISIC_0024898.jpg,1,HAM_0002534,mel
ISIC_0029538.jpg,1,HAM_0002534,mel
ISIC_0032313.jpg,1,HAM_0000099,mel
ISIC_0027769.jpg,1,HAM_0000099,mel
ISIC_0029913.jpg,1,HAM_0007171,mel
ISIC_0026909.jpg,1,HAM_0007171,mel
ISIC_0026113.jpg,1,HAM_0002714,mel
ISIC_0032265.jpg,1,HAM_0002714,mel
ISIC_0032308.jpg,1,HAM_0003802,mel
ISIC_0025081.jpg,1,HAM_0001203,mel
ISIC_0030134.jpg,1,HAM_0001203,mel
ISIC_0030445.jpg,1,HAM_0003031,mel
ISIC_0030798.jpg,1,HAM_0001913,mel
ISIC_0026596.jpg,1,HAM_0004979,mel
ISIC_0028056.jpg,1,HAM_0004979,mel
ISIC_0032019.jpg,1,HAM_0003194,mel
ISIC_0025155.jpg,1,HAM_0006521,mel
ISIC_0031557.jpg,1,HAM_0006521,mel
ISIC_0024792.jpg,1,HAM_0001847,mel
ISIC_0030898.jpg,1,HAM_0001847,mel
ISIC_0032244.jpg,1,HAM_0000152,mel
ISIC_0028901.jpg,1,HAM_0006739,mel
ISIC_0032098.jpg,1,HAM_0006739,mel
ISIC_0025603.jpg,1,HAM_0004579,mel
ISIC_0029651.jpg,1,HAM_0004643,mel
ISIC_0032044.jpg,1,HAM_0004643,mel
ISIC_0030759.jpg,1,HAM_0001353,mel
ISIC_0024886.jpg,1,HAM_0001353,mel
ISIC_0027102.jpg,1,HAM_0003782,mel
ISIC_0025904.jpg,1,HAM_0006908,mel
ISIC_0032450.jpg,1,HAM_0006908,mel
ISIC_0027253.jpg,1,HAM_0005697,mel
ISIC_0032046.jpg,1,HAM_0005697,mel
ISIC_0029163.jpg,1,HAM_0006692,mel
ISIC_0029630.jpg,1,HAM_0006692,mel
ISIC_0024624.jpg,1,HAM_0000210,mel
ISIC_0025674.jpg,1,HAM_0000531,mel
ISIC_0031369.jpg,1,HAM_0000531,mel
ISIC_0029547.jpg,1,HAM_0007165,mel
ISIC_0026622.jpg,1,HAM_0007165,mel
ISIC_0028326.jpg,1,HAM_0002471,mel
ISIC_0027060.jpg,1,HAM_0002471,mel
ISIC_0031941.jpg,1,HAM_0007538,mel
ISIC_0024315.jpg,1,HAM_0007538,mel
ISIC_0030818.jpg,1,HAM_0002838,mel
ISIC_0026360.jpg,1,HAM_0003990,mel
ISIC_0025996.jpg,1,HAM_0003990,mel
ISIC_0025219.jpg,1,HAM_0005588,mel
ISIC_0026458.jpg,1,HAM_0005588,mel
ISIC_0024951.jpg,1,HAM_0001531,mel
ISIC_0030106.jpg,1,HAM_0001531,mel
ISIC_0024702.jpg,1,HAM_0000903,mel
ISIC_0024972.jpg,1,HAM_0001284,mel
ISIC_0031779.jpg,1,HAM_0001284,mel
ISIC_0028442.jpg,1,HAM_0001328,mel
ISIC_0031745.jpg,1,HAM_0001671,mel
ISIC_0031586.jpg,1,HAM_0001671,mel
ISIC_0031972.jpg,1,HAM_0002182,mel
ISIC_0030539.jpg,1,HAM_0002182,mel
ISIC_0031977.jpg,1,HAM_0006828,mel
ISIC_0026296.jpg,1,HAM_0004265,mel
ISIC_0025018.jpg,1,HAM_0004265,mel
ISIC_0028519.jpg,1,HAM_0003212,mel
ISIC_0024767.jpg,1,HAM_0003212,mel
ISIC_0031517.jpg,1,HAM_0001202,mel
ISIC_0028022.jpg,1,HAM_0001202,mel
ISIC_0024967.jpg,1,HAM_0006975,mel
ISIC_0029370.jpg,1,HAM_0006433,mel
ISIC_0031958.jpg,1,HAM_0006433,mel
ISIC_0026369.jpg,1,HAM_0006522,mel
ISIC_0030521.jpg,1,HAM_0006522,mel
ISIC_0027487.jpg,1,HAM_0004483,mel
ISIC_0029212.jpg,1,HAM_0002955,mel
ISIC_0030089.jpg,1,HAM_0007620,mel
ISIC_0027616.jpg,1,HAM_0007620,mel
ISIC_0027261.jpg,1,HAM_0005084,mel
ISIC_0028505.jpg,1,HAM_0005084,mel
ISIC_0025153.jpg,1,HAM_0005381,mel
ISIC_0031598.jpg,1,HAM_0005381,mel
ISIC_0025363.jpg,1,HAM_0001796,mel
ISIC_0029473.jpg,1,HAM_0001796,mel
ISIC_0027651.jpg,1,HAM_0005742,mel
ISIC_0030014.jpg,1,HAM_0005742,mel
ISIC_0027238.jpg,1,HAM_0006152,mel
ISIC_0029571.jpg,1,HAM_0006152,mel
ISIC_0024675.jpg,1,HAM_0001600,mel
ISIC_0025891.jpg,1,HAM_0001600,mel
ISIC_0027693.jpg,1,HAM_0004980,mel
ISIC_0029017.jpg,1,HAM_0004980,mel
ISIC_0032220.jpg,1,HAM_0003521,mel
ISIC_0028127.jpg,1,HAM_0005911,mel
ISIC_0030165.jpg,1,HAM_0005911,mel
ISIC_0025927.jpg,1,HAM_0002557,mel
ISIC_0031189.jpg,1,HAM_0006214,mel
ISIC_0032190.jpg,1,HAM_0006214,mel
ISIC_0025783.jpg,1,HAM_0000417,mel
ISIC_0029241.jpg,1,HAM_0006092,mel
ISIC_0027352.jpg,1,HAM_0003683,mel
ISIC_0029558.jpg,1,HAM_0003683,mel
ISIC_0031890.jpg,1,HAM_0007420,mel
ISIC_0031545.jpg,1,HAM_0007229,mel
ISIC_0028219.jpg,1,HAM_0000233,mel
ISIC_0026314.jpg,1,HAM_0000233,mel
ISIC_0024875.jpg,1,HAM_0007617,mel
ISIC_0026950.jpg,1,HAM_0007617,mel
ISIC_0027033.jpg,1,HAM_0000059,mel
ISIC_0027822.jpg,1,HAM_0000059,mel
ISIC_0029242.jpg,1,HAM_0003449,mel
ISIC_0027263.jpg,1,HAM_0003449,mel
ISIC_0026247.jpg,1,HAM_0004676,mel
ISIC_0028467.jpg,1,HAM_0004676,mel
ISIC_0026158.jpg,1,HAM_0003448,mel
ISIC_0029216.jpg,1,HAM_0004153,mel
ISIC_0026489.jpg,1,HAM_0004153,mel
ISIC_0028878.jpg,1,HAM_0000062,mel
ISIC_0033312.jpg,1,HAM_0007117,mel
ISIC_0024400.jpg,1,HAM_0006751,mel
ISIC_0029884.jpg,1,HAM_0006635,mel
ISIC_0028900.jpg,1,HAM_0006635,mel
ISIC_0027387.jpg,1,HAM_0006896,mel
ISIC_0024911.jpg,1,HAM_0006896,mel
ISIC_0027659.jpg,1,HAM_0005642,mel
ISIC_0030223.jpg,1,HAM_0005642,mel
ISIC_0032182.jpg,1,HAM_0006651,mel
ISIC_0027721.jpg,1,HAM_0004364,mel
ISIC_0026697.jpg,1,HAM_0004364,mel
ISIC_0030760.jpg,1,HAM_0005624,mel
ISIC_0028565.jpg,1,HAM_0005624,mel
ISIC_0034006.jpg,1,HAM_0000709,mel
ISIC_0028087.jpg,1,HAM_0002981,mel
ISIC_0026664.jpg,1,HAM_0002981,mel
ISIC_0029660.jpg,1,HAM_0001703,mel
ISIC_0024496.jpg,1,HAM_0001703,mel
ISIC_0028415.jpg,1,HAM_0000796,mel
ISIC_0028041.jpg,1,HAM_0000796,mel
ISIC_0028696.jpg,1,HAM_0003330,mel
ISIC_0029343.jpg,1,HAM_0003330,mel
ISIC_0030552.jpg,1,HAM_0002897,mel
ISIC_0029726.jpg,1,HAM_0004102,mel
ISIC_0029513.jpg,1,HAM_0000645,mel
ISIC_0024853.jpg,1,HAM_0000645,mel
ISIC_0028916.jpg,1,HAM_0006208,mel
ISIC_0028029.jpg,1,HAM_0007243,mel
ISIC_0030824.jpg,1,HAM_0000330,mel
ISIC_0028325.jpg,1,HAM_0001729,mel
ISIC_0024537.jpg,1,HAM_0001729,mel
ISIC_0031310.jpg,1,HAM_0003497,mel
ISIC_0032408.jpg,1,HAM_0002115,mel
ISIC_0030440.jpg,1,HAM_0002509,mel
ISIC_0024732.jpg,1,HAM_0002509,mel
ISIC_0025489.jpg,1,HAM_0002770,mel
ISIC_0025265.jpg,1,HAM_0002770,mel
ISIC_0028489.jpg,1,HAM_0005785,mel
ISIC_0026236.jpg,1,HAM_0005785,mel
ISIC_0028317.jpg,1,HAM_0005752,mel
ISIC_0031013.jpg,1,HAM_0005752,mel
ISIC_0028969.jpg,1,HAM_0005328,mel
ISIC_0032441.jpg,1,HAM_0005328,mel
ISIC_0030324.jpg,1,HAM_0005095,mel
ISIC_0025394.jpg,1,HAM_0003376,mel
ISIC_0027260.jpg,1,HAM_0002391,mel
ISIC_0027604.jpg,1,HAM_0002391,mel
ISIC_0029434.jpg,1,HAM_0002391,mel
ISIC_0026963.jpg,1,HAM_0001741,mel
ISIC_0028211.jpg,1,HAM_0001741,mel
ISIC_0027300.jpg,1,HAM_0003350,mel
ISIC_0028512.jpg,1,HAM_0003350,mel
ISIC_0024310.jpg,1,HAM_0003350,mel
ISIC_0033496.jpg,1,HAM_0001734,mel
ISIC_0032927.jpg,1,HAM_0001734,mel
ISIC_0024865.jpg,1,HAM_0001734,mel
ISIC_0025324.jpg,1,HAM_0004121,mel
ISIC_0026996.jpg,1,HAM_0004121,mel
ISIC_0030681.jpg,1,HAM_0004397,mel
ISIC_0027327.jpg,1,HAM_0004397,mel
ISIC_0025589.jpg,1,HAM_0004397,mel
ISIC_0024756.jpg,1,HAM_0007272,mel
ISIC_0029562.jpg,1,HAM_0005719,mel
ISIC_0029453.jpg,1,HAM_0005719,mel
ISIC_0034071.jpg,1,HAM_0006435,mel
ISIC_0033573.jpg,1,HAM_0006435,mel
ISIC_0026086.jpg,1,HAM_0005403,mel
ISIC_0025035.jpg,1,HAM_0007073,mel
ISIC_0027776.jpg,1,HAM_0003622,mel
ISIC_0025835.jpg,1,HAM_0001456,mel
ISIC_0030828.jpg,1,HAM_0001456,mel
ISIC_0032847.jpg,1,HAM_0002004,mel
ISIC_0033654.jpg,1,HAM_0002004,mel
ISIC_0030575.jpg,1,HAM_0002032,mel
ISIC_0033931.jpg,1,HAM_0005490,mel
ISIC_0033268.jpg,1,HAM_0007163,mel
ISIC_0032750.jpg,1,HAM_0007163,mel
ISIC_0032888.jpg,1,HAM_0002939,mel
ISIC_0033968.jpg,1,HAM_0002939,mel
ISIC_0033333.jpg,1,HAM_0006445,mel
ISIC_0033717.jpg,1,HAM_0006445,mel
ISIC_0034120.jpg,1,HAM_0006445,mel
ISIC_0032532.jpg,1,HAM_0004405,mel
ISIC_0033500.jpg,1,HAM_0004405,mel
ISIC_0033834.jpg,1,HAM_0001412,mel
ISIC_0033678.jpg,1,HAM_0001412,mel
ISIC_0034046.jpg,1,HAM_0000179,mel
ISIC_0032550.jpg,1,HAM_0000179,mel
ISIC_0033700.jpg,1,HAM_0000179,mel
ISIC_0026188.jpg,1,HAM_0001409,mel
ISIC_0032604.jpg,1,HAM_0003083,mel
ISIC_0033428.jpg,1,HAM_0003083,mel
ISIC_0028746.jpg,1,HAM_0000878,mel
ISIC_0033975.jpg,1,HAM_0003983,mel
ISIC_0033278.jpg,1,HAM_0003983,mel
ISIC_0033679.jpg,1,HAM_0003983,mel
ISIC_0034141.jpg,1,HAM_0000483,mel
ISIC_0033643.jpg,1,HAM_0000483,mel
ISIC_0032629.jpg,1,HAM_0000483,mel
ISIC_0033152.jpg,1,HAM_0001135,mel
ISIC_0033636.jpg,1,HAM_0005500,mel
ISIC_0029909.jpg,1,HAM_0001266,mel
ISIC_0033432.jpg,1,HAM_0005893,mel
ISIC_0032833.jpg,1,HAM_0005893,mel
ISIC_0034236.jpg,1,HAM_0005893,mel
ISIC_0033027.jpg,1,HAM_0001174,mel
ISIC_0034118.jpg,1,HAM_0002824,mel
ISIC_0033476.jpg,1,HAM_0002824,mel
ISIC_0033047.jpg,1,HAM_0002824,mel
ISIC_0025987.jpg,1,HAM_0002824,mel
ISIC_0032017.jpg,1,HAM_0007368,mel
ISIC_0033946.jpg,1,HAM_0007343,mel
ISIC_0033369.jpg,1,HAM_0007343,mel
ISIC_0032447.jpg,1,HAM_0007343,mel
ISIC_0033655.jpg,1,HAM_0007343,mel
ISIC_0033831.jpg,1,HAM_0007343,mel
ISIC_0032583.jpg,1,HAM_0000006,mel
ISIC_0034162.jpg,1,HAM_0000006,mel
ISIC_0032187.jpg,1,HAM_0000006,mel
ISIC_0032976.jpg,1,HAM_0006330,mel
ISIC_0033274.jpg,1,HAM_0006330,mel
ISIC_0026745.jpg,1,HAM_0006330,mel
ISIC_0033034.jpg,1,HAM_0007032,mel
ISIC_0034294.jpg,1,HAM_0007032,mel
ISIC_0034202.jpg,1,HAM_0007032,mel
ISIC_0033416.jpg,1,HAM_0003386,mel
ISIC_0032662.jpg,1,HAM_0003386,mel
ISIC_0033452.jpg,1,HAM_0003386,mel
ISIC_0033074.jpg,1,HAM_0005368,mel
ISIC_0034087.jpg,1,HAM_0005368,mel
ISIC_0032722.jpg,1,HAM_0005368,mel
ISIC_0033204.jpg,1,HAM_0006886,mel
ISIC_0033953.jpg,1,HAM_0006886,mel
ISIC_0032823.jpg,1,HAM_0006886,mel
ISIC_0032733.jpg,1,HAM_0000321,mel
ISIC_0033183.jpg,1,HAM_0000321,mel
ISIC_0032564.jpg,1,HAM_0000321,mel
ISIC_0034140.jpg,1,HAM_0005636,mel
ISIC_0034256.jpg,1,HAM_0005636,mel
ISIC_0032984.jpg,1,HAM_0005636,mel
ISIC_0033362.jpg,1,HAM_0007234,mel
ISIC_0033947.jpg,1,HAM_0005545,mel
ISIC_0033881.jpg,1,HAM_0005545,mel
ISIC_0029363.jpg,1,HAM_0005400,mel
ISIC_0033820.jpg,1,HAM_0002086,mel
ISIC_0033814.jpg,1,HAM_0002086,mel
ISIC_0032875.jpg,1,HAM_0003625,mel
ISIC_0033802.jpg,1,HAM_0003625,mel
ISIC_0033429.jpg,1,HAM_0003625,mel
ISIC_0032685.jpg,1,HAM_0005608,mel
ISIC_0032903.jpg,1,HAM_0005608,mel
ISIC_0033323.jpg,1,HAM_0005608,mel
ISIC_0032637.jpg,1,HAM_0002956,mel
ISIC_0032993.jpg,1,HAM_0002956,mel
ISIC_0033804.jpg,1,HAM_0000611,mel
ISIC_0033801.jpg,1,HAM_0000611,mel
ISIC_0033216.jpg,1,HAM_0000611,mel
ISIC_0033154.jpg,1,HAM_0005336,mel
ISIC_0033192.jpg,1,HAM_0005336,mel
ISIC_0027100.jpg,1,HAM_0005352,mel
ISIC_0034222.jpg,1,HAM_0002235,mel
ISIC_0032569.jpg,1,HAM_0002235,mel
ISIC_0034064.jpg,1,HAM_0002235,mel
ISIC_0033902.jpg,1,HAM_0000048,mel
ISIC_0032774.jpg,1,HAM_0000048,mel
ISIC_0032840.jpg,1,HAM_0003679,mel
ISIC_0034313.jpg,1,HAM_0003679,mel
ISIC_0033570.jpg,1,HAM_0003679,mel
ISIC_0032602.jpg,1,HAM_0004811,mel
ISIC_0032724.jpg,1,HAM_0004811,mel
ISIC_0033129.jpg,1,HAM_0004811,mel
ISIC_0033180.jpg,1,HAM_0005010,mel
ISIC_0033962.jpg,1,HAM_0005010,mel
ISIC_0033603.jpg,1,HAM_0005010,mel
ISIC_0033325.jpg,1,HAM_0005777,mel
ISIC_0034208.jpg,1,HAM_0005777,mel
ISIC_0033068.jpg,1,HAM_0002671,mel
ISIC_0034218.jpg,1,HAM_0002671,mel
ISIC_0034263.jpg,1,HAM_0002671,mel
ISIC_0034262.jpg,1,HAM_0000097,mel
ISIC_0033103.jpg,1,HAM_0000097,mel
ISIC_0034106.jpg,1,HAM_0000097,mel
ISIC_0033725.jpg,1,HAM_0001928,mel
ISIC_0032537.jpg,1,HAM_0001928,mel
ISIC_0033287.jpg,1,HAM_0001928,mel
ISIC_0033286.jpg,1,HAM_0005758,mel
ISIC_0032586.jpg,1,HAM_0005758,mel
ISIC_0029632.jpg,1,HAM_0005535,mel
ISIC_0033485.jpg,1,HAM_0003556,mel
ISIC_0033175.jpg,1,HAM_0003556,mel
ISIC_0033886.jpg,1,HAM_0003556,mel
ISIC_0032892.jpg,1,HAM_0003354,mel
ISIC_0033942.jpg,1,HAM_0000322,mel
ISIC_0033473.jpg,1,HAM_0000322,mel
ISIC_0030564.jpg,1,HAM_0005613,mel
ISIC_0033337.jpg,1,HAM_0005581,mel
ISIC_0033594.jpg,1,HAM_0005581,mel
ISIC_0029209.jpg,1,HAM_0000319,mel
ISIC_0026976.jpg,1,HAM_0000358,mel
ISIC_0033275.jpg,1,HAM_0003280,mel
ISIC_0033938.jpg,1,HAM_0003280,mel
ISIC_0032841.jpg,1,HAM_0003280,mel
ISIC_0033819.jpg,1,HAM_0000388,mel
ISIC_0032544.jpg,1,HAM_0000388,mel
ISIC_0032844.jpg,1,HAM_0000388,mel
ISIC_0032921.jpg,1,HAM_0004927,mel
ISIC_0034117.jpg,1,HAM_0004927,mel
ISIC_0033415.jpg,1,HAM_0004927,mel
ISIC_0033240.jpg,1,HAM_0005303,mel
ISIC_0032782.jpg,1,HAM_0005303,mel
ISIC_0032522.jpg,1,HAM_0005303,mel
ISIC_0033595.jpg,1,HAM_0005280,mel
ISIC_0034059.jpg,1,HAM_0005280,mel
ISIC_0033063.jpg,1,HAM_0005280,mel
ISIC_0033174.jpg,1,HAM_0006321,mel
ISIC_0033239.jpg,1,HAM_0006321,mel
ISIC_0033985.jpg,1,HAM_0006321,mel
ISIC_0032726.jpg,1,HAM_0007180,mel
ISIC_0033272.jpg,1,HAM_0007180,mel
ISIC_0032718.jpg,1,HAM_0003202,mel
ISIC_0032736.jpg,1,HAM_0003202,mel
ISIC_0033317.jpg,1,HAM_0000662,mel
ISIC_0034269.jpg,1,HAM_0000662,mel
ISIC_0033956.jpg,1,HAM_0000662,mel
ISIC_0033241.jpg,1,HAM_0006545,mel
ISIC_0032598.jpg,1,HAM_0006545,mel
ISIC_0034289.jpg,1,HAM_0006545,mel
ISIC_0033980.jpg,1,HAM_0003602,mel
ISIC_0032533.jpg,1,HAM_0003602,mel
ISIC_0033986.jpg,1,HAM_0003602,mel
ISIC_0033004.jpg,1,HAM_0003602,mel
ISIC_0024900.jpg,1,HAM_0004593,mel
ISIC_0032072.jpg,1,HAM_0004593,mel
ISIC_0033578.jpg,1,HAM_0004571,mel
ISIC_0034100.jpg,1,HAM_0004571,mel
ISIC_0032940.jpg,1,HAM_0005628,mel
ISIC_0032511.jpg,1,HAM_0003620,mel
ISIC_0033687.jpg,1,HAM_0007117,mel
ISIC_0034085.jpg,1,HAM_0007117,mel
ISIC_0033299.jpg,1,HAM_0000107,mel
ISIC_0033479.jpg,1,HAM_0004321,mel
ISIC_0033522.jpg,1,HAM_0004321,mel
ISIC_0033911.jpg,1,HAM_0005711,mel
ISIC_0033779.jpg,1,HAM_0005711,mel
ISIC_0032638.jpg,1,HAM_0005711,mel
ISIC_0032603.jpg,1,HAM_0000064,mel
ISIC_0033871.jpg,1,HAM_0000064,mel
ISIC_0032955.jpg,1,HAM_0000064,mel
ISIC_0032812.jpg,1,HAM_0005748,mel
ISIC_0033619.jpg,1,HAM_0005748,mel
ISIC_0034065.jpg,1,HAM_0005748,mel
ISIC_0034132.jpg,1,HAM_0003466,mel
ISIC_0033038.jpg,1,HAM_0003466,mel
ISIC_0033630.jpg,1,HAM_0004984,mel
ISIC_0032879.jpg,1,HAM_0004984,mel
ISIC_0034012.jpg,1,HAM_0006011,mel
ISIC_0034150.jpg,1,HAM_0006011,mel
ISIC_0028082.jpg,1,HAM_0006037,mel
ISIC_0033209.jpg,1,HAM_0001465,mel
ISIC_0034074.jpg,1,HAM_0001465,mel
ISIC_0032699.jpg,1,HAM_0001465,mel
ISIC_0033848.jpg,1,HAM_0000002,mel
ISIC_0032622.jpg,1,HAM_0000002,mel
ISIC_0034246.jpg,1,HAM_0000002,mel
ISIC_0032915.jpg,1,HAM_0001524,mel
ISIC_0028460.jpg,1,HAM_0002099,mel
ISIC_0033883.jpg,1,HAM_0004949,mel
ISIC_0034145.jpg,1,HAM_0004949,mel
ISIC_0032981.jpg,1,HAM_0004949,mel
ISIC_0033470.jpg,1,HAM_0003421,mel
ISIC_0034094.jpg,1,HAM_0003421,mel
ISIC_0033560.jpg,1,HAM_0003421,mel
ISIC_0034061.jpg,1,HAM_0000553,mel
ISIC_0032716.jpg,1,HAM_0000553,mel
ISIC_0034159.jpg,1,HAM_0000553,mel
ISIC_0024482.jpg,1,HAM_0007054,mel
ISIC_0033477.jpg,1,HAM_0007021,mel
ISIC_0034092.jpg,1,HAM_0007021,mel
ISIC_0033863.jpg,1,HAM_0007086,mel
ISIC_0034180.jpg,1,HAM_0007086,mel
ISIC_0033267.jpg,1,HAM_0007086,mel
ISIC_0034005.jpg,1,HAM_0006763,mel
ISIC_0033872.jpg,1,HAM_0006101,mel
ISIC_0032617.jpg,1,HAM_0006101,mel
ISIC_0032965.jpg,1,HAM_0005483,mel
ISIC_0034242.jpg,1,HAM_0005483,mel
ISIC_0033117.jpg,1,HAM_0005483,mel
ISIC_0034104.jpg,1,HAM_0002993,mel
ISIC_0032547.jpg,1,HAM_0002993,mel
ISIC_0033644.jpg,1,HAM_0002993,mel
ISIC_0033806.jpg,1,HAM_0004881,mel
ISIC_0032913.jpg,1,HAM_0004881,mel
ISIC_0033651.jpg,1,HAM_0004998,mel
ISIC_0033304.jpg,1,HAM_0004998,mel
ISIC_0032806.jpg,1,HAM_0005970,mel
ISIC_0033624.jpg,1,HAM_0007574,mel
ISIC_0033238.jpg,1,HAM_0007574,mel
ISIC_0034089.jpg,1,HAM_0007574,mel
ISIC_0034048.jpg,1,HAM_0000042,mel
ISIC_0033905.jpg,1,HAM_0000042,mel
ISIC_0033981.jpg,1,HAM_0000042,mel
ISIC_0033336.jpg,1,HAM_0003506,mel
ISIC_0033405.jpg,1,HAM_0003506,mel
ISIC_0034188.jpg,1,HAM_0003506,mel
ISIC_0033269.jpg,1,HAM_0006189,mel
ISIC_0033569.jpg,1,HAM_0006566,mel
ISIC_0032535.jpg,1,HAM_0006566,mel
ISIC_0033042.jpg,1,HAM_0002149,mel
ISIC_0032081.jpg,1,HAM_0005078,mel
ISIC_0034034.jpg,1,HAM_0005141,mel
ISIC_0033217.jpg,1,HAM_0005141,mel
ISIC_0033728.jpg,1,HAM_0005256,mel
ISIC_0033901.jpg,1,HAM_0002342,mel
ISIC_0032917.jpg,1,HAM_0002342,mel
ISIC_0032925.jpg,1,HAM_0002342,mel
ISIC_0032797.jpg,1,HAM_0001863,mel
ISIC_0032596.jpg,1,HAM_0001863,mel
ISIC_0032856.jpg,1,HAM_0001863,mel
ISIC_0033193.jpg,1,HAM_0001863,mel
ISIC_0033125.jpg,1,HAM_0001863,mel
ISIC_0032810.jpg,1,HAM_0001863,mel
ISIC_0033324.jpg,1,HAM_0004304,mel
ISIC_0034316.jpg,1,HAM_0004304,mel
ISIC_0033710.jpg,1,HAM_0004304,mel
ISIC_0033469.jpg,1,HAM_0006437,mel
ISIC_0033663.jpg,1,HAM_0004240,mel
ISIC_0034284.jpg,1,HAM_0004240,mel
ISIC_0031709.jpg,1,HAM_0000282,mel
ISIC_0032517.jpg,1,HAM_0004240,mel
ISIC_0032684.jpg,1,HAM_0003566,mel
ISIC_0034052.jpg,1,HAM_0003566,mel
ISIC_0033171.jpg,1,HAM_0003566,mel
ISIC_0034022.jpg,1,HAM_0002732,mel
ISIC_0033017.jpg,1,HAM_0002732,mel
ISIC_0033874.jpg,1,HAM_0002732,mel
ISIC_0033754.jpg,1,HAM_0004687,mel
ISIC_0032938.jpg,1,HAM_0004687,mel
ISIC_0025531.jpg,1,HAM_0004767,mel
ISIC_0032610.jpg,1,HAM_0006802,mel
ISIC_0032958.jpg,1,HAM_0006824,mel
ISIC_0033538.jpg,1,HAM_0006824,mel
ISIC_0032836.jpg,1,HAM_0003073,mel
ISIC_0033444.jpg,1,HAM_0003073,mel
ISIC_0034183.jpg,1,HAM_0003073,mel
ISIC_0033426.jpg,1,HAM_0001143,mel
ISIC_0033546.jpg,1,HAM_0000055,mel
ISIC_0032869.jpg,1,HAM_0003495,mel
ISIC_0033524.jpg,1,HAM_0003495,mel
ISIC_0034101.jpg,1,HAM_0004853,mel
ISIC_0030333.jpg,1,HAM_0004853,mel
ISIC_0032695.jpg,1,HAM_0004853,mel
ISIC_0033310.jpg,1,HAM_0000119,mel
ISIC_0027306.jpg,1,HAM_0006097,mel
ISIC_0034253.jpg,1,HAM_0006097,mel
ISIC_0033120.jpg,1,HAM_0007558,mel
ISIC_0033081.jpg,1,HAM_0007583,mel
ISIC_0034211.jpg,1,HAM_0007558,mel
ISIC_0028410.jpg,1,HAM_0007558,mel
ISIC_0033545.jpg,1,HAM_0007558,mel
ISIC_0026430.jpg,1,HAM_0007570,mel
ISIC_0033141.jpg,1,HAM_0005274,mel
ISIC_0033261.jpg,1,HAM_0005274,mel
ISIC_0032766.jpg,1,HAM_0005274,mel
ISIC_0030031.jpg,1,HAM_0007102,mel
ISIC_0028655.jpg,1,HAM_0007102,mel
ISIC_0032531.jpg,1,HAM_0005409,mel
ISIC_0032970.jpg,1,HAM_0005409,mel
ISIC_0027402.jpg,1,HAM_0006556,mel
ISIC_0030391.jpg,1,HAM_0000337,mel
ISIC_0032845.jpg,1,HAM_0006376,mel
ISIC_0034036.jpg,1,HAM_0003843,mel
ISIC_0030238.jpg,1,HAM_0000375,mel
ISIC_0032968.jpg,1,HAM_0001272,mel
ISIC_0029265.jpg,1,HAM_0001272,mel
ISIC_0032462.jpg,1,HAM_0001274,mel
ISIC_0033704.jpg,1,HAM_0001280,mel
ISIC_0034239.jpg,1,HAM_0004578,mel
ISIC_0034287.jpg,1,HAM_0004578,mel
ISIC_0031479.jpg,1,HAM_0000274,mel
ISIC_0033166.jpg,1,HAM_0005249,mel
ISIC_0033320.jpg,1,HAM_0005249,mel
ISIC_0032526.jpg,1,HAM_0005249,mel
ISIC_0033813.jpg,1,HAM_0000423,mel
ISIC_0032624.jpg,1,HAM_0004129,mel
ISIC_0033977.jpg,1,HAM_0004129,mel
ISIC_0034002.jpg,1,HAM_0004129,mel
ISIC_0033387.jpg,1,HAM_0001105,mel
ISIC_0025592.jpg,1,HAM_0001105,mel
ISIC_0032552.jpg,1,HAM_0001105,mel
ISIC_0033279.jpg,1,HAM_0006802,mel
ISIC_0032887.jpg,1,HAM_0006802,mel
ISIC_0034205.jpg,1,HAM_0007583,mel
ISIC_0033612.jpg,1,HAM_0007583,mel
ISIC_0034049.jpg,1,HAM_0007589,mel
ISIC_0033300.jpg,1,HAM_0003700,mel
ISIC_0033616.jpg,1,HAM_0003700,mel
ISIC_0029606.jpg,1,HAM_0003700,mel
ISIC_0033099.jpg,1,HAM_0003700,mel
ISIC_0032723.jpg,1,HAM_0005992,mel
ISIC_0032751.jpg,1,HAM_0005992,mel
ISIC_0032597.jpg,1,HAM_0005992,mel
ISIC_0032982.jpg,1,HAM_0002841,mel
ISIC_0033196.jpg,1,HAM_0002841,mel
ISIC_0032653.jpg,1,HAM_0002841,mel
ISIC_0032730.jpg,1,HAM_0004284,mel
ISIC_0032709.jpg,1,HAM_0004284,mel
ISIC_0033206.jpg,1,HAM_0004284,mel
ISIC_0033518.jpg,1,HAM_0002952,mel
ISIC_0033843.jpg,1,HAM_0002952,mel
ISIC_0033344.jpg,1,HAM_0006540,mel
ISIC_0032988.jpg,1,HAM_0006540,mel
ISIC_0033812.jpg,1,HAM_0004859,mel
ISIC_0033653.jpg,1,HAM_0004859,mel
ISIC_0032698.jpg,1,HAM_0001686,mel
ISIC_0033611.jpg,1,HAM_0000799,mel
ISIC_0033586.jpg,1,HAM_0000799,mel
ISIC_0033226.jpg,1,HAM_0000799,mel
ISIC_0033198.jpg,1,HAM_0004754,mel
ISIC_0032790.jpg,1,HAM_0004754,mel
ISIC_0033245.jpg,1,HAM_0004754,mel
ISIC_0033029.jpg,1,HAM_0004302,mel
ISIC_0030883.jpg,1,HAM_0004326,mel
ISIC_0028582.jpg,1,HAM_0004302,mel
ISIC_0033670.jpg,1,HAM_0003225,mel
ISIC_0029740.jpg,1,HAM_0003225,mel
ISIC_0033593.jpg,1,HAM_0003225,mel
ISIC_0032509.jpg,1,HAM_0003335,mel
ISIC_0034068.jpg,1,HAM_0003335,mel
ISIC_0033392.jpg,1,HAM_0003174,mel
ISIC_0032873.jpg,1,HAM_0003174,mel
ISIC_0034107.jpg,1,HAM_0005809,mel
ISIC_0033368.jpg,1,HAM_0005809,mel
ISIC_0032630.jpg,1,HAM_0003759,mel
ISIC_0033399.jpg,1,HAM_0003759,mel
ISIC_0032656.jpg,1,HAM_0006923,mel
ISIC_0032592.jpg,1,HAM_0006923,mel
ISIC_0033024.jpg,1,HAM_0006184,mel
ISIC_0034134.jpg,1,HAM_0006184,mel
ISIC_0033878.jpg,1,HAM_0003351,mel
ISIC_0032687.jpg,1,HAM_0001344,mel
ISIC_0033055.jpg,1,HAM_0001344,mel
ISIC_0033559.jpg,1,HAM_0006426,mel
ISIC_0032922.jpg,1,HAM_0006426,mel
ISIC_0032672.jpg,1,HAM_0006517,mel
ISIC_0034076.jpg,1,HAM_0006517,mel
ISIC_0033520.jpg,1,HAM_0006462,mel
ISIC_0034028.jpg,1,HAM_0006462,mel
ISIC_0033487.jpg,1,HAM_0005673,mel
ISIC_0033607.jpg,1,HAM_0005627,mel
ISIC_0033568.jpg,1,HAM_0005627,mel
ISIC_0034051.jpg,1,HAM_0004056,mel
ISIC_0033377.jpg,1,HAM_0004056,mel
ISIC_0033957.jpg,1,HAM_0002617,mel
ISIC_0034172.jpg,1,HAM_0002617,mel
ISIC_0033393.jpg,1,HAM_0002617,mel
ISIC_0033534.jpg,1,HAM_0005953,mel
ISIC_0032626.jpg,1,HAM_0005953,mel
ISIC_0034062.jpg,1,HAM_0004914,mel
ISIC_0034170.jpg,1,HAM_0004914,mel
ISIC_0033061.jpg,1,HAM_0001506,mel
ISIC_0033967.jpg,1,HAM_0001506,mel
ISIC_0033051.jpg,1,HAM_0001506,mel
ISIC_0033050.jpg,1,HAM_0003439,mel
ISIC_0033526.jpg,1,HAM_0003439,mel
ISIC_0032862.jpg,1,HAM_0000176,mel
ISIC_0033073.jpg,1,HAM_0000176,mel
ISIC_0033696.jpg,1,HAM_0000176,mel
ISIC_0027149.jpg,1,HAM_0007592,mel
ISIC_0033995.jpg,1,HAM_0005673,mel
ISIC_0027234.jpg,1,HAM_0005681,mel
ISIC_0033668.jpg,1,HAM_0000706,mel
ISIC_0032690.jpg,1,HAM_0000706,mel
ISIC_0032918.jpg,1,HAM_0000706,mel
ISIC_0028520.jpg,1,HAM_0001793,mel
ISIC_0034000.jpg,1,HAM_0001793,mel
ISIC_0032807.jpg,1,HAM_0002488,mel
ISIC_0032645.jpg,1,HAM_0002488,mel
ISIC_0033498.jpg,1,HAM_0002051,mel
ISIC_0031784.jpg,1,HAM_0002051,mel
ISIC_0034275.jpg,1,HAM_0000392,mel
ISIC_0033440.jpg,1,HAM_0000392,mel
ISIC_0033807.jpg,1,HAM_0001974,mel
ISIC_0033533.jpg,1,HAM_0001974,mel
ISIC_0034173.jpg,1,HAM_0005021,mel
ISIC_0033454.jpg,1,HAM_0005021,mel
ISIC_0033893.jpg,1,HAM_0001280,mel
ISIC_0028225.jpg,1,HAM_0001349,mel
ISIC_0032960.jpg,1,HAM_0000169,mel
ISIC_0033708.jpg,1,HAM_0000169,mel
ISIC_0034317.jpg,1,HAM_0006376,mel
ISIC_0031741.jpg,1,HAM_0006400,mel
ISIC_0033662.jpg,1,HAM_0006376,mel
ISIC_0033037.jpg,1,HAM_0004109,mel
ISIC_0033773.jpg,1,HAM_0004109,mel
ISIC_0033752.jpg,1,HAM_0000079,mel
ISIC_0033424.jpg,1,HAM_0000079,mel
ISIC_0034216.jpg,1,HAM_0003843,mel
ISIC_0032152.jpg,1,HAM_0003869,mel
ISIC_0033730.jpg,1,HAM_0001647,mel
ISIC_0032975.jpg,1,HAM_0001647,mel
ISIC_0034243.jpg,1,HAM_0002723,mel
ISIC_0034050.jpg,1,HAM_0002723,mel
ISIC_0033114.jpg,1,HAM_0000709,mel
ISIC_0032559.jpg,1,HAM_0000709,mel
ISIC_0030150.jpg,1,HAM_0005124,mel
ISIC_0033394.jpg,1,HAM_0004844,mel
ISIC_0034233.jpg,1,HAM_0004844,mel
ISIC_0033122.jpg,1,HAM_0004620,mel
ISIC_0033713.jpg,1,HAM_0004620,mel
ISIC_0026081.jpg,1,HAM_0000337,mel
ISIC_0033638.jpg,1,HAM_0005040,mel
ISIC_0033805.jpg,1,HAM_0005040,mel
ISIC_0033302.jpg,1,HAM_0005040,mel
ISIC_0033925.jpg,1,HAM_0000206,mel
ISIC_0033431.jpg,1,HAM_0000206,mel
ISIC_0033089.jpg,1,HAM_0000880,mel
ISIC_0033562.jpg,1,HAM_0000880,mel
ISIC_0031233.jpg,1,HAM_0000375,mel
ISIC_0033885.jpg,1,HAM_0005737,mel
ISIC_0027204.jpg,1,HAM_0001532,mel
ISIC_0032987.jpg,1,HAM_0001155,mel
ISIC_0032872.jpg,1,HAM_0001570,mel
ISIC_0033178.jpg,1,HAM_0001570,mel
ISIC_0033023.jpg,1,HAM_0004011,mel
ISIC_0031186.jpg,1,HAM_0000988,mel
ISIC_0033258.jpg,1,HAM_0004011,mel
ISIC_0032870.jpg,1,HAM_0007245,mel
ISIC_0033999.jpg,1,HAM_0002377,mel
ISIC_0033856.jpg,1,HAM_0002377,mel
ISIC_0024929.jpg,1,HAM_0001753,mel
ISIC_0028148.jpg,1,HAM_0003176,mel
ISIC_0027069.jpg,1,HAM_0005926,mel
ISIC_0029502.jpg,1,HAM_0003617,mel
ISIC_0024459.jpg,1,HAM_0005846,mel
ISIC_0029933.jpg,1,HAM_0007305,mel
ISIC_0031208.jpg,1,HAM_0001299,mel
ISIC_0026545.jpg,1,HAM_0001299,mel
ISIC_0026268.jpg,1,HAM_0001428,mel
ISIC_0027282.jpg,1,HAM_0006017,mel
ISIC_0029092.jpg,1,HAM_0004427,mel
ISIC_0025708.jpg,1,HAM_0006593,mel
ISIC_0024806.jpg,1,HAM_0000373,mel
ISIC_0032424.jpg,1,HAM_0001819,mel
ISIC_0028584.jpg,1,HAM_0001819,mel
ISIC_0027838.jpg,1,HAM_0007016,mel
ISIC_0031554.jpg,1,HAM_0000433,mel
ISIC_0025472.jpg,1,HAM_0000433,mel
ISIC_0028173.jpg,1,HAM_0005927,mel
ISIC_0025520.jpg,1,HAM_0005600,mel
ISIC_0032466.jpg,1,HAM_0005061,mel
ISIC_0028465.jpg,1,HAM_0002491,mel
ISIC_0026770.jpg,1,HAM_0002491,mel
ISIC_0028463.jpg,1,HAM_0002186,mel
ISIC_0024640.jpg,1,HAM_0005467,mel
ISIC_0024962.jpg,1,HAM_0004779,mel
ISIC_0024823.jpg,1,HAM_0004779,mel
ISIC_0029914.jpg,1,HAM_0006626,mel
ISIC_0026089.jpg,1,HAM_0002196,mel
ISIC_0024930.jpg,1,HAM_0002196,mel
ISIC_0024449.jpg,1,HAM_0001950,mel
ISIC_0032110.jpg,1,HAM_0002834,mel
ISIC_0026500.jpg,1,HAM_0002834,mel
ISIC_0025512.jpg,1,HAM_0001986,mel
ISIC_0024999.jpg,1,HAM_0001986,mel
ISIC_0027622.jpg,1,HAM_0006467,mel
ISIC_0026352.jpg,1,HAM_0001444,mel
ISIC_0024688.jpg,1,HAM_0001444,mel
ISIC_0024552.jpg,1,HAM_0000653,mel
ISIC_0026438.jpg,1,HAM_0004850,mel
ISIC_0028126.jpg,1,HAM_0004850,mel
ISIC_0027669.jpg,1,HAM_0002711,mel
ISIC_0031795.jpg,1,HAM_0002711,mel
ISIC_0031408.jpg,1,HAM_0000201,mel
ISIC_0025313.jpg,1,HAM_0001378,mel
ISIC_0028198.jpg,1,HAM_0005064,mel
ISIC_0027144.jpg,1,HAM_0005064,mel
ISIC_0025085.jpg,1,HAM_0000888,mel
ISIC_0031034.jpg,1,HAM_0000888,mel
ISIC_0025097.jpg,1,HAM_0000775,mel
ISIC_0031666.jpg,1,HAM_0000775,mel
ISIC_0029819.jpg,1,HAM_0007586,mel
ISIC_0026167.jpg,1,HAM_0003400,mel
ISIC_0028984.jpg,1,HAM_0003400,mel
ISIC_0032197.jpg,1,HAM_0003400,mel
ISIC_0025524.jpg,1,HAM_0004642,mel
ISIC_0025963.jpg,1,HAM_0004642,mel
ISIC_0025121.jpg,1,HAM_0004642,mel
ISIC_0032134.jpg,1,HAM_0002430,mel
ISIC_0028114.jpg,1,HAM_0002430,mel
ISIC_0027673.jpg,1,HAM_0002430,mel
ISIC_0024701.jpg,1,HAM_0000917,mel
ISIC_0030390.jpg,1,HAM_0000917,mel
ISIC_0030756.jpg,1,HAM_0003176,mel
ISIC_0027561.jpg,1,HAM_0004565,mel
ISIC_0025439.jpg,1,HAM_0001214,mel
ISIC_0030187.jpg,1,HAM_0002622,mel
ISIC_0030970.jpg,1,HAM_0003497,mel
ISIC_0030754.jpg,1,HAM_0007502,mel
ISIC_0030034.jpg,1,HAM_0006207,mel
ISIC_0029397.jpg,1,HAM_0006538,mel
ISIC_0025316.jpg,1,HAM_0003761,mel
ISIC_0029316.jpg,1,HAM_0006978,mel
ISIC_0027552.jpg,1,HAM_0007091,mel
ISIC_0026954.jpg,1,HAM_0003194,mel
ISIC_0028760.jpg,1,HAM_0006088,mel
ISIC_0027620.jpg,1,HAM_0002534,mel
ISIC_0028965.jpg,1,HAM_0004281,mel
ISIC_0030356.jpg,1,HAM_0005481,mel
ISIC_0027407.jpg,1,HAM_0000373,mel
ISIC_0024700.jpg,1,HAM_0001726,mel
ISIC_0027793.jpg,1,HAM_0006870,mel
ISIC_0026989.jpg,1,HAM_0003558,mel
ISIC_0030192.jpg,1,HAM_0006453,mel
ISIC_0029859.jpg,1,HAM_0000492,mel
ISIC_0028003.jpg,1,HAM_0003484,mel
ISIC_0026506.jpg,1,HAM_0000871,mel
ISIC_0025145.jpg,1,HAM_0002477,mel
ISIC_0029013.jpg,1,HAM_0003522,mel
ISIC_0031077.jpg,1,HAM_0005826,mel
ISIC_0031999.jpg,1,HAM_0003531,mel
ISIC_0030366.jpg,1,HAM_0002764,mel
ISIC_0032245.jpg,1,HAM_0004979,mel
ISIC_0028481.jpg,1,HAM_0000396,mel
ISIC_0029172.jpg,1,HAM_0000396,mel
ISIC_0031386.jpg,1,HAM_0000417,mel
ISIC_0031565.jpg,1,HAM_0000442,mel
ISIC_0027302.jpg,1,HAM_0006497,mel
ISIC_0029056.jpg,1,HAM_0004878,mel
ISIC_0028548.jpg,1,HAM_0000133,mel
ISIC_0030512.jpg,1,HAM_0006833,mel
ISIC_0031718.jpg,1,HAM_0000863,mel
ISIC_0029591.jpg,1,HAM_0005121,mel
ISIC_0030932.jpg,1,HAM_0000241,mel
ISIC_0028899.jpg,1,HAM_0000863,mel
ISIC_0032036.jpg,1,HAM_0004637,mel
ISIC_0024644.jpg,1,HAM_0004171,mel
ISIC_0031543.jpg,1,HAM_0007188,mel
ISIC_0027065.jpg,1,HAM_0005533,mel
ISIC_0028228.jpg,1,HAM_0003608,mel
ISIC_0030107.jpg,1,HAM_0004888,mel
ISIC_0028537.jpg,1,HAM_0000856,mel
ISIC_0025238.jpg,1,HAM_0004817,mel
ISIC_0029698.jpg,1,HAM_0005425,mel
ISIC_0029937.jpg,1,HAM_0000766,mel
ISIC_0027171.jpg,1,HAM_0002696,mel
ISIC_0026207.jpg,1,HAM_0002696,mel
ISIC_0028543.jpg,1,HAM_0004669,mel
ISIC_0025651.jpg,1,HAM_0000075,mel
ISIC_0027900.jpg,1,HAM_0000563,mel
ISIC_0030360.jpg,1,HAM_0000220,mel
ISIC_0029843.jpg,1,HAM_0006257,mel
ISIC_0028718.jpg,1,HAM_0006380,mel
ISIC_0025748.jpg,1,HAM_0002752,mel
ISIC_0027130.jpg,1,HAM_0004654,mel
ISIC_0029454.jpg,1,HAM_0007019,mel
ISIC_0028051.jpg,1,HAM_0006636,mel
ISIC_0026094.jpg,1,HAM_0006696,mel
ISIC_0024571.jpg,1,HAM_0006699,mel
ISIC_0027155.jpg,1,HAM_0000282,mel
ISIC_0027328.jpg,1,HAM_0004651,mel
ISIC_0030501.jpg,1,HAM_0000887,mel
ISIC_0024546.jpg,1,HAM_0000952,mel
ISIC_0024525.jpg,1,HAM_0005540,mel
ISIC_0030382.jpg,1,HAM_0005640,mel
ISIC_0028017.jpg,1,HAM_0000910,mel
ISIC_0029033.jpg,1,HAM_0002719,mel
ISIC_0029146.jpg,1,HAM_0002079,mel
ISIC_0028288.jpg,1,HAM_0004709,mel
ISIC_0026009.jpg,1,HAM_0000952,mel
ISIC_0029089.jpg,1,HAM_0000624,mel
ISIC_0027030.jpg,1,HAM_0004254,mel
ISIC_0030689.jpg,1,HAM_0000952,mel
ISIC_0024516.jpg,1,HAM_0002523,mel
ISIC_0032420.jpg,1,HAM_0003055,mel
ISIC_0025248.jpg,1,HAM_0006196,mel
ISIC_0026266.jpg,1,HAM_0002436,mel
ISIC_0028418.jpg,1,HAM_0007114,mel
ISIC_0025268.jpg,1,HAM_0003749,mel
ISIC_0029744.jpg,1,HAM_0003782,mel
ISIC_0025800.jpg,1,HAM_0004021,mel
ISIC_0032425.jpg,1,HAM_0001349,mel
ISIC_0027442.jpg,1,HAM_0002375,mel
ISIC_0024940.jpg,1,HAM_0002375,mel
ISIC_0024351.jpg,1,HAM_0001349,mel
ISIC_0030110.jpg,1,HAM_0001655,mel
ISIC_0025132.jpg,1,HAM_0000247,mel
ISIC_0031494.jpg,1,HAM_0007238,mel
ISIC_0028306.jpg,1,HAM_0007238,mel
ISIC_0026916.jpg,1,HAM_0000320,mel
ISIC_0027863.jpg,1,HAM_0000320,mel
ISIC_0027702.jpg,1,HAM_0006004,mel
ISIC_0028847.jpg,1,HAM_0006006,mel
ISIC_0024961.jpg,1,HAM_0006006,mel
ISIC_0029319.jpg,1,HAM_0005315,mel
ISIC_0032219.jpg,1,HAM_0005315,mel
ISIC_0025127.jpg,1,HAM_0002436,mel
ISIC_0029318.jpg,1,HAM_0002609,mel
ISIC_0032070.jpg,1,HAM_0002609,mel
ISIC_0026796.jpg,1,HAM_0001397,mel
ISIC_0026811.jpg,1,HAM_0002525,mel
ISIC_0029839.jpg,1,HAM_0002113,mel
ISIC_0030747.jpg,1,HAM_0006380,mel
ISIC_0026604.jpg,1,HAM_0002906,mel
ISIC_0028777.jpg,1,HAM_0000125,mel
ISIC_0026877.jpg,1,HAM_0004354,mel
ISIC_0027964.jpg,1,HAM_0000125,mel
ISIC_0030784.jpg,1,HAM_0005078,mel
ISIC_0031146.jpg,1,HAM_0005006,mel
ISIC_0025755.jpg,1,HAM_0003095,mel
ISIC_0029157.jpg,1,HAM_0007488,mel
ISIC_0024952.jpg,1,HAM_0007488,mel
ISIC_0025546.jpg,1,HAM_0007498,mel
ISIC_0031239.jpg,1,HAM_0000767,mel
ISIC_0026868.jpg,1,HAM_0005251,mel
ISIC_0027742.jpg,1,HAM_0005203,mel
ISIC_0027105.jpg,1,HAM_0005747,mel
ISIC_0027502.jpg,1,HAM_0005747,mel
ISIC_0031529.jpg,1,HAM_0001657,mel
ISIC_0027420.jpg,1,HAM_0001551,mel
ISIC_0030843.jpg,1,HAM_0001069,mel
ISIC_0028898.jpg,1,HAM_0001069,mel
ISIC_0027071.jpg,1,HAM_0001596,mel
ISIC_0029780.jpg,1,HAM_0001596,mel
ISIC_0030616.jpg,1,HAM_0005623,mel
ISIC_0025391.jpg,1,HAM_0005535,mel
ISIC_0025413.jpg,1,HAM_0007054,mel
ISIC_0032192.jpg,1,HAM_0007070,mel
ISIC_0024323.jpg,1,HAM_0002493,mel
ISIC_0027436.jpg,1,HAM_0002493,mel
ISIC_0032372.jpg,1,HAM_0000125,mel
ISIC_0026694.jpg,1,HAM_0002869,mel
ISIC_0024313.jpg,1,HAM_0002869,mel
ISIC_0031915.jpg,1,HAM_0000136,mel
ISIC_0028929.jpg,1,HAM_0000588,mel
ISIC_0026746.jpg,1,HAM_0000588,mel
ISIC_0026774.jpg,1,HAM_0007242,mel
ISIC_0030047.jpg,1,HAM_0007242,mel
ISIC_0030910.jpg,1,HAM_0001598,mel
ISIC_0029238.jpg,1,HAM_0001598,mel
ISIC_0028685.jpg,1,HAM_0006423,mel
ISIC_0027663.jpg,1,HAM_0006355,mel
ISIC_0028065.jpg,1,HAM_0000136,mel
ISIC_0026571.jpg,1,HAM_0006037,mel
ISIC_0031670.jpg,1,HAM_0006130,mel
ISIC_0031339.jpg,1,HAM_0001744,mel
ISIC_0027021.jpg,1,HAM_0006940,mel
ISIC_0032430.jpg,1,HAM_0006942,mel
ISIC_0027573.jpg,1,HAM_0006942,mel
ISIC_0026847.jpg,1,HAM_0002099,mel
ISIC_0027517.jpg,1,HAM_0002906,mel
ISIC_0026229.jpg,1,HAM_0003445,mel
ISIC_0029958.jpg,1,HAM_0004507,mel
ISIC_0032476.jpg,1,HAM_0001744,mel
ISIC_0031170.jpg,1,HAM_0003428,mel
ISIC_0030423.jpg,1,HAM_0005121,mel
ISIC_0024652.jpg,1,HAM_0003428,mel
ISIC_0029353.jpg,1,HAM_0001744,mel
ISIC_0032504.jpg,1,HAM_0001791,mel
ISIC_0027956.jpg,1,HAM_0001791,mel
ISIC_0029170.jpg,1,HAM_0001814,mel
ISIC_0029995.jpg,1,HAM_0001835,mel
ISIC_0031908.jpg,1,HAM_0002772,mel
ISIC_0026897.jpg,1,HAM_0002772,mel
ISIC_0030653.jpg,1,HAM_0003957,mel
ISIC_0026586.jpg,1,HAM_0001976,mel
ISIC_0027101.jpg,1,HAM_0001835,mel
ISIC_0025732.jpg,1,HAM_0001976,mel
ISIC_0030950.jpg,1,HAM_0006160,mel
ISIC_0025195.jpg,1,HAM_0006594,mel
ISIC_0026652.jpg,1,HAM_0001835,mel
ISIC_0029885.jpg,1,HAM_0000856,mel
ISIC_0025409.jpg,1,HAM_0001877,mel
ISIC_0028709.jpg,1,HAM_0002197,mel
ISIC_0025814.jpg,1,HAM_0002194,mel
ISIC_0026853.jpg,1,HAM_0002194,mel
ISIC_0031550.jpg,1,HAM_0002693,mel
ISIC_0028227.jpg,1,HAM_0006877,mel
ISIC_0027163.jpg,1,HAM_0006964,mel
ISIC_0029642.jpg,1,HAM_0006964,mel
ISIC_0029893.jpg,1,HAM_0006699,mel
ISIC_0031417.jpg,1,HAM_0006380,mel
ISIC_0024647.jpg,1,HAM_0006764,mel
ISIC_0028567.jpg,1,HAM_0001814,mel
ISIC_0028103.jpg,1,HAM_0002338,mel
ISIC_0030695.jpg,1,HAM_0004164,mel
ISIC_0024554.jpg,1,HAM_0004507,mel
ISIC_0031203.jpg,1,HAM_0004164,mel
ISIC_0030183.jpg,1,HAM_0005532,mel
ISIC_0024679.jpg,1,HAM_0000593,mel
ISIC_0026690.jpg,1,HAM_0000619,mel
ISIC_0031401.jpg,1,HAM_0000593,mel
ISIC_0027089.jpg,1,HAM_0002800,mel
ISIC_0026239.jpg,1,HAM_0002800,mel
ISIC_0030255.jpg,1,HAM_0002817,mel
ISIC_0029495.jpg,1,HAM_0002817,mel
ISIC_0032269.jpg,1,HAM_0003256,mel
ISIC_0031350.jpg,1,HAM_0003435,mel
ISIC_0025832.jpg,1,HAM_0003172,mel
ISIC_0026105.jpg,1,HAM_0003172,mel
ISIC_0029574.jpg,1,HAM_0005986,mel
ISIC_0027179.jpg,1,HAM_0006061,mel
ISIC_0026930.jpg,1,HAM_0002970,mel
ISIC_0030246.jpg,1,HAM_0003149,mel
ISIC_0027350.jpg,1,HAM_0002970,mel
ISIC_0028218.jpg,1,HAM_0003256,mel
ISIC_0024805.jpg,1,HAM_0005724,mel
ISIC_0030032.jpg,1,HAM_0005724,mel
ISIC_0025543.jpg,1,HAM_0005735,mel
ISIC_0026870.jpg,1,HAM_0003587,mel
ISIC_0026738.jpg,1,HAM_0006137,mel
ISIC_0026131.jpg,1,HAM_0006171,mel
ISIC_0025663.jpg,1,HAM_0006171,mel
ISIC_0025105.jpg,1,HAM_0006955,mel
ISIC_0028860.jpg,1,HAM_0006779,mel
ISIC_0031561.jpg,1,HAM_0006744,mel
ISIC_0025766.jpg,1,HAM_0003869,mel
ISIC_0031410.jpg,1,HAM_0003782,mel
ISIC_0027560.jpg,1,HAM_0003885,mel
ISIC_0025573.jpg,1,HAM_0004936,mel
ISIC_0029705.jpg,1,HAM_0004936,mel
ISIC_0032207.jpg,1,HAM_0000513,mel
ISIC_0032149.jpg,1,HAM_0001964,mel
ISIC_0024733.jpg,1,HAM_0001964,mel
ISIC_0032433.jpg,1,HAM_0005504,mel
ISIC_0027480.jpg,1,HAM_0005504,mel
ISIC_0031931.jpg,1,HAM_0005692,mel
ISIC_0026558.jpg,1,HAM_0004709,mel
ISIC_0027590.jpg,1,HAM_0006764,mel
ISIC_0030083.jpg,1,HAM_0005746,mel
ISIC_0030002.jpg,1,HAM_0005746,mel
ISIC_0029271.jpg,1,HAM_0005783,mel
ISIC_0028033.jpg,1,HAM_0005789,mel
ISIC_0032204.jpg,1,HAM_0005789,mel
ISIC_0032095.jpg,1,HAM_0005789,mel
ISIC_0028773.jpg,1,HAM_0004354,mel
ISIC_0031821.jpg,1,HAM_0003957,mel
ISIC_0030795.jpg,1,HAM_0003601,mel
ISIC_0027507.jpg,1,HAM_0003601,mel
ISIC_0026802.jpg,1,HAM_0004878,mel
ISIC_0028026.jpg,1,HAM_0007522,mel
ISIC_0027904.jpg,1,HAM_0007522,mel
ISIC_0024630.jpg,1,HAM_0007511,mel
ISIC_0024333.jpg,1,HAM_0007511,mel
ISIC_0024932.jpg,1,HAM_0004898,mel
ISIC_0029480.jpg,1,HAM_0004898,mel
ISIC_0032232.jpg,1,HAM_0004878,mel
ISIC_0031005.jpg,1,HAM_0000517,mel
ISIC_0028220.jpg,1,HAM_0004559,mel
ISIC_0030507.jpg,1,HAM_0000517,mel
ISIC_0028666.jpg,1,HAM_0004622,mel
ISIC_0026735.jpg,1,HAM_0007293,mel
ISIC_0028352.jpg,1,HAM_0006423,mel
ISIC_0029094.jpg,1,HAM_0006527,mel
ISIC_0025128.jpg,1,HAM_0006899,mel
ISIC_0026045.jpg,1,HAM_0005909,mel
ISIC_0028508.jpg,1,HAM_0001607,mel
ISIC_0031498.jpg,1,HAM_0001953,mel
ISIC_0028897.jpg,1,HAM_0002109,mel
ISIC_0028156.jpg,1,HAM_0007498,mel
ISIC_0024918.jpg,1,HAM_0007530,mel
ISIC_0032287.jpg,1,HAM_0006223,mel
ISIC_0025791.jpg,1,HAM_0006223,mel
ISIC_0030901.jpg,1,HAM_0002131,mel
ISIC_0030995.jpg,1,HAM_0002131,mel
ISIC_0031368.jpg,1,HAM_0002576,mel
ISIC_0031900.jpg,1,HAM_0001113,mel
ISIC_0026516.jpg,1,HAM_0003520,mel
ISIC_0025724.jpg,1,HAM_0003520,mel
ISIC_0029570.jpg,1,HAM_0002130,mel
ISIC_0025550.jpg,1,HAM_0006899,mel
ISIC_0025414.jpg,1,HAM_0002576,mel
ISIC_0026475.jpg,1,HAM_0006965,mel
ISIC_0024410.jpg,1,HAM_0007530,mel
ISIC_0028930.jpg,1,HAM_0002591,mel
ISIC_0031389.jpg,1,HAM_0002591,mel
ISIC_0030925.jpg,1,HAM_0002613,mel
ISIC_0030122.jpg,1,HAM_0003171,mel
ISIC_0024864.jpg,1,HAM_0003167,mel
ISIC_0031778.jpg,1,HAM_0003509,mel
ISIC_0031377.jpg,1,HAM_0000022,mel
ISIC_0027126.jpg,1,HAM_0004053,mel
ISIC_0030604.jpg,1,HAM_0002613,mel
ISIC_0024958.jpg,1,HAM_0002613,mel
ISIC_0031025.jpg,1,HAM_0002911,mel
ISIC_0030951.jpg,1,HAM_0000590,mel
ISIC_0031957.jpg,1,HAM_0004081,mel
ISIC_0031303.jpg,1,HAM_0004547,mel
ISIC_0027067.jpg,1,HAM_0004053,mel
ISIC_0031087.jpg,1,HAM_0004596,mel
ISIC_0027187.jpg,1,HAM_0004596,mel
ISIC_0028285.jpg,1,HAM_0004767,mel
ISIC_0026258.jpg,1,HAM_0000534,mel
ISIC_0025235.jpg,1,HAM_0000534,mel
ISIC_0028915.jpg,1,HAM_0006832,mel
ISIC_0029652.jpg,1,HAM_0006832,mel
ISIC_0031295.jpg,1,HAM_0006832,mel
ISIC_0026647.jpg,1,HAM_0001095,mel
ISIC_0025317.jpg,1,HAM_0004428,mel
ISIC_0026420.jpg,1,HAM_0004428,mel
ISIC_0028764.jpg,1,HAM_0004746,mel
ISIC_0029021.jpg,1,HAM_0004746,mel
ISIC_0027359.jpg,1,HAM_0000536,mel
ISIC_0025616.jpg,1,HAM_0007031,mel
ISIC_0028075.jpg,1,HAM_0003504,mel
ISIC_0026823.jpg,1,HAM_0003504,mel
ISIC_0030929.jpg,1,HAM_0003530,mel
ISIC_0028493.jpg,1,HAM_0003534,mel
ISIC_0028968.jpg,1,HAM_0001910,mel
ISIC_0024739.jpg,1,HAM_0001910,mel
ISIC_0025188.jpg,1,HAM_0002525,mel
ISIC_0029272.jpg,1,HAM_0002911,mel
ISIC_0032389.jpg,1,HAM_0003102,mel
ISIC_0025709.jpg,1,HAM_0003102,mel
ISIC_0031746.jpg,1,HAM_0003534,mel
ISIC_0025500.jpg,1,HAM_0004047,mel
ISIC_0030277.jpg,1,HAM_0004047,mel
ISIC_0025941.jpg,1,HAM_0003171,mel
ISIC_0027832.jpg,1,HAM_0003509,mel
ISIC_0031844.jpg,1,HAM_0000536,mel
ISIC_0027797.jpg,1,HAM_0000910,mel
ISIC_0025611.jpg,1,HAM_0001953,mel
ISIC_0031197.jpg,0,HAM_0006889,vasc
ISIC_0031270.jpg,0,HAM_0006889,vasc
ISIC_0029486.jpg,0,HAM_0001920,vasc
ISIC_0031901.jpg,0,HAM_0001920,vasc
ISIC_0032076.jpg,0,HAM_0005155,vasc
ISIC_0025321.jpg,0,HAM_0005155,vasc
ISIC_0029404.jpg,0,HAM_0002692,vasc
ISIC_0030275.jpg,0,HAM_0002692,vasc
ISIC_0026092.jpg,0,HAM_0002914,vasc
ISIC_0024904.jpg,0,HAM_0002914,vasc
ISIC_0028163.jpg,0,HAM_0006617,vasc
ISIC_0024669.jpg,0,HAM_0006617,vasc
ISIC_0031217.jpg,0,HAM_0004765,vasc
ISIC_0025599.jpg,0,HAM_0004765,vasc
ISIC_0025578.jpg,0,HAM_0002218,vasc
ISIC_0029448.jpg,0,HAM_0002218,vasc
ISIC_0028714.jpg,0,HAM_0005713,vasc
ISIC_0030956.jpg,0,HAM_0005713,vasc
ISIC_0026693.jpg,0,HAM_0003839,vasc
ISIC_0027983.jpg,0,HAM_0003839,vasc
ISIC_0030770.jpg,0,HAM_0002538,vasc
ISIC_0032240.jpg,0,HAM_0002538,vasc
ISIC_0031759.jpg,0,HAM_0003925,vasc
ISIC_0029889.jpg,0,HAM_0006324,vasc
ISIC_0027385.jpg,0,HAM_0004455,vasc
ISIC_0030882.jpg,0,HAM_0004455,vasc
ISIC_0029514.jpg,0,HAM_0007614,vasc
ISIC_0027672.jpg,0,HAM_0007614,vasc
ISIC_0026163.jpg,0,HAM_0003771,vasc
ISIC_0025807.jpg,0,HAM_0003771,vasc
ISIC_0032745.jpg,0,HAM_0000494,vasc
ISIC_0032557.jpg,0,HAM_0000494,vasc
ISIC_0033092.jpg,0,HAM_0000494,vasc
ISIC_0027903.jpg,0,HAM_0006156,vasc
ISIC_0026456.jpg,0,HAM_0006203,vasc
ISIC_0033450.jpg,0,HAM_0005878,vasc
ISIC_0033254.jpg,0,HAM_0005878,vasc
ISIC_0033158.jpg,0,HAM_0004776,vasc
ISIC_0032867.jpg,0,HAM_0004776,vasc
ISIC_0032545.jpg,0,HAM_0004776,vasc
ISIC_0032692.jpg,0,HAM_0000940,vasc
ISIC_0033608.jpg,0,HAM_0000940,vasc
ISIC_0033969.jpg,0,HAM_0000940,vasc
ISIC_0033031.jpg,0,HAM_0003862,vasc
ISIC_0032775.jpg,0,HAM_0003862,vasc
ISIC_0033458.jpg,0,HAM_0003862,vasc
ISIC_0032614.jpg,0,HAM_0006946,vasc
ISIC_0033349.jpg,0,HAM_0006946,vasc
ISIC_0032919.jpg,0,HAM_0006946,vasc
ISIC_0032866.jpg,0,HAM_0006946,vasc
ISIC_0033135.jpg,0,HAM_0004791,vasc
ISIC_0032538.jpg,0,HAM_0004791,vasc
ISIC_0033591.jpg,0,HAM_0004791,vasc
ISIC_0031648.jpg,0,HAM_0005989,vasc
ISIC_0033565.jpg,0,HAM_0005989,vasc
ISIC_0033123.jpg,0,HAM_0005989,vasc
ISIC_0033230.jpg,0,HAM_0007097,vasc
ISIC_0033762.jpg,0,HAM_0007097,vasc
ISIC_0034214.jpg,0,HAM_0007097,vasc
ISIC_0033749.jpg,0,HAM_0001852,vasc
ISIC_0034196.jpg,0,HAM_0001852,vasc
ISIC_0031090.jpg,0,HAM_0001719,vasc
ISIC_0032270.jpg,0,HAM_0005270,vasc
ISIC_0031950.jpg,0,HAM_0005158,vasc
ISIC_0028146.jpg,0,HAM_0005471,vasc
ISIC_0027159.jpg,0,HAM_0004877,vasc
ISIC_0028188.jpg,0,HAM_0004877,vasc
ISIC_0030722.jpg,0,HAM_0004820,vasc
ISIC_0026876.jpg,0,HAM_0002610,vasc
ISIC_0030606.jpg,0,HAM_0002610,vasc
ISIC_0024747.jpg,0,HAM_0001566,vasc
ISIC_0031346.jpg,0,HAM_0001566,vasc
ISIC_0027210.jpg,0,HAM_0006748,vasc
ISIC_0025924.jpg,0,HAM_0006748,vasc
ISIC_0031719.jpg,0,HAM_0007020,vasc
ISIC_0030070.jpg,0,HAM_0007020,vasc
ISIC_0031093.jpg,0,HAM_0000502,vasc
ISIC_0029608.jpg,0,HAM_0000502,vasc
ISIC_0024402.jpg,0,HAM_0004542,vasc
ISIC_0027256.jpg,0,HAM_0004542,vasc
ISIC_0032715.jpg,0,HAM_0006852,vasc
ISIC_0033991.jpg,0,HAM_0006852,vasc
ISIC_0033817.jpg,0,HAM_0001249,vasc
ISIC_0032839.jpg,0,HAM_0002498,vasc
ISIC_0032932.jpg,0,HAM_0002498,vasc
ISIC_0031996.jpg,0,HAM_0003480,vasc
ISIC_0032890.jpg,0,HAM_0003480,vasc
ISIC_0033844.jpg,0,HAM_0003480,vasc
ISIC_0026336.jpg,0,HAM_0006406,vasc
ISIC_0029439.jpg,0,HAM_0002390,vasc
ISIC_0031201.jpg,0,HAM_0004549,vasc
ISIC_0030283.jpg,0,HAM_0007372,vasc
ISIC_0031706.jpg,0,HAM_0000934,vasc
ISIC_0024475.jpg,0,HAM_0003873,vasc
ISIC_0025677.jpg,0,HAM_0004097,vasc
ISIC_0025873.jpg,0,HAM_0006501,vasc
ISIC_0025197.jpg,0,HAM_0000460,vasc
ISIC_0032409.jpg,0,HAM_0001238,vasc
ISIC_0028680.jpg,0,HAM_0007150,vasc
ISIC_0025244.jpg,0,HAM_0000845,vasc
ISIC_0025596.jpg,0,HAM_0005938,vasc
ISIC_0027563.jpg,0,HAM_0002788,vasc
ISIC_0025707.jpg,0,HAM_0006796,vasc
ISIC_0029742.jpg,0,HAM_0002650,vasc
ISIC_0025612.jpg,0,HAM_0002177,vasc
ISIC_0027522.jpg,0,HAM_0007113,vasc
ISIC_0028406.jpg,0,HAM_0005215,vasc
ISIC_0025628.jpg,0,HAM_0005475,vasc
ISIC_0026393.jpg,0,HAM_0005011,vasc
ISIC_0029877.jpg,0,HAM_0006193,vasc
ISIC_0024662.jpg,0,HAM_0007532,vasc
ISIC_0031215.jpg,0,HAM_0005885,vasc
ISIC_0027856.jpg,0,HAM_0007118,vasc
ISIC_0028431.jpg,0,HAM_0004653,vasc
ISIC_0030104.jpg,0,HAM_0001122,vasc
ISIC_0026490.jpg,0,HAM_0006291,vasc
ISIC_0027790.jpg,0,HAM_0004943,vasc
ISIC_0027888.jpg,0,HAM_0004409,vasc
ISIC_0024370.jpg,0,HAM_0001780,vasc
ISIC_0025606.jpg,0,HAM_0005376,vasc
ISIC_0031103.jpg,0,HAM_0001372,vasc
ISIC_0031065.jpg,0,HAM_0000109,vasc
ISIC_0025250.jpg,0,HAM_0004769,vasc
ISIC_0024375.jpg,0,HAM_0005245,vasc
ISIC_0029099.jpg,0,HAM_0000286,vasc
ISIC_0031955.jpg,0,HAM_0001091,vasc
ISIC_0025249.jpg,0,HAM_0002639,vasc
ISIC_0026713.jpg,0,HAM_0006138,vasc
ISIC_0031276.jpg,0,HAM_0006447,vasc
ISIC_0028885.jpg,0,HAM_0005427,vasc
ISIC_0024867.jpg,0,HAM_0007568,vasc
ISIC_0027937.jpg,0,HAM_0006280,vasc
ISIC_0025425.jpg,0,HAM_0002787,vasc
ISIC_0024706.jpg,0,HAM_0001038,vasc
ISIC_0027665.jpg,0,HAM_0001860,vasc
ISIC_0026467.jpg,0,HAM_0001537,vasc
ISIC_0032057.jpg,0,HAM_0004862,vasc
ISIC_0025680.jpg,0,HAM_0000415,vasc
ISIC_0026068.jpg,0,HAM_0004413,vasc
ISIC_0025452.jpg,0,HAM_0004257,vasc
ISIC_0026349.jpg,0,HAM_0003829,vasc
ISIC_0027269.jpg,0,HAM_0005560,vasc
ISIC_0028155.jpg,0,HAM_0000781,bcc
ISIC_0034093.jpg,0,HAM_0003220,bcc
ISIC_0029230.jpg,0,HAM_0007141,bcc
ISIC_0031513.jpg,0,HAM_0007141,bcc
ISIC_0032384.jpg,0,HAM_0007009,bcc
ISIC_0027146.jpg,0,HAM_0007009,bcc
ISIC_0024457.jpg,0,HAM_0006843,bcc
ISIC_0029193.jpg,0,HAM_0006834,bcc
ISIC_0027526.jpg,0,HAM_0006834,bcc
ISIC_0024431.jpg,0,HAM_0002134,bcc
ISIC_0026656.jpg,0,HAM_0002134,bcc
ISIC_0026760.jpg,0,HAM_0001884,bcc
ISIC_0025718.jpg,0,HAM_0001884,bcc
ISIC_0027135.jpg,0,HAM_0004388,bcc
ISIC_0027976.jpg,0,HAM_0004342,bcc
ISIC_0028238.jpg,0,HAM_0005776,bcc
ISIC_0029755.jpg,0,HAM_0005776,bcc
ISIC_0026321.jpg,0,HAM_0006047,bcc
ISIC_0025467.jpg,0,HAM_0006047,bcc
ISIC_0028807.jpg,0,HAM_0003429,bcc
ISIC_0024673.jpg,0,HAM_0003429,bcc
ISIC_0026574.jpg,0,HAM_0005660,bcc
ISIC_0028495.jpg,0,HAM_0000195,bcc
ISIC_0030574.jpg,0,HAM_0000195,bcc
ISIC_0031585.jpg,0,HAM_0004219,bcc
ISIC_0024590.jpg,0,HAM_0004511,bcc
ISIC_0025932.jpg,0,HAM_0007262,bcc
ISIC_0028747.jpg,0,HAM_0007262,bcc
ISIC_0030446.jpg,0,HAM_0003805,bcc
ISIC_0031527.jpg,0,HAM_0003805,bcc
ISIC_0031166.jpg,0,HAM_0001610,bcc
ISIC_0028693.jpg,0,HAM_0001610,bcc
ISIC_0030893.jpg,0,HAM_0002467,bcc
ISIC_0030261.jpg,0,HAM_0004871,bcc
ISIC_0028994.jpg,0,HAM_0000687,bcc
ISIC_0032696.jpg,0,HAM_0000993,bcc
ISIC_0029466.jpg,0,HAM_0002021,bcc
ISIC_0027057.jpg,0,HAM_0002021,bcc
ISIC_0028085.jpg,0,HAM_0000065,bcc
ISIC_0025691.jpg,0,HAM_0000065,bcc
ISIC_0025824.jpg,0,HAM_0001331,bcc
ISIC_0031400.jpg,0,HAM_0001331,bcc
ISIC_0029747.jpg,0,HAM_0006800,bcc
ISIC_0030778.jpg,0,HAM_0006800,bcc
ISIC_0031749.jpg,0,HAM_0002791,bcc
ISIC_0029847.jpg,0,HAM_0002791,bcc
ISIC_0031943.jpg,0,HAM_0000393,bcc
ISIC_0027865.jpg,0,HAM_0000393,bcc
ISIC_0030335.jpg,0,HAM_0004603,bcc
ISIC_0025793.jpg,0,HAM_0004603,bcc
ISIC_0025731.jpg,0,HAM_0003981,bcc
ISIC_0028670.jpg,0,HAM_0003981,bcc
ISIC_0029647.jpg,0,HAM_0003094,bcc
ISIC_0027858.jpg,0,HAM_0003094,bcc
ISIC_0027433.jpg,0,HAM_0007002,bcc
ISIC_0029515.jpg,0,HAM_0007002,bcc
ISIC_0030271.jpg,0,HAM_0005469,bcc
ISIC_0026643.jpg,0,HAM_0005469,bcc
ISIC_0031140.jpg,0,HAM_0003229,bcc
ISIC_0032139.jpg,0,HAM_0003738,bcc
ISIC_0031243.jpg,0,HAM_0003738,bcc
ISIC_0026282.jpg,0,HAM_0005309,bcc
ISIC_0027744.jpg,0,HAM_0005309,bcc
ISIC_0028457.jpg,0,HAM_0007446,bcc
ISIC_0030687.jpg,0,HAM_0000791,bcc
ISIC_0025584.jpg,0,HAM_0000791,bcc
ISIC_0027545.jpg,0,HAM_0000994,bcc
ISIC_0027609.jpg,0,HAM_0000994,bcc
ISIC_0030766.jpg,0,HAM_0006351,bcc
ISIC_0027117.jpg,0,HAM_0006351,bcc
ISIC_0029034.jpg,0,HAM_0005921,bcc
ISIC_0030800.jpg,0,HAM_0005921,bcc
ISIC_0027365.jpg,0,HAM_0002346,bcc
ISIC_0026343.jpg,0,HAM_0002346,bcc
ISIC_0029341.jpg,0,HAM_0002346,bcc
ISIC_0031762.jpg,0,HAM_0007428,bcc
ISIC_0028106.jpg,0,HAM_0007428,bcc
ISIC_0026593.jpg,0,HAM_0004970,bcc
ISIC_0027774.jpg,0,HAM_0004970,bcc
ISIC_0027998.jpg,0,HAM_0005947,bcc
ISIC_0028079.jpg,0,HAM_0005947,bcc
ISIC_0031442.jpg,0,HAM_0005982,bcc
ISIC_0026766.jpg,0,HAM_0005982,bcc
ISIC_0032415.jpg,0,HAM_0000463,bcc
ISIC_0030177.jpg,0,HAM_0000463,bcc
ISIC_0031284.jpg,0,HAM_0002717,bcc
ISIC_0031789.jpg,0,HAM_0002717,bcc
ISIC_0028095.jpg,0,HAM_0001926,bcc
ISIC_0032414.jpg,0,HAM_0001926,bcc
ISIC_0031824.jpg,0,HAM_0001326,bcc
ISIC_0030145.jpg,0,HAM_0001326,bcc
ISIC_0031640.jpg,0,HAM_0001239,bcc
ISIC_0024360.jpg,0,HAM_0005530,bcc
ISIC_0029899.jpg,0,HAM_0005530,bcc
ISIC_0026230.jpg,0,HAM_0005382,bcc
ISIC_0026395.jpg,0,HAM_0005382,bcc
ISIC_0024504.jpg,0,HAM_0000189,bcc
ISIC_0025600.jpg,0,HAM_0000189,bcc
ISIC_0025557.jpg,0,HAM_0001900,bcc
ISIC_0028323.jpg,0,HAM_0001900,bcc
ISIC_0030659.jpg,0,HAM_0001618,bcc
ISIC_0025383.jpg,0,HAM_0001907,bcc
ISIC_0025513.jpg,0,HAM_0001907,bcc
ISIC_0027478.jpg,0,HAM_0003593,bcc
ISIC_0026275.jpg,0,HAM_0005804,bcc
ISIC_0024573.jpg,0,HAM_0005804,bcc
ISIC_0031272.jpg,0,HAM_0006384,bcc
ISIC_0024572.jpg,0,HAM_0005657,bcc
ISIC_0027851.jpg,0,HAM_0001078,bcc
ISIC_0028858.jpg,0,HAM_0001078,bcc
ISIC_0026324.jpg,0,HAM_0005058,bcc
ISIC_0025700.jpg,0,HAM_0005058,bcc
ISIC_0030010.jpg,0,HAM_0006548,bcc
ISIC_0026831.jpg,0,HAM_0006387,bcc
ISIC_0032482.jpg,0,HAM_0006387,bcc
ISIC_0029201.jpg,0,HAM_0000009,bcc
ISIC_0026439.jpg,0,HAM_0000009,bcc
ISIC_0029779.jpg,0,HAM_0000009,bcc
ISIC_0029669.jpg,0,HAM_0001616,bcc
ISIC_0031169.jpg,0,HAM_0001616,bcc
ISIC_0024795.jpg,0,HAM_0004420,bcc
ISIC_0030349.jpg,0,HAM_0006572,bcc
ISIC_0026091.jpg,0,HAM_0006572,bcc
ISIC_0034160.jpg,0,HAM_0006572,bcc
ISIC_0026453.jpg,0,HAM_0003328,bcc
ISIC_0031489.jpg,0,HAM_0003328,bcc
ISIC_0027297.jpg,0,HAM_0003186,bcc
ISIC_0028980.jpg,0,HAM_0003741,bcc
ISIC_0032660.jpg,0,HAM_0002565,bcc
ISIC_0033504.jpg,0,HAM_0002565,bcc
ISIC_0024885.jpg,0,HAM_0005243,bcc
ISIC_0027058.jpg,0,HAM_0005998,bcc
ISIC_0030114.jpg,0,HAM_0005998,bcc
ISIC_0029020.jpg,0,HAM_0004873,bcc
ISIC_0032959.jpg,0,HAM_0003427,bcc
ISIC_0034306.jpg,0,HAM_0002526,bcc
ISIC_0032799.jpg,0,HAM_0002526,bcc
ISIC_0033020.jpg,0,HAM_0001138,bcc
ISIC_0032768.jpg,0,HAM_0001138,bcc
ISIC_0033205.jpg,0,HAM_0001138,bcc
ISIC_0033271.jpg,0,HAM_0000823,bcc
ISIC_0033575.jpg,0,HAM_0000823,bcc
ISIC_0032894.jpg,0,HAM_0000823,bcc
ISIC_0033720.jpg,0,HAM_0005396,bcc
ISIC_0034255.jpg,0,HAM_0005396,bcc
ISIC_0032834.jpg,0,HAM_0005396,bcc
ISIC_0027544.jpg,0,HAM_0000998,bcc
ISIC_0034058.jpg,0,HAM_0000263,bcc
ISIC_0033001.jpg,0,HAM_0000263,bcc
ISIC_0033354.jpg,0,HAM_0003887,bcc
ISIC_0032857.jpg,0,HAM_0003887,bcc
ISIC_0032906.jpg,0,HAM_0003887,bcc
ISIC_0027786.jpg,0,HAM_0002334,bcc
ISIC_0033579.jpg,0,HAM_0000394,bcc
ISIC_0034095.jpg,0,HAM_0000394,bcc
ISIC_0034143.jpg,0,HAM_0000394,bcc
ISIC_0032652.jpg,0,HAM_0004083,bcc
ISIC_0033551.jpg,0,HAM_0004083,bcc
ISIC_0033571.jpg,0,HAM_0004083,bcc
ISIC_0033666.jpg,0,HAM_0002664,bcc
ISIC_0033218.jpg,0,HAM_0002664,bcc
ISIC_0033054.jpg,0,HAM_0002664,bcc
ISIC_0033257.jpg,0,HAM_0003046,bcc
ISIC_0034276.jpg,0,HAM_0003046,bcc
ISIC_0034119.jpg,0,HAM_0003046,bcc
ISIC_0034047.jpg,0,HAM_0002559,bcc
ISIC_0034299.jpg,0,HAM_0007335,bcc
ISIC_0032808.jpg,0,HAM_0007335,bcc
ISIC_0033483.jpg,0,HAM_0007471,bcc
ISIC_0032536.jpg,0,HAM_0007471,bcc
ISIC_0034161.jpg,0,HAM_0001243,bcc
ISIC_0033747.jpg,0,HAM_0001243,bcc
ISIC_0025644.jpg,0,HAM_0004536,bcc
ISIC_0030314.jpg,0,HAM_0004536,bcc
ISIC_0033012.jpg,0,HAM_0000795,bcc
ISIC_0033468.jpg,0,HAM_0000795,bcc
ISIC_0033609.jpg,0,HAM_0002243,bcc
ISIC_0032777.jpg,0,HAM_0002243,bcc
ISIC_0033019.jpg,0,HAM_0002243,bcc
ISIC_0033203.jpg,0,HAM_0000879,bcc
ISIC_0033366.jpg,0,HAM_0000879,bcc
ISIC_0032816.jpg,0,HAM_0000879,bcc
ISIC_0024666.jpg,0,HAM_0005435,bcc
ISIC_0028890.jpg,0,HAM_0005435,bcc
ISIC_0025752.jpg,0,HAM_0005435,bcc
ISIC_0034015.jpg,0,HAM_0003216,bcc
ISIC_0034223.jpg,0,HAM_0003216,bcc
ISIC_0032611.jpg,0,HAM_0003072,bcc
ISIC_0033499.jpg,0,HAM_0003072,bcc
ISIC_0033372.jpg,0,HAM_0001749,bcc
ISIC_0034066.jpg,0,HAM_0001749,bcc
ISIC_0034123.jpg,0,HAM_0006586,bcc
ISIC_0034026.jpg,0,HAM_0006586,bcc
ISIC_0032741.jpg,0,HAM_0005478,bcc
ISIC_0033301.jpg,0,HAM_0005478,bcc
ISIC_0034155.jpg,0,HAM_0003690,bcc
ISIC_0033146.jpg,0,HAM_0003690,bcc
ISIC_0029192.jpg,0,HAM_0002397,bcc
ISIC_0033248.jpg,0,HAM_0002397,bcc
ISIC_0025102.jpg,0,HAM_0007248,bcc
ISIC_0032850.jpg,0,HAM_0007248,bcc
ISIC_0030712.jpg,0,HAM_0007248,bcc
ISIC_0032727.jpg,0,HAM_0004848,bcc
ISIC_0032991.jpg,0,HAM_0004849,bcc
ISIC_0033979.jpg,0,HAM_0004848,bcc
ISIC_0028871.jpg,0,HAM_0000212,bcc
ISIC_0031836.jpg,0,HAM_0003600,bcc
ISIC_0025617.jpg,0,HAM_0004539,bcc
ISIC_0027090.jpg,0,HAM_0001018,bcc
ISIC_0026350.jpg,0,HAM_0003039,bcc
ISIC_0031569.jpg,0,HAM_0003039,bcc
ISIC_0026528.jpg,0,HAM_0007550,bcc
ISIC_0029564.jpg,0,HAM_0004515,bcc
ISIC_0027814.jpg,0,HAM_0006631,bcc
ISIC_0024515.jpg,0,HAM_0003373,bcc
ISIC_0031225.jpg,0,HAM_0000352,bcc
ISIC_0031450.jpg,0,HAM_0003373,bcc
ISIC_0031026.jpg,0,HAM_0001640,bcc
ISIC_0032146.jpg,0,HAM_0004435,bcc
ISIC_0024848.jpg,0,HAM_0007474,bcc
ISIC_0031539.jpg,0,HAM_0005302,bcc
ISIC_0030233.jpg,0,HAM_0003112,bcc
ISIC_0028688.jpg,0,HAM_0006844,bcc
ISIC_0028677.jpg,0,HAM_0001711,bcc
ISIC_0028818.jpg,0,HAM_0003694,bcc
ISIC_0028059.jpg,0,HAM_0004273,bcc
ISIC_0025576.jpg,0,HAM_0006115,bcc
ISIC_0029331.jpg,0,HAM_0002069,bcc
ISIC_0029546.jpg,0,HAM_0005482,bcc
ISIC_0029392.jpg,0,HAM_0002983,bcc
ISIC_0027601.jpg,0,HAM_0005842,bcc
ISIC_0031698.jpg,0,HAM_0000082,bcc
ISIC_0031245.jpg,0,HAM_0005901,bcc
ISIC_0027631.jpg,0,HAM_0004440,bcc
ISIC_0028316.jpg,0,HAM_0001296,bcc
ISIC_0028570.jpg,0,HAM_0002818,bcc
ISIC_0031351.jpg,0,HAM_0006274,bcc
ISIC_0026988.jpg,0,HAM_0004937,bcc
ISIC_0031413.jpg,0,HAM_0004521,bcc
ISIC_0032497.jpg,0,HAM_0001759,bcc
ISIC_0025144.jpg,0,HAM_0004831,bcc
ISIC_0029278.jpg,0,HAM_0002224,bcc
ISIC_0024632.jpg,0,HAM_0001666,bcc
ISIC_0026668.jpg,0,HAM_0001666,bcc
ISIC_0025301.jpg,0,HAM_0000987,bcc
ISIC_0031643.jpg,0,HAM_0003851,bcc
ISIC_0026192.jpg,0,HAM_0002611,bcc
ISIC_0030644.jpg,0,HAM_0003853,bcc
ISIC_0025417.jpg,0,HAM_0002577,bcc
ISIC_0028035.jpg,0,HAM_0002577,bcc
ISIC_0028486.jpg,0,HAM_0005981,bcc
ISIC_0027371.jpg,0,HAM_0005981,bcc
ISIC_0026213.jpg,0,HAM_0000953,bcc
ISIC_0026442.jpg,0,HAM_0000953,bcc
ISIC_0026716.jpg,0,HAM_0000504,bcc
ISIC_0025971.jpg,0,HAM_0000504,bcc
ISIC_0030737.jpg,0,HAM_0003119,bcc
ISIC_0025650.jpg,0,HAM_0002312,bcc
ISIC_0029083.jpg,0,HAM_0002312,bcc
ISIC_0028765.jpg,0,HAM_0004511,bcc
ISIC_0027531.jpg,0,HAM_0004662,bcc
ISIC_0024331.jpg,0,HAM_0004662,bcc
ISIC_0026952.jpg,0,HAM_0002167,bcc
ISIC_0031384.jpg,0,HAM_0002427,bcc
ISIC_0025299.jpg,0,HAM_0007313,bcc
ISIC_0028739.jpg,0,HAM_0007313,bcc
ISIC_0031712.jpg,0,HAM_0004147,bcc
ISIC_0032439.jpg,0,HAM_0005547,bcc
ISIC_0029391.jpg,0,HAM_0006575,bcc
ISIC_0030403.jpg,0,HAM_0004027,bcc
ISIC_0024595.jpg,0,HAM_0004027,bcc
ISIC_0025046.jpg,0,HAM_0003866,bcc
ISIC_0024665.jpg,0,HAM_0003866,bcc
ISIC_0024332.jpg,0,HAM_0002240,bcc
ISIC_0029129.jpg,0,HAM_0004285,bcc
ISIC_0029805.jpg,0,HAM_0005575,bcc
ISIC_0026496.jpg,0,HAM_0005757,bcc
ISIC_0024454.jpg,0,HAM_0005180,bcc
ISIC_0025433.jpg,0,HAM_0005410,bcc
ISIC_0027704.jpg,0,HAM_0001440,bcc
ISIC_0029412.jpg,0,HAM_0002024,bcc
ISIC_0028583.jpg,0,HAM_0004880,bcc
ISIC_0024403.jpg,0,HAM_0003680,bcc
ISIC_0030528.jpg,0,HAM_0000512,bcc
ISIC_0030511.jpg,0,HAM_0005599,bcc
ISIC_0030594.jpg,0,HAM_0002736,bcc
ISIC_0026855.jpg,0,HAM_0000457,bcc
ISIC_0026968.jpg,0,HAM_0000612,bcc
ISIC_0024634.jpg,0,HAM_0005933,bcc
ISIC_0025975.jpg,0,HAM_0005835,bcc
ISIC_0031236.jpg,0,HAM_0002744,bcc
ISIC_0030813.jpg,0,HAM_0006465,bcc
ISIC_0026074.jpg,0,HAM_0000968,bcc
ISIC_0027846.jpg,0,HAM_0001183,bcc
ISIC_0032174.jpg,0,HAM_0005559,bcc
ISIC_0025940.jpg,0,HAM_0001503,bcc
ISIC_0031266.jpg,0,HAM_0006609,bcc
ISIC_0026056.jpg,0,HAM_0005304,bcc
ISIC_0026156.jpg,0,HAM_0005068,bcc
ISIC_0028937.jpg,0,HAM_0003610,bcc
ISIC_0028113.jpg,0,HAM_0003846,bcc
ISIC_0032194.jpg,0,HAM_0003596,bcc
ISIC_0029489.jpg,0,HAM_0006005,bcc
ISIC_0029974.jpg,0,HAM_0004627,bcc
ISIC_0031597.jpg,0,HAM_0004627,bcc
ISIC_0026798.jpg,0,HAM_0005536,bcc
ISIC_0028107.jpg,0,HAM_0003135,bcc
ISIC_0027915.jpg,0,HAM_0000719,bcc
ISIC_0026337.jpg,0,HAM_0000719,bcc
ISIC_0026902.jpg,0,HAM_0000719,bcc
ISIC_0027189.jpg,0,HAM_0006708,bcc
ISIC_0026117.jpg,0,HAM_0005984,bcc
ISIC_0025266.jpg,0,HAM_0004300,bcc
ISIC_0032307.jpg,0,HAM_0001301,bcc
ISIC_0026978.jpg,0,HAM_0004042,bcc
ISIC_0026845.jpg,0,HAM_0001283,bcc
ISIC_0027966.jpg,0,HAM_0005417,bcc
ISIC_0024448.jpg,0,HAM_0005417,bcc
ISIC_0032022.jpg,0,HAM_0005417,bcc
ISIC_0024452.jpg,0,HAM_0005971,bcc
ISIC_0029539.jpg,0,HAM_0005971,bcc
ISIC_0031258.jpg,0,HAM_0005971,bcc
ISIC_0030197.jpg,0,HAM_0006727,bcc
ISIC_0024582.jpg,0,HAM_0006727,bcc
ISIC_0029655.jpg,0,HAM_0006727,bcc
ISIC_0028989.jpg,0,HAM_0004487,bcc
ISIC_0028556.jpg,0,HAM_0002421,bcc
ISIC_0024472.jpg,0,HAM_0001654,bcc
ISIC_0031175.jpg,0,HAM_0001654,bcc
ISIC_0030755.jpg,0,HAM_0001654,bcc
ISIC_0028815.jpg,0,HAM_0004967,bcc
ISIC_0031976.jpg,0,HAM_0006851,bcc
ISIC_0031122.jpg,0,HAM_0003389,bcc
ISIC_0027825.jpg,0,HAM_0005268,bcc
ISIC_0025826.jpg,0,HAM_0005585,bcc
ISIC_0032225.jpg,0,HAM_0001388,bcc
ISIC_0029856.jpg,0,HAM_0001457,bcc
ISIC_0024799.jpg,0,HAM_0001573,bcc
ISIC_0031007.jpg,0,HAM_0000153,bcc
ISIC_0032290.jpg,0,HAM_0004480,bcc
ISIC_0030230.jpg,0,HAM_0007588,bcc
ISIC_0031728.jpg,0,HAM_0007588,bcc
ISIC_0031526.jpg,0,HAM_0007588,bcc
ISIC_0025711.jpg,0,HAM_0005501,bcc
ISIC_0028973.jpg,0,HAM_0005665,bcc
ISIC_0029082.jpg,0,HAM_0005665,bcc
ISIC_0024897.jpg,0,HAM_0003716,bcc
ISIC_0024432.jpg,0,HAM_0002083,bcc
ISIC_0029035.jpg,0,HAM_0006386,bcc
ISIC_0025601.jpg,0,HAM_0001528,bcc
ISIC_0032461.jpg,0,HAM_0001528,bcc
ISIC_0030690.jpg,0,HAM_0004514,bcc
ISIC_0027473.jpg,0,HAM_0002959,bcc
ISIC_0025362.jpg,0,HAM_0002959,bcc
ISIC_0027093.jpg,0,HAM_0002959,bcc
ISIC_0030181.jpg,0,HAM_0005985,bcc
ISIC_0028329.jpg,0,HAM_0004624,bcc
ISIC_0030964.jpg,0,HAM_0007557,bcc
ISIC_0031009.jpg,0,HAM_0001434,bcc
ISIC_0024743.jpg,0,HAM_0004495,bcc
ISIC_0030452.jpg,0,HAM_0004235,bcc
ISIC_0031925.jpg,0,HAM_0001707,bcc
ISIC_0031095.jpg,0,HAM_0005798,bcc
ISIC_0024949.jpg,0,HAM_0005669,bcc
ISIC_0032246.jpg,0,HAM_0005509,bcc
ISIC_0026865.jpg,0,HAM_0005509,bcc
ISIC_0031057.jpg,0,HAM_0005509,bcc
ISIC_0027337.jpg,0,HAM_0003778,bcc
ISIC_0029263.jpg,0,HAM_0002689,bcc
ISIC_0026687.jpg,0,HAM_0002689,bcc
ISIC_0027229.jpg,0,HAM_0003826,bcc
ISIC_0027004.jpg,0,HAM_0003826,bcc
ISIC_0026433.jpg,0,HAM_0003826,bcc
ISIC_0029524.jpg,0,HAM_0003191,bcc
ISIC_0028050.jpg,0,HAM_0003191,bcc
ISIC_0027819.jpg,0,HAM_0004827,bcc
ISIC_0031294.jpg,0,HAM_0004365,bcc
ISIC_0028719.jpg,0,HAM_0004365,bcc
ISIC_0027046.jpg,0,HAM_0005371,bcc
ISIC_0031154.jpg,0,HAM_0005371,bcc
ISIC_0028168.jpg,0,HAM_0005371,bcc
ISIC_0031056.jpg,0,HAM_0007507,bcc
ISIC_0026118.jpg,0,HAM_0007627,bcc
ISIC_0029820.jpg,0,HAM_0007627,bcc
ISIC_0027722.jpg,0,HAM_0000987,bcc
ISIC_0029644.jpg,0,HAM_0005184,bcc
ISIC_0031063.jpg,0,HAM_0003764,bcc
ISIC_0028877.jpg,0,HAM_0003764,bcc
ISIC_0032314.jpg,0,HAM_0007611,bcc
ISIC_0027425.jpg,0,HAM_0007346,bcc
ISIC_0029323.jpg,0,HAM_0000872,bcc
ISIC_0031520.jpg,0,HAM_0000872,bcc
ISIC_0031171.jpg,0,HAM_0000872,bcc
ISIC_0031552.jpg,0,HAM_0006588,bcc
ISIC_0028084.jpg,0,HAM_0004940,bcc
ISIC_0026970.jpg,0,HAM_0004940,bcc
ISIC_0028303.jpg,0,HAM_0005030,bcc
ISIC_0024461.jpg,0,HAM_0002313,bcc
ISIC_0030526.jpg,0,HAM_0002313,bcc
ISIC_0025530.jpg,0,HAM_0002313,bcc
ISIC_0027629.jpg,0,HAM_0002427,bcc
ISIC_0025630.jpg,0,HAM_0002017,bcc
ISIC_0029337.jpg,0,HAM_0002506,bcc
ISIC_0030096.jpg,0,HAM_0003669,bcc
ISIC_0028197.jpg,0,HAM_0004711,bcc
ISIC_0029831.jpg,0,HAM_0004711,bcc
ISIC_0030514.jpg,0,HAM_0006872,bcc
ISIC_0024345.jpg,0,HAM_0006872,bcc
ISIC_0028283.jpg,0,HAM_0000655,bcc
ISIC_0027175.jpg,0,HAM_0000655,bcc
ISIC_0031407.jpg,0,HAM_0001575,bcc
ISIC_0028652.jpg,0,HAM_0001575,bcc
ISIC_0027038.jpg,0,HAM_0005985,bcc
ISIC_0032030.jpg,0,HAM_0005985,bcc
ISIC_0031651.jpg,0,HAM_0006631,bcc
ISIC_0027525.jpg,0,HAM_0005721,bcc
ISIC_0024550.jpg,0,HAM_0005721,bcc
ISIC_0029919.jpg,0,HAM_0005721,bcc
ISIC_0028928.jpg,0,HAM_0002998,bcc
ISIC_0031378.jpg,0,HAM_0002998,bcc
ISIC_0024564.jpg,0,HAM_0002666,bcc
ISIC_0025322.jpg,0,HAM_0002666,bcc
ISIC_0027677.jpg,0,HAM_0005617,bcc
ISIC_0024833.jpg,0,HAM_0005617,bcc
ISIC_0027546.jpg,0,HAM_0005617,bcc
ISIC_0030868.jpg,0,HAM_0001693,bcc
ISIC_0026995.jpg,0,HAM_0001693,bcc
ISIC_0029123.jpg,0,HAM_0000451,bcc
ISIC_0029372.jpg,0,HAM_0000451,bcc
ISIC_0030782.jpg,0,HAM_0000451,bcc
ISIC_0030915.jpg,0,HAM_0003043,bcc
ISIC_0031318.jpg,0,HAM_0001424,bcc
ISIC_0031470.jpg,0,HAM_0001424,bcc
ISIC_0032092.jpg,0,HAM_0005379,bcc
ISIC_0024787.jpg,0,HAM_0005379,bcc
ISIC_0027281.jpg,0,HAM_0006904,bcc
ISIC_0027291.jpg,0,HAM_0006904,bcc
ISIC_0029602.jpg,0,HAM_0003991,bcc
ISIC_0028147.jpg,0,HAM_0006053,bcc
ISIC_0030954.jpg,0,HAM_0003115,bcc
ISIC_0031062.jpg,0,HAM_0001183,bcc
ISIC_0029053.jpg,0,HAM_0002812,bcc
ISIC_0030094.jpg,0,HAM_0003101,bcc
ISIC_0024436.jpg,0,HAM_0005392,bcc
ISIC_0026940.jpg,0,HAM_0005973,bcc
ISIC_0030352.jpg,0,HAM_0001129,bcc
ISIC_0029745.jpg,0,HAM_0003941,bcc
ISIC_0028419.jpg,0,HAM_0003941,bcc
ISIC_0025818.jpg,0,HAM_0004621,bcc
ISIC_0030746.jpg,0,HAM_0004621,bcc
ISIC_0029220.jpg,0,HAM_0002258,bcc
ISIC_0031986.jpg,0,HAM_0000658,bcc
ISIC_0028350.jpg,0,HAM_0003827,bcc
ISIC_0028814.jpg,0,HAM_0005375,bcc
ISIC_0025509.jpg,0,HAM_0002269,bcc
ISIC_0024443.jpg,0,HAM_0002269,bcc
ISIC_0029342.jpg,0,HAM_0007139,bcc
ISIC_0028577.jpg,0,HAM_0007139,bcc
ISIC_0026829.jpg,0,HAM_0007497,bcc
ISIC_0029680.jpg,0,HAM_0001237,bcc
ISIC_0030339.jpg,0,HAM_0000915,bcc
ISIC_0028964.jpg,0,HAM_0000092,bcc
ISIC_0032132.jpg,0,HAM_0000352,bcc
ISIC_0029545.jpg,0,HAM_0000496,bcc
ISIC_0028568.jpg,0,HAM_0001434,bcc
ISIC_0031298.jpg,0,HAM_0005334,bcc
ISIC_0030249.jpg,0,HAM_0003444,bcc
ISIC_0032302.jpg,0,HAM_0006765,bcc
ISIC_0029352.jpg,0,HAM_0006765,bcc
ISIC_0028122.jpg,0,HAM_0004621,bcc
ISIC_0027595.jpg,0,HAM_0006624,bcc
ISIC_0026154.jpg,0,HAM_0006658,bcc
ISIC_0031697.jpg,0,HAM_0003177,bcc
ISIC_0029917.jpg,0,HAM_0007364,bcc
ISIC_0028687.jpg,0,HAM_0003444,bcc
ISIC_0027120.jpg,0,HAM_0003444,bcc
ISIC_0029501.jpg,0,HAM_0002018,bcc
ISIC_0030138.jpg,0,HAM_0006111,bcc
ISIC_0032185.jpg,0,HAM_0006111,bcc
ISIC_0032222.jpg,0,HAM_0001415,bcc
ISIC_0025019.jpg,0,HAM_0001415,bcc
ISIC_0027759.jpg,0,HAM_0003198,bcc
ISIC_0032429.jpg,0,HAM_0005973,bcc
ISIC_0029951.jpg,0,HAM_0005973,bcc
ISIC_0027675.jpg,0,HAM_0004621,bcc
ISIC_0031614.jpg,0,HAM_0006049,bcc
ISIC_0024984.jpg,0,HAM_0005856,bcc
ISIC_0026090.jpg,0,HAM_0004084,bcc
ISIC_0025285.jpg,0,HAM_0004084,bcc
ISIC_0027920.jpg,0,HAM_0001390,bcc
ISIC_0027788.jpg,0,HAM_0002812,bcc
ISIC_0029857.jpg,0,HAM_0005856,bcc
ISIC_0028653.jpg,0,HAM_0005837,bcc
ISIC_0031263.jpg,0,HAM_0007289,bcc
ISIC_0024829.jpg,0,HAM_0007535,bcc
ISIC_0032164.jpg,0,HAM_0000807,bcc
ISIC_0031041.jpg,0,HAM_0002733,bcc
ISIC_0025031.jpg,0,HAM_0002934,bcc
ISIC_0032316.jpg,0,HAM_0000868,bcc
ISIC_0024931.jpg,0,HAM_0005488,bcc
ISIC_0024411.jpg,0,HAM_0001390,bcc
ISIC_0028671.jpg,0,HAM_0001713,bcc
ISIC_0026957.jpg,0,HAM_0001369,bcc
ISIC_0025564.jpg,0,HAM_0004161,bcc
ISIC_0032318.jpg,0,HAM_0006444,bcc
ISIC_0030767.jpg,0,HAM_0004685,bcc
ISIC_0032061.jpg,0,HAM_0004685,bcc
ISIC_0031971.jpg,0,HAM_0006564,bcc
ISIC_0031721.jpg,0,HAM_0006564,bcc
ISIC_0028542.jpg,0,HAM_0001573,bcc
ISIC_0025260.jpg,0,HAM_0001215,bcc
ISIC_0031531.jpg,0,HAM_0001215,bcc
ISIC_0028978.jpg,0,HAM_0005026,bcc
ISIC_0028728.jpg,0,HAM_0005026,bcc
ISIC_0032212.jpg,0,HAM_0004932,nv
ISIC_0025775.jpg,0,HAM_0004516,nv
ISIC_0029828.jpg,0,HAM_0006510,nv
ISIC_0031588.jpg,0,HAM_0007567,nv
ISIC_0028502.jpg,0,HAM_0001940,nv
ISIC_0028239.jpg,0,HAM_0002530,nv
ISIC_0031325.jpg,0,HAM_0002082,nv
ISIC_0032115.jpg,0,HAM_0000701,nv
ISIC_0025251.jpg,0,HAM_0000956,nv
ISIC_0025843.jpg,0,HAM_0004098,nv
ISIC_0031503.jpg,0,HAM_0002808,nv
ISIC_0025384.jpg,0,HAM_0002623,nv
ISIC_0032446.jpg,0,HAM_0002483,nv
ISIC_0032285.jpg,0,HAM_0006830,nv
ISIC_0027347.jpg,0,HAM_0005234,nv
ISIC_0029979.jpg,0,HAM_0004233,nv
ISIC_0029624.jpg,0,HAM_0006489,nv
ISIC_0024415.jpg,0,HAM_0005586,nv
ISIC_0025311.jpg,0,HAM_0001594,nv
ISIC_0026425.jpg,0,HAM_0002971,nv
ISIC_0026555.jpg,0,HAM_0001335,nv
ISIC_0031282.jpg,0,HAM_0003042,nv
ISIC_0029961.jpg,0,HAM_0000727,nv
ISIC_0026583.jpg,0,HAM_0007329,nv
ISIC_0032226.jpg,0,HAM_0000289,nv
ISIC_0031536.jpg,0,HAM_0007339,nv
ISIC_0026681.jpg,0,HAM_0006806,nv
ISIC_0026780.jpg,0,HAM_0007320,nv
ISIC_0025218.jpg,0,HAM_0003093,nv
ISIC_0026211.jpg,0,HAM_0005366,nv
ISIC_0025457.jpg,0,HAM_0002108,nv
ISIC_0029594.jpg,0,HAM_0003227,nv
ISIC_0031575.jpg,0,HAM_0000699,nv
ISIC_0028266.jpg,0,HAM_0003882,nv
ISIC_0032060.jpg,0,HAM_0005508,nv
ISIC_0029303.jpg,0,HAM_0001180,nv
ISIC_0026054.jpg,0,HAM_0002943,nv
ISIC_0029347.jpg,0,HAM_0000256,nv
ISIC_0028727.jpg,0,HAM_0006678,nv
ISIC_0027315.jpg,0,HAM_0002202,nv
ISIC_0028455.jpg,0,HAM_0004270,nv
ISIC_0030435.jpg,0,HAM_0002877,nv
ISIC_0024535.jpg,0,HAM_0001287,nv
ISIC_0026824.jpg,0,HAM_0004408,nv
ISIC_0024968.jpg,0,HAM_0000128,nv
ISIC_0025320.jpg,0,HAM_0006653,nv
ISIC_0031184.jpg,0,HAM_0004290,nv
ISIC_0024828.jpg,0,HAM_0001587,nv
ISIC_0027725.jpg,0,HAM_0005775,nv
ISIC_0028298.jpg,0,HAM_0004140,nv
ISIC_0024364.jpg,0,HAM_0004535,nv
ISIC_0031269.jpg,0,HAM_0001965,nv
ISIC_0025398.jpg,0,HAM_0007193,nv
ISIC_0030035.jpg,0,HAM_0001065,nv
ISIC_0031403.jpg,0,HAM_0006421,nv
ISIC_0026011.jpg,0,HAM_0004513,nv
ISIC_0026518.jpg,0,HAM_0003646,nv
ISIC_0030993.jpg,0,HAM_0006998,nv
ISIC_0027479.jpg,0,HAM_0002180,nv
ISIC_0031068.jpg,0,HAM_0003396,nv
ISIC_0025338.jpg,0,HAM_0002925,nv
ISIC_0030791.jpg,0,HAM_0002265,nv
ISIC_0031463.jpg,0,HAM_0001263,nv
ISIC_0027944.jpg,0,HAM_0003414,nv
ISIC_0031974.jpg,0,HAM_0000758,nv
ISIC_0024896.jpg,0,HAM_0003711,nv
ISIC_0029153.jpg,0,HAM_0004124,nv
ISIC_0028480.jpg,0,HAM_0003548,nv
ISIC_0030517.jpg,0,HAM_0005093,nv
ISIC_0031455.jpg,0,HAM_0000841,nv
ISIC_0026768.jpg,0,HAM_0002514,nv
ISIC_0029569.jpg,0,HAM_0005853,nv
ISIC_0029351.jpg,0,HAM_0006224,nv
ISIC_0024376.jpg,0,HAM_0000984,nv
ISIC_0030102.jpg,0,HAM_0005449,nv
ISIC_0031486.jpg,0,HAM_0005487,nv
ISIC_0029526.jpg,0,HAM_0001061,nv
ISIC_0028446.jpg,0,HAM_0006498,nv
ISIC_0031895.jpg,0,HAM_0007316,nv
ISIC_0030072.jpg,0,HAM_0005384,nv
ISIC_0025723.jpg,0,HAM_0005552,nv
ISIC_0024872.jpg,0,HAM_0005823,nv
ISIC_0031935.jpg,0,HAM_0001270,nv
ISIC_0030820.jpg,0,HAM_0002112,nv
ISIC_0032210.jpg,0,HAM_0001227,nv
ISIC_0031845.jpg,0,HAM_0007203,nv
ISIC_0027278.jpg,0,HAM_0007236,nv
ISIC_0026641.jpg,0,HAM_0002753,nv
ISIC_0028185.jpg,0,HAM_0005252,nv
ISIC_0028090.jpg,0,HAM_0005407,nv
ISIC_0028879.jpg,0,HAM_0005858,nv
ISIC_0030148.jpg,0,HAM_0000381,nv
ISIC_0029540.jpg,0,HAM_0003516,nv
ISIC_0028924.jpg,0,HAM_0001149,nv
ISIC_0032016.jpg,0,HAM_0007551,nv
ISIC_0032048.jpg,0,HAM_0000742,nv
ISIC_0026255.jpg,0,HAM_0002221,nv
ISIC_0030013.jpg,0,HAM_0001530,nv
ISIC_0031371.jpg,0,HAM_0001079,nv
ISIC_0025585.jpg,0,HAM_0000576,nv
ISIC_0030523.jpg,0,HAM_0006362,nv
ISIC_0031100.jpg,0,HAM_0006178,nv
ISIC_0031671.jpg,0,HAM_0004264,nv
ISIC_0025079.jpg,0,HAM_0005103,nv
ISIC_0029637.jpg,0,HAM_0001807,nv
ISIC_0024979.jpg,0,HAM_0006490,nv
ISIC_0024462.jpg,0,HAM_0006693,nv
ISIC_0025415.jpg,0,HAM_0005619,nv
ISIC_0027974.jpg,0,HAM_0000750,nv
ISIC_0031207.jpg,0,HAM_0001090,nv
ISIC_0025143.jpg,0,HAM_0000561,nv
ISIC_0030918.jpg,0,HAM_0001103,nv
ISIC_0025161.jpg,0,HAM_0006715,nv
ISIC_0031926.jpg,0,HAM_0007391,nv
ISIC_0027324.jpg,0,HAM_0003189,nv
ISIC_0031652.jpg,0,HAM_0004789,nv
ISIC_0030846.jpg,0,HAM_0006242,nv
ISIC_0029829.jpg,0,HAM_0006992,nv
ISIC_0025407.jpg,0,HAM_0002226,nv
ISIC_0031297.jpg,0,HAM_0003323,nv
ISIC_0032391.jpg,0,HAM_0004481,nv
ISIC_0029149.jpg,0,HAM_0002545,nv
ISIC_0032169.jpg,0,HAM_0005044,nv
ISIC_0024584.jpg,0,HAM_0001391,nv
ISIC_0029870.jpg,0,HAM_0002151,nv
ISIC_0028164.jpg,0,HAM_0006443,nv
ISIC_0025528.jpg,0,HAM_0005597,nv
ISIC_0027000.jpg,0,HAM_0000408,nv
ISIC_0027221.jpg,0,HAM_0004737,nv
ISIC_0031833.jpg,0,HAM_0006703,nv
ISIC_0028289.jpg,0,HAM_0002748,nv
ISIC_0031164.jpg,0,HAM_0007230,nv
ISIC_0029998.jpg,0,HAM_0005401,nv
ISIC_0031579.jpg,0,HAM_0003020,nv
ISIC_0027810.jpg,0,HAM_0000047,nv
ISIC_0026339.jpg,0,HAM_0004951,nv
ISIC_0032317.jpg,0,HAM_0001629,nv
ISIC_0029997.jpg,0,HAM_0000526,nv
ISIC_0029685.jpg,0,HAM_0002443,nv
ISIC_0025053.jpg,0,HAM_0005661,nv
ISIC_0030338.jpg,0,HAM_0001775,nv
ISIC_0030907.jpg,0,HAM_0006863,nv
ISIC_0030428.jpg,0,HAM_0002508,nv
ISIC_0026039.jpg,0,HAM_0000797,nv
ISIC_0029373.jpg,0,HAM_0003671,nv
ISIC_0025692.jpg,0,HAM_0007378,nv
ISIC_0030421.jpg,0,HAM_0007183,nv
ISIC_0029911.jpg,0,HAM_0000647,nv
ISIC_0030682.jpg,0,HAM_0002924,nv
ISIC_0027634.jpg,0,HAM_0005725,nv
ISIC_0024357.jpg,0,HAM_0005676,nv
ISIC_0026755.jpg,0,HAM_0001931,nv
ISIC_0027784.jpg,0,HAM_0001723,nv
ISIC_0028359.jpg,0,HAM_0001842,nv
ISIC_0031332.jpg,0,HAM_0001021,nv
ISIC_0031966.jpg,0,HAM_0005792,nv
ISIC_0027268.jpg,0,HAM_0002317,nv
ISIC_0026948.jpg,0,HAM_0007619,nv
ISIC_0026246.jpg,0,HAM_0003788,nv
ISIC_0028889.jpg,0,HAM_0003004,nv
ISIC_0032501.jpg,0,HAM_0001467,nv
ISIC_0028779.jpg,0,HAM_0003524,nv
ISIC_0025095.jpg,0,HAM_0006847,nv
ISIC_0027585.jpg,0,HAM_0000785,nv
ISIC_0028302.jpg,0,HAM_0007302,nv
ISIC_0026038.jpg,0,HAM_0000724,nv
ISIC_0028917.jpg,0,HAM_0003349,nv
ISIC_0029888.jpg,0,HAM_0003217,nv
ISIC_0024861.jpg,0,HAM_0005892,nv
ISIC_0032087.jpg,0,HAM_0001323,nv
ISIC_0032387.jpg,0,HAM_0005867,nv
ISIC_0026172.jpg,0,HAM_0003255,nv
ISIC_0031604.jpg,0,HAM_0004792,nv
ISIC_0027808.jpg,0,HAM_0006668,nv
ISIC_0025593.jpg,0,HAM_0001957,nv
ISIC_0025487.jpg,0,HAM_0005690,nv
ISIC_0029273.jpg,0,HAM_0004538,nv
ISIC_0025206.jpg,0,HAM_0004395,nv
ISIC_0027854.jpg,0,HAM_0002105,nv
ISIC_0027752.jpg,0,HAM_0007241,nv
ISIC_0025416.jpg,0,HAM_0005683,nv
ISIC_0030617.jpg,0,HAM_0006778,nv
ISIC_0029496.jpg,0,HAM_0001448,nv
ISIC_0025287.jpg,0,HAM_0004965,nv
ISIC_0024327.jpg,0,HAM_0005939,nv
ISIC_0027339.jpg,0,HAM_0000776,nv
ISIC_0028339.jpg,0,HAM_0000472,nv
ISIC_0031331.jpg,0,HAM_0004419,nv
ISIC_0025432.jpg,0,HAM_0006920,nv
ISIC_0026557.jpg,0,HAM_0000598,nv
ISIC_0027170.jpg,0,HAM_0000323,nv
ISIC_0031997.jpg,0,HAM_0003250,nv
ISIC_0030669.jpg,0,HAM_0007244,nv
ISIC_0032490.jpg,0,HAM_0002620,nv
ISIC_0030642.jpg,0,HAM_0007023,nv
ISIC_0025364.jpg,0,HAM_0000692,nv
ISIC_0027703.jpg,0,HAM_0001049,nv
ISIC_0030050.jpg,0,HAM_0001662,nv
ISIC_0026234.jpg,0,HAM_0003729,nv
ISIC_0024365.jpg,0,HAM_0001534,nv
ISIC_0025934.jpg,0,HAM_0006395,nv
ISIC_0025675.jpg,0,HAM_0000557,nv
ISIC_0030573.jpg,0,HAM_0003665,nv
ISIC_0029293.jpg,0,HAM_0000580,nv
ISIC_0025325.jpg,0,HAM_0002561,nv
ISIC_0027717.jpg,0,HAM_0005647,nv
ISIC_0029966.jpg,0,HAM_0003064,nv
ISIC_0028424.jpg,0,HAM_0000703,nv
ISIC_0027411.jpg,0,HAM_0001117,nv
ISIC_0025636.jpg,0,HAM_0001579,nv
ISIC_0026036.jpg,0,HAM_0003038,nv
ISIC_0024945.jpg,0,HAM_0004863,nv
ISIC_0028932.jpg,0,HAM_0000789,nv
ISIC_0027732.jpg,0,HAM_0006132,nv
ISIC_0031106.jpg,0,HAM_0004100,nv
ISIC_0026214.jpg,0,HAM_0002256,nv
ISIC_0025676.jpg,0,HAM_0004082,nv
ISIC_0025142.jpg,0,HAM_0004163,nv
ISIC_0024407.jpg,0,HAM_0002775,nv
ISIC_0032434.jpg,0,HAM_0003302,nv
ISIC_0030016.jpg,0,HAM_0003673,nv
ISIC_0026806.jpg,0,HAM_0001888,nv
ISIC_0025365.jpg,0,HAM_0000532,nv
ISIC_0027160.jpg,0,HAM_0007050,nv
ISIC_0028395.jpg,0,HAM_0006001,nv
ISIC_0028515.jpg,0,HAM_0006463,nv
ISIC_0030287.jpg,0,HAM_0004055,nv
ISIC_0027316.jpg,0,HAM_0004437,nv
ISIC_0026621.jpg,0,HAM_0001494,nv
ISIC_0029239.jpg,0,HAM_0001367,nv
ISIC_0027426.jpg,0,HAM_0004381,nv
ISIC_0025914.jpg,0,HAM_0006962,nv
ISIC_0030888.jpg,0,HAM_0005838,nv
ISIC_0025501.jpg,0,HAM_0003483,nv
ISIC_0030599.jpg,0,HAM_0004074,nv
ISIC_0032153.jpg,0,HAM_0001627,nv
ISIC_0025201.jpg,0,HAM_0000377,nv
ISIC_0029523.jpg,0,HAM_0005134,nv
ISIC_0030541.jpg,0,HAM_0006657,nv
ISIC_0032211.jpg,0,HAM_0000041,nv
ISIC_0027836.jpg,0,HAM_0002994,nv
ISIC_0026565.jpg,0,HAM_0002465,nv
ISIC_0027195.jpg,0,HAM_0006279,nv
ISIC_0028682.jpg,0,HAM_0002651,nv
ISIC_0029112.jpg,0,HAM_0003883,nv
ISIC_0026399.jpg,0,HAM_0003344,nv
ISIC_0029290.jpg,0,HAM_0005226,nv
ISIC_0025749.jpg,0,HAM_0007294,nv
ISIC_0029258.jpg,0,HAM_0002786,nv
ISIC_0025224.jpg,0,HAM_0000572,nv
ISIC_0031388.jpg,0,HAM_0003463,nv
ISIC_0026098.jpg,0,HAM_0000921,nv
ISIC_0028482.jpg,0,HAM_0004169,nv
ISIC_0028034.jpg,0,HAM_0005753,nv
ISIC_0029336.jpg,0,HAM_0005863,nv
ISIC_0027429.jpg,0,HAM_0002853,nv
ISIC_0028690.jpg,0,HAM_0002773,nv
ISIC_0026585.jpg,0,HAM_0006507,nv
ISIC_0025353.jpg,0,HAM_0003148,nv
ISIC_0026914.jpg,0,HAM_0005038,nv
ISIC_0024980.jpg,0,HAM_0005806,nv
ISIC_0031653.jpg,0,HAM_0004006,nv
ISIC_0028353.jpg,0,HAM_0000326,nv
ISIC_0030128.jpg,0,HAM_0002466,nv
ISIC_0032100.jpg,0,HAM_0000101,nv
ISIC_0026169.jpg,0,HAM_0006785,nv
ISIC_0031632.jpg,0,HAM_0005072,nv
ISIC_0025813.jpg,0,HAM_0001915,nv
ISIC_0031453.jpg,0,HAM_0000015,nv
ISIC_0026242.jpg,0,HAM_0006306,nv
ISIC_0030214.jpg,0,HAM_0006216,nv
ISIC_0027422.jpg,0,HAM_0002539,nv
ISIC_0025722.jpg,0,HAM_0001590,nv
ISIC_0031099.jpg,0,HAM_0004544,nv
ISIC_0028282.jpg,0,HAM_0002624,nv
ISIC_0028639.jpg,0,HAM_0006340,nv
ISIC_0028136.jpg,0,HAM_0003560,nv
ISIC_0026435.jpg,0,HAM_0006532,nv
ISIC_0026476.jpg,0,HAM_0000303,nv
ISIC_0031773.jpg,0,HAM_0007065,nv
ISIC_0031881.jpg,0,HAM_0006544,nv
ISIC_0026283.jpg,0,HAM_0003654,nv
ISIC_0029892.jpg,0,HAM_0006511,nv
ISIC_0027912.jpg,0,HAM_0002322,nv
ISIC_0029943.jpg,0,HAM_0002632,nv
ISIC_0029561.jpg,0,HAM_0005046,nv
ISIC_0026682.jpg,0,HAM_0000327,nv
ISIC_0027416.jpg,0,HAM_0006192,nv
ISIC_0028848.jpg,0,HAM_0004828,nv
ISIC_0028862.jpg,0,HAM_0003382,nv
ISIC_0024746.jpg,0,HAM_0004623,nv
ISIC_0029044.jpg,0,HAM_0004929,nv
ISIC_0028054.jpg,0,HAM_0004890,nv
ISIC_0030550.jpg,0,HAM_0000219,nv
ISIC_0031704.jpg,0,HAM_0002918,nv
ISIC_0030235.jpg,0,HAM_0002896,nv
ISIC_0024580.jpg,0,HAM_0003405,nv
ISIC_0025930.jpg,0,HAM_0000154,nv
ISIC_0031701.jpg,0,HAM_0005142,nv
ISIC_0028594.jpg,0,HAM_0006228,nv
ISIC_0031185.jpg,0,HAM_0000329,nv
ISIC_0024369.jpg,0,HAM_0004657,nv
ISIC_0029463.jpg,0,HAM_0003704,nv
ISIC_0029815.jpg,0,HAM_0006537,nv
ISIC_0028196.jpg,0,HAM_0002702,nv
ISIC_0030968.jpg,0,HAM_0006194,nv
ISIC_0029008.jpg,0,HAM_0000629,nv
ISIC_0024636.jpg,0,HAM_0001987,nv
ISIC_0032025.jpg,0,HAM_0001906,nv
ISIC_0031157.jpg,0,HAM_0003238,nv
ISIC_0031234.jpg,0,HAM_0006177,nv
ISIC_0031907.jpg,0,HAM_0004177,nv
ISIC_0025966.jpg,0,HAM_0001553,nv
ISIC_0027834.jpg,0,HAM_0002138,nv
ISIC_0025922.jpg,0,HAM_0002473,nv
ISIC_0032254.jpg,0,HAM_0001548,nv
ISIC_0024544.jpg,0,HAM_0007336,nv
ISIC_0030903.jpg,0,HAM_0005055,nv
ISIC_0025994.jpg,0,HAM_0006655,nv
ISIC_0028962.jpg,0,HAM_0001322,nv
ISIC_0030292.jpg,0,HAM_0002387,nv
ISIC_0029015.jpg,0,HAM_0002321,nv
ISIC_0025205.jpg,0,HAM_0007204,nv
ISIC_0028668.jpg,0,HAM_0003197,nv
ISIC_0031730.jpg,0,HAM_0003648,nv
ISIC_0030469.jpg,0,HAM_0005810,nv
ISIC_0030170.jpg,0,HAM_0006845,nv
ISIC_0025056.jpg,0,HAM_0007155,nv
ISIC_0026232.jpg,0,HAM_0000912,nv
ISIC_0030322.jpg,0,HAM_0005279,nv
ISIC_0030885.jpg,0,HAM_0000631,nv
ISIC_0031638.jpg,0,HAM_0002704,nv
ISIC_0026562.jpg,0,HAM_0000429,nv
ISIC_0028270.jpg,0,HAM_0004710,nv
ISIC_0027576.jpg,0,HAM_0003063,nv
ISIC_0027389.jpg,0,HAM_0005332,nv
ISIC_0031330.jpg,0,HAM_0002495,nv
ISIC_0024433.jpg,0,HAM_0001675,nv
ISIC_0032011.jpg,0,HAM_0002433,nv
ISIC_0030540.jpg,0,HAM_0000529,nv
ISIC_0031151.jpg,0,HAM_0003438,nv
ISIC_0024593.jpg,0,HAM_0007369,nv
ISIC_0029184.jpg,0,HAM_0005454,nv
ISIC_0030308.jpg,0,HAM_0006250,nv
ISIC_0030470.jpg,0,HAM_0001876,nv
ISIC_0025221.jpg,0,HAM_0002294,nv
ISIC_0027124.jpg,0,HAM_0003636,nv
ISIC_0032366.jpg,0,HAM_0004046,nv
ISIC_0028827.jpg,0,HAM_0001816,nv
ISIC_0027816.jpg,0,HAM_0005094,nv
ISIC_0025366.jpg,0,HAM_0002276,bkl
ISIC_0028539.jpg,0,HAM_0002215,nv
ISIC_0030936.jpg,0,HAM_0002066,nv
ISIC_0030168.jpg,0,HAM_0000966,nv
ISIC_0031229.jpg,0,HAM_0004489,nv
ISIC_0031777.jpg,0,HAM_0006909,nv
ISIC_0025558.jpg,0,HAM_0004933,nv
ISIC_0026520.jpg,0,HAM_0000642,nv
ISIC_0028007.jpg,0,HAM_0006969,nv
ISIC_0024692.jpg,0,HAM_0004744,nv
ISIC_0030729.jpg,0,HAM_0003048,nv
ISIC_0030457.jpg,0,HAM_0006662,nv
ISIC_0029729.jpg,0,HAM_0003008,nv
ISIC_0028768.jpg,0,HAM_0000148,nv
ISIC_0026383.jpg,0,HAM_0004039,nv
ISIC_0025794.jpg,0,HAM_0001810,nv
ISIC_0028888.jpg,0,HAM_0003838,nv
ISIC_0028137.jpg,0,HAM_0006416,nv
ISIC_0027691.jpg,0,HAM_0001482,nv
ISIC_0024473.jpg,0,HAM_0001414,nv
ISIC_0024791.jpg,0,HAM_0002940,nv
ISIC_0028805.jpg,0,HAM_0006166,nv
ISIC_0032442.jpg,0,HAM_0000812,nv
ISIC_0025255.jpg,0,HAM_0007142,nv
ISIC_0026778.jpg,0,HAM_0002344,nv
ISIC_0028462.jpg,0,HAM_0004702,nv
ISIC_0025052.jpg,0,HAM_0005424,nv
ISIC_0030302.jpg,0,HAM_0000058,nv
ISIC_0028812.jpg,0,HAM_0004248,nv
ISIC_0031606.jpg,0,HAM_0006270,nv
ISIC_0031422.jpg,0,HAM_0003375,nv
ISIC_0032453.jpg,0,HAM_0000132,nv
ISIC_0029784.jpg,0,HAM_0005563,nv
ISIC_0029633.jpg,0,HAM_0002302,nv
ISIC_0027136.jpg,0,HAM_0002266,nv
ISIC_0028546.jpg,0,HAM_0007512,nv
ISIC_0028111.jpg,0,HAM_0004952,nv
ISIC_0030880.jpg,0,HAM_0004803,nv
ISIC_0025041.jpg,0,HAM_0001307,nv
ISIC_0027763.jpg,0,HAM_0000548,nv
ISIC_0026700.jpg,0,HAM_0006901,nv
ISIC_0031174.jpg,0,HAM_0000713,nv
ISIC_0031319.jpg,0,HAM_0002845,nv
ISIC_0028025.jpg,0,HAM_0005462,nv
ISIC_0027572.jpg,0,HAM_0006271,nv
ISIC_0027212.jpg,0,HAM_0003341,nv
ISIC_0030376.jpg,0,HAM_0000053,nv
ISIC_0029822.jpg,0,HAM_0006332,nv
ISIC_0027886.jpg,0,HAM_0000003,nv
ISIC_0031776.jpg,0,HAM_0002404,nv
ISIC_0027932.jpg,0,HAM_0005569,nv
ISIC_0029385.jpg,0,HAM_0005187,nv
ISIC_0026986.jpg,0,HAM_0006044,nv
ISIC_0024464.jpg,0,HAM_0005604,nv
ISIC_0027301.jpg,0,HAM_0003092,nv
ISIC_0026836.jpg,0,HAM_0006871,nv
ISIC_0028864.jpg,0,HAM_0005800,nv
ISIC_0029918.jpg,0,HAM_0000170,nv
ISIC_0028694.jpg,0,HAM_0004841,nv
ISIC_0025044.jpg,0,HAM_0000339,nv
ISIC_0025635.jpg,0,HAM_0004639,nv
ISIC_0031237.jpg,0,HAM_0001978,nv
ISIC_0026613.jpg,0,HAM_0004116,nv
ISIC_0025508.jpg,0,HAM_0000705,nv
ISIC_0029876.jpg,0,HAM_0002286,nv
ISIC_0024788.jpg,0,HAM_0001121,nv
ISIC_0028975.jpg,0,HAM_0004819,nv
ISIC_0029701.jpg,0,HAM_0001425,nv
ISIC_0027843.jpg,0,HAM_0006671,nv
ISIC_0029118.jpg,0,HAM_0000444,nv
ISIC_0026185.jpg,0,HAM_0001897,nv
ISIC_0026137.jpg,0,HAM_0006669,nv
ISIC_0028523.jpg,0,HAM_0001523,nv
ISIC_0030536.jpg,0,HAM_0002782,nv
ISIC_0030902.jpg,0,HAM_0004790,nv
ISIC_0024493.jpg,0,HAM_0006689,nv
ISIC_0026891.jpg,0,HAM_0002287,nv
ISIC_0028260.jpg,0,HAM_0005139,nv
ISIC_0024863.jpg,0,HAM_0002359,nv
ISIC_0031837.jpg,0,HAM_0005975,nv
ISIC_0030774.jpg,0,HAM_0002889,nv
ISIC_0030041.jpg,0,HAM_0000925,nv
ISIC_0025615.jpg,0,HAM_0006568,nv
ISIC_0029317.jpg,0,HAM_0005629,nv
ISIC_0025900.jpg,0,HAM_0000943,nv
ISIC_0030797.jpg,0,HAM_0006691,nv
ISIC_0031690.jpg,0,HAM_0006809,nv
ISIC_0026594.jpg,0,HAM_0003383,nv
ISIC_0026936.jpg,0,HAM_0000574,nv
ISIC_0026075.jpg,0,HAM_0004134,nv
ISIC_0024512.jpg,0,HAM_0000539,nv
ISIC_0027939.jpg,0,HAM_0002741,nv
ISIC_0027164.jpg,0,HAM_0004328,nv
ISIC_0029619.jpg,0,HAM_0002080,nv
ISIC_0024637.jpg,0,HAM_0006812,nv
ISIC_0027276.jpg,0,HAM_0000649,nv
ISIC_0024879.jpg,0,HAM_0001387,nv
ISIC_0030906.jpg,0,HAM_0004847,nv
ISIC_0025120.jpg,0,HAM_0000551,nv
ISIC_0031291.jpg,0,HAM_0001918,nv
ISIC_0031947.jpg,0,HAM_0002961,nv
ISIC_0030904.jpg,0,HAM_0000120,nv
ISIC_0024868.jpg,0,HAM_0003080,nv
ISIC_0024884.jpg,0,HAM_0001140,nv
ISIC_0031938.jpg,0,HAM_0004613,nv
ISIC_0027290.jpg,0,HAM_0003502,nv
ISIC_0029386.jpg,0,HAM_0004707,nv
ISIC_0027220.jpg,0,HAM_0005797,nv
ISIC_0029410.jpg,0,HAM_0004286,nv
ISIC_0029675.jpg,0,HAM_0001314,nv
ISIC_0029751.jpg,0,HAM_0004786,nv
ISIC_0026175.jpg,0,HAM_0006953,nv
ISIC_0030293.jpg,0,HAM_0007618,nv
ISIC_0031035.jpg,0,HAM_0004253,nv
ISIC_0029604.jpg,0,HAM_0001804,nv
ISIC_0028967.jpg,0,HAM_0001449,nv
ISIC_0031771.jpg,0,HAM_0001582,nv
ISIC_0028044.jpg,0,HAM_0000867,nv
ISIC_0031572.jpg,0,HAM_0002662,nv
ISIC_0032426.jpg,0,HAM_0007527,nv
ISIC_0030411.jpg,0,HAM_0001392,nv
ISIC_0030315.jpg,0,HAM_0002584,nv
ISIC_0030269.jpg,0,HAM_0006817,nv
ISIC_0028597.jpg,0,HAM_0000652,nv
ISIC_0031571.jpg,0,HAM_0003233,nv
ISIC_0032059.jpg,0,HAM_0001661,nv
ISIC_0031069.jpg,0,HAM_0003122,nv
ISIC_0024348.jpg,0,HAM_0002426,nv
ISIC_0028356.jpg,0,HAM_0000175,nv
ISIC_0027919.jpg,0,HAM_0006523,nv
ISIC_0031219.jpg,0,HAM_0004851,nv
ISIC_0031781.jpg,0,HAM_0004263,nv
ISIC_0024690.jpg,0,HAM_0005295,nv
ISIC_0025175.jpg,0,HAM_0002124,nv
ISIC_0028175.jpg,0,HAM_0000958,nv
ISIC_0025444.jpg,0,HAM_0000427,nv
ISIC_0025274.jpg,0,HAM_0001504,nv
ISIC_0030120.jpg,0,HAM_0000729,nv
ISIC_0026057.jpg,0,HAM_0000038,nv
ISIC_0025878.jpg,0,HAM_0001231,nv
ISIC_0027375.jpg,0,HAM_0005349,nv
ISIC_0031534.jpg,0,HAM_0002111,nv
ISIC_0025613.jpg,0,HAM_0000446,nv
ISIC_0027564.jpg,0,HAM_0004826,nv
ISIC_0027145.jpg,0,HAM_0001357,nv
ISIC_0025256.jpg,0,HAM_0006774,nv
ISIC_0026465.jpg,0,HAM_0006661,nv
ISIC_0026256.jpg,0,HAM_0003960,nv
ISIC_0028365.jpg,0,HAM_0007209,nv
ISIC_0028108.jpg,0,HAM_0005037,nv
ISIC_0031477.jpg,0,HAM_0005464,nv
ISIC_0031153.jpg,0,HAM_0004861,nv
ISIC_0030483.jpg,0,HAM_0006569,nv
ISIC_0024421.jpg,0,HAM_0001260,nv
ISIC_0026366.jpg,0,HAM_0005236,nv
ISIC_0027661.jpg,0,HAM_0002414,nv
ISIC_0025192.jpg,0,HAM_0004982,nv
ISIC_0027085.jpg,0,HAM_0007026,nv
ISIC_0027251.jpg,0,HAM_0007067,nv
ISIC_0031995.jpg,0,HAM_0006649,nv
ISIC_0028572.jpg,0,HAM_0006013,nv
ISIC_0026168.jpg,0,HAM_0002013,nv
ISIC_0029469.jpg,0,HAM_0003976,nv
ISIC_0030289.jpg,0,HAM_0002836,nv
ISIC_0028933.jpg,0,HAM_0001572,nv
ISIC_0027356.jpg,0,HAM_0000473,nv
ISIC_0030836.jpg,0,HAM_0001554,nv
ISIC_0029618.jpg,0,HAM_0005655,nv
ISIC_0030204.jpg,0,HAM_0005104,nv
ISIC_0028242.jpg,0,HAM_0000768,nv
ISIC_0028699.jpg,0,HAM_0002260,nv
ISIC_0030003.jpg,0,HAM_0005229,nv
ISIC_0032321.jpg,0,HAM_0006859,nv
ISIC_0030658.jpg,0,HAM_0002474,nv
ISIC_0032193.jpg,0,HAM_0007492,nv
ISIC_0030944.jpg,0,HAM_0000858,nv
ISIC_0025298.jpg,0,HAM_0002815,nv
ISIC_0030566.jpg,0,HAM_0002464,nv
ISIC_0028142.jpg,0,HAM_0001431,nv
ISIC_0028613.jpg,0,HAM_0004080,nv
ISIC_0024887.jpg,0,HAM_0003457,nv
ISIC_0027121.jpg,0,HAM_0004941,nv
ISIC_0028466.jpg,0,HAM_0006261,nv
ISIC_0027591.jpg,0,HAM_0001614,nv
ISIC_0030400.jpg,0,HAM_0001145,nv
ISIC_0030282.jpg,0,HAM_0005211,nv
ISIC_0028935.jpg,0,HAM_0001336,nv
ISIC_0024985.jpg,0,HAM_0002900,nv
ISIC_0025514.jpg,0,HAM_0006791,nv
ISIC_0026136.jpg,0,HAM_0003145,nv
ISIC_0024856.jpg,0,HAM_0004009,nv
ISIC_0028921.jpg,0,HAM_0000507,nv
ISIC_0024598.jpg,0,HAM_0000748,nv
ISIC_0025054.jpg,0,HAM_0005864,nv
ISIC_0029703.jpg,0,HAM_0000617,nv
ISIC_0031699.jpg,0,HAM_0003611,nv
ISIC_0031213.jpg,0,HAM_0005225,nv
ISIC_0031038.jpg,0,HAM_0007323,nv
ISIC_0032337.jpg,0,HAM_0002038,nv
ISIC_0029211.jpg,0,HAM_0001162,nv
ISIC_0027467.jpg,0,HAM_0002531,nv
ISIC_0031102.jpg,0,HAM_0004122,nv
ISIC_0026659.jpg,0,HAM_0006641,nv
ISIC_0032231.jpg,0,HAM_0001591,nv
ISIC_0028869.jpg,0,HAM_0002283,nv
ISIC_0028705.jpg,0,HAM_0002353,nv
ISIC_0028775.jpg,0,HAM_0005495,nv
ISIC_0025080.jpg,0,HAM_0002277,nv
ISIC_0029950.jpg,0,HAM_0000232,nv
ISIC_0025910.jpg,0,HAM_0000235,nv
ISIC_0030761.jpg,0,HAM_0002949,nv
ISIC_0031402.jpg,0,HAM_0002505,nv
ISIC_0031461.jpg,0,HAM_0001241,nv
ISIC_0030862.jpg,0,HAM_0006428,nv
ISIC_0030049.jpg,0,HAM_0007469,nv
ISIC_0025536.jpg,0,HAM_0005035,nv
ISIC_0027318.jpg,0,HAM_0000927,nv
ISIC_0032162.jpg,0,HAM_0001188,nv
ISIC_0025979.jpg,0,HAM_0003470,nv
ISIC_0026021.jpg,0,HAM_0004013,nv
ISIC_0025375.jpg,0,HAM_0007600,nv
ISIC_0026079.jpg,0,HAM_0004683,nv
ISIC_0030957.jpg,0,HAM_0003371,nv
ISIC_0025833.jpg,0,HAM_0003131,nv
ISIC_0030547.jpg,0,HAM_0006956,nv
ISIC_0031288.jpg,0,HAM_0005182,nv
ISIC_0027106.jpg,0,HAM_0003576,nv
ISIC_0031392.jpg,0,HAM_0007465,nv
ISIC_0025947.jpg,0,HAM_0007060,nv
ISIC_0031909.jpg,0,HAM_0007266,nv
ISIC_0026822.jpg,0,HAM_0002626,nv
ISIC_0025559.jpg,0,HAM_0002354,nv
ISIC_0030787.jpg,0,HAM_0005066,nv
ISIC_0030000.jpg,0,HAM_0004735,nv
ISIC_0028819.jpg,0,HAM_0003536,nv
ISIC_0026460.jpg,0,HAM_0006792,nv
ISIC_0028426.jpg,0,HAM_0003541,nv
ISIC_0031199.jpg,0,HAM_0006046,nv
ISIC_0029023.jpg,0,HAM_0005598,nv
ISIC_0026960.jpg,0,HAM_0005456,nv
ISIC_0027764.jpg,0,HAM_0000183,nv
ISIC_0026817.jpg,0,HAM_0002653,nv
ISIC_0029274.jpg,0,HAM_0003632,nv
ISIC_0027165.jpg,0,HAM_0005476,nv
ISIC_0031250.jpg,0,HAM_0005812,nv
ISIC_0025084.jpg,0,HAM_0001522,nv
ISIC_0028337.jpg,0,HAM_0000546,nv
ISIC_0031438.jpg,0,HAM_0005001,nv
ISIC_0028077.jpg,0,HAM_0002166,nv
ISIC_0029132.jpg,0,HAM_0001632,nv
ISIC_0024429.jpg,0,HAM_0006272,nv
ISIC_0029972.jpg,0,HAM_0002997,nv
ISIC_0030519.jpg,0,HAM_0005703,nv
ISIC_0026949.jpg,0,HAM_0007252,nv
ISIC_0028428.jpg,0,HAM_0001338,nv
ISIC_0026225.jpg,0,HAM_0003781,nv
ISIC_0029142.jpg,0,HAM_0000016,nv
ISIC_0028861.jpg,0,HAM_0005621,nv
ISIC_0027373.jpg,0,HAM_0007616,nv
ISIC_0031021.jpg,0,HAM_0006780,nv
ISIC_0028319.jpg,0,HAM_0001464,nv
ISIC_0024309.jpg,0,HAM_0000484,nv
ISIC_0031469.jpg,0,HAM_0003283,nv
ISIC_0032073.jpg,0,HAM_0001794,nv
ISIC_0027554.jpg,0,HAM_0001123,nv
ISIC_0025003.jpg,0,HAM_0004269,nv
ISIC_0027166.jpg,0,HAM_0003108,nv
ISIC_0026202.jpg,0,HAM_0006219,nv
ISIC_0024556.jpg,0,HAM_0003151,nv
ISIC_0026733.jpg,0,HAM_0006385,nv
ISIC_0030871.jpg,0,HAM_0004533,nv
ISIC_0031582.jpg,0,HAM_0006299,nv
ISIC_0025328.jpg,0,HAM_0004834,nv
ISIC_0024901.jpg,0,HAM_0001606,nv
ISIC_0025544.jpg,0,HAM_0001420,nv
ISIC_0028836.jpg,0,HAM_0004971,nv
ISIC_0029699.jpg,0,HAM_0005241,nv
ISIC_0025861.jpg,0,HAM_0006917,nv
ISIC_0032228.jpg,0,HAM_0003984,nv
ISIC_0027157.jpg,0,HAM_0002756,nv
ISIC_0028660.jpg,0,HAM_0003674,nv
ISIC_0032201.jpg,0,HAM_0000227,nv
ISIC_0032066.jpg,0,HAM_0002225,nv
ISIC_0025116.jpg,0,HAM_0004316,nv
ISIC_0028443.jpg,0,HAM_0004601,nv
ISIC_0030955.jpg,0,HAM_0000657,nv
ISIC_0024738.jpg,0,HAM_0000203,nv
ISIC_0031279.jpg,0,HAM_0006339,nv
ISIC_0030804.jpg,0,HAM_0000702,nv
ISIC_0029628.jpg,0,HAM_0004227,nv
ISIC_0027472.jpg,0,HAM_0004256,nv
ISIC_0026858.jpg,0,HAM_0007093,nv
ISIC_0032288.jpg,0,HAM_0006100,nv
ISIC_0025952.jpg,0,HAM_0004678,nv
ISIC_0025868.jpg,0,HAM_0003251,nv
ISIC_0024649.jpg,0,HAM_0001151,nv
ISIC_0031051.jpg,0,HAM_0003748,nv
ISIC_0027331.jpg,0,HAM_0004499,nv
ISIC_0029305.jpg,0,HAM_0002459,nv
ISIC_0027657.jpg,0,HAM_0004070,nv
ISIC_0027485.jpg,0,HAM_0003060,nv
ISIC_0031437.jpg,0,HAM_0001376,nv
ISIC_0027333.jpg,0,HAM_0000564,nv
ISIC_0026620.jpg,0,HAM_0000435,nv
ISIC_0024944.jpg,0,HAM_0003296,nv
ISIC_0025482.jpg,0,HAM_0000328,nv
ISIC_0027227.jpg,0,HAM_0001833,nv
ISIC_0024534.jpg,0,HAM_0003207,nv
ISIC_0031313.jpg,0,HAM_0004094,nv
ISIC_0028813.jpg,0,HAM_0001067,nv
ISIC_0030569.jpg,0,HAM_0003924,nv
ISIC_0028048.jpg,0,HAM_0002631,nv
ISIC_0024374.jpg,0,HAM_0005361,nv
ISIC_0031661.jpg,0,HAM_0001519,nv
ISIC_0027597.jpg,0,HAM_0005242,nv
ISIC_0027482.jpg,0,HAM_0001502,nv
ISIC_0026689.jpg,0,HAM_0005003,nv
ISIC_0027646.jpg,0,HAM_0000541,nv
ISIC_0026051.jpg,0,HAM_0005813,nv
ISIC_0028184.jpg,0,HAM_0007152,nv
ISIC_0026862.jpg,0,HAM_0002211,nv
ISIC_0028299.jpg,0,HAM_0001540,nv
ISIC_0026320.jpg,0,HAM_0005564,nv
ISIC_0032419.jpg,0,HAM_0004879,nv
ISIC_0031797.jpg,0,HAM_0001064,nv
ISIC_0025057.jpg,0,HAM_0005217,nv
ISIC_0030943.jpg,0,HAM_0000518,nv
ISIC_0029848.jpg,0,HAM_0001993,nv
ISIC_0024803.jpg,0,HAM_0001168,nv
ISIC_0028985.jpg,0,HAM_0006611,nv
ISIC_0025024.jpg,0,HAM_0002562,nv
ISIC_0030736.jpg,0,HAM_0004818,nv
ISIC_0031685.jpg,0,HAM_0002054,nv
ISIC_0026792.jpg,0,HAM_0001778,nv
ISIC_0025815.jpg,0,HAM_0005036,nv
ISIC_0026114.jpg,0,HAM_0006375,nv
ISIC_0029426.jpg,0,HAM_0002250,nv
ISIC_0025664.jpg,0,HAM_0004619,nv
ISIC_0028833.jpg,0,HAM_0001015,nv
ISIC_0029335.jpg,0,HAM_0005119,nv
ISIC_0030875.jpg,0,HAM_0001544,nv
ISIC_0024964.jpg,0,HAM_0007251,nv
ISIC_0026087.jpg,0,HAM_0002378,nv
ISIC_0031647.jpg,0,HAM_0005088,nv
ISIC_0030351.jpg,0,HAM_0004017,nv
ISIC_0025104.jpg,0,HAM_0007128,nv
ISIC_0025634.jpg,0,HAM_0004135,nv
ISIC_0029883.jpg,0,HAM_0006382,nv
ISIC_0026994.jpg,0,HAM_0002930,nv
ISIC_0029266.jpg,0,HAM_0004750,nv
ISIC_0024523.jpg,0,HAM_0006246,nv
ISIC_0028789.jpg,0,HAM_0003032,nv
ISIC_0029111.jpg,0,HAM_0003964,nv
ISIC_0026540.jpg,0,HAM_0002778,nv
ISIC_0027061.jpg,0,HAM_0007505,nv
ISIC_0025607.jpg,0,HAM_0004757,nv
ISIC_0027938.jpg,0,HAM_0006885,nv
ISIC_0030206.jpg,0,HAM_0000191,nv
ISIC_0029381.jpg,0,HAM_0002681,nv
ISIC_0030274.jpg,0,HAM_0005100,nv
ISIC_0025678.jpg,0,HAM_0006836,nv
ISIC_0028349.jpg,0,HAM_0003841,nv
ISIC_0032133.jpg,0,HAM_0007104,nv
ISIC_0031256.jpg,0,HAM_0005065,nv
ISIC_0032071.jpg,0,HAM_0006982,nv
ISIC_0028062.jpg,0,HAM_0004964,nv
ISIC_0024976.jpg,0,HAM_0006789,nv
ISIC_0024815.jpg,0,HAM_0005166,nv
ISIC_0031114.jpg,0,HAM_0005214,nv
ISIC_0024492.jpg,0,HAM_0006736,nv
ISIC_0026269.jpg,0,HAM_0007205,nv
ISIC_0028939.jpg,0,HAM_0005218,nv
ISIC_0027935.jpg,0,HAM_0005219,nv
ISIC_0030734.jpg,0,HAM_0004692,nv
ISIC_0032484.jpg,0,HAM_0005506,nv
ISIC_0025146.jpg,0,HAM_0000228,nv
ISIC_0027156.jpg,0,HAM_0005172,nv
ISIC_0026361.jpg,0,HAM_0004537,nv
ISIC_0027600.jpg,0,HAM_0001959,nv
ISIC_0024838.jpg,0,HAM_0002264,nv
ISIC_0032367.jpg,0,HAM_0006415,nv
ISIC_0028102.jpg,0,HAM_0004793,nv
ISIC_0026980.jpg,0,HAM_0005876,nv
ISIC_0028721.jpg,0,HAM_0007173,nv
ISIC_0025461.jpg,0,HAM_0000852,nv
ISIC_0028160.jpg,0,HAM_0006659,nv
ISIC_0028821.jpg,0,HAM_0003992,nv
ISIC_0032202.jpg,0,HAM_0001170,nv
ISIC_0024804.jpg,0,HAM_0006733,nv
ISIC_0027868.jpg,0,HAM_0003900,nv
ISIC_0030332.jpg,0,HAM_0007035,nv
ISIC_0026651.jpg,0,HAM_0001969,nv
ISIC_0029697.jpg,0,HAM_0005671,nv
ISIC_0031364.jpg,0,HAM_0000723,nv
ISIC_0026875.jpg,0,HAM_0007539,nv
ISIC_0027440.jpg,0,HAM_0003025,nv
ISIC_0027456.jpg,0,HAM_0005323,nv
ISIC_0025747.jpg,0,HAM_0006911,nv
ISIC_0027758.jpg,0,HAM_0007145,nv
ISIC_0027869.jpg,0,HAM_0001411,nv
ISIC_0026910.jpg,0,HAM_0003661,nv
ISIC_0031963.jpg,0,HAM_0005521,nv
ISIC_0031625.jpg,0,HAM_0001862,nv
ISIC_0029300.jpg,0,HAM_0003914,nv
ISIC_0032002.jpg,0,HAM_0005130,nv
ISIC_0031800.jpg,0,HAM_0003551,nv
ISIC_0027566.jpg,0,HAM_0004664,nv
ISIC_0030743.jpg,0,HAM_0003513,nv
ISIC_0024548.jpg,0,HAM_0007441,nv
ISIC_0030374.jpg,0,HAM_0007095,nv
ISIC_0027575.jpg,0,HAM_0002758,nv
ISIC_0024465.jpg,0,HAM_0006377,nv
ISIC_0031398.jpg,0,HAM_0005474,nv
ISIC_0029984.jpg,0,HAM_0004523,nv
ISIC_0032039.jpg,0,HAM_0005654,nv
ISIC_0030306.jpg,0,HAM_0001904,nv
ISIC_0025849.jpg,0,HAM_0001153,nv
ISIC_0025028.jpg,0,HAM_0003231,nv
ISIC_0030202.jpg,0,HAM_0003644,nv
ISIC_0024687.jpg,0,HAM_0005247,nv
ISIC_0027881.jpg,0,HAM_0004473,nv
ISIC_0030911.jpg,0,HAM_0005111,nv
ISIC_0027621.jpg,0,HAM_0003595,nv
ISIC_0032166.jpg,0,HAM_0001960,nv
ISIC_0032266.jpg,0,HAM_0002289,nv
ISIC_0028375.jpg,0,HAM_0006997,nv
ISIC_0031682.jpg,0,HAM_0002144,nv
ISIC_0025150.jpg,0,HAM_0003482,nv
ISIC_0031734.jpg,0,HAM_0000810,nv
ISIC_0029471.jpg,0,HAM_0000205,nv
ISIC_0025406.jpg,0,HAM_0002073,nv
ISIC_0024501.jpg,0,HAM_0007044,nv
ISIC_0031173.jpg,0,HAM_0005802,nv
ISIC_0030285.jpg,0,HAM_0005178,nv
ISIC_0026415.jpg,0,HAM_0000520,nv
ISIC_0025738.jpg,0,HAM_0004378,nv
ISIC_0026201.jpg,0,HAM_0001339,nv
ISIC_0030570.jpg,0,HAM_0004885,nv
ISIC_0026243.jpg,0,HAM_0002230,nv
ISIC_0026470.jpg,0,HAM_0003314,nv
ISIC_0025359.jpg,0,HAM_0004517,nv
ISIC_0025246.jpg,0,HAM_0001042,nv
ISIC_0028377.jpg,0,HAM_0007408,nv
ISIC_0027910.jpg,0,HAM_0001670,nv
ISIC_0025090.jpg,0,HAM_0007258,nv
ISIC_0030524.jpg,0,HAM_0005419,nv
ISIC_0031018.jpg,0,HAM_0005097,nv
ISIC_0029708.jpg,0,HAM_0000899,nv
ISIC_0030538.jpg,0,HAM_0003630,nv
ISIC_0029085.jpg,0,HAM_0007467,nv
ISIC_0031637.jpg,0,HAM_0007159,nv
ISIC_0027111.jpg,0,HAM_0000368,nv
ISIC_0030092.jpg,0,HAM_0002000,nv
ISIC_0031190.jpg,0,HAM_0005028,nv
ISIC_0031544.jpg,0,HAM_0001311,nv
ISIC_0030814.jpg,0,HAM_0005675,nv
ISIC_0030193.jpg,0,HAM_0000671,nv
ISIC_0030448.jpg,0,HAM_0005013,nv
ISIC_0031504.jpg,0,HAM_0006103,nv
ISIC_0026032.jpg,0,HAM_0006370,nv
ISIC_0025318.jpg,0,HAM_0000760,nv
ISIC_0026710.jpg,0,HAM_0003732,nv
ISIC_0024322.jpg,0,HAM_0001538,nv
ISIC_0026128.jpg,0,HAM_0006033,nv
ISIC_0031523.jpg,0,HAM_0000686,nv
ISIC_0030679.jpg,0,HAM_0005784,nv
ISIC_0026740.jpg,0,HAM_0003657,nv
ISIC_0028712.jpg,0,HAM_0002160,nv
ISIC_0026112.jpg,0,HAM_0000301,nv
ISIC_0026830.jpg,0,HAM_0006461,nv
ISIC_0032336.jpg,0,HAM_0002460,nv
ISIC_0030477.jpg,0,HAM_0000141,nv
ISIC_0027384.jpg,0,HAM_0005565,nv
ISIC_0024379.jpg,0,HAM_0003772,nv
ISIC_0031882.jpg,0,HAM_0005341,nv
ISIC_0026302.jpg,0,HAM_0003751,nv
ISIC_0028817.jpg,0,HAM_0003294,nv
ISIC_0026812.jpg,0,HAM_0007383,nv
ISIC_0026129.jpg,0,HAM_0001035,nv
ISIC_0027605.jpg,0,HAM_0005266,nv
ISIC_0031390.jpg,0,HAM_0007544,nv
ISIC_0027215.jpg,0,HAM_0006950,nv
ISIC_0030878.jpg,0,HAM_0007166,nv
ISIC_0032467.jpg,0,HAM_0003234,nv
ISIC_0027307.jpg,0,HAM_0002262,nv
ISIC_0025390.jpg,0,HAM_0001631,nv
ISIC_0029490.jpg,0,HAM_0003721,nv
ISIC_0032005.jpg,0,HAM_0000455,nv
ISIC_0026241.jpg,0,HAM_0003412,nv
ISIC_0026731.jpg,0,HAM_0001213,nv
ISIC_0031086.jpg,0,HAM_0004159,nv
ISIC_0029346.jpg,0,HAM_0004625,nv
ISIC_0024555.jpg,0,HAM_0004407,nv
ISIC_0030660.jpg,0,HAM_0003128,nv
ISIC_0030461.jpg,0,HAM_0004252,nv
ISIC_0025931.jpg,0,HAM_0001407,nv
ISIC_0030239.jpg,0,HAM_0001648,nv
ISIC_0028058.jpg,0,HAM_0001005,nv
ISIC_0025974.jpg,0,HAM_0001770,nv
ISIC_0026915.jpg,0,HAM_0002851,nv
ISIC_0031774.jpg,0,HAM_0002275,nv
ISIC_0025981.jpg,0,HAM_0007499,nv
ISIC_0031176.jpg,0,HAM_0003952,nv
ISIC_0031865.jpg,0,HAM_0001556,nv
ISIC_0030237.jpg,0,HAM_0003210,nv
ISIC_0032091.jpg,0,HAM_0003114,nv
ISIC_0025213.jpg,0,HAM_0003150,nv
ISIC_0030174.jpg,0,HAM_0005259,nv
ISIC_0024765.jpg,0,HAM_0005087,nv
ISIC_0030099.jpg,0,HAM_0000474,nv
ISIC_0024776.jpg,0,HAM_0000209,nv
ISIC_0027019.jpg,0,HAM_0004629,nv
ISIC_0026144.jpg,0,HAM_0000023,nv
ISIC_0032263.jpg,0,HAM_0001290,nv
ISIC_0027055.jpg,0,HAM_0005294,nv
ISIC_0027108.jpg,0,HAM_0004922,nv
ISIC_0032241.jpg,0,HAM_0000882,nv
ISIC_0029388.jpg,0,HAM_0006144,nv
ISIC_0031367.jpg,0,HAM_0006891,nv
ISIC_0030596.jpg,0,HAM_0006285,nv
ISIC_0026208.jpg,0,HAM_0007201,nv
ISIC_0024835.jpg,0,HAM_0006357,nv
ISIC_0028177.jpg,0,HAM_0000031,nv
ISIC_0030502.jpg,0,HAM_0002991,nv
ISIC_0030974.jpg,0,HAM_0005292,nv
ISIC_0031231.jpg,0,HAM_0001875,nv
ISIC_0027765.jpg,0,HAM_0005307,nv
ISIC_0025093.jpg,0,HAM_0003970,nv
ISIC_0027871.jpg,0,HAM_0004310,nv
ISIC_0030337.jpg,0,HAM_0002640,nv
ISIC_0030668.jpg,0,HAM_0006579,nv
ISIC_0028105.jpg,0,HAM_0005397,nv
ISIC_0028554.jpg,0,HAM_0000942,nv
ISIC_0031636.jpg,0,HAM_0003469,nv
ISIC_0031714.jpg,0,HAM_0004307,nv
ISIC_0026718.jpg,0,HAM_0007285,nv
ISIC_0024661.jpg,0,HAM_0000743,nv
ISIC_0025474.jpg,0,HAM_0004271,nv
ISIC_0024510.jpg,0,HAM_0007453,nv
ISIC_0030481.jpg,0,HAM_0003876,nv
ISIC_0025397.jpg,0,HAM_0004402,nv
ISIC_0025756.jpg,0,HAM_0000608,nv
ISIC_0032088.jpg,0,HAM_0007045,nv
ISIC_0029367.jpg,0,HAM_0003304,nv
ISIC_0032223.jpg,0,HAM_0003059,nv
ISIC_0026449.jpg,0,HAM_0002284,nv
ISIC_0028609.jpg,0,HAM_0007608,nv
ISIC_0031355.jpg,0,HAM_0007466,nv
ISIC_0025866.jpg,0,HAM_0001882,nv
ISIC_0025877.jpg,0,HAM_0005123,nv
ISIC_0030509.jpg,0,HAM_0000027,nv
ISIC_0024641.jpg,0,HAM_0005860,nv
ISIC_0026854.jpg,0,HAM_0004842,nv
ISIC_0024860.jpg,0,HAM_0002765,nv
ISIC_0026529.jpg,0,HAM_0007109,nv
ISIC_0028711.jpg,0,HAM_0001355,nv
ISIC_0025806.jpg,0,HAM_0003948,nv
ISIC_0026364.jpg,0,HAM_0007022,nv
ISIC_0026267.jpg,0,HAM_0007325,nv
ISIC_0030407.jpg,0,HAM_0005550,nv
ISIC_0032188.jpg,0,HAM_0003865,nv
ISIC_0025822.jpg,0,HAM_0004404,nv
ISIC_0030490.jpg,0,HAM_0001438,nv
ISIC_0027736.jpg,0,HAM_0006726,nv
ISIC_0027610.jpg,0,HAM_0006996,nv
ISIC_0031172.jpg,0,HAM_0002165,nv
ISIC_0028403.jpg,0,HAM_0003309,nv
ISIC_0029689.jpg,0,HAM_0006976,nv
ISIC_0028798.jpg,0,HAM_0007365,nv
ISIC_0030748.jpg,0,HAM_0000540,nv
ISIC_0024816.jpg,0,HAM_0007434,nv
ISIC_0031820.jpg,0,HAM_0000161,nv
ISIC_0027405.jpg,0,HAM_0004628,nv
ISIC_0029599.jpg,0,HAM_0000499,nv
ISIC_0024346.jpg,0,HAM_0003411,nv
ISIC_0028912.jpg,0,HAM_0006448,nv
ISIC_0029436.jpg,0,HAM_0006786,nv
ISIC_0028770.jpg,0,HAM_0005682,nv
ISIC_0029150.jpg,0,HAM_0005908,nv
ISIC_0026920.jpg,0,HAM_0001806,nv
ISIC_0026929.jpg,0,HAM_0005224,nv
ISIC_0032411.jpg,0,HAM_0000034,nv
ISIC_0025929.jpg,0,HAM_0005195,nv
ISIC_0029999.jpg,0,HAM_0001373,nv
ISIC_0030711.jpg,0,HAM_0002418,nv
ISIC_0031978.jpg,0,HAM_0007286,nv
ISIC_0032108.jpg,0,HAM_0004823,nv
ISIC_0030971.jpg,0,HAM_0001700,nv
ISIC_0027541.jpg,0,HAM_0007254,nv
ISIC_0031898.jpg,0,HAM_0001008,nv
ISIC_0029330.jpg,0,HAM_0005768,nv
ISIC_0027283.jpg,0,HAM_0000265,nv
ISIC_0027557.jpg,0,HAM_0005169,nv
ISIC_0024744.jpg,0,HAM_0004434,nv
ISIC_0024563.jpg,0,HAM_0000497,nv
ISIC_0027892.jpg,0,HAM_0004015,nv
ISIC_0026173.jpg,0,HAM_0004130,nv
ISIC_0026227.jpg,0,HAM_0000986,nv
ISIC_0026696.jpg,0,HAM_0006473,nv
ISIC_0032487.jpg,0,HAM_0004301,nv
ISIC_0027400.jpg,0,HAM_0002062,nv
ISIC_0031357.jpg,0,HAM_0003289,nv
ISIC_0026715.jpg,0,HAM_0005253,nv
ISIC_0026773.jpg,0,HAM_0000021,nv
ISIC_0025551.jpg,0,HAM_0003022,nv
ISIC_0024585.jpg,0,HAM_0004230,nv
ISIC_0026292.jpg,0,HAM_0000477,nv
ISIC_0026533.jpg,0,HAM_0001159,nv
ISIC_0032507.jpg,0,HAM_0004725,nv
ISIC_0024404.jpg,0,HAM_0005076,nv
ISIC_0031156.jpg,0,HAM_0003209,nv
ISIC_0030186.jpg,0,HAM_0006850,nv
ISIC_0025740.jpg,0,HAM_0001308,nv
ISIC_0029189.jpg,0,HAM_0006393,nv
ISIC_0032234.jpg,0,HAM_0004721,nv
ISIC_0026355.jpg,0,HAM_0005015,nv
ISIC_0026928.jpg,0,HAM_0001346,nv
ISIC_0024663.jpg,0,HAM_0000640,nv
ISIC_0027971.jpg,0,HAM_0007082,nv
ISIC_0027309.jpg,0,HAM_0003199,nv
ISIC_0029940.jpg,0,HAM_0007297,nv
ISIC_0028786.jpg,0,HAM_0005272,nv
ISIC_0031097.jpg,0,HAM_0004003,nv
ISIC_0026814.jpg,0,HAM_0003917,nv
ISIC_0032056.jpg,0,HAM_0004306,nv
ISIC_0024392.jpg,0,HAM_0006311,nv
ISIC_0028906.jpg,0,HAM_0002891,nv
ISIC_0030493.jpg,0,HAM_0004981,nv
ISIC_0029004.jpg,0,HAM_0001584,nv
ISIC_0030518.jpg,0,HAM_0005872,nv
ISIC_0031715.jpg,0,HAM_0003464,nv
ISIC_0026145.jpg,0,HAM_0005326,nv
ISIC_0025527.jpg,0,HAM_0001500,nv
ISIC_0029492.jpg,0,HAM_0000735,nv
ISIC_0024822.jpg,0,HAM_0006131,nv
ISIC_0028936.jpg,0,HAM_0005377,nv
ISIC_0025109.jpg,0,HAM_0005031,nv
ISIC_0027110.jpg,0,HAM_0006348,nv
ISIC_0029508.jpg,0,HAM_0004966,nv
ISIC_0024474.jpg,0,HAM_0002102,nv
ISIC_0032454.jpg,0,HAM_0004634,nv
ISIC_0030484.jpg,0,HAM_0007274,nv
ISIC_0024989.jpg,0,HAM_0002035,nv
ISIC_0027579.jpg,0,HAM_0004726,nv
ISIC_0031167.jpg,0,HAM_0000270,nv
ISIC_0027082.jpg,0,HAM_0000816,nv
ISIC_0025082.jpg,0,HAM_0000158,nv
ISIC_0030418.jpg,0,HAM_0005283,nv
ISIC_0026515.jpg,0,HAM_0002779,nv
ISIC_0027539.jpg,0,HAM_0006176,nv
ISIC_0028647.jpg,0,HAM_0005849,nv
ISIC_0031581.jpg,0,HAM_0003329,nv
ISIC_0030262.jpg,0,HAM_0006474,nv
ISIC_0029181.jpg,0,HAM_0003126,nv
ISIC_0032399.jpg,0,HAM_0005677,nv
ISIC_0029706.jpg,0,HAM_0003972,nv
ISIC_0029550.jpg,0,HAM_0002394,nv
ISIC_0025493.jpg,0,HAM_0000614,nv
ISIC_0028745.jpg,0,HAM_0003214,nv
ISIC_0029639.jpg,0,HAM_0001543,nv
ISIC_0032398.jpg,0,HAM_0002555,nv
ISIC_0030556.jpg,0,HAM_0001771,nv
ISIC_0026368.jpg,0,HAM_0005946,nv
ISIC_0025481.jpg,0,HAM_0001909,nv
ISIC_0026591.jpg,0,HAM_0001766,nv
ISIC_0026308.jpg,0,HAM_0005714,nv
ISIC_0027712.jpg,0,HAM_0002784,nv
ISIC_0029798.jpg,0,HAM_0003517,nv
ISIC_0026253.jpg,0,HAM_0005170,nv
ISIC_0026000.jpg,0,HAM_0003071,nv
ISIC_0026397.jpg,0,HAM_0000340,nv
ISIC_0030560.jpg,0,HAM_0007424,nv
ISIC_0030414.jpg,0,HAM_0003717,nv
ISIC_0026908.jpg,0,HAM_0002976,nv
ISIC_0024957.jpg,0,HAM_0005179,nv
ISIC_0029219.jpg,0,HAM_0001923,nv
ISIC_0030972.jpg,0,HAM_0002181,nv
ISIC_0027453.jpg,0,HAM_0000780,nv
ISIC_0026448.jpg,0,HAM_0002659,nv
ISIC_0032143.jpg,0,HAM_0004796,nv
ISIC_0029167.jpg,0,HAM_0000213,nv
ISIC_0030141.jpg,0,HAM_0001798,nv
ISIC_0027813.jpg,0,HAM_0007153,nv
ISIC_0029536.jpg,0,HAM_0005223,nv
ISIC_0028208.jpg,0,HAM_0002398,nv
ISIC_0024559.jpg,0,HAM_0003257,nv
ISIC_0025087.jpg,0,HAM_0004359,nv
ISIC_0030815.jpg,0,HAM_0000305,nv
ISIC_0026233.jpg,0,HAM_0000094,nv
ISIC_0029117.jpg,0,HAM_0002341,nv
ISIC_0026385.jpg,0,HAM_0000577,nv
ISIC_0027317.jpg,0,HAM_0001857,nv
ISIC_0030413.jpg,0,HAM_0006546,nv
ISIC_0026510.jpg,0,HAM_0002428,nv
ISIC_0027593.jpg,0,HAM_0004552,nv
ISIC_0029218.jpg,0,HAM_0005633,nv
ISIC_0028027.jpg,0,HAM_0002254,nv
ISIC_0027009.jpg,0,HAM_0003594,nv
ISIC_0028397.jpg,0,HAM_0006183,nv
ISIC_0028021.jpg,0,HAM_0002239,nv
ISIC_0029312.jpg,0,HAM_0006502,nv
ISIC_0030545.jpg,0,HAM_0006831,nv
ISIC_0027730.jpg,0,HAM_0000010,nv
ISIC_0026570.jpg,0,HAM_0002728,nv
ISIC_0028088.jpg,0,HAM_0001196,nv
ISIC_0030307.jpg,0,HAM_0003798,nv
ISIC_0030921.jpg,0,HAM_0000350,nv
ISIC_0030657.jpg,0,HAM_0005639,nv
ISIC_0026220.jpg,0,HAM_0005042,nv
ISIC_0026832.jpg,0,HAM_0000630,nv
ISIC_0027553.jpg,0,HAM_0002974,nv
ISIC_0026884.jpg,0,HAM_0002763,nv
ISIC_0030380.jpg,0,HAM_0002405,nv
ISIC_0025944.jpg,0,HAM_0005634,nv
ISIC_0029772.jpg,0,HAM_0006805,nv
ISIC_0029287.jpg,0,HAM_0000715,nv
ISIC_0031792.jpg,0,HAM_0006961,nv
ISIC_0028561.jpg,0,HAM_0005517,nv
ISIC_0027022.jpg,0,HAM_0005453,nv
ISIC_0024619.jpg,0,HAM_0006829,nv
ISIC_0027723.jpg,0,HAM_0003264,nv
ISIC_0026628.jpg,0,HAM_0006935,nv
ISIC_0027357.jpg,0,HAM_0004540,nv
ISIC_0031656.jpg,0,HAM_0000471,nv
ISIC_0026093.jpg,0,HAM_0004704,nv
ISIC_0030441.jpg,0,HAM_0000479,nv
ISIC_0025072.jpg,0,HAM_0006712,nv
ISIC_0029871.jpg,0,HAM_0003529,nv
ISIC_0027951.jpg,0,HAM_0005080,nv
ISIC_0028769.jpg,0,HAM_0004242,nv
ISIC_0025164.jpg,0,HAM_0005405,nv
ISIC_0031532.jpg,0,HAM_0004247,nv
ISIC_0030913.jpg,0,HAM_0002969,nv
ISIC_0025017.jpg,0,HAM_0006874,nv
ISIC_0027080.jpg,0,HAM_0000648,nv
ISIC_0026478.jpg,0,HAM_0005656,nv
ISIC_0031434.jpg,0,HAM_0003425,nv
ISIC_0027438.jpg,0,HAM_0006808,nv
ISIC_0025007.jpg,0,HAM_0001558,nv
ISIC_0027775.jpg,0,HAM_0001754,nv
ISIC_0024656.jpg,0,HAM_0003779,nv
ISIC_0024807.jpg,0,HAM_0006922,nv
ISIC_0028083.jpg,0,HAM_0007496,nv
ISIC_0029688.jpg,0,HAM_0006369,nv
ISIC_0031320.jpg,0,HAM_0001206,nv
ISIC_0030896.jpg,0,HAM_0003406,nv
ISIC_0032505.jpg,0,HAM_0007077,nv
ISIC_0032080.jpg,0,HAM_0005871,nv
ISIC_0029456.jpg,0,HAM_0006977,nv
ISIC_0025894.jpg,0,HAM_0000017,nv
ISIC_0028279.jpg,0,HAM_0001843,nv
ISIC_0030692.jpg,0,HAM_0001828,nv
ISIC_0026688.jpg,0,HAM_0001861,nv
ISIC_0028908.jpg,0,HAM_0005281,nv
ISIC_0024395.jpg,0,HAM_0000813,nv
ISIC_0026791.jpg,0,HAM_0000555,nv
ISIC_0026170.jpg,0,HAM_0001010,nv
ISIC_0031055.jpg,0,HAM_0004180,nv
ISIC_0025242.jpg,0,HAM_0002747,nv
ISIC_0029088.jpg,0,HAM_0007430,nv
ISIC_0032352.jpg,0,HAM_0004244,nv
ISIC_0026572.jpg,0,HAM_0002583,nv
ISIC_0026317.jpg,0,HAM_0004918,nv
ISIC_0031273.jpg,0,HAM_0006687,nv
ISIC_0027299.jpg,0,HAM_0000475,nv
ISIC_0024736.jpg,0,HAM_0003762,nv
ISIC_0024778.jpg,0,HAM_0001115,nv
ISIC_0029748.jpg,0,HAM_0006260,nv
ISIC_0028979.jpg,0,HAM_0004608,nv
ISIC_0025437.jpg,0,HAM_0007273,nv
ISIC_0029148.jpg,0,HAM_0000697,nv
ISIC_0027206.jpg,0,HAM_0007158,nv
ISIC_0032361.jpg,0,HAM_0001690,nv
ISIC_0030775.jpg,0,HAM_0006665,nv
ISIC_0028474.jpg,0,HAM_0004682,nv
ISIC_0030752.jpg,0,HAM_0001483,nv
ISIC_0031508.jpg,0,HAM_0003453,nv
ISIC_0025379.jpg,0,HAM_0000587,nv
ISIC_0032339.jpg,0,HAM_0007072,nv
ISIC_0027731.jpg,0,HAM_0000437,nv
ISIC_0026953.jpg,0,HAM_0001332,nv
ISIC_0031490.jpg,0,HAM_0005685,nv
ISIC_0031675.jpg,0,HAM_0006939,nv
ISIC_0028318.jpg,0,HAM_0001886,nv
ISIC_0027901.jpg,0,HAM_0004320,nv
ISIC_0025036.jpg,0,HAM_0003724,nv
ISIC_0030866.jpg,0,HAM_0001636,nv
ISIC_0031998.jpg,0,HAM_0002868,nv
ISIC_0028133.jpg,0,HAM_0003087,nv
ISIC_0027477.jpg,0,HAM_0000641,nv
ISIC_0027637.jpg,0,HAM_0002614,nv
ISIC_0029484.jpg,0,HAM_0005296,nv
ISIC_0026436.jpg,0,HAM_0000260,nv
ISIC_0028771.jpg,0,HAM_0005305,nv
ISIC_0025919.jpg,0,HAM_0001085,nv
ISIC_0026240.jpg,0,HAM_0006429,nv
ISIC_0029128.jpg,0,HAM_0001436,nv
ISIC_0031693.jpg,0,HAM_0007388,nv
ISIC_0031540.jpg,0,HAM_0006374,nv
ISIC_0029264.jpg,0,HAM_0001691,nv
ISIC_0027617.jpg,0,HAM_0000363,nv
ISIC_0027653.jpg,0,HAM_0005890,nv
ISIC_0027457.jpg,0,HAM_0002457,nv
ISIC_0029980.jpg,0,HAM_0000379,nv
ISIC_0026624.jpg,0,HAM_0003961,nv
ISIC_0032050.jpg,0,HAM_0002875,nv
ISIC_0031033.jpg,0,HAM_0006767,nv
ISIC_0029087.jpg,0,HAM_0000911,nv
ISIC_0029711.jpg,0,HAM_0002544,nv
ISIC_0025126.jpg,0,HAM_0002953,nv
ISIC_0025449.jpg,0,HAM_0004482,nv
ISIC_0026649.jpg,0,HAM_0006621,nv
ISIC_0025792.jpg,0,HAM_0001634,nv
ISIC_0025162.jpg,0,HAM_0003353,nv
ISIC_0025639.jpg,0,HAM_0004647,nv
ISIC_0031104.jpg,0,HAM_0000945,nv
ISIC_0026407.jpg,0,HAM_0001736,nv
ISIC_0026235.jpg,0,HAM_0002649,nv
ISIC_0026064.jpg,0,HAM_0003714,nv
ISIC_0029695.jpg,0,HAM_0007377,nv
ISIC_0031165.jpg,0,HAM_0006413,nv
ISIC_0030291.jpg,0,HAM_0004983,nv
ISIC_0027638.jpg,0,HAM_0004527,nv
ISIC_0026503.jpg,0,HAM_0004148,nv
ISIC_0026677.jpg,0,HAM_0001262,nv
ISIC_0028459.jpg,0,HAM_0006109,nv
ISIC_0024977.jpg,0,HAM_0007224,nv
ISIC_0031785.jpg,0,HAM_0001087,nv
ISIC_0024796.jpg,0,HAM_0003052,nv
ISIC_0032075.jpg,0,HAM_0005534,nv
ISIC_0027056.jpg,0,HAM_0005306,nv
ISIC_0027636.jpg,0,HAM_0001109,nv
ISIC_0027994.jpg,0,HAM_0007525,nv
ISIC_0030402.jpg,0,HAM_0002019,nv
ISIC_0025720.jpg,0,HAM_0004464,nv
ISIC_0029844.jpg,0,HAM_0002999,nv
ISIC_0027941.jpg,0,HAM_0002290,nv
ISIC_0025438.jpg,0,HAM_0003697,nv
ISIC_0030265.jpg,0,HAM_0003374,nv
ISIC_0024974.jpg,0,HAM_0006093,nv
ISIC_0030505.jpg,0,HAM_0007190,nv
ISIC_0026900.jpg,0,HAM_0001363,nv
ISIC_0027936.jpg,0,HAM_0000428,nv
ISIC_0032500.jpg,0,HAM_0006860,nv
ISIC_0025119.jpg,0,HAM_0002859,nv
ISIC_0025976.jpg,0,HAM_0000565,nv
ISIC_0026474.jpg,0,HAM_0003950,nv
ISIC_0028182.jpg,0,HAM_0000426,nv
ISIC_0027230.jpg,0,HAM_0001687,nv
ISIC_0030248.jpg,0,HAM_0006403,nv
ISIC_0026691.jpg,0,HAM_0001034,nv
ISIC_0031144.jpg,0,HAM_0006316,nv
ISIC_0028535.jpg,0,HAM_0005493,nv
ISIC_0024574.jpg,0,HAM_0005390,nv
ISIC_0025293.jpg,0,HAM_0000885,nv
ISIC_0025580.jpg,0,HAM_0002938,nv
ISIC_0030578.jpg,0,HAM_0002789,nv
ISIC_0028246.jpg,0,HAM_0005538,nv
ISIC_0028392.jpg,0,HAM_0002634,nv
ISIC_0025965.jpg,0,HAM_0005210,nv
ISIC_0024570.jpg,0,HAM_0006307,nv
ISIC_0031724.jpg,0,HAM_0006919,nv
ISIC_0028552.jpg,0,HAM_0000240,nv
ISIC_0024965.jpg,0,HAM_0000733,nv
ISIC_0026322.jpg,0,HAM_0007624,nv
ISIC_0032084.jpg,0,HAM_0003067,nv
ISIC_0029226.jpg,0,HAM_0000831,nv
ISIC_0024859.jpg,0,HAM_0003390,nv
ISIC_0027799.jpg,0,HAM_0000654,nv
ISIC_0027695.jpg,0,HAM_0005445,nv
ISIC_0032052.jpg,0,HAM_0000669,nv
ISIC_0029440.jpg,0,HAM_0000829,nv
ISIC_0025968.jpg,0,HAM_0007490,nv
ISIC_0025614.jpg,0,HAM_0002089,nv
ISIC_0026727.jpg,0,HAM_0005920,nv
ISIC_0028934.jpg,0,HAM_0000514,nv
ISIC_0026945.jpg,0,HAM_0003999,nv
ISIC_0029387.jpg,0,HAM_0000711,nv
ISIC_0031004.jpg,0,HAM_0001408,nv
ISIC_0024393.jpg,0,HAM_0001432,nv
ISIC_0024960.jpg,0,HAM_0000489,nv
ISIC_0025404.jpg,0,HAM_0000251,nv
ISIC_0025854.jpg,0,HAM_0000360,nv
ISIC_0030373.jpg,0,HAM_0007362,nv
ISIC_0032183.jpg,0,HAM_0007351,nv
ISIC_0024321.jpg,0,HAM_0003511,nv
ISIC_0029322.jpg,0,HAM_0001371,nv
ISIC_0030468.jpg,0,HAM_0003703,nv
ISIC_0025296.jpg,0,HAM_0006862,nv
ISIC_0031240.jpg,0,HAM_0004602,nv
ISIC_0027807.jpg,0,HAM_0005406,nv
ISIC_0024308.jpg,0,HAM_0001477,nv
ISIC_0030037.jpg,0,HAM_0002568,nv
ISIC_0025549.jpg,0,HAM_0005128,nv
ISIC_0029449.jpg,0,HAM_0000957,nv
ISIC_0026906.jpg,0,HAM_0005782,nv
ISIC_0032272.jpg,0,HAM_0005917,nv
ISIC_0032320.jpg,0,HAM_0005990,nv
ISIC_0026200.jpg,0,HAM_0007198,nv
ISIC_0028221.jpg,0,HAM_0003930,nv
ISIC_0026252.jpg,0,HAM_0003651,nv
ISIC_0028427.jpg,0,HAM_0002931,nv
ISIC_0025236.jpg,0,HAM_0004262,nv
ISIC_0032250.jpg,0,HAM_0005875,nv
ISIC_0024543.jpg,0,HAM_0004749,nv
ISIC_0026224.jpg,0,HAM_0005589,nv
ISIC_0025714.jpg,0,HAM_0000458,nv
ISIC_0032239.jpg,0,HAM_0004858,nv
ISIC_0025925.jpg,0,HAM_0000803,nv
ISIC_0026261.jpg,0,HAM_0005067,nv
ISIC_0024919.jpg,0,HAM_0006349,nv
ISIC_0030781.jpg,0,HAM_0000592,nv
ISIC_0026859.jpg,0,HAM_0006090,nv
ISIC_0028683.jpg,0,HAM_0006839,nv
ISIC_0028143.jpg,0,HAM_0006373,nv
ISIC_0027214.jpg,0,HAM_0004938,nv
ISIC_0025997.jpg,0,HAM_0001256,nv
ISIC_0025844.jpg,0,HAM_0006840,nv
ISIC_0028422.jpg,0,HAM_0002820,nv
ISIC_0030450.jpg,0,HAM_0006328,nv
ISIC_0028612.jpg,0,HAM_0002403,nv
ISIC_0028695.jpg,0,HAM_0006010,nv
ISIC_0031969.jpg,0,HAM_0004528,nv
ISIC_0026109.jpg,0,HAM_0007503,nv
ISIC_0029795.jpg,0,HAM_0002737,nv
ISIC_0031383.jpg,0,HAM_0000030,nv
ISIC_0029721.jpg,0,HAM_0006212,nv
ISIC_0028383.jpg,0,HAM_0005556,nv
ISIC_0027927.jpg,0,HAM_0006614,nv
ISIC_0024362.jpg,0,HAM_0001758,nv
ISIC_0025377.jpg,0,HAM_0007211,nv
ISIC_0030614.jpg,0,HAM_0001568,nv
ISIC_0029992.jpg,0,HAM_0002735,nv
ISIC_0031116.jpg,0,HAM_0004217,nv
ISIC_0031535.jpg,0,HAM_0003298,nv
ISIC_0028902.jpg,0,HAM_0005426,nv
ISIC_0026244.jpg,0,HAM_0002095,nv
ISIC_0024307.jpg,0,HAM_0003577,nv
ISIC_0027153.jpg,0,HAM_0000853,nv
ISIC_0030357.jpg,0,HAM_0004026,nv
ISIC_0027393.jpg,0,HAM_0007397,nv
ISIC_0030513.jpg,0,HAM_0006060,nv
ISIC_0030562.jpg,0,HAM_0004093,nv
ISIC_0027119.jpg,0,HAM_0007387,nv
ISIC_0027542.jpg,0,HAM_0007509,nv
ISIC_0032198.jpg,0,HAM_0001093,nv
ISIC_0026678.jpg,0,HAM_0002075,nv
ISIC_0026527.jpg,0,HAM_0002438,nv
ISIC_0025183.jpg,0,HAM_0006383,nv
ISIC_0028731.jpg,0,HAM_0002407,nv
ISIC_0030643.jpg,0,HAM_0004894,nv
ISIC_0030684.jpg,0,HAM_0007328,nv
ISIC_0027353.jpg,0,HAM_0004471,nv
ISIC_0026701.jpg,0,HAM_0002389,nv
ISIC_0031162.jpg,0,HAM_0003490,nv
ISIC_0030916.jpg,0,HAM_0006642,nv
ISIC_0032004.jpg,0,HAM_0000623,nv
ISIC_0028301.jpg,0,HAM_0005069,nv
ISIC_0028616.jpg,0,HAM_0002846,nv
ISIC_0027225.jpg,0,HAM_0000405,nv
ISIC_0032413.jpg,0,HAM_0004723,nv
ISIC_0026828.jpg,0,HAM_0000840,nv
ISIC_0030154.jpg,0,HAM_0000293,nv
ISIC_0027200.jpg,0,HAM_0001805,nv
ISIC_0027589.jpg,0,HAM_0004718,nv
ISIC_0024611.jpg,0,HAM_0000385,nv
ISIC_0028275.jpg,0,HAM_0000991,nv
ISIC_0029125.jpg,0,HAM_0001193,nv
ISIC_0032180.jpg,0,HAM_0004236,nv
ISIC_0024794.jpg,0,HAM_0006811,nv
ISIC_0032083.jpg,0,HAM_0005491,nv
ISIC_0024660.jpg,0,HAM_0001441,nv
ISIC_0028772.jpg,0,HAM_0007594,nv
ISIC_0028284.jpg,0,HAM_0006768,nv
ISIC_0027857.jpg,0,HAM_0000714,nv
ISIC_0029906.jpg,0,HAM_0001644,nv
ISIC_0026708.jpg,0,HAM_0005850,nv
ISIC_0027304.jpg,0,HAM_0005825,nv
ISIC_0029168.jpg,0,HAM_0003147,nv
ISIC_0027257.jpg,0,HAM_0005816,nv
ISIC_0024820.jpg,0,HAM_0005843,nv
ISIC_0025649.jpg,0,HAM_0005269,nv
ISIC_0027491.jpg,0,HAM_0007495,nv
ISIC_0028603.jpg,0,HAM_0007559,nv
ISIC_0025701.jpg,0,HAM_0000359,nv
ISIC_0025685.jpg,0,HAM_0003029,nv
ISIC_0031275.jpg,0,HAM_0001827,nv
ISIC_0032120.jpg,0,HAM_0000901,nv
ISIC_0025736.jpg,0,HAM_0004948,nv
ISIC_0026537.jpg,0,HAM_0003278,nv
ISIC_0031343.jpg,0,HAM_0006505,nv
ISIC_0031964.jpg,0,HAM_0007181,nv
ISIC_0029702.jpg,0,HAM_0000824,nv
ISIC_0030989.jpg,0,HAM_0000784,nv
ISIC_0030131.jpg,0,HAM_0002064,nv
ISIC_0027962.jpg,0,HAM_0003432,nv
ISIC_0026965.jpg,0,HAM_0000470,nv
ISIC_0030409.jpg,0,HAM_0001181,nv
ISIC_0026734.jpg,0,HAM_0007161,nv
ISIC_0025167.jpg,0,HAM_0005285,nv
ISIC_0029307.jpg,0,HAM_0001127,nv
ISIC_0027325.jpg,0,HAM_0005951,nv
ISIC_0030196.jpg,0,HAM_0006361,nv
ISIC_0025147.jpg,0,HAM_0004425,nv
ISIC_0026983.jpg,0,HAM_0006404,nv
ISIC_0029423.jpg,0,HAM_0005177,nv
ISIC_0027417.jpg,0,HAM_0007615,nv
ISIC_0028514.jpg,0,HAM_0002311,nv
ISIC_0030385.jpg,0,HAM_0000997,nv
ISIC_0030166.jpg,0,HAM_0007270,nv
ISIC_0031296.jpg,0,HAM_0002825,nv
ISIC_0024456.jpg,0,HAM_0003612,nv
ISIC_0025137.jpg,0,HAM_0004152,nv
ISIC_0025890.jpg,0,HAM_0000646,nv
ISIC_0025648.jpg,0,HAM_0004298,nv
ISIC_0024488.jpg,0,HAM_0003783,nv
ISIC_0032049.jpg,0,HAM_0000839,nv
ISIC_0027217.jpg,0,HAM_0003842,nv
ISIC_0027048.jpg,0,HAM_0001281,nv
ISIC_0025272.jpg,0,HAM_0004915,nv
ISIC_0028193.jpg,0,HAM_0007554,nv
ISIC_0027895.jpg,0,HAM_0001653,nv
ISIC_0024685.jpg,0,HAM_0006798,nv
ISIC_0024306.jpg,0,HAM_0000550,nv
ISIC_0027148.jpg,0,HAM_0005949,nv
ISIC_0027534.jpg,0,HAM_0001885,nv
ISIC_0027232.jpg,0,HAM_0003708,nv
ISIC_0027259.jpg,0,HAM_0004520,nv
ISIC_0027409.jpg,0,HAM_0006719,nv
ISIC_0029556.jpg,0,HAM_0001831,nv
ISIC_0029377.jpg,0,HAM_0006973,nv
ISIC_0031775.jpg,0,HAM_0000946,nv
ISIC_0031120.jpg,0,HAM_0002014,nv
ISIC_0025626.jpg,0,HAM_0007177,nv
ISIC_0026683.jpg,0,HAM_0006731,nv
ISIC_0031089.jpg,0,HAM_0003467,nv
ISIC_0029009.jpg,0,HAM_0001705,nv
ISIC_0029267.jpg,0,HAM_0000975,nv
ISIC_0026062.jpg,0,HAM_0000625,nv
ISIC_0030613.jpg,0,HAM_0006298,nv
ISIC_0025698.jpg,0,HAM_0002654,nv
ISIC_0026896.jpg,0,HAM_0002328,nv
ISIC_0029864.jpg,0,HAM_0000276,nv
ISIC_0031141.jpg,0,HAM_0006278,nv
ISIC_0026505.jpg,0,HAM_0003047,nv
ISIC_0025448.jpg,0,HAM_0003733,nv
ISIC_0028071.jpg,0,HAM_0000969,nv
ISIC_0029246.jpg,0,HAM_0003666,nv
ISIC_0031230.jpg,0,HAM_0003077,nv
ISIC_0027016.jpg,0,HAM_0002369,nv
ISIC_0026300.jpg,0,HAM_0005411,nv
ISIC_0031032.jpg,0,HAM_0001611,nv
ISIC_0030554.jpg,0,HAM_0005422,nv
ISIC_0027378.jpg,0,HAM_0002989,nv
ISIC_0031679.jpg,0,HAM_0002219,nv
ISIC_0031373.jpg,0,HAM_0004649,nv
ISIC_0031854.jpg,0,HAM_0007593,nv
ISIC_0025135.jpg,0,HAM_0000530,nv
ISIC_0026119.jpg,0,HAM_0005827,nv
ISIC_0028674.jpg,0,HAM_0000962,nv
ISIC_0029714.jpg,0,HAM_0006494,nv
ISIC_0030073.jpg,0,HAM_0005764,nv
ISIC_0029517.jpg,0,HAM_0004031,nv
ISIC_0025290.jpg,0,HAM_0001340,nv
ISIC_0027474.jpg,0,HAM_0000315,nv
ISIC_0024920.jpg,0,HAM_0005731,nv
ISIC_0024469.jpg,0,HAM_0001468,nv
ISIC_0028345.jpg,0,HAM_0007298,nv
ISIC_0024720.jpg,0,HAM_0002076,nv
ISIC_0028741.jpg,0,HAM_0003549,nv
ISIC_0028911.jpg,0,HAM_0006058,nv
ISIC_0028853.jpg,0,HAM_0001047,nv
ISIC_0025430.jpg,0,HAM_0002972,nv
ISIC_0025917.jpg,0,HAM_0003500,nv
ISIC_0027740.jpg,0,HAM_0003397,nv
ISIC_0027981.jpg,0,HAM_0006648,nv
ISIC_0032499.jpg,0,HAM_0004250,nv
ISIC_0026977.jpg,0,HAM_0002831,nv
ISIC_0027570.jpg,0,HAM_0001071,nv
ISIC_0025951.jpg,0,HAM_0002200,nv
ISIC_0031635.jpg,0,HAM_0000434,nv
ISIC_0030042.jpg,0,HAM_0004436,nv
ISIC_0030764.jpg,0,HAM_0001074,nv
ISIC_0030718.jpg,0,HAM_0005373,nv
ISIC_0025875.jpg,0,HAM_0000722,nv
ISIC_0031260.jpg,0,HAM_0001114,nv
ISIC_0025060.jpg,0,HAM_0004394,nv
ISIC_0030897.jpg,0,HAM_0007213,nv
ISIC_0030837.jpg,0,HAM_0007531,nv
ISIC_0029510.jpg,0,HAM_0001364,nv
ISIC_0030068.jpg,0,HAM_0005322,nv
ISIC_0026972.jpg,0,HAM_0001251,nv
ISIC_0030947.jpg,0,HAM_0001850,nv
ISIC_0030220.jpg,0,HAM_0004810,nv
ISIC_0028192.jpg,0,HAM_0006656,nv
ISIC_0026653.jpg,0,HAM_0001535,nv
ISIC_0029364.jpg,0,HAM_0002635,nv
ISIC_0025241.jpg,0,HAM_0002710,nv
ISIC_0025125.jpg,0,HAM_0006338,nv
ISIC_0024621.jpg,0,HAM_0000314,nv
ISIC_0026699.jpg,0,HAM_0007210,nv
ISIC_0028927.jpg,0,HAM_0000680,nv
ISIC_0028241.jpg,0,HAM_0007565,nv
ISIC_0026747.jpg,0,HAM_0006169,nv
ISIC_0024858.jpg,0,HAM_0004732,nv
ISIC_0029006.jpg,0,HAM_0001054,nv
ISIC_0024568.jpg,0,HAM_0007386,nv
ISIC_0025561.jpg,0,HAM_0000739,nv
ISIC_0024588.jpg,0,HAM_0006931,nv
ISIC_0030857.jpg,0,HAM_0003479,nv
ISIC_0025658.jpg,0,HAM_0000941,nv
ISIC_0029806.jpg,0,HAM_0006204,nv
ISIC_0030863.jpg,0,HAM_0005070,nv
ISIC_0029324.jpg,0,HAM_0007380,nv
ISIC_0028277.jpg,0,HAM_0005168,nv
ISIC_0031864.jpg,0,HAM_0001394,nv
ISIC_0029106.jpg,0,HAM_0006337,nv
ISIC_0025817.jpg,0,HAM_0002542,nv
ISIC_0031423.jpg,0,HAM_0002982,nv
ISIC_0025361.jpg,0,HAM_0004901,nv
ISIC_0029050.jpg,0,HAM_0003481,nv
ISIC_0031816.jpg,0,HAM_0005321,nv
ISIC_0029722.jpg,0,HAM_0003338,nv
ISIC_0027682.jpg,0,HAM_0002550,nv
ISIC_0024671.jpg,0,HAM_0001098,nv
ISIC_0030975.jpg,0,HAM_0005767,nv
ISIC_0032054.jpg,0,HAM_0005350,nv
ISIC_0030101.jpg,0,HAM_0004712,nv
ISIC_0024731.jpg,0,HAM_0001298,nv
ISIC_0029171.jpg,0,HAM_0004179,nv
ISIC_0031763.jpg,0,HAM_0004551,nv
ISIC_0030295.jpg,0,HAM_0007404,nv
ISIC_0030342.jpg,0,HAM_0006508,nv
ISIC_0024427.jpg,0,HAM_0003988,nv
ISIC_0029542.jpg,0,HAM_0006388,nv
ISIC_0027247.jpg,0,HAM_0001447,nv
ISIC_0027116.jpg,0,HAM_0002656,nv
ISIC_0029485.jpg,0,HAM_0004457,nv
ISIC_0026946.jpg,0,HAM_0007040,nv
ISIC_0031801.jpg,0,HAM_0000990,nv
ISIC_0026966.jpg,0,HAM_0006344,nv
ISIC_0028752.jpg,0,HAM_0001695,nv
ISIC_0025884.jpg,0,HAM_0001999,nv
ISIC_0029788.jpg,0,HAM_0004822,nv
ISIC_0032479.jpg,0,HAM_0006500,nv
ISIC_0031471.jpg,0,HAM_0004154,nv
ISIC_0031030.jpg,0,HAM_0001832,nv
ISIC_0031525.jpg,0,HAM_0002633,nv
ISIC_0030480.jpg,0,HAM_0004468,nv
ISIC_0028667.jpg,0,HAM_0003806,nv
ISIC_0027191.jpg,0,HAM_0003701,nv
ISIC_0027032.jpg,0,HAM_0002093,nv
ISIC_0026191.jpg,0,HAM_0003084,nv
ISIC_0029595.jpg,0,HAM_0007520,nv
ISIC_0024990.jpg,0,HAM_0005430,nv
ISIC_0030867.jpg,0,HAM_0007578,nv
ISIC_0030928.jpg,0,HAM_0002047,nv
ISIC_0025704.jpg,0,HAM_0001253,nv
ISIC_0026536.jpg,0,HAM_0006480,nv
ISIC_0031954.jpg,0,HAM_0003799,nv
ISIC_0031764.jpg,0,HAM_0003454,nv
ISIC_0029419.jpg,0,HAM_0002469,nv
ISIC_0024849.jpg,0,HAM_0004573,nv
ISIC_0026065.jpg,0,HAM_0004554,nv
ISIC_0025754.jpg,0,HAM_0006797,nv
ISIC_0026007.jpg,0,HAM_0003931,nv
ISIC_0028595.jpg,0,HAM_0003237,nv
ISIC_0026413.jpg,0,HAM_0005431,nv
ISIC_0028157.jpg,0,HAM_0004865,nv
ISIC_0026377.jpg,0,HAM_0001019,nv
ISIC_0026597.jpg,0,HAM_0002339,nv
ISIC_0024311.jpg,0,HAM_0000981,nv
ISIC_0026259.jpg,0,HAM_0000761,nv
ISIC_0026838.jpg,0,HAM_0000250,nv
ISIC_0029074.jpg,0,HAM_0000678,nv
ISIC_0029016.jpg,0,HAM_0006441,nv
ISIC_0030927.jpg,0,HAM_0002948,nv
ISIC_0031348.jpg,0,HAM_0003274,nv
ISIC_0025717.jpg,0,HAM_0007461,nv
ISIC_0029944.jpg,0,HAM_0006119,nv
ISIC_0031128.jpg,0,HAM_0004287,nv
ISIC_0028387.jpg,0,HAM_0004470,nv
ISIC_0029968.jpg,0,HAM_0001559,nv
ISIC_0024826.jpg,0,HAM_0000522,nv
ISIC_0028207.jpg,0,HAM_0000491,nv
ISIC_0029084.jpg,0,HAM_0003552,nv
ISIC_0030529.jpg,0,HAM_0001459,nv
ISIC_0028322.jpg,0,HAM_0003493,nv
ISIC_0030984.jpg,0,HAM_0000317,nv
ISIC_0029874.jpg,0,HAM_0003527,nv
ISIC_0030221.jpg,0,HAM_0001350,nv
ISIC_0032268.jpg,0,HAM_0000487,nv
ISIC_0028250.jpg,0,HAM_0004727,nv
ISIC_0029378.jpg,0,HAM_0006620,nv
ISIC_0025200.jpg,0,HAM_0002388,nv
ISIC_0026695.jpg,0,HAM_0002713,nv
ISIC_0027439.jpg,0,HAM_0006915,nv
ISIC_0029225.jpg,0,HAM_0003226,nv
ISIC_0026904.jpg,0,HAM_0004626,nv
ISIC_0026461.jpg,0,HAM_0007523,nv
ISIC_0026184.jpg,0,HAM_0002524,nv
ISIC_0029903.jpg,0,HAM_0001102,nv
ISIC_0031870.jpg,0,HAM_0003028,nv
ISIC_0025281.jpg,0,HAM_0007416,nv
ISIC_0024455.jpg,0,HAM_0006585,nv
ISIC_0024874.jpg,0,HAM_0000403,nv
ISIC_0028501.jpg,0,HAM_0000142,nv
ISIC_0031427.jpg,0,HAM_0002279,nv
ISIC_0029956.jpg,0,HAM_0005073,nv
ISIC_0025259.jpg,0,HAM_0003306,nv
ISIC_0031782.jpg,0,HAM_0002636,nv
ISIC_0026975.jpg,0,HAM_0006063,nv
ISIC_0027720.jpg,0,HAM_0006412,nv
ISIC_0029408.jpg,0,HAM_0002122,nv
ISIC_0026564.jpg,0,HAM_0001659,nv
ISIC_0029684.jpg,0,HAM_0005754,nv
ISIC_0030769.jpg,0,HAM_0000131,nv
ISIC_0030853.jpg,0,HAM_0000078,nv
ISIC_0025343.jpg,0,HAM_0001476,nv
ISIC_0024780.jpg,0,HAM_0002374,nv
ISIC_0032276.jpg,0,HAM_0005174,nv
ISIC_0029816.jpg,0,HAM_0003074,nv
ISIC_0028896.jpg,0,HAM_0005659,nv
ISIC_0031112.jpg,0,HAM_0001924,nv
ISIC_0026412.jpg,0,HAM_0002873,nv
ISIC_0026299.jpg,0,HAM_0004856,nv
ISIC_0031391.jpg,0,HAM_0002203,nv
ISIC_0032094.jpg,0,HAM_0006087,nv
ISIC_0029057.jpg,0,HAM_0000244,nv
ISIC_0027500.jpg,0,HAM_0006082,nv
ISIC_0026762.jpg,0,HAM_0002056,nv
ISIC_0025332.jpg,0,HAM_0001261,nv
ISIC_0024414.jpg,0,HAM_0006226,nv
ISIC_0028976.jpg,0,HAM_0003100,nv
ISIC_0027228.jpg,0,HAM_0001972,nv
ISIC_0024749.jpg,0,HAM_0005204,nv
ISIC_0025560.jpg,0,HAM_0003894,nv
ISIC_0030612.jpg,0,HAM_0000467,nv
ISIC_0027885.jpg,0,HAM_0002133,nv
ISIC_0028248.jpg,0,HAM_0002245,nv
ISIC_0028997.jpg,0,HAM_0001163,nv
ISIC_0031505.jpg,0,HAM_0005991,nv
ISIC_0030855.jpg,0,HAM_0007610,nv
ISIC_0026469.jpg,0,HAM_0003553,nv
ISIC_0027785.jpg,0,HAM_0006259,nv
ISIC_0024342.jpg,0,HAM_0001981,nv
ISIC_0028081.jpg,0,HAM_0000086,nv
ISIC_0024950.jpg,0,HAM_0006493,nv
ISIC_0028991.jpg,0,HAM_0001194,nv
ISIC_0030495.jpg,0,HAM_0003111,nv
ISIC_0026999.jpg,0,HAM_0006075,nv
ISIC_0027496.jpg,0,HAM_0004139,nv
ISIC_0029762.jpg,0,HAM_0007587,nv
ISIC_0031787.jpg,0,HAM_0002478,nv
ISIC_0029758.jpg,0,HAM_0004314,nv
ISIC_0026002.jpg,0,HAM_0007371,nv
ISIC_0025632.jpg,0,HAM_0004223,nv
ISIC_0027434.jpg,0,HAM_0001668,nv
ISIC_0028850.jpg,0,HAM_0003837,nv
ISIC_0024625.jpg,0,HAM_0005780,nv
ISIC_0026550.jpg,0,HAM_0004672,nv
ISIC_0031244.jpg,0,HAM_0001822,nv
ISIC_0029103.jpg,0,HAM_0004798,nv
ISIC_0027476.jpg,0,HAM_0001942,nv
ISIC_0025768.jpg,0,HAM_0002512,nv
ISIC_0031467.jpg,0,HAM_0002642,nv
ISIC_0032196.jpg,0,HAM_0002188,nv
ISIC_0030884.jpg,0,HAM_0006432,nv
ISIC_0026143.jpg,0,HAM_0002776,nv
ISIC_0024939.jpg,0,HAM_0000074,nv
ISIC_0024583.jpg,0,HAM_0004652,nv
ISIC_0032213.jpg,0,HAM_0003656,nv
ISIC_0031891.jpg,0,HAM_0000506,nv
ISIC_0027205.jpg,0,HAM_0005706,nv
ISIC_0028729.jpg,0,HAM_0006989,nv
ISIC_0029483.jpg,0,HAM_0003433,nv
ISIC_0024601.jpg,0,HAM_0001874,nv
ISIC_0027696.jpg,0,HAM_0002155,nv
ISIC_0025059.jpg,0,HAM_0000450,nv
ISIC_0027660.jpg,0,HAM_0000171,nv
ISIC_0029024.jpg,0,HAM_0003942,nv
ISIC_0026165.jpg,0,HAM_0005950,nv
ISIC_0024589.jpg,0,HAM_0000413,nv
ISIC_0031655.jpg,0,HAM_0003854,nv
ISIC_0032106.jpg,0,HAM_0004526,nv
ISIC_0030368.jpg,0,HAM_0006422,nv
ISIC_0026779.jpg,0,HAM_0004728,nv
ISIC_0032370.jpg,0,HAM_0003916,nv
ISIC_0032502.jpg,0,HAM_0006650,nv
ISIC_0029071.jpg,0,HAM_0000096,nv
ISIC_0027349.jpg,0,HAM_0000725,nv
ISIC_0027013.jpg,0,HAM_0001854,nv
ISIC_0024779.jpg,0,HAM_0003631,nv
ISIC_0028313.jpg,0,HAM_0004166,nv
ISIC_0029383.jpg,0,HAM_0005344,nv
ISIC_0031793.jpg,0,HAM_0003096,nv
ISIC_0028324.jpg,0,HAM_0006710,nv
ISIC_0027366.jpg,0,HAM_0005839,nv
ISIC_0025629.jpg,0,HAM_0002977,nv
ISIC_0024755.jpg,0,HAM_0006133,nv
ISIC_0024405.jpg,0,HAM_0001060,nv
ISIC_0025591.jpg,0,HAM_0006446,nv
ISIC_0029532.jpg,0,HAM_0006314,nv
ISIC_0029723.jpg,0,HAM_0002440,nv
ISIC_0027376.jpg,0,HAM_0005032,nv
ISIC_0024500.jpg,0,HAM_0004465,nv
ISIC_0029621.jpg,0,HAM_0007132,nv
ISIC_0029503.jpg,0,HAM_0006894,nv
ISIC_0029458.jpg,0,HAM_0002762,nv
ISIC_0032121.jpg,0,HAM_0006000,nv
ISIC_0029090.jpg,0,HAM_0007389,nv
ISIC_0025071.jpg,0,HAM_0006986,nv
ISIC_0029866.jpg,0,HAM_0006761,nv
ISIC_0029921.jpg,0,HAM_0002453,nv
ISIC_0024388.jpg,0,HAM_0002667,nv
ISIC_0032469.jpg,0,HAM_0002892,nv
ISIC_0030087.jpg,0,HAM_0006248,nv
ISIC_0026638.jpg,0,HAM_0005929,nv
ISIC_0027833.jpg,0,HAM_0003461,nv
ISIC_0026499.jpg,0,HAM_0001216,nv
ISIC_0028249.jpg,0,HAM_0002118,nv
ISIC_0024866.jpg,0,HAM_0007068,nv
ISIC_0029858.jpg,0,HAM_0005965,nv
ISIC_0029925.jpg,0,HAM_0004061,nv
ISIC_0025773.jpg,0,HAM_0002709,nv
ISIC_0032137.jpg,0,HAM_0006354,nv
ISIC_0031082.jpg,0,HAM_0001932,nv
ISIC_0031492.jpg,0,HAM_0003638,nv
ISIC_0027273.jpg,0,HAM_0004606,nv
ISIC_0027035.jpg,0,HAM_0003331,nv
ISIC_0028875.jpg,0,HAM_0002492,nv
ISIC_0027132.jpg,0,HAM_0004987,nv
ISIC_0025998.jpg,0,HAM_0000370,nv
ISIC_0024719.jpg,0,HAM_0007154,nv
ISIC_0026484.jpg,0,HAM_0002608,nv
ISIC_0031939.jpg,0,HAM_0002028,nv
ISIC_0027173.jpg,0,HAM_0005472,nv
ISIC_0027943.jpg,0,HAM_0004891,nv
ISIC_0028778.jpg,0,HAM_0006534,nv
ISIC_0029156.jpg,0,HAM_0001571,nv
ISIC_0024648.jpg,0,HAM_0002304,nv
ISIC_0030584.jpg,0,HAM_0005458,nv
ISIC_0029399.jpg,0,HAM_0004059,nv
ISIC_0030294.jpg,0,HAM_0007215,nv
ISIC_0031861.jpg,0,HAM_0000033,nv
ISIC_0030701.jpg,0,HAM_0005045,nv
ISIC_0028839.jpg,0,HAM_0004994,nv
ISIC_0028907.jpg,0,HAM_0005698,nv
ISIC_0028245.jpg,0,HAM_0006067,nv
ISIC_0026748.jpg,0,HAM_0001462,nv
ISIC_0029663.jpg,0,HAM_0002039,nv
ISIC_0027518.jpg,0,HAM_0000346,nv
ISIC_0031747.jpg,0,HAM_0003213,nv
ISIC_0025258.jpg,0,HAM_0006519,nv
ISIC_0032117.jpg,0,HAM_0006336,nv
ISIC_0032377.jpg,0,HAM_0000196,nv
ISIC_0030510.jpg,0,HAM_0000895,nv
ISIC_0026648.jpg,0,HAM_0003994,nv
ISIC_0025107.jpg,0,HAM_0001887,nv
ISIC_0027686.jpg,0,HAM_0002673,nv
ISIC_0030163.jpg,0,HAM_0006140,nv
ISIC_0028954.jpg,0,HAM_0000166,nv
ISIC_0031723.jpg,0,HAM_0006818,nv
ISIC_0025521.jpg,0,HAM_0004969,nv
ISIC_0030999.jpg,0,HAM_0006057,nv
ISIC_0027592.jpg,0,HAM_0006960,nv
ISIC_0025408.jpg,0,HAM_0000469,nv
ISIC_0026312.jpg,0,HAM_0006927,nv
ISIC_0030022.jpg,0,HAM_0002347,nv
ISIC_0026821.jpg,0,HAM_0007321,nv
ISIC_0027081.jpg,0,HAM_0003823,nv
ISIC_0024713.jpg,0,HAM_0005955,nv
ISIC_0031884.jpg,0,HAM_0004753,nv
ISIC_0024775.jpg,0,HAM_0004561,nv
ISIC_0028492.jpg,0,HAM_0004323,nv
ISIC_0028409.jpg,0,HAM_0005133,nv
ISIC_0027460.jpg,0,HAM_0000137,nv
ISIC_0030799.jpg,0,HAM_0005771,nv
ISIC_0031928.jpg,0,HAM_0007214,nv
ISIC_0030286.jpg,0,HAM_0000793,nv
ISIC_0031634.jpg,0,HAM_0000341,nv
ISIC_0031664.jpg,0,HAM_0003871,nv
ISIC_0028796.jpg,0,HAM_0002420,nv
ISIC_0030215.jpg,0,HAM_0002978,nv
ISIC_0026860.jpg,0,HAM_0000334,nv
ISIC_0028340.jpg,0,HAM_0000908,nv
ISIC_0031669.jpg,0,HAM_0004325,nv
ISIC_0026507.jpg,0,HAM_0006091,nv
ISIC_0030861.jpg,0,HAM_0002496,nv
ISIC_0028363.jpg,0,HAM_0001481,nv
ISIC_0029073.jpg,0,HAM_0001774,nv
ISIC_0024659.jpg,0,HAM_0001514,nv
ISIC_0025949.jpg,0,HAM_0005050,nv
ISIC_0029757.jpg,0,HAM_0001288,nv
ISIC_0029521.jpg,0,HAM_0001663,nv
ISIC_0024735.jpg,0,HAM_0006378,nv
ISIC_0026486.jpg,0,HAM_0004845,nv
ISIC_0026025.jpg,0,HAM_0002396,nv
ISIC_0032237.jpg,0,HAM_0003370,nv
ISIC_0027092.jpg,0,HAM_0007582,nv
ISIC_0032053.jpg,0,HAM_0005945,nv
ISIC_0030327.jpg,0,HAM_0005815,nv
ISIC_0025307.jpg,0,HAM_0002362,nv
ISIC_0024434.jpg,0,HAM_0006716,nv
ISIC_0025369.jpg,0,HAM_0004896,nv
ISIC_0024542.jpg,0,HAM_0000224,nv
ISIC_0030256.jpg,0,HAM_0001586,nv
ISIC_0029767.jpg,0,HAM_0003734,nv
ISIC_0030379.jpg,0,HAM_0003416,nv
ISIC_0028516.jpg,0,HAM_0005113,nv
ISIC_0026221.jpg,0,HAM_0006676,nv
ISIC_0029414.jpg,0,HAM_0001422,nv
ISIC_0032216.jpg,0,HAM_0004123,nv
ISIC_0030213.jpg,0,HAM_0005622,nv
ISIC_0028782.jpg,0,HAM_0000528,nv
ISIC_0025733.jpg,0,HAM_0006509,nv
ISIC_0026357.jpg,0,HAM_0001718,nv
ISIC_0025827.jpg,0,HAM_0005799,nv
ISIC_0031729.jpg,0,HAM_0001401,nv
ISIC_0027185.jpg,0,HAM_0003849,nv
ISIC_0026686.jpg,0,HAM_0004319,nv
ISIC_0026155.jpg,0,HAM_0002458,nv
ISIC_0032093.jpg,0,HAM_0004005,nv
ISIC_0024737.jpg,0,HAM_0003219,nv
ISIC_0025923.jpg,0,HAM_0005370,nv
ISIC_0028140.jpg,0,HAM_0002814,nv
ISIC_0032449.jpg,0,HAM_0006127,nv
ISIC_0031665.jpg,0,HAM_0007007,nv
ISIC_0025058.jpg,0,HAM_0005959,nv
ISIC_0024616.jpg,0,HAM_0004241,nv
ISIC_0024686.jpg,0,HAM_0001051,nv
ISIC_0031135.jpg,0,HAM_0000401,nv
ISIC_0025011.jpg,0,HAM_0002700,nv
ISIC_0028407.jpg,0,HAM_0001345,nv
ISIC_0027193.jpg,0,HAM_0002308,nv
ISIC_0029137.jpg,0,HAM_0002048,nv
ISIC_0025935.jpg,0,HAM_0006029,nv
ISIC_0029299.jpg,0,HAM_0000071,nv
ISIC_0029605.jpg,0,HAM_0005502,nv
ISIC_0025174.jpg,0,HAM_0000817,nv
ISIC_0025348.jpg,0,HAM_0002688,nv
ISIC_0024956.jpg,0,HAM_0005904,nv
ISIC_0027274.jpg,0,HAM_0007472,nv
ISIC_0031767.jpg,0,HAM_0005899,nv
ISIC_0029467.jpg,0,HAM_0006762,nv
ISIC_0031110.jpg,0,HAM_0004510,nv
ISIC_0026257.jpg,0,HAM_0002630,nv
ISIC_0031587.jpg,0,HAM_0001676,nv
ISIC_0029782.jpg,0,HAM_0007120,nv
ISIC_0030103.jpg,0,HAM_0001148,nv
ISIC_0031370.jpg,0,HAM_0007092,nv
ISIC_0025067.jpg,0,HAM_0007432,nv
ISIC_0029649.jpg,0,HAM_0000586,nv
ISIC_0032255.jpg,0,HAM_0005145,nv
ISIC_0028661.jpg,0,HAM_0006776,nv
ISIC_0026127.jpg,0,HAM_0000199,nv
ISIC_0028483.jpg,0,HAM_0003709,nv
ISIC_0031990.jpg,0,HAM_0004736,nv
ISIC_0027245.jpg,0,HAM_0006162,nv
ISIC_0031914.jpg,0,HAM_0002767,nv
ISIC_0031382.jpg,0,HAM_0003954,nv
ISIC_0027272.jpg,0,HAM_0004668,nv
ISIC_0032252.jpg,0,HAM_0005895,nv
ISIC_0031739.jpg,0,HAM_0001748,nv
ISIC_0024532.jpg,0,HAM_0004415,nv
ISIC_0026162.jpg,0,HAM_0005525,nv
ISIC_0027028.jpg,0,HAM_0005912,nv
ISIC_0026344.jpg,0,HAM_0000221,nv
ISIC_0028855.jpg,0,HAM_0005201,nv
ISIC_0031227.jpg,0,HAM_0002252,nv
ISIC_0027940.jpg,0,HAM_0003436,nv
ISIC_0026380.jpg,0,HAM_0000533,nv
ISIC_0029497.jpg,0,HAM_0001300,nv
ISIC_0027602.jpg,0,HAM_0001006,nv
ISIC_0030398.jpg,0,HAM_0003834,nv
ISIC_0029710.jpg,0,HAM_0002068,nv
ISIC_0026864.jpg,0,HAM_0000420,nv
ISIC_0028074.jpg,0,HAM_0006440,nv
ISIC_0031855.jpg,0,HAM_0002843,nv
ISIC_0029398.jpg,0,HAM_0002101,nv
ISIC_0027380.jpg,0,HAM_0005343,nv
ISIC_0028986.jpg,0,HAM_0007338,nv
ISIC_0028187.jpg,0,HAM_0006471,nv
ISIC_0024398.jpg,0,HAM_0001672,nv
ISIC_0032038.jpg,0,HAM_0001998,nv
ISIC_0032171.jpg,0,HAM_0006536,nv
ISIC_0030250.jpg,0,HAM_0002163,nv
ISIC_0027655.jpg,0,HAM_0006436,nv
ISIC_0024895.jpg,0,HAM_0004797,nv
ISIC_0030330.jpg,0,HAM_0002399,nv
ISIC_0029852.jpg,0,HAM_0002444,nv
ISIC_0027372.jpg,0,HAM_0004567,nv
ISIC_0026750.jpg,0,HAM_0000906,nv
ISIC_0030869.jpg,0,HAM_0004838,nv
ISIC_0030395.jpg,0,HAM_0002980,nv
ISIC_0025852.jpg,0,HAM_0001403,nv
ISIC_0032403.jpg,0,HAM_0004032,nv
ISIC_0029949.jpg,0,HAM_0002337,nv
ISIC_0025190.jpg,0,HAM_0006096,nv
ISIC_0030222.jpg,0,HAM_0002213,nv
ISIC_0026058.jpg,0,HAM_0007361,nv
ISIC_0031553.jpg,0,HAM_0001285,nv
ISIC_0028942.jpg,0,HAM_0006690,nv
ISIC_0028748.jpg,0,HAM_0005516,nv
ISIC_0025920.jpg,0,HAM_0007194,nv
ISIC_0027321.jpg,0,HAM_0006215,nv
ISIC_0031235.jpg,0,HAM_0007055,nv
ISIC_0028391.jpg,0,HAM_0005528,nv
ISIC_0029768.jpg,0,HAM_0002479,nv
ISIC_0029261.jpg,0,HAM_0001977,nv
ISIC_0026228.jpg,0,HAM_0003168,nv
ISIC_0028036.jpg,0,HAM_0000084,nv
ISIC_0031878.jpg,0,HAM_0004950,nv
ISIC_0029047.jpg,0,HAM_0002340,nv
ISIC_0030494.jpg,0,HAM_0004715,nv
ISIC_0029086.jpg,0,HAM_0000180,nv
ISIC_0027182.jpg,0,HAM_0000172,nv
ISIC_0027543.jpg,0,HAM_0006952,nv
ISIC_0030987.jpg,0,HAM_0001254,nv
ISIC_0030527.jpg,0,HAM_0006713,nv
ISIC_0028055.jpg,0,HAM_0002697,nv
ISIC_0030359.jpg,0,HAM_0007435,nv
ISIC_0024460.jpg,0,HAM_0007135,nv
ISIC_0026535.jpg,0,HAM_0000691,nv
ISIC_0024399.jpg,0,HAM_0004064,nv
ISIC_0026602.jpg,0,HAM_0003571,nv
ISIC_0029338.jpg,0,HAM_0002141,nv
ISIC_0029205.jpg,0,HAM_0002247,nv
ISIC_0025608.jpg,0,HAM_0003624,nv
ISIC_0029122.jpg,0,HAM_0006050,nv
ISIC_0026338.jpg,0,HAM_0000905,nv
ISIC_0032298.jpg,0,HAM_0000694,nv
ISIC_0029732.jpg,0,HAM_0006356,nv
ISIC_0024603.jpg,0,HAM_0006141,nv
ISIC_0026387.jpg,0,HAM_0003240,nv
ISIC_0027296.jpg,0,HAM_0001746,nv
ISIC_0027641.jpg,0,HAM_0006084,nv
ISIC_0029868.jpg,0,HAM_0000008,nv
ISIC_0025429.jpg,0,HAM_0007547,nv
ISIC_0026548.jpg,0,HAM_0006255,nv
ISIC_0031687.jpg,0,HAM_0004741,nv
ISIC_0027134.jpg,0,HAM_0004577,nv
ISIC_0026635.jpg,0,HAM_0004057,nv
ISIC_0026771.jpg,0,HAM_0006698,nv
ISIC_0027647.jpg,0,HAM_0002132,nv
ISIC_0031992.jpg,0,HAM_0006431,nv
ISIC_0031810.jpg,0,HAM_0000544,nv
ISIC_0028895.jpg,0,HAM_0003567,nv
ISIC_0029626.jpg,0,HAM_0002564,nv
ISIC_0032416.jpg,0,HAM_0003347,nv
ISIC_0029175.jpg,0,HAM_0002806,nv
ISIC_0025480.jpg,0,HAM_0006990,nv
ISIC_0029622.jpg,0,HAM_0004276,nv
ISIC_0027879.jpg,0,HAM_0003863,nv
ISIC_0024536.jpg,0,HAM_0003273,nv
ISIC_0030763.jpg,0,HAM_0002157,nv
ISIC_0029587.jpg,0,HAM_0003160,nv
ISIC_0031846.jpg,0,HAM_0001286,nv
ISIC_0026685.jpg,0,HAM_0002475,nv
ISIC_0025896.jpg,0,HAM_0005922,nv
ISIC_0031022.jpg,0,HAM_0000875,nv
ISIC_0029478.jpg,0,HAM_0002937,nv
ISIC_0029019.jpg,0,HAM_0005221,nv
ISIC_0028204.jpg,0,HAM_0002401,nv
ISIC_0026724.jpg,0,HAM_0003831,nv
ISIC_0032386.jpg,0,HAM_0000310,nv
ISIC_0030199.jpg,0,HAM_0001165,nv
ISIC_0026392.jpg,0,HAM_0004305,nv
ISIC_0028398.jpg,0,HAM_0003399,nv
ISIC_0032275.jpg,0,HAM_0003489,nv
ISIC_0032264.jpg,0,HAM_0006814,nv
ISIC_0029365.jpg,0,HAM_0001068,nv
ISIC_0030823.jpg,0,HAM_0004902,nv
ISIC_0029941.jpg,0,HAM_0001089,nv
ISIC_0030147.jpg,0,HAM_0004366,nv
ISIC_0025503.jpg,0,HAM_0005423,nv
ISIC_0028278.jpg,0,HAM_0002191,nv
ISIC_0029691.jpg,0,HAM_0002880,nv
ISIC_0028394.jpg,0,HAM_0004684,nv
ISIC_0027687.jpg,0,HAM_0004467,nv
ISIC_0031551.jpg,0,HAM_0001674,nv
ISIC_0025728.jpg,0,HAM_0003921,nv
ISIC_0024508.jpg,0,HAM_0006598,nv
ISIC_0029882.jpg,0,HAM_0007440,nv
ISIC_0030924.jpg,0,HAM_0004049,nv
ISIC_0026066.jpg,0,HAM_0001599,nv
ISIC_0024769.jpg,0,HAM_0002863,nv
ISIC_0027955.jpg,0,HAM_0001099,nv
ISIC_0031862.jpg,0,HAM_0004446,nv
ISIC_0025494.jpg,0,HAM_0000677,nv
ISIC_0029611.jpg,0,HAM_0000818,nv
ISIC_0027289.jpg,0,HAM_0003565,nv
ISIC_0024645.jpg,0,HAM_0000004,nv
ISIC_0030178.jpg,0,HAM_0003533,nv
ISIC_0028742.jpg,0,HAM_0004062,nv
ISIC_0029058.jpg,0,HAM_0006292,nv
ISIC_0026918.jpg,0,HAM_0006573,nv
ISIC_0031608.jpg,0,HAM_0004816,nv
ISIC_0025913.jpg,0,HAM_0003409,nv
ISIC_0026642.jpg,0,HAM_0004855,nv
ISIC_0031590.jpg,0,HAM_0003786,nv
ISIC_0032064.jpg,0,HAM_0002482,nv
ISIC_0026331.jpg,0,HAM_0005940,nv
ISIC_0027362.jpg,0,HAM_0000826,nv
ISIC_0030475.jpg,0,HAM_0006051,nv
ISIC_0024689.jpg,0,HAM_0000610,nv
ISIC_0032464.jpg,0,HAM_0001865,nv
ISIC_0028046.jpg,0,HAM_0003719,nv
ISIC_0028382.jpg,0,HAM_0002522,nv
ISIC_0025333.jpg,0,HAM_0007515,nv
ISIC_0028691.jpg,0,HAM_0001161,nv
ISIC_0026082.jpg,0,HAM_0002379,nv
ISIC_0029379.jpg,0,HAM_0002781,nv
ISIC_0032483.jpg,0,HAM_0004104,nv
ISIC_0027508.jpg,0,HAM_0003880,nv
ISIC_0032032.jpg,0,HAM_0000681,nv
ISIC_0030624.jpg,0,HAM_0006771,nv
ISIC_0028161.jpg,0,HAM_0005150,nv
ISIC_0024953.jpg,0,HAM_0000252,nv
ISIC_0025023.jpg,0,HAM_0006381,nv
ISIC_0025186.jpg,0,HAM_0002586,nv
ISIC_0027749.jpg,0,HAM_0000466,nv
ISIC_0029446.jpg,0,HAM_0000749,nv
ISIC_0029380.jpg,0,HAM_0005171,nv
ISIC_0029593.jpg,0,HAM_0004229,nv
ISIC_0027603.jpg,0,HAM_0003922,nv
ISIC_0030703.jpg,0,HAM_0002373,nv
ISIC_0030467.jpg,0,HAM_0004759,nv
ISIC_0025462.jpg,0,HAM_0000367,nv
ISIC_0028432.jpg,0,HAM_0004778,nv
ISIC_0028491.jpg,0,HAM_0004758,nv
ISIC_0024320.jpg,0,HAM_0005039,nv
ISIC_0032503.jpg,0,HAM_0002487,nv
ISIC_0025211.jpg,0,HAM_0003245,nv
ISIC_0029948.jpg,0,HAM_0001988,nv
ISIC_0028824.jpg,0,HAM_0003053,nv
ISIC_0030228.jpg,0,HAM_0002777,nv
ISIC_0028541.jpg,0,HAM_0004096,nv
ISIC_0028521.jpg,0,HAM_0002446,nv
ISIC_0025762.jpg,0,HAM_0005189,nv
ISIC_0029433.jpg,0,HAM_0001445,nv
ISIC_0028470.jpg,0,HAM_0000811,nv
ISIC_0025586.jpg,0,HAM_0004498,nv
ISIC_0025114.jpg,0,HAM_0003249,nv
ISIC_0029922.jpg,0,HAM_0007121,nv
ISIC_0025721.jpg,0,HAM_0001963,nv
ISIC_0029042.jpg,0,HAM_0004040,nv
ISIC_0026418.jpg,0,HAM_0005831,nv
ISIC_0032062.jpg,0,HAM_0007366,nv
ISIC_0030386.jpg,0,HAM_0003201,nv
ISIC_0032401.jpg,0,HAM_0001229,nv
ISIC_0030252.jpg,0,HAM_0002263,nv
ISIC_0024528.jpg,0,HAM_0002857,nv
ISIC_0026102.jpg,0,HAM_0006841,nv
ISIC_0024699.jpg,0,HAM_0007605,nv
ISIC_0029240.jpg,0,HAM_0006012,nv
ISIC_0025204.jpg,0,HAM_0000919,nv
ISIC_0028000.jpg,0,HAM_0001496,nv
ISIC_0027934.jpg,0,HAM_0001398,nv
ISIC_0030713.jpg,0,HAM_0006866,nv
ISIC_0028634.jpg,0,HAM_0000481,nv
ISIC_0028506.jpg,0,HAM_0006838,nv
ISIC_0028256.jpg,0,HAM_0004218,nv
ISIC_0025858.jpg,0,HAM_0007473,nv
ISIC_0024844.jpg,0,HAM_0007217,nv
ISIC_0027824.jpg,0,HAM_0000343,nv
ISIC_0031262.jpg,0,HAM_0007602,nv
ISIC_0024551.jpg,0,HAM_0002629,nv
ISIC_0027611.jpg,0,HAM_0000160,nv
ISIC_0031493.jpg,0,HAM_0007146,nv
ISIC_0027993.jpg,0,HAM_0004659,nv
ISIC_0027599.jpg,0,HAM_0000399,nv
ISIC_0024613.jpg,0,HAM_0001291,nv
ISIC_0031574.jpg,0,HAM_0005928,nv
ISIC_0032473.jpg,0,HAM_0004631,nv
ISIC_0031834.jpg,0,HAM_0004640,nv
ISIC_0025624.jpg,0,HAM_0006783,nv
ISIC_0027161.jpg,0,HAM_0005494,nv
ISIC_0026667.jpg,0,HAM_0003660,nv
ISIC_0025882.jpg,0,HAM_0000978,nv
ISIC_0028070.jpg,0,HAM_0000989,nv
ISIC_0030309.jpg,0,HAM_0006322,nv
ISIC_0030895.jpg,0,HAM_0006647,nv
ISIC_0031336.jpg,0,HAM_0002085,nv
ISIC_0032010.jpg,0,HAM_0000445,nv
ISIC_0027391.jpg,0,HAM_0000037,nv
ISIC_0025770.jpg,0,HAM_0004913,nv
ISIC_0032224.jpg,0,HAM_0005033,nv
ISIC_0031264.jpg,0,HAM_0006227,nv
ISIC_0026639.jpg,0,HAM_0002410,nv
ISIC_0031979.jpg,0,HAM_0003318,nv
ISIC_0031680.jpg,0,HAM_0003731,nv
ISIC_0026917.jpg,0,HAM_0001898,nv
ISIC_0025207.jpg,0,HAM_0007353,nv
ISIC_0029738.jpg,0,HAM_0003637,nv
ISIC_0031627.jpg,0,HAM_0002210,nv
ISIC_0027804.jpg,0,HAM_0005841,nv
ISIC_0031828.jpg,0,HAM_0005788,nv
ISIC_0025395.jpg,0,HAM_0000371,nv
ISIC_0030304.jpg,0,HAM_0000493,nv
ISIC_0030982.jpg,0,HAM_0006054,nv
ISIC_0025445.jpg,0,HAM_0007536,nv
ISIC_0024509.jpg,0,HAM_0002966,nv
ISIC_0031419.jpg,0,HAM_0005923,nv
ISIC_0031949.jpg,0,HAM_0007412,nv
ISIC_0028996.jpg,0,HAM_0004151,nv
ISIC_0029586.jpg,0,HAM_0003864,nv
ISIC_0027059.jpg,0,HAM_0007628,nv
ISIC_0028405.jpg,0,HAM_0002816,nv
ISIC_0031840.jpg,0,HAM_0006991,nv
ISIC_0027483.jpg,0,HAM_0005181,nv
ISIC_0032041.jpg,0,HAM_0000103,nv
ISIC_0028740.jpg,0,HAM_0004977,nv
ISIC_0024629.jpg,0,HAM_0005793,nv
ISIC_0025189.jpg,0,HAM_0007185,nv
ISIC_0024549.jpg,0,HAM_0002385,nv
ISIC_0032160.jpg,0,HAM_0004874,nv
ISIC_0031491.jpg,0,HAM_0006918,nv
ISIC_0032178.jpg,0,HAM_0000651,nv
ISIC_0028788.jpg,0,HAM_0002351,nv
ISIC_0032451.jpg,0,HAM_0000414,nv
ISIC_0029625.jpg,0,HAM_0004292,nv
ISIC_0030169.jpg,0,HAM_0005240,nv
ISIC_0025845.jpg,0,HAM_0005868,nv
ISIC_0031444.jpg,0,HAM_0006892,nv
ISIC_0032452.jpg,0,HAM_0002739,nv
ISIC_0028563.jpg,0,HAM_0002126,nv
ISIC_0030779.jpg,0,HAM_0002716,nv
ISIC_0029681.jpg,0,HAM_0000583,nv
ISIC_0028485.jpg,0,HAM_0005567,nv
ISIC_0027656.jpg,0,HAM_0002578,nv
ISIC_0027014.jpg,0,HAM_0002627,nv
ISIC_0030113.jpg,0,HAM_0005729,nv
ISIC_0030100.jpg,0,HAM_0002694,nv
ISIC_0027459.jpg,0,HAM_0006999,nv
ISIC_0027913.jpg,0,HAM_0001564,nv
ISIC_0028206.jpg,0,HAM_0004052,nv
ISIC_0028374.jpg,0,HAM_0005398,nv
ISIC_0025991.jpg,0,HAM_0000595,nv
ISIC_0024335.jpg,0,HAM_0004431,nv
ISIC_0024785.jpg,0,HAM_0004926,nv
ISIC_0024614.jpg,0,HAM_0001257,nv
ISIC_0027705.jpg,0,HAM_0002618,nv
ISIC_0025566.jpg,0,HAM_0006117,nv
ISIC_0028134.jpg,0,HAM_0004022,nv
ISIC_0024783.jpg,0,HAM_0007223,nv
ISIC_0028259.jpg,0,HAM_0001348,nv
ISIC_0026187.jpg,0,HAM_0003258,nv
ISIC_0025962.jpg,0,HAM_0006297,nv
ISIC_0024347.jpg,0,HAM_0003121,nv
ISIC_0029631.jpg,0,HAM_0003170,nv
ISIC_0029754.jpg,0,HAM_0000389,nv
ISIC_0028176.jpg,0,HAM_0002950,nv
ISIC_0031736.jpg,0,HAM_0004993,nv
ISIC_0028806.jpg,0,HAM_0004175,nv
ISIC_0028416.jpg,0,HAM_0003332,nv
ISIC_0024607.jpg,0,HAM_0002563,nv
ISIC_0025382.jpg,0,HAM_0003793,nv
ISIC_0029692.jpg,0,HAM_0005503,nv
ISIC_0030572.jpg,0,HAM_0000809,nv
ISIC_0030931.jpg,0,HAM_0007493,nv
ISIC_0028717.jpg,0,HAM_0005803,nv
ISIC_0024499.jpg,0,HAM_0000708,nv
ISIC_0028181.jpg,0,HAM_0006777,nv
ISIC_0027131.jpg,0,HAM_0000088,nv
ISIC_0026196.jpg,0,HAM_0006632,nv
ISIC_0028203.jpg,0,HAM_0007438,nv
ISIC_0025853.jpg,0,HAM_0003897,nv
ISIC_0025077.jpg,0,HAM_0003456,nv
ISIC_0032167.jpg,0,HAM_0000916,nv
ISIC_0030084.jpg,0,HAM_0004616,nv
ISIC_0029428.jpg,0,HAM_0003291,nv
ISIC_0031324.jpg,0,HAM_0003628,nv
ISIC_0029158.jpg,0,HAM_0004689,nv
ISIC_0025306.jpg,0,HAM_0005271,nv
ISIC_0024903.jpg,0,HAM_0004238,nv
ISIC_0031514.jpg,0,HAM_0005029,nv
ISIC_0024413.jpg,0,HAM_0001110,nv
ISIC_0024724.jpg,0,HAM_0000679,nv
ISIC_0031058.jpg,0,HAM_0003180,nv
ISIC_0026428.jpg,0,HAM_0004931,nv
ISIC_0029114.jpg,0,HAM_0007231,nv
ISIC_0030577.jpg,0,HAM_0000281,nv
ISIC_0026356.jpg,0,HAM_0001039,nv
ISIC_0027555.jpg,0,HAM_0003503,nv
ISIC_0031538.jpg,0,HAM_0004868,nv
ISIC_0028886.jpg,0,HAM_0002995,nv
ISIC_0025420.jpg,0,HAM_0007537,nv
ISIC_0026204.jpg,0,HAM_0000670,nv
ISIC_0030288.jpg,0,HAM_0003626,nv
ISIC_0028753.jpg,0,HAM_0001303,nv
ISIC_0025495.jpg,0,HAM_0001275,nv
ISIC_0032351.jpg,0,HAM_0006963,nv
ISIC_0027521.jpg,0,HAM_0005554,nv
ISIC_0025423.jpg,0,HAM_0002229,nv
ISIC_0024993.jpg,0,HAM_0000147,nv
ISIC_0029144.jpg,0,HAM_0007319,nv
ISIC_0024442.jpg,0,HAM_0001439,nv
ISIC_0027619.jpg,0,HAM_0006286,nv
ISIC_0027746.jpg,0,HAM_0003450,nv
ISIC_0030438.jpg,0,HAM_0006206,nv
ISIC_0031155.jpg,0,HAM_0001797,nv
ISIC_0030939.jpg,0,HAM_0004045,nv
ISIC_0031179.jpg,0,HAM_0001996,nv
ISIC_0024847.jpg,0,HAM_0003570,nv
ISIC_0030212.jpg,0,HAM_0000605,nv
ISIC_0026612.jpg,0,HAM_0006561,nv
ISIC_0031129.jpg,0,HAM_0006848,nv
ISIC_0029590.jpg,0,HAM_0002679,nv
ISIC_0030043.jpg,0,HAM_0002549,nv
ISIC_0029451.jpg,0,HAM_0006981,nv
ISIC_0029990.jpg,0,HAM_0002858,nv
ISIC_0029648.jpg,0,HAM_0005099,nv
ISIC_0030671.jpg,0,HAM_0006578,nv
ISIC_0026662.jpg,0,HAM_0005140,nv
ISIC_0026088.jpg,0,HAM_0002958,nv
ISIC_0030667.jpg,0,HAM_0004530,nv
ISIC_0024742.jpg,0,HAM_0000111,nv
ISIC_0032127.jpg,0,HAM_0001595,nv
ISIC_0029136.jpg,0,HAM_0005416,nv
ISIC_0028013.jpg,0,HAM_0007363,nv
ISIC_0024622.jpg,0,HAM_0004771,nv
ISIC_0024905.jpg,0,HAM_0007392,nv
ISIC_0025203.jpg,0,HAM_0004048,nv
ISIC_0030686.jpg,0,HAM_0001592,nv
ISIC_0026627.jpg,0,HAM_0003519,nv
ISIC_0030881.jpg,0,HAM_0004101,nv
ISIC_0029375.jpg,0,HAM_0003012,nv
ISIC_0029487.jpg,0,HAM_0006582,nv
ISIC_0025185.jpg,0,HAM_0006971,nv
ISIC_0029935.jpg,0,HAM_0002593,nv
ISIC_0025750.jpg,0,HAM_0007056,nv
ISIC_0028781.jpg,0,HAM_0005208,nv
ISIC_0030506.jpg,0,HAM_0000384,nv
ISIC_0028093.jpg,0,HAM_0004073,nv
ISIC_0031994.jpg,0,HAM_0002669,nv
ISIC_0032122.jpg,0,HAM_0000018,nv
ISIC_0029186.jpg,0,HAM_0006275,nv
ISIC_0026509.jpg,0,HAM_0006142,nv
ISIC_0029131.jpg,0,HAM_0006985,nv
ISIC_0031210.jpg,0,HAM_0004390,nv
ISIC_0027618.jpg,0,HAM_0006518,nv
ISIC_0024677.jpg,0,HAM_0003337,nv
ISIC_0029304.jpg,0,HAM_0001955,nv
ISIC_0032286.jpg,0,HAM_0006959,nv
ISIC_0024591.jpg,0,HAM_0006068,nv
ISIC_0030392.jpg,0,HAM_0003395,nv
ISIC_0029228.jpg,0,HAM_0003492,nv
ISIC_0025821.jpg,0,HAM_0002528,nv
ISIC_0029237.jpg,0,HAM_0006477,nv
ISIC_0028274.jpg,0,HAM_0007597,nv
ISIC_0027449.jpg,0,HAM_0006410,nv
ISIC_0025886.jpg,0,HAM_0006741,nv
ISIC_0028269.jpg,0,HAM_0001282,nv
ISIC_0031075.jpg,0,HAM_0003154,nv
ISIC_0030631.jpg,0,HAM_0000883,nv
ISIC_0026160.jpg,0,HAM_0001639,nv
ISIC_0029960.jpg,0,HAM_0001451,nv
ISIC_0024506.jpg,0,HAM_0004340,nv
ISIC_0030716.jpg,0,HAM_0006308,nv
ISIC_0030476.jpg,0,HAM_0005372,nv
ISIC_0024764.jpg,0,HAM_0007246,nv
ISIC_0028072.jpg,0,HAM_0000081,nv
ISIC_0027330.jpg,0,HAM_0001985,nv
ISIC_0027243.jpg,0,HAM_0007288,nv
ISIC_0031067.jpg,0,HAM_0005615,nv
ISIC_0026047.jpg,0,HAM_0001208,nv
ISIC_0031549.jpg,0,HAM_0001899,nv
ISIC_0027743.jpg,0,HAM_0004591,nv
ISIC_0024558.jpg,0,HAM_0003041,nv
ISIC_0026985.jpg,0,HAM_0006607,nv
ISIC_0028096.jpg,0,HAM_0002638,nv
ISIC_0031214.jpg,0,HAM_0002148,nv
ISIC_0025111.jpg,0,HAM_0005819,nv
ISIC_0030482.jpg,0,HAM_0006951,nv
ISIC_0024670.jpg,0,HAM_0002935,nv
ISIC_0025829.jpg,0,HAM_0000409,nv
ISIC_0031902.jpg,0,HAM_0005432,nv
ISIC_0031073.jpg,0,HAM_0001800,nv
ISIC_0029325.jpg,0,HAM_0000026,nv
ISIC_0024633.jpg,0,HAM_0006254,nv
ISIC_0024766.jpg,0,HAM_0004386,nv
ISIC_0031842.jpg,0,HAM_0006752,nv
ISIC_0029853.jpg,0,HAM_0001485,nv
ISIC_0027015.jpg,0,HAM_0001851,nv
ISIC_0030834.jpg,0,HAM_0001871,nv
ISIC_0026463.jpg,0,HAM_0006948,nv
ISIC_0031856.jpg,0,HAM_0007197,nv
ISIC_0031684.jpg,0,HAM_0001351,nv
ISIC_0027923.jpg,0,HAM_0003643,nv
ISIC_0029283.jpg,0,HAM_0001873,nv
ISIC_0026721.jpg,0,HAM_0002790,nv
ISIC_0026405.jpg,0,HAM_0005964,nv
ISIC_0024889.jpg,0,HAM_0000197,nv
ISIC_0028672.jpg,0,HAM_0003888,nv
ISIC_0026078.jpg,0,HAM_0005108,nv
ISIC_0030071.jpg,0,HAM_0002883,nv
ISIC_0025502.jpg,0,HAM_0002125,nv
ISIC_0025163.jpg,0,HAM_0002320,nv
ISIC_0026997.jpg,0,HAM_0004972,nv
ISIC_0025280.jpg,0,HAM_0001583,nv
ISIC_0026164.jpg,0,HAM_0002872,nv
ISIC_0030471.jpg,0,HAM_0002540,nv
ISIC_0030132.jpg,0,HAM_0005857,nv
ISIC_0029321.jpg,0,HAM_0007162,nv
ISIC_0024921.jpg,0,HAM_0005936,nv
ISIC_0029709.jpg,0,HAM_0003763,nv
ISIC_0032105.jpg,0,HAM_0006102,nv
ISIC_0030419.jpg,0,HAM_0005063,nv
ISIC_0030474.jpg,0,HAM_0005399,nv
ISIC_0031280.jpg,0,HAM_0004843,nv
ISIC_0026508.jpg,0,HAM_0005807,nv
ISIC_0028244.jpg,0,HAM_0001533,nv
ISIC_0032259.jpg,0,HAM_0004333,nv
ISIC_0025666.jpg,0,HAM_0005882,nv
ISIC_0027794.jpg,0,HAM_0002072,nv
ISIC_0024438.jpg,0,HAM_0002251,nv
ISIC_0026077.jpg,0,HAM_0005592,nv
ISIC_0031274.jpg,0,HAM_0006305,nv
ISIC_0025796.jpg,0,HAM_0002830,nv
ISIC_0030745.jpg,0,HAM_0000115,nv
ISIC_0031300.jpg,0,HAM_0007626,nv
ISIC_0029769.jpg,0,HAM_0004107,nv
ISIC_0026434.jpg,0,HAM_0007414,nv
ISIC_0031758.jpg,0,HAM_0001007,nv
ISIC_0031780.jpg,0,HAM_0005167,nv
ISIC_0025110.jpg,0,HAM_0001893,nv
ISIC_0025895.jpg,0,HAM_0000478,nv
ISIC_0029766.jpg,0,HAM_0004023,nv
ISIC_0027694.jpg,0,HAM_0007405,nv
ISIC_0029616.jpg,0,HAM_0002842,nv
ISIC_0030994.jpg,0,HAM_0001569,nv
ISIC_0031028.jpg,0,HAM_0002941,nv
ISIC_0028624.jpg,0,HAM_0003750,nv
ISIC_0030454.jpg,0,HAM_0001267,nv
ISIC_0026899.jpg,0,HAM_0001652,nv
ISIC_0027692.jpg,0,HAM_0003769,nv
ISIC_0029494.jpg,0,HAM_0003486,nv
ISIC_0030201.jpg,0,HAM_0005638,nv
ISIC_0025537.jpg,0,HAM_0007257,nv
ISIC_0026504.jpg,0,HAM_0002114,nv
ISIC_0029421.jpg,0,HAM_0003203,nv
ISIC_0025496.jpg,0,HAM_0002996,nv
ISIC_0030149.jpg,0,HAM_0003693,nv
ISIC_0028125.jpg,0,HAM_0003604,nv
ISIC_0026284.jpg,0,HAM_0001252,nv
ISIC_0028892.jpg,0,HAM_0006335,nv
ISIC_0028725.jpg,0,HAM_0003598,nv
ISIC_0025216.jpg,0,HAM_0007549,nv
ISIC_0027050.jpg,0,HAM_0004597,nv
ISIC_0031843.jpg,0,HAM_0001471,nv
ISIC_0027777.jpg,0,HAM_0000819,nv
ISIC_0028469.jpg,0,HAM_0002145,nv
ISIC_0031252.jpg,0,HAM_0002580,nv
ISIC_0030750.jpg,0,HAM_0005277,nv
ISIC_0031516.jpg,0,HAM_0003499,nv
ISIC_0025570.jpg,0,HAM_0003985,nv
ISIC_0029934.jpg,0,HAM_0006317,nv
ISIC_0025270.jpg,0,HAM_0004764,nv
ISIC_0029506.jpg,0,HAM_0005497,nv
ISIC_0030788.jpg,0,HAM_0004785,nv
ISIC_0028189.jpg,0,HAM_0006849,nv
ISIC_0030046.jpg,0,HAM_0001917,nv
ISIC_0028606.jpg,0,HAM_0004044,nv
ISIC_0026309.jpg,0,HAM_0002285,nv
ISIC_0026680.jpg,0,HAM_0006773,nv
ISIC_0028708.jpg,0,HAM_0005004,nv
ISIC_0027524.jpg,0,HAM_0002026,nv
ISIC_0031847.jpg,0,HAM_0003431,nv
ISIC_0031003.jpg,0,HAM_0001578,nv
ISIC_0029262.jpg,0,HAM_0004353,nv
ISIC_0027399.jpg,0,HAM_0000935,nv
ISIC_0028794.jpg,0,HAM_0006606,nv
ISIC_0026278.jpg,0,HAM_0001081,nv
ISIC_0025291.jpg,0,HAM_0003616,nv
ISIC_0027511.jpg,0,HAM_0005897,nv
ISIC_0027890.jpg,0,HAM_0006717,nv
ISIC_0029690.jpg,0,HAM_0006455,nv
ISIC_0029981.jpg,0,HAM_0005357,nv
ISIC_0026198.jpg,0,HAM_0004729,nv
ISIC_0030267.jpg,0,HAM_0000877,nv
ISIC_0024354.jpg,0,HAM_0004117,nv
ISIC_0028811.jpg,0,HAM_0003795,nv
ISIC_0027001.jpg,0,HAM_0003134,nv
ISIC_0025015.jpg,0,HAM_0004119,nv
ISIC_0031616.jpg,0,HAM_0002071,nv
ISIC_0027342.jpg,0,HAM_0000510,nv
ISIC_0026919.jpg,0,HAM_0001945,nv
ISIC_0025802.jpg,0,HAM_0001199,nv
ISIC_0025304.jpg,0,HAM_0007149,nv
ISIC_0030864.jpg,0,HAM_0007394,nv
ISIC_0032295.jpg,0,HAM_0006106,nv
ISIC_0027594.jpg,0,HAM_0006933,nv
ISIC_0030012.jpg,0,HAM_0000253,nv
ISIC_0027761.jpg,0,HAM_0000663,nv
ISIC_0029969.jpg,0,HAM_0006038,nv
ISIC_0029361.jpg,0,HAM_0001182,nv
ISIC_0027450.jpg,0,HAM_0004146,nv
ISIC_0024810.jpg,0,HAM_0001628,nv
ISIC_0024339.jpg,0,HAM_0005781,nv
ISIC_0025552.jpg,0,HAM_0000218,nv
ISIC_0024627.jpg,0,HAM_0002992,nv
ISIC_0024513.jpg,0,HAM_0003712,nv
ISIC_0030152.jpg,0,HAM_0000043,nv
ISIC_0029207.jpg,0,HAM_0003477,nv
ISIC_0029284.jpg,0,HAM_0007048,nv
ISIC_0028867.jpg,0,HAM_0003169,nv
ISIC_0030381.jpg,0,HAM_0005702,nv
ISIC_0027586.jpg,0,HAM_0001421,nv
ISIC_0031607.jpg,0,HAM_0002270,nv
ISIC_0026183.jpg,0,HAM_0000732,nv
ISIC_0024801.jpg,0,HAM_0003635,nv
ISIC_0031180.jpg,0,HAM_0002612,nv
ISIC_0026616.jpg,0,HAM_0007105,nv
ISIC_0026459.jpg,0,HAM_0002241,nv
ISIC_0031124.jpg,0,HAM_0002510,nv
ISIC_0024384.jpg,0,HAM_0001029,nv
ISIC_0029234.jpg,0,HAM_0006758,nv
ISIC_0031683.jpg,0,HAM_0002579,nv
ISIC_0028002.jpg,0,HAM_0002168,nv
ISIC_0025282.jpg,0,HAM_0003923,nv
ISIC_0029275.jpg,0,HAM_0003905,nv
ISIC_0026287.jpg,0,HAM_0002412,nv
ISIC_0024530.jpg,0,HAM_0001235,nv
ISIC_0026483.jpg,0,HAM_0003118,nv
ISIC_0027748.jpg,0,HAM_0004228,nv
ISIC_0027481.jpg,0,HAM_0004794,nv
ISIC_0027880.jpg,0,HAM_0005687,nv
ISIC_0027906.jpg,0,HAM_0000185,nv
ISIC_0029718.jpg,0,HAM_0003545,nv
ISIC_0025857.jpg,0,HAM_0002091,nv
ISIC_0027489.jpg,0,HAM_0006565,nv
ISIC_0024878.jpg,0,HAM_0005635,nv
ISIC_0029076.jpg,0,HAM_0005147,nv
ISIC_0028697.jpg,0,HAM_0001585,nv
ISIC_0030017.jpg,0,HAM_0002643,nv
ISIC_0027484.jpg,0,HAM_0001756,nv
ISIC_0025202.jpg,0,HAM_0007039,nv
ISIC_0030216.jpg,0,HAM_0001951,nv
ISIC_0028893.jpg,0,HAM_0007556,nv
ISIC_0024954.jpg,0,HAM_0006175,nv
ISIC_0030808.jpg,0,HAM_0001710,nv
ISIC_0030648.jpg,0,HAM_0003607,nv
ISIC_0030489.jpg,0,HAM_0007447,nv
ISIC_0026332.jpg,0,HAM_0004339,nv
ISIC_0026944.jpg,0,HAM_0000331,nv
ISIC_0024326.jpg,0,HAM_0001812,nv
ISIC_0030879.jpg,0,HAM_0002445,nv
ISIC_0024600.jpg,0,HAM_0002499,nv
ISIC_0025283.jpg,0,HAM_0004693,nv
ISIC_0030078.jpg,0,HAM_0005796,nv
ISIC_0030345.jpg,0,HAM_0004598,nv
ISIC_0027676.jpg,0,HAM_0004115,nv
ISIC_0026063.jpg,0,HAM_0003139,nv
ISIC_0028321.jpg,0,HAM_0001032,nv
ISIC_0024316.jpg,0,HAM_0002718,nv
ISIC_0026386.jpg,0,HAM_0002885,nv
ISIC_0030601.jpg,0,HAM_0004488,nv
ISIC_0028434.jpg,0,HAM_0000712,nv
ISIC_0027386.jpg,0,HAM_0001724,nv
ISIC_0032085.jpg,0,HAM_0003377,nv
ISIC_0028703.jpg,0,HAM_0007345,nv
ISIC_0025435.jpg,0,HAM_0002619,nv
ISIC_0024966.jpg,0,HAM_0004137,nv
ISIC_0031096.jpg,0,HAM_0005773,nv
ISIC_0031873.jpg,0,HAM_0004362,nv
ISIC_0029629.jpg,0,HAM_0004019,nv
ISIC_0027441.jpg,0,HAM_0007455,nv
ISIC_0030254.jpg,0,HAM_0006759,nv
ISIC_0028549.jpg,0,HAM_0004752,nv
ISIC_0031251.jpg,0,HAM_0005012,nv
ISIC_0024722.jpg,0,HAM_0005452,nv
ISIC_0029957.jpg,0,HAM_0005418,nv
ISIC_0027699.jpg,0,HAM_0005461,nv
ISIC_0028273.jpg,0,HAM_0000242,nv
ISIC_0032438.jpg,0,HAM_0007485,nv
ISIC_0030153.jpg,0,HAM_0005836,nv
ISIC_0030551.jpg,0,HAM_0004445,nv
ISIC_0029765.jpg,0,HAM_0005348,nv
ISIC_0027864.jpg,0,HAM_0000944,nv
ISIC_0027383.jpg,0,HAM_0004037,nv
ISIC_0029552.jpg,0,HAM_0005477,nv
ISIC_0027292.jpg,0,HAM_0006460,nv
ISIC_0025010.jpg,0,HAM_0002590,nv
ISIC_0025468.jpg,0,HAM_0001939,nv
ISIC_0028657.jpg,0,HAM_0006597,nv
ISIC_0028569.jpg,0,HAM_0005709,nv
ISIC_0031788.jpg,0,HAM_0004490,nv
ISIC_0026354.jpg,0,HAM_0005288,nv
ISIC_0025269.jpg,0,HAM_0004155,nv
ISIC_0031397.jpg,0,HAM_0000178,nv
ISIC_0025848.jpg,0,HAM_0002310,nv
ISIC_0031342.jpg,0,HAM_0004815,nv
ISIC_0030325.jpg,0,HAM_0004493,nv
ISIC_0028268.jpg,0,HAM_0004875,nv
ISIC_0031548.jpg,0,HAM_0003575,nv
ISIC_0028171.jpg,0,HAM_0005346,nv
ISIC_0031628.jpg,0,HAM_0001315,nv
ISIC_0026898.jpg,0,HAM_0005726,nv
ISIC_0031859.jpg,0,HAM_0001574,nv
ISIC_0028333.jpg,0,HAM_0002259,nv
ISIC_0030001.jpg,0,HAM_0001658,nv
ISIC_0027078.jpg,0,HAM_0001660,nv
ISIC_0027792.jpg,0,HAM_0003929,nv
ISIC_0029535.jpg,0,HAM_0000664,nv
ISIC_0032000.jpg,0,HAM_0004688,nv
ISIC_0026410.jpg,0,HAM_0002104,nv
ISIC_0024485.jpg,0,HAM_0006172,nv
ISIC_0031066.jpg,0,HAM_0006488,nv
ISIC_0025582.jpg,0,HAM_0007423,nv
ISIC_0029078.jpg,0,HAM_0004808,nv
ISIC_0027841.jpg,0,HAM_0002932,nv
ISIC_0027443.jpg,0,HAM_0000738,nv
ISIC_0025176.jpg,0,HAM_0002864,nv
ISIC_0031983.jpg,0,HAM_0006890,nv
ISIC_0027830.jpg,0,HAM_0001516,nv
ISIC_0029180.jpg,0,HAM_0005595,nv
ISIC_0026534.jpg,0,HAM_0000365,nv
ISIC_0027396.jpg,0,HAM_0001491,nv
ISIC_0028040.jpg,0,HAM_0001463,nv
ISIC_0026450.jpg,0,HAM_0001784,nv
ISIC_0025479.jpg,0,HAM_0005220,nv
ISIC_0027980.jpg,0,HAM_0004144,nv
ISIC_0024451.jpg,0,HAM_0003737,nv
ISIC_0029901.jpg,0,HAM_0006022,nv
ISIC_0028638.jpg,0,HAM_0001320,nv
ISIC_0029989.jpg,0,HAM_0000834,nv
ISIC_0027430.jpg,0,HAM_0002330,nv
ISIC_0024817.jpg,0,HAM_0000447,nv
ISIC_0031425.jpg,0,HAM_0007087,nv
ISIC_0029154.jpg,0,HAM_0001426,nv
ISIC_0029734.jpg,0,HAM_0003537,nv
ISIC_0030627.jpg,0,HAM_0006202,nv
ISIC_0030217.jpg,0,HAM_0002137,nv
ISIC_0027039.jpg,0,HAM_0004035,nv
ISIC_0031109.jpg,0,HAM_0000869,nv
ISIC_0026938.jpg,0,HAM_0001929,nv
ISIC_0028119.jpg,0,HAM_0007564,nv
ISIC_0024390.jpg,0,HAM_0003645,nv
ISIC_0024802.jpg,0,HAM_0002156,nv
ISIC_0031307.jpg,0,HAM_0004299,nv
ISIC_0030992.jpg,0,HAM_0005151,nv
ISIC_0030638.jpg,0,HAM_0005976,nv
ISIC_0025686.jpg,0,HAM_0002146,nv
ISIC_0026598.jpg,0,HAM_0006602,nv
ISIC_0030472.jpg,0,HAM_0005161,nv
ISIC_0030983.jpg,0,HAM_0004920,nv
ISIC_0026482.jpg,0,HAM_0006788,nv
ISIC_0026035.jpg,0,HAM_0001043,nv
ISIC_0026379.jpg,0,HAM_0003658,nv
ISIC_0024912.jpg,0,HAM_0007613,nv
ISIC_0027918.jpg,0,HAM_0005844,nv
ISIC_0032431.jpg,0,HAM_0000234,nv
ISIC_0029173.jpg,0,HAM_0003292,nv
ISIC_0030647.jpg,0,HAM_0002987,nv
ISIC_0026146.jpg,0,HAM_0006888,nv
ISIC_0025014.jpg,0,HAM_0000066,nv
ISIC_0031772.jpg,0,HAM_0006282,nv
ISIC_0026563.jpg,0,HAM_0005526,nv
ISIC_0029964.jpg,0,HAM_0006165,nv
ISIC_0029151.jpg,0,HAM_0004755,nv
ISIC_0029842.jpg,0,HAM_0006865,nv
ISIC_0029807.jpg,0,HAM_0002380,nv
ISIC_0024691.jpg,0,HAM_0001201,nv
ISIC_0027666.jpg,0,HAM_0001856,nv
ISIC_0027556.jpg,0,HAM_0005916,nv
ISIC_0029444.jpg,0,HAM_0001128,nv
ISIC_0030415.jpg,0,HAM_0005317,nv
ISIC_0029178.jpg,0,HAM_0000594,nv
ISIC_0031020.jpg,0,HAM_0005515,nv
ISIC_0025572.jpg,0,HAM_0003268,nv
ISIC_0025757.jpg,0,HAM_0000695,nv
ISIC_0025535.jpg,0,HAM_0001268,nv
ISIC_0031641.jpg,0,HAM_0006405,nv
ISIC_0031512.jpg,0,HAM_0003124,nv
ISIC_0024417.jpg,0,HAM_0003473,nv
ISIC_0025037.jpg,0,HAM_0002893,nv
ISIC_0029818.jpg,0,HAM_0001577,nv
ISIC_0031439.jpg,0,HAM_0001779,nv
ISIC_0024541.jpg,0,HAM_0004502,nv
ISIC_0025371.jpg,0,HAM_0002272,nv
ISIC_0031255.jpg,0,HAM_0005520,nv
ISIC_0027823.jpg,0,HAM_0005574,nv
ISIC_0030516.jpg,0,HAM_0003312,nv
ISIC_0031696.jpg,0,HAM_0006113,nv
ISIC_0031205.jpg,0,HAM_0002920,nv
ISIC_0025646.jpg,0,HAM_0005988,nv
ISIC_0027835.jpg,0,HAM_0007126,nv
ISIC_0028330.jpg,0,HAM_0001184,nv
ISIC_0032488.jpg,0,HAM_0002383,nv
ISIC_0028138.jpg,0,HAM_0004111,nv
ISIC_0027977.jpg,0,HAM_0004512,nv
ISIC_0030634.jpg,0,HAM_0000830,nv
ISIC_0029165.jpg,0,HAM_0004666,nv
ISIC_0030185.jpg,0,HAM_0001204,nv
ISIC_0029787.jpg,0,HAM_0004136,nv
ISIC_0025538.jpg,0,HAM_0000661,nv
ISIC_0026193.jpg,0,HAM_0006419,nv
ISIC_0027809.jpg,0,HAM_0003085,nv
ISIC_0030200.jpg,0,HAM_0000495,nv
ISIC_0028312.jpg,0,HAM_0002315,nv
ISIC_0025233.jpg,0,HAM_0003718,nv
ISIC_0029607.jpg,0,HAM_0003599,nv
ISIC_0030696.jpg,0,HAM_0003796,nv
ISIC_0029863.jpg,0,HAM_0000804,nv
ISIC_0027095.jpg,0,HAM_0000537,nv
ISIC_0024353.jpg,0,HAM_0002847,nv
ISIC_0030727.jpg,0,HAM_0005957,nv
ISIC_0030719.jpg,0,HAM_0000633,nv
ISIC_0025026.jpg,0,HAM_0000173,nv
ISIC_0026472.jpg,0,HAM_0004277,nv
ISIC_0030030.jpg,0,HAM_0007382,nv
ISIC_0028153.jpg,0,HAM_0004294,nv
ISIC_0025933.jpg,0,HAM_0006095,nv
ISIC_0027965.jpg,0,HAM_0003784,nv
ISIC_0032493.jpg,0,HAM_0007011,nv
ISIC_0026197.jpg,0,HAM_0003678,nv
ISIC_0032012.jpg,0,HAM_0001980,nv
ISIC_0030751.jpg,0,HAM_0002813,nv
ISIC_0029442.jpg,0,HAM_0007175,nv
ISIC_0026004.jpg,0,HAM_0006479,nv
ISIC_0027972.jpg,0,HAM_0000440,nv
ISIC_0025694.jpg,0,HAM_0007057,nv
ISIC_0024391.jpg,0,HAM_0002449,nv
ISIC_0028801.jpg,0,HAM_0003855,nv
ISIC_0027741.jpg,0,HAM_0000419,nv
ISIC_0029923.jpg,0,HAM_0000870,nv
ISIC_0032208.jpg,0,HAM_0002665,nv
ISIC_0024750.jpg,0,HAM_0000616,nv
ISIC_0026306.jpg,0,HAM_0004456,nv
ISIC_0031480.jpg,0,HAM_0007256,nv
ISIC_0024557.jpg,0,HAM_0001247,nv
ISIC_0028722.jpg,0,HAM_0002901,nv
ISIC_0031717.jpg,0,HAM_0001228,nv
ISIC_0025565.jpg,0,HAM_0003153,nv
ISIC_0031487.jpg,0,HAM_0006903,nv
ISIC_0025232.jpg,0,HAM_0003588,nv
ISIC_0025012.jpg,0,HAM_0000873,nv
ISIC_0026307.jpg,0,HAM_0001365,nv
ISIC_0031858.jpg,0,HAM_0005192,nv
ISIC_0025342.jpg,0,HAM_0005293,nv
ISIC_0025772.jpg,0,HAM_0004633,nv
ISIC_0025401.jpg,0,HAM_0000842,nv
ISIC_0026579.jpg,0,HAM_0002022,nv
ISIC_0031568.jpg,0,HAM_0001380,nv
ISIC_0029551.jpg,0,HAM_0006640,nv
ISIC_0028713.jpg,0,HAM_0003898,nv
ISIC_0029620.jpg,0,HAM_0004800,nv
ISIC_0030917.jpg,0,HAM_0003036,nv
ISIC_0024483.jpg,0,HAM_0004266,nv
ISIC_0029477.jpg,0,HAM_0004168,nv
ISIC_0031879.jpg,0,HAM_0003065,nv
ISIC_0030637.jpg,0,HAM_0004173,nv
ISIC_0027845.jpg,0,HAM_0006167,nv
ISIC_0025999.jpg,0,HAM_0005286,nv
ISIC_0032297.jpg,0,HAM_0004730,nv
ISIC_0026973.jpg,0,HAM_0003557,nv
ISIC_0027313.jpg,0,HAM_0001108,nv
ISIC_0026926.jpg,0,HAM_0006313,nv
ISIC_0024978.jpg,0,HAM_0003629,nv
ISIC_0032177.jpg,0,HAM_0002520,nv
ISIC_0027683.jpg,0,HAM_0005738,nv
ISIC_0027992.jpg,0,HAM_0004451,nv
ISIC_0025725.jpg,0,HAM_0000056,nv
ISIC_0031830.jpg,0,HAM_0005340,nv
ISIC_0025889.jpg,0,HAM_0002801,nv
ISIC_0028471.jpg,0,HAM_0004085,nv
ISIC_0031098.jpg,0,HAM_0006504,nv
ISIC_0028251.jpg,0,HAM_0002884,nv
ISIC_0026462.jpg,0,HAM_0001845,nv
ISIC_0030887.jpg,0,HAM_0001305,nv
ISIC_0028369.jpg,0,HAM_0002175,nv
ISIC_0028940.jpg,0,HAM_0003890,nv
ISIC_0030708.jpg,0,HAM_0002162,nv
ISIC_0027075.jpg,0,HAM_0004261,nv
ISIC_0032390.jpg,0,HAM_0000155,nv
ISIC_0026879.jpg,0,HAM_0002393,nv
ISIC_0028799.jpg,0,HAM_0001727,nv
ISIC_0028601.jpg,0,HAM_0001116,nv
ISIC_0032435.jpg,0,HAM_0002963,nv
ISIC_0031246.jpg,0,HAM_0003538,nv
ISIC_0031899.jpg,0,HAM_0002437,nv
ISIC_0026542.jpg,0,HAM_0006929,nv
ISIC_0029282.jpg,0,HAM_0001059,nv
ISIC_0025490.jpg,0,HAM_0001840,nv
ISIC_0029437.jpg,0,HAM_0005235,nv
ISIC_0031530.jpg,0,HAM_0002852,nv
ISIC_0030320.jpg,0,HAM_0006646,nv
ISIC_0029063.jpg,0,HAM_0001185,nv
ISIC_0026479.jpg,0,HAM_0005576,nv
ISIC_0026881.jpg,0,HAM_0006021,nv
ISIC_0025459.jpg,0,HAM_0002727,nv
ISIC_0031765.jpg,0,HAM_0001489,nv
ISIC_0031818.jpg,0,HAM_0001395,nv
ISIC_0030098.jpg,0,HAM_0003975,nv
ISIC_0024325.jpg,0,HAM_0002044,nv
ISIC_0028458.jpg,0,HAM_0006680,nv
ISIC_0026381.jpg,0,HAM_0002274,nv
ISIC_0031283.jpg,0,HAM_0000411,nv
ISIC_0025715.jpg,0,HAM_0007111,nv
ISIC_0029987.jpg,0,HAM_0005071,nv
ISIC_0029256.jpg,0,HAM_0001783,nv
ISIC_0030331.jpg,0,HAM_0006163,nv
ISIC_0031415.jpg,0,HAM_0001704,nv
ISIC_0024527.jpg,0,HAM_0001278,nv
ISIC_0027762.jpg,0,HAM_0006345,nv
ISIC_0029910.jpg,0,HAM_0006045,nv
ISIC_0025464.jpg,0,HAM_0006704,nv
ISIC_0024651.jpg,0,HAM_0001681,nv
ISIC_0029124.jpg,0,HAM_0001626,nv
ISIC_0031265.jpg,0,HAM_0007357,nv
ISIC_0029011.jpg,0,HAM_0002248,nv
ISIC_0030500.jpg,0,HAM_0001836,nv
ISIC_0030009.jpg,0,HAM_0006454,nv
ISIC_0031936.jpg,0,HAM_0002077,nv
ISIC_0030563.jpg,0,HAM_0007136,nv
ISIC_0027499.jpg,0,HAM_0001070,nv
ISIC_0025344.jpg,0,HAM_0000937,nv
ISIC_0026951.jpg,0,HAM_0003861,nv
ISIC_0024914.jpg,0,HAM_0000100,nv
ISIC_0031047.jpg,0,HAM_0002594,nv
ISIC_0027701.jpg,0,HAM_0005653,nv
ISIC_0029244.jpg,0,HAM_0004315,nv
ISIC_0027448.jpg,0,HAM_0003963,nv
ISIC_0025595.jpg,0,HAM_0000192,nv
ISIC_0027424.jpg,0,HAM_0002840,nv
ISIC_0026041.jpg,0,HAM_0001072,nv
ISIC_0031101.jpg,0,HAM_0000621,nv
ISIC_0030040.jpg,0,HAM_0003543,nv
ISIC_0025532.jpg,0,HAM_0000438,nv
ISIC_0025660.jpg,0,HAM_0001952,nv
ISIC_0030576.jpg,0,HAM_0004414,nv
ISIC_0029134.jpg,0,HAM_0002829,nv
ISIC_0027532.jpg,0,HAM_0005602,nv
ISIC_0027070.jpg,0,HAM_0003526,nv
ISIC_0026732.jpg,0,HAM_0001761,nv
ISIC_0027979.jpg,0,HAM_0003272,nv
ISIC_0032147.jpg,0,HAM_0006867,nv
ISIC_0030290.jpg,0,HAM_0004391,nv
ISIC_0030234.jpg,0,HAM_0002152,nv
ISIC_0029285.jpg,0,HAM_0006276,nv
ISIC_0026495.jpg,0,HAM_0003977,nv
ISIC_0031885.jpg,0,HAM_0004821,nv
ISIC_0031312.jpg,0,HAM_0005000,nv
ISIC_0032323.jpg,0,HAM_0003070,nv
ISIC_0025159.jpg,0,HAM_0000283,nv
ISIC_0025739.jpg,0,HAM_0002036,nv
ISIC_0026925.jpg,0,HAM_0000285,nv
ISIC_0025574.jpg,0,HAM_0005583,nv
ISIC_0026304.jpg,0,HAM_0007200,nv
ISIC_0027685.jpg,0,HAM_0005120,nv
ISIC_0027635.jpg,0,HAM_0006394,nv
ISIC_0026464.jpg,0,HAM_0006168,nv
ISIC_0029280.jpg,0,HAM_0006674,nv
ISIC_0024521.jpg,0,HAM_0007330,nv
ISIC_0028883.jpg,0,HAM_0003372,nv
ISIC_0031849.jpg,0,HAM_0007401,nv
ISIC_0032472.jpg,0,HAM_0002140,nv
ISIC_0025460.jpg,0,HAM_0006820,nv
ISIC_0024334.jpg,0,HAM_0001472,nv
ISIC_0026939.jpg,0,HAM_0000254,nv
ISIC_0028564.jpg,0,HAM_0003204,nv
ISIC_0027340.jpg,0,HAM_0007450,nv
ISIC_0026937.jpg,0,HAM_0002267,nv
ISIC_0025921.jpg,0,HAM_0007099,nv
ISIC_0030811.jpg,0,HAM_0001156,nv
ISIC_0028553.jpg,0,HAM_0003075,nv
ISIC_0030062.jpg,0,HAM_0001293,nv
ISIC_0029942.jpg,0,HAM_0003211,nv
ISIC_0028604.jpg,0,HAM_0006449,nv
ISIC_0028433.jpg,0,HAM_0004990,nv
ISIC_0026073.jpg,0,HAM_0002751,nv
ISIC_0030680.jpg,0,HAM_0002381,nv
ISIC_0032229.jpg,0,HAM_0002849,nv
ISIC_0027446.jpg,0,HAM_0002968,nv
ISIC_0032406.jpg,0,HAM_0006304,nv
ISIC_0030439.jpg,0,HAM_0002743,nv
ISIC_0027787.jpg,0,HAM_0004220,nv
ISIC_0026793.jpg,0,HAM_0004478,nv
ISIC_0031341.jpg,0,HAM_0006807,nv
ISIC_0030236.jpg,0,HAM_0004368,nv
ISIC_0025841.jpg,0,HAM_0001210,nv
ISIC_0025797.jpg,0,HAM_0001698,nv
ISIC_0028320.jpg,0,HAM_0005577,nv
ISIC_0025590.jpg,0,HAM_0006819,nv
ISIC_0028949.jpg,0,HAM_0001066,nv
ISIC_0027891.jpg,0,HAM_0003417,nv
ISIC_0030762.jpg,0,HAM_0006944,nv
ISIC_0029896.jpg,0,HAM_0001352,nv
ISIC_0030568.jpg,0,HAM_0002406,nv
ISIC_0032369.jpg,0,HAM_0003079,nv
ISIC_0026863.jpg,0,HAM_0002822,nv
ISIC_0027726.jpg,0,HAM_0003342,nv
ISIC_0031755.jpg,0,HAM_0003928,nv
ISIC_0026703.jpg,0,HAM_0005290,nv
ISIC_0025098.jpg,0,HAM_0005337,nv
ISIC_0024811.jpg,0,HAM_0007452,nv
ISIC_0030052.jpg,0,HAM_0003722,nv
ISIC_0026850.jpg,0,HAM_0003915,nv
ISIC_0030685.jpg,0,HAM_0000585,nv
ISIC_0032293.jpg,0,HAM_0000123,nv
ISIC_0029116.jpg,0,HAM_0007062,nv
ISIC_0025334.jpg,0,HAM_0006557,nv
ISIC_0027329.jpg,0,HAM_0007400,nv
ISIC_0027233.jpg,0,HAM_0007375,nv
ISIC_0026931.jpg,0,HAM_0003901,nv
ISIC_0030433.jpg,0,HAM_0005582,nv
ISIC_0025820.jpg,0,HAM_0000177,nv
ISIC_0028199.jpg,0,HAM_0005460,nv
ISIC_0030678.jpg,0,HAM_0006591,nv
ISIC_0030343.jpg,0,HAM_0006570,nv
ISIC_0025091.jpg,0,HAM_0000124,nv
ISIC_0025679.jpg,0,HAM_0003695,nv
ISIC_0026019.jpg,0,HAM_0001768,nv
ISIC_0030055.jpg,0,HAM_0006743,nv
ISIC_0029097.jpg,0,HAM_0005019,nv
ISIC_0029977.jpg,0,HAM_0003252,nv
ISIC_0031328.jpg,0,HAM_0000424,nv
ISIC_0026851.jpg,0,HAM_0001166,nv
ISIC_0031182.jpg,0,HAM_0004079,nv
ISIC_0027818.jpg,0,HAM_0006930,nv
ISIC_0026894.jpg,0,HAM_0006984,nv
ISIC_0031737.jpg,0,HAM_0006007,nv
ISIC_0026238.jpg,0,HAM_0001375,nv
ISIC_0029646.jpg,0,HAM_0002674,nv
ISIC_0026617.jpg,0,HAM_0003804,nv
ISIC_0027817.jpg,0,HAM_0004401,nv
ISIC_0025315.jpg,0,HAM_0007084,nv
ISIC_0027180.jpg,0,HAM_0001063,nv
ISIC_0025187.jpg,0,HAM_0004335,nv
ISIC_0031533.jpg,0,HAM_0001013,nv
ISIC_0024727.jpg,0,HAM_0004700,nv
ISIC_0027115.jpg,0,HAM_0007576,nv
ISIC_0024751.jpg,0,HAM_0004870,nv
ISIC_0025765.jpg,0,HAM_0006781,nv
ISIC_0028162.jpg,0,HAM_0000416,nv
ISIC_0030749.jpg,0,HAM_0006153,nv
ISIC_0025864.jpg,0,HAM_0005630,nv
ISIC_0026903.jpg,0,HAM_0005394,nv
ISIC_0026033.jpg,0,HAM_0003319,nv
ISIC_0032037.jpg,0,HAM_0002687,nv
ISIC_0032319.jpg,0,HAM_0002352,nv
ISIC_0028663.jpg,0,HAM_0000635,nv
ISIC_0029800.jpg,0,HAM_0003702,nv
ISIC_0031886.jpg,0,HAM_0006949,nv
ISIC_0027381.jpg,0,HAM_0004452,nv
ISIC_0026587.jpg,0,HAM_0001124,nv
ISIC_0025688.jpg,0,HAM_0007612,nv
ISIC_0031509.jpg,0,HAM_0000560,nv
ISIC_0030948.jpg,0,HAM_0001255,nv
ISIC_0027413.jpg,0,HAM_0007287,nv
ISIC_0025405.jpg,0,HAM_0007279,nv
ISIC_0028802.jpg,0,HAM_0005549,nv
ISIC_0026294.jpg,0,HAM_0000848,nv
ISIC_0024992.jpg,0,HAM_0004740,nv
ISIC_0025022.jpg,0,HAM_0001158,nv
ISIC_0028018.jpg,0,HAM_0002468,nv
ISIC_0029327.jpg,0,HAM_0003163,nv
ISIC_0024819.jpg,0,HAM_0002063,nv
ISIC_0028617.jpg,0,HAM_0006487,nv
ISIC_0025764.jpg,0,HAM_0003270,nv
ISIC_0028019.jpg,0,HAM_0005041,nv
ISIC_0030029.jpg,0,HAM_0005437,nv
ISIC_0025645.jpg,0,HAM_0002543,nv
ISIC_0029712.jpg,0,HAM_0004438,nv
ISIC_0030691.jpg,0,HAM_0006081,nv
ISIC_0029796.jpg,0,HAM_0000860,nv
ISIC_0026640.jpg,0,HAM_0006309,nv
ISIC_0024533.jpg,0,HAM_0003239,nv
ISIC_0024628.jpg,0,HAM_0002454,nv
ISIC_0031768.jpg,0,HAM_0004312,nv
ISIC_0025004.jpg,0,HAM_0005043,nv
ISIC_0028522.jpg,0,HAM_0004906,nv
ISIC_0024430.jpg,0,HAM_0007269,nv
ISIC_0030097.jpg,0,HAM_0007487,nv
ISIC_0030393.jpg,0,HAM_0005238,nv
ISIC_0025880.jpg,0,HAM_0005744,nv
ISIC_0028620.jpg,0,HAM_0000939,nv
ISIC_0028144.jpg,0,HAM_0006125,nv
ISIC_0026181.jpg,0,HAM_0001560,nv
ISIC_0032332.jpg,0,HAM_0004449,nv
ISIC_0030558.jpg,0,HAM_0007192,nv
ISIC_0026808.jpg,0,HAM_0004661,nv
ISIC_0025705.jpg,0,HAM_0004961,nv
ISIC_0027985.jpg,0,HAM_0004357,nv
ISIC_0026609.jpg,0,HAM_0000162,nv
ISIC_0030028.jpg,0,HAM_0004645,nv
ISIC_0025441.jpg,0,HAM_0001198,nv
ISIC_0026130.jpg,0,HAM_0005144,nv
ISIC_0024487.jpg,0,HAM_0007053,nv
ISIC_0030004.jpg,0,HAM_0007482,nv
ISIC_0025788.jpg,0,HAM_0003591,nv
ISIC_0026189.jpg,0,HAM_0000926,nv
ISIC_0027551.jpg,0,HAM_0006035,nv
ISIC_0027128.jpg,0,HAM_0004955,nv
ISIC_0029887.jpg,0,HAM_0000638,nv
ISIC_0027583.jpg,0,HAM_0001925,nv
ISIC_0031316.jpg,0,HAM_0006089,nv
ISIC_0031445.jpg,0,HAM_0000292,nv
ISIC_0025273.jpg,0,HAM_0004840,nv
ISIC_0031458.jpg,0,HAM_0007561,nv
ISIC_0030633.jpg,0,HAM_0005391,nv
ISIC_0029623.jpg,0,HAM_0004433,nv
ISIC_0028112.jpg,0,HAM_0004018,nv
ISIC_0025690.jpg,0,HAM_0007282,nv
ISIC_0031962.jpg,0,HAM_0001092,nv
ISIC_0032299.jpg,0,HAM_0002090,nv
ISIC_0027581.jpg,0,HAM_0005205,nv
ISIC_0026815.jpg,0,HAM_0000029,nv
ISIC_0028627.jpg,0,HAM_0000980,nv
ISIC_0024638.jpg,0,HAM_0002850,nv
ISIC_0030018.jpg,0,HAM_0002573,nv
ISIC_0029005.jpg,0,HAM_0007318,nv
ISIC_0028641.jpg,0,HAM_0004805,nv
ISIC_0028733.jpg,0,HAM_0006639,nv
ISIC_0025050.jpg,0,HAM_0002807,nv
ISIC_0024840.jpg,0,HAM_0006705,nv
ISIC_0031305.jpg,0,HAM_0003655,nv
ISIC_0031414.jpg,0,HAM_0000400,nv
ISIC_0029292.jpg,0,HAM_0004295,nv
ISIC_0027914.jpg,0,HAM_0001187,nv
ISIC_0030650.jpg,0,HAM_0000538,nv
ISIC_0026394.jpg,0,HAM_0007134,nv
ISIC_0031605.jpg,0,HAM_0000972,nv
ISIC_0032130.jpg,0,HAM_0004072,nv
ISIC_0028676.jpg,0,HAM_0006198,nv
ISIC_0029565.jpg,0,HAM_0001859,nv
ISIC_0029407.jpg,0,HAM_0002116,nv
ISIC_0029890.jpg,0,HAM_0000052,nv
ISIC_0032393.jpg,0,HAM_0005200,nv
ISIC_0026636.jpg,0,HAM_0005222,nv
ISIC_0026521.jpg,0,HAM_0004939,nv
ISIC_0024373.jpg,0,HAM_0003297,nv
ISIC_0026801.jpg,0,HAM_0007417,nv
ISIC_0028837.jpg,0,HAM_0005164,nv
ISIC_0030259.jpg,0,HAM_0000665,nv
ISIC_0031356.jpg,0,HAM_0003858,nv
ISIC_0025556.jpg,0,HAM_0005311,nv
ISIC_0030715.jpg,0,HAM_0003339,nv
ISIC_0031850.jpg,0,HAM_0003271,nv
ISIC_0032033.jpg,0,HAM_0005943,nv
ISIC_0031137.jpg,0,HAM_0005774,nv
ISIC_0025995.jpg,0,HAM_0000914,nv
ISIC_0030720.jpg,0,HAM_0002663,nv
ISIC_0024681.jpg,0,HAM_0006341,nv
ISIC_0029716.jpg,0,HAM_0000098,nv
ISIC_0026345.jpg,0,HAM_0007140,nv
ISIC_0031232.jpg,0,HAM_0004644,nv
ISIC_0029753.jpg,0,HAM_0005646,nv
ISIC_0024444.jpg,0,HAM_0005543,nv
ISIC_0029707.jpg,0,HAM_0000774,nv
ISIC_0031027.jpg,0,HAM_0006499,nv
ISIC_0030363.jpg,0,HAM_0004112,nv
ISIC_0025602.jpg,0,HAM_0006402,nv
ISIC_0027369.jpg,0,HAM_0003228,nv
ISIC_0024385.jpg,0,HAM_0006164,nv
ISIC_0027096.jpg,0,HAM_0000656,nv
ISIC_0031500.jpg,0,HAM_0007486,nv
ISIC_0030949.jpg,0,HAM_0001271,nv
ISIC_0028296.jpg,0,HAM_0006365,nv
ISIC_0028922.jpg,0,HAM_0001382,nv
ISIC_0028240.jpg,0,HAM_0001635,nv
ISIC_0030872.jpg,0,HAM_0004580,nv
ISIC_0030498.jpg,0,HAM_0003098,nv
ISIC_0026325.jpg,0,HAM_0002442,nv
ISIC_0028784.jpg,0,HAM_0004460,nv
ISIC_0029314.jpg,0,HAM_0003959,nv
ISIC_0027286.jpg,0,HAM_0005832,nv
ISIC_0026543.jpg,0,HAM_0000599,nv
ISIC_0027465.jpg,0,HAM_0002214,nv
ISIC_0030938.jpg,0,HAM_0006098,nv
ISIC_0030559.jpg,0,HAM_0004944,nv
ISIC_0025977.jpg,0,HAM_0001225,nv
ISIC_0026880.jpg,0,HAM_0006486,nv
ISIC_0029584.jpg,0,HAM_0007115,nv
ISIC_0032440.jpg,0,HAM_0005570,nv
ISIC_0031054.jpg,0,HAM_0007347,nv
ISIC_0029817.jpg,0,HAM_0003572,nv
ISIC_0031826.jpg,0,HAM_0000387,nv
ISIC_0024341.jpg,0,HAM_0002951,nv
ISIC_0027079.jpg,0,HAM_0000246,nv
ISIC_0032448.jpg,0,HAM_0003232,nv
ISIC_0025217.jpg,0,HAM_0001664,nv
ISIC_0029946.jpg,0,HAM_0001374,nv
ISIC_0024678.jpg,0,HAM_0000011,nv
ISIC_0030530.jpg,0,HAM_0001244,nv
ISIC_0029965.jpg,0,HAM_0001360,nv
ISIC_0030364.jpg,0,HAM_0001709,nv
ISIC_0025475.jpg,0,HAM_0003196,nv
ISIC_0028402.jpg,0,HAM_0006957,nv
ISIC_0028838.jpg,0,HAM_0004541,nv
ISIC_0024606.jpg,0,HAM_0006576,nv
ISIC_0029245.jpg,0,HAM_0004529,nv
ISIC_0031912.jpg,0,HAM_0002183,nv
ISIC_0030946.jpg,0,HAM_0001084,nv
ISIC_0031722.jpg,0,HAM_0002805,nv
ISIC_0028028.jpg,0,HAM_0004509,nv
ISIC_0028038.jpg,0,HAM_0005114,nv
ISIC_0028421.jpg,0,HAM_0000085,nv
ISIC_0029468.jpg,0,HAM_0003266,nv
ISIC_0029445.jpg,0,HAM_0001368,nv
ISIC_0030622.jpg,0,HAM_0006134,nv
ISIC_0031315.jpg,0,HAM_0002680,nv
ISIC_0032432.jpg,0,HAM_0001937,nv
ISIC_0029376.jpg,0,HAM_0002637,nv
ISIC_0029952.jpg,0,HAM_0002570,nv
ISIC_0030641.jpg,0,HAM_0006079,nv
ISIC_0031224.jpg,0,HAM_0000753,nv
ISIC_0025916.jpg,0,HAM_0002382,nv
ISIC_0026396.jpg,0,HAM_0004734,nv
ISIC_0031248.jpg,0,HAM_0004731,nv
ISIC_0030317.jpg,0,HAM_0001050,nv
ISIC_0024667.jpg,0,HAM_0000248,nv
ISIC_0026375.jpg,0,HAM_0004041,nv
ISIC_0024631.jpg,0,HAM_0000046,nv
ISIC_0031393.jpg,0,HAM_0006247,nv
ISIC_0026161.jpg,0,HAM_0007407,nv
ISIC_0025859.jpg,0,HAM_0002837,nv
ISIC_0025497.jpg,0,HAM_0007006,nv
ISIC_0029672.jpg,0,HAM_0006880,nv
ISIC_0030515.jpg,0,HAM_0004361,nv
ISIC_0029939.jpg,0,HAM_0001557,nv
ISIC_0025872.jpg,0,HAM_0004973,nv
ISIC_0028006.jpg,0,HAM_0004403,nv
ISIC_0030111.jpg,0,HAM_0001864,nv
ISIC_0028626.jpg,0,HAM_0006209,nv
ISIC_0024565.jpg,0,HAM_0005486,nv
ISIC_0026005.jpg,0,HAM_0003889,nv
ISIC_0025403.jpg,0,HAM_0003589,nv
ISIC_0029461.jpg,0,HAM_0007344,nv
ISIC_0028311.jpg,0,HAM_0000600,nv
ISIC_0027336.jpg,0,HAM_0006943,nv
ISIC_0028776.jpg,0,HAM_0002065,nv
ISIC_0028575.jpg,0,HAM_0003528,nv
ISIC_0029971.jpg,0,HAM_0004459,nv
ISIC_0026001.jpg,0,HAM_0004907,nv
ISIC_0032097.jpg,0,HAM_0003006,nv
ISIC_0028089.jpg,0,HAM_0006059,nv
ISIC_0032458.jpg,0,HAM_0001602,nv
ISIC_0031562.jpg,0,HAM_0001132,nv
ISIC_0025727.jpg,0,HAM_0000130,nv
ISIC_0024467.jpg,0,HAM_0002819,nv
ISIC_0026447.jpg,0,HAM_0003573,nv
ISIC_0025006.jpg,0,HAM_0007218,nv
ISIC_0026373.jpg,0,HAM_0003736,nv
ISIC_0027280.jpg,0,HAM_0005618,nv
ISIC_0030662.jpg,0,HAM_0006179,nv
ISIC_0029643.jpg,0,HAM_0005451,nv
ISIC_0030195.jpg,0,HAM_0004110,nv
ISIC_0029429.jpg,0,HAM_0003794,nv
ISIC_0030531.jpg,0,HAM_0000257,nv
ISIC_0027862.jpg,0,HAM_0007271,nv
ISIC_0029326.jpg,0,HAM_0005081,nv
ISIC_0025151.jpg,0,HAM_0007309,nv
ISIC_0026485.jpg,0,HAM_0006414,nv
ISIC_0026924.jpg,0,HAM_0004313,nv
ISIC_0025801.jpg,0,HAM_0004132,nv
ISIC_0030735.jpg,0,HAM_0004837,nv
ISIC_0028097.jpg,0,HAM_0006928,nv
ISIC_0026837.jpg,0,HAM_0007481,nv
ISIC_0030353.jpg,0,HAM_0000737,nv
ISIC_0031083.jpg,0,HAM_0002439,nv
ISIC_0031478.jpg,0,HAM_0004658,nv
ISIC_0031952.jpg,0,HAM_0000480,nv
ISIC_0032381.jpg,0,HAM_0004904,nv
ISIC_0030266.jpg,0,HAM_0007458,nv
ISIC_0026195.jpg,0,HAM_0002384,nv
ISIC_0032172.jpg,0,HAM_0007517,nv
ISIC_0029673.jpg,0,HAM_0001825,nv
ISIC_0031052.jpg,0,HAM_0007174,nv
ISIC_0028974.jpg,0,HAM_0005202,nv
ISIC_0030424.jpg,0,HAM_0006452,nv
ISIC_0031441.jpg,0,HAM_0007267,nv
ISIC_0026568.jpg,0,HAM_0003740,nv
ISIC_0031804.jpg,0,HAM_0005441,nv
ISIC_0030860.jpg,0,HAM_0004911,nv
ISIC_0030776.jpg,0,HAM_0000543,nv
ISIC_0026264.jpg,0,HAM_0004782,nv
ISIC_0025284.jpg,0,HAM_0003471,nv
ISIC_0032480.jpg,0,HAM_0001146,nv
ISIC_0028841.jpg,0,HAM_0007143,nv
ISIC_0025385.jpg,0,HAM_0000596,nv
ISIC_0029250.jpg,0,HAM_0003720,nv
ISIC_0032357.jpg,0,HAM_0007098,nv
ISIC_0030724.jpg,0,HAM_0000862,nv
ISIC_0030025.jpg,0,HAM_0003391,nv
ISIC_0026050.jpg,0,HAM_0005473,nv
ISIC_0027267.jpg,0,HAM_0002870,nv
ISIC_0028262.jpg,0,HAM_0004959,nv
ISIC_0029064.jpg,0,HAM_0000134,nv
ISIC_0030997.jpg,0,HAM_0006825,nv
ISIC_0029850.jpg,0,HAM_0006714,nv
ISIC_0027322.jpg,0,HAM_0001044,nv
ISIC_0027664.jpg,0,HAM_0000422,nv
ISIC_0030024.jpg,0,HAM_0001650,nv
ISIC_0029295.jpg,0,HAM_0005941,nv
ISIC_0024927.jpg,0,HAM_0002964,nv
ISIC_0028379.jpg,0,HAM_0003333,nv
ISIC_0025294.jpg,0,HAM_0006015,nv
ISIC_0028762.jpg,0,HAM_0001080,nv
ISIC_0026289.jpg,0,HAM_0005233,nv
ISIC_0026971.jpg,0,HAM_0003407,nv
ISIC_0028948.jpg,0,HAM_0001333,nv
ISIC_0030161.jpg,0,HAM_0000622,nv
ISIC_0030218.jpg,0,HAM_0002098,nv
ISIC_0026026.jpg,0,HAM_0004492,nv
ISIC_0031877.jpg,0,HAM_0006476,nv
ISIC_0025042.jpg,0,HAM_0004610,nv
ISIC_0031187.jpg,0,HAM_0006589,nv
ISIC_0029529.jpg,0,HAM_0007034,nv
ISIC_0029185.jpg,0,HAM_0000890,nv
ISIC_0032394.jpg,0,HAM_0005667,nv
ISIC_0030958.jpg,0,HAM_0005999,nv
ISIC_0030848.jpg,0,HAM_0003166,nv
ISIC_0027803.jpg,0,HAM_0002288,nv
ISIC_0024852.jpg,0,HAM_0003870,nv
ISIC_0031860.jpg,0,HAM_0001521,nv
ISIC_0028039.jpg,0,HAM_0000035,nv
ISIC_0028852.jpg,0,HAM_0000800,nv
ISIC_0024703.jpg,0,HAM_0001295,nv
ISIC_0029761.jpg,0,HAM_0005948,nv
ISIC_0030027.jpg,0,HAM_0002860,nv
ISIC_0028064.jpg,0,HAM_0006392,nv
ISIC_0032256.jpg,0,HAM_0006424,nv
ISIC_0030702.jpg,0,HAM_0002246,nv
ISIC_0026342.jpg,0,HAM_0000051,nv
ISIC_0032104.jpg,0,HAM_0001413,nv
ISIC_0027252.jpg,0,HAM_0004674,nv
ISIC_0028669.jpg,0,HAM_0004989,nv
ISIC_0031010.jpg,0,HAM_0002910,nv
ISIC_0024401.jpg,0,HAM_0002178,nv
ISIC_0028835.jpg,0,HAM_0000820,nv
ISIC_0030044.jpg,0,HAM_0001776,nv
ISIC_0024768.jpg,0,HAM_0003024,nv
ISIC_0025357.jpg,0,HAM_0005118,nv
ISIC_0026010.jpg,0,HAM_0004916,nv
ISIC_0028191.jpg,0,HAM_0001677,nv
ISIC_0032131.jpg,0,HAM_0003173,nv
ISIC_0029424.jpg,0,HAM_0000297,nv
ISIC_0030632.jpg,0,HAM_0002811,nv
ISIC_0024567.jpg,0,HAM_0000628,nv
ISIC_0027288.jpg,0,HAM_0001581,nv
ISIC_0027196.jpg,0,HAM_0007304,nv
ISIC_0032101.jpg,0,HAM_0004978,nv
ISIC_0030412.jpg,0,HAM_0002123,nv
ISIC_0028047.jpg,0,HAM_0002621,nv
ISIC_0030298.jpg,0,HAM_0003336,nv
ISIC_0029198.jpg,0,HAM_0006749,nv
ISIC_0029253.jpg,0,HAM_0000306,nv
ISIC_0025288.jpg,0,HAM_0007595,nv
ISIC_0028396.jpg,0,HAM_0005977,nv
ISIC_0031946.jpg,0,HAM_0000190,nv
ISIC_0026271.jpg,0,HAM_0007103,nv
ISIC_0031732.jpg,0,HAM_0004860,nv
ISIC_0030048.jpg,0,HAM_0003621,nv
ISIC_0029936.jpg,0,HAM_0000575,nv
ISIC_0024754.jpg,0,HAM_0007042,nv
ISIC_0030854.jpg,0,HAM_0003908,nv
ISIC_0027168.jpg,0,HAM_0006072,nv
ISIC_0025498.jpg,0,HAM_0003518,nv
ISIC_0029797.jpg,0,HAM_0003404,nv
ISIC_0028257.jpg,0,HAM_0005969,nv
ISIC_0025486.jpg,0,HAM_0006784,nv
ISIC_0024759.jpg,0,HAM_0006249,nv
ISIC_0025329.jpg,0,HAM_0001056,nv
ISIC_0029834.jpg,0,HAM_0004454,nv
ISIC_0025070.jpg,0,HAM_0002913,nv
ISIC_0027877.jpg,0,HAM_0007580,nv
ISIC_0031626.jpg,0,HAM_0007292,nv
ISIC_0030850.jpg,0,HAM_0005944,nv
ISIC_0029954.jpg,0,HAM_0000736,nv
ISIC_0027624.jpg,0,HAM_0006256,nv
ISIC_0026547.jpg,0,HAM_0000436,nv
ISIC_0025673.jpg,0,HAM_0005089,nv
ISIC_0029737.jpg,0,HAM_0000515,nv
ISIC_0026669.jpg,0,HAM_0000511,nv
ISIC_0029110.jpg,0,HAM_0001233,nv
ISIC_0026095.jpg,0,HAM_0002297,nv
ISIC_0030628.jpg,0,HAM_0002707,nv
ISIC_0027445.jpg,0,HAM_0007399,nv
ISIC_0026990.jpg,0,HAM_0000568,nv
ISIC_0027395.jpg,0,HAM_0007130,nv
ISIC_0027207.jpg,0,HAM_0005138,nv
ISIC_0025643.jpg,0,HAM_0000156,nv
ISIC_0027377.jpg,0,HAM_0005105,nv
ISIC_0025215.jpg,0,HAM_0006495,nv
ISIC_0026250.jpg,0,HAM_0003955,nv
ISIC_0028366.jpg,0,HAM_0002435,nv
ISIC_0029700.jpg,0,HAM_0001787,nv
ISIC_0025279.jpg,0,HAM_0000756,nv
ISIC_0025021.jpg,0,HAM_0002222,nv
ISIC_0030405.jpg,0,HAM_0006555,nv
ISIC_0029229.jpg,0,HAM_0006331,nv
ISIC_0030595.jpg,0,HAM_0002001,nv
ISIC_0027870.jpg,0,HAM_0005129,nv
ISIC_0025212.jpg,0,HAM_0003474,nv
ISIC_0026310.jpg,0,HAM_0004385,nv
ISIC_0029928.jpg,0,HAM_0001179,nv
ISIC_0026767.jpg,0,HAM_0001527,nv
ISIC_0027882.jpg,0,HAM_0001823,nv
ISIC_0028536.jpg,0,HAM_0003903,nv
ISIC_0025440.jpg,0,HAM_0007403,nv
ISIC_0027104.jpg,0,HAM_0000636,nv
ISIC_0027404.jpg,0,HAM_0000570,nv
ISIC_0030651.jpg,0,HAM_0004374,nv
ISIC_0027516.jpg,0,HAM_0001685,nv
ISIC_0024350.jpg,0,HAM_0006264,nv
ISIC_0031241.jpg,0,HAM_0000404,nv
ISIC_0024526.jpg,0,HAM_0000290,nv
ISIC_0029908.jpg,0,HAM_0001646,nv
ISIC_0031968.jpg,0,HAM_0003485,nv
ISIC_0029873.jpg,0,HAM_0005824,nv
ISIC_0030389.jpg,0,HAM_0005645,nv
ISIC_0029743.jpg,0,HAM_0005367,nv
ISIC_0031760.jpg,0,HAM_0004336,nv
ISIC_0024605.jpg,0,HAM_0001045,nv
ISIC_0024389.jpg,0,HAM_0001760,nv
ISIC_0029658.jpg,0,HAM_0005593,nv
ISIC_0028664.jpg,0,HAM_0002695,nv
ISIC_0027995.jpg,0,HAM_0001317,nv
ISIC_0031740.jpg,0,HAM_0005934,nv
ISIC_0031375.jpg,0,HAM_0000127,nv
ISIC_0028532.jpg,0,HAM_0002041,nv
ISIC_0031751.jpg,0,HAM_0006858,nv
ISIC_0026719.jpg,0,HAM_0000602,nv
ISIC_0030590.jpg,0,HAM_0000950,nv
ISIC_0026595.jpg,0,HAM_0004795,nv
ISIC_0032346.jpg,0,HAM_0001171,nv
ISIC_0025609.jpg,0,HAM_0005906,nv
ISIC_0026353.jpg,0,HAM_0002278,nv
ISIC_0029988.jpg,0,HAM_0002212,nv
ISIC_0030676.jpg,0,HAM_0005054,nv
ISIC_0029635.jpg,0,HAM_0005485,nv
ISIC_0030548.jpg,0,HAM_0005412,nv
ISIC_0028024.jpg,0,HAM_0002360,nv
ISIC_0026758.jpg,0,HAM_0000615,nv
ISIC_0031910.jpg,0,HAM_0002309,nv
ISIC_0030437.jpg,0,HAM_0003746,nv
ISIC_0029037.jpg,0,HAM_0004311,nv
ISIC_0025393.jpg,0,HAM_0004358,nv
ISIC_0028011.jpg,0,HAM_0007489,nv
ISIC_0028475.jpg,0,HAM_0006897,nv
ISIC_0031790.jpg,0,HAM_0006729,nv
ISIC_0031786.jpg,0,HAM_0000255,nv
ISIC_0032491.jpg,0,HAM_0001513,nv
ISIC_0031835.jpg,0,HAM_0006289,nv
ISIC_0028629.jpg,0,HAM_0001003,nv
ISIC_0031193.jpg,0,HAM_0002281,nv
ISIC_0028351.jpg,0,HAM_0002485,nv
ISIC_0026363.jpg,0,HAM_0006745,nv
ISIC_0029832.jpg,0,HAM_0000325,nv
ISIC_0026723.jpg,0,HAM_0001549,nv
ISIC_0031868.jpg,0,HAM_0005446,nv
ISIC_0032326.jpg,0,HAM_0000280,nv
ISIC_0026776.jpg,0,HAM_0004751,nv
ISIC_0032383.jpg,0,HAM_0005333,nv
ISIC_0026013.jpg,0,HAM_0004671,nv
ISIC_0031333.jpg,0,HAM_0004612,nv
ISIC_0028078.jpg,0,HAM_0005637,nv
ISIC_0031916.jpg,0,HAM_0000938,nv
ISIC_0030934.jpg,0,HAM_0004355,nv
ISIC_0028530.jpg,0,HAM_0006425,nv
ISIC_0032289.jpg,0,HAM_0001782,nv
ISIC_0027341.jpg,0,HAM_0007041,nv
ISIC_0027177.jpg,0,HAM_0005680,nv
ISIC_0025055.jpg,0,HAM_0006660,nv
ISIC_0026799.jpg,0,HAM_0005369,nv
ISIC_0028959.jpg,0,HAM_0004974,nv
ISIC_0031387.jpg,0,HAM_0004562,nv
ISIC_0028754.jpg,0,HAM_0005385,nv
ISIC_0028267.jpg,0,HAM_0006195,nv
ISIC_0032353.jpg,0,HAM_0000535,nv
ISIC_0030090.jpg,0,HAM_0005756,nv
ISIC_0027728.jpg,0,HAM_0000644,nv
ISIC_0027176.jpg,0,HAM_0003388,nv
ISIC_0026116.jpg,0,HAM_0002855,nv
ISIC_0029579.jpg,0,HAM_0003082,nv
ISIC_0024812.jpg,0,HAM_0000036,nv
ISIC_0027750.jpg,0,HAM_0000461,nv
ISIC_0028743.jpg,0,HAM_0001075,nv
ISIC_0027773.jpg,0,HAM_0007360,nv
ISIC_0032001.jpg,0,HAM_0003019,nv
ISIC_0026059.jpg,0,HAM_0006970,nv
ISIC_0031072.jpg,0,HAM_0003878,nv
ISIC_0028037.jpg,0,HAM_0001868,nv
ISIC_0027894.jpg,0,HAM_0002236,nv
ISIC_0026763.jpg,0,HAM_0006718,nv
ISIC_0030805.jpg,0,HAM_0003200,nv
ISIC_0031432.jpg,0,HAM_0007063,nv
ISIC_0030780.jpg,0,HAM_0007501,nv
ISIC_0030832.jpg,0,HAM_0003756,nv
ISIC_0028169.jpg,0,HAM_0002500,nv
ISIC_0025787.jpg,0,HAM_0004469,nv
ISIC_0031183.jpg,0,HAM_0002292,nv
ISIC_0030587.jpg,0,HAM_0001848,nv
ISIC_0028844.jpg,0,HAM_0003184,nv
ISIC_0025523.jpg,0,HAM_0002725,nv
ISIC_0029096.jpg,0,HAM_0006672,nv
ISIC_0030162.jpg,0,HAM_0006468,nv
ISIC_0028286.jpg,0,HAM_0005470,nv
ISIC_0025115.jpg,0,HAM_0006995,nv
ISIC_0027975.jpg,0,HAM_0002799,nv
ISIC_0030886.jpg,0,HAM_0003334,nv
ISIC_0028738.jpg,0,HAM_0004576,nv
ISIC_0024478.jpg,0,HAM_0002682,nv
ISIC_0024888.jpg,0,HAM_0006199,nv
ISIC_0030969.jpg,0,HAM_0003413,nv
ISIC_0031911.jpg,0,HAM_0003753,nv
ISIC_0025138.jpg,0,HAM_0002174,nv
ISIC_0026882.jpg,0,HAM_0001789,nv
ISIC_0024440.jpg,0,HAM_0001879,nv
ISIC_0030699.jpg,0,HAM_0006688,nv
ISIC_0031484.jpg,0,HAM_0005930,nv
ISIC_0026797.jpg,0,HAM_0002318,nv
ISIC_0024610.jpg,0,HAM_0002676,nv
ISIC_0025354.jpg,0,HAM_0000126,nv
ISIC_0027464.jpg,0,HAM_0005380,nv
ISIC_0025478.jpg,0,HAM_0005499,nv
ISIC_0026134.jpg,0,HAM_0007119,nv
ISIC_0027241.jpg,0,HAM_0000995,nv
ISIC_0029065.jpg,0,HAM_0004067,nv
ISIC_0026962.jpg,0,HAM_0007334,nv
ISIC_0031242.jpg,0,HAM_0003242,nv
ISIC_0027520.jpg,0,HAM_0002055,nv
ISIC_0027926.jpg,0,HAM_0006360,nv
ISIC_0030224.jpg,0,HAM_0001802,nv
ISIC_0025220.jpg,0,HAM_0006638,nv
ISIC_0031338.jpg,0,HAM_0005996,nv
ISIC_0024894.jpg,0,HAM_0003879,nv
ISIC_0028049.jpg,0,HAM_0004051,nv
ISIC_0032360.jpg,0,HAM_0001622,nv
ISIC_0030136.jpg,0,HAM_0001867,nv
ISIC_0030112.jpg,0,HAM_0005152,nv
ISIC_0028783.jpg,0,HAM_0007326,nv
ISIC_0031610.jpg,0,HAM_0004157,nv
ISIC_0025706.jpg,0,HAM_0003138,nv
ISIC_0028726.jpg,0,HAM_0005900,nv
ISIC_0031267.jpg,0,HAM_0006679,nv
ISIC_0029403.jpg,0,HAM_0007506,nv
ISIC_0028547.jpg,0,HAM_0005699,nv
ISIC_0031566.jpg,0,HAM_0002422,nv
ISIC_0031006.jpg,0,HAM_0001638,nv
ISIC_0029727.jpg,0,HAM_0000929,nv
ISIC_0026408.jpg,0,HAM_0000271,nv
ISIC_0025839.jpg,0,HAM_0003385,nv
ISIC_0029416.jpg,0,HAM_0005455,nv
ISIC_0025483.jpg,0,HAM_0007170,nv
ISIC_0027842.jpg,0,HAM_0000355,nv
ISIC_0028630.jpg,0,HAM_0003488,nv
ISIC_0029159.jpg,0,HAM_0005507,nv
ISIC_0026605.jpg,0,HAM_0006979,nv
ISIC_0030889.jpg,0,HAM_0002356,nv
ISIC_0027866.jpg,0,HAM_0004329,nv
ISIC_0029777.jpg,0,HAM_0001189,nv
ISIC_0030045.jpg,0,HAM_0006864,nv
ISIC_0030496.jpg,0,HAM_0005808,nv
ISIC_0029164.jpg,0,HAM_0006161,nv
ISIC_0031084.jpg,0,HAM_0006562,nv
ISIC_0024423.jpg,0,HAM_0006485,nv
ISIC_0026800.jpg,0,HAM_0003013,nv
ISIC_0027733.jpg,0,HAM_0006229,nv
ISIC_0030430.jpg,0,HAM_0003185,nv
ISIC_0027968.jpg,0,HAM_0000223,nv
ISIC_0028953.jpg,0,HAM_0000660,nv
ISIC_0028832.jpg,0,HAM_0001750,nv
ISIC_0026833.jpg,0,HAM_0006070,nv
ISIC_0031944.jpg,0,HAM_0004162,nv
ISIC_0028590.jpg,0,HAM_0000295,nv
ISIC_0030670.jpg,0,HAM_0000726,nv
ISIC_0027011.jpg,0,HAM_0000307,nv
ISIC_0031161.jpg,0,HAM_0001195,nv
ISIC_0032089.jpg,0,HAM_0002887,nv
ISIC_0027314.jpg,0,HAM_0006293,nv
ISIC_0031433.jpg,0,HAM_0007061,nv
ISIC_0025737.jpg,0,HAM_0000091,nv
ISIC_0024486.jpg,0,HAM_0002002,nv
ISIC_0028001.jpg,0,HAM_0005778,nv
ISIC_0027716.jpg,0,HAM_0004611,nv
ISIC_0031576.jpg,0,HAM_0002195,nv
ISIC_0026856.jpg,0,HAM_0004697,nv
ISIC_0029507.jpg,0,HAM_0002783,nv
ISIC_0032495.jpg,0,HAM_0004770,nv
ISIC_0029255.jpg,0,HAM_0007599,nv
ISIC_0026725.jpg,0,HAM_0001289,nv
ISIC_0030347.jpg,0,HAM_0006019,nv
ISIC_0029400.jpg,0,HAM_0000369,nv
ISIC_0030190.jpg,0,HAM_0003956,nv
ISIC_0028300.jpg,0,HAM_0004092,nv
ISIC_0030571.jpg,0,HAM_0003190,nv
ISIC_0032418.jpg,0,HAM_0004594,nv
ISIC_0027625.jpg,0,HAM_0002922,nv
ISIC_0026873.jpg,0,HAM_0001866,nv
ISIC_0025760.jpg,0,HAM_0007015,nv
ISIC_0032324.jpg,0,HAM_0002117,nv
ISIC_0025901.jpg,0,HAM_0005562,nv
ISIC_0024892.jpg,0,HAM_0001419,nv
ISIC_0028172.jpg,0,HAM_0001731,nv
ISIC_0025862.jpg,0,HAM_0003515,nv
ISIC_0024419.jpg,0,HAM_0001792,nv
ISIC_0031139.jpg,0,HAM_0006683,nv
ISIC_0026969.jpg,0,HAM_0005148,nv
ISIC_0024576.jpg,0,HAM_0003936,nv
ISIC_0025741.jpg,0,HAM_0005732,nv
ISIC_0028149.jpg,0,HAM_0004650,nv
ISIC_0030431.jpg,0,HAM_0005833,nv
ISIC_0029813.jpg,0,HAM_0007457,nv
ISIC_0026757.jpg,0,HAM_0007076,nv
ISIC_0027587.jpg,0,HAM_0003907,nv
ISIC_0025426.jpg,0,HAM_0006677,nv
ISIC_0028704.jpg,0,HAM_0006427,nv
ISIC_0032506.jpg,0,HAM_0002917,nv
ISIC_0030503.jpg,0,HAM_0005919,nv
ISIC_0028533.jpg,0,HAM_0001404,nv
ISIC_0029996.jpg,0,HAM_0004001,nv
ISIC_0029916.jpg,0,HAM_0001222,nv
ISIC_0024639.jpg,0,HAM_0003797,nv
ISIC_0024569.jpg,0,HAM_0002046,nv
ISIC_0028348.jpg,0,HAM_0006319,nv
ISIC_0028919.jpg,0,HAM_0000964,nv
ISIC_0025569.jpg,0,HAM_0003009,nv
ISIC_0032261.jpg,0,HAM_0005025,nv
ISIC_0024359.jpg,0,HAM_0001112,nv
ISIC_0030051.jpg,0,HAM_0003581,nv
ISIC_0031420.jpg,0,HAM_0001197,nv
ISIC_0030656.jpg,0,HAM_0003825,nv
ISIC_0028435.jpg,0,HAM_0001324,nv
ISIC_0028526.jpg,0,HAM_0004028,nv
ISIC_0029907.jpg,0,HAM_0003285,nv
ISIC_0026390.jpg,0,HAM_0004066,nv
ISIC_0028295.jpg,0,HAM_0007186,nv
ISIC_0032142.jpg,0,HAM_0000740,nv
ISIC_0028099.jpg,0,HAM_0003706,nv
ISIC_0026982.jpg,0,HAM_0005358,nv
ISIC_0032354.jpg,0,HAM_0001714,nv
ISIC_0032465.jpg,0,HAM_0004557,nv
ISIC_0026785.jpg,0,HAM_0007094,nv
ISIC_0025399.jpg,0,HAM_0001992,nv
ISIC_0025229.jpg,0,HAM_0000857,nv
ISIC_0028956.jpg,0,HAM_0000786,nv
ISIC_0026288.jpg,0,HAM_0000932,nv
ISIC_0026121.jpg,0,HAM_0002415,nv
ISIC_0028073.jpg,0,HAM_0006753,nv
ISIC_0026756.jpg,0,HAM_0000390,nv
ISIC_0024728.jpg,0,HAM_0005098,nv
ISIC_0026943.jpg,0,HAM_0003440,nv
ISIC_0029077.jpg,0,HAM_0002945,nv
ISIC_0028614.jpg,0,HAM_0006966,nv
ISIC_0030739.jpg,0,HAM_0002678,nv
ISIC_0028605.jpg,0,HAM_0000076,nv
ISIC_0025418.jpg,0,HAM_0006571,nv
ISIC_0032077.jpg,0,HAM_0004334,nv
ISIC_0030611.jpg,0,HAM_0001795,nv
ISIC_0027363.jpg,0,HAM_0001030,nv
ISIC_0027414.jpg,0,HAM_0000620,nv
ISIC_0027778.jpg,0,HAM_0006682,nv
ISIC_0027123.jpg,0,HAM_0003780,nv
ISIC_0030619.jpg,0,HAM_0003379,nv
ISIC_0030453.jpg,0,HAM_0003116,nv
ISIC_0029677.jpg,0,HAM_0000567,nv
ISIC_0029259.jpg,0,HAM_0003132,nv
ISIC_0027860.jpg,0,HAM_0004900,nv
ISIC_0028845.jpg,0,HAM_0001016,nv
ISIC_0026199.jpg,0,HAM_0001880,nv
ISIC_0029601.jpg,0,HAM_0001131,nv
ISIC_0025002.jpg,0,HAM_0006023,nv
ISIC_0032477.jpg,0,HAM_0000430,nv
ISIC_0028654.jpg,0,HAM_0002179,nv
ISIC_0031869.jpg,0,HAM_0005002,nv
ISIC_0025380.jpg,0,HAM_0002967,nv
ISIC_0027088.jpg,0,HAM_0002513,nv
ISIC_0027158.jpg,0,HAM_0003953,nv
ISIC_0032350.jpg,0,HAM_0007033,nv
ISIC_0024502.jpg,0,HAM_0001732,nv
ISIC_0030996.jpg,0,HAM_0007222,nv
ISIC_0027199.jpg,0,HAM_0006846,nv
ISIC_0027929.jpg,0,HAM_0003442,nv
ISIC_0030753.jpg,0,HAM_0005694,nv
ISIC_0027494.jpg,0,HAM_0003554,nv
ISIC_0025124.jpg,0,HAM_0004484,nv
ISIC_0027029.jpg,0,HAM_0000838,nv
ISIC_0031920.jpg,0,HAM_0005005,nv
ISIC_0027565.jpg,0,HAM_0004733,nv
ISIC_0028053.jpg,0,HAM_0002237,nv
ISIC_0026315.jpg,0,HAM_0000808,nv
ISIC_0028700.jpg,0,HAM_0001717,nv
ISIC_0026807.jpg,0,HAM_0000145,nv
ISIC_0029066.jpg,0,HAM_0004160,nv
ISIC_0027074.jpg,0,HAM_0000264,nv
ISIC_0025025.jpg,0,HAM_0004781,nv
ISIC_0031589.jpg,0,HAM_0002947,nv
ISIC_0028327.jpg,0,HAM_0000449,nv
ISIC_0028955.jpg,0,HAM_0003875,nv
ISIC_0024873.jpg,0,HAM_0004925,nv
ISIC_0029481.jpg,0,HAM_0004421,nv
ISIC_0030952.jpg,0,HAM_0003896,nv
ISIC_0027805.jpg,0,HAM_0003962,nv
ISIC_0025961.jpg,0,HAM_0007290,nv
ISIC_0029356.jpg,0,HAM_0004876,nv
ISIC_0030600.jpg,0,HAM_0007157,nv
ISIC_0029763.jpg,0,HAM_0005739,nv
ISIC_0031841.jpg,0,HAM_0005716,nv
ISIC_0025263.jpg,0,HAM_0003705,nv
ISIC_0027844.jpg,0,HAM_0004595,nv
ISIC_0029670.jpg,0,HAM_0006016,nv
ISIC_0026646.jpg,0,HAM_0004477,nv
ISIC_0025455.jpg,0,HAM_0002504,nv
ISIC_0028129.jpg,0,HAM_0005963,nv
ISIC_0031507.jpg,0,HAM_0003510,nv
ISIC_0030157.jpg,0,HAM_0002173,nv
ISIC_0026176.jpg,0,HAM_0002223,nv
ISIC_0030497.jpg,0,HAM_0004804,nv
ISIC_0028946.jpg,0,HAM_0003109,nv
ISIC_0029447.jpg,0,HAM_0006263,nv
ISIC_0024609.jpg,0,HAM_0003498,nv
ISIC_0026878.jpg,0,HAM_0007436,nv
ISIC_0028292.jpg,0,HAM_0006686,nv
ISIC_0029098.jpg,0,HAM_0000333,nv
ISIC_0031497.jpg,0,HAM_0004774,nv
ISIC_0031673.jpg,0,HAM_0002854,nv
ISIC_0028005.jpg,0,HAM_0000117,nv
ISIC_0032118.jpg,0,HAM_0007540,nv
ISIC_0031448.jpg,0,HAM_0004486,nv
ISIC_0025912.jpg,0,HAM_0007449,nv
ISIC_0028031.jpg,0,HAM_0005765,nv
ISIC_0025191.jpg,0,HAM_0001341,nv
ISIC_0027986.jpg,0,HAM_0003725,nv
ISIC_0029069.jpg,0,HAM_0003792,nv
ISIC_0024655.jpg,0,HAM_0000013,nv
ISIC_0028334.jpg,0,HAM_0002826,nv
ISIC_0030020.jpg,0,HAM_0003986,nv
ISIC_0027952.jpg,0,HAM_0003773,nv
ISIC_0025625.jpg,0,HAM_0004497,nv
ISIC_0031152.jpg,0,HAM_0007314,nv
ISIC_0027054.jpg,0,HAM_0005414,nv
ISIC_0030257.jpg,0,HAM_0001370,nv
ISIC_0028574.jpg,0,HAM_0004686,nv
ISIC_0028716.jpg,0,HAM_0000864,nv
ISIC_0030075.jpg,0,HAM_0003563,nv
ISIC_0028328.jpg,0,HAM_0001304,nv
ISIC_0032282.jpg,0,HAM_0007064,nv
ISIC_0027547.jpg,0,HAM_0000558,nv
ISIC_0029750.jpg,0,HAM_0002395,nv
ISIC_0031347.jpg,0,HAM_0003494,nv
ISIC_0024991.jpg,0,HAM_0003267,nv
ISIC_0030908.jpg,0,HAM_0004474,nv
ISIC_0026684.jpg,0,HAM_0003056,nv
ISIC_0030725.jpg,0,HAM_0000300,nv
ISIC_0028061.jpg,0,HAM_0002059,nv
ISIC_0031805.jpg,0,HAM_0005023,nv
ISIC_0031688.jpg,0,HAM_0000116,nv
ISIC_0029739.jpg,0,HAM_0007352,nv
ISIC_0024797.jpg,0,HAM_0000828,nv
ISIC_0025347.jpg,0,HAM_0003776,nv
ISIC_0030807.jpg,0,HAM_0004799,nv
ISIC_0027946.jpg,0,HAM_0007226,nv
ISIC_0032485.jpg,0,HAM_0003443,nv
ISIC_0028342.jpg,0,HAM_0006008,nv
ISIC_0032119.jpg,0,HAM_0000874,nv
ISIC_0030301.jpg,0,HAM_0000788,nv
ISIC_0029804.jpg,0,HAM_0005851,nv
ISIC_0027493.jpg,0,HAM_0003478,nv
ISIC_0031731.jpg,0,HAM_0005355,nv
ISIC_0031147.jpg,0,HAM_0003307,nv
ISIC_0029694.jpg,0,HAM_0006590,nv
ISIC_0024531.jpg,0,HAM_0006552,nv
ISIC_0024368.jpg,0,HAM_0003465,nv
ISIC_0024397.jpg,0,HAM_0001501,nv
ISIC_0031327.jpg,0,HAM_0007137,nv
ISIC_0029415.jpg,0,HAM_0004504,nv
ISIC_0026285.jpg,0,HAM_0002361,nv
ISIC_0029200.jpg,0,HAM_0000849,nv
ISIC_0029224.jpg,0,HAM_0006695,nv
ISIC_0032392.jpg,0,HAM_0000157,nv
ISIC_0029509.jpg,0,HAM_0001826,nv
ISIC_0029799.jpg,0,HAM_0003995,nv
ISIC_0031815.jpg,0,HAM_0002760,nv
ISIC_0025356.jpg,0,HAM_0005320,nv
ISIC_0031744.jpg,0,HAM_0006667,nv
ISIC_0030728.jpg,0,HAM_0006842,nv
ISIC_0028178.jpg,0,HAM_0006083,nv
ISIC_0028828.jpg,0,HAM_0002690,nv
ISIC_0028437.jpg,0,HAM_0002990,nv
ISIC_0029785.jpg,0,HAM_0005468,nv
ISIC_0026736.jpg,0,HAM_0001844,nv
ISIC_0027779.jpg,0,HAM_0001829,nv
ISIC_0028444.jpg,0,HAM_0007411,nv
ISIC_0026772.jpg,0,HAM_0002273,nv
ISIC_0027633.jpg,0,HAM_0007291,nv
ISIC_0029120.jpg,0,HAM_0002081,nv
ISIC_0026673.jpg,0,HAM_0004251,nv
ISIC_0032161.jpg,0,HAM_0005216,nv
ISIC_0024650.jpg,0,HAM_0003324,nv
ISIC_0025522.jpg,0,HAM_0000454,nv
ISIC_0028068.jpg,0,HAM_0002331,nv
ISIC_0030054.jpg,0,HAM_0001377,nv
ISIC_0025139.jpg,0,HAM_0007584,nv
ISIC_0027628.jpg,0,HAM_0004002,nv
ISIC_0026180.jpg,0,HAM_0000755,nv
ISIC_0027947.jpg,0,HAM_0004416,nv
ISIC_0026003.jpg,0,HAM_0000951,nv
ISIC_0026932.jpg,0,HAM_0001096,nv
ISIC_0031361.jpg,0,HAM_0000345,nv
ISIC_0031195.jpg,0,HAM_0007277,nv
ISIC_0027690.jpg,0,HAM_0004999,nv
ISIC_0030985.jpg,0,HAM_0004679,nv
ISIC_0027630.jpg,0,HAM_0000108,nv
ISIC_0025308.jpg,0,HAM_0001821,nv
ISIC_0027222.jpg,0,HAM_0005741,nv
ISIC_0029333.jpg,0,HAM_0001946,nv
ISIC_0031658.jpg,0,HAM_0001033,nv
ISIC_0026274.jpg,0,HAM_0001901,nv
ISIC_0030388.jpg,0,HAM_0000936,nv
ISIC_0025828.jpg,0,HAM_0006515,nv
ISIC_0030499.jpg,0,HAM_0001086,nv
ISIC_0026578.jpg,0,HAM_0000601,nv
ISIC_0031921.jpg,0,HAM_0003103,nv
ISIC_0029955.jpg,0,HAM_0003906,nv
ISIC_0031472.jpg,0,HAM_0003316,nv
ISIC_0030726.jpg,0,HAM_0002255,nv
ISIC_0032301.jpg,0,HAM_0002020,nv
ISIC_0026619.jpg,0,HAM_0000730,nv
ISIC_0030270.jpg,0,HAM_0002029,nv
ISIC_0028452.jpg,0,HAM_0001191,nv
ISIC_0031365.jpg,0,HAM_0006728,nv
ISIC_0025349.jpg,0,HAM_0006139,nv
ISIC_0027169.jpg,0,HAM_0003844,nv
ISIC_0029155.jpg,0,HAM_0007379,nv
ISIC_0025230.jpg,0,HAM_0001966,nv
ISIC_0025048.jpg,0,HAM_0005734,nv
ISIC_0031452.jpg,0,HAM_0002588,nv
ISIC_0029511.jpg,0,HAM_0006627,nv
ISIC_0029411.jpg,0,HAM_0002866,nv
ISIC_0025888.jpg,0,HAM_0000584,nv
ISIC_0025682.jpg,0,HAM_0004812,nv
ISIC_0029105.jpg,0,HAM_0005047,nv
ISIC_0032068.jpg,0,HAM_0002929,nv
ISIC_0028341.jpg,0,HAM_0006804,nv
ISIC_0027899.jpg,0,HAM_0005644,nv
ISIC_0026431.jpg,0,HAM_0003730,nv
ISIC_0025893.jpg,0,HAM_0007156,nv
ISIC_0028440.jpg,0,HAM_0001461,nv
ISIC_0024983.jpg,0,HAM_0006584,nv
ISIC_0026935.jpg,0,HAM_0003909,nv
ISIC_0032296.jpg,0,HAM_0006151,nv
ISIC_0025745.jpg,0,HAM_0005444,nv
ISIC_0028456.jpg,0,HAM_0001742,nv
ISIC_0028950.jpg,0,HAM_0007187,nv
ISIC_0031807.jpg,0,HAM_0005511,nv
ISIC_0026813.jpg,0,HAM_0000731,nv
ISIC_0024988.jpg,0,HAM_0000573,nv
ISIC_0029310.jpg,0,HAM_0006701,nv
ISIC_0027515.jpg,0,HAM_0003687,nv
ISIC_0030205.jpg,0,HAM_0007322,nv
ISIC_0029350.jpg,0,HAM_0000151,nv
ISIC_0028315.jpg,0,HAM_0002516,nv
ISIC_0030449.jpg,0,HAM_0007071,nv
ISIC_0027223.jpg,0,HAM_0004772,nv
ISIC_0031456.jpg,0,HAM_0006055,nv
ISIC_0024942.jpg,0,HAM_0002220,nv
ISIC_0029395.jpg,0,HAM_0006958,nv
ISIC_0026061.jpg,0,HAM_0001973,nv
ISIC_0026840.jpg,0,HAM_0007253,nv
ISIC_0029520.jpg,0,HAM_0002249,nv
ISIC_0030738.jpg,0,HAM_0004560,nv
ISIC_0025761.jpg,0,HAM_0006073,nv
ISIC_0029236.jpg,0,HAM_0000503,nv
ISIC_0030146.jpg,0,HAM_0006895,nv
ISIC_0032262.jpg,0,HAM_0003061,nv
ISIC_0026517.jpg,0,HAM_0003532,nv
ISIC_0026426.jpg,0,HAM_0006034,nv
ISIC_0031426.jpg,0,HAM_0006612,nv
ISIC_0026110.jpg,0,HAM_0003295,nv
ISIC_0026707.jpg,0,HAM_0003247,nv
ISIC_0030831.jpg,0,HAM_0002926,nv
ISIC_0029294.jpg,0,HAM_0003564,nv
ISIC_0028910.jpg,0,HAM_0006136,nv
ISIC_0028234.jpg,0,HAM_0003618,nv
ISIC_0031416.jpg,0,HAM_0003592,nv
ISIC_0026582.jpg,0,HAM_0003747,nv
ISIC_0031689.jpg,0,HAM_0001478,nv
ISIC_0029821.jpg,0,HAM_0005707,nv
ISIC_0031906.jpg,0,HAM_0004893,nv
ISIC_0029686.jpg,0,HAM_0006530,nv
ISIC_0027782.jpg,0,HAM_0006043,nv
ISIC_0026334.jpg,0,HAM_0003550,nv
ISIC_0027632.jpg,0,HAM_0005548,nv
ISIC_0027674.jpg,0,HAM_0003378,nv
ISIC_0031752.jpg,0,HAM_0007331,nv
ISIC_0030865.jpg,0,HAM_0007012,nv
ISIC_0025034.jpg,0,HAM_0001205,nv
ISIC_0028152.jpg,0,HAM_0004825,nv
ISIC_0025697.jpg,0,HAM_0003459,nv
ISIC_0031254.jpg,0,HAM_0006906,nv
ISIC_0030905.jpg,0,HAM_0004280,nv
ISIC_0026630.jpg,0,HAM_0001682,nv
ISIC_0030109.jpg,0,HAM_0000606,nv
ISIC_0031136.jpg,0,HAM_0001970,nv
ISIC_0025092.jpg,0,HAM_0001984,nv
ISIC_0028439.jpg,0,HAM_0000684,nv
ISIC_0025360.jpg,0,HAM_0002006,nv
ISIC_0028012.jpg,0,HAM_0002927,nv
ISIC_0030108.jpg,0,HAM_0005165,nv
ISIC_0027921.jpg,0,HAM_0003547,nv
ISIC_0030673.jpg,0,HAM_0001144,nv
ISIC_0028253.jpg,0,HAM_0007406,nv
ISIC_0030278.jpg,0,HAM_0001545,nv
ISIC_0025194.jpg,0,HAM_0005512,nv
ISIC_0031446.jpg,0,HAM_0002336,nv
ISIC_0024917.jpg,0,HAM_0007280,nv
ISIC_0028566.jpg,0,HAM_0004417,nv
ISIC_0025604.jpg,0,HAM_0004903,nv
ISIC_0024717.jpg,0,HAM_0004887,nv
ISIC_0025669.jpg,0,HAM_0003860,nv
ISIC_0032457.jpg,0,HAM_0005691,nv
ISIC_0028213.jpg,0,HAM_0000200,nv
ISIC_0030618.jpg,0,HAM_0001379,nv
ISIC_0024484.jpg,0,HAM_0000278,nv
ISIC_0025134.jpg,0,HAM_0000357,nv
ISIC_0029774.jpg,0,HAM_0004393,nv
ISIC_0027791.jpg,0,HAM_0005544,nv
ISIC_0027368.jpg,0,HAM_0003244,nv
ISIC_0028004.jpg,0,HAM_0004745,nv
ISIC_0026031.jpg,0,HAM_0003261,nv
ISIC_0030777.jpg,0,HAM_0001224,nv
ISIC_0029875.jpg,0,HAM_0003584,nv
ISIC_0029204.jpg,0,HAM_0005877,nv
ISIC_0029886.jpg,0,HAM_0007459,nv
ISIC_0031892.jpg,0,HAM_0006795,nv
ISIC_0028904.jpg,0,HAM_0003269,nv
ISIC_0031409.jpg,0,HAM_0003403,nv
ISIC_0028732.jpg,0,HAM_0002780,nv
ISIC_0024491.jpg,0,HAM_0002452,nv
ISIC_0031695.jpg,0,HAM_0005402,nv
ISIC_0030478.jpg,0,HAM_0000894,nv
ISIC_0032217.jpg,0,HAM_0006503,nv
ISIC_0028417.jpg,0,HAM_0000061,nv
ISIC_0028724.jpg,0,HAM_0006450,nv
ISIC_0032155.jpg,0,HAM_0002052,nv
ISIC_0030891.jpg,0,HAM_0001025,nv
ISIC_0027186.jpg,0,HAM_0005688,nv
ISIC_0029717.jpg,0,HAM_0002802,nv
ISIC_0032205.jpg,0,HAM_0001921,nv
ISIC_0030838.jpg,0,HAM_0007017,nv
ISIC_0029869.jpg,0,HAM_0004995,nv
ISIC_0026589.jpg,0,HAM_0004089,nv
ISIC_0026632.jpg,0,HAM_0004150,nv
ISIC_0032267.jpg,0,HAM_0004605,nv
ISIC_0030164.jpg,0,HAM_0002828,nv
ISIC_0032069.jpg,0,HAM_0006535,nv
ISIC_0029007.jpg,0,HAM_0000672,nv
ISIC_0029657.jpg,0,HAM_0006694,nv
ISIC_0025774.jpg,0,HAM_0002233,nv
ISIC_0028914.jpg,0,HAM_0001518,nv
ISIC_0026020.jpg,0,HAM_0001550,nv
ISIC_0030646.jpg,0,HAM_0007074,nv
ISIC_0025177.jpg,0,HAM_0001248,nv
ISIC_0027530.jpg,0,HAM_0001248,nv
ISIC_0029049.jpg,0,HAM_0003246,nv
ISIC_0029018.jpg,0,HAM_0003246,nv
ISIC_0026934.jpg,0,HAM_0002729,nv
ISIC_0026346.jpg,0,HAM_0002729,nv
ISIC_0032475.jpg,0,HAM_0007448,nv
ISIC_0032294.jpg,0,HAM_0007448,nv
ISIC_0029214.jpg,0,HAM_0004886,nv
ISIC_0027112.jpg,0,HAM_0004886,nv
ISIC_0028247.jpg,0,HAM_0003155,nv
ISIC_0028988.jpg,0,HAM_0003155,nv
ISIC_0027757.jpg,0,HAM_0007112,nv
ISIC_0026819.jpg,0,HAM_0007112,nv
ISIC_0028791.jpg,0,HAM_0006032,nv
ISIC_0027501.jpg,0,HAM_0006032,nv
ISIC_0029190.jpg,0,HAM_0000965,nv
ISIC_0027855.jpg,0,HAM_0000965,nv
ISIC_0026730.jpg,0,HAM_0003277,nv
ISIC_0026890.jpg,0,HAM_0003277,nv
ISIC_0026519.jpg,0,HAM_0007255,nv
ISIC_0030672.jpg,0,HAM_0007255,nv
ISIC_0028755.jpg,0,HAM_0000288,nv
ISIC_0027062.jpg,0,HAM_0000288,nv
ISIC_0032363.jpg,0,HAM_0007003,nv
ISIC_0025638.jpg,0,HAM_0007003,nv
ISIC_0030980.jpg,0,HAM_0003303,nv
ISIC_0024597.jpg,0,HAM_0003303,nv
ISIC_0030629.jpg,0,HAM_0004935,nv
ISIC_0031178.jpg,0,HAM_0004935,nv
ISIC_0029534.jpg,0,HAM_0000854,nv
ISIC_0030640.jpg,0,HAM_0007311,nv
ISIC_0026367.jpg,0,HAM_0007311,nv
ISIC_0028423.jpg,0,HAM_0006439,nv
ISIC_0025621.jpg,0,HAM_0006439,nv
ISIC_0024594.jpg,0,HAM_0000892,nv
ISIC_0029845.jpg,0,HAM_0000892,nv
ISIC_0027444.jpg,0,HAM_0006347,nv
ISIC_0025702.jpg,0,HAM_0006347,nv
ISIC_0031617.jpg,0,HAM_0000376,nv
ISIC_0025173.jpg,0,HAM_0000376,nv
ISIC_0027644.jpg,0,HAM_0001107,nv
ISIC_0032376.jpg,0,HAM_0000174,nv
ISIC_0031091.jpg,0,HAM_0000174,nv
ISIC_0028576.jpg,0,HAM_0001684,nv
ISIC_0029790.jpg,0,HAM_0001684,nv
ISIC_0027898.jpg,0,HAM_0007202,nv
ISIC_0026726.jpg,0,HAM_0007202,nv
ISIC_0032023.jpg,0,HAM_0002698,nv
ISIC_0031247.jpg,0,HAM_0002698,nv
ISIC_0027305.jpg,0,HAM_0004997,nv
ISIC_0027718.jpg,0,HAM_0004997,nv
ISIC_0028918.jpg,0,HAM_0001141,nv
ISIC_0030697.jpg,0,HAM_0001141,nv
ISIC_0028293.jpg,0,HAM_0000476,nv
ISIC_0029093.jpg,0,HAM_0000476,nv
ISIC_0032428.jpg,0,HAM_0004410,nv
ISIC_0032342.jpg,0,HAM_0004410,nv
ISIC_0027264.jpg,0,HAM_0005360,nv
ISIC_0028413.jpg,0,HAM_0005360,nv
ISIC_0026012.jpg,0,HAM_0000028,nv
ISIC_0029752.jpg,0,HAM_0000028,nv
ISIC_0027198.jpg,0,HAM_0000960,nv
ISIC_0025779.jpg,0,HAM_0000960,nv
ISIC_0026140.jpg,0,HAM_0002973,nv
ISIC_0032086.jpg,0,HAM_0002973,nv
ISIC_0026251.jpg,0,HAM_0004380,nv
ISIC_0029072.jpg,0,HAM_0004380,nv
ISIC_0027839.jpg,0,HAM_0003230,nv
ISIC_0027640.jpg,0,HAM_0003230,nv
ISIC_0024842.jpg,0,HAM_0000977,nv
ISIC_0028803.jpg,0,HAM_0000977,nv
ISIC_0027406.jpg,0,HAM_0004524,nv
ISIC_0030273.jpg,0,HAM_0004524,nv
ISIC_0027249.jpg,0,HAM_0001869,nv
ISIC_0031563.jpg,0,HAM_0001869,nv
ISIC_0029653.jpg,0,HAM_0006738,nv
ISIC_0029374.jpg,0,HAM_0006738,nv
ISIC_0032209.jpg,0,HAM_0001100,nv
ISIC_0028194.jpg,0,HAM_0001100,nv
ISIC_0031404.jpg,0,HAM_0006150,nv
ISIC_0026569.jpg,0,HAM_0006150,nv
ISIC_0027848.jpg,0,HAM_0000930,nv
ISIC_0028971.jpg,0,HAM_0000930,nv
ISIC_0031145.jpg,0,HAM_0004267,nv
ISIC_0028430.jpg,0,HAM_0004267,nv
ISIC_0024642.jpg,0,HAM_0000947,nv
ISIC_0025959.jpg,0,HAM_0000947,nv
ISIC_0032985.jpg,1,HAM_0002552,mel
ISIC_0028633.jpg,0,HAM_0001563,nv
ISIC_0024798.jpg,0,HAM_0000044,nv
ISIC_0025152.jpg,0,HAM_0000044,nv
ISIC_0027235.jpg,0,HAM_0003091,nv
ISIC_0027152.jpg,0,HAM_0003091,nv
ISIC_0029045.jpg,0,HAM_0000068,nv
ISIC_0031160.jpg,0,HAM_0000068,nv
ISIC_0029735.jpg,0,HAM_0002120,nv
ISIC_0028010.jpg,0,HAM_0002120,nv
ISIC_0026666.jpg,0,HAM_0000900,nv
ISIC_0026552.jpg,0,HAM_0000900,nv
ISIC_0029985.jpg,0,HAM_0004763,nv
ISIC_0024891.jpg,0,HAM_0004763,nv
ISIC_0024934.jpg,0,HAM_0002652,nv
ISIC_0025442.jpg,0,HAM_0002652,nv
ISIC_0028461.jpg,0,HAM_0000072,nv
ISIC_0031474.jpg,0,HAM_0000072,nv
ISIC_0029719.jpg,0,HAM_0003692,nv
ISIC_0027684.jpg,0,HAM_0003692,nv
ISIC_0032158.jpg,0,HAM_0004318,nv
ISIC_0031678.jpg,0,HAM_0004318,nv
ISIC_0028453.jpg,0,HAM_0002856,nv
ISIC_0028154.jpg,0,HAM_0002856,nv
ISIC_0025672.jpg,0,HAM_0007123,nv
ISIC_0030664.jpg,0,HAM_0007123,nv
ISIC_0031733.jpg,0,HAM_0005237,nv
ISIC_0027240.jpg,0,HAM_0005237,nv
ISIC_0028332.jpg,0,HAM_0006197,nv
ISIC_0032334.jpg,0,HAM_0006197,nv
ISIC_0030858.jpg,0,HAM_0001813,nv
ISIC_0030609.jpg,0,HAM_0001813,nv
ISIC_0027987.jpg,0,HAM_0006457,nv
ISIC_0032257.jpg,0,HAM_0006457,nv
ISIC_0024314.jpg,0,HAM_0002198,nv
ISIC_0026722.jpg,0,HAM_0002198,nv
ISIC_0031663.jpg,0,HAM_0002946,nv
ISIC_0031883.jpg,0,HAM_0002946,nv
ISIC_0025943.jpg,0,HAM_0005162,nv
ISIC_0025568.jpg,0,HAM_0005162,nv
ISIC_0026887.jpg,0,HAM_0005162,nv
ISIC_0027077.jpg,0,HAM_0003848,nv
ISIC_0032096.jpg,0,HAM_0003848,nv
ISIC_0029366.jpg,0,HAM_0001342,nv
ISIC_0032378.jpg,0,HAM_0001342,nv
ISIC_0027679.jpg,0,HAM_0005937,nv
ISIC_0024604.jpg,0,HAM_0003767,nv
ISIC_0027358.jpg,0,HAM_0003767,nv
ISIC_0030247.jpg,0,HAM_0003767,nv
ISIC_0030426.jpg,0,HAM_0002670,nv
ISIC_0027734.jpg,0,HAM_0002670,nv
ISIC_0030786.jpg,0,HAM_0000682,nv
ISIC_0027662.jpg,0,HAM_0002314,nv
ISIC_0029104.jpg,0,HAM_0003221,nv
ISIC_0030520.jpg,0,HAM_0003221,nv
ISIC_0032341.jpg,0,HAM_0003221,nv
ISIC_0029756.jpg,0,HAM_0003221,nv
ISIC_0030874.jpg,0,HAM_0002489,nv
ISIC_0031629.jpg,0,HAM_0002489,nv
ISIC_0027284.jpg,0,HAM_0006108,nv
ISIC_0024697.jpg,0,HAM_0006108,nv
ISIC_0027537.jpg,0,HAM_0000464,nv
ISIC_0027002.jpg,0,HAM_0000464,nv
ISIC_0026223.jpg,0,HAM_0000464,nv
ISIC_0029389.jpg,0,HAM_0004575,nv
ISIC_0024789.jpg,0,HAM_0004575,nv
ISIC_0030312.jpg,0,HAM_0004762,nv
ISIC_0026080.jpg,0,HAM_0004762,nv
ISIC_0029430.jpg,0,HAM_0003327,nv
ISIC_0027312.jpg,0,HAM_0003327,nv
ISIC_0031143.jpg,0,HAM_0006853,nv
ISIC_0031863.jpg,0,HAM_0006853,nv
ISIC_0031515.jpg,0,HAM_0003933,nv
ISIC_0029854.jpg,0,HAM_0003933,nv
ISIC_0031418.jpg,0,HAM_0002942,nv
ISIC_0027911.jpg,0,HAM_0002942,nv
ISIC_0026874.jpg,0,HAM_0001542,nv
ISIC_0031705.jpg,0,HAM_0004747,nv
ISIC_0031435.jpg,0,HAM_0004747,nv
ISIC_0029615.jpg,0,HAM_0006735,nv
ISIC_0030432.jpg,0,HAM_0006735,nv
ISIC_0027427.jpg,0,HAM_0005447,nv
ISIC_0026389.jpg,0,HAM_0005447,nv
ISIC_0025428.jpg,0,HAM_0005339,nv
ISIC_0031618.jpg,0,HAM_0005339,nv
ISIC_0025847.jpg,0,HAM_0005609,nv
ISIC_0025958.jpg,0,HAM_0005609,nv
ISIC_0028385.jpg,0,HAM_0006359,nv
ISIC_0027403.jpg,0,HAM_0006359,nv
ISIC_0031142.jpg,0,HAM_0006030,nv
ISIC_0024618.jpg,0,HAM_0006030,nv
ISIC_0031059.jpg,0,HAM_0002159,nv
ISIC_0030355.jpg,0,HAM_0002159,nv
ISIC_0024906.jpg,0,HAM_0002217,nv
ISIC_0025073.jpg,0,HAM_0002217,nv
ISIC_0027031.jpg,0,HAM_0006742,nv
ISIC_0024813.jpg,0,HAM_0006742,nv
ISIC_0028401.jpg,0,HAM_0005342,nv
ISIC_0030371.jpg,0,HAM_0005342,nv
ISIC_0028367.jpg,0,HAM_0003912,nv
ISIC_0030741.jpg,0,HAM_0003912,nv
ISIC_0024986.jpg,0,HAM_0000837,nv
ISIC_0031555.jpg,0,HAM_0000837,nv
ISIC_0027462.jpg,0,HAM_0006914,nv
ISIC_0025254.jpg,0,HAM_0006914,nv
ISIC_0031660.jpg,0,HAM_0001316,nv
ISIC_0024824.jpg,0,HAM_0005188,nv
ISIC_0030666.jpg,0,HAM_0005188,nv
ISIC_0031293.jpg,0,HAM_0004418,nv
ISIC_0026376.jpg,0,HAM_0004418,nv
ISIC_0031560.jpg,0,HAM_0004663,nv
ISIC_0025809.jpg,0,HAM_0004663,nv
ISIC_0025108.jpg,0,HAM_0007476,nv
ISIC_0029296.jpg,0,HAM_0007476,nv
ISIC_0031646.jpg,0,HAM_0003684,nv
ISIC_0031385.jpg,0,HAM_0003684,nv
ISIC_0027878.jpg,0,HAM_0007189,nv
ISIC_0032055.jpg,0,HAM_0007189,nv
ISIC_0027738.jpg,0,HAM_0006389,nv
ISIC_0031518.jpg,0,HAM_0006389,nv
ISIC_0027497.jpg,0,HAM_0004699,nv
ISIC_0028255.jpg,0,HAM_0004699,nv
ISIC_0028371.jpg,0,HAM_0007464,nv
ISIC_0030063.jpg,0,HAM_0007464,nv
ISIC_0029475.jpg,0,HAM_0006397,nv
ISIC_0029894.jpg,0,HAM_0006397,nv
ISIC_0024378.jpg,0,HAM_0001580,nv
ISIC_0029986.jpg,0,HAM_0006711,nv
ISIC_0027010.jpg,0,HAM_0006711,nv
ISIC_0026501.jpg,0,HAM_0003583,nv
ISIC_0026006.jpg,0,HAM_0003583,nv
ISIC_0030064.jpg,0,HAM_0006048,nv
ISIC_0027861.jpg,0,HAM_0003343,nv
ISIC_0031817.jpg,0,HAM_0004461,nv
ISIC_0032421.jpg,0,HAM_0004461,nv
ISIC_0029409.jpg,0,HAM_0003677,nv
ISIC_0032364.jpg,0,HAM_0003677,nv
ISIC_0026541.jpg,0,HAM_0006974,nv
ISIC_0031281.jpg,0,HAM_0006974,nv
ISIC_0030829.jpg,0,HAM_0005859,nv
ISIC_0025367.jpg,0,HAM_0005859,nv
ISIC_0025335.jpg,0,HAM_0007356,nv
ISIC_0025869.jpg,0,HAM_0007356,nv
ISIC_0025588.jpg,0,HAM_0002207,nv
ISIC_0027772.jpg,0,HAM_0002207,nv
ISIC_0030688.jpg,0,HAM_0003475,nv
ISIC_0029825.jpg,0,HAM_0003475,nv
ISIC_0028373.jpg,0,HAM_0002715,nv
ISIC_0024714.jpg,0,HAM_0002715,nv
ISIC_0028636.jpg,0,HAM_0002097,nv
ISIC_0025687.jpg,0,HAM_0002097,nv
ISIC_0024855.jpg,0,HAM_0003627,nv
ISIC_0026497.jpg,0,HAM_0003627,nv
ISIC_0031959.jpg,0,HAM_0001088,nv
ISIC_0032078.jpg,0,HAM_0001088,nv
ISIC_0027812.jpg,0,HAM_0004546,nv
ISIC_0026561.jpg,0,HAM_0004546,nv
ISIC_0025129.jpg,0,HAM_0006826,nv
ISIC_0027049.jpg,0,HAM_0006826,nv
ISIC_0027209.jpg,0,HAM_0001849,nv
ISIC_0028966.jpg,0,HAM_0001849,nv
ISIC_0032443.jpg,0,HAM_0005484,nv
ISIC_0028851.jpg,0,HAM_0007028,nv
ISIC_0027408.jpg,0,HAM_0001696,nv
ISIC_0030460.jpg,0,HAM_0001696,nv
ISIC_0030793.jpg,0,HAM_0001712,nv
ISIC_0031221.jpg,0,HAM_0001712,nv
ISIC_0025370.jpg,0,HAM_0004869,nv
ISIC_0027768.jpg,0,HAM_0005227,nv
ISIC_0027410.jpg,0,HAM_0005227,nv
ISIC_0030194.jpg,0,HAM_0000589,nv
ISIC_0027103.jpg,0,HAM_0000589,nv
ISIC_0028527.jpg,0,HAM_0006484,nv
ISIC_0027244.jpg,0,HAM_0006484,nv
ISIC_0027907.jpg,0,HAM_0007606,nv
ISIC_0025870.jpg,0,HAM_0007606,nv
ISIC_0031380.jpg,0,HAM_0007295,nv
ISIC_0029543.jpg,0,HAM_0007419,nv
ISIC_0029254.jpg,0,HAM_0006747,nv
ISIC_0029223.jpg,0,HAM_0006747,nv
ISIC_0030930.jpg,0,HAM_0001975,nv
ISIC_0028488.jpg,0,HAM_0001975,nv
ISIC_0025863.jpg,0,HAM_0004156,nv
ISIC_0024387.jpg,0,HAM_0004156,nv
ISIC_0028528.jpg,0,HAM_0000324,nv
ISIC_0029945.jpg,0,HAM_0000324,nv
ISIC_0026148.jpg,0,HAM_0002975,nv
ISIC_0028810.jpg,0,HAM_0002975,nv
ISIC_0024869.jpg,0,HAM_0007373,nv
ISIC_0024723.jpg,0,HAM_0007373,nv
ISIC_0031720.jpg,0,HAM_0003222,nv
ISIC_0026382.jpg,0,HAM_0003222,nv
ISIC_0029720.jpg,0,HAM_0000230,nv
ISIC_0032150.jpg,0,HAM_0000230,nv
ISIC_0029725.jpg,0,HAM_0004724,nv
ISIC_0024924.jpg,0,HAM_0004724,nv
ISIC_0031094.jpg,0,HAM_0005056,nv
ISIC_0032345.jpg,0,HAM_0005056,nv
ISIC_0031676.jpg,0,HAM_0007553,nv
ISIC_0032151.jpg,0,HAM_0007553,nv
ISIC_0031615.jpg,0,HAM_0000569,nv
ISIC_0031592.jpg,0,HAM_0000569,nv
ISIC_0029488.jpg,0,HAM_0001623,nv
ISIC_0027099.jpg,0,HAM_0001623,nv
ISIC_0025458.jpg,0,HAM_0001604,nv
ISIC_0024664.jpg,0,HAM_0001604,nv
ISIC_0026303.jpg,0,HAM_0001680,nv
ISIC_0030125.jpg,0,HAM_0001680,nv
ISIC_0025008.jpg,0,HAM_0002349,nv
ISIC_0025735.jpg,0,HAM_0002349,nv
ISIC_0028804.jpg,0,HAM_0006618,nv
ISIC_0032191.jpg,0,HAM_0006618,nv
ISIC_0026911.jpg,0,HAM_0006303,nv
ISIC_0030464.jpg,0,HAM_0006303,nv
ISIC_0028015.jpg,0,HAM_0002575,nv
ISIC_0026781.jpg,0,HAM_0002575,nv
ISIC_0026777.jpg,0,HAM_0000928,nv
ISIC_0031268.jpg,0,HAM_0000928,nv
ISIC_0025327.jpg,0,HAM_0001971,nv
ISIC_0026839.jpg,0,HAM_0001971,nv
ISIC_0029402.jpg,0,HAM_0007579,nv
ISIC_0027571.jpg,0,HAM_0007579,nv
ISIC_0025812.jpg,0,HAM_0001767,nv
ISIC_0029357.jpg,0,HAM_0001767,nv
ISIC_0032309.jpg,0,HAM_0006185,nv
ISIC_0028759.jpg,0,HAM_0006185,nv
ISIC_0029846.jpg,0,HAM_0002484,nv
ISIC_0029194.jpg,0,HAM_0002484,nv
ISIC_0024340.jpg,0,HAM_0001160,nv
ISIC_0027361.jpg,0,HAM_0001160,nv
ISIC_0025823.jpg,0,HAM_0007425,nv
ISIC_0027458.jpg,0,HAM_0007425,nv
ISIC_0027034.jpg,0,HAM_0007426,nv
ISIC_0031887.jpg,0,HAM_0007426,nv
ISIC_0025094.jpg,0,HAM_0002067,nv
ISIC_0026421.jpg,0,HAM_0002067,nv
ISIC_0026215.jpg,0,HAM_0005519,nv
ISIC_0032029.jpg,0,HAM_0005519,nv
ISIC_0028534.jpg,0,HAM_0003653,nv
ISIC_0030139.jpg,0,HAM_0003653,nv
ISIC_0031713.jpg,0,HAM_0006145,nv
ISIC_0032027.jpg,0,HAM_0006145,nv
ISIC_0029976.jpg,0,HAM_0002323,nv
ISIC_0031001.jpg,0,HAM_0002323,nv
ISIC_0030406.jpg,0,HAM_0007548,nv
ISIC_0026633.jpg,0,HAM_0007548,nv
ISIC_0027421.jpg,0,HAM_0001968,nv
ISIC_0028222.jpg,0,HAM_0001968,nv
ISIC_0027086.jpg,0,HAM_0006629,nv
ISIC_0025689.jpg,0,HAM_0006629,nv
ISIC_0026055.jpg,0,HAM_0006605,nv
ISIC_0027645.jpg,0,HAM_0006605,nv
ISIC_0030979.jpg,0,HAM_0003175,nv
ISIC_0028145.jpg,0,HAM_0003175,nv
ISIC_0027709.jpg,0,HAM_0007312,nv
ISIC_0031674.jpg,0,HAM_0006837,nv
ISIC_0025834.jpg,0,HAM_0006837,nv
ISIC_0029982.jpg,0,HAM_0005886,nv
ISIC_0031622.jpg,0,HAM_0005886,nv
ISIC_0028368.jpg,0,HAM_0002409,nv
ISIC_0028843.jpg,0,HAM_0002409,nv
ISIC_0026237.jpg,0,HAM_0003299,nv
ISIC_0025547.jpg,0,HAM_0003299,nv
ISIC_0027548.jpg,0,HAM_0004761,nv
ISIC_0026826.jpg,0,HAM_0004761,nv
ISIC_0028961.jpg,0,HAM_0005561,nv
ISIC_0031080.jpg,0,HAM_0005561,nv
ISIC_0025909.jpg,0,HAM_0006856,nv
ISIC_0028831.jpg,0,HAM_0006856,nv
ISIC_0028045.jpg,0,HAM_0003892,nv
ISIC_0030053.jpg,0,HAM_0000261,nv
ISIC_0026743.jpg,0,HAM_0000261,nv
ISIC_0028793.jpg,0,HAM_0004783,nv
ISIC_0025671.jpg,0,HAM_0004783,nv
ISIC_0026341.jpg,0,HAM_0002176,nv
ISIC_0027697.jpg,0,HAM_0002176,nv
ISIC_0025789.jpg,0,HAM_0007249,nv
ISIC_0028509.jpg,0,HAM_0007249,nv
ISIC_0029435.jpg,0,HAM_0006062,nv
ISIC_0026608.jpg,0,HAM_0001497,nv
ISIC_0030334.jpg,0,HAM_0001497,nv
ISIC_0028235.jpg,0,HAM_0002231,nv
ISIC_0025850.jpg,0,HAM_0005611,nv
ISIC_0029187.jpg,0,HAM_0005611,nv
ISIC_0025905.jpg,0,HAM_0004138,nv
ISIC_0030184.jpg,0,HAM_0004138,nv
ISIC_0028098.jpg,0,HAM_0002541,nv
ISIC_0025631.jpg,0,HAM_0006312,nv
ISIC_0031337.jpg,0,HAM_0006312,nv
ISIC_0030473.jpg,0,HAM_0005244,nv
ISIC_0025907.jpg,0,HAM_0002658,nv
ISIC_0027113.jpg,0,HAM_0002658,nv
ISIC_0030859.jpg,0,HAM_0006822,nv
ISIC_0030350.jpg,0,HAM_0006822,nv
ISIC_0024831.jpg,0,HAM_0007468,nv
ISIC_0026869.jpg,0,HAM_0007468,nv
ISIC_0026186.jpg,0,HAM_0002106,nv
ISIC_0025156.jpg,0,HAM_0002106,nv
ISIC_0031440.jpg,0,HAM_0002100,nv
ISIC_0027852.jpg,0,HAM_0005060,nv
ISIC_0031975.jpg,0,HAM_0005060,nv
ISIC_0028195.jpg,0,HAM_0006221,nv
ISIC_0025300.jpg,0,HAM_0006221,nv
ISIC_0028823.jpg,0,HAM_0007138,nv
ISIC_0031501.jpg,0,HAM_0007138,nv
ISIC_0032910.jpg,0,HAM_0006882,nv
ISIC_0025610.jpg,0,HAM_0003308,nv
ISIC_0024615.jpg,0,HAM_0003308,nv
ISIC_0029354.jpg,0,HAM_0000269,nv
ISIC_0031748.jpg,0,HAM_0000269,nv
ISIC_0025555.jpg,0,HAM_0003951,nv
ISIC_0032242.jpg,0,HAM_0003951,nv
ISIC_0024317.jpg,0,HAM_0003951,nv
ISIC_0028751.jpg,0,HAM_0005034,nv
ISIC_0027024.jpg,0,HAM_0005034,nv
ISIC_0025402.jpg,0,HAM_0002703,nv
ISIC_0033745.jpg,0,HAM_0005686,nv
ISIC_0033112.jpg,0,HAM_0005686,nv
ISIC_0033380.jpg,0,HAM_0000262,nv
ISIC_0030326.jpg,0,HAM_0000262,nv
ISIC_0025598.jpg,0,HAM_0004986,nv
ISIC_0033356.jpg,0,HAM_0005213,nv
ISIC_0033998.jpg,0,HAM_0005213,nv
ISIC_0030303.jpg,0,HAM_0005143,nv
ISIC_0026544.jpg,0,HAM_0002581,nv
ISIC_0032470.jpg,0,HAM_0002581,nv
ISIC_0029826.jpg,0,HAM_0005159,nv
ISIC_0025352.jpg,0,HAM_0005159,nv
ISIC_0029179.jpg,0,HAM_0007300,nv
ISIC_0025158.jpg,0,HAM_0007300,nv
ISIC_0025336.jpg,0,HAM_0007300,nv
ISIC_0028977.jpg,0,HAM_0006159,bkl
ISIC_0026403.jpg,0,HAM_0003663,nv
ISIC_0029491.jpg,0,HAM_0003663,nv
ISIC_0025641.jpg,0,HAM_0003468,nv
ISIC_0026494.jpg,0,HAM_0003156,nv
ISIC_0025228.jpg,0,HAM_0004892,nv
ISIC_0029422.jpg,0,HAM_0005866,nv
ISIC_0031158.jpg,0,HAM_0006709,nv
ISIC_0029728.jpg,0,HAM_0006155,nv
ISIC_0032181.jpg,0,HAM_0003369,nv
ISIC_0033859.jpg,0,HAM_0001192,nv
ISIC_0031546.jpg,0,HAM_0001192,nv
ISIC_0025049.jpg,0,HAM_0001757,nv
ISIC_0028287.jpg,0,HAM_0006934,nv
ISIC_0026423.jpg,0,HAM_0005267,nv
ISIC_0026432.jpg,0,HAM_0006268,nv
ISIC_0033423.jpg,0,HAM_0006516,nv
ISIC_0033846.jpg,0,HAM_0006516,nv
ISIC_0033315.jpg,0,HAM_0006516,nv
ISIC_0032691.jpg,0,HAM_0007541,nv
ISIC_0032540.jpg,0,HAM_0007541,nv
ISIC_0032573.jpg,0,HAM_0007541,nv
ISIC_0032633.jpg,0,HAM_0007462,nv
ISIC_0032007.jpg,0,HAM_0007477,nv
ISIC_0034298.jpg,0,HAM_0007462,nv
ISIC_0033686.jpg,0,HAM_0002494,nv
ISIC_0033251.jpg,0,HAM_0001651,nv
ISIC_0033402.jpg,0,HAM_0001651,nv
ISIC_0034204.jpg,0,HAM_0001651,nv
ISIC_0030462.jpg,0,HAM_0004766,nv
ISIC_0033971.jpg,0,HAM_0007451,nv
ISIC_0032527.jpg,0,HAM_0007451,nv
ISIC_0032964.jpg,0,HAM_0007451,nv
ISIC_0033347.jpg,0,HAM_0006080,nv
ISIC_0032668.jpg,0,HAM_0006080,nv
ISIC_0032891.jpg,0,HAM_0006080,nv
ISIC_0033555.jpg,0,HAM_0003143,nv
ISIC_0033963.jpg,0,HAM_0003143,nv
ISIC_0033793.jpg,0,HAM_0003143,nv
ISIC_0033363.jpg,0,HAM_0002363,nv
ISIC_0033058.jpg,0,HAM_0002363,nv
ISIC_0032924.jpg,0,HAM_0002363,nv
ISIC_0033712.jpg,0,HAM_0000407,nv
ISIC_0032771.jpg,0,HAM_0000407,nv
ISIC_0033297.jpg,0,HAM_0000407,nv
ISIC_0030845.jpg,0,HAM_0000093,nv
ISIC_0032555.jpg,0,HAM_0002616,nv
ISIC_0034254.jpg,0,HAM_0002616,nv
ISIC_0033852.jpg,0,HAM_0004708,nv
ISIC_0033775.jpg,0,HAM_0004708,nv
ISIC_0033561.jpg,0,HAM_0004708,nv
ISIC_0034225.jpg,0,HAM_0002030,nv
ISIC_0032916.jpg,0,HAM_0002030,nv
ISIC_0033756.jpg,0,HAM_0002030,nv
ISIC_0025619.jpg,0,HAM_0000801,nv
ISIC_0033823.jpg,0,HAM_0000704,nv
ISIC_0032954.jpg,0,HAM_0000704,nv
ISIC_0033371.jpg,0,HAM_0000704,nv
ISIC_0033348.jpg,0,HAM_0001615,nv
ISIC_0033048.jpg,0,HAM_0001615,nv
ISIC_0033870.jpg,0,HAM_0001615,nv
ISIC_0033032.jpg,0,HAM_0003505,nv
ISIC_0034227.jpg,0,HAM_0003505,nv
ISIC_0033563.jpg,0,HAM_0003505,nv
ISIC_0031613.jpg,0,HAM_0005408,nv
ISIC_0029553.jpg,0,HAM_0005048,nv
ISIC_0029953.jpg,0,HAM_0002793,nv
ISIC_0033276.jpg,0,HAM_0000304,nv
ISIC_0034083.jpg,0,HAM_0000304,nv
ISIC_0033316.jpg,0,HAM_0000304,nv
ISIC_0026618.jpg,0,HAM_0006916,nv
ISIC_0026670.jpg,0,HAM_0006916,nv
ISIC_0025456.jpg,0,HAM_0003158,nv
ISIC_0034079.jpg,0,HAM_0005374,nv
ISIC_0033327.jpg,0,HAM_0005374,nv
ISIC_0032871.jpg,0,HAM_0005374,nv
ISIC_0034290.jpg,0,HAM_0002009,nv
ISIC_0033165.jpg,0,HAM_0002009,nv
ISIC_0033430.jpg,0,HAM_0002009,nv
ISIC_0027643.jpg,0,HAM_0003215,nv
ISIC_0027087.jpg,0,HAM_0005523,nv
ISIC_0030851.jpg,0,HAM_0000077,nv
ISIC_0033227.jpg,0,HAM_0006634,nv
ISIC_0033365.jpg,0,HAM_0006634,nv
ISIC_0033767.jpg,0,HAM_0005300,nv
ISIC_0033755.jpg,0,HAM_0005300,nv
ISIC_0033625.jpg,0,HAM_0005300,nv
ISIC_0032362.jpg,0,HAM_0007127,nv
ISIC_0032739.jpg,0,HAM_0001790,nv
ISIC_0032874.jpg,0,HAM_0001790,nv
ISIC_0032590.jpg,0,HAM_0005351,nv
ISIC_0033549.jpg,0,HAM_0005351,nv
ISIC_0033921.jpg,0,HAM_0005351,nv
ISIC_0033959.jpg,0,HAM_0002136,nv
ISIC_0032914.jpg,0,HAM_0002136,nv
ISIC_0033309.jpg,0,HAM_0002136,nv
ISIC_0034267.jpg,0,HAM_0005116,nv
ISIC_0033137.jpg,0,HAM_0005116,nv
ISIC_0032953.jpg,0,HAM_0005116,nv
ISIC_0026584.jpg,0,HAM_0000459,nv
ISIC_0028110.jpg,0,HAM_0002803,nv
ISIC_0034110.jpg,0,HAM_0000268,nv
ISIC_0025160.jpg,0,HAM_0000268,nv
ISIC_0033389.jpg,0,HAM_0000268,nv
ISIC_0031904.jpg,0,HAM_0005700,nv
ISIC_0025239.jpg,0,HAM_0003462,nv
ISIC_0034234.jpg,0,HAM_0004706,nv
ISIC_0033308.jpg,0,HAM_0004706,nv
ISIC_0034274.jpg,0,HAM_0004706,nv
ISIC_0033331.jpg,0,HAM_0005995,nv
ISIC_0034192.jpg,0,HAM_0005995,nv
ISIC_0033689.jpg,0,HAM_0005995,nv
ISIC_0030546.jpg,0,HAM_0006810,nv
ISIC_0033989.jpg,0,HAM_0007444,nv
ISIC_0032977.jpg,0,HAM_0007444,nv
ISIC_0033664.jpg,0,HAM_0007444,nv
ISIC_0033759.jpg,0,HAM_0002923,nv
ISIC_0034144.jpg,0,HAM_0002923,nv
ISIC_0032992.jpg,0,HAM_0002923,nv
ISIC_0026177.jpg,0,HAM_0006583,nv
ISIC_0026979.jpg,0,HAM_0002060,nv
ISIC_0032950.jpg,0,HAM_0001097,nv
ISIC_0034156.jpg,0,HAM_0001097,nv
ISIC_0025713.jpg,0,HAM_0003178,nv
ISIC_0034136.jpg,0,HAM_0002750,nv
ISIC_0033386.jpg,0,HAM_0002750,nv
ISIC_0033003.jpg,0,HAM_0002750,nv
ISIC_0033253.jpg,0,HAM_0002434,nv
ISIC_0033974.jpg,0,HAM_0002434,nv
ISIC_0033941.jpg,0,HAM_0002434,nv
ISIC_0033919.jpg,0,HAM_0002386,nv
ISIC_0033640.jpg,0,HAM_0002386,nv
ISIC_0033927.jpg,0,HAM_0002386,nv
ISIC_0032664.jpg,0,HAM_0000294,nv
ISIC_0033461.jpg,0,HAM_0000294,nv
ISIC_0033511.jpg,0,HAM_0006147,nv
ISIC_0025990.jpg,0,HAM_0000609,nv
ISIC_0025778.jpg,0,HAM_0000609,nv
ISIC_0027250.jpg,0,HAM_0003937,nv
ISIC_0025309.jpg,0,HAM_0003937,nv
ISIC_0031466.jpg,0,HAM_0002567,nv
ISIC_0031048.jpg,0,HAM_0002567,nv
ISIC_0031694.jpg,0,HAM_0000523,nv
ISIC_0025978.jpg,0,HAM_0000523,nv
ISIC_0027432.jpg,0,HAM_0007196,nv
ISIC_0024907.jpg,0,HAM_0007196,nv
ISIC_0028214.jpg,0,HAM_0006187,nv
ISIC_0025453.jpg,0,HAM_0006187,nv
ISIC_0026883.jpg,0,HAM_0002797,nv
ISIC_0031412.jpg,0,HAM_0002797,nv
ISIC_0025261.jpg,0,HAM_0002796,nv
ISIC_0027654.jpg,0,HAM_0002796,nv
ISIC_0029656.jpg,0,HAM_0000395,nv
ISIC_0025421.jpg,0,HAM_0000395,nv
ISIC_0029405.jpg,0,HAM_0003394,nv
ISIC_0025786.jpg,0,HAM_0004260,nv
ISIC_0025525.jpg,0,HAM_0004260,nv
ISIC_0027847.jpg,0,HAM_0000249,nv
ISIC_0030709.jpg,0,HAM_0000249,nv
ISIC_0024730.jpg,0,HAM_0003188,nv
ISIC_0030765.jpg,0,HAM_0003188,nv
ISIC_0028780.jpg,0,HAM_0000138,nv
ISIC_0029902.jpg,0,HAM_0000138,nv
ISIC_0025871.jpg,0,HAM_0003904,nv
ISIC_0031988.jpg,0,HAM_0003904,nv
ISIC_0026502.jpg,0,HAM_0005107,nv
ISIC_0032082.jpg,0,HAM_0005107,nv
ISIC_0027072.jpg,0,HAM_0004128,nv
ISIC_0030378.jpg,0,HAM_0004128,nv
ISIC_0024344.jpg,0,HAM_0000380,nv
ISIC_0025836.jpg,0,HAM_0000380,nv
ISIC_0026384.jpg,0,HAM_0005127,nv
ISIC_0028436.jpg,0,HAM_0005127,nv
ISIC_0029662.jpg,0,HAM_0005298,nv
ISIC_0030582.jpg,0,HAM_0005298,nv
ISIC_0025001.jpg,0,HAM_0003235,nv
ISIC_0028800.jpg,0,HAM_0003235,nv
ISIC_0029636.jpg,0,HAM_0001220,nv
ISIC_0027931.jpg,0,HAM_0001220,nv
ISIC_0028500.jpg,0,HAM_0006326,nv
ISIC_0032374.jpg,0,HAM_0001279,nv
ISIC_0025855.jpg,0,HAM_0001279,nv
ISIC_0026084.jpg,0,HAM_0005879,nv
ISIC_0025262.jpg,0,HAM_0005879,nv
ISIC_0030085.jpg,0,HAM_0000012,nv
ISIC_0029348.jpg,0,HAM_0000012,nv
ISIC_0031202.jpg,0,HAM_0007350,nv
ISIC_0030892.jpg,0,HAM_0007350,nv
ISIC_0030429.jpg,0,HAM_0006146,nv
ISIC_0028159.jpg,0,HAM_0006146,nv
ISIC_0030899.jpg,0,HAM_0004222,nv
ISIC_0031757.jpg,0,HAM_0004222,nv
ISIC_0025541.jpg,0,HAM_0005880,nv
ISIC_0025117.jpg,0,HAM_0005880,nv
ISIC_0032009.jpg,0,HAM_0001107,nv
ISIC_0032641.jpg,0,HAM_0006147,nv
ISIC_0033345.jpg,0,HAM_0006147,nv
ISIC_0032711.jpg,0,HAM_0006869,nv
ISIC_0033207.jpg,0,HAM_0006869,nv
ISIC_0032558.jpg,0,HAM_0006869,nv
ISIC_0034146.jpg,0,HAM_0001046,nv
ISIC_0033964.jpg,0,HAM_0001046,nv
ISIC_0032951.jpg,0,HAM_0001046,nv
ISIC_0033652.jpg,0,HAM_0005363,nv
ISIC_0033944.jpg,0,HAM_0005363,nv
ISIC_0032717.jpg,0,HAM_0005363,nv
ISIC_0032651.jpg,0,HAM_0004714,nv
ISIC_0033699.jpg,0,HAM_0004714,nv
ISIC_0033915.jpg,0,HAM_0004714,nv
ISIC_0032784.jpg,0,HAM_0003507,nv
ISIC_0033459.jpg,0,HAM_0003507,nv
ISIC_0032710.jpg,0,HAM_0003507,nv
ISIC_0032767.jpg,0,HAM_0006520,nv
ISIC_0033503.jpg,0,HAM_0006520,nv
ISIC_0033795.jpg,0,HAM_0006520,nv
ISIC_0032679.jpg,0,HAM_0005942,nv
ISIC_0032529.jpg,0,HAM_0005942,nv
ISIC_0033119.jpg,0,HAM_0005942,nv
ISIC_0033850.jpg,0,HAM_0004574,nv
ISIC_0032671.jpg,0,HAM_0004574,nv
ISIC_0032566.jpg,0,HAM_0004574,nv
ISIC_0033059.jpg,0,HAM_0001400,nv
ISIC_0033113.jpg,0,HAM_0001400,nv
ISIC_0033547.jpg,0,HAM_0001400,nv
ISIC_0033172.jpg,0,HAM_0001692,nv
ISIC_0033326.jpg,0,HAM_0001692,nv
ISIC_0032743.jpg,0,HAM_0001692,nv
ISIC_0033292.jpg,0,HAM_0000313,nv
ISIC_0033610.jpg,0,HAM_0000313,nv
ISIC_0033100.jpg,0,HAM_0000313,nv
ISIC_0033388.jpg,0,HAM_0002501,nv
ISIC_0033009.jpg,0,HAM_0002501,nv
ISIC_0032928.jpg,0,HAM_0002501,nv
ISIC_0032666.jpg,0,HAM_0002574,nv
ISIC_0033157.jpg,0,HAM_0002574,nv
ISIC_0032811.jpg,0,HAM_0002574,nv
ISIC_0034131.jpg,0,HAM_0005106,nv
ISIC_0032901.jpg,0,HAM_0005106,nv
ISIC_0033370.jpg,0,HAM_0001484,nv
ISIC_0033521.jpg,0,HAM_0001484,nv
ISIC_0032623.jpg,0,HAM_0001484,nv
ISIC_0032821.jpg,0,HAM_0006391,nv
ISIC_0032783.jpg,0,HAM_0006391,nv
ISIC_0034139.jpg,0,HAM_0006391,nv
ISIC_0034133.jpg,0,HAM_0004829,nv
ISIC_0034042.jpg,0,HAM_0004829,nv
ISIC_0032595.jpg,0,HAM_0004829,nv
ISIC_0034281.jpg,0,HAM_0004296,nv
ISIC_0034152.jpg,0,HAM_0004296,nv
ISIC_0033739.jpg,0,HAM_0004296,nv
ISIC_0034020.jpg,0,HAM_0002206,nv
ISIC_0033727.jpg,0,HAM_0002206,nv
ISIC_0033827.jpg,0,HAM_0001697,nv
ISIC_0033497.jpg,0,HAM_0001697,nv
ISIC_0034308.jpg,0,HAM_0004272,nv
ISIC_0032957.jpg,0,HAM_0004272,nv
ISIC_0033334.jpg,0,HAM_0004272,nv
ISIC_0034273.jpg,0,HAM_0002016,nv
ISIC_0032805.jpg,0,HAM_0002016,nv
ISIC_0032753.jpg,0,HAM_0002016,nv
ISIC_0033706.jpg,0,HAM_0003993,nv
ISIC_0033097.jpg,0,HAM_0003993,nv
ISIC_0034014.jpg,0,HAM_0003993,nv
ISIC_0034320.jpg,0,HAM_0002244,nv
ISIC_0032549.jpg,0,HAM_0002244,nv
ISIC_0033633.jpg,0,HAM_0005265,nv
ISIC_0034199.jpg,0,HAM_0005265,nv
ISIC_0032998.jpg,0,HAM_0005265,nv
ISIC_0032902.jpg,0,HAM_0005248,nv
ISIC_0032948.jpg,0,HAM_0005248,nv
ISIC_0034264.jpg,0,HAM_0005248,nv
ISIC_0033657.jpg,0,HAM_0006491,nv
ISIC_0034038.jpg,0,HAM_0006491,nv
ISIC_0033070.jpg,0,HAM_0006491,nv
ISIC_0033837.jpg,0,HAM_0000402,nv
ISIC_0032612.jpg,0,HAM_0000402,nv
ISIC_0034039.jpg,0,HAM_0000402,nv
ISIC_0032785.jpg,0,HAM_0004963,nv
ISIC_0032563.jpg,0,HAM_0004963,nv
ISIC_0033071.jpg,0,HAM_0004963,nv
ISIC_0034086.jpg,0,HAM_0003460,nv
ISIC_0032577.jpg,0,HAM_0003460,nv
ISIC_0033753.jpg,0,HAM_0004167,nv
ISIC_0033242.jpg,0,HAM_0006883,nv
ISIC_0032619.jpg,0,HAM_0006883,nv
ISIC_0032742.jpg,0,HAM_0000579,nv
ISIC_0032961.jpg,0,HAM_0000579,nv
ISIC_0034112.jpg,0,HAM_0000579,nv
ISIC_0033296.jpg,0,HAM_0005539,nv
ISIC_0033838.jpg,0,HAM_0005539,nv
ISIC_0033409.jpg,0,HAM_0005539,nv
ISIC_0033990.jpg,0,HAM_0006379,nv
ISIC_0032937.jpg,0,HAM_0006379,nv
ISIC_0032585.jpg,0,HAM_0002721,nv
ISIC_0032899.jpg,0,HAM_0002721,nv
ISIC_0034157.jpg,0,HAM_0002721,nv
ISIC_0033231.jpg,0,HAM_0005364,nv
ISIC_0033035.jpg,0,HAM_0005364,nv
ISIC_0032525.jpg,0,HAM_0005364,nv
ISIC_0033233.jpg,0,HAM_0003137,nv
ISIC_0032770.jpg,0,HAM_0003137,nv
ISIC_0034184.jpg,0,HAM_0003137,nv
ISIC_0033385.jpg,0,HAM_0001321,nv
ISIC_0033471.jpg,0,HAM_0001321,nv
ISIC_0032831.jpg,0,HAM_0001321,nv
ISIC_0032780.jpg,0,HAM_0006615,nv
ISIC_0033849.jpg,0,HAM_0006615,nv
ISIC_0032861.jpg,0,HAM_0006615,nv
ISIC_0033984.jpg,0,HAM_0002878,nv
ISIC_0032640.jpg,0,HAM_0002878,nv
ISIC_0032568.jpg,0,HAM_0007005,nv
ISIC_0033126.jpg,0,HAM_0007005,nv
ISIC_0034099.jpg,0,HAM_0007005,nv
ISIC_0032599.jpg,0,HAM_0003352,nv
ISIC_0033472.jpg,0,HAM_0003352,nv
ISIC_0032667.jpg,0,HAM_0003352,nv
ISIC_0033648.jpg,0,HAM_0005571,nv
ISIC_0032825.jpg,0,HAM_0005571,nv
ISIC_0032803.jpg,0,HAM_0005571,nv
ISIC_0033798.jpg,0,HAM_0006539,nv
ISIC_0033014.jpg,0,HAM_0006539,nv
ISIC_0032516.jpg,0,HAM_0006539,nv
ISIC_0032520.jpg,0,HAM_0004548,nv
ISIC_0032832.jpg,0,HAM_0004548,nv
ISIC_0033917.jpg,0,HAM_0004548,nv
ISIC_0032815.jpg,0,HAM_0004615,nv
ISIC_0033094.jpg,0,HAM_0004615,nv
ISIC_0033162.jpg,0,HAM_0004615,nv
ISIC_0033475.jpg,0,HAM_0006857,nv
ISIC_0033210.jpg,0,HAM_0006857,nv
ISIC_0033219.jpg,0,HAM_0006857,nv
ISIC_0032885.jpg,0,HAM_0003713,nv
ISIC_0033291.jpg,0,HAM_0003713,nv
ISIC_0034102.jpg,0,HAM_0003713,nv
ISIC_0033988.jpg,0,HAM_0005961,nv
ISIC_0032859.jpg,0,HAM_0005961,nv
ISIC_0032795.jpg,0,HAM_0005961,nv
ISIC_0034105.jpg,0,HAM_0004550,nv
ISIC_0033138.jpg,0,HAM_0004550,nv
ISIC_0032728.jpg,0,HAM_0004550,nv
ISIC_0034319.jpg,0,HAM_0000747,nv
ISIC_0033748.jpg,0,HAM_0000747,nv
ISIC_0034044.jpg,0,HAM_0000747,nv
ISIC_0032864.jpg,0,HAM_0001218,nv
ISIC_0033763.jpg,0,HAM_0001218,nv
ISIC_0033650.jpg,0,HAM_0001218,nv
ISIC_0033992.jpg,0,HAM_0006980,nv
ISIC_0033715.jpg,0,HAM_0006980,nv
ISIC_0033920.jpg,0,HAM_0006980,nv
ISIC_0033825.jpg,0,HAM_0007552,nv
ISIC_0033857.jpg,0,HAM_0007552,nv
ISIC_0032731.jpg,0,HAM_0007552,nv
ISIC_0033069.jpg,0,HAM_0004503,nv
ISIC_0032735.jpg,0,HAM_0004503,nv
ISIC_0033840.jpg,0,HAM_0004503,nv
ISIC_0033632.jpg,0,HAM_0003418,nv
ISIC_0034025.jpg,0,HAM_0003418,nv
ISIC_0033182.jpg,0,HAM_0003418,nv
ISIC_0034257.jpg,0,HAM_0005905,nv
ISIC_0032999.jpg,0,HAM_0007259,nv
ISIC_0032669.jpg,0,HAM_0007259,nv
ISIC_0033236.jpg,0,HAM_0007259,nv
ISIC_0032802.jpg,0,HAM_0003947,nv
ISIC_0032551.jpg,0,HAM_0003947,nv
ISIC_0033544.jpg,0,HAM_0003947,nv
ISIC_0032749.jpg,0,HAM_0004145,nv
ISIC_0034091.jpg,0,HAM_0004145,nv
ISIC_0033738.jpg,0,HAM_0004145,nv
ISIC_0033510.jpg,0,HAM_0000547,nv
ISIC_0033222.jpg,0,HAM_0000547,nv
ISIC_0032546.jpg,0,HAM_0000547,nv
ISIC_0032521.jpg,0,HAM_0005206,nv
ISIC_0032674.jpg,0,HAM_0005206,nv
ISIC_0033958.jpg,0,HAM_0005206,nv
ISIC_0032989.jpg,0,HAM_0005135,nv
ISIC_0033618.jpg,0,HAM_0005135,nv
ISIC_0033016.jpg,0,HAM_0005135,nv
ISIC_0033906.jpg,0,HAM_0005433,nv
ISIC_0033298.jpg,0,HAM_0005433,nv
ISIC_0034210.jpg,0,HAM_0005433,nv
ISIC_0026810.jpg,0,HAM_0007306,nv
ISIC_0033351.jpg,0,HAM_0001870,nv
ISIC_0033131.jpg,0,HAM_0001870,nv
ISIC_0033090.jpg,0,HAM_0001870,nv
ISIC_0033832.jpg,0,HAM_0005383,nv
ISIC_0032893.jpg,0,HAM_0005383,nv
ISIC_0032683.jpg,0,HAM_0005383,nv
ISIC_0034111.jpg,0,HAM_0002641,nv
ISIC_0032676.jpg,0,HAM_0002641,nv
ISIC_0034077.jpg,0,HAM_0002641,nv
ISIC_0033641.jpg,0,HAM_0003259,nv
ISIC_0033527.jpg,0,HAM_0003259,nv
ISIC_0032895.jpg,0,HAM_0003259,nv
ISIC_0033091.jpg,0,HAM_0003824,nv
ISIC_0034138.jpg,0,HAM_0003824,nv
ISIC_0032971.jpg,0,HAM_0003824,nv
ISIC_0032781.jpg,0,HAM_0001040,nv
ISIC_0033237.jpg,0,HAM_0001040,nv
ISIC_0032747.jpg,0,HAM_0001040,nv
ISIC_0034286.jpg,0,HAM_0004176,nv
ISIC_0033373.jpg,0,HAM_0004176,nv
ISIC_0033170.jpg,0,HAM_0001358,nv
ISIC_0032680.jpg,0,HAM_0001358,nv
ISIC_0033674.jpg,0,HAM_0001358,nv
ISIC_0032542.jpg,0,HAM_0003852,nv
ISIC_0034224.jpg,0,HAM_0003852,nv
ISIC_0033411.jpg,0,HAM_0005573,nv
ISIC_0034096.jpg,0,HAM_0005573,nv
ISIC_0033382.jpg,0,HAM_0005573,nv
ISIC_0034288.jpg,0,HAM_0003606,nv
ISIC_0033420.jpg,0,HAM_0003606,nv
ISIC_0032661.jpg,0,HAM_0003606,nv
ISIC_0032587.jpg,0,HAM_0003288,nv
ISIC_0033824.jpg,0,HAM_0003288,nv
ISIC_0033830.jpg,0,HAM_0003288,nv
ISIC_0032838.jpg,0,HAM_0001264,nv
ISIC_0034230.jpg,0,HAM_0001264,nv
ISIC_0033057.jpg,0,HAM_0001264,nv
ISIC_0034300.jpg,0,HAM_0003512,nv
ISIC_0033155.jpg,0,HAM_0003512,nv
ISIC_0032609.jpg,0,HAM_0003512,nv
ISIC_0033729.jpg,0,HAM_0000439,nv
ISIC_0034307.jpg,0,HAM_0000439,nv
ISIC_0034137.jpg,0,HAM_0000439,nv
ISIC_0032761.jpg,0,HAM_0001740,nv
ISIC_0033160.jpg,0,HAM_0001740,nv
ISIC_0033930.jpg,0,HAM_0001740,nv
ISIC_0033096.jpg,0,HAM_0006158,nv
ISIC_0033972.jpg,0,HAM_0006158,nv
ISIC_0033367.jpg,0,HAM_0006158,nv
ISIC_0033904.jpg,0,HAM_0005820,nv
ISIC_0033342.jpg,0,HAM_0005820,nv
ISIC_0033265.jpg,0,HAM_0005820,nv
ISIC_0032704.jpg,0,HAM_0002890,nv
ISIC_0033289.jpg,0,HAM_0002890,nv
ISIC_0032822.jpg,0,HAM_0001246,nv
ISIC_0033283.jpg,0,HAM_0001246,nv
ISIC_0033359.jpg,0,HAM_0001246,nv
ISIC_0032905.jpg,0,HAM_0003614,nv
ISIC_0034001.jpg,0,HAM_0003614,nv
ISIC_0032560.jpg,0,HAM_0003614,nv
ISIC_0033427.jpg,0,HAM_0001641,nv
ISIC_0033948.jpg,0,HAM_0001641,nv
ISIC_0033680.jpg,0,HAM_0001641,nv
ISIC_0033085.jpg,0,HAM_0003181,nv
ISIC_0033976.jpg,0,HAM_0003181,nv
ISIC_0034030.jpg,0,HAM_0003181,nv
ISIC_0034179.jpg,0,HAM_0001133,nv
ISIC_0034206.jpg,0,HAM_0001133,nv
ISIC_0032980.jpg,0,HAM_0001133,nv
ISIC_0034314.jpg,0,HAM_0006042,nv
ISIC_0034174.jpg,0,HAM_0006042,nv
ISIC_0028684.jpg,0,HAM_0006120,nv
ISIC_0033983.jpg,0,HAM_0006042,nv
ISIC_0025372.jpg,0,HAM_0006120,nv
ISIC_0033018.jpg,0,HAM_0007415,nv
ISIC_0032541.jpg,0,HAM_0007415,nv
ISIC_0032515.jpg,0,HAM_0007415,nv
ISIC_0025009.jpg,0,HAM_0007278,nv
ISIC_0033492.jpg,0,HAM_0002253,nv
ISIC_0032548.jpg,0,HAM_0002253,nv
ISIC_0033106.jpg,0,HAM_0002253,nv
ISIC_0033506.jpg,0,HAM_0003542,nv
ISIC_0033600.jpg,0,HAM_0003542,nv
ISIC_0033714.jpg,0,HAM_0003542,nv
ISIC_0034190.jpg,0,HAM_0003325,nv
ISIC_0033605.jpg,0,HAM_0003884,nv
ISIC_0033961.jpg,0,HAM_0003884,nv
ISIC_0033702.jpg,0,HAM_0003884,nv
ISIC_0033318.jpg,0,HAM_0001808,nv
ISIC_0032615.jpg,0,HAM_0001808,nv
ISIC_0033862.jpg,0,HAM_0001808,nv
ISIC_0032942.jpg,0,HAM_0007483,nv
ISIC_0025587.jpg,0,HAM_0007510,nv
ISIC_0032628.jpg,0,HAM_0007483,nv
ISIC_0033110.jpg,0,HAM_0005814,nv
ISIC_0032701.jpg,0,HAM_0005814,nv
ISIC_0034153.jpg,0,HAM_0000067,nv
ISIC_0034017.jpg,0,HAM_0000067,nv
ISIC_0034215.jpg,0,HAM_0004088,nv
ISIC_0033743.jpg,0,HAM_0001026,nv
ISIC_0033833.jpg,0,HAM_0000165,nv
ISIC_0032512.jpg,0,HAM_0003735,nv
ISIC_0034149.jpg,0,HAM_0003735,nv
ISIC_0033800.jpg,0,HAM_0003735,nv
ISIC_0033163.jpg,0,HAM_0004221,nv
ISIC_0033887.jpg,0,HAM_0004221,nv
ISIC_0033145.jpg,0,HAM_0001912,nv
ISIC_0033799.jpg,0,HAM_0001912,nv
ISIC_0032646.jpg,0,HAM_0001076,nv
ISIC_0033627.jpg,0,HAM_0001076,nv
ISIC_0033803.jpg,0,HAM_0005331,nv
ISIC_0032860.jpg,0,HAM_0005331,nv
ISIC_0034292.jpg,0,HAM_0007475,nv
ISIC_0034207.jpg,0,HAM_0007475,nv
ISIC_0033408.jpg,0,HAM_0007475,nv
ISIC_0033621.jpg,0,HAM_0001889,nv
ISIC_0034116.jpg,0,HAM_0001889,nv
ISIC_0034073.jpg,0,HAM_0001889,nv
ISIC_0032702.jpg,0,HAM_0004814,nv
ISIC_0033667.jpg,0,HAM_0004814,nv
ISIC_0033107.jpg,0,HAM_0004814,nv
ISIC_0032882.jpg,0,HAM_0003193,nv
ISIC_0034078.jpg,0,HAM_0003193,nv
ISIC_0032818.jpg,0,HAM_0003193,nv
ISIC_0034060.jpg,0,HAM_0001511,nv
ISIC_0033002.jpg,0,HAM_0001511,nv
ISIC_0033683.jpg,0,HAM_0001511,nv
ISIC_0032524.jpg,0,HAM_0004411,nv
ISIC_0033376.jpg,0,HAM_0004411,nv
ISIC_0033796.jpg,0,HAM_0004411,nv
ISIC_0033121.jpg,0,HAM_0001824,nv
ISIC_0034158.jpg,0,HAM_0001824,nv
ISIC_0033213.jpg,0,HAM_0001824,nv
ISIC_0033897.jpg,0,HAM_0000855,nv
ISIC_0033694.jpg,0,HAM_0000855,nv
ISIC_0034013.jpg,0,HAM_0000855,nv
ISIC_0032705.jpg,0,HAM_0007367,nv
ISIC_0034198.jpg,0,HAM_0007367,nv
ISIC_0033658.jpg,0,HAM_0007367,nv
ISIC_0033046.jpg,0,HAM_0007367,nv
ISIC_0032689.jpg,0,HAM_0007367,nv
ISIC_0034088.jpg,0,HAM_0006666,nv
ISIC_0034268.jpg,0,HAM_0006666,nv
ISIC_0032908.jpg,0,HAM_0006666,nv
ISIC_0034203.jpg,0,HAM_0005190,nv
ISIC_0033311.jpg,0,HAM_0005190,nv
ISIC_0032700.jpg,0,HAM_0005190,nv
ISIC_0032608.jpg,0,HAM_0005566,nv
ISIC_0032746.jpg,0,HAM_0005566,nv
ISIC_0033266.jpg,0,HAM_0005566,nv
ISIC_0033188.jpg,0,HAM_0001935,nv
ISIC_0033067.jpg,0,HAM_0001935,nv
ISIC_0032787.jpg,0,HAM_0001935,nv
ISIC_0033936.jpg,0,HAM_0000216,nv
ISIC_0034121.jpg,0,HAM_0000216,nv
ISIC_0034232.jpg,0,HAM_0000216,nv
ISIC_0034282.jpg,0,HAM_0004882,nv
ISIC_0033357.jpg,0,HAM_0004882,nv
ISIC_0034178.jpg,0,HAM_0004882,nv
ISIC_0033517.jpg,0,HAM_0001683,nv
ISIC_0033513.jpg,0,HAM_0001683,nv
ISIC_0033649.jpg,0,HAM_0001683,nv
ISIC_0033404.jpg,0,HAM_0006623,nv
ISIC_0033478.jpg,0,HAM_0006623,nv
ISIC_0032707.jpg,0,HAM_0007124,nv
ISIC_0034311.jpg,0,HAM_0007124,nv
ISIC_0032786.jpg,0,HAM_0002139,nv
ISIC_0033788.jpg,0,HAM_0002139,nv
ISIC_0033150.jpg,0,HAM_0002367,nv
ISIC_0033698.jpg,0,HAM_0002367,nv
ISIC_0034240.jpg,0,HAM_0002367,nv
ISIC_0033220.jpg,0,HAM_0006372,nv
ISIC_0032817.jpg,0,HAM_0006372,nv
ISIC_0032820.jpg,0,HAM_0006372,nv
ISIC_0032853.jpg,0,HAM_0004773,nv
ISIC_0034148.jpg,0,HAM_0004773,nv
ISIC_0034241.jpg,0,HAM_0004773,nv
ISIC_0033665.jpg,0,HAM_0002582,nv
ISIC_0032813.jpg,0,HAM_0002582,nv
ISIC_0033558.jpg,0,HAM_0005740,nv
ISIC_0033590.jpg,0,HAM_0005740,nv
ISIC_0033303.jpg,0,HAM_0005740,nv
ISIC_0032584.jpg,0,HAM_0003966,nv
ISIC_0033731.jpg,0,HAM_0003966,nv
ISIC_0032644.jpg,0,HAM_0003966,nv
ISIC_0033637.jpg,0,HAM_0006873,nv
ISIC_0033566.jpg,0,HAM_0006873,nv
ISIC_0033263.jpg,0,HAM_0005759,nv
ISIC_0033815.jpg,0,HAM_0005759,nv
ISIC_0034194.jpg,0,HAM_0005759,nv
ISIC_0032969.jpg,0,HAM_0000676,nv
ISIC_0033894.jpg,0,HAM_0000676,nv
ISIC_0033933.jpg,0,HAM_0007265,nv
ISIC_0033447.jpg,0,HAM_0007265,nv
ISIC_0033639.jpg,0,HAM_0007265,nv
ISIC_0033282.jpg,0,HAM_0004716,nv
ISIC_0032729.jpg,0,HAM_0004716,nv
ISIC_0033076.jpg,0,HAM_0004716,nv
ISIC_0033194.jpg,0,HAM_0003634,nv
ISIC_0034258.jpg,0,HAM_0003634,nv
ISIC_0034023.jpg,0,HAM_0003634,nv
ISIC_0033243.jpg,0,HAM_0003106,nv
ISIC_0032648.jpg,0,HAM_0003106,nv
ISIC_0032620.jpg,0,HAM_0003106,nv
ISIC_0030420.jpg,0,HAM_0003106,nv
ISIC_0033671.jpg,0,HAM_0007562,nv
ISIC_0033711.jpg,0,HAM_0007562,nv
ISIC_0034084.jpg,0,HAM_0001777,nv
ISIC_0033273.jpg,0,HAM_0001777,nv
ISIC_0034176.jpg,0,HAM_0001777,nv
ISIC_0033104.jpg,0,HAM_0006496,nv
ISIC_0032579.jpg,0,HAM_0006496,nv
ISIC_0033189.jpg,0,HAM_0006496,nv
ISIC_0032693.jpg,0,HAM_0006700,nv
ISIC_0032734.jpg,0,HAM_0006700,nv
ISIC_0032659.jpg,0,HAM_0006700,nv
ISIC_0032478.jpg,0,HAM_0003254,nv
ISIC_0032765.jpg,0,HAM_0003254,nv
ISIC_0033128.jpg,0,HAM_0007348,nv
ISIC_0033115.jpg,0,HAM_0007348,nv
ISIC_0032625.jpg,0,HAM_0007348,nv
ISIC_0033867.jpg,0,HAM_0004872,nv
ISIC_0033202.jpg,0,HAM_0004872,nv
ISIC_0032794.jpg,0,HAM_0003133,nv
ISIC_0032801.jpg,0,HAM_0003133,nv
ISIC_0032974.jpg,0,HAM_0002135,nv
ISIC_0033746.jpg,0,HAM_0002135,nv
ISIC_0033384.jpg,0,HAM_0003002,nv
ISIC_0032830.jpg,0,HAM_0003002,nv
ISIC_0028863.jpg,0,HAM_0005651,nv
ISIC_0030126.jpg,0,HAM_0005651,nv
ISIC_0032530.jpg,0,HAM_0003676,nv
ISIC_0033249.jpg,0,HAM_0003676,nv
ISIC_0032650.jpg,0,HAM_0002908,nv
ISIC_0034182.jpg,0,HAM_0002908,nv
ISIC_0034213.jpg,0,HAM_0005194,nv
ISIC_0032561.jpg,0,HAM_0005194,nv
ISIC_0033839.jpg,0,HAM_0005194,nv
ISIC_0032858.jpg,0,HAM_0007148,nv
ISIC_0033965.jpg,0,HAM_0007148,nv
ISIC_0026279.jpg,0,HAM_0003243,nv
ISIC_0031814.jpg,0,HAM_0003243,nv
ISIC_0032601.jpg,0,HAM_0001645,nv
ISIC_0032878.jpg,0,HAM_0001645,nv
ISIC_0033093.jpg,0,HAM_0006799,nv
ISIC_0033501.jpg,0,HAM_0006799,nv
ISIC_0032677.jpg,0,HAM_0006799,nv
ISIC_0032769.jpg,0,HAM_0004444,nv
ISIC_0033922.jpg,0,HAM_0004444,nv
ISIC_0033108.jpg,0,HAM_0004444,nv
ISIC_0033940.jpg,0,HAM_0002208,nv
ISIC_0033818.jpg,0,HAM_0002208,nv
ISIC_0034029.jpg,0,HAM_0002208,nv
ISIC_0032649.jpg,0,HAM_0006567,nv
ISIC_0034109.jpg,0,HAM_0006567,nv
ISIC_0033439.jpg,0,HAM_0006567,nv
ISIC_0033214.jpg,0,HAM_0005513,nv
ISIC_0033255.jpg,0,HAM_0005513,nv
ISIC_0033229.jpg,0,HAM_0005513,nv
ISIC_0026429.jpg,0,HAM_0006118,nv
ISIC_0025769.jpg,0,HAM_0001943,nv
ISIC_0032909.jpg,0,HAM_0001943,nv
ISIC_0033134.jpg,0,HAM_0001943,nv
ISIC_0034301.jpg,0,HAM_0001943,nv
ISIC_0033914.jpg,0,HAM_0003801,nv
ISIC_0033978.jpg,0,HAM_0003801,nv
ISIC_0033718.jpg,0,HAM_0003801,nv
ISIC_0034237.jpg,0,HAM_0002170,nv
ISIC_0034032.jpg,0,HAM_0002170,nv
ISIC_0033075.jpg,0,HAM_0002170,nv
ISIC_0033406.jpg,0,HAM_0006550,nv
ISIC_0033493.jpg,0,HAM_0006550,nv
ISIC_0033007.jpg,0,HAM_0006550,nv
ISIC_0034010.jpg,0,HAM_0001720,nv
ISIC_0032819.jpg,0,HAM_0001720,nv
ISIC_0033451.jpg,0,HAM_0003424,nv
ISIC_0033552.jpg,0,HAM_0003424,nv
ISIC_0034310.jpg,0,HAM_0003424,nv
ISIC_0032995.jpg,0,HAM_0003346,nv
ISIC_0032754.jpg,0,HAM_0003346,nv
ISIC_0032714.jpg,0,HAM_0003346,nv
ISIC_0033083.jpg,0,HAM_0003803,nv
ISIC_0033133.jpg,0,HAM_0003803,nv
ISIC_0033352.jpg,0,HAM_0003803,nv
ISIC_0032574.jpg,0,HAM_0000970,nv
ISIC_0033398.jpg,0,HAM_0000970,nv
ISIC_0033244.jpg,0,HAM_0000970,nv
ISIC_0032582.jpg,0,HAM_0004038,nv
ISIC_0033052.jpg,0,HAM_0004038,nv
ISIC_0032990.jpg,0,HAM_0004038,nv
ISIC_0033181.jpg,0,HAM_0003097,nv
ISIC_0033661.jpg,0,HAM_0003097,nv
ISIC_0034004.jpg,0,HAM_0003097,nv
ISIC_0033645.jpg,0,HAM_0006191,nv
ISIC_0028829.jpg,0,HAM_0006191,nv
ISIC_0033530.jpg,0,HAM_0006191,nv
ISIC_0032994.jpg,0,HAM_0000772,nv
ISIC_0033604.jpg,0,HAM_0000772,nv
ISIC_0033634.jpg,0,HAM_0001905,nv
ISIC_0034226.jpg,0,HAM_0001905,nv
ISIC_0033116.jpg,0,HAM_0001905,nv
ISIC_0033136.jpg,0,HAM_0007494,nv
ISIC_0033215.jpg,0,HAM_0007494,nv
ISIC_0033412.jpg,0,HAM_0005185,nv
ISIC_0033514.jpg,0,HAM_0005185,nv
ISIC_0033876.jpg,0,HAM_0005185,nv
ISIC_0032737.jpg,0,HAM_0006014,nv
ISIC_0033339.jpg,0,HAM_0000316,nv
ISIC_0031482.jpg,0,HAM_0005083,nv
ISIC_0032944.jpg,0,HAM_0005083,nv
ISIC_0033516.jpg,0,HAM_0005083,nv
ISIC_0032639.jpg,0,HAM_0003018,nv
ISIC_0033525.jpg,0,HAM_0003018,nv
ISIC_0033519.jpg,0,HAM_0001908,nv
ISIC_0032851.jpg,0,HAM_0001908,nv
ISIC_0033080.jpg,0,HAM_0001667,nv
ISIC_0034129.jpg,0,HAM_0001667,nv
ISIC_0033010.jpg,0,HAM_0004099,nv
ISIC_0034293.jpg,0,HAM_0004099,nv
ISIC_0033350.jpg,0,HAM_0004099,nv
ISIC_0033943.jpg,0,HAM_0001839,nv
ISIC_0033434.jpg,0,HAM_0001839,nv
ISIC_0033688.jpg,0,HAM_0004424,nv
ISIC_0033557.jpg,0,HAM_0004424,nv
ISIC_0033013.jpg,0,HAM_0006078,nv
ISIC_0032809.jpg,0,HAM_0006078,nv
ISIC_0032621.jpg,0,HAM_0005760,nv
ISIC_0033328.jpg,0,HAM_0005760,nv
ISIC_0033768.jpg,0,HAM_0000639,nv
ISIC_0025257.jpg,0,HAM_0000639,nv
ISIC_0033006.jpg,0,HAM_0003744,nv
ISIC_0032518.jpg,0,HAM_0003744,nv
ISIC_0033548.jpg,0,HAM_0003744,nv
ISIC_0033433.jpg,0,HAM_0007169,nv
ISIC_0032934.jpg,0,HAM_0007169,nv
ISIC_0033742.jpg,0,HAM_0006628,nv
ISIC_0034127.jpg,0,HAM_0006628,nv
ISIC_0033111.jpg,0,HAM_0006628,nv
ISIC_0033142.jpg,0,HAM_0003447,nv
ISIC_0032703.jpg,0,HAM_0003447,nv
ISIC_0033168.jpg,0,HAM_0003447,nv
ISIC_0033077.jpg,0,HAM_0007433,nv
ISIC_0033951.jpg,0,HAM_0007433,nv
ISIC_0033149.jpg,0,HAM_0007433,nv
ISIC_0033343.jpg,0,HAM_0003003,nv
ISIC_0033502.jpg,0,HAM_0003003,nv
ISIC_0034285.jpg,0,HAM_0001673,nv
ISIC_0033966.jpg,0,HAM_0001673,nv
ISIC_0034244.jpg,0,HAM_0006121,nv
ISIC_0032855.jpg,0,HAM_0006121,nv
ISIC_0032792.jpg,0,HAM_0006121,nv
ISIC_0034187.jpg,0,HAM_0002476,nv
ISIC_0027837.jpg,0,HAM_0002476,nv
ISIC_0033179.jpg,0,HAM_0002898,nv
ISIC_0034251.jpg,0,HAM_0002898,nv
ISIC_0033721.jpg,0,HAM_0002898,nv
ISIC_0034295.jpg,0,HAM_0001509,nv
ISIC_0033929.jpg,0,HAM_0001509,nv
ISIC_0033044.jpg,0,HAM_0001509,nv
ISIC_0033787.jpg,0,HAM_0006418,nv
ISIC_0033599.jpg,0,HAM_0006418,nv
ISIC_0033764.jpg,0,HAM_0007299,nv
ISIC_0033934.jpg,0,HAM_0007299,nv
ISIC_0032565.jpg,0,HAM_0007299,nv
ISIC_0033512.jpg,0,HAM_0003623,nv
ISIC_0032788.jpg,0,HAM_0003623,nv
ISIC_0033221.jpg,0,HAM_0005887,nv
ISIC_0033340.jpg,0,HAM_0005887,nv
ISIC_0032920.jpg,0,HAM_0005198,nv
ISIC_0033673.jpg,0,HAM_0005198,nv
ISIC_0033737.jpg,0,HAM_0004303,nv
ISIC_0033932.jpg,0,HAM_0004303,nv
ISIC_0033062.jpg,0,HAM_0002759,nv
ISIC_0034261.jpg,0,HAM_0002759,nv
ISIC_0032758.jpg,0,HAM_0006329,nv
ISIC_0033939.jpg,0,HAM_0006329,nv
ISIC_0032772.jpg,0,HAM_0005496,nv
ISIC_0034041.jpg,0,HAM_0005496,nv
ISIC_0033598.jpg,0,HAM_0005496,nv
ISIC_0034021.jpg,0,HAM_0005496,nv
ISIC_0034220.jpg,0,HAM_0002502,nv
ISIC_0032973.jpg,0,HAM_0002502,nv
ISIC_0033425.jpg,0,HAM_0002502,nv
ISIC_0033443.jpg,0,HAM_0004118,nv
ISIC_0032593.jpg,0,HAM_0004118,nv
ISIC_0033935.jpg,0,HAM_0004118,nv
ISIC_0033288.jpg,0,HAM_0000578,nv
ISIC_0033087.jpg,0,HAM_0000578,nv
ISIC_0033669.jpg,0,HAM_0006182,nv
ISIC_0033789.jpg,0,HAM_0006182,nv
ISIC_0033419.jpg,0,HAM_0006182,nv
ISIC_0032338.jpg,0,HAM_0004024,nv
ISIC_0034067.jpg,0,HAM_0004024,nv
ISIC_0031290.jpg,0,HAM_0001872,nv
ISIC_0033224.jpg,0,HAM_0001883,nv
ISIC_0033360.jpg,0,HAM_0001883,nv
ISIC_0033294.jpg,0,HAM_0002431,nv
ISIC_0033030.jpg,0,HAM_0002431,nv
ISIC_0032657.jpg,0,HAM_0002431,nv
ISIC_0032605.jpg,0,HAM_0006334,nv
ISIC_0032779.jpg,0,HAM_0006334,nv
ISIC_0033950.jpg,0,HAM_0006334,nv
ISIC_0032886.jpg,0,HAM_0006782,nv
ISIC_0032581.jpg,0,HAM_0006782,nv
ISIC_0032865.jpg,0,HAM_0007519,nv
ISIC_0033726.jpg,0,HAM_0007519,nv
ISIC_0033167.jpg,0,HAM_0006813,nv
ISIC_0033937.jpg,0,HAM_0006813,nv
ISIC_0033703.jpg,0,HAM_0005594,nv
ISIC_0034245.jpg,0,HAM_0005594,nv
ISIC_0032708.jpg,0,HAM_0003130,nv
ISIC_0033574.jpg,0,HAM_0003130,nv
ISIC_0032846.jpg,0,HAM_0006675,nv
ISIC_0033816.jpg,0,HAM_0006675,nv
ISIC_0033672.jpg,0,HAM_0006675,nv
ISIC_0033435.jpg,0,HAM_0006637,nv
ISIC_0034016.jpg,0,HAM_0006637,nv
ISIC_0033960.jpg,0,HAM_0003535,nv
ISIC_0033259.jpg,0,HAM_0003535,nv
ISIC_0033403.jpg,0,HAM_0003535,nv
ISIC_0033954.jpg,0,HAM_0002015,nv
ISIC_0033771.jpg,0,HAM_0002015,nv
ISIC_0034035.jpg,0,HAM_0002015,nv
ISIC_0033880.jpg,0,HAM_0004149,nv
ISIC_0033994.jpg,0,HAM_0004149,nv
ISIC_0032755.jpg,0,HAM_0004149,nv
ISIC_0033724.jpg,0,HAM_0005052,nv
ISIC_0033786.jpg,0,HAM_0005052,nv
ISIC_0034278.jpg,0,HAM_0004375,nv
ISIC_0033102.jpg,0,HAM_0004375,nv
ISIC_0032494.jpg,0,HAM_0004226,nv
ISIC_0032760.jpg,0,HAM_0004226,nv
ISIC_0034128.jpg,0,HAM_0004226,nv
ISIC_0034271.jpg,0,HAM_0000443,nv
ISIC_0033564.jpg,0,HAM_0003969,nv
ISIC_0032627.jpg,0,HAM_0003969,nv
ISIC_0033845.jpg,0,HAM_0001739,nv
ISIC_0032884.jpg,0,HAM_0001739,nv
ISIC_0033532.jpg,0,HAM_0005209,nv
ISIC_0032713.jpg,0,HAM_0005209,nv
ISIC_0033541.jpg,0,HAM_0005601,nv
ISIC_0032670.jpg,0,HAM_0005601,nv
ISIC_0033441.jpg,0,HAM_0005601,nv
ISIC_0034009.jpg,0,HAM_0002915,nv
ISIC_0034305.jpg,0,HAM_0002915,nv
ISIC_0034097.jpg,0,HAM_0002915,nv
ISIC_0033707.jpg,0,HAM_0002874,nv
ISIC_0033912.jpg,0,HAM_0002874,nv
ISIC_0032380.jpg,0,HAM_0003248,nv
ISIC_0025447.jpg,0,HAM_0003248,nv
ISIC_0028591.jpg,0,HAM_0000468,nv
ISIC_0024524.jpg,0,HAM_0000468,nv
ISIC_0032663.jpg,0,HAM_0000468,nv
ISIC_0032962.jpg,0,HAM_0007216,nv
ISIC_0034272.jpg,0,HAM_0002329,nv
ISIC_0032911.jpg,0,HAM_0002329,nv
ISIC_0033792.jpg,0,HAM_0004043,nv
ISIC_0030492.jpg,0,HAM_0004043,nv
ISIC_0033926.jpg,0,HAM_0004043,nv
ISIC_0033021.jpg,0,HAM_0002325,nv
ISIC_0033835.jpg,0,HAM_0002325,nv
ISIC_0034122.jpg,0,HAM_0002448,nv
ISIC_0033281.jpg,0,HAM_0002448,nv
ISIC_0033285.jpg,0,HAM_0002448,nv
ISIC_0033781.jpg,0,HAM_0001211,nv
ISIC_0034247.jpg,0,HAM_0006559,nv
ISIC_0033455.jpg,0,HAM_0006559,nv
ISIC_0034056.jpg,0,HAM_0006559,nv
ISIC_0034069.jpg,0,HAM_0003441,nv
ISIC_0032673.jpg,0,HAM_0003441,nv
ISIC_0033684.jpg,0,HAM_0003441,nv
ISIC_0033148.jpg,0,HAM_0002519,nv
ISIC_0033109.jpg,0,HAM_0002519,nv
ISIC_0032986.jpg,0,HAM_0002519,nv
ISIC_0033909.jpg,0,HAM_0001801,nv
ISIC_0033293.jpg,0,HAM_0001801,nv
ISIC_0033026.jpg,0,HAM_0003057,nv
ISIC_0033774.jpg,0,HAM_0003057,nv
ISIC_0034191.jpg,0,HAM_0001708,nv
ISIC_0033719.jpg,0,HAM_0001708,nv
ISIC_0033442.jpg,0,HAM_0002417,nv
ISIC_0032943.jpg,0,HAM_0002417,nv
ISIC_0033723.jpg,0,HAM_0004367,nv
ISIC_0033396.jpg,0,HAM_0004367,nv
ISIC_0034231.jpg,0,HAM_0005312,nv
ISIC_0034033.jpg,0,HAM_0005312,nv
ISIC_0032752.jpg,0,HAM_0007052,nv
ISIC_0033794.jpg,0,HAM_0007052,nv
ISIC_0033462.jpg,0,HAM_0001175,nv
ISIC_0033191.jpg,0,HAM_0001175,nv
ISIC_0033508.jpg,0,HAM_0004581,nv
ISIC_0033875.jpg,0,HAM_0004582,nv
ISIC_0034200.jpg,0,HAM_0004583,nv
ISIC_0032539.jpg,0,HAM_0004581,nv
ISIC_0032686.jpg,0,HAM_0004581,nv
ISIC_0034249.jpg,0,HAM_0004584,nv
ISIC_0032881.jpg,0,HAM_0004585,nv
ISIC_0033329.jpg,0,HAM_0004586,nv
ISIC_0034181.jpg,0,HAM_0004587,nv
ISIC_0033277.jpg,0,HAM_0004588,nv
ISIC_0033197.jpg,0,HAM_0004589,nv
ISIC_0032824.jpg,0,HAM_0004590,nv
ISIC_0034209.jpg,0,HAM_0001547,nv
ISIC_0034297.jpg,0,HAM_0001547,nv
ISIC_0034171.jpg,0,HAM_0004172,nv
ISIC_0033996.jpg,0,HAM_0004172,nv
ISIC_0033448.jpg,0,HAM_0002257,nv
ISIC_0034304.jpg,0,HAM_0002257,nv
ISIC_0033036.jpg,0,HAM_0004189,nv
ISIC_0033015.jpg,0,HAM_0006396,nv
ISIC_0033928.jpg,0,HAM_0006396,nv
ISIC_0034124.jpg,0,HAM_0004599,nv
ISIC_0033861.jpg,0,HAM_0004599,nv
ISIC_0033955.jpg,0,HAM_0000432,nv
ISIC_0033822.jpg,0,HAM_0000432,nv
ISIC_0032762.jpg,0,HAM_0004000,nv
ISIC_0032594.jpg,0,HAM_0004000,nv
ISIC_0033147.jpg,0,HAM_0004000,nv
ISIC_0033407.jpg,0,HAM_0001994,nv
ISIC_0033734.jpg,0,HAM_0001994,nv
ISIC_0033923.jpg,0,HAM_0001994,nv
ISIC_0033769.jpg,0,HAM_0006284,nv
ISIC_0032904.jpg,0,HAM_0006284,nv
ISIC_0025970.jpg,0,HAM_0003033,nv
ISIC_0030447.jpg,0,HAM_0003523,nv
ISIC_0027397.jpg,0,HAM_0003699,nv
ISIC_0034108.jpg,0,HAM_0005997,nv
ISIC_0033740.jpg,0,HAM_0005997,nv
ISIC_0032519.jpg,0,HAM_0005715,nv
ISIC_0034090.jpg,0,HAM_0005715,nv
ISIC_0032896.jpg,0,HAM_0004063,nv
ISIC_0034166.jpg,0,HAM_0004063,nv
ISIC_0034217.jpg,0,HAM_0003310,nv
ISIC_0032952.jpg,0,HAM_0003310,nv
ISIC_0033851.jpg,0,HAM_0005489,nv
ISIC_0032966.jpg,0,HAM_0004076,nv
ISIC_0033864.jpg,0,HAM_0004076,nv
ISIC_0034008.jpg,0,HAM_0006610,nv
ISIC_0033250.jpg,0,HAM_0006610,nv
ISIC_0033177.jpg,0,HAM_0006295,nv
ISIC_0033086.jpg,0,HAM_0006295,nv
ISIC_0032720.jpg,0,HAM_0006295,nv
ISIC_0032946.jpg,0,HAM_0003649,nv
ISIC_0033153.jpg,0,HAM_0003649,nv
ISIC_0033314.jpg,0,HAM_0001437,nv
ISIC_0033580.jpg,0,HAM_0001437,nv
ISIC_0033993.jpg,0,HAM_0001948,nv
ISIC_0032926.jpg,0,HAM_0001948,nv
ISIC_0033049.jpg,0,HAM_0001948,nv
ISIC_0033463.jpg,0,HAM_0007533,nv
ISIC_0033757.jpg,0,HAM_0007533,nv
ISIC_0032933.jpg,0,HAM_0002595,nv
ISIC_0034063.jpg,0,HAM_0002596,nv
ISIC_0033045.jpg,0,HAM_0002597,nv
ISIC_0033873.jpg,0,HAM_0002598,nv
ISIC_0033143.jpg,0,HAM_0002599,nv
ISIC_0032588.jpg,0,HAM_0002600,nv
ISIC_0032510.jpg,0,HAM_0002601,nv
ISIC_0032798.jpg,0,HAM_0002602,nv
ISIC_0032848.jpg,0,HAM_0002596,nv
ISIC_0033697.jpg,0,HAM_0002603,nv
ISIC_0033656.jpg,0,HAM_0002604,nv
ISIC_0034164.jpg,0,HAM_0002605,nv
ISIC_0033228.jpg,0,HAM_0002606,nv
ISIC_0032744.jpg,0,HAM_0002607,nv
ISIC_0033033.jpg,0,HAM_0001405,nv
ISIC_0033390.jpg,0,HAM_0001405,nv
ISIC_0033836.jpg,0,HAM_0001405,nv
ISIC_0033585.jpg,0,HAM_0005972,nv
ISIC_0033319.jpg,0,HAM_0005972,nv
ISIC_0029393.jpg,0,HAM_0001755,nv
ISIC_0029306.jpg,0,HAM_0000897,nv
ISIC_0024854.jpg,0,HAM_0000226,nv
ISIC_0030537.jpg,0,HAM_0003997,nv
ISIC_0026348.jpg,0,HAM_0001002,nv
ISIC_0028280.jpg,0,HAM_0001002,nv
ISIC_0029654.jpg,0,HAM_0000312,nv
ISIC_0030023.jpg,0,HAM_0001706,nv
ISIC_0028210.jpg,0,HAM_0003857,nv
ISIC_0029531.jpg,0,HAM_0004412,nv
ISIC_0030961.jpg,0,HAM_0004412,nv
ISIC_0030626.jpg,0,HAM_0001031,nv
ISIC_0031163.jpg,0,HAM_0001031,nv
ISIC_0025210.jpg,0,HAM_0006478,nv
ISIC_0026372.jpg,0,HAM_0006478,nv
ISIC_0026761.jpg,0,HAM_0004564,nv
ISIC_0032322.jpg,0,HAM_0004564,nv
ISIC_0031053.jpg,0,HAM_0001052,nv
ISIC_0032496.jpg,0,HAM_0005578,nv
ISIC_0029775.jpg,0,HAM_0002432,nv
ISIC_0024424.jpg,0,HAM_0006333,nv
ISIC_0028290.jpg,0,HAM_0000348,nv
ISIC_0027246.jpg,0,HAM_0002740,nv
ISIC_0030156.jpg,0,HAM_0004954,nv
ISIC_0024695.jpg,0,HAM_0006529,nv
ISIC_0031411.jpg,0,HAM_0004675,nv
ISIC_0031848.jpg,0,HAM_0001136,nv
ISIC_0027755.jpg,0,HAM_0002533,nv
ISIC_0025795.jpg,0,HAM_0000054,nv
ISIC_0026498.jpg,0,HAM_0000054,nv
ISIC_0025972.jpg,0,HAM_0007164,nv
ISIC_0031970.jpg,0,HAM_0005421,nv
ISIC_0028060.jpg,0,HAM_0005421,nv
ISIC_0027582.jpg,0,HAM_0001269,nv
ISIC_0028429.jpg,0,HAM_0000279,nv
ISIC_0032375.jpg,0,HAM_0000279,nv
ISIC_0030362.jpg,0,HAM_0000135,nv
ISIC_0031460.jpg,0,HAM_0000135,nv
ISIC_0025695.jpg,0,HAM_0003667,nv
ISIC_0026427.jpg,0,HAM_0003667,nv
ISIC_0031948.jpg,0,HAM_0001276,nv
ISIC_0025045.jpg,0,HAM_0001745,nv
ISIC_0030543.jpg,0,HAM_0001745,nv
ISIC_0031867.jpg,0,HAM_0001012,nv
ISIC_0025988.jpg,0,HAM_0001242,nv
ISIC_0024608.jpg,0,HAM_0000231,nv
ISIC_0025267.jpg,0,HAM_0000626,nv
ISIC_0029581.jpg,0,HAM_0000626,nv
ISIC_0029814.jpg,0,HAM_0004485,nv
ISIC_0031481.jpg,0,HAM_0004485,nv
ISIC_0025887.jpg,0,HAM_0006390,nv
ISIC_0025993.jpg,0,HAM_0005232,nv
ISIC_0028540.jpg,0,HAM_0002023,nv
ISIC_0029704.jpg,0,HAM_0003745,nv
ISIC_0029809.jpg,0,HAM_0004014,nv
ISIC_0030771.jpg,0,HAM_0001450,nv
ISIC_0026049.jpg,0,HAM_0000773,nv
ISIC_0028734.jpg,0,HAM_0000861,nv
ISIC_0026125.jpg,0,HAM_0000861,nv
ISIC_0029904.jpg,0,HAM_0007079,nv
ISIC_0026370.jpg,0,HAM_0000272,nv
ISIC_0027505.jpg,0,HAM_0005805,nv
ISIC_0030284.jpg,0,HAM_0003192,nv
ISIC_0025620.jpg,0,HAM_0001818,nv
ISIC_0029730.jpg,0,HAM_0002907,nv
ISIC_0025618.jpg,0,HAM_0001612,nv
ISIC_0028425.jpg,0,HAM_0003867,nv
ISIC_0024668.jpg,0,HAM_0005007,nv
ISIC_0028538.jpg,0,HAM_0007276,nv
ISIC_0025726.jpg,0,HAM_0001120,nv
ISIC_0026210.jpg,0,HAM_0000448,nv
ISIC_0025100.jpg,0,HAM_0000448,nv
ISIC_0024319.jpg,0,HAM_0003062,nv
ISIC_0031206.jpg,0,HAM_0007443,nv
ISIC_0030361.jpg,0,HAM_0001470,nv
ISIC_0031796.jpg,0,HAM_0000410,nv
ISIC_0026402.jpg,0,HAM_0001452,nv
ISIC_0031923.jpg,0,HAM_0007195,nv
ISIC_0028487.jpg,0,HAM_0003891,nv
ISIC_0029222.jpg,0,HAM_0003615,nv
ISIC_0028573.jpg,0,HAM_0003675,nv
ISIC_0024458.jpg,0,HAM_0005590,nv
ISIC_0027909.jpg,0,HAM_0000139,nv
ISIC_0030305.jpg,0,HAM_0007577,nv
ISIC_0030232.jpg,0,HAM_0005092,nv
ISIC_0030243.jpg,0,HAM_0000721,nv
ISIC_0024682.jpg,0,HAM_0004864,nv
ISIC_0032058.jpg,0,HAM_0000721,nv
ISIC_0024653.jpg,0,HAM_0003525,nv
ISIC_0026141.jpg,0,HAM_0003525,nv
ISIC_0028625.jpg,0,HAM_0006790,nv
ISIC_0030504.jpg,0,HAM_0005014,nv
ISIC_0030841.jpg,0,HAM_0000231,nv
ISIC_0031654.jpg,0,HAM_0005428,nv
ISIC_0027348.jpg,0,HAM_0000354,nv
ISIC_0027623.jpg,0,HAM_0005907,nv
ISIC_0026328.jpg,0,HAM_0002881,nv
ISIC_0029334.jpg,0,HAM_0002881,nv
ISIC_0030074.jpg,0,HAM_0000140,nv
ISIC_0025226.jpg,0,HAM_0004919,nv
ISIC_0027933.jpg,0,HAM_0000070,nv
ISIC_0028513.jpg,0,HAM_0000070,nv
ISIC_0024361.jpg,0,HAM_0005605,nv
ISIC_0031703.jpg,0,HAM_0005327,nv
ISIC_0026705.jpg,0,HAM_0007275,nv
ISIC_0031645.jpg,0,HAM_0001037,nv
ISIC_0031726.jpg,0,HAM_0001037,nv
ISIC_0027248.jpg,0,HAM_0004830,nv
ISIC_0027567.jpg,0,HAM_0004830,nv
ISIC_0026913.jpg,0,HAM_0001134,nv
ISIC_0026424.jpg,0,HAM_0001919,nv
ISIC_0025734.jpg,0,HAM_0003099,nv
ISIC_0027670.jpg,0,HAM_0003016,nv
ISIC_0027097.jpg,0,HAM_0003016,nv
ISIC_0030455.jpg,0,HAM_0000717,nv
ISIC_0028581.jpg,0,HAM_0003758,nv
ISIC_0029431.jpg,0,HAM_0000167,nv
ISIC_0027285.jpg,0,HAM_0005902,nv
ISIC_0024674.jpg,0,HAM_0007096,nv
ISIC_0026886.jpg,0,HAM_0001041,nv
ISIC_0027942.jpg,0,HAM_0001041,nv
ISIC_0027003.jpg,0,HAM_0007528,nv
ISIC_0030264.jpg,0,HAM_0007221,nv
ISIC_0030717.jpg,0,HAM_0000431,nv
ISIC_0026067.jpg,0,HAM_0000431,nv
ISIC_0028868.jpg,0,HAM_0004450,nv
ISIC_0026419.jpg,0,HAM_0000752,nv
ISIC_0027052.jpg,0,HAM_0000752,nv
ISIC_0031521.jpg,0,HAM_0001637,nv
ISIC_0028894.jpg,0,HAM_0003639,nv
ISIC_0032021.jpg,0,HAM_0000335,nv
ISIC_0030773.jpg,0,HAM_0005840,nv
ISIC_0028692.jpg,0,HAM_0005840,nv
ISIC_0032260.jpg,0,HAM_0005840,nv
ISIC_0029664.jpg,0,HAM_0006754,nv
ISIC_0024936.jpg,0,HAM_0006363,nv
ISIC_0029276.jpg,0,HAM_0004719,nv
ISIC_0025469.jpg,0,HAM_0005319,nv
ISIC_0025133.jpg,0,HAM_0005319,nv
ISIC_0030116.jpg,0,HAM_0000182,nv
ISIC_0026270.jpg,0,HAM_0000182,nv
ISIC_0025096.jpg,0,HAM_0000182,nv
ISIC_0028544.jpg,0,HAM_0003044,nv
ISIC_0029572.jpg,0,HAM_0006020,nv
ISIC_0030933.jpg,0,HAM_0007385,nv
ISIC_0025043.jpg,0,HAM_0007385,nv
ISIC_0025227.jpg,0,HAM_0004717,nv
ISIC_0030268.jpg,0,HAM_0004717,nv
ISIC_0024538.jpg,0,HAM_0000397,nv
ISIC_0029499.jpg,0,HAM_0000397,nv
ISIC_0025208.jpg,0,HAM_0000397,nv
ISIC_0031956.jpg,0,HAM_0001588,nv
ISIC_0032347.jpg,0,HAM_0007585,nv
ISIC_0027398.jpg,0,HAM_0001567,nv
ISIC_0032407.jpg,0,HAM_0001567,nv
ISIC_0026272.jpg,0,HAM_0003127,nv
ISIC_0024658.jpg,0,HAM_0003127,nv
ISIC_0025381.jpg,0,HAM_0002324,nv
ISIC_0029027.jpg,0,HAM_0006364,nv
ISIC_0027258.jpg,0,HAM_0006547,nv
ISIC_0030840.jpg,0,HAM_0002154,nv
ISIC_0032291.jpg,0,HAM_0000032,nv
ISIC_0028957.jpg,0,HAM_0003127,nv
ISIC_0030615.jpg,0,HAM_0001236,nv
ISIC_0027925.jpg,0,HAM_0002031,nv
ISIC_0031917.jpg,0,HAM_0002031,nv
ISIC_0024975.jpg,0,HAM_0003276,nv
ISIC_0025782.jpg,0,HAM_0003276,nv
ISIC_0031308.jpg,0,HAM_0002187,nv
ISIC_0028981.jpg,0,HAM_0002187,nv
ISIC_0031079.jpg,0,HAM_0003387,nv
ISIC_0028524.jpg,0,HAM_0003387,nv
ISIC_0027412.jpg,0,HAM_0000184,nv
ISIC_0029257.jpg,0,HAM_0005085,nv
ISIC_0030225.jpg,0,HAM_0005085,nv
ISIC_0024846.jpg,0,HAM_0001212,nv
ISIC_0029313.jpg,0,HAM_0006041,nv
ISIC_0030508.jpg,0,HAM_0006041,nv
ISIC_0026804.jpg,0,HAM_0000924,nv
ISIC_0031194.jpg,0,HAM_0000924,nv
ISIC_0025665.jpg,0,HAM_0002661,nv
ISIC_0030597.jpg,0,HAM_0002661,nv
ISIC_0026692.jpg,0,HAM_0002661,nv
ISIC_0024503.jpg,0,HAM_0001142,nv
ISIC_0029667.jpg,0,HAM_0001142,nv
ISIC_0029566.jpg,0,HAM_0004787,nv
ISIC_0027574.jpg,0,HAM_0005794,nv
ISIC_0030058.jpg,0,HAM_0005794,nv
ISIC_0027821.jpg,0,HAM_0006126,nv
ISIC_0027715.jpg,0,HAM_0006126,nv
ISIC_0027519.jpg,0,HAM_0004895,nv
ISIC_0024753.jpg,0,HAM_0004895,nv
ISIC_0030990.jpg,0,HAM_0004665,nv
ISIC_0029359.jpg,0,HAM_0001137,nv
ISIC_0029746.jpg,0,HAM_0001137,nv
ISIC_0029188.jpg,0,HAM_0001872,nv
ISIC_0027800.jpg,0,HAM_0001872,nv
ISIC_0029450.jpg,0,HAM_0004239,nv
ISIC_0027887.jpg,0,HAM_0004239,nv
ISIC_0024928.jpg,0,HAM_0004239,nv
ISIC_0026841.jpg,0,HAM_0003833,nv
ISIC_0025945.jpg,0,HAM_0003833,nv
ISIC_0031149.jpg,0,HAM_0003833,nv
ISIC_0027902.jpg,0,HAM_0000342,nv
ISIC_0027226.jpg,0,HAM_0000342,nv
ISIC_0028263.jpg,0,HAM_0000291,nv
ISIC_0028610.jpg,0,HAM_0000291,nv
ISIC_0031360.jpg,0,HAM_0000291,nv
ISIC_0028360.jpg,0,HAM_0002300,nv
ISIC_0029861.jpg,0,HAM_0002300,nv
ISIC_0024366.jpg,0,HAM_0002300,nv
ISIC_0027208.jpg,0,HAM_0001715,nv
ISIC_0032368.jpg,0,HAM_0001715,nv
ISIC_0029504.jpg,0,HAM_0001715,nv
ISIC_0032492.jpg,0,HAM_0004068,nv
ISIC_0027853.jpg,0,HAM_0004068,nv
ISIC_0028545.jpg,0,HAM_0004068,nv
ISIC_0025078.jpg,0,HAM_0001512,nv
ISIC_0025516.jpg,0,HAM_0001512,nv
ISIC_0029835.jpg,0,HAM_0001512,nv
ISIC_0028101.jpg,0,HAM_0001512,nv
ISIC_0024941.jpg,0,HAM_0004133,nv
ISIC_0026028.jpg,0,HAM_0004133,nv
ISIC_0031447.jpg,0,HAM_0000509,nv
ISIC_0024837.jpg,0,HAM_0000509,nv
ISIC_0031667.jpg,0,HAM_0000509,nv
ISIC_0026027.jpg,0,HAM_0000509,nv
ISIC_0031839.jpg,0,HAM_0001027,nv
ISIC_0026455.jpg,0,HAM_0001027,nv
ISIC_0028265.jpg,0,HAM_0001027,nv
ISIC_0028057.jpg,0,HAM_0001830,nv
ISIC_0031502.jpg,0,HAM_0001830,nv
ISIC_0025020.jpg,0,HAM_0001669,nv
ISIC_0026106.jpg,0,HAM_0001669,nv
ISIC_0031905.jpg,0,HAM_0003320,nv
ISIC_0030367.jpg,0,HAM_0003320,nv
ISIC_0032227.jpg,0,HAM_0000963,nv
ISIC_0031657.jpg,0,HAM_0003828,nv
ISIC_0030077.jpg,0,HAM_0003828,nv
ISIC_0029865.jpg,0,HAM_0003828,nv
ISIC_0025545.jpg,0,HAM_0000751,nv
ISIC_0032003.jpg,0,HAM_0000751,nv
ISIC_0025840.jpg,0,HAM_0000618,nv
ISIC_0030466.jpg,0,HAM_0004432,nv
ISIC_0024529.jpg,0,HAM_0004432,nv
ISIC_0025662.jpg,0,HAM_0001525,nv
ISIC_0027510.jpg,0,HAM_0001525,nv
ISIC_0027338.jpg,0,HAM_0000163,nv
ISIC_0025534.jpg,0,HAM_0000163,nv
ISIC_0030135.jpg,0,HAM_0001297,nv
ISIC_0024355.jpg,0,HAM_0001525,nv
ISIC_0030941.jpg,0,HAM_0001297,nv
ISIC_0029938.jpg,0,HAM_0001895,nv
ISIC_0024777.jpg,0,HAM_0001895,nv
ISIC_0029196.jpg,0,HAM_0001895,nv
ISIC_0024394.jpg,0,HAM_0002547,nv
ISIC_0029516.jpg,0,HAM_0002547,nv
ISIC_0030066.jpg,0,HAM_0007089,nv
ISIC_0028944.jpg,0,HAM_0007340,nv
ISIC_0027827.jpg,0,HAM_0006608,nv
ISIC_0025491.jpg,0,HAM_0006608,nv
ISIC_0031631.jpg,0,HAM_0003742,nv
ISIC_0027150.jpg,0,HAM_0003742,nv
ISIC_0030588.jpg,0,HAM_0002979,nv
ISIC_0025511.jpg,0,HAM_0002979,nv
ISIC_0029640.jpg,0,HAM_0005284,nv
ISIC_0029724.jpg,0,HAM_0005284,nv
ISIC_0027707.jpg,0,HAM_0005284,nv
ISIC_0027423.jpg,0,HAM_0001157,nv
ISIC_0030057.jpg,0,HAM_0001157,nv
ISIC_0028737.jpg,0,HAM_0001157,nv
ISIC_0032165.jpg,0,HAM_0003345,nv
ISIC_0024718.jpg,0,HAM_0003345,nv
ISIC_0024834.jpg,0,HAM_0003345,nv
ISIC_0024587.jpg,0,HAM_0002645,nv
ISIC_0029666.jpg,0,HAM_0002645,nv
ISIC_0027698.jpg,0,HAM_0002645,nv
ISIC_0025412.jpg,0,HAM_0005110,nv
ISIC_0025785.jpg,0,HAM_0005110,nv
ISIC_0028494.jpg,0,HAM_0005110,nv
ISIC_0031541.jpg,0,HAM_0004007,nv
ISIC_0027596.jpg,0,HAM_0004007,nv
ISIC_0028960.jpg,0,HAM_0004007,nv
ISIC_0025240.jpg,0,HAM_0002348,nv
ISIC_0026933.jpg,0,HAM_0002348,nv
ISIC_0024349.jpg,0,HAM_0000025,nv
ISIC_0026126.jpg,0,HAM_0000025,nv
ISIC_0028271.jpg,0,HAM_0000025,nv
ISIC_0026305.jpg,0,HAM_0002216,nv
ISIC_0028454.jpg,0,HAM_0002216,nv
ISIC_0030852.jpg,0,HAM_0002628,nv
ISIC_0030652.jpg,0,HAM_0002628,nv
ISIC_0031204.jpg,0,HAM_0002628,nv
ISIC_0030179.jpg,0,HAM_0001507,nv
ISIC_0029215.jpg,0,HAM_0001507,nv
ISIC_0028362.jpg,0,HAM_0001507,nv
ISIC_0030894.jpg,0,HAM_0003284,nv
ISIC_0027658.jpg,0,HAM_0000222,nv
ISIC_0028678.jpg,0,HAM_0000222,nv
ISIC_0030610.jpg,0,HAM_0001130,nv
ISIC_0024694.jpg,0,HAM_0001130,nv
ISIC_0027122.jpg,0,HAM_0000996,nv
ISIC_0031340.jpg,0,HAM_0000996,nv
ISIC_0024793.jpg,0,HAM_0000996,nv
ISIC_0024938.jpg,0,HAM_0001817,nv
ISIC_0030065.jpg,0,HAM_0001817,nv
ISIC_0025231.jpg,0,HAM_0001817,nv
ISIC_0027514.jpg,0,HAM_0000637,nv
ISIC_0029382.jpg,0,HAM_0000275,nv
ISIC_0030093.jpg,0,HAM_0000275,nv
ISIC_0028645.jpg,0,HAM_0000275,nv
ISIC_0031857.jpg,0,HAM_0000391,nv
ISIC_0028621.jpg,0,HAM_0000391,nv
ISIC_0025683.jpg,0,HAM_0000391,nv
ISIC_0031621.jpg,0,HAM_0000597,nv
ISIC_0031822.jpg,0,HAM_0000597,nv
ISIC_0030654.jpg,0,HAM_0000597,nv
ISIC_0025170.jpg,0,HAM_0003113,nv
ISIC_0031811.jpg,0,HAM_0003113,nv
ISIC_0024520.jpg,0,HAM_0003113,nv
ISIC_0031984.jpg,0,HAM_0006430,nv
ISIC_0026487.jpg,0,HAM_0006430,nv
ISIC_0030945.jpg,0,HAM_0004443,nv
ISIC_0024721.jpg,0,HAM_0005466,nv
ISIC_0027020.jpg,0,HAM_0000188,nv
ISIC_0028390.jpg,0,HAM_0000188,nv
ISIC_0029199.jpg,0,HAM_0000188,nv
ISIC_0026611.jpg,0,HAM_0002470,nv
ISIC_0026052.jpg,0,HAM_0005770,nv
ISIC_0029609.jpg,0,HAM_0000211,nv
ISIC_0029661.jpg,0,HAM_0001699,nv
ISIC_0029269.jpg,0,HAM_0002470,nv
ISIC_0024518.jpg,0,HAM_0004985,nv
ISIC_0031623.jpg,0,HAM_0005625,nv
ISIC_0025047.jpg,0,HAM_0006149,nv
ISIC_0028706.jpg,0,HAM_0002986,nv
ISIC_0027364.jpg,0,HAM_0002150,nv
ISIC_0029493.jpg,0,HAM_0005761,nv
ISIC_0027667.jpg,0,HAM_0000146,nv
ISIC_0024328.jpg,0,HAM_0002701,nv
ISIC_0031559.jpg,0,HAM_0006760,nv
ISIC_0028115.jpg,0,HAM_0007168,nv
ISIC_0029482.jpg,0,HAM_0000211,nv
ISIC_0025386.jpg,0,HAM_0003686,nv
ISIC_0028518.jpg,0,HAM_0002919,nv
ISIC_0026764.jpg,0,HAM_0002701,nv
ISIC_0032305.jpg,0,HAM_0006456,nv
ISIC_0028510.jpg,0,HAM_0002835,nv
ISIC_0024870.jpg,0,HAM_0003686,nv
ISIC_0031756.jpg,0,HAM_0004054,nv
ISIC_0028999.jpg,0,HAM_0006296,nv
ISIC_0024406.jpg,0,HAM_0007480,nv
ISIC_0028723.jpg,0,HAM_0007160,nv
ISIC_0027751.jpg,0,HAM_0000143,nv
ISIC_0028030.jpg,0,HAM_0007358,nv
ISIC_0025942.jpg,0,HAM_0000302,nv
ISIC_0025039.jpg,0,HAM_0005457,nv
ISIC_0030127.jpg,0,HAM_0004698,nv
ISIC_0025969.jpg,0,HAM_0004369,nv
ISIC_0031725.jpg,0,HAM_0006706,nv
ISIC_0027040.jpg,0,HAM_0004924,nv
ISIC_0026888.jpg,0,HAM_0005163,nv
ISIC_0026030.jpg,0,HAM_0003580,nv
ISIC_0030397.jpg,0,HAM_0005614,nv
ISIC_0027129.jpg,0,HAM_0007545,nv
ISIC_0032427.jpg,0,HAM_0005818,nv
ISIC_0032355.jpg,0,HAM_0005888,nv
ISIC_0024428.jpg,0,HAM_0000923,nv
ISIC_0031405.jpg,0,HAM_0002333,nv
ISIC_0027897.jpg,0,HAM_0003164,nv
ISIC_0031092.jpg,0,HAM_0006492,nv
ISIC_0027390.jpg,0,HAM_0005261,nv
ISIC_0028450.jpg,0,HAM_0004839,nv
ISIC_0028758.jpg,0,HAM_0004443,nv
ISIC_0028167.jpg,0,HAM_0007456,nv
ISIC_0027147.jpg,0,HAM_0000366,nv
ISIC_0029339.jpg,0,HAM_0000418,nv
ISIC_0032184.jpg,0,HAM_0004866,nv
ISIC_0031399.jpg,0,HAM_0002746,nv
ISIC_0025149.jpg,0,HAM_0000904,nv
ISIC_0025938.jpg,0,HAM_0000904,nv
ISIC_0029277.jpg,0,HAM_0007385,nv
ISIC_0028117.jpg,0,HAM_0006116,nv
ISIC_0028216.jpg,0,HAM_0007049,nv
ISIC_0030621.jpg,0,HAM_0001101,nv
ISIC_0031510.jpg,0,HAM_0000525,nv
ISIC_0026209.jpg,0,HAM_0001111,nv
ISIC_0031727.jpg,0,HAM_0005855,nv
ISIC_0028757.jpg,0,HAM_0003662,nv
ISIC_0031483.jpg,0,HAM_0002298,nv
ISIC_0027323.jpg,0,HAM_0006077,nv
ISIC_0032274.jpg,0,HAM_0006451,nv
ISIC_0032436.jpg,0,HAM_0001207,nv
ISIC_0025518.jpg,0,HAM_0003698,nv
ISIC_0026101.jpg,0,HAM_0003698,nv
ISIC_0028825.jpg,0,HAM_0001517,nv
ISIC_0025181.jpg,0,HAM_0001347,nv
ISIC_0031603.jpg,0,HAM_0002128,nv
ISIC_0029867.jpg,0,HAM_0002128,nv
ISIC_0031070.jpg,0,HAM_0000632,nv
ISIC_0024996.jpg,0,HAM_0005658,nv
ISIC_0028092.jpg,0,HAM_0006039,nv
ISIC_0027978.jpg,0,HAM_0006470,nv
ISIC_0027045.jpg,0,HAM_0005016,nv
ISIC_0027213.jpg,0,HAM_0002904,nv
ISIC_0032176.jpg,0,HAM_0001769,nv
ISIC_0029589.jpg,0,HAM_0004069,nv
ISIC_0027224.jpg,0,HAM_0002668,nv
ISIC_0029641.jpg,0,HAM_0002675,nv
ISIC_0026784.jpg,0,HAM_0002668,nv
ISIC_0025633.jpg,0,HAM_0000783,nv
ISIC_0031564.jpg,0,HAM_0005090,nv
ISIC_0027236.jpg,0,HAM_0001555,nv
ISIC_0025742.jpg,0,HAM_0003723,nv
ISIC_0032141.jpg,0,HAM_0003723,nv
ISIC_0031798.jpg,0,HAM_0005051,nv
ISIC_0031015.jpg,0,HAM_0007518,nv
ISIC_0028484.jpg,0,HAM_0006258,nv
ISIC_0031354.jpg,0,HAM_0002823,nv
ISIC_0027293.jpg,0,HAM_0004775,nv
ISIC_0032163.jpg,0,HAM_0001427,nv
ISIC_0026454.jpg,0,HAM_0006210,nv
ISIC_0030842.jpg,0,HAM_0006855,nv
ISIC_0025562.jpg,0,HAM_0001313,nv
ISIC_0028598.jpg,0,HAM_0006633,nv
ISIC_0026759.jpg,0,HAM_0001656,nv
ISIC_0026147.jpg,0,HAM_0006983,nv
ISIC_0027874.jpg,0,HAM_0002684,nv
ISIC_0025340.jpg,0,HAM_0006968,nv
ISIC_0030967.jpg,0,HAM_0005881,nv
ISIC_0030675.jpg,0,HAM_0003568,nv
ISIC_0032474.jpg,0,HAM_0003282,nv
ISIC_0030819.jpg,0,HAM_0006302,nv
ISIC_0025657.jpg,0,HAM_0006730,nv
ISIC_0032015.jpg,0,HAM_0005643,nv
ISIC_0031285.jpg,0,HAM_0006025,nv
ISIC_0030532.jpg,0,HAM_0002766,nv
ISIC_0028304.jpg,0,HAM_0003005,nv
ISIC_0026615.jpg,0,HAM_0002532,nv
ISIC_0024862.jpg,0,HAM_0007422,nv
ISIC_0029459.jpg,0,HAM_0006884,nv
ISIC_0029528.jpg,0,HAM_0003707,nv
ISIC_0028135.jpg,0,HAM_0002944,nv
ISIC_0026782.jpg,0,HAM_0002110,nv
ISIC_0030581.jpg,0,HAM_0002916,nv
ISIC_0029438.jpg,0,HAM_0002738,nv
ISIC_0028715.jpg,0,HAM_0002053,nv
ISIC_0029994.jpg,0,HAM_0007080,nv
ISIC_0029926.jpg,0,HAM_0004030,nv
ISIC_0031934.jpg,0,HAM_0002003,nv
ISIC_0026400.jpg,0,HAM_0007167,nv
ISIC_0027495.jpg,0,HAM_0000508,nv
ISIC_0029583.jpg,0,HAM_0003585,nv
ISIC_0028212.jpg,0,HAM_0006266,nv
ISIC_0030399.jpg,0,HAM_0005870,nv
ISIC_0024937.jpg,0,HAM_0006318,nv
ISIC_0032136.jpg,0,HAM_0001458,nv
ISIC_0031353.jpg,0,HAM_0000168,nv
ISIC_0025960.jpg,0,HAM_0002142,nv
ISIC_0025198.jpg,0,HAM_0006408,nv
ISIC_0029693.jpg,0,HAM_0002305,nv
ISIC_0029162.jpg,0,HAM_0005090,nv
ISIC_0027486.jpg,0,HAM_0000129,nv
ISIC_0025410.jpg,0,HAM_0005541,nv
ISIC_0026599.jpg,0,HAM_0007144,nv
ISIC_0031932.jpg,0,HAM_0004291,nv
ISIC_0030592.jpg,0,HAM_0006154,nv
ISIC_0026987.jpg,0,HAM_0006994,nv
ISIC_0027201.jpg,0,HAM_0003446,nv
ISIC_0024841.jpg,0,HAM_0002368,nv
ISIC_0029121.jpg,0,HAM_0002368,nv
ISIC_0031302.jpg,0,HAM_0001846,nv
ISIC_0029457.jpg,0,HAM_0001846,nv
ISIC_0027237.jpg,0,HAM_0003850,nv
ISIC_0030525.jpg,0,HAM_0007004,nv
ISIC_0026901.jpg,0,HAM_0001716,nv
ISIC_0025245.jpg,0,HAM_0004020,nv
ISIC_0030296.jpg,0,HAM_0005795,nv
ISIC_0028679.jpg,0,HAM_0005239,nv
ISIC_0029001.jpg,0,HAM_0005664,nv
ISIC_0026739.jpg,0,HAM_0002033,nv
ISIC_0025946.jpg,0,HAM_0002411,nv
ISIC_0024899.jpg,0,HAM_0002033,nv
ISIC_0027671.jpg,0,HAM_0000971,nv
ISIC_0026546.jpg,0,HAM_0000971,nv
ISIC_0030121.jpg,0,HAM_0003088,nv
ISIC_0031126.jpg,0,HAM_0003434,nv
ISIC_0029736.jpg,0,HAM_0003088,nv
ISIC_0024343.jpg,0,HAM_0000150,nv
ISIC_0031311.jpg,0,HAM_0000150,nv
ISIC_0030816.jpg,0,HAM_0002205,nv
ISIC_0025506.jpg,0,HAM_0005393,nv
ISIC_0025013.jpg,0,HAM_0001154,nv
ISIC_0027724.jpg,0,HAM_0001154,nv
ISIC_0030796.jpg,0,HAM_0006793,nv
ISIC_0026592.jpg,0,HAM_0001406,nv
ISIC_0030790.jpg,0,HAM_0001730,nv
ISIC_0030914.jpg,0,HAM_0001406,nv
ISIC_0029169.jpg,0,HAM_0002049,nv
ISIC_0029197.jpg,0,HAM_0001911,nv
ISIC_0028408.jpg,0,HAM_0006506,nv
ISIC_0028998.jpg,0,HAM_0003253,nv
ISIC_0025118.jpg,0,HAM_0004909,nv
ISIC_0026512.jpg,0,HAM_0003974,nv
ISIC_0032300.jpg,0,HAM_0007278,nv
ISIC_0026034.jpg,0,HAM_0002103,nv
ISIC_0026404.jpg,0,HAM_0003727,nv
ISIC_0029183.jpg,0,HAM_0007491,nv
ISIC_0028420.jpg,0,HAM_0005079,nv
ISIC_0032126.jpg,0,HAM_0000045,nv
ISIC_0026573.jpg,0,HAM_0007001,nv
ISIC_0025563.jpg,0,HAM_0006086,nv
ISIC_0026340.jpg,0,HAM_0000794,nv
ISIC_0029298.jpg,0,HAM_0001508,nv
ISIC_0028217.jpg,0,HAM_0000763,nv
ISIC_0032067.jpg,0,HAM_0007442,nv
ISIC_0024790.jpg,0,HAM_0001941,nv
ISIC_0028551.jpg,0,HAM_0000667,nv
ISIC_0027988.jpg,0,HAM_0007240,nv
ISIC_0024963.jpg,0,HAM_0005620,nv
ISIC_0027114.jpg,0,HAM_0005787,nv
ISIC_0032489.jpg,0,HAM_0001327,nv
ISIC_0030733.jpg,0,HAM_0006245,nv
ISIC_0025597.jpg,0,HAM_0000284,nv
ISIC_0025225.jpg,0,HAM_0000284,nv
ISIC_0027569.jpg,0,HAM_0005009,nv
ISIC_0026698.jpg,0,HAM_0004824,nv
ISIC_0030544.jpg,0,HAM_0003562,nv
ISIC_0030962.jpg,0,HAM_0003562,nv
ISIC_0025305.jpg,0,HAM_0001492,nv
ISIC_0029978.jpg,0,HAM_0006040,nv
ISIC_0025926.jpg,0,HAM_0005854,nv
ISIC_0029577.jpg,0,HAM_0000886,nv
ISIC_0024560.jpg,0,HAM_0000886,nv
ISIC_0029993.jpg,0,HAM_0005987,nv
ISIC_0026741.jpg,0,HAM_0005987,nv
ISIC_0026222.jpg,0,HAM_0005925,nv
ISIC_0031117.jpg,0,HAM_0005176,nv
ISIC_0027308.jpg,0,HAM_0003496,nv
ISIC_0031046.jpg,0,HAM_0002657,nv
ISIC_0029046.jpg,0,HAM_0004170,nv
ISIC_0029138.jpg,0,HAM_0003355,nv
ISIC_0029349.jpg,0,HAM_0000771,nv
ISIC_0032047.jpg,0,HAM_0005568,nv
ISIC_0027963.jpg,0,HAM_0000891,nv
ISIC_0024425.jpg,0,HAM_0006342,nv
ISIC_0028557.jpg,0,HAM_0005395,nv
ISIC_0027471.jpg,0,HAM_0005395,nv
ISIC_0026706.jpg,0,HAM_0004532,nv
ISIC_0032243.jpg,0,HAM_0004701,nv
ISIC_0029109.jpg,0,HAM_0003820,nv
ISIC_0028675.jpg,0,HAM_0001799,nv
ISIC_0030328.jpg,0,HAM_0001334,nv
ISIC_0030117.jpg,0,HAM_0001361,nv
ISIC_0031363.jpg,0,HAM_0001334,nv
ISIC_0031220.jpg,0,HAM_0001028,nv
ISIC_0026654.jpg,0,HAM_0000591,nv
ISIC_0029369.jpg,0,HAM_0004505,nv
ISIC_0024808.jpg,0,HAM_0000668,nv
ISIC_0028297.jpg,0,HAM_0001630,nv
ISIC_0026921.jpg,0,HAM_0004275,nv
ISIC_0027401.jpg,0,HAM_0007046,nv
ISIC_0028637.jpg,0,HAM_0007046,nv
ISIC_0031942.jpg,0,HAM_0003408,nv
ISIC_0028357.jpg,0,HAM_0004283,nv
ISIC_0026226.jpg,0,HAM_0005755,nv
ISIC_0028174.jpg,0,HAM_0005755,nv
ISIC_0024566.jpg,0,HAM_0005755,nv
ISIC_0029452.jpg,0,HAM_0005429,nv
ISIC_0025112.jpg,0,HAM_0005755,nv
ISIC_0028507.jpg,0,HAM_0003340,nv
ISIC_0029773.jpg,0,HAM_0003340,nv
ISIC_0029203.jpg,0,HAM_0005510,nv
ISIC_0026712.jpg,0,HAM_0003980,nv
ISIC_0032444.jpg,0,HAM_0000949,nv
ISIC_0028305.jpg,0,HAM_0001318,nv
ISIC_0026452.jpg,0,HAM_0003311,nv
ISIC_0027007.jpg,0,HAM_0003311,nv
ISIC_0029645.jpg,0,HAM_0000225,nv
ISIC_0026398.jpg,0,HAM_0007324,nv
ISIC_0026655.jpg,0,HAM_0007036,nv
ISIC_0026672.jpg,0,HAM_0003944,nv
ISIC_0028186.jpg,0,HAM_0000634,nv
ISIC_0026099.jpg,0,HAM_0000634,nv
ISIC_0024836.jpg,0,HAM_0002291,nv
ISIC_0028983.jpg,0,HAM_0000674,nv
ISIC_0030416.jpg,0,HAM_0003026,nv
ISIC_0030180.jpg,0,HAM_0000362,nv
ISIC_0026043.jpg,0,HAM_0000362,nv
ISIC_0031451.jpg,0,HAM_0006401,nv
ISIC_0025074.jpg,0,HAM_0000851,nv
ISIC_0029544.jpg,0,HAM_0007013,nv
ISIC_0028859.jpg,0,HAM_0000336,nv
ISIC_0031612.jpg,0,HAM_0005873,nv
ISIC_0028744.jpg,0,HAM_0002515,nv
ISIC_0028529.jpg,0,HAM_0002171,nv
ISIC_0026588.jpg,0,HAM_0003821,nv
ISIC_0030115.jpg,0,HAM_0003822,nv
ISIC_0029898.jpg,0,HAM_0004324,nv
ISIC_0028364.jpg,0,HAM_0000777,nv
ISIC_0024599.jpg,0,HAM_0004839,nv
ISIC_0024352.jpg,0,HAM_0004897,nv
ISIC_0026885.jpg,0,HAM_0000482,nv
ISIC_0026293.jpg,0,HAM_0004897,nv
ISIC_0029286.jpg,0,HAM_0005450,nv
ISIC_0025784.jpg,0,HAM_0003652,nv
ISIC_0032112.jpg,0,HAM_0003652,nv
ISIC_0031306.jpg,0,HAM_0000063,nv
ISIC_0025902.jpg,0,HAM_0005966,nv
ISIC_0030704.jpg,0,HAM_0005966,nv
ISIC_0028631.jpg,0,HAM_0000338,nv
ISIC_0027490.jpg,0,HAM_0007133,nv
ISIC_0029597.jpg,0,HAM_0007133,nv
ISIC_0026601.jpg,0,HAM_0002899,nv
ISIC_0024439.jpg,0,HAM_0005631,nv
ISIC_0025492.jpg,0,HAM_0005631,nv
ISIC_0030082.jpg,0,HAM_0006154,nv
ISIC_0027568.jpg,0,HAM_0006398,nv
ISIC_0029679.jpg,0,HAM_0000366,nv
ISIC_0026053.jpg,0,HAM_0001319,nv
ISIC_0025443.jpg,0,HAM_0002497,nv
ISIC_0030006.jpg,0,HAM_0003546,nv
ISIC_0028599.jpg,0,HAM_0001319,nv
ISIC_0027917.jpg,0,HAM_0003117,nv
ISIC_0026974.jpg,0,HAM_0003603,nv
ISIC_0026097.jpg,0,HAM_0003419,nv
ISIC_0028767.jpg,0,HAM_0003419,nv
ISIC_0028378.jpg,0,HAM_0001001,nv
ISIC_0026852.jpg,0,HAM_0001001,nv
ISIC_0028589.jpg,0,HAM_0002480,nv
ISIC_0029432.jpg,0,HAM_0002480,nv
ISIC_0025846.jpg,0,HAM_0001077,nv
ISIC_0027928.jpg,0,HAM_0001077,nv
ISIC_0030079.jpg,0,HAM_0003241,nv
ISIC_0024908.jpg,0,HAM_0003241,nv
ISIC_0031596.jpg,0,HAM_0002794,nv
ISIC_0029881.jpg,0,HAM_0000217,nv
ISIC_0031115.jpg,0,HAM_0000217,nv
ISIC_0031919.jpg,0,HAM_0004681,nv
ISIC_0026491.jpg,0,HAM_0005786,nv
ISIC_0030039.jpg,0,HAM_0001737,nv
ISIC_0027883.jpg,0,HAM_0001737,nv
ISIC_0030535.jpg,0,HAM_0001762,nv
ISIC_0028808.jpg,0,HAM_0005910,nv
ISIC_0026513.jpg,0,HAM_0005910,nv
ISIC_0027540.jpg,0,HAM_0005910,nv
ISIC_0031700.jpg,0,HAM_0004127,nv
ISIC_0030209.jpg,0,HAM_0000266,nv
ISIC_0027073.jpg,0,HAM_0004127,nv
ISIC_0031019.jpg,0,HAM_0000287,nv
ISIC_0029959.jpg,0,HAM_0007066,nv
ISIC_0024959.jpg,0,HAM_0000485,nv
ISIC_0028202.jpg,0,HAM_0004942,nv
ISIC_0025289.jpg,0,HAM_0006110,nv
ISIC_0028689.jpg,0,HAM_0002537,nv
ISIC_0028151.jpg,0,HAM_0000764,nv
ISIC_0028857.jpg,0,HAM_0002107,nv
ISIC_0025341.jpg,0,HAM_0006352,nv
ISIC_0028993.jpg,0,HAM_0006352,nv
ISIC_0029696.jpg,0,HAM_0005183,nv
ISIC_0027466.jpg,0,HAM_0001454,nv
ISIC_0029975.jpg,0,HAM_0005994,nv
ISIC_0031042.jpg,0,HAM_0005994,nv
ISIC_0031049.jpg,0,HAM_0001688,nv
ISIC_0030219.jpg,0,HAM_0006681,nv
ISIC_0030981.jpg,0,HAM_0001552,nv
ISIC_0025899.jpg,0,HAM_0001552,nv
ISIC_0031710.jpg,0,HAM_0005730,nv
ISIC_0028923.jpg,0,HAM_0005730,nv
ISIC_0029127.jpg,0,HAM_0003918,nv
ISIC_0025476.jpg,0,HAM_0006052,nv
ISIC_0025950.jpg,0,HAM_0007477,nv
ISIC_0027382.jpg,0,HAM_0007510,nv
ISIC_0026437.jpg,0,HAM_0006251,nv
ISIC_0026414.jpg,0,HAM_0001022,nv
ISIC_0024926.jpg,0,HAM_0006367,nv
ISIC_0025424.jpg,0,HAM_0006464,nv
ISIC_0027503.jpg,0,HAM_0006464,nv
ISIC_0029160.jpg,0,HAM_0006514,nv
ISIC_0026559.jpg,0,HAM_0006514,nv
ISIC_0025396.jpg,0,HAM_0000019,nv
ISIC_0031708.jpg,0,HAM_0002865,nv
ISIC_0027949.jpg,0,HAM_0002087,nv
ISIC_0026795.jpg,0,HAM_0003603,nv
ISIC_0027181.jpg,0,HAM_0003640,nv
ISIC_0025983.jpg,0,HAM_0004025,nv
ISIC_0026818.jpg,0,HAM_0001330,nv
ISIC_0032251.jpg,0,HAM_0001764,nv
ISIC_0032253.jpg,0,HAM_0001764,nv
ISIC_0029665.jpg,0,HAM_0000347,nv
ISIC_0029191.jpg,0,HAM_0003415,nv
ISIC_0024356.jpg,0,HAM_0000689,nv
ISIC_0024476.jpg,0,HAM_0002007,nv
ISIC_0028307.jpg,0,HAM_0000689,nv
ISIC_0026551.jpg,0,HAM_0004802,nv
ISIC_0024596.jpg,0,HAM_0004802,nv
ISIC_0030966.jpg,0,HAM_0004802,nv
ISIC_0026560.jpg,0,HAM_0000896,nv
ISIC_0025051.jpg,0,HAM_0000896,nv
ISIC_0026103.jpg,0,HAM_0000039,nv
ISIC_0029614.jpg,0,HAM_0006684,nv
ISIC_0032189.jpg,0,HAM_0006028,nv
ISIC_0032281.jpg,0,HAM_0004174,nv
ISIC_0030425.jpg,0,HAM_0004946,nv
ISIC_0026029.jpg,0,HAM_0004225,nv
ISIC_0026610.jpg,0,HAM_0004279,nv
ISIC_0028559.jpg,0,HAM_0000913,nv
ISIC_0028032.jpg,0,HAM_0003058,nv
ISIC_0032145.jpg,0,HAM_0003760,nv
ISIC_0028951.jpg,0,HAM_0007116,nv
ISIC_0028600.jpg,0,HAM_0007268,nv
ISIC_0027469.jpg,0,HAM_0005884,nv
ISIC_0028130.jpg,0,HAM_0007263,nv
ISIC_0026359.jpg,0,HAM_0007504,nv
ISIC_0030973.jpg,0,HAM_0004923,nv
ISIC_0030444.jpg,0,HAM_0004923,nv
ISIC_0024781.jpg,0,HAM_0003919,nv
ISIC_0030645.jpg,0,HAM_0003911,nv
ISIC_0032292.jpg,0,HAM_0003685,nv
ISIC_0032107.jpg,0,HAM_0003313,nv
ISIC_0031076.jpg,0,HAM_0001961,nv
ISIC_0028400.jpg,0,HAM_0006118,nv
ISIC_0026998.jpg,0,HAM_0006094,nv
ISIC_0032218.jpg,0,HAM_0006094,nv
ISIC_0031838.jpg,0,HAM_0002517,nv
ISIC_0032028.jpg,0,HAM_0002518,nv
ISIC_0028648.jpg,0,HAM_0005670,nv
ISIC_0030253.jpg,0,HAM_0005670,nv
ISIC_0029733.jpg,0,HAM_0005750,nv
ISIC_0025684.jpg,0,HAM_0006941,nv
ISIC_0026329.jpg,0,HAM_0001479,nv
ISIC_0028476.jpg,0,HAM_0007264,nv
ISIC_0031832.jpg,0,HAM_0006972,nv
ISIC_0027051.jpg,0,HAM_0006972,nv
ISIC_0030340.jpg,0,HAM_0006972,nv
ISIC_0031278.jpg,0,HAM_0001014,nv
ISIC_0028580.jpg,0,HAM_0006881,nv
ISIC_0025798.jpg,0,HAM_0006881,nv
ISIC_0026922.jpg,0,HAM_0006881,nv
ISIC_0028478.jpg,0,HAM_0002154,nv
ISIC_0029054.jpg,0,HAM_0005822,nv
ISIC_0028150.jpg,0,HAM_0002451,nv
ISIC_0025214.jpg,0,HAM_0004356,nv
ISIC_0030069.jpg,0,HAM_0004833,nv
ISIC_0026133.jpg,0,HAM_0004833,nv
ISIC_0026674.jpg,0,HAM_0004836,nv
ISIC_0031924.jpg,0,HAM_0002423,nv
ISIC_0028963.jpg,0,HAM_0002423,nv
ISIC_0025088.jpg,0,HAM_0002423,nv
ISIC_0026964.jpg,0,HAM_0004372,nv
ISIC_0028905.jpg,0,HAM_0004399,nv
ISIC_0030167.jpg,0,HAM_0004372,nv
ISIC_0032175.jpg,0,HAM_0000302,nv
ISIC_0032327.jpg,0,HAM_0004806,nv
ISIC_0026786.jpg,0,HAM_0003874,nv
ISIC_0028578.jpg,0,HAM_0003874,nv
ISIC_0024809.jpg,0,HAM_0003874,nv
ISIC_0027461.jpg,0,HAM_0005017,nv
ISIC_0025310.jpg,0,HAM_0005017,nv
ISIC_0026752.jpg,0,HAM_0005017,nv
ISIC_0027889.jpg,0,HAM_0002490,nv
ISIC_0032423.jpg,0,HAM_0001014,nv
ISIC_0030873.jpg,0,HAM_0005745,nv
ISIC_0026076.jpg,0,HAM_0001361,nv
ISIC_0024363.jpg,0,HAM_0004534,nv
ISIC_0028355.jpg,0,HAM_0005666,nv
ISIC_0025171.jpg,0,HAM_0005666,nv
ISIC_0031014.jpg,0,HAM_0002675,nv
ISIC_0024969.jpg,0,HAM_0002675,nv
ISIC_0032936.jpg,1,HAM_0002552,mel
ISIC_0030732.jpg,0,HAM_0006366,nv
ISIC_0030802.jpg,0,HAM_0004058,nv
ISIC_0025169.jpg,0,HAM_0002025,nv
ISIC_0030742.jpg,0,HAM_0000603,nv
ISIC_0028441.jpg,0,HAM_0000603,nv
ISIC_0031374.jpg,0,HAM_0000603,nv
ISIC_0030422.jpg,0,HAM_0005980,nv
ISIC_0031681.jpg,0,HAM_0006069,nv
ISIC_0027242.jpg,0,HAM_0003578,nv
ISIC_0030313.jpg,0,HAM_0003902,nv
ISIC_0025463.jpg,0,HAM_0007075,nv
ISIC_0028179.jpg,0,HAM_0007049,nv
ISIC_0030008.jpg,0,HAM_0007317,nv
ISIC_0033232.jpg,1,HAM_0002552,mel
ISIC_0032405.jpg,0,HAM_0001455,nv
ISIC_0031933.jpg,0,HAM_0001455,nv
ISIC_0025579.jpg,0,HAM_0005894,nv
ISIC_0029905.jpg,0,HAM_0006420,nv
ISIC_0027197.jpg,0,HAM_0006244,nv
ISIC_0027627.jpg,0,HAM_0006244,nv
ISIC_0031081.jpg,0,HAM_0006596,nv
ISIC_0029983.jpg,0,HAM_0006619,nv
ISIC_0025542.jpg,0,HAM_0006685,nv
ISIC_0024514.jpg,0,HAM_0002201,nv
ISIC_0031662.jpg,0,HAM_0006947,nv
ISIC_0031583.jpg,0,HAM_0007374,nv
ISIC_0032109.jpg,0,HAM_0006947,nv
ISIC_0031031.jpg,0,HAM_0004806,nv
ISIC_0025533.jpg,0,HAM_0004836,nv
ISIC_0031742.jpg,0,HAM_0001803,nv
ISIC_0028183.jpg,0,HAM_0003159,nv
ISIC_0026108.jpg,0,HAM_0003159,nv
ISIC_0031113.jpg,0,HAM_0000707,nv
ISIC_0030792.jpg,0,HAM_0000759,nv
ISIC_0032459.jpg,0,HAM_0003590,nv
ISIC_0025655.jpg,0,HAM_0000759,nv
ISIC_0026658.jpg,0,HAM_0005436,nv
ISIC_0025730.jpg,0,HAM_0007374,nv
ISIC_0032195.jpg,0,HAM_0007075,nv
ISIC_0031813.jpg,0,HAM_0003987,nv
ISIC_0030354.jpg,0,HAM_0003987,nv
ISIC_0031476.jpg,0,HAM_0004170,nv
ISIC_0028166.jpg,0,HAM_0005510,nv
ISIC_0026406.jpg,0,HAM_0005510,nv
ISIC_0025000.jpg,0,HAM_0001643,nv
ISIC_0031754.jpg,0,HAM_0003940,nv
ISIC_0029803.jpg,0,HAM_0003940,nv
ISIC_0027066.jpg,0,HAM_0000273,nv
ISIC_0025106.jpg,0,HAM_0000273,nv
ISIC_0026805.jpg,0,HAM_0006323,nv
ISIC_0024680.jpg,0,HAM_0006323,nv
ISIC_0029465.jpg,0,HAM_0006323,nv
ISIC_0031894.jpg,0,HAM_0006613,nv
ISIC_0027091.jpg,0,HAM_0001617,nv
ISIC_0027271.jpg,0,HAM_0006757,nv
ISIC_0024497.jpg,0,HAM_0006757,nv
ISIC_0031594.jpg,0,HAM_0006835,nv
ISIC_0029855.jpg,0,HAM_0003958,nv
ISIC_0029530.jpg,0,HAM_0000267,nv
ISIC_0025967.jpg,0,HAM_0004518,nv
ISIC_0028091.jpg,0,HAM_0002025,nv
ISIC_0028023.jpg,0,HAM_0002025,nv
ISIC_0031960.jpg,0,HAM_0004518,nv
ISIC_0027360.jpg,0,HAM_0003958,nv
ISIC_0029554.jpg,0,HAM_0003958,nv
ISIC_0024578.jpg,0,HAM_0004518,nv
ISIC_0025759.jpg,0,HAM_0000014,nv
ISIC_0031366.jpg,0,HAM_0000014,nv
ISIC_0025640.jpg,0,HAM_0000014,nv
ISIC_0031644.jpg,0,HAM_0005925,nv
ISIC_0027036.jpg,0,HAM_0005925,nv
ISIC_0026096.jpg,0,HAM_0006543,nv
ISIC_0028139.jpg,0,HAM_0002429,nv
ISIC_0031802.jpg,0,HAM_0003836,nv
ISIC_0026825.jpg,0,HAM_0000204,nv
ISIC_0026445.jpg,0,HAM_0004288,nv
ISIC_0030625.jpg,0,HAM_0007342,nv
ISIC_0029026.jpg,0,HAM_0002905,nv
ISIC_0028310.jpg,0,HAM_0000693,nv
ISIC_0024684.jpg,0,HAM_0002481,nv
ISIC_0028230.jpg,0,HAM_0004519,nv
ISIC_0026023.jpg,0,HAM_0000815,nv
ISIC_0028281.jpg,0,HAM_0006300,nv
ISIC_0032233.jpg,0,HAM_0006174,nv
ISIC_0028116.jpg,0,HAM_0006174,nv
ISIC_0029174.jpg,0,HAM_0001381,nv
ISIC_0028870.jpg,0,HAM_0001381,nv
ISIC_0026330.jpg,0,HAM_0001803,nv
ISIC_0030251.jpg,0,HAM_0001989,nv
ISIC_0032144.jpg,0,HAM_0007176,nv
ISIC_0030598.jpg,0,HAM_0001891,nv
ISIC_0030740.jpg,0,HAM_0002319,nv
ISIC_0026600.jpg,0,HAM_0002319,nv
ISIC_0028205.jpg,0,HAM_0000311,nv
ISIC_0030772.jpg,0,HAM_0005086,nv
ISIC_0029479.jpg,0,HAM_0005175,nv
ISIC_0032278.jpg,0,HAM_0005175,nv
ISIC_0026111.jpg,0,HAM_0000374,nv
ISIC_0027255.jpg,0,HAM_0007284,nv
ISIC_0028588.jpg,0,HAM_0000850,nv
ISIC_0026581.jpg,0,HAM_0000889,nv
ISIC_0025936.jpg,0,HAM_0000889,nv
ISIC_0026231.jpg,0,HAM_0006581,nv
ISIC_0025179.jpg,0,HAM_0005762,nv
ISIC_0026216.jpg,0,HAM_0005762,nv
ISIC_0027109.jpg,0,HAM_0006685,nv
ISIC_0029095.jpg,0,HAM_0006685,nv
ISIC_0030580.jpg,0,HAM_0006702,nv
ISIC_0030620.jpg,0,HAM_0006409,nv
ISIC_0028987.jpg,0,HAM_0006409,nv
ISIC_0028874.jpg,0,HAM_0001702,nv
ISIC_0028592.jpg,0,HAM_0001702,nv
ISIC_0027005.jpg,0,HAM_0006596,nv
ISIC_0031871.jpg,0,HAM_0006225,nv
ISIC_0029075.jpg,0,HAM_0006225,nv
ISIC_0028887.jpg,0,HAM_0006225,nv
ISIC_0031567.jpg,0,HAM_0001803,nv
ISIC_0028358.jpg,0,HAM_0001318,nv
ISIC_0027766.jpg,0,HAM_0001609,nv
ISIC_0030809.jpg,0,HAM_0001609,nv
ISIC_0032311.jpg,0,HAM_0005086,nv
ISIC_0030920.jpg,0,HAM_0007385,nv
ISIC_0026401.jpg,0,HAM_0000889,nv
ISIC_0030370.jpg,0,HAM_0000889,nv
ISIC_0024441.jpg,0,HAM_0007516,nv
ISIC_0030534.jpg,0,HAM_0002647,nv
ISIC_0032284.jpg,0,HAM_0002647,nv
ISIC_0031107.jpg,0,HAM_0006725,nv
ISIC_0026022.jpg,0,HAM_0006725,nv
ISIC_0026577.jpg,0,HAM_0006835,nv
ISIC_0027639.jpg,0,HAM_0000204,nv
ISIC_0031314.jpg,0,HAM_0000204,nv
ISIC_0031249.jpg,0,HAM_0003223,nv
ISIC_0031121.jpg,0,HAM_0006205,nv
ISIC_0032034.jpg,0,HAM_0006205,nv
ISIC_0030451.jpg,0,HAM_0006905,nv
ISIC_0031301.jpg,0,HAM_0000922,nv
ISIC_0031111.jpg,0,HAM_0000922,nv
ISIC_0024882.jpg,0,HAM_0000961,nv
ISIC_0025667.jpg,0,HAM_0000762,nv
ISIC_0028982.jpg,0,HAM_0000762,nv
ISIC_0028602.jpg,0,HAM_0000778,nv
ISIC_0027137.jpg,0,HAM_0000762,nv
ISIC_0030833.jpg,0,HAM_0000976,nv
ISIC_0029182.jpg,0,HAM_0000277,nv
ISIC_0032140.jpg,0,HAM_0004337,nv
ISIC_0026956.jpg,0,HAM_0003142,nv
ISIC_0031982.jpg,0,HAM_0002345,nv
ISIC_0029833.jpg,0,HAM_0006664,nv
ISIC_0031806.jpg,0,HAM_0003142,nv
ISIC_0030635.jpg,0,HAM_0003640,nv
ISIC_0028736.jpg,0,HAM_0003125,nv
ISIC_0031991.jpg,0,HAM_0007108,nv
ISIC_0030817.jpg,0,HAM_0000073,nv
ISIC_0029470.jpg,0,HAM_0000073,nv
ISIC_0028472.jpg,0,HAM_0005769,nv
ISIC_0030674.jpg,0,HAM_0006905,nv
ISIC_0032065.jpg,0,HAM_0006924,nv
ISIC_0027840.jpg,0,HAM_0002271,nv
ISIC_0024447.jpg,0,HAM_0007429,nv
ISIC_0024998.jpg,0,HAM_0007516,nv
ISIC_0029749.jpg,0,HAM_0001962,nv
ISIC_0030922.jpg,0,HAM_0005197,nv
ISIC_0026671.jpg,0,HAM_0006526,nv
ISIC_0024933.jpg,0,HAM_0000266,nv
ISIC_0031192.jpg,0,HAM_0006932,nv
ISIC_0027498.jpg,0,HAM_0007014,nv
ISIC_0028128.jpg,0,HAM_0005102,nv
ISIC_0026488.jpg,0,HAM_0005387,nv
ISIC_0026554.jpg,0,HAM_0005828,nv
ISIC_0031074.jpg,0,HAM_0006420,nv
ISIC_0030603.jpg,0,HAM_0006921,nv
ISIC_0031085.jpg,0,HAM_0005828,nv
ISIC_0029221.jpg,0,HAM_0006458,nv
ISIC_0027688.jpg,0,HAM_0001936,nv
ISIC_0024704.jpg,0,HAM_0001936,nv
ISIC_0030260.jpg,0,HAM_0006821,nv
ISIC_0031462.jpg,0,HAM_0002861,nv
ISIC_0028643.jpg,0,HAM_0005537,nv
ISIC_0024657.jpg,0,HAM_0005537,nv
ISIC_0031981.jpg,0,HAM_0004337,nv
ISIC_0032279.jpg,0,HAM_0004991,nv
ISIC_0027922.jpg,0,HAM_0007178,nv
ISIC_0025184.jpg,0,HAM_0007178,nv
ISIC_0027298.jpg,0,HAM_0003451,nv
ISIC_0024561.jpg,0,HAM_0000707,nv
ISIC_0028261.jpg,0,HAM_0005429,nv
ISIC_0030198.jpg,0,HAM_0005695,nv
ISIC_0027535.jpg,0,HAM_0006821,nv
ISIC_0027098.jpg,0,HAM_0003451,nv
ISIC_0026071.jpg,0,HAM_0001190,nv
ISIC_0027908.jpg,0,HAM_0001104,nv
ISIC_0032186.jpg,0,HAM_0000104,nv
ISIC_0030923.jpg,0,HAM_0005750,nv
ISIC_0028243.jpg,0,HAM_0002556,nv
ISIC_0025436.jpg,0,HAM_0002556,nv
ISIC_0025989.jpg,0,HAM_0003033,nv
ISIC_0026179.jpg,0,HAM_0003523,nv
ISIC_0032340.jpg,0,HAM_0001881,nv
ISIC_0024620.jpg,0,HAM_0001881,nv
ISIC_0026217.jpg,0,HAM_0002205,nv
ISIC_0028447.jpg,0,HAM_0005745,nv
ISIC_0025027.jpg,0,HAM_0004479,nv
ISIC_0032090.jpg,0,HAM_0004479,nv
ISIC_0029079.jpg,0,HAM_0002888,nv
ISIC_0025571.jpg,0,HAM_0002888,nv
ISIC_0025776.jpg,0,HAM_0003785,nv
ISIC_0025908.jpg,0,HAM_0003785,nv
ISIC_0028945.jpg,0,HAM_0002370,nv
ISIC_0030401.jpg,0,HAM_0002370,nv
ISIC_0032035.jpg,0,HAM_0002228,nv
ISIC_0032412.jpg,0,HAM_0002234,nv
ISIC_0026048.jpg,0,HAM_0002271,nv
ISIC_0031930.jpg,0,HAM_0002271,nv
ISIC_0031131.jpg,0,HAM_0004443,nv
ISIC_0031473.jpg,0,HAM_0004443,nv
ISIC_0029671.jpg,0,HAM_0003754,nv
ISIC_0027789.jpg,0,HAM_0003415,nv
ISIC_0031011.jpg,0,HAM_0003919,nv
ISIC_0028761.jpg,0,HAM_0003415,nv
ISIC_0028873.jpg,0,HAM_0001190,nv
ISIC_0028787.jpg,0,HAM_0001934,nv
ISIC_0026008.jpg,0,HAM_0001934,nv
ISIC_0026753.jpg,0,HAM_0001934,nv
ISIC_0031134.jpg,0,HAM_0001934,nv
ISIC_0028882.jpg,0,HAM_0000486,nv
ISIC_0024466.jpg,0,HAM_0001891,nv
ISIC_0025892.jpg,0,HAM_0002754,nv
ISIC_0026866.jpg,0,HAM_0002754,nv
ISIC_0027351.jpg,0,HAM_0002293,nv
ISIC_0025488.jpg,0,HAM_0002295,nv
ISIC_0027999.jpg,0,HAM_0002295,nv
ISIC_0030061.jpg,0,HAM_0000836,nv
ISIC_0030960.jpg,0,HAM_0000836,nv
ISIC_0030311.jpg,0,HAM_0000836,nv
ISIC_0025505.jpg,0,HAM_0000836,nv
ISIC_0027346.jpg,0,HAM_0002326,nv
ISIC_0031875.jpg,0,HAM_0002326,nv
ISIC_0027997.jpg,0,HAM_0004008,nv
ISIC_0024784.jpg,0,HAM_0001479,nv
ISIC_0024922.jpg,0,HAM_0003223,nv
ISIC_0029119.jpg,0,HAM_0003932,nv
ISIC_0026151.jpg,0,HAM_0003932,nv
ISIC_0027127.jpg,0,HAM_0005230,nv
ISIC_0028849.jpg,0,HAM_0005230,nv
ISIC_0027756.jpg,0,HAM_0003305,nv
ISIC_0032125.jpg,0,HAM_0003305,nv
ISIC_0025172.jpg,0,HAM_0003305,nv
ISIC_0032471.jpg,0,HAM_0003932,nv
ISIC_0027578.jpg,0,HAM_0006458,nv
ISIC_0032148.jpg,0,HAM_0000521,nv
ISIC_0031889.jpg,0,HAM_0000521,nv
ISIC_0025517.jpg,0,HAM_0005848,nv
ISIC_0030553.jpg,0,HAM_0005848,nv
ISIC_0025295.jpg,0,HAM_0001230,nv
ISIC_0025477.jpg,0,HAM_0003125,nv
ISIC_0028571.jpg,0,HAM_0006273,nv
ISIC_0031573.jpg,0,HAM_0006273,nv
ISIC_0025123.jpg,0,HAM_0001126,nv
ISIC_0028276.jpg,0,HAM_0001126,nv
ISIC_0027183.jpg,0,HAM_0001104,nv
ISIC_0031238.jpg,0,HAM_0002238,nv
ISIC_0026374.jpg,0,HAM_0002238,nv
ISIC_0026297.jpg,0,HAM_0005762,nv
ISIC_0027379.jpg,0,HAM_0002154,nv
ISIC_0027468.jpg,0,HAM_0002154,nv
ISIC_0027203.jpg,0,HAM_0000287,nv
ISIC_0029771.jpg,0,HAM_0004656,nv
ISIC_0027475.jpg,0,HAM_0004656,nv
ISIC_0031064.jpg,0,HAM_0000798,nv
ISIC_0027538.jpg,0,HAM_0000798,nv
ISIC_0026751.jpg,0,HAM_0000798,nv
ISIC_0029332.jpg,0,HAM_0000798,nv
ISIC_0024827.jpg,0,HAM_0001125,nv
ISIC_0031304.jpg,0,HAM_0001125,nv
ISIC_0030856.jpg,0,HAM_0001730,nv
ISIC_0029476.jpg,0,HAM_0004069,nv
ISIC_0028809.jpg,0,HAM_0004991,nv
ISIC_0028016.jpg,0,HAM_0005664,nv
ISIC_0030456.jpg,0,HAM_0000194,nv
ISIC_0030942.jpg,0,HAM_0000194,nv
ISIC_0031913.jpg,0,HAM_0000104,nv
ISIC_0031880.jpg,0,HAM_0000976,nv
ISIC_0029344.jpg,0,HAM_0004638,nv
ISIC_0029812.jpg,0,HAM_0005318,nv
ISIC_0026347.jpg,0,HAM_0005318,nv
ISIC_0030639.jpg,0,HAM_0000815,nv
ISIC_0025165.jpg,0,HAM_0003033,nv
ISIC_0028698.jpg,0,HAM_0003033,nv
ISIC_0030694.jpg,0,HAM_0002490,nv
ISIC_0028865.jpg,0,HAM_0004600,nv
ISIC_0028464.jpg,0,HAM_0004600,nv
ISIC_0025237.jpg,0,HAM_0001701,nv
ISIC_0029390.jpg,0,HAM_0001701,nv
ISIC_0029145.jpg,0,HAM_0000500,nv
ISIC_0029441.jpg,0,HAM_0000500,nv
ISIC_0024480.jpg,0,HAM_0000866,nv
ISIC_0027798.jpg,0,HAM_0007014,nv
ISIC_0028141.jpg,0,HAM_0007014,nv
ISIC_0032310.jpg,0,HAM_0007014,nv
ISIC_0026323.jpg,0,HAM_0006104,nv
ISIC_0030663.jpg,0,HAM_0006104,nv
ISIC_0028673.jpg,0,HAM_0004553,nv
ISIC_0030151.jpg,0,HAM_0004614,nv
ISIC_0030279.jpg,0,HAM_0002936,nv
ISIC_0024380.jpg,0,HAM_0002936,nv
ISIC_0027873.jpg,0,HAM_0006114,nv
ISIC_0032344.jpg,0,HAM_0003919,nv
ISIC_0031866.jpg,0,HAM_0003423,nv
ISIC_0028344.jpg,0,HAM_0003423,nv
ISIC_0025422.jpg,0,HAM_0002572,nv
ISIC_0030033.jpg,0,HAM_0002572,nv
ISIC_0027262.jpg,0,HAM_0003590,nv
ISIC_0024916.jpg,0,HAM_0003590,nv
ISIC_0031039.jpg,0,HAM_0000778,nv
ISIC_0026665.jpg,0,HAM_0000778,nv
ISIC_0031611.jpg,0,HAM_0003710,nv
ISIC_0032074.jpg,0,HAM_0003710,nv
ISIC_0028468.jpg,0,HAM_0000961,nv
ISIC_0028608.jpg,0,HAM_0003434,nv
ISIC_0030978.jpg,0,HAM_0002007,nv
ISIC_0028649.jpg,0,HAM_0003754,nv
ISIC_0024416.jpg,0,HAM_0002172,nv
ISIC_0026166.jpg,0,HAM_0000562,nv
ISIC_0028131.jpg,0,HAM_0003790,nv
ISIC_0024377.jpg,0,HAM_0002088,nv
ISIC_0027984.jpg,0,HAM_0007413,nv
ISIC_0030810.jpg,0,HAM_0004956,nv
ISIC_0025918.jpg,0,HAM_0003078,nv
ISIC_0026124.jpg,0,HAM_0003078,nv
ISIC_0026711.jpg,0,HAM_0007030,nv
ISIC_0024876.jpg,0,HAM_0004680,nv
ISIC_0030839.jpg,0,HAM_0006926,nv
ISIC_0028504.jpg,0,HAM_0006910,nv
ISIC_0029862.jpg,0,HAM_0006910,nv
ISIC_0028118.jpg,0,HAM_0007514,nv
ISIC_0030593.jpg,0,HAM_0002685,nv
ISIC_0027959.jpg,0,HAM_0007083,nv
ISIC_0031045.jpg,0,HAM_0001454,nv
ISIC_0031794.jpg,0,HAM_0006616,nv
ISIC_0026809.jpg,0,HAM_0000267,nv
ISIC_0030176.jpg,0,HAM_0005450,nv
ISIC_0031379.jpg,0,HAM_0006241,nv
ISIC_0027711.jpg,0,HAM_0005057,nv
ISIC_0025763.jpg,0,HAM_0007508,nv
ISIC_0026157.jpg,0,HAM_0000787,nv
ISIC_0028947.jpg,0,HAM_0002486,nv
ISIC_0029252.jpg,0,HAM_0004095,nv
ISIC_0026017.jpg,0,HAM_0004095,nv
ISIC_0031599.jpg,0,HAM_0003263,nv
ISIC_0028226.jpg,0,HAM_0003263,nv
ISIC_0031965.jpg,0,HAM_0002511,nv
ISIC_0025148.jpg,0,HAM_0002511,nv
ISIC_0030140.jpg,0,HAM_0006512,nv
ISIC_0027614.jpg,0,HAM_0006512,nv
ISIC_0025243.jpg,0,HAM_0001933,nv
ISIC_0024716.jpg,0,HAM_0001058,nv
ISIC_0030159.jpg,0,HAM_0007208,nv
ISIC_0027512.jpg,0,HAM_0004738,nv
ISIC_0030847.jpg,0,HAM_0005153,nv
ISIC_0027945.jpg,0,HAM_0003054,nv
ISIC_0032157.jpg,0,HAM_0000353,nv
ISIC_0030434.jpg,0,HAM_0005733,nv
ISIC_0032236.jpg,0,HAM_0006105,nv
ISIC_0026580.jpg,0,HAM_0005008,nv
ISIC_0030919.jpg,0,HAM_0005008,nv
ISIC_0028498.jpg,0,HAM_0000000,nv
ISIC_0025346.jpg,0,HAM_0000000,nv
ISIC_0030210.jpg,0,HAM_0004534,nv
ISIC_0028686.jpg,0,HAM_0005329,nv
ISIC_0029560.jpg,0,HAM_0006129,nv
ISIC_0027849.jpg,0,HAM_0006129,nv
ISIC_0031809.jpg,0,HAM_0004835,nv
ISIC_0025681.jpg,0,HAM_0007228,nv
ISIC_0030912.jpg,0,HAM_0001020,nv
ISIC_0024995.jpg,0,HAM_0003650,nv
ISIC_0026260.jpg,0,HAM_0000187,nv
ISIC_0027783.jpg,0,HAM_0001679,nv
ISIC_0030940.jpg,0,HAM_0002189,nv
ISIC_0030263.jpg,0,HAM_0003672,nv
ISIC_0029963.jpg,0,HAM_0007025,nv
ISIC_0030937.jpg,0,HAM_0005173,nv
ISIC_0025400.jpg,0,HAM_0005173,nv
ISIC_0026123.jpg,0,HAM_0003491,nv
ISIC_0026991.jpg,0,HAM_0003946,nv
ISIC_0029792.jpg,0,HAM_0005250,nv
ISIC_0029208.jpg,0,HAM_0000604,nv
ISIC_0028009.jpg,0,HAM_0005479,nv
ISIC_0028891.jpg,0,HAM_0006600,nv
ISIC_0032018.jpg,0,HAM_0006600,nv
ISIC_0025540.jpg,0,HAM_0001083,nv
ISIC_0032333.jpg,0,HAM_0001083,nv
ISIC_0028596.jpg,0,HAM_0003322,nv
ISIC_0024902.jpg,0,HAM_0000505,nv
ISIC_0027415.jpg,0,HAM_0000505,nv
ISIC_0024519.jpg,0,HAM_0007543,nv
ISIC_0026676.jpg,0,HAM_0007543,nv
ISIC_0025166.jpg,0,HAM_0001689,nv
ISIC_0028938.jpg,0,HAM_0001689,nv
ISIC_0024479.jpg,0,HAM_0006469,nv
ISIC_0032328.jpg,0,HAM_0006469,nv
ISIC_0026358.jpg,0,HAM_0006469,nv
ISIC_0025193.jpg,0,HAM_0006469,nv
ISIC_0028884.jpg,0,HAM_0005914,nv
ISIC_0028785.jpg,0,HAM_0005914,nv
ISIC_0025141.jpg,0,HAM_0006599,nv
ISIC_0026660.jpg,0,HAM_0006599,nv
ISIC_0026218.jpg,0,HAM_0001541,nv
ISIC_0028766.jpg,0,HAM_0001541,nv
ISIC_0027211.jpg,0,HAM_0006262,nv
ISIC_0030900.jpg,0,HAM_0006262,nv
ISIC_0027549.jpg,0,HAM_0006358,nv
ISIC_0025581.jpg,0,HAM_0006358,nv
ISIC_0028384.jpg,0,HAM_0005817,nv
ISIC_0030155.jpg,0,HAM_0005817,nv
ISIC_0026451.jpg,0,HAM_0005712,nv
ISIC_0032385.jpg,0,HAM_0005712,nv
ISIC_0027523.jpg,0,HAM_0001498,nv
ISIC_0028531.jpg,0,HAM_0001498,nv
ISIC_0025065.jpg,0,HAM_0005273,nv
ISIC_0027319.jpg,0,HAM_0005273,nv
ISIC_0029247.jpg,0,HAM_0002708,nv
ISIC_0024752.jpg,0,HAM_0002708,nv
ISIC_0029328.jpg,0,HAM_0001169,nv
ISIC_0030384.jpg,0,HAM_0001169,nv
ISIC_0029498.jpg,0,HAM_0001356,nv
ISIC_0026333.jpg,0,HAM_0001356,nv
ISIC_0031829.jpg,0,HAM_0006936,nv
ISIC_0027729.jpg,0,HAM_0006936,nv
ISIC_0031036.jpg,0,HAM_0005254,nv
ISIC_0026820.jpg,0,HAM_0005254,nv
ISIC_0029650.jpg,0,HAM_0001329,nv
ISIC_0029879.jpg,0,HAM_0001329,nv
ISIC_0029838.jpg,0,HAM_0002364,nv
ISIC_0025446.jpg,0,HAM_0002364,nv
ISIC_0024712.jpg,0,HAM_0002364,nv
ISIC_0028586.jpg,0,HAM_0000690,nv
ISIC_0030182.jpg,0,HAM_0000690,nv
ISIC_0026182.jpg,0,HAM_0001265,nv
ISIC_0025061.jpg,0,HAM_0001265,nv
ISIC_0028477.jpg,0,HAM_0005531,nv
ISIC_0024577.jpg,0,HAM_0005531,nv
ISIC_0028272.jpg,0,HAM_0001306,nv
ISIC_0026603.jpg,0,HAM_0001306,nv
ISIC_0025647.jpg,0,HAM_0002798,nv
ISIC_0025323.jpg,0,HAM_0002798,nv
ISIC_0026371.jpg,0,HAM_0004360,nv
ISIC_0024857.jpg,0,HAM_0004360,nv
ISIC_0026295.jpg,0,HAM_0006967,nv
ISIC_0030019.jpg,0,HAM_0006967,nv
ISIC_0028042.jpg,0,HAM_0003579,nv
ISIC_0030229.jpg,0,HAM_0003579,nv
ISIC_0027133.jpg,0,HAM_0004604,nv
ISIC_0028756.jpg,0,HAM_0004604,nv
ISIC_0030485.jpg,0,HAM_0002587,nv
ISIC_0031803.jpg,0,HAM_0002587,nv
ISIC_0025278.jpg,0,HAM_0002795,nv
ISIC_0032312.jpg,0,HAM_0002795,nv
ISIC_0029055.jpg,0,HAM_0002296,nv
ISIC_0026834.jpg,0,HAM_0002296,nv
ISIC_0026657.jpg,0,HAM_0002768,nv
ISIC_0028067.jpg,0,HAM_0002768,nv
ISIC_0030977.jpg,0,HAM_0005154,nv
ISIC_0024762.jpg,0,HAM_0005154,nv
ISIC_0024818.jpg,0,HAM_0006645,nv
ISIC_0031595.jpg,0,HAM_0006645,nv
ISIC_0031071.jpg,0,HAM_0003045,nv
ISIC_0031475.jpg,0,HAM_0003045,nv
ISIC_0031127.jpg,0,HAM_0000144,nv
ISIC_0027558.jpg,0,HAM_0000144,nv
ISIC_0029794.jpg,0,HAM_0006734,nv
ISIC_0024821.jpg,0,HAM_0001172,nv
ISIC_0027266.jpg,0,HAM_0003430,nv
ISIC_0025271.jpg,0,HAM_0003430,nv
ISIC_0027867.jpg,0,HAM_0003430,nv
ISIC_0026788.jpg,0,HAM_0001765,nv
ISIC_0029759.jpg,0,HAM_0001765,nv
ISIC_0030348.jpg,0,HAM_0002364,nv
ISIC_0032042.jpg,0,HAM_0002364,nv
ISIC_0031602.jpg,0,HAM_0006913,nv
ISIC_0024683.jpg,0,HAM_0006913,nv
ISIC_0026122.jpg,0,HAM_0000666,nv
ISIC_0026024.jpg,0,HAM_0000666,nv
ISIC_0025168.jpg,0,HAM_0003035,nv
ISIC_0024617.jpg,0,HAM_0003035,nv
ISIC_0026816.jpg,0,HAM_0002416,nv
ISIC_0028635.jpg,0,HAM_0002416,nv
ISIC_0029231.jpg,0,HAM_0004996,nv
ISIC_0030144.jpg,0,HAM_0004996,nv
ISIC_0028909.jpg,0,HAM_0004996,nv
ISIC_0028562.jpg,0,HAM_0003619,nv
ISIC_0025553.jpg,0,HAM_0003619,nv
ISIC_0029920.jpg,0,HAM_0004475,nv
ISIC_0031188.jpg,0,HAM_0004475,nv
ISIC_0030589.jpg,0,HAM_0005829,nv
ISIC_0030091.jpg,0,HAM_0005829,nv
ISIC_0028720.jpg,0,HAM_0002589,nv
ISIC_0026318.jpg,0,HAM_0002589,nv
ISIC_0026742.jpg,0,HAM_0005193,nv
ISIC_0028665.jpg,0,HAM_0005193,nv
ISIC_0026480.jpg,0,HAM_0001902,nv
ISIC_0029668.jpg,0,HAM_0001902,nv
ISIC_0026942.jpg,0,HAM_0006553,nv
ISIC_0030410.jpg,0,HAM_0006553,nv
ISIC_0031750.jpg,0,HAM_0007484,nv
ISIC_0030710.jpg,0,HAM_0007484,nv
ISIC_0027714.jpg,0,HAM_0005720,nv
ISIC_0030585.jpg,0,HAM_0005720,nv
ISIC_0028903.jpg,0,HAM_0003872,nv
ISIC_0030567.jpg,0,HAM_0003609,nv
ISIC_0025729.jpg,0,HAM_0003609,nv
ISIC_0029140.jpg,0,HAM_0004646,nv
ISIC_0030557.jpg,0,HAM_0004646,nv
ISIC_0025865.jpg,0,HAM_0005160,nv
ISIC_0024935.jpg,0,HAM_0005160,nv
ISIC_0029091.jpg,0,HAM_0002832,nv
ISIC_0032026.jpg,0,HAM_0002832,nv
ISIC_0026889.jpg,0,HAM_0002833,nv
ISIC_0030963.jpg,0,HAM_0002833,nv
ISIC_0030336.jpg,0,HAM_0006551,nv
ISIC_0027970.jpg,0,HAM_0006551,nv
ISIC_0027140.jpg,0,HAM_0006411,nv
ISIC_0031322.jpg,0,HAM_0006411,nv
ISIC_0031985.jpg,0,HAM_0000406,nv
ISIC_0030890.jpg,0,HAM_0000406,nv
ISIC_0030404.jpg,0,HAM_0002084,nv
ISIC_0027311.jpg,0,HAM_0002084,nv
ISIC_0031896.jpg,0,HAM_0003027,nv
ISIC_0025355.jpg,0,HAM_0003027,nv
ISIC_0032388.jpg,0,HAM_0000378,nv
ISIC_0031973.jpg,0,HAM_0000378,nv
ISIC_0025956.jpg,0,HAM_0000741,nv
ISIC_0027607.jpg,0,HAM_0000741,nv
ISIC_0025860.jpg,0,HAM_0002726,nv
ISIC_0025473.jpg,0,HAM_0002726,nv
ISIC_0025670.jpg,0,HAM_0002332,nv
ISIC_0025898.jpg,0,HAM_0002332,nv
ISIC_0029786.jpg,0,HAM_0007058,nv
ISIC_0027642.jpg,0,HAM_0007058,nv
ISIC_0024540.jpg,0,HAM_0000159,nv
ISIC_0027948.jpg,0,HAM_0000159,nv
ISIC_0032008.jpg,0,HAM_0004667,nv
ISIC_0031317.jpg,0,HAM_0004667,nv
ISIC_0024734.jpg,0,HAM_0007445,nv
ISIC_0027012.jpg,0,HAM_0007445,nv
ISIC_0029592.jpg,0,HAM_0006756,nv
ISIC_0026037.jpg,0,HAM_0006756,nv
ISIC_0025062.jpg,0,HAM_0001418,nv
ISIC_0030299.jpg,0,HAM_0006554,nv
ISIC_0028866.jpg,0,HAM_0006554,nv
ISIC_0025253.jpg,0,HAM_0005365,nv
ISIC_0027961.jpg,0,HAM_0005365,nv
ISIC_0026749.jpg,0,HAM_0004777,nv
ISIC_0029895.jpg,0,HAM_0004777,nv
ISIC_0030059.jpg,0,HAM_0005246,nv
ISIC_0028658.jpg,0,HAM_0004703,nv
ISIC_0032020.jpg,0,HAM_0007437,nv
ISIC_0024745.jpg,0,HAM_0007437,nv
ISIC_0026190.jpg,0,HAM_0002571,nv
ISIC_0025881.jpg,0,HAM_0002571,nv
ISIC_0029970.jpg,0,HAM_0005712,nv
ISIC_0025101.jpg,0,HAM_0005712,nv
ISIC_0030358.jpg,0,HAM_0005960,nv
ISIC_0028632.jpg,0,HAM_0005960,nv
ISIC_0029537.jpg,0,HAM_0002147,nv
ISIC_0031668.jpg,0,HAM_0000698,nv
ISIC_0027431.jpg,0,HAM_0000698,nv
ISIC_0030479.jpg,0,HAM_0007566,nv
ISIC_0028834.jpg,0,HAM_0007566,nv
ISIC_0030300.jpg,0,HAM_0002284,nv
ISIC_0025252.jpg,0,HAM_0007239,nv
ISIC_0027143.jpg,0,HAM_0007239,nv
ISIC_0030086.jpg,0,HAM_0000229,nv
ISIC_0031395.jpg,0,HAM_0005974,nv
ISIC_0034265.jpg,0,HAM_0005122,nv
ISIC_0033011.jpg,0,HAM_0006459,nv
ISIC_0032706.jpg,0,HAM_0000412,nv
ISIC_0033445.jpg,0,HAM_0000765,nv
ISIC_0032697.jpg,0,HAM_0002027,nv
ISIC_0032589.jpg,0,HAM_0006218,nv
ISIC_0032931.jpg,0,HAM_0002553,nv
ISIC_0033140.jpg,0,HAM_0003360,nv
ISIC_0033313.jpg,0,HAM_0003362,nv
ISIC_0033234.jpg,0,HAM_0003361,nv
ISIC_0033765.jpg,0,HAM_0003366,nv
ISIC_0033903.jpg,0,HAM_0003367,nv
ISIC_0032939.jpg,0,HAM_0003358,nv
ISIC_0033682.jpg,0,HAM_0003365,nv
ISIC_0033105.jpg,0,HAM_0003356,nv
ISIC_0032979.jpg,0,HAM_0003359,nv
ISIC_0033890.jpg,0,HAM_0003365,nv
ISIC_0033381.jpg,0,HAM_0003363,nv
ISIC_0033474.jpg,0,HAM_0003364,nv
ISIC_0034270.jpg,0,HAM_0003368,nv
ISIC_0032572.jpg,0,HAM_0003356,nv
ISIC_0032912.jpg,0,HAM_0003357,nv
ISIC_0029808.jpg,0,HAM_0003540,nv
ISIC_0025897.jpg,0,HAM_0003539,nv
ISIC_0028252.jpg,0,HAM_0001259,nv
ISIC_0028170.jpg,0,HAM_0003040,nv
ISIC_0031524.jpg,0,HAM_0007206,nv
ISIC_0024507.jpg,0,HAM_0001017,nv
ISIC_0034043.jpg,0,HAM_0006625,nv
ISIC_0029401.jpg,0,HAM_0001009,nv
ISIC_0033484.jpg,0,HAM_0000556,nv
ISIC_0033540.jpg,0,HAM_0000556,nv
ISIC_0034279.jpg,0,HAM_0000556,nv
ISIC_0033589.jpg,0,HAM_0006925,nv
ISIC_0033888.jpg,0,HAM_0006925,nv
ISIC_0033338.jpg,0,HAM_0006925,nv
ISIC_0032880.jpg,0,HAM_0001930,nv
ISIC_0032600.jpg,0,HAM_0001930,nv
ISIC_0032791.jpg,0,HAM_0001930,nv
ISIC_0032721.jpg,0,HAM_0001916,nv
ISIC_0033537.jpg,0,HAM_0001916,nv
ISIC_0032837.jpg,0,HAM_0002425,nv
ISIC_0032682.jpg,0,HAM_0002425,nv
ISIC_0033223.jpg,0,HAM_0007596,nv
ISIC_0032764.jpg,0,HAM_0007596,nv
ISIC_0032907.jpg,0,HAM_0003681,nv
ISIC_0033760.jpg,0,HAM_0003681,nv
ISIC_0033335.jpg,0,HAM_0005313,nv
ISIC_0034053.jpg,0,HAM_0001442,nv
ISIC_0032930.jpg,0,HAM_0000488,nv
ISIC_0032616.jpg,0,HAM_0007376,nv
ISIC_0033614.jpg,0,HAM_0007333,nv
ISIC_0033436.jpg,0,HAM_0007184,nv
ISIC_0033572.jpg,0,HAM_0003208,nv
ISIC_0033596.jpg,0,HAM_0003208,nv
ISIC_0034212.jpg,0,HAM_0003755,nv
ISIC_0033489.jpg,0,HAM_0003755,nv
ISIC_0033907.jpg,0,HAM_0005316,nv
ISIC_0033139.jpg,0,HAM_0005316,nv
ISIC_0033225.jpg,0,HAM_0001106,nv
ISIC_0033615.jpg,0,HAM_0001106,nv
ISIC_0033418.jpg,0,HAM_0000675,nv
ISIC_0034054.jpg,0,HAM_0000675,nv
ISIC_0033364.jpg,0,HAM_0000214,nv
ISIC_0034163.jpg,0,HAM_0005263,nv
ISIC_0034277.jpg,0,HAM_0005263,nv
ISIC_0034147.jpg,0,HAM_0005263,nv
ISIC_0033247.jpg,0,HAM_0005263,nv
ISIC_0033918.jpg,0,HAM_0005263,nv
ISIC_0032889.jpg,0,HAM_0005263,nv
ISIC_0033132.jpg,0,HAM_0004387,nv
ISIC_0033821.jpg,0,HAM_0004387,nv
ISIC_0033457.jpg,0,HAM_0005434,nv
ISIC_0033588.jpg,0,HAM_0003774,nv
ISIC_0033144.jpg,0,HAM_0003774,nv
ISIC_0033916.jpg,0,HAM_0005641,nv
ISIC_0032554.jpg,0,HAM_0005641,nv
ISIC_0033777.jpg,0,HAM_0004854,nv
ISIC_0033078.jpg,0,HAM_0004854,nv
ISIC_0034055.jpg,0,HAM_0004854,nv
ISIC_0033997.jpg,0,HAM_0006353,nv
ISIC_0032712.jpg,0,HAM_0006353,nv
ISIC_0033164.jpg,0,HAM_0006353,nv
ISIC_0033395.jpg,0,HAM_0004392,nv
ISIC_0033355.jpg,0,HAM_0004392,nv
ISIC_0033095.jpg,0,HAM_0004392,nv
ISIC_0033082.jpg,0,HAM_0002876,nv
ISIC_0034098.jpg,0,HAM_0002876,nv
ISIC_0033040.jpg,0,HAM_0007478,nv
ISIC_0034238.jpg,0,HAM_0002712,nv
ISIC_0032543.jpg,0,HAM_0002413,nv
ISIC_0033176.jpg,0,HAM_0001490,nv
ISIC_0032658.jpg,0,HAM_0005717,nv
ISIC_0032868.jpg,0,HAM_0004572,nv
ISIC_0032631.jpg,0,HAM_0001834,nv
ISIC_0032528.jpg,0,HAM_0003945,nv
ISIC_0034018.jpg,0,HAM_0002569,nv
ISIC_0033879.jpg,0,HAM_0000007,nv
ISIC_0033211.jpg,0,HAM_0005062,nv
ISIC_0033617.jpg,0,HAM_0005062,nv
ISIC_0033889.jpg,0,HAM_0005062,nv
ISIC_0033495.jpg,0,HAM_0003968,nv
ISIC_0033161.jpg,0,HAM_0003968,nv
ISIC_0032796.jpg,0,HAM_0003968,nv
ISIC_0033346.jpg,0,HAM_0004165,nv
ISIC_0034219.jpg,0,HAM_0004165,nv
ISIC_0033098.jpg,0,HAM_0004071,nv
ISIC_0032607.jpg,0,HAM_0004071,nv
ISIC_0033584.jpg,0,HAM_0003777,nv
ISIC_0033118.jpg,0,HAM_0003777,nv
ISIC_0032523.jpg,0,HAM_0002755,nv
ISIC_0033159.jpg,0,HAM_0002755,nv
ISIC_0033542.jpg,0,HAM_0001613,nv
ISIC_0032748.jpg,0,HAM_0001613,nv
ISIC_0034260.jpg,0,HAM_0004705,nv
ISIC_0034027.jpg,0,HAM_0005059,nv
ISIC_0032580.jpg,0,HAM_0002724,nv
ISIC_0033692.jpg,0,HAM_0002724,nv
ISIC_0032575.jpg,0,HAM_0002074,nv
ISIC_0032793.jpg,0,HAM_0002074,nv
ISIC_0033766.jpg,0,HAM_0005115,nv
ISIC_0033008.jpg,0,HAM_0005115,nv
ISIC_0033543.jpg,0,HAM_0000181,nv
ISIC_0034185.jpg,0,HAM_0000181,nv
ISIC_0033842.jpg,0,HAM_0005353,nv
ISIC_0032923.jpg,0,HAM_0005353,nv
ISIC_0032935.jpg,0,HAM_0004016,nv
ISIC_0034229.jpg,0,HAM_0005689,nv
ISIC_0028066.jpg,0,HAM_0005689,nv
ISIC_0032828.jpg,0,HAM_0005308,nv
ISIC_0033464.jpg,0,HAM_0000650,nv
ISIC_0033577.jpg,0,HAM_0004346,nv
ISIC_0033895.jpg,0,HAM_0004348,nv
ISIC_0032678.jpg,0,HAM_0004344,nv
ISIC_0033970.jpg,0,HAM_0004350,nv
ISIC_0033896.jpg,0,HAM_0004349,nv
ISIC_0034250.jpg,0,HAM_0004352,nv
ISIC_0033690.jpg,0,HAM_0004347,nv
ISIC_0034193.jpg,0,HAM_0004351,nv
ISIC_0033208.jpg,0,HAM_0004345,nv
ISIC_0032402.jpg,0,HAM_0003809,nv
ISIC_0034309.jpg,0,HAM_0003810,nv
ISIC_0032900.jpg,0,HAM_0003811,nv
ISIC_0033898.jpg,0,HAM_0003812,nv
ISIC_0033173.jpg,0,HAM_0003813,nv
ISIC_0032647.jpg,0,HAM_0003814,nv
ISIC_0024715.jpg,0,HAM_0003815,nv
ISIC_0029152.jpg,0,HAM_0003816,nv
ISIC_0032800.jpg,0,HAM_0003817,nv
ISIC_0033622.jpg,0,HAM_0003818,nv
ISIC_0027689.jpg,0,HAM_0003819,nv
ISIC_0032655.jpg,0,HAM_0003807,bkl
ISIC_0033290.jpg,0,HAM_0006233,nv
ISIC_0034072.jpg,0,HAM_0006237,nv
ISIC_0034177.jpg,0,HAM_0006239,nv
ISIC_0033681.jpg,0,HAM_0006235,nv
ISIC_0033741.jpg,0,HAM_0006236,nv
ISIC_0033341.jpg,0,HAM_0006234,nv
ISIC_0032849.jpg,0,HAM_0006231,nv
ISIC_0033043.jpg,0,HAM_0006232,nv
ISIC_0032632.jpg,0,HAM_0006230,nv
ISIC_0034302.jpg,0,HAM_0004215,nv
ISIC_0032635.jpg,0,HAM_0004185,nv
ISIC_0034114.jpg,0,HAM_0004212,nv
ISIC_0032562.jpg,0,HAM_0004191,nv
ISIC_0033826.jpg,0,HAM_0004206,nv
ISIC_0033421.jpg,0,HAM_0004196,nv
ISIC_0033602.jpg,0,HAM_0004201,nv
ISIC_0034248.jpg,0,HAM_0004214,nv
ISIC_0033467.jpg,0,HAM_0004197,nv
ISIC_0033797.jpg,0,HAM_0004205,nv
ISIC_0033772.jpg,0,HAM_0004204,nv
ISIC_0033039.jpg,0,HAM_0004190,nv
ISIC_0032996.jpg,0,HAM_0004188,nv
ISIC_0032591.jpg,0,HAM_0004182,nv
ISIC_0034228.jpg,0,HAM_0004213,nv
ISIC_0033556.jpg,0,HAM_0004199,nv
ISIC_0033892.jpg,0,HAM_0004208,nv
ISIC_0032571.jpg,0,HAM_0004181,nv
ISIC_0033101.jpg,0,HAM_0004194,nv
ISIC_0033623.jpg,0,HAM_0004202,nv
ISIC_0034075.jpg,0,HAM_0004209,nv
ISIC_0032606.jpg,0,HAM_0004183,nv
ISIC_0033066.jpg,0,HAM_0004192,nv
ISIC_0033383.jpg,0,HAM_0004195,nv
ISIC_0033858.jpg,0,HAM_0004207,nv
ISIC_0034081.jpg,0,HAM_0004210,nv
ISIC_0033072.jpg,0,HAM_0004193,nv
ISIC_0032759.jpg,0,HAM_0004186,nv
ISIC_0033647.jpg,0,HAM_0004203,nv
ISIC_0032634.jpg,0,HAM_0004184,nv
ISIC_0032956.jpg,0,HAM_0004187,nv
ISIC_0033481.jpg,0,HAM_0004198,nv
ISIC_0034082.jpg,0,HAM_0004211,nv
ISIC_0033567.jpg,0,HAM_0004200,nv
ISIC_0034312.jpg,0,HAM_0004216,nv
ISIC_0033025.jpg,0,HAM_0003236,nv
ISIC_0033053.jpg,0,HAM_0003236,nv
ISIC_0033374.jpg,0,HAM_0006766,nv
ISIC_0033877.jpg,0,HAM_0004237,nv
ISIC_0032578.jpg,0,HAM_0007460,nv
ISIC_0033841.jpg,0,HAM_0000822,nv
ISIC_0033882.jpg,0,HAM_0006644,nv
ISIC_0034266.jpg,0,HAM_0004120,nv
ISIC_0033751.jpg,0,HAM_0005257,nv
ISIC_0033065.jpg,0,HAM_0001619,nv
ISIC_0033375.jpg,0,HAM_0001147,nv
ISIC_0033628.jpg,0,HAM_0004508,nv
ISIC_0033733.jpg,0,HAM_0002037,nv
ISIC_0032738.jpg,0,HAM_0007191,nv
ISIC_0033353.jpg,0,HAM_0001000,nv
ISIC_0034019.jpg,0,HAM_0000627,nv
ISIC_0032852.jpg,0,HAM_0002164,nv
ISIC_0034080.jpg,0,HAM_0000421,nv
ISIC_0034154.jpg,0,HAM_0003561,nv
ISIC_0032789.jpg,0,HAM_0004430,nv
ISIC_0033417.jpg,0,HAM_0007301,nv
ISIC_0033782.jpg,0,HAM_0003935,nv
ISIC_0033332.jpg,0,HAM_0001118,nv
ISIC_0034130.jpg,0,HAM_0007172,nv
ISIC_0032945.jpg,0,HAM_0003696,nv
ISIC_0033597.jpg,0,HAM_0005439,nv
ISIC_0034045.jpg,0,HAM_0002282,nv
ISIC_0033028.jpg,0,HAM_0001139,nv
ISIC_0033809.jpg,0,HAM_0003998,nv
ISIC_0033187.jpg,0,HAM_0003034,nv
ISIC_0032814.jpg,0,HAM_0001366,nv
ISIC_0033190.jpg,0,HAM_0004670,nv
ISIC_0033535.jpg,0,HAM_0003017,nv
ISIC_0033330.jpg,0,HAM_0005156,nv
ISIC_0033064.jpg,0,HAM_0001209,nv
ISIC_0033515.jpg,0,HAM_0002402,nv
ISIC_0033735.jpg,0,HAM_0001433,nv
ISIC_0033982.jpg,0,HAM_0006643,nv
ISIC_0034195.jpg,0,HAM_0003300,nv
ISIC_0033620.jpg,0,HAM_0003807,bkl
ISIC_0034040.jpg,0,HAM_0003808,bkl
ISIC_0029355.jpg,0,HAM_0007069,nv
ISIC_0024725.jpg,0,HAM_0006720,nv
ISIC_0031259.jpg,0,HAM_0006720,nv
ISIC_0027138.jpg,0,HAM_0004370,nv
ISIC_0024757.jpg,0,HAM_0004370,nv
ISIC_0027492.jpg,0,HAM_0003642,nv
ISIC_0027528.jpg,0,HAM_0003642,nv
ISIC_0026391.jpg,0,HAM_0000057,nv
ISIC_0025122.jpg,0,HAM_0000057,nv
ISIC_0031216.jpg,0,HAM_0006861,nv
ISIC_0031769.jpg,0,HAM_0006861,nv
ISIC_0025816.jpg,0,HAM_0007122,nv
ISIC_0031209.jpg,0,HAM_0007069,nv
ISIC_0028014.jpg,0,HAM_0005696,nv
ISIC_0025499.jpg,0,HAM_0005696,nv
ISIC_0032379.jpg,0,HAM_0005522,nv
ISIC_0029368.jpg,0,HAM_0005522,nv
ISIC_0025653.jpg,0,HAM_0005347,nv
ISIC_0027265.jpg,0,HAM_0005347,nv
ISIC_0024437.jpg,0,HAM_0002566,nv
ISIC_0031105.jpg,0,HAM_0002566,nv
ISIC_0027418.jpg,0,HAM_0001393,nv
ISIC_0029030.jpg,0,HAM_0001393,nv
ISIC_0031359.jpg,0,HAM_0002408,nv
ISIC_0031454.jpg,0,HAM_0002408,nv
ISIC_0024955.jpg,0,HAM_0001956,nv
ISIC_0030038.jpg,0,HAM_0001956,nv
ISIC_0030909.jpg,0,HAM_0000258,nv
ISIC_0031323.jpg,0,HAM_0000258,nv
ISIC_0031791.jpg,0,HAM_0004742,nv
ISIC_0028338.jpg,0,HAM_0004742,nv
ISIC_0028618.jpg,0,HAM_0001633,nv
ISIC_0031488.jpg,0,HAM_0001633,nv
ISIC_0027345.jpg,0,HAM_0005091,nv
ISIC_0031148.jpg,0,HAM_0005091,nv
ISIC_0028008.jpg,0,HAM_0005018,nv
ISIC_0026440.jpg,0,HAM_0005018,nv
ISIC_0028399.jpg,0,HAM_0007122,nv
ISIC_0029143.jpg,0,HAM_0001410,nv
ISIC_0025652.jpg,0,HAM_0003965,nv
ISIC_0028585.jpg,0,HAM_0002554,nv
ISIC_0029038.jpg,0,HAM_0004857,nv
ISIC_0031222.jpg,0,HAM_0004857,nv
ISIC_0026326.jpg,0,HAM_0007609,nv
ISIC_0032102.jpg,0,HAM_0002554,nv
ISIC_0032273.jpg,0,HAM_0006283,nv
ISIC_0031299.jpg,0,HAM_0003384,nv
ISIC_0028438.jpg,0,HAM_0003384,nv
ISIC_0024830.jpg,0,HAM_0001410,nv
ISIC_0028380.jpg,0,HAM_0003965,nv
ISIC_0027924.jpg,0,HAM_0006283,nv
ISIC_0031547.jpg,0,HAM_0000102,nv
ISIC_0032221.jpg,0,HAM_0000102,nv
ISIC_0030693.jpg,0,HAM_0005314,nv
ISIC_0031649.jpg,0,HAM_0003322,nv
ISIC_0029417.jpg,0,HAM_0002644,akiec
ISIC_0029915.jpg,0,HAM_0006002,akiec
ISIC_0029360.jpg,0,HAM_0000549,akiec
ISIC_0026152.jpg,0,HAM_0000549,akiec
ISIC_0029659.jpg,0,HAM_0000673,akiec
ISIC_0026575.jpg,0,HAM_0006875,akiec
ISIC_0030586.jpg,0,HAM_0006875,akiec
ISIC_0025178.jpg,0,HAM_0005282,akiec
ISIC_0028730.jpg,0,HAM_0005282,akiec
ISIC_0029041.jpg,0,HAM_0006898,akiec
ISIC_0031040.jpg,0,HAM_0006898,akiec
ISIC_0031929.jpg,0,HAM_0001499,akiec
ISIC_0032173.jpg,0,HAM_0001694,akiec
ISIC_0033456.jpg,0,HAM_0002615,akiec
ISIC_0030408.jpg,0,HAM_0002061,akiec
ISIC_0027795.jpg,0,HAM_0001526,akiec
ISIC_0024913.jpg,0,HAM_0001495,akiec
ISIC_0032329.jpg,0,HAM_0005027,akiec
ISIC_0031198.jpg,0,HAM_0003422,akiec
ISIC_0026872.jpg,0,HAM_0006746,akiec
ISIC_0031191.jpg,0,HAM_0005931,akiec
ISIC_0025948.jpg,0,HAM_0002672,akiec
ISIC_0030242.jpg,0,HAM_0006898,akiec
ISIC_0031119.jpg,0,HAM_0004243,akiec
ISIC_0024562.jpg,0,HAM_0002745,akiec
ISIC_0026362.jpg,0,HAM_0005301,akiec
ISIC_0030297.jpg,0,HAM_0001621,akiec
ISIC_0027084.jpg,0,HAM_0006893,akiec
ISIC_0030714.jpg,0,HAM_0003989,akiec
ISIC_0028158.jpg,0,HAM_0002343,akiec
ISIC_0028231.jpg,0,HAM_0003688,akiec
ISIC_0026411.jpg,0,HAM_0004846,akiec
ISIC_0029634.jpg,0,HAM_0003971,akiec
ISIC_0031918.jpg,0,HAM_0003141,akiec
ISIC_0030803.jpg,0,HAM_0004012,akiec
ISIC_0025831.jpg,0,HAM_0004012,akiec
ISIC_0027231.jpg,0,HAM_0005310,akiec
ISIC_0027719.jpg,0,HAM_0007354,akiec
ISIC_0024843.jpg,0,HAM_0004376,akiec
ISIC_0028381.jpg,0,HAM_0004522,akiec
ISIC_0030602.jpg,0,HAM_0007555,akiec
ISIC_0031874.jpg,0,HAM_0001922,akiec
ISIC_0032437.jpg,0,HAM_0007601,akiec
ISIC_0025069.jpg,0,HAM_0006222,akiec
ISIC_0027700.jpg,0,HAM_0001383,akiec
ISIC_0025411.jpg,0,HAM_0002158,akiec
ISIC_0025130.jpg,0,HAM_0000718,akiec
ISIC_0030076.jpg,0,HAM_0007085,akiec
ISIC_0028816.jpg,0,HAM_0003123,akiec
ISIC_0028232.jpg,0,HAM_0003123,akiec
ISIC_0029067.jpg,0,HAM_0000498,akiec
ISIC_0026927.jpg,0,HAM_0003501,akiec
ISIC_0025539.jpg,0,HAM_0000967,akiec
ISIC_0030191.jpg,0,HAM_0003161,akiec
ISIC_0031043.jpg,0,HAM_0006217,akiec
ISIC_0025331.jpg,0,HAM_0001258,akiec
ISIC_0027577.jpg,0,HAM_0005958,akiec
ISIC_0025696.jpg,0,HAM_0002472,akiec
ISIC_0032455.jpg,0,HAM_0001337,akiec
ISIC_0030794.jpg,0,HAM_0002185,akiec
ISIC_0031738.jpg,0,HAM_0005766,akiec
ISIC_0029930.jpg,0,HAM_0005889,akiec
ISIC_0026327.jpg,0,HAM_0002012,akiec
ISIC_0027678.jpg,0,HAM_0003586,akiec
ISIC_0032349.jpg,0,HAM_0003086,akiec
ISIC_0029362.jpg,0,HAM_0005413,akiec
ISIC_0027708.jpg,0,HAM_0005438,akiec
ISIC_0028132.jpg,0,HAM_0005413,akiec
ISIC_0030991.jpg,0,HAM_0001453,akiec
ISIC_0029541.jpg,0,HAM_0004636,akiec
ISIC_0027958.jpg,0,HAM_0003455,akiec
ISIC_0027896.jpg,0,HAM_0003455,akiec
ISIC_0030827.jpg,0,HAM_0001173,akiec
ISIC_0031940.jpg,0,HAM_0001234,akiec
ISIC_0029582.jpg,0,HAM_0003501,akiec
ISIC_0026729.jpg,0,HAM_0006560,akiec
ISIC_0028372.jpg,0,HAM_0006482,akiec
ISIC_0027506.jpg,0,HAM_0006482,akiec
ISIC_0026625.jpg,0,HAM_0005354,akiec
ISIC_0028854.jpg,0,HAM_0005356,akiec
ISIC_0031044.jpg,0,HAM_0006135,akiec
ISIC_0025712.jpg,0,HAM_0005117,akiec
ISIC_0025358.jpg,0,HAM_0004398,akiec
ISIC_0031852.jpg,0,HAM_0004441,akiec
ISIC_0031609.jpg,0,HAM_0004363,akiec
ISIC_0032422.jpg,0,HAM_0004384,akiec
ISIC_0030826.jpg,0,HAM_0004384,akiec
ISIC_0031012.jpg,0,HAM_0005389,akiec
ISIC_0029533.jpg,0,HAM_0005389,akiec
ISIC_0024372.jpg,0,HAM_0005389,akiec
ISIC_0024707.jpg,0,HAM_0005448,akiec
ISIC_0026992.jpg,0,HAM_0003146,akiec
ISIC_0029563.jpg,0,HAM_0003146,akiec
ISIC_0030491.jpg,0,HAM_0002441,akiec
ISIC_0029715.jpg,0,HAM_0000859,akiec
ISIC_0029860.jpg,0,HAM_0001967,akiec
ISIC_0027650.jpg,0,HAM_0002648,akiec
ISIC_0030341.jpg,0,HAM_0004558,akiec
ISIC_0024517.jpg,0,HAM_0001894,akiec
ISIC_0025825.jpg,0,HAM_0002232,akiec
ISIC_0025808.jpg,0,HAM_0002261,akiec
ISIC_0027303.jpg,0,HAM_0000490,akiec
ISIC_0026645.jpg,0,HAM_0003136,akiec
ISIC_0024710.jpg,0,HAM_0004609,akiec
ISIC_0029315.jpg,0,HAM_0004780,akiec
ISIC_0029811.jpg,0,HAM_0003157,akiec
ISIC_0024450.jpg,0,HAM_0005505,akiec
ISIC_0031743.jpg,0,HAM_0005505,akiec
ISIC_0026522.jpg,0,HAM_0005505,akiec
ISIC_0024771.jpg,0,HAM_0006301,akiec
ISIC_0027753.jpg,0,HAM_0006481,akiec
ISIC_0026492.jpg,0,HAM_0006481,akiec
ISIC_0026466.jpg,0,HAM_0000456,akiec
ISIC_0029932.jpg,0,HAM_0004722,akiec
ISIC_0030375.jpg,0,HAM_0007037,akiec
ISIC_0030175.jpg,0,HAM_0003051,akiec
ISIC_0024575.jpg,0,HAM_0004722,akiec
ISIC_0031335.jpg,0,HAM_0000501,akiec
ISIC_0031692.jpg,0,HAM_0007131,akiec
ISIC_0032203.jpg,0,HAM_0005954,akiec
ISIC_0025089.jpg,0,HAM_0002705,akiec
ISIC_0027178.jpg,0,HAM_0002705,akiec
ISIC_0028190.jpg,0,HAM_0002734,akiec
ISIC_0028314.jpg,0,HAM_0006434,akiec
ISIC_0026138.jpg,0,HAM_0005027,akiec
ISIC_0029371.jpg,0,HAM_0005264,akiec
ISIC_0031659.jpg,0,HAM_0005264,akiec
ISIC_0024946.jpg,0,HAM_0005264,akiec
ISIC_0030707.jpg,0,HAM_0001890,akiec
ISIC_0031211.jpg,0,HAM_0004563,akiec
ISIC_0028872.jpg,0,HAM_0000552,akiec
ISIC_0030953.jpg,0,HAM_0005924,akiec
ISIC_0025196.jpg,0,HAM_0005924,akiec
ISIC_0030821.jpg,0,HAM_0006604,akiec
ISIC_0031292.jpg,0,HAM_0007008,akiec
ISIC_0026083.jpg,0,HAM_0000552,akiec
ISIC_0029059.jpg,0,HAM_0002771,akiec
ISIC_0025182.jpg,0,HAM_0006213,akiec
ISIC_0028659.jpg,0,HAM_0002070,akiec
ISIC_0031570.jpg,0,HAM_0001178,akiec
ISIC_0024418.jpg,0,HAM_0003380,akiec
ISIC_0027343.jpg,0,HAM_0003380,akiec
ISIC_0027172.jpg,0,HAM_0003939,akiec
ISIC_0028644.jpg,0,HAM_0001176,akiec
ISIC_0025637.jpg,0,HAM_0001460,akiec
ISIC_0032277.jpg,0,HAM_0001624,akiec
ISIC_0025953.jpg,0,HAM_0002461,akiec
ISIC_0026203.jpg,0,HAM_0003895,akiec
ISIC_0025811.jpg,0,HAM_0005255,akiec
ISIC_0033494.jpg,0,HAM_0002615,akiec
ISIC_0026212.jpg,0,HAM_0003262,akiec
ISIC_0026014.jpg,0,HAM_0002882,akiec
ISIC_0032371.jpg,0,HAM_0006483,akiec
ISIC_0029610.jpg,0,HAM_0005459,akiec
ISIC_0033413.jpg,0,HAM_0002615,akiec
ISIC_0030785.jpg,0,HAM_0004609,akiec
ISIC_0029840.jpg,0,HAM_0004809,akiec
ISIC_0027047.jpg,0,HAM_0001786,akiec
ISIC_0030143.jpg,0,HAM_0005978,akiec
ISIC_0029210.jpg,0,HAM_0004060,akiec
ISIC_0032154.jpg,0,HAM_0002307,akiec
ISIC_0026549.jpg,0,HAM_0002307,akiec
ISIC_0032356.jpg,0,HAM_0000982,akiec
ISIC_0026100.jpg,0,HAM_0000954,akiec
ISIC_0029567.jpg,0,HAM_0000954,akiec
ISIC_0024522.jpg,0,HAM_0005650,akiec
ISIC_0030387.jpg,0,HAM_0005650,akiec
ISIC_0031381.jpg,0,HAM_0002441,akiec
ISIC_0029851.jpg,0,HAM_0000769,akiec
ISIC_0029279.jpg,0,HAM_0000769,akiec
ISIC_0028558.jpg,0,HAM_0002646,akiec
ISIC_0027529.jpg,0,HAM_0004568,akiec
ISIC_0024463.jpg,0,HAM_0004568,akiec
ISIC_0028795.jpg,0,HAM_0004568,akiec
ISIC_0029573.jpg,0,HAM_0006879,akiec
ISIC_0025350.jpg,0,HAM_0005701,akiec
ISIC_0030280.jpg,0,HAM_0003633,akiec
ISIC_0031578.jpg,0,HAM_0003157,akiec
ISIC_0032397.jpg,0,HAM_0005459,akiec
ISIC_0030245.jpg,0,HAM_0004780,akiec
ISIC_0026720.jpg,0,HAM_0000688,akiec
ISIC_0030487.jpg,0,HAM_0000688,akiec
ISIC_0032238.jpg,0,HAM_0000688,akiec
ISIC_0031672.jpg,0,HAM_0004439,akiec
ISIC_0030986.jpg,0,HAM_0004439,akiec
ISIC_0031431.jpg,0,HAM_0004439,akiec
ISIC_0026149.jpg,0,HAM_0005480,akiec
ISIC_0025992.jpg,0,HAM_0005480,akiec
ISIC_0029268.jpg,0,HAM_0005459,akiec
ISIC_0029598.jpg,0,HAM_0003401,akiec
ISIC_0029002.jpg,0,HAM_0003401,akiec
ISIC_0029781.jpg,0,HAM_0002646,akiec
ISIC_0026525.jpg,0,HAM_0001048,akiec
ISIC_0026709.jpg,0,HAM_0001565,akiec
ISIC_0028224.jpg,0,HAM_0001625,akiec
ISIC_0032897.jpg,0,HAM_0000462,akiec
ISIC_0026206.jpg,0,HAM_0000490,akiec
ISIC_0026319.jpg,0,HAM_0003195,akiec
ISIC_0025319.jpg,0,HAM_0003195,akiec
ISIC_0030730.jpg,0,HAM_0004592,akiec
ISIC_0030549.jpg,0,HAM_0002094,akiec
ISIC_0025247.jpg,0,HAM_0005231,akiec
ISIC_0029043.jpg,0,HAM_0005231,akiec
ISIC_0026178.jpg,0,HAM_0007349,akiec
ISIC_0032014.jpg,0,HAM_0007349,akiec
ISIC_0027184.jpg,0,HAM_0007349,akiec
ISIC_0029462.jpg,0,HAM_0007349,akiec
ISIC_0028499.jpg,0,HAM_0004976,akiec
ISIC_0031421.jpg,0,HAM_0004976,akiec
ISIC_0027447.jpg,0,HAM_0007601,akiec
ISIC_0027536.jpg,0,HAM_0007601,akiec
ISIC_0025577.jpg,0,HAM_0000005,akiec
ISIC_0030591.jpg,0,HAM_0000005,akiec
ISIC_0024579.jpg,0,HAM_0000005,akiec
ISIC_0029638.jpg,0,HAM_0000005,akiec
ISIC_0025029.jpg,0,HAM_0003105,akiec
ISIC_0026388.jpg,0,HAM_0003105,akiec
ISIC_0026132.jpg,0,HAM_0004992,akiec
ISIC_0025790.jpg,0,HAM_0001004,akiec
ISIC_0024923.jpg,0,HAM_0001004,akiec
ISIC_0026626.jpg,0,HAM_0005020,akiec
ISIC_0028335.jpg,0,HAM_0001219,akiec
ISIC_0027580.jpg,0,HAM_0005648,akiec
ISIC_0025803.jpg,0,HAM_0005024,akiec
ISIC_0026981.jpg,0,HAM_0000909,akiec
ISIC_0031286.jpg,0,HAM_0000909,akiec
ISIC_0030158.jpg,0,HAM_0005255,akiec
ISIC_0029900.jpg,0,HAM_0005551,akiec
ISIC_0029549.jpg,0,HAM_0005718,akiec
ISIC_0026905.jpg,0,HAM_0006180,akiec
ISIC_0024470.jpg,0,HAM_0006220,akiec
ISIC_0024646.jpg,0,HAM_0006252,akiec
ISIC_0033000.jpg,0,HAM_0006442,akiec
ISIC_0033295.jpg,0,HAM_0006442,akiec
ISIC_0031228.jpg,0,HAM_0006524,akiec
ISIC_0024763.jpg,0,HAM_0006524,akiec
ISIC_0028076.jpg,0,HAM_0006434,akiec
ISIC_0030142.jpg,0,HAM_0006434,akiec
ISIC_0024468.jpg,0,HAM_0006301,akiec
ISIC_0025471.jpg,0,HAM_0001967,akiec
ISIC_0031823.jpg,0,HAM_0006301,akiec
ISIC_0028063.jpg,0,HAM_0006560,akiec
ISIC_0027930.jpg,0,HAM_0004899,akiec
ISIC_0027802.jpg,0,HAM_0006560,akiec
ISIC_0024329.jpg,0,HAM_0002954,akiec
ISIC_0024925.jpg,0,HAM_0006592,akiec
ISIC_0029460.jpg,0,HAM_0000545,akiec
ISIC_0030844.jpg,0,HAM_0003107,akiec
ISIC_0031993.jpg,0,HAM_0006887,akiec
ISIC_0029500.jpg,0,HAM_0006887,akiec
ISIC_0032404.jpg,0,HAM_0007038,akiec
ISIC_0025957.jpg,0,HAM_0007047,akiec
ISIC_0031927.jpg,0,HAM_0001277,akiec
ISIC_0027550.jpg,0,HAM_0004297,akiec
ISIC_0025605.jpg,0,HAM_0007047,akiec
ISIC_0024800.jpg,0,HAM_0007088,akiec
ISIC_0030344.jpg,0,HAM_0007199,akiec
ISIC_0025264.jpg,0,HAM_0007623,akiec
ISIC_0026171.jpg,0,HAM_0000356,akiec
ISIC_0026457.jpg,0,HAM_0007303,akiec
ISIC_0026848.jpg,0,HAM_0007308,akiec
ISIC_0027562.jpg,0,HAM_0007622,akiec
ISIC_0024539.jpg,0,HAM_0002551,akiec
ISIC_0028763.jpg,0,HAM_0000832,akiec
ISIC_0029133.jpg,0,HAM_0000918,akiec
ISIC_0027767.jpg,0,HAM_0003934,akiec
ISIC_0027294.jpg,0,HAM_0001520,akiec
ISIC_0027668.jpg,0,HAM_0001386,akiec
ISIC_0025427.jpg,0,HAM_0001416,akiec
ISIC_0032135.jpg,0,HAM_0003144,akiec
ISIC_0025780.jpg,0,HAM_0006587,akiec
ISIC_0028941.jpg,0,HAM_0001593,akiec
ISIC_0030463.jpg,0,HAM_0004655,akiec
ISIC_0029827.jpg,0,HAM_0002699,akiec
ISIC_0026468.jpg,0,HAM_0001023,akiec
ISIC_0026702.jpg,0,HAM_0005228,akiec
ISIC_0027452.jpg,0,HAM_0004033,akiec
ISIC_0026984.jpg,0,HAM_0001903,akiec
ISIC_0032206.jpg,0,HAM_0001302,akiec
ISIC_0032199.jpg,0,HAM_0000361,akiec
ISIC_0033869.jpg,0,HAM_0000462,akiec
ISIC_0026857.jpg,0,HAM_0004363,akiec
ISIC_0030825.jpg,0,HAM_0004060,akiec
ISIC_0029713.jpg,0,HAM_0006036,akiec
ISIC_0028370.jpg,0,HAM_0005668,akiec
ISIC_0033866.jpg,0,HAM_0000239,akiec
ISIC_0030036.jpg,0,HAM_0007008,akiec
ISIC_0024654.jpg,0,HAM_0005705,akiec
ISIC_0028820.jpg,0,HAM_0000931,akiec
ISIC_0027829.jpg,0,HAM_0004034,akiec
ISIC_0031506.jpg,0,HAM_0006902,akiec
ISIC_0027254.jpg,0,HAM_0003949,akiec
ISIC_0025368.jpg,0,HAM_0004472,akiec
ISIC_0026194.jpg,0,HAM_0003910,akiec
ISIC_0026765.jpg,0,HAM_0001474,akiec
ISIC_0024511.jpg,0,HAM_0001505,akiec
ISIC_0026040.jpg,0,HAM_0006252,akiec
ISIC_0029830.jpg,0,HAM_0006024,akiec
ISIC_0027884.jpg,0,HAM_0006024,akiec
ISIC_0028517.jpg,0,HAM_0006220,akiec
ISIC_0031108.jpg,0,HAM_0004809,akiec
ISIC_0027588.jpg,0,HAM_0001036,akiec
ISIC_0029025.jpg,0,HAM_0004384,akiec
ISIC_0027334.jpg,0,HAM_0004462,akiec
ISIC_0030133.jpg,0,HAM_0001152,akiec
ISIC_0033811.jpg,0,HAM_0004282,akiec
ISIC_0026650.jpg,0,HAM_0000545,akiec
ISIC_0030877.jpg,0,HAM_0000193,akiec
ISIC_0027950.jpg,0,HAM_0000193,akiec
ISIC_0027615.jpg,0,HAM_0006180,akiec
ISIC_0028990.jpg,0,HAM_0006180,akiec
ISIC_0033358.jpg,0,HAM_0004282,akiec
ISIC_0030655.jpg,0,HAM_0000356,akiec
ISIC_0033151.jpg,0,HAM_0004282,akiec
ISIC_0031922.jpg,0,HAM_0000020,akiec
ISIC_0032947.jpg,0,HAM_0006442,akiec
ISIC_0029141.jpg,0,HAM_0004592,akiec
ISIC_0029309.jpg,0,HAM_0005579,akiec
ISIC_0028393.jpg,0,HAM_0005579,akiec
ISIC_0024948.jpg,0,HAM_0004034,akiec
ISIC_0028619.jpg,0,HAM_0001565,akiec
ISIC_0033705.jpg,0,HAM_0001576,akiec
ISIC_0031430.jpg,0,HAM_0005705,akiec
ISIC_0033084.jpg,0,HAM_0002867,akiec
ISIC_0033550.jpg,0,HAM_0002867,akiec
ISIC_0033536.jpg,0,HAM_0002867,akiec
ISIC_0032854.jpg,0,HAM_0000239,akiec
ISIC_0032258.jpg,1,HAM_0003521,mel
