rel,split,class,HAM10000_nn_index,HAM10000_nn_dist,ISIC2020_nn_index,ISIC2020_nn_dist,ham_matched_melanoma,isic_matched_melanoma
test/benign/melanoma_10000.jpg,test,benign,2970,74.0,11024,2.0,-1,0
test/benign/melanoma_10001.jpg,test,benign,6026,84.0,11025,2.0,-1,0
test/benign/melanoma_10002.jpg,test,benign,4951,84.0,10970,0.0,-1,0
test/benign/melanoma_10003.jpg,test,benign,8057,86.0,1397,2.0,-1,0
test/benign/melanoma_10004.jpg,test,benign,6973,74.0,11026,4.0,-1,0
test/benign/melanoma_10005.jpg,test,benign,1804,94.0,11027,2.0,-1,0
test/benign/melanoma_10006.jpg,test,benign,7139,84.0,10608,2.0,-1,0
test/benign/melanoma_10007.jpg,test,benign,787,86.0,11028,2.0,-1,0
test/benign/melanoma_10008.jpg,test,benign,2156,92.0,11029,0.0,-1,0
test/benign/melanoma_10009.jpg,test,benign,6696,70.0,11030,2.0,-1,0
test/benign/melanoma_10010.jpg,test,benign,9345,48.0,11031,2.0,-1,0
test/benign/melanoma_10011.jpg,test,benign,6222,78.0,11032,4.0,-1,0
test/benign/melanoma_10012.jpg,test,benign,3069,86.0,11033,4.0,-1,0
test/benign/melanoma_10013.jpg,test,benign,9044,82.0,11034,4.0,-1,0
test/benign/melanoma_10014.jpg,test,benign,2392,58.0,10971,6.0,-1,0
test/benign/melanoma_10015.jpg,test,benign,7500,84.0,11035,2.0,-1,0
test/benign/melanoma_10016.jpg,test,benign,1648,84.0,11036,8.0,-1,0
test/benign/melanoma_10017.jpg,test,benign,3251,90.0,10609,4.0,-1,0
test/benign/melanoma_10018.jpg,test,benign,4486,78.0,11037,0.0,-1,0
test/benign/melanoma_10019.jpg,test,benign,1167,82.0,11038,4.0,-1,0
test/benign/melanoma_10020.jpg,test,benign,7258,76.0,11039,2.0,-1,0
test/benign/melanoma_10021.jpg,test,benign,3454,94.0,11040,0.0,-1,0
test/benign/melanoma_10022.jpg,test,benign,6748,72.0,9538,2.0,-1,0
test/benign/melanoma_10023.jpg,test,benign,75,58.0,11041,6.0,-1,0
test/benign/melanoma_10024.jpg,test,benign,1170,72.0,11042,4.0,-1,0
test/benign/melanoma_10025.jpg,test,benign,1793,78.0,11043,2.0,-1,0
test/benign/melanoma_10026.jpg,test,benign,590,82.0,10972,4.0,-1,0
test/benign/melanoma_10027.jpg,test,benign,4538,92.0,11044,0.0,-1,0
test/benign/melanoma_10028.jpg,test,benign,1774,92.0,10610,2.0,-1,0
test/benign/melanoma_10029.jpg,test,benign,9143,64.0,8431,2.0,-1,0
test/benign/melanoma_10030.jpg,test,benign,6989,72.0,11045,2.0,-1,0
test/benign/melanoma_10031.jpg,test,benign,8949,48.0,11046,4.0,-1,0
test/benign/melanoma_10032.jpg,test,benign,1432,82.0,11047,2.0,-1,0
test/benign/melanoma_10033.jpg,test,benign,9336,72.0,11048,2.0,-1,0
test/benign/melanoma_10034.jpg,test,benign,2457,90.0,11049,2.0,-1,0
test/benign/melanoma_10035.jpg,test,benign,3987,84.0,11050,4.0,-1,0
test/benign/melanoma_10036.jpg,test,benign,4810,92.0,11051,2.0,-1,0
test/benign/melanoma_10037.jpg,test,benign,5031,86.0,11052,8.0,-1,0
test/benign/melanoma_10038.jpg,test,benign,6766,88.0,10973,2.0,-1,0
test/benign/melanoma_10039.jpg,test,benign,3572,76.0,10611,2.0,-1,0
test/benign/melanoma_10040.jpg,test,benign,112,86.0,11053,2.0,-1,0
test/benign/melanoma_10041.jpg,test,benign,4801,78.0,11054,0.0,-1,0
test/benign/melanoma_10042.jpg,test,benign,7922,68.0,11055,0.0,-1,0
test/benign/melanoma_10043.jpg,test,benign,6838,78.0,11056,2.0,-1,0
test/benign/melanoma_10044.jpg,test,benign,7244,64.0,11057,2.0,-1,0
test/benign/melanoma_10045.jpg,test,benign,6418,78.0,11058,4.0,-1,0
test/benign/melanoma_10046.jpg,test,benign,1672,88.0,11059,4.0,-1,0
test/benign/melanoma_10047.jpg,test,benign,65,90.0,11060,4.0,-1,0
test/benign/melanoma_10048.jpg,test,benign,1386,84.0,11061,2.0,-1,0
test/benign/melanoma_10049.jpg,test,benign,9265,42.0,11062,4.0,-1,0
test/benign/melanoma_10050.jpg,test,benign,1553,78.0,10571,2.0,-1,0
test/benign/melanoma_10051.jpg,test,benign,1226,80.0,10612,2.0,-1,0
test/benign/melanoma_10052.jpg,test,benign,9491,64.0,10613,4.0,-1,0
test/benign/melanoma_10053.jpg,test,benign,4131,92.0,10614,2.0,-1,0
test/benign/melanoma_10054.jpg,test,benign,2334,58.0,10615,2.0,-1,0
test/benign/melanoma_10055.jpg,test,benign,7133,84.0,10616,4.0,-1,0
test/benign/melanoma_10056.jpg,test,benign,1561,84.0,10617,6.0,-1,0
test/benign/melanoma_10057.jpg,test,benign,9442,66.0,10564,4.0,-1,0
test/benign/melanoma_10058.jpg,test,benign,4057,82.0,10618,2.0,-1,0
test/benign/melanoma_10059.jpg,test,benign,7399,78.0,10619,0.0,-1,0
test/benign/melanoma_10060.jpg,test,benign,7356,68.0,10620,2.0,-1,0
test/benign/melanoma_10061.jpg,test,benign,2947,86.0,10572,2.0,-1,0
test/benign/melanoma_10062.jpg,test,benign,1366,86.0,10621,6.0,-1,0
test/benign/melanoma_10063.jpg,test,benign,7545,68.0,10622,4.0,-1,0
test/benign/melanoma_10064.jpg,test,benign,8949,58.0,10623,6.0,-1,0
test/benign/melanoma_10065.jpg,test,benign,6743,76.0,10624,6.0,-1,0
test/benign/melanoma_10066.jpg,test,benign,75,74.0,10625,2.0,-1,0
test/benign/melanoma_10067.jpg,test,benign,4587,72.0,10626,4.0,-1,0
test/benign/melanoma_10068.jpg,test,benign,8949,52.0,10627,2.0,-1,0
test/benign/melanoma_10069.jpg,test,benign,1825,84.0,10565,6.0,-1,0
test/benign/melanoma_10070.jpg,test,benign,2204,76.0,10628,2.0,-1,0
test/benign/melanoma_10071.jpg,test,benign,2252,80.0,10629,4.0,-1,0
test/benign/melanoma_10072.jpg,test,benign,1355,88.0,10573,6.0,-1,0
test/benign/melanoma_10073.jpg,test,benign,7499,74.0,10630,6.0,-1,0
test/benign/melanoma_10074.jpg,test,benign,9345,64.0,10631,6.0,-1,0
test/benign/melanoma_10075.jpg,test,benign,9205,74.0,10632,8.0,-1,0
test/benign/melanoma_10076.jpg,test,benign,9265,52.0,10633,10.0,-1,0
test/benign/melanoma_10077.jpg,test,benign,4543,90.0,10634,0.0,-1,0
test/benign/melanoma_10078.jpg,test,benign,8836,72.0,10635,2.0,-1,0
test/benign/melanoma_10079.jpg,test,benign,2912,92.0,10549,4.0,-1,0
test/benign/melanoma_10080.jpg,test,benign,3884,92.0,10636,2.0,-1,0
test/benign/melanoma_10081.jpg,test,benign,6807,80.0,10566,4.0,-1,0
test/benign/melanoma_10082.jpg,test,benign,7922,72.0,10637,4.0,-1,0
test/benign/melanoma_10083.jpg,test,benign,2949,92.0,10574,4.0,-1,0
test/benign/melanoma_10084.jpg,test,benign,1504,88.0,10638,2.0,-1,0
test/benign/melanoma_10085.jpg,test,benign,662,58.0,10639,4.0,-1,0
test/benign/melanoma_10086.jpg,test,benign,8522,78.0,10640,4.0,-1,0
test/benign/melanoma_10087.jpg,test,benign,9200,44.0,10641,2.0,-1,0
test/benign/melanoma_10088.jpg,test,benign,9119,78.0,10642,4.0,-1,0
test/benign/melanoma_10089.jpg,test,benign,7035,56.0,10643,0.0,-1,0
test/benign/melanoma_10090.jpg,test,benign,2265,58.0,10644,4.0,-1,0
test/benign/melanoma_10091.jpg,test,benign,1170,66.0,10645,2.0,-1,0
test/benign/melanoma_10092.jpg,test,benign,1911,88.0,10646,2.0,-1,0
test/benign/melanoma_10093.jpg,test,benign,7569,80.0,10567,2.0,-1,0
test/benign/melanoma_10094.jpg,test,benign,9838,82.0,10575,4.0,-1,0
test/benign/melanoma_10095.jpg,test,benign,1674,88.0,10647,0.0,-1,0
test/benign/melanoma_10096.jpg,test,benign,1647,76.0,1862,6.0,-1,0
test/benign/melanoma_10097.jpg,test,benign,5161,84.0,10649,0.0,-1,0
test/benign/melanoma_10098.jpg,test,benign,6719,78.0,10650,2.0,-1,0
test/benign/melanoma_10099.jpg,test,benign,6877,58.0,10651,2.0,-1,0
test/benign/melanoma_10100.jpg,test,benign,9365,80.0,10652,2.0,-1,0
test/benign/melanoma_10101.jpg,test,benign,9205,56.0,10653,4.0,-1,0
test/benign/melanoma_10102.jpg,test,benign,2879,82.0,10654,2.0,-1,0
test/benign/melanoma_10103.jpg,test,benign,104,92.0,10655,14.0,-1,-1
test/benign/melanoma_10104.jpg,test,benign,6693,68.0,10656,2.0,-1,0
test/benign/melanoma_9605.jpg,test,benign,5810,86.0,10559,0.0,-1,0
test/benign/melanoma_9606.jpg,test,benign,8657,82.0,10568,2.0,-1,0
test/benign/melanoma_9607.jpg,test,benign,874,88.0,10576,2.0,-1,0
test/benign/melanoma_9608.jpg,test,benign,6398,82.0,10658,2.0,-1,0
test/benign/melanoma_9609.jpg,test,benign,6222,86.0,10667,2.0,-1,0
test/benign/melanoma_9610.jpg,test,benign,9348,62.0,10758,4.0,-1,0
test/benign/melanoma_9611.jpg,test,benign,4087,86.0,10668,2.0,-1,0
test/benign/melanoma_9612.jpg,test,benign,7948,82.0,10669,2.0,-1,0
test/benign/melanoma_9613.jpg,test,benign,4809,86.0,10670,4.0,-1,0
test/benign/melanoma_9614.jpg,test,benign,7148,74.0,10671,0.0,-1,0
test/benign/melanoma_9615.jpg,test,benign,6361,84.0,10672,2.0,-1,0
test/benign/melanoma_9616.jpg,test,benign,2055,86.0,10673,2.0,-1,0
test/benign/melanoma_9617.jpg,test,benign,9828,66.0,10674,8.0,-1,0
test/benign/melanoma_9618.jpg,test,benign,8545,66.0,10577,6.0,-1,0
test/benign/melanoma_9619.jpg,test,benign,3114,86.0,10675,2.0,-1,0
test/benign/melanoma_9620.jpg,test,benign,120,88.0,10676,6.0,-1,0
test/benign/melanoma_9621.jpg,test,benign,7857,82.0,10659,2.0,-1,0
test/benign/melanoma_9622.jpg,test,benign,2695,90.0,10677,4.0,-1,0
test/benign/melanoma_9623.jpg,test,benign,9447,64.0,10678,4.0,-1,0
test/benign/melanoma_9624.jpg,test,benign,6688,80.0,10679,6.0,-1,0
test/benign/melanoma_9625.jpg,test,benign,9657,86.0,10680,0.0,-1,0
test/benign/melanoma_9626.jpg,test,benign,2153,92.0,10681,8.0,-1,0
test/benign/melanoma_9627.jpg,test,benign,2440,80.0,10682,2.0,-1,0
test/benign/melanoma_9628.jpg,test,benign,1112,78.0,10683,2.0,-1,0
test/benign/melanoma_9629.jpg,test,benign,8985,62.0,10560,4.0,-1,0
test/benign/melanoma_9630.jpg,test,benign,7399,84.0,10684,2.0,-1,0
test/benign/melanoma_9631.jpg,test,benign,2318,76.0,10685,4.0,-1,0
test/benign/melanoma_9632.jpg,test,benign,4179,82.0,10686,2.0,-1,0
test/benign/melanoma_9633.jpg,test,benign,8238,80.0,10660,6.0,-1,0
test/benign/melanoma_9634.jpg,test,benign,138,88.0,10687,8.0,-1,0
test/benign/melanoma_9635.jpg,test,benign,7865,74.0,10688,2.0,-1,0
test/benign/melanoma_9636.jpg,test,benign,1170,76.0,10689,2.0,-1,0
test/benign/melanoma_9637.jpg,test,benign,6472,76.0,10690,6.0,-1,0
test/benign/melanoma_9638.jpg,test,benign,2732,80.0,10691,4.0,-1,0
test/benign/melanoma_9639.jpg,test,benign,1571,68.0,10692,4.0,-1,0
test/benign/melanoma_9640.jpg,test,benign,7787,86.0,10578,4.0,-1,0
test/benign/melanoma_9641.jpg,test,benign,7815,86.0,10693,4.0,-1,0
test/benign/melanoma_9642.jpg,test,benign,1050,90.0,10694,2.0,-1,0
test/benign/melanoma_9643.jpg,test,benign,3534,80.0,10695,0.0,-1,0
test/benign/melanoma_9644.jpg,test,benign,9294,84.0,10696,2.0,-1,0
test/benign/melanoma_9645.jpg,test,benign,7606,80.0,10661,6.0,-1,0
test/benign/melanoma_9646.jpg,test,benign,68,72.0,10697,8.0,-1,0
test/benign/melanoma_9647.jpg,test,benign,2130,80.0,10698,8.0,-1,0
test/benign/melanoma_9648.jpg,test,benign,1476,88.0,10699,0.0,-1,0
test/benign/melanoma_9649.jpg,test,benign,3566,86.0,10700,8.0,-1,0
test/benign/melanoma_9650.jpg,test,benign,871,92.0,10701,2.0,-1,0
test/benign/melanoma_9651.jpg,test,benign,4801,76.0,10579,2.0,-1,0
test/benign/melanoma_9652.jpg,test,benign,7440,82.0,10702,2.0,-1,0
test/benign/melanoma_9653.jpg,test,benign,5625,80.0,10703,2.0,-1,0
test/benign/melanoma_9654.jpg,test,benign,7357,80.0,10704,4.0,-1,0
test/benign/melanoma_9655.jpg,test,benign,2494,94.0,10705,4.0,-1,0
test/benign/melanoma_9656.jpg,test,benign,2525,84.0,10706,4.0,-1,0
test/benign/melanoma_9657.jpg,test,benign,9325,76.0,10662,4.0,-1,0
test/benign/melanoma_9658.jpg,test,benign,1802,94.0,10707,2.0,-1,0
test/benign/melanoma_9659.jpg,test,benign,2836,82.0,10708,4.0,-1,0
test/benign/melanoma_9660.jpg,test,benign,5959,80.0,10709,8.0,-1,0
test/benign/melanoma_9661.jpg,test,benign,4852,88.0,10710,8.0,-1,0
test/benign/melanoma_9662.jpg,test,benign,7223,66.0,10580,4.0,-1,0
test/benign/melanoma_9663.jpg,test,benign,7912,82.0,10711,10.0,-1,0
test/benign/melanoma_9664.jpg,test,benign,7203,78.0,10712,0.0,-1,0
test/benign/melanoma_9665.jpg,test,benign,7139,84.0,10713,2.0,-1,0
test/benign/melanoma_9666.jpg,test,benign,5391,82.0,10714,4.0,-1,0
test/benign/melanoma_9667.jpg,test,benign,4429,92.0,10715,4.0,-1,0
test/benign/melanoma_9668.jpg,test,benign,7372,80.0,10716,2.0,-1,0
test/benign/melanoma_9669.jpg,test,benign,3711,84.0,10663,2.0,-1,0
test/benign/melanoma_9670.jpg,test,benign,3630,92.0,10717,4.0,-1,0
test/benign/melanoma_9671.jpg,test,benign,3158,94.0,10718,2.0,-1,0
test/benign/melanoma_9672.jpg,test,benign,2407,84.0,10719,6.0,-1,0
test/benign/melanoma_9673.jpg,test,benign,1339,88.0,10581,8.0,-1,0
test/benign/melanoma_9674.jpg,test,benign,7264,76.0,10720,2.0,-1,0
test/benign/melanoma_9675.jpg,test,benign,7356,48.0,10721,4.0,-1,0
test/benign/melanoma_9676.jpg,test,benign,8894,80.0,10722,4.0,-1,0
test/benign/melanoma_9677.jpg,test,benign,7883,76.0,10724,2.0,-1,0
test/benign/melanoma_9678.jpg,test,benign,942,84.0,10725,2.0,-1,0
test/benign/melanoma_9679.jpg,test,benign,7922,80.0,10726,2.0,-1,0
test/benign/melanoma_9680.jpg,test,benign,8839,74.0,10727,4.0,-1,0
test/benign/melanoma_9681.jpg,test,benign,9154,88.0,10664,6.0,-1,0
test/benign/melanoma_9682.jpg,test,benign,975,90.0,10728,0.0,-1,0
test/benign/melanoma_9683.jpg,test,benign,7311,82.0,10729,4.0,-1,0
test/benign/melanoma_9684.jpg,test,benign,1644,82.0,10582,4.0,-1,0
test/benign/melanoma_9685.jpg,test,benign,1647,78.0,10730,2.0,-1,0
test/benign/melanoma_9686.jpg,test,benign,2837,84.0,10731,6.0,-1,0
test/benign/melanoma_9687.jpg,test,benign,3295,90.0,10732,4.0,-1,0
test/benign/melanoma_9688.jpg,test,benign,7223,80.0,10733,4.0,-1,0
test/benign/melanoma_9689.jpg,test,benign,2687,80.0,10734,0.0,-1,0
test/benign/melanoma_9690.jpg,test,benign,3530,90.0,10735,4.0,-1,0
test/benign/melanoma_9691.jpg,test,benign,9345,64.0,10736,6.0,-1,0
test/benign/melanoma_9692.jpg,test,benign,6301,68.0,10737,0.0,-1,0
test/benign/melanoma_9693.jpg,test,benign,5678,78.0,10665,2.0,-1,0
test/benign/melanoma_9694.jpg,test,benign,1432,80.0,10738,2.0,-1,0
test/benign/melanoma_9695.jpg,test,benign,8865,80.0,10583,2.0,-1,0
test/benign/melanoma_9696.jpg,test,benign,7587,62.0,10739,2.0,-1,0
test/benign/melanoma_9697.jpg,test,benign,5971,88.0,10740,4.0,-1,0
test/benign/melanoma_9698.jpg,test,benign,9306,86.0,10741,2.0,-1,0
test/benign/melanoma_9699.jpg,test,benign,479,92.0,10742,0.0,-1,0
test/benign/melanoma_9700.jpg,test,benign,2502,86.0,10743,2.0,-1,0
test/benign/melanoma_9701.jpg,test,benign,2161,78.0,10744,0.0,-1,0
test/benign/melanoma_9702.jpg,test,benign,2013,84.0,10745,2.0,-1,0
test/benign/melanoma_9703.jpg,test,benign,8319,88.0,10746,4.0,-1,0
test/benign/melanoma_9704.jpg,test,benign,7555,74.0,10747,2.0,-1,0
test/benign/melanoma_9705.jpg,test,benign,2365,88.0,10666,4.0,-1,0
test/benign/melanoma_9706.jpg,test,benign,7587,68.0,10584,0.0,-1,0
test/benign/melanoma_9707.jpg,test,benign,1444,90.0,10748,4.0,-1,0
test/benign/melanoma_9708.jpg,test,benign,7746,88.0,10749,4.0,-1,0
test/benign/melanoma_9709.jpg,test,benign,6928,86.0,10750,4.0,-1,0
test/benign/melanoma_9710.jpg,test,benign,2334,80.0,10751,6.0,-1,0
test/benign/melanoma_9711.jpg,test,benign,7198,84.0,10752,4.0,-1,0
test/benign/melanoma_9712.jpg,test,benign,6743,54.0,10753,0.0,-1,0
test/benign/melanoma_9713.jpg,test,benign,7912,54.0,10754,2.0,-1,0
test/benign/melanoma_9714.jpg,test,benign,877,84.0,10755,2.0,-1,0
test/benign/melanoma_9715.jpg,test,benign,1375,70.0,10756,0.0,-1,0
test/benign/melanoma_9716.jpg,test,benign,1515,86.0,10757,0.0,-1,0
test/benign/melanoma_9717.jpg,test,benign,9064,38.0,10657,4.0,-1,0
test/benign/melanoma_9718.jpg,test,benign,2948,72.0,10585,2.0,-1,0
test/benign/melanoma_9719.jpg,test,benign,7433,76.0,10759,2.0,-1,0
test/benign/melanoma_9720.jpg,test,benign,9345,78.0,10769,4.0,-1,0
test/benign/melanoma_9721.jpg,test,benign,2365,88.0,10861,12.0,-1,-1
test/benign/melanoma_9722.jpg,test,benign,9345,82.0,10770,6.0,-1,0
test/benign/melanoma_9723.jpg,test,benign,9882,82.0,10771,4.0,-1,0
test/benign/melanoma_9724.jpg,test,benign,2448,64.0,10772,4.0,-1,0
test/benign/melanoma_9725.jpg,test,benign,8949,42.0,10774,2.0,-1,0
test/benign/melanoma_9726.jpg,test,benign,1566,86.0,10775,4.0,-1,0
test/benign/melanoma_9727.jpg,test,benign,7335,84.0,10776,0.0,-1,0
test/benign/melanoma_9728.jpg,test,benign,1711,86.0,10777,4.0,-1,0
test/benign/melanoma_9729.jpg,test,benign,8865,66.0,10586,4.0,-1,0
test/benign/melanoma_9730.jpg,test,benign,318,94.0,10778,4.0,-1,0
test/benign/melanoma_9731.jpg,test,benign,827,92.0,10779,4.0,-1,0
test/benign/melanoma_9732.jpg,test,benign,9116,78.0,10760,4.0,-1,0
test/benign/melanoma_9733.jpg,test,benign,9019,90.0,10781,2.0,-1,0
test/benign/melanoma_9734.jpg,test,benign,136,82.0,10782,4.0,-1,0
test/benign/melanoma_9735.jpg,test,benign,6982,70.0,10783,8.0,-1,0
test/benign/melanoma_9736.jpg,test,benign,260,80.0,10784,8.0,-1,0
test/benign/melanoma_9737.jpg,test,benign,2368,78.0,10785,8.0,-1,0
test/benign/melanoma_9738.jpg,test,benign,6696,78.0,10786,2.0,-1,0
test/benign/melanoma_9739.jpg,test,benign,1075,94.0,10787,4.0,-1,0
test/benign/melanoma_9740.jpg,test,benign,9491,68.0,10587,6.0,-1,0
test/benign/melanoma_9741.jpg,test,benign,963,94.0,10788,2.0,-1,0
test/benign/melanoma_9742.jpg,test,benign,2554,88.0,10789,8.0,-1,0
test/benign/melanoma_9743.jpg,test,benign,2365,78.0,10790,4.0,-1,0
test/benign/melanoma_9744.jpg,test,benign,5436,74.0,10761,2.0,-1,0
test/benign/melanoma_9745.jpg,test,benign,7639,74.0,10791,6.0,-1,0
test/benign/melanoma_9746.jpg,test,benign,8516,78.0,10792,8.0,-1,0
test/benign/melanoma_9747.jpg,test,benign,7424,86.0,10793,4.0,-1,0
test/benign/melanoma_9748.jpg,test,benign,3749,84.0,10794,6.0,-1,0
test/benign/melanoma_9749.jpg,test,benign,9182,50.0,10795,4.0,-1,0
test/benign/melanoma_9750.jpg,test,benign,6716,80.0,10796,6.0,-1,0
test/benign/melanoma_9751.jpg,test,benign,6460,72.0,10561,2.0,-1,0
test/benign/melanoma_9752.jpg,test,benign,4042,88.0,10797,2.0,-1,0
test/benign/melanoma_9753.jpg,test,benign,7117,76.0,10798,4.0,-1,0
test/benign/melanoma_9754.jpg,test,benign,6746,78.0,10799,2.0,-1,0
test/benign/melanoma_9755.jpg,test,benign,7636,64.0,10800,2.0,-1,0
test/benign/melanoma_9756.jpg,test,benign,9506,64.0,10763,0.0,-1,0
test/benign/melanoma_9757.jpg,test,benign,2443,74.0,10801,2.0,-1,0
test/benign/melanoma_9758.jpg,test,benign,6778,86.0,10802,4.0,-1,0
test/benign/melanoma_9759.jpg,test,benign,995,94.0,10803,2.0,-1,0
test/benign/melanoma_9760.jpg,test,benign,7428,80.0,10804,2.0,-1,0
test/benign/melanoma_9761.jpg,test,benign,4497,88.0,10805,0.0,-1,0
test/benign/melanoma_9762.jpg,test,benign,578,90.0,10588,2.0,-1,0
test/benign/melanoma_9763.jpg,test,benign,87,82.0,10806,4.0,-1,0
test/benign/melanoma_9764.jpg,test,benign,597,90.0,10807,2.0,-1,0
test/benign/melanoma_9765.jpg,test,benign,8909,78.0,10808,2.0,-1,0
test/benign/melanoma_9766.jpg,test,benign,7439,60.0,10809,2.0,-1,0
test/benign/melanoma_9767.jpg,test,benign,8558,62.0,10810,0.0,-1,0
test/benign/melanoma_9768.jpg,test,benign,199,86.0,10764,4.0,-1,0
test/benign/melanoma_9769.jpg,test,benign,796,90.0,10811,2.0,-1,0
test/benign/melanoma_9770.jpg,test,benign,1230,86.0,10812,2.0,-1,0
test/benign/melanoma_9771.jpg,test,benign,9089,72.0,10813,2.0,-1,0
test/benign/melanoma_9772.jpg,test,benign,6287,82.0,10814,6.0,-1,0
test/benign/melanoma_9773.jpg,test,benign,2443,60.0,10589,6.0,-1,0
test/benign/melanoma_9774.jpg,test,benign,1299,86.0,10815,2.0,-1,0
test/benign/melanoma_9775.jpg,test,benign,371,88.0,10816,2.0,-1,0
test/benign/melanoma_9776.jpg,test,benign,6962,48.0,10817,4.0,-1,0
test/benign/melanoma_9777.jpg,test,benign,3681,92.0,10818,2.0,-1,0
test/benign/melanoma_9778.jpg,test,benign,6680,86.0,10819,4.0,-1,0
test/benign/melanoma_9779.jpg,test,benign,75,76.0,10820,2.0,-1,0
test/benign/melanoma_9780.jpg,test,benign,7788,60.0,10765,6.0,-1,0
test/benign/melanoma_9781.jpg,test,benign,7478,78.0,10821,2.0,-1,0
test/benign/melanoma_9782.jpg,test,benign,7390,78.0,10822,6.0,-1,0
test/benign/melanoma_9783.jpg,test,benign,1714,84.0,10823,0.0,-1,0
test/benign/melanoma_9784.jpg,test,benign,9600,80.0,10590,0.0,-1,0
test/benign/melanoma_9785.jpg,test,benign,75,60.0,10824,6.0,-1,0
test/benign/melanoma_9786.jpg,test,benign,7580,68.0,10825,6.0,-1,0
test/benign/melanoma_9787.jpg,test,benign,662,80.0,10826,2.0,-1,0
test/benign/melanoma_9788.jpg,test,benign,7190,86.0,10827,2.0,-1,0
test/benign/melanoma_9789.jpg,test,benign,7200,76.0,10828,4.0,-1,0
test/benign/melanoma_9790.jpg,test,benign,6962,76.0,10605,4.0,-1,0
test/benign/melanoma_9791.jpg,test,benign,1537,86.0,10829,2.0,-1,0
test/benign/melanoma_9792.jpg,test,benign,7785,76.0,10766,4.0,-1,0
test/benign/melanoma_9793.jpg,test,benign,75,46.0,10830,2.0,-1,0
test/benign/melanoma_9794.jpg,test,benign,2444,72.0,10831,2.0,-1,0
test/benign/melanoma_9795.jpg,test,benign,8029,68.0,10591,0.0,-1,0
test/benign/melanoma_9796.jpg,test,benign,7459,86.0,10832,2.0,-1,0
test/benign/melanoma_9797.jpg,test,benign,75,54.0,10833,4.0,-1,0
test/benign/melanoma_9798.jpg,test,benign,1767,66.0,10834,0.0,-1,0
test/benign/melanoma_9799.jpg,test,benign,7356,66.0,10836,4.0,-1,0
test/benign/melanoma_9800.jpg,test,benign,107,90.0,10837,6.0,-1,0
test/benign/melanoma_9801.jpg,test,benign,7150,60.0,10838,2.0,-1,0
test/benign/melanoma_9802.jpg,test,benign,9406,82.0,10839,4.0,-1,0
test/benign/melanoma_9803.jpg,test,benign,9755,86.0,10840,4.0,-1,0
test/benign/melanoma_9804.jpg,test,benign,7791,84.0,10767,6.0,-1,0
test/benign/melanoma_9805.jpg,test,benign,6859,88.0,10841,2.0,-1,0
test/benign/melanoma_9806.jpg,test,benign,8481,76.0,10593,2.0,-1,0
test/benign/melanoma_9807.jpg,test,benign,7137,78.0,10842,2.0,-1,0
test/benign/melanoma_9808.jpg,test,benign,1570,92.0,10843,4.0,-1,0
test/benign/melanoma_9809.jpg,test,benign,1553,76.0,10844,2.0,-1,0
test/benign/melanoma_9810.jpg,test,benign,6770,86.0,10845,2.0,-1,0
test/benign/melanoma_9811.jpg,test,benign,1426,62.0,10846,4.0,-1,0
test/benign/melanoma_9812.jpg,test,benign,1786,56.0,10847,2.0,-1,0
test/benign/melanoma_9813.jpg,test,benign,942,86.0,10848,2.0,-1,0
test/benign/melanoma_9814.jpg,test,benign,6692,82.0,10849,2.0,-1,0
test/benign/melanoma_9815.jpg,test,benign,1365,86.0,10850,8.0,-1,0
test/benign/melanoma_9816.jpg,test,benign,4847,82.0,10768,2.0,-1,0
test/benign/melanoma_9817.jpg,test,benign,2557,78.0,10594,4.0,-1,0
test/benign/melanoma_9818.jpg,test,benign,6287,84.0,10851,4.0,-1,0
test/benign/melanoma_9819.jpg,test,benign,7356,78.0,10852,0.0,-1,0
test/benign/melanoma_9820.jpg,test,benign,8017,70.0,10853,8.0,-1,0
test/benign/melanoma_9821.jpg,test,benign,9143,68.0,10854,2.0,-1,0
test/benign/melanoma_9822.jpg,test,benign,7235,82.0,10855,0.0,-1,0
test/benign/melanoma_9823.jpg,test,benign,6771,68.0,10856,4.0,-1,0
test/benign/melanoma_9824.jpg,test,benign,222,90.0,10857,2.0,-1,0
test/benign/melanoma_9825.jpg,test,benign,8005,86.0,10858,0.0,-1,0
test/benign/melanoma_9826.jpg,test,benign,9152,84.0,10859,2.0,-1,0
test/benign/melanoma_9827.jpg,test,benign,2583,72.0,10860,2.0,-1,0
test/benign/melanoma_9828.jpg,test,benign,4353,82.0,10569,2.0,-1,0
test/benign/melanoma_9829.jpg,test,benign,9035,78.0,10595,2.0,-1,0
test/benign/melanoma_9830.jpg,test,benign,9205,64.0,10862,4.0,-1,0
test/benign/melanoma_9831.jpg,test,benign,6260,90.0,10871,2.0,-1,0
test/benign/melanoma_9832.jpg,test,benign,6934,84.0,10963,2.0,-1,0
test/benign/melanoma_9833.jpg,test,benign,7144,80.0,10873,10.0,-1,0
test/benign/melanoma_9834.jpg,test,benign,7860,86.0,10874,2.0,-1,0
test/benign/melanoma_9835.jpg,test,benign,2146,92.0,10875,6.0,-1,0
test/benign/melanoma_9836.jpg,test,benign,7354,66.0,10876,4.0,-1,0
test/benign/melanoma_9837.jpg,test,benign,2342,74.0,10877,2.0,-1,0
test/benign/melanoma_9838.jpg,test,benign,7519,86.0,10878,2.0,-1,0
test/benign/melanoma_9839.jpg,test,benign,7208,92.0,10000,2.0,-1,0
test/benign/melanoma_9840.jpg,test,benign,7022,90.0,10596,2.0,-1,0
test/benign/melanoma_9841.jpg,test,benign,1532,90.0,10879,2.0,-1,0
test/benign/melanoma_9842.jpg,test,benign,1741,80.0,10880,4.0,-1,0
test/benign/melanoma_9843.jpg,test,benign,6860,58.0,10863,4.0,-1,0
test/benign/melanoma_9844.jpg,test,benign,1145,88.0,10881,4.0,-1,0
test/benign/melanoma_9845.jpg,test,benign,9447,68.0,10882,4.0,-1,0
test/benign/melanoma_9846.jpg,test,benign,275,94.0,10883,0.0,-1,0
test/benign/melanoma_9847.jpg,test,benign,7670,74.0,10884,4.0,-1,0
test/benign/melanoma_9848.jpg,test,benign,165,86.0,10885,4.0,-1,0
test/benign/melanoma_9849.jpg,test,benign,7331,74.0,10886,6.0,-1,0
test/benign/melanoma_9850.jpg,test,benign,8839,78.0,10887,0.0,-1,0
test/benign/melanoma_9851.jpg,test,benign,2964,90.0,10597,2.0,-1,0
test/benign/melanoma_9852.jpg,test,benign,6989,74.0,10888,6.0,-1,0
test/benign/melanoma_9853.jpg,test,benign,2180,92.0,10889,4.0,-1,0
test/benign/melanoma_9854.jpg,test,benign,2444,68.0,10890,2.0,-1,0
test/benign/melanoma_9855.jpg,test,benign,3969,90.0,10864,4.0,-1,0
test/benign/melanoma_9856.jpg,test,benign,8554,84.0,10891,4.0,-1,0
test/benign/melanoma_9857.jpg,test,benign,3021,92.0,10892,2.0,-1,0
test/benign/melanoma_9858.jpg,test,benign,92,88.0,10893,4.0,-1,0
test/benign/melanoma_9859.jpg,test,benign,3838,86.0,10894,4.0,-1,0
test/benign/melanoma_9860.jpg,test,benign,1720,86.0,10895,4.0,-1,0
test/benign/melanoma_9861.jpg,test,benign,8585,80.0,10896,6.0,-1,0
test/benign/melanoma_9862.jpg,test,benign,778,86.0,10598,4.0,-1,0
test/benign/melanoma_9863.jpg,test,benign,7904,74.0,10897,2.0,-1,0
test/benign/melanoma_9864.jpg,test,benign,9302,82.0,10898,6.0,-1,0
test/benign/melanoma_9865.jpg,test,benign,1386,60.0,10899,2.0,-1,0
test/benign/melanoma_9866.jpg,test,benign,9302,66.0,10900,6.0,-1,0
test/benign/melanoma_9867.jpg,test,benign,4607,74.0,10865,2.0,-1,0
test/benign/melanoma_9868.jpg,test,benign,6877,74.0,10901,4.0,-1,0
test/benign/melanoma_9869.jpg,test,benign,2118,88.0,10902,2.0,-1,0
test/benign/melanoma_9870.jpg,test,benign,9438,88.0,10903,6.0,-1,0
test/benign/melanoma_9871.jpg,test,benign,6487,54.0,10904,4.0,-1,0
test/benign/melanoma_9872.jpg,test,benign,3357,84.0,10905,8.0,-1,0
test/benign/melanoma_9873.jpg,test,benign,8949,56.0,10562,10.0,-1,0
test/benign/melanoma_9874.jpg,test,benign,6877,74.0,10906,2.0,-1,0
test/benign/melanoma_9875.jpg,test,benign,1621,86.0,10907,2.0,-1,0
test/benign/melanoma_9876.jpg,test,benign,8949,46.0,10908,4.0,-1,0
test/benign/melanoma_9877.jpg,test,benign,859,88.0,10909,4.0,-1,0
test/benign/melanoma_9878.jpg,test,benign,662,66.0,10910,2.0,-1,0
test/benign/melanoma_9879.jpg,test,benign,2162,80.0,10866,2.0,-1,0
test/benign/melanoma_9880.jpg,test,benign,7412,72.0,10911,10.0,-1,0
test/benign/melanoma_9881.jpg,test,benign,8840,88.0,10912,4.0,-1,0
test/benign/melanoma_9882.jpg,test,benign,4557,84.0,10913,2.0,-1,0
test/benign/melanoma_9883.jpg,test,benign,7514,74.0,10914,2.0,-1,0
test/benign/melanoma_9884.jpg,test,benign,4747,84.0,10599,2.0,-1,0
test/benign/melanoma_9885.jpg,test,benign,6472,84.0,10915,4.0,-1,0
test/benign/melanoma_9886.jpg,test,benign,2395,62.0,10916,4.0,-1,0
test/benign/melanoma_9887.jpg,test,benign,8949,60.0,10917,4.0,-1,0
test/benign/melanoma_9888.jpg,test,benign,9560,84.0,10918,6.0,-1,0
test/benign/melanoma_9889.jpg,test,benign,3672,88.0,10919,4.0,-1,0
test/benign/melanoma_9890.jpg,test,benign,1553,86.0,10920,4.0,-1,0
test/benign/melanoma_9891.jpg,test,benign,1000,88.0,10867,2.0,-1,0
test/benign/melanoma_9892.jpg,test,benign,1211,78.0,10921,2.0,-1,0
test/benign/melanoma_9893.jpg,test,benign,3430,94.0,10922,4.0,-1,0
test/benign/melanoma_9894.jpg,test,benign,7494,50.0,10923,4.0,-1,0
test/benign/melanoma_9895.jpg,test,benign,7744,54.0,10600,6.0,-1,0
test/benign/melanoma_9896.jpg,test,benign,6869,70.0,10924,4.0,-1,0
test/benign/melanoma_9897.jpg,test,benign,6887,82.0,10925,0.0,-1,0
test/benign/melanoma_9898.jpg,test,benign,6683,72.0,10926,2.0,-1,0
test/benign/melanoma_9899.jpg,test,benign,4628,80.0,10927,2.0,-1,0
test/benign/melanoma_9900.jpg,test,benign,662,68.0,10928,2.0,-1,0
test/benign/melanoma_9901.jpg,test,benign,2272,72.0,10929,2.0,-1,0
test/benign/melanoma_9902.jpg,test,benign,118,74.0,10930,6.0,-1,0
test/benign/melanoma_9903.jpg,test,benign,6825,68.0,10868,2.0,-1,0
test/benign/melanoma_9904.jpg,test,benign,5972,84.0,10931,4.0,-1,0
test/benign/melanoma_9905.jpg,test,benign,7196,76.0,10932,4.0,-1,0
test/benign/melanoma_9906.jpg,test,benign,5121,60.0,7916,4.0,-1,0
test/benign/melanoma_9907.jpg,test,benign,7787,78.0,10933,6.0,-1,0
test/benign/melanoma_9908.jpg,test,benign,44,72.0,10934,4.0,-1,0
test/benign/melanoma_9909.jpg,test,benign,6487,52.0,10935,6.0,-1,0
test/benign/melanoma_9910.jpg,test,benign,7973,68.0,10936,2.0,-1,0
test/benign/melanoma_9911.jpg,test,benign,6807,74.0,10937,2.0,-1,0
test/benign/melanoma_9912.jpg,test,benign,9145,90.0,10938,2.0,-1,0
test/benign/melanoma_9913.jpg,test,benign,1226,62.0,10939,0.0,-1,0
test/benign/melanoma_9914.jpg,test,benign,770,80.0,10941,2.0,-1,0
test/benign/melanoma_9915.jpg,test,benign,5223,80.0,10869,4.0,-1,0
test/benign/melanoma_9916.jpg,test,benign,9002,84.0,10942,6.0,-1,0
test/benign/melanoma_9917.jpg,test,benign,376,86.0,10601,0.0,-1,0
test/benign/melanoma_9918.jpg,test,benign,1714,90.0,10943,4.0,-1,0
test/benign/melanoma_9919.jpg,test,benign,6874,62.0,10944,4.0,-1,0
test/benign/melanoma_9920.jpg,test,benign,1957,90.0,10945,4.0,-1,0
test/benign/melanoma_9921.jpg,test,benign,1276,58.0,10946,0.0,-1,0
test/benign/melanoma_9922.jpg,test,benign,7162,76.0,10947,6.0,-1,0
test/benign/melanoma_9923.jpg,test,benign,8640,64.0,10948,4.0,-1,0
test/benign/melanoma_9924.jpg,test,benign,5487,86.0,10949,0.0,-1,0
test/benign/melanoma_9925.jpg,test,benign,2234,60.0,10950,4.0,-1,0
test/benign/melanoma_9926.jpg,test,benign,7035,70.0,10951,2.0,-1,0
test/benign/melanoma_9927.jpg,test,benign,2498,78.0,10870,2.0,-1,0
test/benign/melanoma_9928.jpg,test,benign,1488,92.0,10602,4.0,-1,0
test/benign/melanoma_9929.jpg,test,benign,1658,60.0,10952,4.0,-1,0
test/benign/melanoma_9930.jpg,test,benign,2703,88.0,10954,0.0,-1,0
test/benign/melanoma_9931.jpg,test,benign,8523,82.0,10955,4.0,-1,0
test/benign/melanoma_9932.jpg,test,benign,1324,70.0,10956,4.0,-1,0
test/benign/melanoma_9933.jpg,test,benign,5136,84.0,10957,2.0,-1,0
test/benign/melanoma_9934.jpg,test,benign,2695,90.0,10958,2.0,-1,0
test/benign/melanoma_9935.jpg,test,benign,2730,84.0,10959,6.0,-1,0
test/benign/melanoma_9936.jpg,test,benign,2600,80.0,10960,6.0,-1,0
test/benign/melanoma_9937.jpg,test,benign,7493,68.0,10961,4.0,-1,0
test/benign/melanoma_9938.jpg,test,benign,6962,68.0,10962,2.0,-1,0
test/benign/melanoma_9939.jpg,test,benign,662,40.0,10570,0.0,-1,0
test/benign/melanoma_9940.jpg,test,benign,7241,70.0,10603,2.0,-1,0
test/benign/melanoma_9941.jpg,test,benign,6962,46.0,10964,4.0,-1,0
test/benign/melanoma_9942.jpg,test,benign,7891,82.0,10974,6.0,-1,0
test/benign/melanoma_9943.jpg,test,benign,7494,52.0,11063,4.0,-1,0
test/benign/melanoma_9944.jpg,test,benign,2459,82.0,10975,2.0,-1,0
test/benign/melanoma_9945.jpg,test,benign,6909,50.0,10976,2.0,-1,0
test/benign/melanoma_9946.jpg,test,benign,1778,72.0,10977,8.0,-1,0
test/benign/melanoma_9947.jpg,test,benign,3542,88.0,10978,2.0,-1,0
test/benign/melanoma_9948.jpg,test,benign,2444,60.0,10979,4.0,-1,0
test/benign/melanoma_9949.jpg,test,benign,9600,78.0,10980,2.0,-1,0
test/benign/melanoma_9950.jpg,test,benign,1348,90.0,10981,4.0,-1,0
test/benign/melanoma_9951.jpg,test,benign,576,90.0,10604,0.0,-1,0
test/benign/melanoma_9952.jpg,test,benign,7070,78.0,10982,4.0,-1,0
test/benign/melanoma_9953.jpg,test,benign,2391,92.0,10983,0.0,-1,0
test/benign/melanoma_9954.jpg,test,benign,8840,76.0,10965,4.0,-1,0
test/benign/melanoma_9955.jpg,test,benign,8012,66.0,10984,4.0,-1,0
test/benign/melanoma_9956.jpg,test,benign,8865,78.0,10985,2.0,-1,0
test/benign/melanoma_9957.jpg,test,benign,4447,88.0,10986,2.0,-1,0
test/benign/melanoma_9958.jpg,test,benign,8433,88.0,10987,0.0,-1,0
test/benign/melanoma_9959.jpg,test,benign,778,90.0,10988,0.0,-1,0
test/benign/melanoma_9960.jpg,test,benign,8865,74.0,10989,2.0,-1,0
test/benign/melanoma_9961.jpg,test,benign,8710,88.0,10990,4.0,-1,0
test/benign/melanoma_9962.jpg,test,benign,6962,76.0,10605,4.0,-1,0
test/benign/melanoma_9963.jpg,test,benign,9475,78.0,10991,2.0,-1,0
test/benign/melanoma_9964.jpg,test,benign,1968,90.0,10992,2.0,-1,0
test/benign/melanoma_9965.jpg,test,benign,7039,80.0,10993,4.0,-1,0
test/benign/melanoma_9966.jpg,test,benign,5102,86.0,10966,4.0,-1,0
test/benign/melanoma_9967.jpg,test,benign,7500,82.0,10994,8.0,-1,0
test/benign/melanoma_9968.jpg,test,benign,7636,64.0,10996,4.0,-1,0
test/benign/melanoma_9969.jpg,test,benign,7014,70.0,10997,2.0,-1,0
test/benign/melanoma_9970.jpg,test,benign,2735,92.0,10998,2.0,-1,0
test/benign/melanoma_9971.jpg,test,benign,8973,82.0,10999,2.0,-1,0
test/benign/melanoma_9972.jpg,test,benign,1804,88.0,11000,2.0,-1,0
test/benign/melanoma_9973.jpg,test,benign,7192,76.0,10606,4.0,-1,0
test/benign/melanoma_9974.jpg,test,benign,1719,88.0,11001,2.0,-1,0
test/benign/melanoma_9975.jpg,test,benign,5623,78.0,11002,4.0,-1,0
test/benign/melanoma_9976.jpg,test,benign,3848,84.0,11003,4.0,-1,0
test/benign/melanoma_9977.jpg,test,benign,9898,88.0,11004,0.0,-1,0
test/benign/melanoma_9978.jpg,test,benign,5175,80.0,10967,2.0,-1,0
test/benign/melanoma_9979.jpg,test,benign,7555,60.0,11005,6.0,-1,0
test/benign/melanoma_9980.jpg,test,benign,6792,88.0,11006,2.0,-1,0
test/benign/melanoma_9981.jpg,test,benign,1684,90.0,11007,4.0,-1,0
test/benign/melanoma_9982.jpg,test,benign,9244,70.0,11008,6.0,-1,0
test/benign/melanoma_9983.jpg,test,benign,2521,82.0,11009,4.0,-1,0
test/benign/melanoma_9984.jpg,test,benign,6643,82.0,10607,6.0,-1,0
test/benign/melanoma_9985.jpg,test,benign,7739,66.0,11010,2.0,-1,0
test/benign/melanoma_9986.jpg,test,benign,7053,60.0,11011,4.0,-1,0
test/benign/melanoma_9987.jpg,test,benign,6643,72.0,11012,4.0,-1,0
test/benign/melanoma_9988.jpg,test,benign,36,74.0,11013,0.0,-1,0
test/benign/melanoma_9989.jpg,test,benign,4547,74.0,11014,4.0,-1,0
test/benign/melanoma_9990.jpg,test,benign,7002,76.0,10968,2.0,-1,0
test/benign/melanoma_9991.jpg,test,benign,7744,80.0,11015,0.0,-1,0
test/benign/melanoma_9992.jpg,test,benign,5109,82.0,11016,4.0,-1,0
test/benign/melanoma_9993.jpg,test,benign,7787,58.0,11017,2.0,-1,0
test/benign/melanoma_9994.jpg,test,benign,8839,66.0,11018,4.0,-1,0
test/benign/melanoma_9995.jpg,test,benign,675,82.0,10563,6.0,-1,0
test/benign/melanoma_9996.jpg,test,benign,5219,86.0,11019,6.0,-1,0
test/benign/melanoma_9997.jpg,test,benign,5456,86.0,11020,2.0,-1,0
test/benign/melanoma_9998.jpg,test,benign,8972,78.0,11021,4.0,-1,0
test/benign/melanoma_9999.jpg,test,benign,8840,70.0,11023,2.0,-1,0
test/malignant/melanoma_10105.jpg,test,malignant,1000,92.0,29573,2.0,-1,1
test/malignant/melanoma_10106.jpg,test,malignant,7289,78.0,29581,0.0,-1,1
test/malignant/melanoma_10107.jpg,test,malignant,3623,92.0,29839,2.0,-1,1
test/malignant/melanoma_10108.jpg,test,malignant,3871,66.0,29857,4.0,-1,1
test/malignant/melanoma_10109.jpg,test,malignant,9260,78.0,29970,0.0,-1,1
test/malignant/melanoma_10110.jpg,test,malignant,9280,84.0,29999,0.0,-1,1
test/malignant/melanoma_10111.jpg,test,malignant,4509,90.0,4005,92.0,-1,-1
test/malignant/melanoma_10112.jpg,test,malignant,2018,60.0,30057,2.0,-1,1
test/malignant/melanoma_10113.jpg,test,malignant,2543,94.0,30082,2.0,-1,1
test/malignant/melanoma_10114.jpg,test,malignant,2367,82.0,30115,4.0,-1,1
test/malignant/melanoma_10115.jpg,test,malignant,9368,82.0,30173,4.0,-1,1
test/malignant/melanoma_10116.jpg,test,malignant,2583,76.0,30298,4.0,-1,1
test/malignant/melanoma_10117.jpg,test,malignant,4126,88.0,30351,0.0,-1,1
test/malignant/melanoma_10118.jpg,test,malignant,4548,86.0,30441,4.0,-1,1
test/malignant/melanoma_10119.jpg,test,malignant,3147,80.0,30456,2.0,-1,1
test/malignant/melanoma_10120.jpg,test,malignant,1666,86.0,30581,2.0,-1,1
test/malignant/melanoma_10121.jpg,test,malignant,9685,86.0,30636,0.0,-1,1
test/malignant/melanoma_10122.jpg,test,malignant,25,86.0,26395,82.0,-1,-1
test/malignant/melanoma_10123.jpg,test,malignant,5880,88.0,30723,4.0,-1,1
test/malignant/melanoma_10124.jpg,test,malignant,823,82.0,31087,4.0,-1,1
test/malignant/melanoma_10125.jpg,test,malignant,7499,78.0,31190,0.0,-1,1
test/malignant/melanoma_10126.jpg,test,malignant,7768,86.0,31199,6.0,-1,1
test/malignant/melanoma_10127.jpg,test,malignant,2730,88.0,31201,0.0,-1,1
test/malignant/melanoma_10128.jpg,test,malignant,750,92.0,31219,4.0,-1,1
test/malignant/melanoma_10129.jpg,test,malignant,8865,90.0,31272,4.0,-1,1
test/malignant/melanoma_10130.jpg,test,malignant,2369,92.0,31303,4.0,-1,1
test/malignant/melanoma_10131.jpg,test,malignant,8754,88.0,31320,2.0,-1,1
test/malignant/melanoma_10132.jpg,test,malignant,6820,84.0,31322,8.0,-1,1
test/malignant/melanoma_10133.jpg,test,malignant,2398,92.0,580,92.0,-1,-1
test/malignant/melanoma_10134.jpg,test,malignant,2483,92.0,31350,2.0,-1,1
test/malignant/melanoma_10135.jpg,test,malignant,1510,94.0,31364,0.0,-1,1
test/malignant/melanoma_10136.jpg,test,malignant,6579,90.0,31413,2.0,-1,1
test/malignant/melanoma_10137.jpg,test,malignant,3052,80.0,31454,8.0,-1,1
test/malignant/melanoma_10138.jpg,test,malignant,415,74.0,31631,0.0,-1,1
test/malignant/melanoma_10139.jpg,test,malignant,7920,66.0,31659,4.0,-1,1
test/malignant/melanoma_10140.jpg,test,malignant,6830,70.0,31890,4.0,-1,1
test/malignant/melanoma_10141.jpg,test,malignant,7417,90.0,31943,4.0,-1,1
test/malignant/melanoma_10142.jpg,test,malignant,5313,82.0,31988,6.0,-1,1
test/malignant/melanoma_10143.jpg,test,malignant,2508,88.0,32104,0.0,-1,1
test/malignant/melanoma_10144.jpg,test,malignant,6602,90.0,8394,86.0,-1,-1
test/malignant/melanoma_10145.jpg,test,malignant,7410,76.0,32142,2.0,-1,1
test/malignant/melanoma_10146.jpg,test,malignant,1355,90.0,32257,0.0,-1,1
test/malignant/melanoma_10147.jpg,test,malignant,1219,86.0,32284,2.0,-1,1
test/malignant/melanoma_10148.jpg,test,malignant,2544,86.0,32388,4.0,-1,1
test/malignant/melanoma_10149.jpg,test,malignant,2375,82.0,32418,2.0,-1,1
test/malignant/melanoma_10150.jpg,test,malignant,1470,76.0,32545,6.0,-1,1
test/malignant/melanoma_10151.jpg,test,malignant,3643,88.0,32576,4.0,-1,1
test/malignant/melanoma_10152.jpg,test,malignant,7670,68.0,8339,2.0,-1,1
test/malignant/melanoma_10153.jpg,test,malignant,1170,80.0,32625,4.0,-1,1
test/malignant/melanoma_10154.jpg,test,malignant,3918,92.0,32692,2.0,-1,1
test/malignant/melanoma_10155.jpg,test,malignant,6997,82.0,17472,82.0,-1,-1
test/malignant/melanoma_10156.jpg,test,malignant,6112,86.0,25603,88.0,-1,-1
test/malignant/melanoma_10157.jpg,test,malignant,2090,94.0,874,94.0,-1,-1
test/malignant/melanoma_10158.jpg,test,malignant,806,80.0,31782,86.0,-1,-1
test/malignant/melanoma_10159.jpg,test,malignant,14,94.0,19189,82.0,-1,-1
test/malignant/melanoma_10160.jpg,test,malignant,1276,88.0,8897,86.0,-1,-1
test/malignant/melanoma_10161.jpg,test,malignant,2104,82.0,8127,82.0,-1,-1
test/malignant/melanoma_10162.jpg,test,malignant,1624,76.0,6638,82.0,-1,-1
test/malignant/melanoma_10163.jpg,test,malignant,9017,92.0,2762,86.0,-1,-1
test/malignant/melanoma_10164.jpg,test,malignant,9329,88.0,8491,88.0,-1,-1
test/malignant/melanoma_10165.jpg,test,malignant,1488,76.0,5879,74.0,-1,-1
test/malignant/melanoma_10166.jpg,test,malignant,9350,86.0,18992,84.0,-1,-1
test/malignant/melanoma_10167.jpg,test,malignant,851,92.0,2796,92.0,-1,-1
test/malignant/melanoma_10168.jpg,test,malignant,6824,82.0,311,84.0,-1,-1
test/malignant/melanoma_10169.jpg,test,malignant,20,90.0,29444,70.0,-1,-1
test/malignant/melanoma_10170.jpg,test,malignant,5325,88.0,10191,70.0,-1,-1
test/malignant/melanoma_10171.jpg,test,malignant,2189,92.0,14028,90.0,-1,-1
test/malignant/melanoma_10172.jpg,test,malignant,7884,72.0,2025,78.0,-1,-1
test/malignant/melanoma_10173.jpg,test,malignant,9489,90.0,17235,84.0,-1,-1
test/malignant/melanoma_10174.jpg,test,malignant,4817,92.0,27754,86.0,-1,-1
test/malignant/melanoma_10175.jpg,test,malignant,8186,88.0,23142,88.0,-1,-1
test/malignant/melanoma_10176.jpg,test,malignant,3153,86.0,32452,86.0,-1,-1
test/malignant/melanoma_10177.jpg,test,malignant,1347,82.0,14640,84.0,-1,-1
test/malignant/melanoma_10178.jpg,test,malignant,1358,82.0,8178,78.0,-1,-1
test/malignant/melanoma_10179.jpg,test,malignant,800,82.0,22320,84.0,-1,-1
test/malignant/melanoma_10180.jpg,test,malignant,7425,80.0,3153,84.0,-1,-1
test/malignant/melanoma_10181.jpg,test,malignant,1338,84.0,6571,88.0,-1,-1
test/malignant/melanoma_10182.jpg,test,malignant,7644,92.0,16558,88.0,-1,-1
test/malignant/melanoma_10183.jpg,test,malignant,775,80.0,30608,84.0,-1,-1
test/malignant/melanoma_10184.jpg,test,malignant,5442,88.0,15168,86.0,-1,-1
test/malignant/melanoma_10185.jpg,test,malignant,321,92.0,3465,96.0,-1,-1
test/malignant/melanoma_10186.jpg,test,malignant,66,94.0,4219,82.0,-1,-1
test/malignant/melanoma_10187.jpg,test,malignant,4260,90.0,9257,92.0,-1,-1
test/malignant/melanoma_10188.jpg,test,malignant,155,86.0,26591,86.0,-1,-1
test/malignant/melanoma_10189.jpg,test,malignant,878,80.0,27718,78.0,-1,-1
test/malignant/melanoma_10190.jpg,test,malignant,1005,92.0,1698,94.0,-1,-1
test/malignant/melanoma_10191.jpg,test,malignant,1945,92.0,586,90.0,-1,-1
test/malignant/melanoma_10192.jpg,test,malignant,90,94.0,1095,90.0,-1,-1
test/malignant/melanoma_10193.jpg,test,malignant,1233,84.0,6641,86.0,-1,-1
test/malignant/melanoma_10194.jpg,test,malignant,9201,76.0,2209,90.0,-1,-1
test/malignant/melanoma_10195.jpg,test,malignant,984,96.0,19189,88.0,-1,-1
test/malignant/melanoma_10196.jpg,test,malignant,4856,96.0,27297,94.0,-1,-1
test/malignant/melanoma_10197.jpg,test,malignant,998,94.0,14754,92.0,-1,-1
test/malignant/melanoma_10198.jpg,test,malignant,9523,84.0,11373,90.0,-1,-1
test/malignant/melanoma_10199.jpg,test,malignant,1893,90.0,7991,90.0,-1,-1
test/malignant/melanoma_10200.jpg,test,malignant,6768,78.0,17370,82.0,-1,-1
test/malignant/melanoma_10201.jpg,test,malignant,3680,82.0,12046,82.0,-1,-1
test/malignant/melanoma_10202.jpg,test,malignant,1021,92.0,22581,88.0,-1,-1
test/malignant/melanoma_10203.jpg,test,malignant,7223,86.0,29444,78.0,-1,-1
test/malignant/melanoma_10204.jpg,test,malignant,1217,88.0,31769,86.0,-1,-1
test/malignant/melanoma_10205.jpg,test,malignant,9373,78.0,16024,80.0,-1,-1
test/malignant/melanoma_10206.jpg,test,malignant,9801,84.0,1225,90.0,-1,-1
test/malignant/melanoma_10207.jpg,test,malignant,2295,84.0,1779,90.0,-1,-1
test/malignant/melanoma_10208.jpg,test,malignant,1893,82.0,16422,74.0,-1,-1
test/malignant/melanoma_10209.jpg,test,malignant,8585,84.0,5402,86.0,-1,-1
test/malignant/melanoma_10210.jpg,test,malignant,770,88.0,2295,80.0,-1,-1
test/malignant/melanoma_10211.jpg,test,malignant,1895,94.0,161,90.0,-1,-1
test/malignant/melanoma_10212.jpg,test,malignant,4705,94.0,19189,86.0,-1,-1
test/malignant/melanoma_10213.jpg,test,malignant,1170,86.0,25957,86.0,-1,-1
test/malignant/melanoma_10214.jpg,test,malignant,7105,70.0,20735,80.0,-1,-1
test/malignant/melanoma_10215.jpg,test,malignant,9307,76.0,14947,80.0,-1,-1
test/malignant/melanoma_10216.jpg,test,malignant,5586,96.0,7364,94.0,-1,-1
test/malignant/melanoma_10217.jpg,test,malignant,1471,92.0,9109,90.0,-1,-1
test/malignant/melanoma_10218.jpg,test,malignant,525,88.0,2537,86.0,-1,-1
test/malignant/melanoma_10219.jpg,test,malignant,1170,80.0,22742,78.0,-1,-1
test/malignant/melanoma_10220.jpg,test,malignant,3280,88.0,4212,88.0,-1,-1
test/malignant/melanoma_10221.jpg,test,malignant,312,90.0,25976,82.0,-1,-1
test/malignant/melanoma_10222.jpg,test,malignant,3270,84.0,19481,88.0,-1,-1
test/malignant/melanoma_10223.jpg,test,malignant,6560,86.0,15222,80.0,-1,-1
test/malignant/melanoma_10224.jpg,test,malignant,567,94.0,10607,90.0,-1,-1
test/malignant/melanoma_10225.jpg,test,malignant,8882,90.0,28944,88.0,-1,-1
test/malignant/melanoma_10226.jpg,test,malignant,6506,90.0,1803,92.0,-1,-1
test/malignant/melanoma_10227.jpg,test,malignant,463,98.0,7986,92.0,-1,-1
test/malignant/melanoma_10228.jpg,test,malignant,2790,92.0,13255,90.0,-1,-1
test/malignant/melanoma_10229.jpg,test,malignant,7305,90.0,10518,86.0,-1,-1
test/malignant/melanoma_10230.jpg,test,malignant,7516,82.0,13113,84.0,-1,-1
test/malignant/melanoma_10231.jpg,test,malignant,806,84.0,3752,82.0,-1,-1
test/malignant/melanoma_10232.jpg,test,malignant,8376,80.0,19481,88.0,-1,-1
test/malignant/melanoma_10233.jpg,test,malignant,6768,80.0,20879,80.0,-1,-1
test/malignant/melanoma_10234.jpg,test,malignant,2518,80.0,4602,76.0,-1,-1
test/malignant/melanoma_10235.jpg,test,malignant,90,92.0,17062,78.0,-1,-1
test/malignant/melanoma_10236.jpg,test,malignant,5,90.0,29444,70.0,-1,-1
test/malignant/melanoma_10237.jpg,test,malignant,6738,84.0,10144,74.0,-1,-1
test/malignant/melanoma_10238.jpg,test,malignant,9007,84.0,8547,90.0,-1,-1
test/malignant/melanoma_10239.jpg,test,malignant,5944,82.0,12139,82.0,-1,-1
test/malignant/melanoma_10240.jpg,test,malignant,1868,86.0,12289,86.0,-1,-1
test/malignant/melanoma_10241.jpg,test,malignant,4479,90.0,18435,90.0,-1,-1
test/malignant/melanoma_10242.jpg,test,malignant,1005,94.0,7713,94.0,-1,-1
test/malignant/melanoma_10243.jpg,test,malignant,3264,90.0,7519,94.0,-1,-1
test/malignant/melanoma_10244.jpg,test,malignant,7427,88.0,2750,90.0,-1,-1
test/malignant/melanoma_10245.jpg,test,malignant,820,74.0,14297,72.0,-1,-1
test/malignant/melanoma_10246.jpg,test,malignant,9390,78.0,29246,84.0,-1,-1
test/malignant/melanoma_10247.jpg,test,malignant,3096,88.0,12423,90.0,-1,-1
test/malignant/melanoma_10248.jpg,test,malignant,3680,84.0,6841,86.0,-1,-1
test/malignant/melanoma_10249.jpg,test,malignant,5420,86.0,5192,84.0,-1,-1
test/malignant/melanoma_10250.jpg,test,malignant,3031,92.0,2526,90.0,-1,-1
test/malignant/melanoma_10251.jpg,test,malignant,7289,74.0,20548,78.0,-1,-1
test/malignant/melanoma_10252.jpg,test,malignant,51,88.0,10191,78.0,-1,-1
test/malignant/melanoma_10253.jpg,test,malignant,2522,90.0,5749,86.0,-1,-1
test/malignant/melanoma_10254.jpg,test,malignant,1203,94.0,5398,92.0,-1,-1
test/malignant/melanoma_10255.jpg,test,malignant,2036,82.0,28084,84.0,-1,-1
test/malignant/melanoma_10256.jpg,test,malignant,880,88.0,5320,88.0,-1,-1
test/malignant/melanoma_10257.jpg,test,malignant,9210,88.0,19284,90.0,-1,-1
test/malignant/melanoma_10258.jpg,test,malignant,1604,76.0,11147,82.0,-1,-1
test/malignant/melanoma_10259.jpg,test,malignant,9522,80.0,28154,82.0,-1,-1
test/malignant/melanoma_10260.jpg,test,malignant,1780,92.0,14042,88.0,-1,-1
test/malignant/melanoma_10261.jpg,test,malignant,113,92.0,5159,88.0,-1,-1
test/malignant/melanoma_10262.jpg,test,malignant,842,84.0,22741,84.0,-1,-1
test/malignant/melanoma_10263.jpg,test,malignant,412,88.0,3051,88.0,-1,-1
test/malignant/melanoma_10264.jpg,test,malignant,4273,92.0,153,94.0,-1,-1
test/malignant/melanoma_10265.jpg,test,malignant,988,90.0,5448,86.0,-1,-1
test/malignant/melanoma_10266.jpg,test,malignant,1769,82.0,9866,86.0,-1,-1
test/malignant/melanoma_10267.jpg,test,malignant,743,78.0,30608,82.0,-1,-1
test/malignant/melanoma_10268.jpg,test,malignant,2461,88.0,21602,88.0,-1,-1
test/malignant/melanoma_10269.jpg,test,malignant,3610,94.0,5749,88.0,-1,-1
test/malignant/melanoma_10270.jpg,test,malignant,1545,80.0,10324,80.0,-1,-1
test/malignant/melanoma_10271.jpg,test,malignant,5012,88.0,5879,86.0,-1,-1
test/malignant/melanoma_10272.jpg,test,malignant,5325,84.0,26257,84.0,-1,-1
test/malignant/melanoma_10273.jpg,test,malignant,9631,90.0,19189,90.0,-1,-1
test/malignant/melanoma_10274.jpg,test,malignant,9329,88.0,22945,80.0,-1,-1
test/malignant/melanoma_10275.jpg,test,malignant,4357,92.0,12762,88.0,-1,-1
test/malignant/melanoma_10276.jpg,test,malignant,3858,92.0,21227,90.0,-1,-1
test/malignant/melanoma_10277.jpg,test,malignant,5318,82.0,8908,80.0,-1,-1
test/malignant/melanoma_10278.jpg,test,malignant,280,88.0,7091,86.0,-1,-1
test/malignant/melanoma_10279.jpg,test,malignant,848,90.0,6217,88.0,-1,-1
test/malignant/melanoma_10280.jpg,test,malignant,6946,94.0,9298,92.0,-1,-1
test/malignant/melanoma_10281.jpg,test,malignant,7134,92.0,3233,90.0,-1,-1
test/malignant/melanoma_10282.jpg,test,malignant,383,88.0,11265,88.0,-1,-1
test/malignant/melanoma_10283.jpg,test,malignant,3657,76.0,24424,74.0,-1,-1
test/malignant/melanoma_10284.jpg,test,malignant,1214,86.0,474,84.0,-1,-1
test/malignant/melanoma_10285.jpg,test,malignant,945,80.0,6959,82.0,-1,-1
test/malignant/melanoma_10286.jpg,test,malignant,911,88.0,27803,80.0,-1,-1
test/malignant/melanoma_10287.jpg,test,malignant,2004,96.0,3579,94.0,-1,-1
test/malignant/melanoma_10288.jpg,test,malignant,69,96.0,28690,94.0,-1,-1
test/malignant/melanoma_10289.jpg,test,malignant,1883,90.0,14176,82.0,-1,-1
test/malignant/melanoma_10290.jpg,test,malignant,871,86.0,19189,78.0,-1,-1
test/malignant/melanoma_10291.jpg,test,malignant,5,90.0,29444,74.0,-1,-1
test/malignant/melanoma_10292.jpg,test,malignant,1291,80.0,12531,84.0,-1,-1
test/malignant/melanoma_10293.jpg,test,malignant,58,84.0,26972,76.0,-1,-1
test/malignant/melanoma_10294.jpg,test,malignant,2815,90.0,26402,86.0,-1,-1
test/malignant/melanoma_10295.jpg,test,malignant,1671,90.0,8488,82.0,-1,-1
test/malignant/melanoma_10296.jpg,test,malignant,3397,90.0,19518,90.0,-1,-1
test/malignant/melanoma_10297.jpg,test,malignant,7152,90.0,8973,88.0,-1,-1
test/malignant/melanoma_10298.jpg,test,malignant,7873,84.0,22726,90.0,-1,-1
test/malignant/melanoma_10299.jpg,test,malignant,361,90.0,29444,70.0,-1,-1
test/malignant/melanoma_10300.jpg,test,malignant,318,92.0,29951,86.0,-1,-1
test/malignant/melanoma_10301.jpg,test,malignant,2471,66.0,30608,78.0,-1,-1
test/malignant/melanoma_10302.jpg,test,malignant,4675,92.0,9308,92.0,-1,-1
test/malignant/melanoma_10303.jpg,test,malignant,2946,92.0,15389,92.0,-1,-1
test/malignant/melanoma_10304.jpg,test,malignant,461,86.0,20269,84.0,-1,-1
test/malignant/melanoma_10305.jpg,test,malignant,214,86.0,28944,88.0,-1,-1
test/malignant/melanoma_10306.jpg,test,malignant,8667,86.0,13655,86.0,-1,-1
test/malignant/melanoma_10307.jpg,test,malignant,1807,94.0,19189,86.0,-1,-1
test/malignant/melanoma_10308.jpg,test,malignant,81,90.0,8291,90.0,-1,-1
test/malignant/melanoma_10309.jpg,test,malignant,1686,90.0,5186,88.0,-1,-1
test/malignant/melanoma_10310.jpg,test,malignant,3230,88.0,20630,86.0,-1,-1
test/malignant/melanoma_10311.jpg,test,malignant,8229,80.0,30525,82.0,-1,-1
test/malignant/melanoma_10312.jpg,test,malignant,3537,94.0,7499,84.0,-1,-1
test/malignant/melanoma_10313.jpg,test,malignant,7638,78.0,11147,80.0,-1,-1
test/malignant/melanoma_10314.jpg,test,malignant,9935,94.0,6843,90.0,-1,-1
test/malignant/melanoma_10315.jpg,test,malignant,90,90.0,29043,86.0,-1,-1
test/malignant/melanoma_10316.jpg,test,malignant,186,86.0,32597,90.0,-1,-1
test/malignant/melanoma_10317.jpg,test,malignant,2601,92.0,3897,90.0,-1,-1
test/malignant/melanoma_10318.jpg,test,malignant,7992,94.0,24456,94.0,-1,-1
test/malignant/melanoma_10319.jpg,test,malignant,173,66.0,14640,82.0,-1,-1
test/malignant/melanoma_10320.jpg,test,malignant,24,82.0,3435,82.0,-1,-1
test/malignant/melanoma_10321.jpg,test,malignant,9944,92.0,810,92.0,-1,-1
test/malignant/melanoma_10322.jpg,test,malignant,2240,92.0,10191,82.0,-1,-1
test/malignant/melanoma_10323.jpg,test,malignant,550,94.0,31779,90.0,-1,-1
test/malignant/melanoma_10324.jpg,test,malignant,1343,88.0,23836,88.0,-1,-1
test/malignant/melanoma_10325.jpg,test,malignant,442,84.0,8108,84.0,-1,-1
test/malignant/melanoma_10326.jpg,test,malignant,3484,90.0,4267,94.0,-1,-1
test/malignant/melanoma_10327.jpg,test,malignant,7536,74.0,7721,88.0,-1,-1
test/malignant/melanoma_10328.jpg,test,malignant,9447,82.0,30997,72.0,-1,-1
test/malignant/melanoma_10329.jpg,test,malignant,7120,84.0,29557,90.0,-1,-1
test/malignant/melanoma_10330.jpg,test,malignant,7410,70.0,32142,78.0,-1,-1
test/malignant/melanoma_10331.jpg,test,malignant,322,88.0,29370,84.0,-1,-1
test/malignant/melanoma_10332.jpg,test,malignant,77,84.0,28597,86.0,-1,-1
test/malignant/melanoma_10333.jpg,test,malignant,6068,86.0,24903,86.0,-1,-1
test/malignant/melanoma_10334.jpg,test,malignant,3791,90.0,5321,90.0,-1,-1
test/malignant/melanoma_10335.jpg,test,malignant,6824,88.0,7599,76.0,-1,-1
test/malignant/melanoma_10336.jpg,test,malignant,6768,80.0,16222,88.0,-1,-1
test/malignant/melanoma_10337.jpg,test,malignant,2153,84.0,25809,86.0,-1,-1
test/malignant/melanoma_10338.jpg,test,malignant,5745,92.0,11540,92.0,-1,-1
test/malignant/melanoma_10339.jpg,test,malignant,7641,88.0,31253,88.0,-1,-1
test/malignant/melanoma_10340.jpg,test,malignant,4749,84.0,9156,78.0,-1,-1
test/malignant/melanoma_10341.jpg,test,malignant,6722,86.0,31149,84.0,-1,-1
test/malignant/melanoma_10342.jpg,test,malignant,7024,92.0,22778,92.0,-1,-1
test/malignant/melanoma_10343.jpg,test,malignant,580,88.0,6842,88.0,-1,-1
test/malignant/melanoma_10344.jpg,test,malignant,3218,92.0,21295,86.0,-1,-1
test/malignant/melanoma_10345.jpg,test,malignant,203,86.0,1955,84.0,-1,-1
test/malignant/melanoma_10346.jpg,test,malignant,6651,86.0,5838,88.0,-1,-1
test/malignant/melanoma_10347.jpg,test,malignant,625,96.0,862,94.0,-1,-1
test/malignant/melanoma_10348.jpg,test,malignant,810,90.0,1201,86.0,-1,-1
test/malignant/melanoma_10349.jpg,test,malignant,1146,84.0,6661,86.0,-1,-1
test/malignant/melanoma_10350.jpg,test,malignant,4072,94.0,24379,94.0,-1,-1
test/malignant/melanoma_10351.jpg,test,malignant,124,86.0,7628,82.0,-1,-1
test/malignant/melanoma_10352.jpg,test,malignant,5252,86.0,21930,88.0,-1,-1
test/malignant/melanoma_10353.jpg,test,malignant,756,74.0,8253,84.0,-1,-1
test/malignant/melanoma_10354.jpg,test,malignant,4562,94.0,389,96.0,-1,-1
test/malignant/melanoma_10355.jpg,test,malignant,7194,90.0,9402,94.0,-1,-1
test/malignant/melanoma_10356.jpg,test,malignant,4085,92.0,15705,92.0,-1,-1
test/malignant/melanoma_10357.jpg,test,malignant,1142,94.0,2113,90.0,-1,-1
test/malignant/melanoma_10358.jpg,test,malignant,3073,90.0,19189,76.0,-1,-1
test/malignant/melanoma_10359.jpg,test,malignant,2136,92.0,2537,82.0,-1,-1
test/malignant/melanoma_10360.jpg,test,malignant,7586,64.0,29949,68.0,-1,-1
test/malignant/melanoma_10361.jpg,test,malignant,2199,80.0,2184,86.0,-1,-1
test/malignant/melanoma_10362.jpg,test,malignant,2162,70.0,27953,70.0,-1,-1
test/malignant/melanoma_10363.jpg,test,malignant,8140,92.0,19189,78.0,-1,-1
test/malignant/melanoma_10364.jpg,test,malignant,4329,88.0,10353,90.0,-1,-1
test/malignant/melanoma_10365.jpg,test,malignant,7618,80.0,8986,82.0,-1,-1
test/malignant/melanoma_10366.jpg,test,malignant,3380,90.0,19261,86.0,-1,-1
test/malignant/melanoma_10367.jpg,test,malignant,1610,82.0,32273,86.0,-1,-1
test/malignant/melanoma_10368.jpg,test,malignant,1347,72.0,22057,78.0,-1,-1
test/malignant/melanoma_10369.jpg,test,malignant,9631,90.0,4219,90.0,-1,-1
test/malignant/melanoma_10370.jpg,test,malignant,2237,82.0,3419,84.0,-1,-1
test/malignant/melanoma_10371.jpg,test,malignant,1970,92.0,5516,78.0,-1,-1
test/malignant/melanoma_10372.jpg,test,malignant,2984,90.0,3394,92.0,-1,-1
test/malignant/melanoma_10373.jpg,test,malignant,7811,86.0,13933,86.0,-1,-1
test/malignant/melanoma_10374.jpg,test,malignant,5803,94.0,25408,94.0,-1,-1
test/malignant/melanoma_10375.jpg,test,malignant,9492,92.0,31068,94.0,-1,-1
test/malignant/melanoma_10376.jpg,test,malignant,3666,88.0,3582,90.0,-1,-1
test/malignant/melanoma_10377.jpg,test,malignant,9197,88.0,29444,70.0,-1,-1
test/malignant/melanoma_10378.jpg,test,malignant,1982,90.0,8330,86.0,-1,-1
test/malignant/melanoma_10379.jpg,test,malignant,3647,86.0,16259,84.0,-1,-1
test/malignant/melanoma_10380.jpg,test,malignant,6747,86.0,2698,86.0,-1,-1
test/malignant/melanoma_10381.jpg,test,malignant,1289,94.0,20656,86.0,-1,-1
test/malignant/melanoma_10382.jpg,test,malignant,1866,88.0,15902,82.0,-1,-1
test/malignant/melanoma_10383.jpg,test,malignant,2471,54.0,30914,72.0,-1,-1
test/malignant/melanoma_10384.jpg,test,malignant,7597,86.0,5670,90.0,-1,-1
test/malignant/melanoma_10385.jpg,test,malignant,865,74.0,27070,74.0,-1,-1
test/malignant/melanoma_10386.jpg,test,malignant,7349,88.0,11958,90.0,-1,-1
test/malignant/melanoma_10387.jpg,test,malignant,1226,84.0,28432,86.0,-1,-1
test/malignant/melanoma_10388.jpg,test,malignant,7120,82.0,3012,84.0,-1,-1
test/malignant/melanoma_10389.jpg,test,malignant,627,86.0,219,88.0,-1,-1
test/malignant/melanoma_10390.jpg,test,malignant,545,84.0,2006,84.0,-1,-1
test/malignant/melanoma_10391.jpg,test,malignant,9256,86.0,11212,86.0,-1,-1
test/malignant/melanoma_10392.jpg,test,malignant,9134,82.0,28849,78.0,-1,-1
test/malignant/melanoma_10393.jpg,test,malignant,597,82.0,24815,80.0,-1,-1
test/malignant/melanoma_10394.jpg,test,malignant,4577,84.0,8342,82.0,-1,-1
test/malignant/melanoma_10395.jpg,test,malignant,6472,86.0,31995,78.0,-1,-1
test/malignant/melanoma_10396.jpg,test,malignant,1724,88.0,12939,88.0,-1,-1
test/malignant/melanoma_10397.jpg,test,malignant,2354,90.0,16530,86.0,-1,-1
test/malignant/melanoma_10398.jpg,test,malignant,884,80.0,15958,86.0,-1,-1
test/malignant/melanoma_10399.jpg,test,malignant,173,80.0,12505,80.0,-1,-1
test/malignant/melanoma_10400.jpg,test,malignant,2394,84.0,311,84.0,-1,-1
test/malignant/melanoma_10401.jpg,test,malignant,160,84.0,6000,88.0,-1,-1
test/malignant/melanoma_10402.jpg,test,malignant,3943,96.0,11099,90.0,-1,-1
test/malignant/melanoma_10403.jpg,test,malignant,20,88.0,29444,88.0,-1,-1
test/malignant/melanoma_10404.jpg,test,malignant,6634,92.0,18311,92.0,-1,-1
test/malignant/melanoma_10405.jpg,test,malignant,7132,82.0,21590,82.0,-1,-1
test/malignant/melanoma_10406.jpg,test,malignant,8231,82.0,6501,90.0,-1,-1
test/malignant/melanoma_10407.jpg,test,malignant,1735,78.0,7891,76.0,-1,-1
test/malignant/melanoma_10408.jpg,test,malignant,307,64.0,30914,76.0,-1,-1
test/malignant/melanoma_10409.jpg,test,malignant,7499,64.0,5483,64.0,-1,-1
test/malignant/melanoma_10410.jpg,test,malignant,710,92.0,171,88.0,-1,-1
test/malignant/melanoma_10411.jpg,test,malignant,3871,82.0,21427,92.0,-1,-1
test/malignant/melanoma_10412.jpg,test,malignant,1361,86.0,9209,88.0,-1,-1
test/malignant/melanoma_10413.jpg,test,malignant,8206,90.0,9614,92.0,-1,-1
test/malignant/melanoma_10414.jpg,test,malignant,842,64.0,15958,76.0,-1,-1
test/malignant/melanoma_10415.jpg,test,malignant,7586,86.0,29444,72.0,-1,-1
test/malignant/melanoma_10416.jpg,test,malignant,237,92.0,13912,92.0,-1,-1
test/malignant/melanoma_10417.jpg,test,malignant,3849,88.0,2699,90.0,-1,-1
test/malignant/melanoma_10418.jpg,test,malignant,744,76.0,277,80.0,-1,-1
test/malignant/melanoma_10419.jpg,test,malignant,8529,90.0,5248,86.0,-1,-1
test/malignant/melanoma_10420.jpg,test,malignant,5787,96.0,18910,92.0,-1,-1
test/malignant/melanoma_10421.jpg,test,malignant,2109,90.0,30026,84.0,-1,-1
test/malignant/melanoma_10422.jpg,test,malignant,3243,92.0,7945,88.0,-1,-1
test/malignant/melanoma_10423.jpg,test,malignant,3816,94.0,3682,92.0,-1,-1
test/malignant/melanoma_10424.jpg,test,malignant,7055,80.0,816,88.0,-1,-1
test/malignant/melanoma_10425.jpg,test,malignant,162,70.0,13755,80.0,-1,-1
test/malignant/melanoma_10426.jpg,test,malignant,3164,92.0,22818,90.0,-1,-1
test/malignant/melanoma_10427.jpg,test,malignant,6550,74.0,14334,78.0,-1,-1
test/malignant/melanoma_10428.jpg,test,malignant,7989,82.0,14944,78.0,-1,-1
test/malignant/melanoma_10429.jpg,test,malignant,7114,66.0,6392,82.0,-1,-1
test/malignant/melanoma_10430.jpg,test,malignant,4645,86.0,15273,90.0,-1,-1
test/malignant/melanoma_10431.jpg,test,malignant,1237,90.0,29444,82.0,-1,-1
test/malignant/melanoma_10432.jpg,test,malignant,3843,80.0,16680,86.0,-1,-1
test/malignant/melanoma_10433.jpg,test,malignant,840,92.0,8681,94.0,-1,-1
test/malignant/melanoma_10434.jpg,test,malignant,1412,90.0,17385,88.0,-1,-1
test/malignant/melanoma_10435.jpg,test,malignant,2092,92.0,4562,88.0,-1,-1
test/malignant/melanoma_10436.jpg,test,malignant,6082,90.0,31635,82.0,-1,-1
test/malignant/melanoma_10437.jpg,test,malignant,988,92.0,9648,92.0,-1,-1
test/malignant/melanoma_10438.jpg,test,malignant,609,94.0,4617,90.0,-1,-1
test/malignant/melanoma_10439.jpg,test,malignant,4711,92.0,21644,88.0,-1,-1
test/malignant/melanoma_10440.jpg,test,malignant,1819,92.0,34,88.0,-1,-1
test/malignant/melanoma_10441.jpg,test,malignant,3580,92.0,7039,92.0,-1,-1
test/malignant/melanoma_10442.jpg,test,malignant,9414,82.0,27058,74.0,-1,-1
test/malignant/melanoma_10443.jpg,test,malignant,2044,78.0,16887,82.0,-1,-1
test/malignant/melanoma_10444.jpg,test,malignant,7243,92.0,17924,86.0,-1,-1
test/malignant/melanoma_10445.jpg,test,malignant,6785,84.0,26239,82.0,-1,-1
test/malignant/melanoma_10446.jpg,test,malignant,9371,86.0,25425,86.0,-1,-1
test/malignant/melanoma_10447.jpg,test,malignant,5387,88.0,18992,84.0,-1,-1
test/malignant/melanoma_10448.jpg,test,malignant,2417,88.0,22344,86.0,-1,-1
test/malignant/melanoma_10449.jpg,test,malignant,2638,80.0,3025,86.0,-1,-1
test/malignant/melanoma_10450.jpg,test,malignant,9992,76.0,1339,74.0,-1,-1
test/malignant/melanoma_10451.jpg,test,malignant,90,90.0,8250,86.0,-1,-1
test/malignant/melanoma_10452.jpg,test,malignant,7595,72.0,7741,82.0,-1,-1
test/malignant/melanoma_10453.jpg,test,malignant,7494,78.0,3542,72.0,-1,-1
test/malignant/melanoma_10454.jpg,test,malignant,3186,92.0,4094,94.0,-1,-1
test/malignant/melanoma_10455.jpg,test,malignant,58,82.0,30608,84.0,-1,-1
test/malignant/melanoma_10456.jpg,test,malignant,5024,90.0,24294,88.0,-1,-1
test/malignant/melanoma_10457.jpg,test,malignant,4015,88.0,1746,86.0,-1,-1
test/malignant/melanoma_10458.jpg,test,malignant,1892,82.0,20512,82.0,-1,-1
test/malignant/melanoma_10459.jpg,test,malignant,7246,94.0,1549,88.0,-1,-1
test/malignant/melanoma_10460.jpg,test,malignant,6756,84.0,11105,88.0,-1,-1
test/malignant/melanoma_10461.jpg,test,malignant,6205,86.0,6360,84.0,-1,-1
test/malignant/melanoma_10462.jpg,test,malignant,900,88.0,3948,88.0,-1,-1
test/malignant/melanoma_10463.jpg,test,malignant,6258,84.0,8706,88.0,-1,-1
test/malignant/melanoma_10464.jpg,test,malignant,7566,90.0,20656,88.0,-1,-1
test/malignant/melanoma_10465.jpg,test,malignant,8656,90.0,18992,84.0,-1,-1
test/malignant/melanoma_10466.jpg,test,malignant,4800,84.0,15682,84.0,-1,-1
test/malignant/melanoma_10467.jpg,test,malignant,20,84.0,29444,78.0,-1,-1
test/malignant/melanoma_10468.jpg,test,malignant,9823,92.0,19189,76.0,-1,-1
test/malignant/melanoma_10469.jpg,test,malignant,2969,92.0,5842,88.0,-1,-1
test/malignant/melanoma_10470.jpg,test,malignant,1343,88.0,19597,84.0,-1,-1
test/malignant/melanoma_10471.jpg,test,malignant,2228,88.0,12988,86.0,-1,-1
test/malignant/melanoma_10472.jpg,test,malignant,9257,94.0,10191,86.0,-1,-1
test/malignant/melanoma_10473.jpg,test,malignant,2369,84.0,19284,84.0,-1,-1
test/malignant/melanoma_10474.jpg,test,malignant,2422,92.0,19383,92.0,-1,-1
test/malignant/melanoma_10475.jpg,test,malignant,4775,86.0,28254,84.0,-1,-1
test/malignant/melanoma_10476.jpg,test,malignant,984,82.0,27062,80.0,-1,-1
test/malignant/melanoma_10477.jpg,test,malignant,5614,94.0,9268,90.0,-1,-1
test/malignant/melanoma_10478.jpg,test,malignant,6115,70.0,13243,56.0,-1,-1
test/malignant/melanoma_10479.jpg,test,malignant,1673,84.0,26764,88.0,-1,-1
test/malignant/melanoma_10480.jpg,test,malignant,3528,94.0,9844,94.0,-1,-1
test/malignant/melanoma_10481.jpg,test,malignant,20,90.0,5675,90.0,-1,-1
test/malignant/melanoma_10482.jpg,test,malignant,7188,94.0,18492,92.0,-1,-1
test/malignant/melanoma_10483.jpg,test,malignant,8151,82.0,818,86.0,-1,-1
test/malignant/melanoma_10484.jpg,test,malignant,7328,90.0,30466,88.0,-1,-1
test/malignant/melanoma_10485.jpg,test,malignant,7315,86.0,3649,90.0,-1,-1
test/malignant/melanoma_10486.jpg,test,malignant,3305,86.0,17254,88.0,-1,-1
test/malignant/melanoma_10487.jpg,test,malignant,2471,80.0,11147,76.0,-1,-1
test/malignant/melanoma_10488.jpg,test,malignant,3380,90.0,7142,92.0,-1,-1
test/malignant/melanoma_10489.jpg,test,malignant,6392,90.0,2589,94.0,-1,-1
test/malignant/melanoma_10490.jpg,test,malignant,1170,72.0,55,72.0,-1,-1
test/malignant/melanoma_10491.jpg,test,malignant,981,90.0,30707,86.0,-1,-1
test/malignant/melanoma_10492.jpg,test,malignant,938,84.0,12520,84.0,-1,-1
test/malignant/melanoma_10493.jpg,test,malignant,8955,86.0,792,86.0,-1,-1
test/malignant/melanoma_10494.jpg,test,malignant,7556,60.0,21528,40.0,-1,-1
test/malignant/melanoma_10495.jpg,test,malignant,5420,90.0,540,88.0,-1,-1
test/malignant/melanoma_10496.jpg,test,malignant,3025,94.0,2211,90.0,-1,-1
test/malignant/melanoma_10497.jpg,test,malignant,2394,86.0,19816,86.0,-1,-1
test/malignant/melanoma_10498.jpg,test,malignant,121,90.0,7922,90.0,-1,-1
test/malignant/melanoma_10499.jpg,test,malignant,9552,86.0,8213,88.0,-1,-1
test/malignant/melanoma_10500.jpg,test,malignant,7702,80.0,3542,70.0,-1,-1
test/malignant/melanoma_10501.jpg,test,malignant,878,90.0,3997,82.0,-1,-1
test/malignant/melanoma_10502.jpg,test,malignant,20,88.0,29444,80.0,-1,-1
test/malignant/melanoma_10503.jpg,test,malignant,2620,86.0,4936,80.0,-1,-1
test/malignant/melanoma_10504.jpg,test,malignant,4952,92.0,16437,92.0,-1,-1
test/malignant/melanoma_10505.jpg,test,malignant,6869,74.0,18613,66.0,-1,-1
test/malignant/melanoma_10506.jpg,test,malignant,7542,88.0,10786,88.0,-1,-1
test/malignant/melanoma_10507.jpg,test,malignant,8663,82.0,8456,86.0,-1,-1
test/malignant/melanoma_10508.jpg,test,malignant,90,90.0,3417,84.0,-1,-1
test/malignant/melanoma_10509.jpg,test,malignant,2847,92.0,4578,88.0,-1,-1
test/malignant/melanoma_10510.jpg,test,malignant,9464,86.0,6957,90.0,-1,-1
test/malignant/melanoma_10511.jpg,test,malignant,7055,82.0,1612,90.0,-1,-1
test/malignant/melanoma_10512.jpg,test,malignant,8840,88.0,16722,82.0,-1,-1
test/malignant/melanoma_10513.jpg,test,malignant,770,88.0,2657,84.0,-1,-1
test/malignant/melanoma_10514.jpg,test,malignant,9675,82.0,662,80.0,-1,-1
test/malignant/melanoma_10515.jpg,test,malignant,7099,94.0,9390,92.0,-1,-1
test/malignant/melanoma_10516.jpg,test,malignant,8110,82.0,16947,80.0,-1,-1
test/malignant/melanoma_10517.jpg,test,malignant,2628,90.0,8108,90.0,-1,-1
test/malignant/melanoma_10518.jpg,test,malignant,169,84.0,18988,90.0,-1,-1
test/malignant/melanoma_10519.jpg,test,malignant,1822,88.0,2812,92.0,-1,-1
test/malignant/melanoma_10520.jpg,test,malignant,921,92.0,10191,90.0,-1,-1
test/malignant/melanoma_10521.jpg,test,malignant,6128,88.0,12290,86.0,-1,-1
test/malignant/melanoma_10522.jpg,test,malignant,6969,88.0,16701,92.0,-1,-1
test/malignant/melanoma_10523.jpg,test,malignant,3991,90.0,24509,92.0,-1,-1
test/malignant/melanoma_10524.jpg,test,malignant,7650,90.0,28606,82.0,-1,-1
test/malignant/melanoma_10525.jpg,test,malignant,7515,80.0,10001,80.0,-1,-1
test/malignant/melanoma_10526.jpg,test,malignant,1241,68.0,14767,74.0,-1,-1
test/malignant/melanoma_10527.jpg,test,malignant,90,92.0,6727,90.0,-1,-1
test/malignant/melanoma_10528.jpg,test,malignant,794,80.0,32142,80.0,-1,-1
test/malignant/melanoma_10529.jpg,test,malignant,9599,88.0,12453,86.0,-1,-1
test/malignant/melanoma_10530.jpg,test,malignant,1960,88.0,9937,86.0,-1,-1
test/malignant/melanoma_10531.jpg,test,malignant,3922,86.0,485,96.0,-1,-1
test/malignant/melanoma_10532.jpg,test,malignant,6568,90.0,7475,92.0,-1,-1
test/malignant/melanoma_10533.jpg,test,malignant,8443,86.0,15862,84.0,-1,-1
test/malignant/melanoma_10534.jpg,test,malignant,1860,84.0,23672,80.0,-1,-1
test/malignant/melanoma_10535.jpg,test,malignant,1313,86.0,6000,86.0,-1,-1
test/malignant/melanoma_10536.jpg,test,malignant,8974,92.0,682,94.0,-1,-1
test/malignant/melanoma_10537.jpg,test,malignant,8641,84.0,29444,80.0,-1,-1
test/malignant/melanoma_10538.jpg,test,malignant,5022,76.0,4071,72.0,-1,-1
test/malignant/melanoma_10539.jpg,test,malignant,1467,94.0,30854,92.0,-1,-1
test/malignant/melanoma_10540.jpg,test,malignant,2423,64.0,8876,64.0,-1,-1
test/malignant/melanoma_10541.jpg,test,malignant,871,92.0,10191,78.0,-1,-1
test/malignant/melanoma_10542.jpg,test,malignant,7536,82.0,13409,86.0,-1,-1
test/malignant/melanoma_10543.jpg,test,malignant,881,90.0,25781,88.0,-1,-1
test/malignant/melanoma_10544.jpg,test,malignant,376,62.0,31998,56.0,-1,-1
test/malignant/melanoma_10545.jpg,test,malignant,9391,80.0,31118,74.0,-1,-1
test/malignant/melanoma_10546.jpg,test,malignant,8983,90.0,9377,88.0,-1,-1
test/malignant/melanoma_10547.jpg,test,malignant,9257,86.0,18992,80.0,-1,-1
test/malignant/melanoma_10548.jpg,test,malignant,7665,86.0,10324,84.0,-1,-1
test/malignant/melanoma_10549.jpg,test,malignant,7444,70.0,6166,70.0,-1,-1
test/malignant/melanoma_10550.jpg,test,malignant,5433,92.0,56,86.0,-1,-1
test/malignant/melanoma_10551.jpg,test,malignant,5634,94.0,8279,86.0,-1,-1
test/malignant/melanoma_10552.jpg,test,malignant,6973,82.0,30712,70.0,-1,-1
test/malignant/melanoma_10553.jpg,test,malignant,2301,88.0,17169,92.0,-1,-1
test/malignant/melanoma_10554.jpg,test,malignant,112,90.0,16546,86.0,-1,-1
test/malignant/melanoma_10555.jpg,test,malignant,7231,84.0,10191,78.0,-1,-1
test/malignant/melanoma_10556.jpg,test,malignant,820,76.0,7717,82.0,-1,-1
test/malignant/melanoma_10557.jpg,test,malignant,20,86.0,29444,74.0,-1,-1
test/malignant/melanoma_10558.jpg,test,malignant,9940,86.0,14047,88.0,-1,-1
test/malignant/melanoma_10559.jpg,test,malignant,8385,90.0,11990,90.0,-1,-1
test/malignant/melanoma_10560.jpg,test,malignant,4300,92.0,5850,92.0,-1,-1
test/malignant/melanoma_10561.jpg,test,malignant,7289,80.0,653,80.0,-1,-1
test/malignant/melanoma_10562.jpg,test,malignant,8517,90.0,16729,88.0,-1,-1
test/malignant/melanoma_10563.jpg,test,malignant,4939,74.0,27741,2.0,-1,1
test/malignant/melanoma_10564.jpg,test,malignant,5395,80.0,27764,4.0,-1,1
test/malignant/melanoma_10565.jpg,test,malignant,5850,90.0,27774,2.0,-1,1
test/malignant/melanoma_10566.jpg,test,malignant,9288,74.0,27778,2.0,-1,1
test/malignant/melanoma_10567.jpg,test,malignant,3024,92.0,4997,94.0,-1,-1
test/malignant/melanoma_10568.jpg,test,malignant,6201,82.0,27821,0.0,-1,1
test/malignant/melanoma_10569.jpg,test,malignant,1839,90.0,27855,2.0,-1,1
test/malignant/melanoma_10570.jpg,test,malignant,2967,82.0,27877,0.0,-1,1
test/malignant/melanoma_10571.jpg,test,malignant,9973,92.0,27932,0.0,-1,1
test/malignant/melanoma_10572.jpg,test,malignant,1957,92.0,27985,2.0,-1,1
test/malignant/melanoma_10573.jpg,test,malignant,7338,80.0,27992,2.0,-1,1
test/malignant/melanoma_10574.jpg,test,malignant,7033,62.0,28138,2.0,-1,1
test/malignant/melanoma_10575.jpg,test,malignant,1415,84.0,28153,2.0,-1,1
test/malignant/melanoma_10576.jpg,test,malignant,9410,84.0,28157,4.0,-1,1
test/malignant/melanoma_10577.jpg,test,malignant,2997,90.0,28168,6.0,-1,1
test/malignant/melanoma_10578.jpg,test,malignant,5530,92.0,10669,88.0,-1,-1
test/malignant/melanoma_10579.jpg,test,malignant,2587,80.0,28359,4.0,-1,1
test/malignant/melanoma_10580.jpg,test,malignant,9288,86.0,28373,4.0,-1,1
test/malignant/melanoma_10581.jpg,test,malignant,850,84.0,28416,2.0,-1,1
test/malignant/melanoma_10582.jpg,test,malignant,3572,78.0,28450,6.0,-1,1
test/malignant/melanoma_10583.jpg,test,malignant,2359,90.0,28525,2.0,-1,1
test/malignant/melanoma_10584.jpg,test,malignant,4857,86.0,28545,6.0,-1,1
test/malignant/melanoma_10585.jpg,test,malignant,1169,86.0,28551,2.0,-1,1
test/malignant/melanoma_10586.jpg,test,malignant,7428,90.0,28712,10.0,-1,1
test/malignant/melanoma_10587.jpg,test,malignant,3542,68.0,28893,4.0,-1,1
test/malignant/melanoma_10588.jpg,test,malignant,835,96.0,28965,4.0,-1,1
test/malignant/melanoma_10589.jpg,test,malignant,1353,92.0,4219,78.0,-1,-1
test/malignant/melanoma_10590.jpg,test,malignant,4961,94.0,28988,4.0,-1,1
test/malignant/melanoma_10591.jpg,test,malignant,1494,90.0,29008,2.0,-1,1
test/malignant/melanoma_10592.jpg,test,malignant,1170,72.0,29041,6.0,-1,1
test/malignant/melanoma_10593.jpg,test,malignant,4865,76.0,29076,2.0,-1,1
test/malignant/melanoma_10594.jpg,test,malignant,4432,72.0,29166,2.0,-1,1
test/malignant/melanoma_10595.jpg,test,malignant,3338,76.0,29245,0.0,-1,1
test/malignant/melanoma_10596.jpg,test,malignant,6867,78.0,29369,0.0,-1,1
test/malignant/melanoma_10597.jpg,test,malignant,5207,64.0,29414,4.0,-1,1
test/malignant/melanoma_10598.jpg,test,malignant,2177,92.0,29416,2.0,-1,1
test/malignant/melanoma_10599.jpg,test,malignant,4645,78.0,29420,4.0,-1,1
test/malignant/melanoma_10600.jpg,test,malignant,7401,86.0,28582,80.0,-1,-1
test/malignant/melanoma_10601.jpg,test,malignant,9315,92.0,29444,0.0,-1,1
test/malignant/melanoma_10602.jpg,test,malignant,7932,88.0,91,6.0,-1,1
test/malignant/melanoma_10603.jpg,test,malignant,7626,94.0,29532,2.0,-1,1
test/malignant/melanoma_10604.jpg,test,malignant,9338,70.0,29561,2.0,-1,1
train/benign/melanoma_0.jpg,train,benign,9828,56.0,425,2.0,-1,0
train/benign/melanoma_1.jpg,train,benign,6973,86.0,533,4.0,-1,0
train/benign/melanoma_10.jpg,train,benign,6482,78.0,3998,2.0,-1,0
train/benign/melanoma_100.jpg,train,benign,2243,82.0,1722,6.0,-1,0
train/benign/melanoma_1000.jpg,train,benign,6974,68.0,840,6.0,-1,0
train/benign/melanoma_1001.jpg,train,benign,7126,90.0,3387,0.0,-1,0
train/benign/melanoma_1002.jpg,train,benign,4807,88.0,3526,6.0,-1,0
train/benign/melanoma_1003.jpg,train,benign,3254,84.0,876,4.0,-1,0
train/benign/melanoma_1004.jpg,train,benign,9152,80.0,877,4.0,-1,0
train/benign/melanoma_1005.jpg,train,benign,1391,74.0,2698,2.0,-1,0
train/benign/melanoma_1006.jpg,train,benign,3069,70.0,878,2.0,-1,0
train/benign/melanoma_1007.jpg,train,benign,9779,86.0,879,8.0,-1,0
train/benign/melanoma_1008.jpg,train,benign,7507,80.0,1793,2.0,-1,0
train/benign/melanoma_1009.jpg,train,benign,1250,78.0,880,2.0,-1,0
train/benign/melanoma_101.jpg,train,benign,8865,50.0,4060,4.0,-1,0
train/benign/melanoma_1010.jpg,train,benign,8840,76.0,881,0.0,-1,0
train/benign/melanoma_1011.jpg,train,benign,6962,82.0,882,2.0,-1,0
train/benign/melanoma_1012.jpg,train,benign,7255,70.0,883,8.0,-1,0
train/benign/melanoma_1013.jpg,train,benign,123,88.0,2652,4.0,-1,0
train/benign/melanoma_1014.jpg,train,benign,5195,84.0,884,6.0,-1,0
train/benign/melanoma_1015.jpg,train,benign,118,78.0,885,6.0,-1,0
train/benign/melanoma_1016.jpg,train,benign,5,90.0,841,2.0,-1,0
train/benign/melanoma_1017.jpg,train,benign,239,92.0,2699,2.0,-1,0
train/benign/melanoma_1018.jpg,train,benign,4511,82.0,887,6.0,-1,0
train/benign/melanoma_1019.jpg,train,benign,2607,92.0,888,2.0,-1,0
train/benign/melanoma_102.jpg,train,benign,8865,52.0,3456,2.0,-1,0
train/benign/melanoma_1020.jpg,train,benign,7014,82.0,889,2.0,-1,0
train/benign/melanoma_1021.jpg,train,benign,429,90.0,1794,2.0,-1,0
train/benign/melanoma_1022.jpg,train,benign,8789,82.0,890,8.0,-1,0
train/benign/melanoma_1023.jpg,train,benign,6683,58.0,891,2.0,-1,0
train/benign/melanoma_1024.jpg,train,benign,2318,88.0,3527,4.0,-1,0
train/benign/melanoma_1025.jpg,train,benign,6222,84.0,892,4.0,-1,0
train/benign/melanoma_1026.jpg,train,benign,1794,88.0,893,0.0,-1,0
train/benign/melanoma_1027.jpg,train,benign,6909,62.0,894,0.0,-1,0
train/benign/melanoma_1028.jpg,train,benign,1893,88.0,895,2.0,-1,0
train/benign/melanoma_1029.jpg,train,benign,7545,70.0,2700,0.0,-1,0
train/benign/melanoma_103.jpg,train,benign,1463,92.0,2630,8.0,-1,0
train/benign/melanoma_1030.jpg,train,benign,8839,50.0,896,6.0,-1,0
train/benign/melanoma_1031.jpg,train,benign,2333,68.0,842,2.0,-1,0
train/benign/melanoma_1032.jpg,train,benign,3749,66.0,897,4.0,-1,0
train/benign/melanoma_1033.jpg,train,benign,8728,74.0,898,6.0,-1,0
train/benign/melanoma_1034.jpg,train,benign,7702,90.0,1749,2.0,-1,0
train/benign/melanoma_1035.jpg,train,benign,5363,76.0,3528,2.0,-1,0
train/benign/melanoma_1036.jpg,train,benign,8839,76.0,899,8.0,-1,0
train/benign/melanoma_1037.jpg,train,benign,5018,78.0,900,2.0,-1,0
train/benign/melanoma_1038.jpg,train,benign,2703,92.0,901,0.0,-1,0
train/benign/melanoma_1039.jpg,train,benign,7784,74.0,902,4.0,-1,0
train/benign/melanoma_104.jpg,train,benign,3052,58.0,4061,2.0,-1,0
train/benign/melanoma_1040.jpg,train,benign,8299,52.0,903,4.0,-1,0
train/benign/melanoma_1041.jpg,train,benign,930,94.0,2701,0.0,-1,0
train/benign/melanoma_1042.jpg,train,benign,1578,78.0,904,6.0,-1,0
train/benign/melanoma_1043.jpg,train,benign,6602,92.0,905,4.0,-1,0
train/benign/melanoma_1044.jpg,train,benign,5601,90.0,906,0.0,-1,0
train/benign/melanoma_1045.jpg,train,benign,6683,90.0,843,0.0,-1,0
train/benign/melanoma_1046.jpg,train,benign,8949,62.0,3529,2.0,-1,0
train/benign/melanoma_1047.jpg,train,benign,4291,90.0,907,2.0,-1,0
train/benign/melanoma_1048.jpg,train,benign,9143,56.0,1795,4.0,-1,0
train/benign/melanoma_1049.jpg,train,benign,9626,84.0,908,6.0,-1,0
train/benign/melanoma_105.jpg,train,benign,5511,84.0,4062,2.0,-1,0
train/benign/melanoma_1050.jpg,train,benign,8230,76.0,909,2.0,-1,0
train/benign/melanoma_1051.jpg,train,benign,6707,88.0,910,4.0,-1,0
train/benign/melanoma_1052.jpg,train,benign,4557,80.0,911,4.0,-1,0
train/benign/melanoma_1053.jpg,train,benign,9443,74.0,2657,4.0,-1,0
train/benign/melanoma_1054.jpg,train,benign,2130,82.0,710,4.0,-1,0
train/benign/melanoma_1055.jpg,train,benign,7244,80.0,912,2.0,-1,0
train/benign/melanoma_1056.jpg,train,benign,6694,80.0,913,4.0,-1,0
train/benign/melanoma_1057.jpg,train,benign,6771,72.0,3530,4.0,-1,0
train/benign/melanoma_1058.jpg,train,benign,6330,70.0,914,4.0,-1,0
train/benign/melanoma_1059.jpg,train,benign,3882,86.0,915,2.0,-1,0
train/benign/melanoma_106.jpg,train,benign,7065,62.0,4063,0.0,-1,0
train/benign/melanoma_1060.jpg,train,benign,9507,78.0,844,2.0,-1,0
train/benign/melanoma_1061.jpg,train,benign,9302,62.0,1796,6.0,-1,0
train/benign/melanoma_1062.jpg,train,benign,75,68.0,916,2.0,-1,0
train/benign/melanoma_1063.jpg,train,benign,1473,92.0,917,2.0,-1,0
train/benign/melanoma_1064.jpg,train,benign,6807,66.0,918,4.0,-1,0
train/benign/melanoma_1065.jpg,train,benign,385,96.0,2702,2.0,-1,0
train/benign/melanoma_1066.jpg,train,benign,9285,62.0,919,2.0,-1,0
train/benign/melanoma_1067.jpg,train,benign,8016,74.0,920,4.0,-1,0
train/benign/melanoma_1068.jpg,train,benign,5262,80.0,3531,2.0,-1,0
train/benign/melanoma_1069.jpg,train,benign,7868,86.0,921,0.0,-1,0
train/benign/melanoma_107.jpg,train,benign,2948,86.0,4064,0.0,-1,0
train/benign/melanoma_1070.jpg,train,benign,7500,66.0,922,2.0,-1,0
train/benign/melanoma_1071.jpg,train,benign,1790,64.0,923,4.0,-1,0
train/benign/melanoma_1072.jpg,train,benign,1244,88.0,924,0.0,-1,0
train/benign/melanoma_1073.jpg,train,benign,3125,76.0,925,2.0,-1,0
train/benign/melanoma_1074.jpg,train,benign,6974,58.0,1797,6.0,-1,0
train/benign/melanoma_1075.jpg,train,benign,6555,82.0,845,4.0,-1,0
train/benign/melanoma_1076.jpg,train,benign,2613,86.0,926,2.0,-1,0
train/benign/melanoma_1077.jpg,train,benign,1655,88.0,2703,2.0,-1,0
train/benign/melanoma_1078.jpg,train,benign,8955,86.0,927,2.0,-1,0
train/benign/melanoma_1079.jpg,train,benign,7666,86.0,3532,0.0,-1,0
train/benign/melanoma_108.jpg,train,benign,800,70.0,4065,2.0,-1,0
train/benign/melanoma_1080.jpg,train,benign,1511,80.0,928,6.0,-1,0
train/benign/melanoma_1081.jpg,train,benign,6376,84.0,929,0.0,-1,0
train/benign/melanoma_1082.jpg,train,benign,7035,76.0,930,2.0,-1,0
train/benign/melanoma_1083.jpg,train,benign,6226,76.0,931,10.0,-1,0
train/benign/melanoma_1084.jpg,train,benign,1769,86.0,932,2.0,-1,0
train/benign/melanoma_1085.jpg,train,benign,8597,86.0,933,4.0,-1,0
train/benign/melanoma_1086.jpg,train,benign,9252,68.0,934,4.0,-1,0
train/benign/melanoma_1087.jpg,train,benign,8839,84.0,437,0.0,-1,0
train/benign/melanoma_1088.jpg,train,benign,8801,76.0,1798,12.0,-1,-1
train/benign/melanoma_1089.jpg,train,benign,2358,84.0,2704,0.0,-1,0
train/benign/melanoma_109.jpg,train,benign,36,86.0,4066,2.0,-1,0
train/benign/melanoma_1090.jpg,train,benign,7126,60.0,3476,8.0,-1,0
train/benign/melanoma_1091.jpg,train,benign,582,76.0,935,2.0,-1,0
train/benign/melanoma_1092.jpg,train,benign,1170,76.0,4691,6.0,-1,0
train/benign/melanoma_1093.jpg,train,benign,8170,80.0,4700,2.0,-1,0
train/benign/melanoma_1094.jpg,train,benign,7555,54.0,4789,0.0,-1,0
train/benign/melanoma_1095.jpg,train,benign,5793,66.0,4701,0.0,-1,0
train/benign/melanoma_1096.jpg,train,benign,7135,88.0,4702,4.0,-1,0
train/benign/melanoma_1097.jpg,train,benign,4557,82.0,4703,2.0,-1,0
train/benign/melanoma_1098.jpg,train,benign,1570,90.0,4704,4.0,-1,0
train/benign/melanoma_1099.jpg,train,benign,8516,86.0,4705,2.0,-1,0
train/benign/melanoma_11.jpg,train,benign,662,50.0,3999,2.0,-1,0
train/benign/melanoma_110.jpg,train,benign,8022,86.0,4068,2.0,-1,0
train/benign/melanoma_1100.jpg,train,benign,7512,80.0,4706,4.0,-1,0
train/benign/melanoma_1101.jpg,train,benign,340,92.0,3533,2.0,-1,0
train/benign/melanoma_1102.jpg,train,benign,9152,76.0,454,4.0,-1,0
train/benign/melanoma_1103.jpg,train,benign,2879,80.0,1799,6.0,-1,0
train/benign/melanoma_1104.jpg,train,benign,1469,82.0,4707,4.0,-1,0
train/benign/melanoma_1105.jpg,train,benign,7976,76.0,4708,8.0,-1,0
train/benign/melanoma_1106.jpg,train,benign,7408,82.0,4709,4.0,-1,0
train/benign/melanoma_1107.jpg,train,benign,9628,58.0,4692,2.0,-1,0
train/benign/melanoma_1108.jpg,train,benign,97,88.0,4710,2.0,-1,0
train/benign/melanoma_1109.jpg,train,benign,940,90.0,4711,2.0,-1,0
train/benign/melanoma_111.jpg,train,benign,2358,68.0,4069,6.0,-1,0
train/benign/melanoma_1110.jpg,train,benign,871,94.0,3186,4.0,-1,0
train/benign/melanoma_1111.jpg,train,benign,945,86.0,4712,4.0,-1,0
train/benign/melanoma_1112.jpg,train,benign,9031,90.0,2464,2.0,-1,0
train/benign/melanoma_1113.jpg,train,benign,9491,76.0,3388,2.0,-1,0
train/benign/melanoma_1114.jpg,train,benign,300,88.0,3534,6.0,-1,0
train/benign/melanoma_1115.jpg,train,benign,24,84.0,4713,6.0,-1,0
train/benign/melanoma_1116.jpg,train,benign,7922,64.0,2479,4.0,-1,0
train/benign/melanoma_1117.jpg,train,benign,4996,82.0,2705,6.0,-1,0
train/benign/melanoma_1118.jpg,train,benign,1263,70.0,4714,2.0,-1,0
train/benign/melanoma_1119.jpg,train,benign,6743,58.0,1800,4.0,-1,0
train/benign/melanoma_112.jpg,train,benign,2587,86.0,4070,4.0,-1,0
train/benign/melanoma_1120.jpg,train,benign,837,88.0,4715,2.0,-1,0
train/benign/melanoma_1121.jpg,train,benign,2459,86.0,4716,8.0,-1,0
train/benign/melanoma_1122.jpg,train,benign,1576,90.0,4717,0.0,-1,0
train/benign/melanoma_1123.jpg,train,benign,1006,92.0,4718,10.0,-1,0
train/benign/melanoma_1124.jpg,train,benign,6643,74.0,4693,6.0,-1,0
train/benign/melanoma_1125.jpg,train,benign,7126,86.0,1656,4.0,-1,0
train/benign/melanoma_1126.jpg,train,benign,7117,78.0,4719,4.0,-1,0
train/benign/melanoma_1127.jpg,train,benign,7244,76.0,4720,4.0,-1,0
train/benign/melanoma_1128.jpg,train,benign,2398,52.0,4721,4.0,-1,0
train/benign/melanoma_1129.jpg,train,benign,2948,72.0,2707,6.0,-1,0
train/benign/melanoma_113.jpg,train,benign,9491,64.0,3380,6.0,-1,0
train/benign/melanoma_1130.jpg,train,benign,8949,58.0,4722,4.0,-1,0
train/benign/melanoma_1131.jpg,train,benign,3323,84.0,4723,2.0,-1,0
train/benign/melanoma_1132.jpg,train,benign,6974,52.0,1801,4.0,-1,0
train/benign/melanoma_1133.jpg,train,benign,7736,88.0,4724,6.0,-1,0
train/benign/melanoma_1134.jpg,train,benign,6763,74.0,4725,2.0,-1,0
train/benign/melanoma_1135.jpg,train,benign,3547,84.0,4726,4.0,-1,0
train/benign/melanoma_1136.jpg,train,benign,2162,70.0,2563,4.0,-1,0
train/benign/melanoma_1137.jpg,train,benign,6359,80.0,4727,4.0,-1,0
train/benign/melanoma_1138.jpg,train,benign,8949,66.0,4728,6.0,-1,0
train/benign/melanoma_1139.jpg,train,benign,7338,74.0,4694,6.0,-1,0
train/benign/melanoma_114.jpg,train,benign,2837,86.0,3457,2.0,-1,0
train/benign/melanoma_1140.jpg,train,benign,6088,74.0,4729,12.0,-1,-1
train/benign/melanoma_1141.jpg,train,benign,2437,76.0,2708,4.0,-1,0
train/benign/melanoma_1142.jpg,train,benign,3927,94.0,4730,2.0,-1,0
train/benign/melanoma_1143.jpg,train,benign,7220,76.0,4731,6.0,-1,0
train/benign/melanoma_1144.jpg,train,benign,7185,72.0,4732,4.0,-1,0
train/benign/melanoma_1145.jpg,train,benign,5527,82.0,1802,2.0,-1,0
train/benign/melanoma_1146.jpg,train,benign,9345,68.0,4733,6.0,-1,0
train/benign/melanoma_1147.jpg,train,benign,1428,90.0,3535,4.0,-1,0
train/benign/melanoma_1148.jpg,train,benign,8949,40.0,4734,2.0,-1,0
train/benign/melanoma_1149.jpg,train,benign,4870,88.0,4735,2.0,-1,0
train/benign/melanoma_115.jpg,train,benign,2583,84.0,1650,2.0,-1,0
train/benign/melanoma_1150.jpg,train,benign,3052,84.0,4736,0.0,-1,0
train/benign/melanoma_1151.jpg,train,benign,9208,88.0,4737,0.0,-1,0
train/benign/melanoma_1152.jpg,train,benign,7898,86.0,4738,2.0,-1,0
train/benign/melanoma_1153.jpg,train,benign,4847,80.0,2709,6.0,-1,0
train/benign/melanoma_1154.jpg,train,benign,9035,80.0,4695,4.0,-1,0
train/benign/melanoma_1155.jpg,train,benign,9244,76.0,4739,8.0,-1,0
train/benign/melanoma_1156.jpg,train,benign,1160,86.0,4740,4.0,-1,0
train/benign/melanoma_1157.jpg,train,benign,7829,66.0,4741,8.0,-1,0
train/benign/melanoma_1158.jpg,train,benign,9594,72.0,3536,6.0,-1,0
train/benign/melanoma_1159.jpg,train,benign,7930,60.0,1803,2.0,-1,0
train/benign/melanoma_116.jpg,train,benign,782,88.0,2631,2.0,-1,0
train/benign/melanoma_1160.jpg,train,benign,9419,92.0,4742,2.0,-1,0
train/benign/melanoma_1161.jpg,train,benign,7532,80.0,4743,8.0,-1,0
train/benign/melanoma_1162.jpg,train,benign,3466,90.0,4744,2.0,-1,0
train/benign/melanoma_1163.jpg,train,benign,8363,80.0,4745,0.0,-1,0
train/benign/melanoma_1164.jpg,train,benign,2265,76.0,4746,4.0,-1,0
train/benign/melanoma_1165.jpg,train,benign,2344,68.0,2710,2.0,-1,0
train/benign/melanoma_1166.jpg,train,benign,681,92.0,4747,2.0,-1,0
train/benign/melanoma_1167.jpg,train,benign,108,80.0,4748,2.0,-1,0
train/benign/melanoma_1168.jpg,train,benign,3546,82.0,4696,4.0,-1,0
train/benign/melanoma_1169.jpg,train,benign,838,82.0,3537,6.0,-1,0
train/benign/melanoma_117.jpg,train,benign,9392,74.0,3989,4.0,-1,0
train/benign/melanoma_1170.jpg,train,benign,9327,82.0,4749,6.0,-1,0
train/benign/melanoma_1171.jpg,train,benign,1288,78.0,4750,4.0,-1,0
train/benign/melanoma_1172.jpg,train,benign,7912,84.0,1804,2.0,-1,0
train/benign/melanoma_1173.jpg,train,benign,1393,58.0,4751,4.0,-1,0
train/benign/melanoma_1174.jpg,train,benign,1987,92.0,4752,0.0,-1,0
train/benign/melanoma_1175.jpg,train,benign,2115,70.0,4753,2.0,-1,0
train/benign/melanoma_1176.jpg,train,benign,4519,74.0,4754,8.0,-1,0
train/benign/melanoma_1177.jpg,train,benign,6974,38.0,2711,2.0,-1,0
train/benign/melanoma_1178.jpg,train,benign,3861,92.0,4755,2.0,-1,0
train/benign/melanoma_1179.jpg,train,benign,7763,82.0,4756,2.0,-1,0
train/benign/melanoma_118.jpg,train,benign,5022,52.0,4071,6.0,-1,0
train/benign/melanoma_1180.jpg,train,benign,3254,62.0,3538,4.0,-1,0
train/benign/melanoma_1181.jpg,train,benign,13,90.0,4757,2.0,-1,0
train/benign/melanoma_1182.jpg,train,benign,3088,84.0,4758,2.0,-1,0
train/benign/melanoma_1183.jpg,train,benign,3392,88.0,4697,4.0,-1,0
train/benign/melanoma_1184.jpg,train,benign,7276,70.0,4759,0.0,-1,0
train/benign/melanoma_1185.jpg,train,benign,1354,76.0,1750,4.0,-1,0
train/benign/melanoma_1186.jpg,train,benign,6755,90.0,4760,2.0,-1,0
train/benign/melanoma_1187.jpg,train,benign,6661,82.0,4761,4.0,-1,0
train/benign/melanoma_1188.jpg,train,benign,7685,78.0,4762,6.0,-1,0
train/benign/melanoma_1189.jpg,train,benign,4570,66.0,2712,2.0,-1,0
train/benign/melanoma_119.jpg,train,benign,6520,86.0,4072,2.0,-1,0
train/benign/melanoma_1190.jpg,train,benign,27,84.0,4763,0.0,-1,0
train/benign/melanoma_1191.jpg,train,benign,2130,72.0,3539,2.0,-1,0
train/benign/melanoma_1192.jpg,train,benign,9681,70.0,4764,6.0,-1,0
train/benign/melanoma_1193.jpg,train,benign,7503,80.0,4765,4.0,-1,0
train/benign/melanoma_1194.jpg,train,benign,8949,68.0,4766,2.0,-1,0
train/benign/melanoma_1195.jpg,train,benign,5302,88.0,4767,2.0,-1,0
train/benign/melanoma_1196.jpg,train,benign,7756,86.0,4768,4.0,-1,0
train/benign/melanoma_1197.jpg,train,benign,6981,78.0,4698,6.0,-1,0
train/benign/melanoma_1198.jpg,train,benign,4804,88.0,1805,2.0,-1,0
train/benign/melanoma_1199.jpg,train,benign,7394,62.0,4769,2.0,-1,0
train/benign/melanoma_12.jpg,train,benign,7621,74.0,3982,6.0,-1,0
train/benign/melanoma_120.jpg,train,benign,5262,78.0,4073,2.0,-1,0
train/benign/melanoma_1200.jpg,train,benign,3841,94.0,4770,2.0,-1,0
train/benign/melanoma_1201.jpg,train,benign,5460,86.0,2658,4.0,-1,0
train/benign/melanoma_1202.jpg,train,benign,8301,86.0,3540,4.0,-1,0
train/benign/melanoma_1203.jpg,train,benign,7689,74.0,4771,0.0,-1,0
train/benign/melanoma_1204.jpg,train,benign,7912,62.0,4772,4.0,-1,0
train/benign/melanoma_1205.jpg,train,benign,2402,78.0,4773,2.0,-1,0
train/benign/melanoma_1206.jpg,train,benign,8105,84.0,4774,2.0,-1,0
train/benign/melanoma_1207.jpg,train,benign,5718,86.0,4775,2.0,-1,0
train/benign/melanoma_1208.jpg,train,benign,7375,56.0,4776,4.0,-1,0
train/benign/melanoma_1209.jpg,train,benign,6537,88.0,4777,2.0,-1,0
train/benign/melanoma_121.jpg,train,benign,2457,86.0,4074,2.0,-1,0
train/benign/melanoma_1210.jpg,train,benign,7150,90.0,4778,4.0,-1,0
train/benign/melanoma_1211.jpg,train,benign,6597,78.0,1806,2.0,-1,0
train/benign/melanoma_1212.jpg,train,benign,1416,88.0,4699,4.0,-1,0
train/benign/melanoma_1213.jpg,train,benign,8840,74.0,3541,4.0,-1,0
train/benign/melanoma_1214.jpg,train,benign,9594,70.0,2713,2.0,-1,0
train/benign/melanoma_1215.jpg,train,benign,7244,86.0,4779,0.0,-1,0
train/benign/melanoma_1216.jpg,train,benign,8925,72.0,4780,2.0,-1,0
train/benign/melanoma_1217.jpg,train,benign,8450,80.0,4781,2.0,-1,0
train/benign/melanoma_1218.jpg,train,benign,4123,90.0,4782,2.0,-1,0
train/benign/melanoma_1219.jpg,train,benign,7035,70.0,4783,6.0,-1,0
train/benign/melanoma_122.jpg,train,benign,96,86.0,4075,2.0,-1,0
train/benign/melanoma_1220.jpg,train,benign,9368,62.0,4784,4.0,-1,0
train/benign/melanoma_1221.jpg,train,benign,4029,82.0,4785,6.0,-1,0
train/benign/melanoma_1222.jpg,train,benign,6407,84.0,4786,2.0,-1,0
train/benign/melanoma_1223.jpg,train,benign,1393,52.0,4787,2.0,-1,0
train/benign/melanoma_1224.jpg,train,benign,5847,84.0,3370,0.0,-1,0
train/benign/melanoma_1225.jpg,train,benign,7223,68.0,3542,2.0,-1,0
train/benign/melanoma_1226.jpg,train,benign,6885,68.0,560,4.0,-1,0
train/benign/melanoma_1227.jpg,train,benign,1971,84.0,2714,2.0,-1,0
train/benign/melanoma_1228.jpg,train,benign,6684,90.0,1808,2.0,-1,0
train/benign/melanoma_1229.jpg,train,benign,7255,84.0,4788,4.0,-1,0
train/benign/melanoma_123.jpg,train,benign,5546,82.0,4076,8.0,-1,0
train/benign/melanoma_1230.jpg,train,benign,7190,68.0,4790,6.0,-1,0
train/benign/melanoma_1231.jpg,train,benign,647,86.0,4799,0.0,-1,0
train/benign/melanoma_1232.jpg,train,benign,2425,82.0,4891,8.0,-1,0
train/benign/melanoma_1233.jpg,train,benign,3621,78.0,4800,2.0,-1,0
train/benign/melanoma_1234.jpg,train,benign,76,86.0,4801,0.0,-1,0
train/benign/melanoma_1235.jpg,train,benign,1578,88.0,4802,4.0,-1,0
train/benign/melanoma_1236.jpg,train,benign,2494,94.0,3477,2.0,-1,0
train/benign/melanoma_1237.jpg,train,benign,6860,64.0,4803,6.0,-1,0
train/benign/melanoma_1238.jpg,train,benign,7142,88.0,4804,10.0,-1,0
train/benign/melanoma_1239.jpg,train,benign,5084,88.0,2452,6.0,-1,0
train/benign/melanoma_124.jpg,train,benign,9244,64.0,4077,0.0,-1,0
train/benign/melanoma_1240.jpg,train,benign,1170,68.0,455,2.0,-1,0
train/benign/melanoma_1241.jpg,train,benign,1459,72.0,4805,4.0,-1,0
train/benign/melanoma_1242.jpg,train,benign,8153,82.0,1809,4.0,-1,0
train/benign/melanoma_1243.jpg,train,benign,6467,88.0,4806,0.0,-1,0
train/benign/melanoma_1244.jpg,train,benign,7546,74.0,4807,0.0,-1,0
train/benign/melanoma_1245.jpg,train,benign,5121,70.0,4808,0.0,-1,0
train/benign/melanoma_1246.jpg,train,benign,7980,60.0,4791,2.0,-1,0
train/benign/melanoma_1247.jpg,train,benign,8640,64.0,3543,8.0,-1,0
train/benign/melanoma_1248.jpg,train,benign,7157,86.0,4809,0.0,-1,0
train/benign/melanoma_1249.jpg,train,benign,7574,90.0,4810,0.0,-1,0
train/benign/melanoma_125.jpg,train,benign,3192,90.0,3458,4.0,-1,0
train/benign/melanoma_1250.jpg,train,benign,53,88.0,4811,4.0,-1,0
train/benign/melanoma_1251.jpg,train,benign,9506,74.0,4812,4.0,-1,0
train/benign/melanoma_1252.jpg,train,benign,7084,80.0,2715,0.0,-1,0
train/benign/melanoma_1253.jpg,train,benign,8972,82.0,4813,0.0,-1,0
train/benign/melanoma_1254.jpg,train,benign,7260,76.0,4814,2.0,-1,0
train/benign/melanoma_1255.jpg,train,benign,7744,50.0,1810,4.0,-1,0
train/benign/melanoma_1256.jpg,train,benign,1316,92.0,4815,0.0,-1,0
train/benign/melanoma_1257.jpg,train,benign,8789,88.0,4816,4.0,-1,0
train/benign/melanoma_1258.jpg,train,benign,2837,82.0,2564,6.0,-1,0
train/benign/melanoma_1259.jpg,train,benign,7787,72.0,4817,2.0,-1,0
train/benign/melanoma_126.jpg,train,benign,9205,46.0,4078,4.0,-1,0
train/benign/melanoma_1260.jpg,train,benign,4429,84.0,4818,2.0,-1,0
train/benign/melanoma_1261.jpg,train,benign,448,88.0,4792,4.0,-1,0
train/benign/melanoma_1262.jpg,train,benign,7192,66.0,4819,2.0,-1,0
train/benign/melanoma_1263.jpg,train,benign,3461,94.0,4820,4.0,-1,0
train/benign/melanoma_1264.jpg,train,benign,2546,88.0,2716,4.0,-1,0
train/benign/melanoma_1265.jpg,train,benign,1619,86.0,4821,4.0,-1,0
train/benign/melanoma_1266.jpg,train,benign,5880,60.0,4822,2.0,-1,0
train/benign/melanoma_1267.jpg,train,benign,4792,74.0,4823,4.0,-1,0
train/benign/melanoma_1268.jpg,train,benign,907,86.0,1811,0.0,-1,0
train/benign/melanoma_1269.jpg,train,benign,6487,80.0,1657,2.0,-1,0
train/benign/melanoma_127.jpg,train,benign,9183,74.0,4079,4.0,-1,0
train/benign/melanoma_1270.jpg,train,benign,8743,86.0,4824,0.0,-1,0
train/benign/melanoma_1271.jpg,train,benign,1663,94.0,4825,0.0,-1,0
train/benign/melanoma_1272.jpg,train,benign,6826,86.0,4826,4.0,-1,0
train/benign/melanoma_1273.jpg,train,benign,4658,90.0,4827,6.0,-1,0
train/benign/melanoma_1274.jpg,train,benign,6271,74.0,4828,2.0,-1,0
train/benign/melanoma_1275.jpg,train,benign,8,90.0,4793,2.0,-1,0
train/benign/melanoma_1276.jpg,train,benign,2375,80.0,2717,8.0,-1,0
train/benign/melanoma_1277.jpg,train,benign,2274,84.0,4829,2.0,-1,0
train/benign/melanoma_1278.jpg,train,benign,6233,84.0,4830,6.0,-1,0
train/benign/melanoma_1279.jpg,train,benign,114,94.0,4831,6.0,-1,0
train/benign/melanoma_128.jpg,train,benign,2444,66.0,621,4.0,-1,0
train/benign/melanoma_1280.jpg,train,benign,8949,42.0,3544,6.0,-1,0
train/benign/melanoma_1281.jpg,train,benign,609,88.0,4832,6.0,-1,0
train/benign/melanoma_1282.jpg,train,benign,2636,84.0,1812,4.0,-1,0
train/benign/melanoma_1283.jpg,train,benign,860,88.0,4833,2.0,-1,0
train/benign/melanoma_1284.jpg,train,benign,7266,68.0,4834,2.0,-1,0
train/benign/melanoma_1285.jpg,train,benign,9277,82.0,4835,2.0,-1,0
train/benign/melanoma_1286.jpg,train,benign,8924,64.0,4836,10.0,-1,0
train/benign/melanoma_1287.jpg,train,benign,8610,84.0,4837,2.0,-1,0
train/benign/melanoma_1288.jpg,train,benign,3732,82.0,2718,0.0,-1,0
train/benign/melanoma_1289.jpg,train,benign,4298,84.0,4838,2.0,-1,0
train/benign/melanoma_129.jpg,train,benign,6034,84.0,2472,4.0,-1,0
train/benign/melanoma_1290.jpg,train,benign,5119,84.0,4794,2.0,-1,0
train/benign/melanoma_1291.jpg,train,benign,7856,76.0,3545,4.0,-1,0
train/benign/melanoma_1292.jpg,train,benign,1295,92.0,4839,4.0,-1,0
train/benign/melanoma_1293.jpg,train,benign,1161,90.0,4840,2.0,-1,0
train/benign/melanoma_1294.jpg,train,benign,3948,88.0,4841,2.0,-1,0
train/benign/melanoma_1295.jpg,train,benign,7763,58.0,1813,8.0,-1,0
train/benign/melanoma_1296.jpg,train,benign,118,58.0,4842,8.0,-1,0
train/benign/melanoma_1297.jpg,train,benign,8894,68.0,4843,6.0,-1,0
train/benign/melanoma_1298.jpg,train,benign,21,88.0,4844,4.0,-1,0
train/benign/melanoma_1299.jpg,train,benign,1342,86.0,4845,16.0,-1,-1
train/benign/melanoma_13.jpg,train,benign,7790,66.0,4000,4.0,-1,0
train/benign/melanoma_130.jpg,train,benign,1170,62.0,2560,4.0,-1,0
train/benign/melanoma_1300.jpg,train,benign,4034,86.0,2720,2.0,-1,0
train/benign/melanoma_1301.jpg,train,benign,2344,78.0,4846,4.0,-1,0
train/benign/melanoma_1302.jpg,train,benign,2953,82.0,3546,4.0,-1,0
train/benign/melanoma_1303.jpg,train,benign,1377,82.0,4847,8.0,-1,0
train/benign/melanoma_1304.jpg,train,benign,7432,86.0,4848,4.0,-1,0
train/benign/melanoma_1305.jpg,train,benign,9066,78.0,4795,6.0,-1,0
train/benign/melanoma_1306.jpg,train,benign,7295,86.0,4849,4.0,-1,0
train/benign/melanoma_1307.jpg,train,benign,7681,86.0,4850,4.0,-1,0
train/benign/melanoma_1308.jpg,train,benign,2424,82.0,1814,0.0,-1,0
train/benign/melanoma_1309.jpg,train,benign,1170,86.0,4851,2.0,-1,0
train/benign/melanoma_131.jpg,train,benign,7776,80.0,552,0.0,-1,0
train/benign/melanoma_1310.jpg,train,benign,11,92.0,4852,6.0,-1,0
train/benign/melanoma_1311.jpg,train,benign,4557,62.0,4853,0.0,-1,0
train/benign/melanoma_1312.jpg,train,benign,1492,88.0,2721,2.0,-1,0
train/benign/melanoma_1313.jpg,train,benign,8949,26.0,3547,0.0,-1,0
train/benign/melanoma_1314.jpg,train,benign,9596,82.0,4854,4.0,-1,0
train/benign/melanoma_1315.jpg,train,benign,7065,70.0,4855,2.0,-1,0
train/benign/melanoma_1316.jpg,train,benign,3031,68.0,4856,4.0,-1,0
train/benign/melanoma_1317.jpg,train,benign,7054,82.0,4857,2.0,-1,0
train/benign/melanoma_1318.jpg,train,benign,3861,88.0,4858,2.0,-1,0
train/benign/melanoma_1319.jpg,train,benign,8516,66.0,4796,4.0,-1,0
train/benign/melanoma_132.jpg,train,benign,7244,74.0,1723,4.0,-1,0
train/benign/melanoma_1320.jpg,train,benign,6683,66.0,4859,8.0,-1,0
train/benign/melanoma_1321.jpg,train,benign,6814,92.0,1816,4.0,-1,0
train/benign/melanoma_1322.jpg,train,benign,8227,76.0,4860,4.0,-1,0
train/benign/melanoma_1323.jpg,train,benign,9089,72.0,4861,2.0,-1,0
train/benign/melanoma_1324.jpg,train,benign,6767,64.0,3548,4.0,-1,0
train/benign/melanoma_1325.jpg,train,benign,2418,78.0,2722,4.0,-1,0
train/benign/melanoma_1326.jpg,train,benign,5775,86.0,4862,2.0,-1,0
train/benign/melanoma_1327.jpg,train,benign,4935,80.0,4863,2.0,-1,0
train/benign/melanoma_1328.jpg,train,benign,3797,78.0,4864,8.0,-1,0
train/benign/melanoma_1329.jpg,train,benign,263,70.0,4865,6.0,-1,0
train/benign/melanoma_133.jpg,train,benign,4645,86.0,4080,4.0,-1,0
train/benign/melanoma_1330.jpg,train,benign,2050,90.0,4866,4.0,-1,0
train/benign/melanoma_1331.jpg,train,benign,2797,86.0,4867,4.0,-1,0
train/benign/melanoma_1332.jpg,train,benign,9426,86.0,4868,0.0,-1,0
train/benign/melanoma_1333.jpg,train,benign,698,92.0,4797,2.0,-1,0
train/benign/melanoma_1334.jpg,train,benign,6799,88.0,1751,4.0,-1,0
train/benign/melanoma_1335.jpg,train,benign,2392,52.0,3389,6.0,-1,0
train/benign/melanoma_1336.jpg,train,benign,7621,78.0,3549,2.0,-1,0
train/benign/melanoma_1337.jpg,train,benign,8051,80.0,4870,4.0,-1,0
train/benign/melanoma_1338.jpg,train,benign,4702,88.0,2723,6.0,-1,0
train/benign/melanoma_1339.jpg,train,benign,2044,88.0,4871,4.0,-1,0
train/benign/melanoma_134.jpg,train,benign,9458,92.0,4082,2.0,-1,0
train/benign/melanoma_1340.jpg,train,benign,9064,70.0,4872,8.0,-1,0
train/benign/melanoma_1341.jpg,train,benign,6973,62.0,4873,2.0,-1,0
train/benign/melanoma_1342.jpg,train,benign,4599,82.0,4874,4.0,-1,0
train/benign/melanoma_1343.jpg,train,benign,8228,84.0,4875,10.0,-1,0
train/benign/melanoma_1344.jpg,train,benign,9103,88.0,4876,0.0,-1,0
train/benign/melanoma_1345.jpg,train,benign,933,82.0,4877,2.0,-1,0
train/benign/melanoma_1346.jpg,train,benign,9011,90.0,4878,4.0,-1,0
train/benign/melanoma_1347.jpg,train,benign,217,92.0,3550,2.0,-1,0
train/benign/melanoma_1348.jpg,train,benign,7907,84.0,4880,2.0,-1,0
train/benign/melanoma_1349.jpg,train,benign,3005,86.0,1817,2.0,-1,0
train/benign/melanoma_135.jpg,train,benign,6956,88.0,4091,0.0,-1,0
train/benign/melanoma_1350.jpg,train,benign,1490,92.0,2659,0.0,-1,0
train/benign/melanoma_1351.jpg,train,benign,7879,72.0,4798,4.0,-1,0
train/benign/melanoma_1352.jpg,train,benign,243,86.0,4881,2.0,-1,0
train/benign/melanoma_1353.jpg,train,benign,6516,84.0,4882,6.0,-1,0
train/benign/melanoma_1354.jpg,train,benign,7198,76.0,4883,2.0,-1,0
train/benign/melanoma_1355.jpg,train,benign,977,80.0,4884,0.0,-1,0
train/benign/melanoma_1356.jpg,train,benign,9470,60.0,4885,6.0,-1,0
train/benign/melanoma_1357.jpg,train,benign,7548,74.0,4886,4.0,-1,0
train/benign/melanoma_1358.jpg,train,benign,6738,88.0,3551,0.0,-1,0
train/benign/melanoma_1359.jpg,train,benign,6859,88.0,4887,4.0,-1,0
train/benign/melanoma_136.jpg,train,benign,75,60.0,3459,0.0,-1,0
train/benign/melanoma_1360.jpg,train,benign,4857,82.0,4888,2.0,-1,0
train/benign/melanoma_1361.jpg,train,benign,6378,88.0,4889,4.0,-1,0
train/benign/melanoma_1362.jpg,train,benign,8860,62.0,2448,6.0,-1,0
train/benign/melanoma_1363.jpg,train,benign,3353,90.0,2480,0.0,-1,0
train/benign/melanoma_1364.jpg,train,benign,9066,52.0,2724,6.0,-1,0
train/benign/melanoma_1365.jpg,train,benign,187,84.0,561,6.0,-1,0
train/benign/melanoma_1366.jpg,train,benign,196,88.0,1818,2.0,-1,0
train/benign/melanoma_1367.jpg,train,benign,826,86.0,4890,0.0,-1,0
train/benign/melanoma_1368.jpg,train,benign,4432,86.0,4892,2.0,-1,0
train/benign/melanoma_1369.jpg,train,benign,7907,76.0,3552,2.0,-1,0
train/benign/melanoma_137.jpg,train,benign,7072,84.0,4182,2.0,-1,0
train/benign/melanoma_1370.jpg,train,benign,9882,88.0,4901,4.0,-1,0
train/benign/melanoma_1371.jpg,train,benign,1276,68.0,4992,4.0,-1,0
train/benign/melanoma_1372.jpg,train,benign,1563,90.0,4902,2.0,-1,0
train/benign/melanoma_1373.jpg,train,benign,8830,66.0,4903,4.0,-1,0
train/benign/melanoma_1374.jpg,train,benign,6862,64.0,4904,2.0,-1,0
train/benign/melanoma_1375.jpg,train,benign,6983,84.0,4905,2.0,-1,0
train/benign/melanoma_1376.jpg,train,benign,1618,88.0,456,6.0,-1,0
train/benign/melanoma_1377.jpg,train,benign,594,72.0,4906,4.0,-1,0
train/benign/melanoma_1378.jpg,train,benign,3619,92.0,4907,2.0,-1,0
train/benign/melanoma_1379.jpg,train,benign,1498,68.0,1819,2.0,-1,0
train/benign/melanoma_138.jpg,train,benign,9447,72.0,4092,0.0,-1,0
train/benign/melanoma_1380.jpg,train,benign,6807,66.0,2466,4.0,-1,0
train/benign/melanoma_1381.jpg,train,benign,1467,80.0,4908,2.0,-1,0
train/benign/melanoma_1382.jpg,train,benign,116,70.0,4909,4.0,-1,0
train/benign/melanoma_1383.jpg,train,benign,6757,84.0,4910,4.0,-1,0
train/benign/melanoma_1384.jpg,train,benign,8882,94.0,4893,2.0,-1,0
train/benign/melanoma_1385.jpg,train,benign,2565,78.0,4911,2.0,-1,0
train/benign/melanoma_1386.jpg,train,benign,2392,68.0,4912,8.0,-1,0
train/benign/melanoma_1387.jpg,train,benign,4207,88.0,4913,2.0,-1,0
train/benign/melanoma_1388.jpg,train,benign,903,84.0,2725,2.0,-1,0
train/benign/melanoma_1389.jpg,train,benign,662,72.0,4914,4.0,-1,0
train/benign/melanoma_139.jpg,train,benign,886,90.0,4093,4.0,-1,0
train/benign/melanoma_1390.jpg,train,benign,9447,56.0,4915,4.0,-1,0
train/benign/melanoma_1391.jpg,train,benign,7829,60.0,2565,2.0,-1,0
train/benign/melanoma_1392.jpg,train,benign,8799,74.0,4916,0.0,-1,0
train/benign/melanoma_1393.jpg,train,benign,1578,60.0,1820,4.0,-1,0
train/benign/melanoma_1394.jpg,train,benign,7768,84.0,4917,2.0,-1,0
train/benign/melanoma_1395.jpg,train,benign,7545,82.0,4918,0.0,-1,0
train/benign/melanoma_1396.jpg,train,benign,9195,52.0,4919,2.0,-1,0
train/benign/melanoma_1397.jpg,train,benign,9038,80.0,4920,4.0,-1,0
train/benign/melanoma_1398.jpg,train,benign,7399,80.0,4894,2.0,-1,0
train/benign/melanoma_1399.jpg,train,benign,9266,78.0,4921,4.0,-1,0
train/benign/melanoma_14.jpg,train,benign,4708,82.0,523,4.0,-1,0
train/benign/melanoma_140.jpg,train,benign,399,86.0,4094,4.0,-1,0
train/benign/melanoma_1400.jpg,train,benign,7744,50.0,2726,2.0,-1,0
train/benign/melanoma_1401.jpg,train,benign,7031,80.0,4922,6.0,-1,0
train/benign/melanoma_1402.jpg,train,benign,6962,82.0,3478,6.0,-1,0
train/benign/melanoma_1403.jpg,train,benign,5847,78.0,4923,2.0,-1,0
train/benign/melanoma_1404.jpg,train,benign,2551,88.0,4924,4.0,-1,0
train/benign/melanoma_1405.jpg,train,benign,7238,80.0,4925,6.0,-1,0
train/benign/melanoma_1406.jpg,train,benign,8948,76.0,1821,2.0,-1,0
train/benign/melanoma_1407.jpg,train,benign,7061,64.0,4926,2.0,-1,0
train/benign/melanoma_1408.jpg,train,benign,3254,70.0,4927,4.0,-1,0
train/benign/melanoma_1409.jpg,train,benign,1474,90.0,4928,2.0,-1,0
train/benign/melanoma_141.jpg,train,benign,1600,86.0,4095,4.0,-1,0
train/benign/melanoma_1410.jpg,train,benign,7034,72.0,4929,2.0,-1,0
train/benign/melanoma_1411.jpg,train,benign,2278,78.0,4930,2.0,-1,0
train/benign/melanoma_1412.jpg,train,benign,7515,68.0,2727,2.0,-1,0
train/benign/melanoma_1413.jpg,train,benign,8711,80.0,1658,2.0,-1,0
train/benign/melanoma_1414.jpg,train,benign,1473,90.0,4895,4.0,-1,0
train/benign/melanoma_1415.jpg,train,benign,1971,90.0,4931,4.0,-1,0
train/benign/melanoma_1416.jpg,train,benign,9152,76.0,4932,0.0,-1,0
train/benign/melanoma_1417.jpg,train,benign,6189,92.0,4933,2.0,-1,0
train/benign/melanoma_1418.jpg,train,benign,2205,82.0,4934,2.0,-1,0
train/benign/melanoma_1419.jpg,train,benign,7335,82.0,1822,8.0,-1,0
train/benign/melanoma_142.jpg,train,benign,6300,90.0,448,0.0,-1,0
train/benign/melanoma_1420.jpg,train,benign,2613,66.0,4935,4.0,-1,0
train/benign/melanoma_1421.jpg,train,benign,7198,68.0,4936,2.0,-1,0
train/benign/melanoma_1422.jpg,train,benign,7172,94.0,4937,0.0,-1,0
train/benign/melanoma_1423.jpg,train,benign,4058,88.0,4938,2.0,-1,0
train/benign/melanoma_1424.jpg,train,benign,9261,50.0,3553,4.0,-1,0
train/benign/melanoma_1425.jpg,train,benign,6405,86.0,2728,2.0,-1,0
train/benign/melanoma_1426.jpg,train,benign,8579,84.0,4939,4.0,-1,0
train/benign/melanoma_1427.jpg,train,benign,12,64.0,4940,6.0,-1,0
train/benign/melanoma_1428.jpg,train,benign,7859,74.0,4896,12.0,-1,-1
train/benign/melanoma_1429.jpg,train,benign,1849,74.0,4941,2.0,-1,0
train/benign/melanoma_143.jpg,train,benign,118,70.0,4096,2.0,-1,0
train/benign/melanoma_1430.jpg,train,benign,2448,72.0,4942,2.0,-1,0
train/benign/melanoma_1431.jpg,train,benign,9091,64.0,4943,4.0,-1,0
train/benign/melanoma_1432.jpg,train,benign,7380,78.0,1823,6.0,-1,0
train/benign/melanoma_1433.jpg,train,benign,7463,84.0,4944,2.0,-1,0
train/benign/melanoma_1434.jpg,train,benign,8,94.0,4945,2.0,-1,0
train/benign/melanoma_1435.jpg,train,benign,3674,90.0,3554,2.0,-1,0
train/benign/melanoma_1436.jpg,train,benign,928,92.0,4946,2.0,-1,0
train/benign/melanoma_1437.jpg,train,benign,8500,88.0,2729,2.0,-1,0
train/benign/melanoma_1438.jpg,train,benign,1231,84.0,4947,4.0,-1,0
train/benign/melanoma_1439.jpg,train,benign,4000,94.0,4948,4.0,-1,0
train/benign/melanoma_144.jpg,train,benign,6962,70.0,4097,2.0,-1,0
train/benign/melanoma_1440.jpg,train,benign,8894,52.0,4949,8.0,-1,0
train/benign/melanoma_1441.jpg,train,benign,4090,90.0,4950,4.0,-1,0
train/benign/melanoma_1442.jpg,train,benign,8331,70.0,4897,2.0,-1,0
train/benign/melanoma_1443.jpg,train,benign,7704,86.0,4951,2.0,-1,0
train/benign/melanoma_1444.jpg,train,benign,6487,66.0,4953,4.0,-1,0
train/benign/melanoma_1445.jpg,train,benign,7244,68.0,1824,4.0,-1,0
train/benign/melanoma_1446.jpg,train,benign,9981,92.0,3390,2.0,-1,0
train/benign/melanoma_1447.jpg,train,benign,9244,68.0,3555,4.0,-1,0
train/benign/melanoma_1448.jpg,train,benign,629,70.0,4954,6.0,-1,0
train/benign/melanoma_1449.jpg,train,benign,5332,76.0,4955,4.0,-1,0
train/benign/melanoma_145.jpg,train,benign,5719,88.0,1724,4.0,-1,0
train/benign/melanoma_1450.jpg,train,benign,7107,88.0,2730,8.0,-1,0
train/benign/melanoma_1451.jpg,train,benign,376,86.0,4956,2.0,-1,0
train/benign/melanoma_1452.jpg,train,benign,7922,58.0,4957,0.0,-1,0
train/benign/melanoma_1453.jpg,train,benign,9261,80.0,4958,2.0,-1,0
train/benign/melanoma_1454.jpg,train,benign,4219,90.0,4959,2.0,-1,0
train/benign/melanoma_1455.jpg,train,benign,6189,78.0,4960,2.0,-1,0
train/benign/melanoma_1456.jpg,train,benign,5114,86.0,4961,2.0,-1,0
train/benign/melanoma_1457.jpg,train,benign,1689,94.0,4898,2.0,-1,0
train/benign/melanoma_1458.jpg,train,benign,8799,66.0,3556,4.0,-1,0
train/benign/melanoma_1459.jpg,train,benign,295,90.0,4962,6.0,-1,0
train/benign/melanoma_146.jpg,train,benign,9145,64.0,4098,4.0,-1,0
train/benign/melanoma_1460.jpg,train,benign,5296,76.0,1825,4.0,-1,0
train/benign/melanoma_1461.jpg,train,benign,6909,84.0,4963,4.0,-1,0
train/benign/melanoma_1462.jpg,train,benign,9064,54.0,2731,2.0,-1,0
train/benign/melanoma_1463.jpg,train,benign,8865,70.0,4964,2.0,-1,0
train/benign/melanoma_1464.jpg,train,benign,4397,82.0,4965,2.0,-1,0
train/benign/melanoma_1465.jpg,train,benign,9419,90.0,4966,2.0,-1,0
train/benign/melanoma_1466.jpg,train,benign,7252,68.0,4967,6.0,-1,0
train/benign/melanoma_1467.jpg,train,benign,6798,88.0,4968,2.0,-1,0
train/benign/melanoma_1468.jpg,train,benign,2375,78.0,4969,4.0,-1,0
train/benign/melanoma_1469.jpg,train,benign,7912,58.0,3557,2.0,-1,0
train/benign/melanoma_147.jpg,train,benign,5066,76.0,2465,4.0,-1,0
train/benign/melanoma_1470.jpg,train,benign,1375,84.0,4970,0.0,-1,0
train/benign/melanoma_1471.jpg,train,benign,594,62.0,4971,2.0,-1,0
train/benign/melanoma_1472.jpg,train,benign,8861,86.0,4899,4.0,-1,0
train/benign/melanoma_1473.jpg,train,benign,745,88.0,1826,4.0,-1,0
train/benign/melanoma_1474.jpg,train,benign,2265,58.0,2732,2.0,-1,0
train/benign/melanoma_1475.jpg,train,benign,3135,84.0,4972,8.0,-1,0
train/benign/melanoma_1476.jpg,train,benign,7787,62.0,4973,2.0,-1,0
train/benign/melanoma_1477.jpg,train,benign,37,80.0,4974,6.0,-1,0
train/benign/melanoma_1478.jpg,train,benign,7444,88.0,4975,2.0,-1,0
train/benign/melanoma_1479.jpg,train,benign,7231,68.0,4976,4.0,-1,0
train/benign/melanoma_148.jpg,train,benign,8088,88.0,4099,2.0,-1,0
train/benign/melanoma_1480.jpg,train,benign,44,88.0,3558,2.0,-1,0
train/benign/melanoma_1481.jpg,train,benign,7211,90.0,4977,2.0,-1,0
train/benign/melanoma_1482.jpg,train,benign,7474,70.0,4978,0.0,-1,0
train/benign/melanoma_1483.jpg,train,benign,8949,60.0,4979,4.0,-1,0
train/benign/melanoma_1484.jpg,train,benign,6350,88.0,4980,2.0,-1,0
train/benign/melanoma_1485.jpg,train,benign,6882,58.0,4981,4.0,-1,0
train/benign/melanoma_1486.jpg,train,benign,2170,82.0,2481,6.0,-1,0
train/benign/melanoma_1487.jpg,train,benign,9587,92.0,2733,2.0,-1,0
train/benign/melanoma_1488.jpg,train,benign,9265,70.0,1752,2.0,-1,0
train/benign/melanoma_1489.jpg,train,benign,5535,88.0,4900,0.0,-1,0
train/benign/melanoma_149.jpg,train,benign,2730,78.0,4100,2.0,-1,0
train/benign/melanoma_1490.jpg,train,benign,9017,86.0,4982,0.0,-1,0
train/benign/melanoma_1491.jpg,train,benign,6727,86.0,3559,4.0,-1,0
train/benign/melanoma_1492.jpg,train,benign,9064,50.0,4983,4.0,-1,0
train/benign/melanoma_1493.jpg,train,benign,5395,82.0,4984,6.0,-1,0
train/benign/melanoma_1494.jpg,train,benign,5099,82.0,4985,4.0,-1,0
train/benign/melanoma_1495.jpg,train,benign,9498,82.0,4986,4.0,-1,0
train/benign/melanoma_1496.jpg,train,benign,8861,70.0,4987,4.0,-1,0
train/benign/melanoma_1497.jpg,train,benign,7548,80.0,4988,2.0,-1,0
train/benign/melanoma_1498.jpg,train,benign,2901,86.0,4989,2.0,-1,0
train/benign/melanoma_1499.jpg,train,benign,4485,80.0,2660,2.0,-1,0
train/benign/melanoma_15.jpg,train,benign,339,90.0,4001,4.0,-1,0
train/benign/melanoma_150.jpg,train,benign,7920,80.0,4083,6.0,-1,0
train/benign/melanoma_1500.jpg,train,benign,7850,78.0,4990,4.0,-1,0
train/benign/melanoma_1501.jpg,train,benign,4422,90.0,562,2.0,-1,0
train/benign/melanoma_1502.jpg,train,benign,7496,68.0,3560,4.0,-1,0
train/benign/melanoma_1503.jpg,train,benign,8948,72.0,1827,4.0,-1,0
train/benign/melanoma_1504.jpg,train,benign,6460,80.0,4991,6.0,-1,0
train/benign/melanoma_1505.jpg,train,benign,8158,82.0,4993,4.0,-1,0
train/benign/melanoma_1506.jpg,train,benign,4245,82.0,5002,2.0,-1,0
train/benign/melanoma_1507.jpg,train,benign,9076,74.0,5096,2.0,-1,0
train/benign/melanoma_1508.jpg,train,benign,7546,80.0,5003,2.0,-1,0
train/benign/melanoma_1509.jpg,train,benign,9302,62.0,5004,6.0,-1,0
train/benign/melanoma_151.jpg,train,benign,6995,82.0,4101,4.0,-1,0
train/benign/melanoma_1510.jpg,train,benign,6788,90.0,5005,4.0,-1,0
train/benign/melanoma_1511.jpg,train,benign,7077,70.0,457,8.0,-1,0
train/benign/melanoma_1512.jpg,train,benign,9650,86.0,5007,8.0,-1,0
train/benign/melanoma_1513.jpg,train,benign,7156,88.0,2566,4.0,-1,0
train/benign/melanoma_1514.jpg,train,benign,9302,88.0,5008,4.0,-1,0
train/benign/melanoma_1515.jpg,train,benign,6962,68.0,5009,2.0,-1,0
train/benign/melanoma_1516.jpg,train,benign,8331,62.0,1828,8.0,-1,0
train/benign/melanoma_1517.jpg,train,benign,8865,74.0,5010,4.0,-1,0
train/benign/melanoma_1518.jpg,train,benign,7739,72.0,5011,2.0,-1,0
train/benign/melanoma_1519.jpg,train,benign,5815,88.0,5012,6.0,-1,0
train/benign/melanoma_152.jpg,train,benign,9265,54.0,4102,4.0,-1,0
train/benign/melanoma_1520.jpg,train,benign,2766,94.0,4994,4.0,-1,0
train/benign/melanoma_1521.jpg,train,benign,9261,44.0,5013,2.0,-1,0
train/benign/melanoma_1522.jpg,train,benign,9040,72.0,5014,2.0,-1,0
train/benign/melanoma_1523.jpg,train,benign,243,84.0,2734,8.0,-1,0
train/benign/melanoma_1524.jpg,train,benign,1885,88.0,3561,2.0,-1,0
train/benign/melanoma_1525.jpg,train,benign,1039,82.0,5015,2.0,-1,0
train/benign/melanoma_1526.jpg,train,benign,662,74.0,5016,6.0,-1,0
train/benign/melanoma_1527.jpg,train,benign,7126,80.0,5017,8.0,-1,0
train/benign/melanoma_1528.jpg,train,benign,2622,86.0,5018,2.0,-1,0
train/benign/melanoma_1529.jpg,train,benign,7358,88.0,1829,8.0,-1,0
train/benign/melanoma_153.jpg,train,benign,7879,74.0,4103,0.0,-1,0
train/benign/melanoma_1530.jpg,train,benign,1655,88.0,5019,2.0,-1,0
train/benign/melanoma_1531.jpg,train,benign,7494,58.0,5020,4.0,-1,0
train/benign/melanoma_1532.jpg,train,benign,7784,86.0,5021,2.0,-1,0
train/benign/melanoma_1533.jpg,train,benign,7497,58.0,5022,0.0,-1,0
train/benign/melanoma_1534.jpg,train,benign,494,86.0,4995,0.0,-1,0
train/benign/melanoma_1535.jpg,train,benign,8022,68.0,3562,2.0,-1,0
train/benign/melanoma_1536.jpg,train,benign,9206,92.0,2735,0.0,-1,0
train/benign/melanoma_1537.jpg,train,benign,68,74.0,5023,2.0,-1,0
train/benign/melanoma_1538.jpg,train,benign,6962,62.0,5024,8.0,-1,0
train/benign/melanoma_1539.jpg,train,benign,6974,54.0,5025,6.0,-1,0
train/benign/melanoma_154.jpg,train,benign,7103,90.0,2632,4.0,-1,0
train/benign/melanoma_1540.jpg,train,benign,9967,92.0,5026,0.0,-1,0
train/benign/melanoma_1541.jpg,train,benign,9639,86.0,5027,2.0,-1,0
train/benign/melanoma_1542.jpg,train,benign,6173,86.0,1830,6.0,-1,0
train/benign/melanoma_1543.jpg,train,benign,1588,88.0,5028,2.0,-1,0
train/benign/melanoma_1544.jpg,train,benign,8839,66.0,5029,2.0,-1,0
train/benign/melanoma_1545.jpg,train,benign,2542,88.0,5030,6.0,-1,0
train/benign/melanoma_1546.jpg,train,benign,7277,82.0,1659,4.0,-1,0
train/benign/melanoma_1547.jpg,train,benign,8022,66.0,5031,2.0,-1,0
train/benign/melanoma_1548.jpg,train,benign,7342,84.0,2736,2.0,-1,0
train/benign/melanoma_1549.jpg,train,benign,6741,80.0,5032,2.0,-1,0
train/benign/melanoma_155.jpg,train,benign,5391,78.0,4104,4.0,-1,0
train/benign/melanoma_1550.jpg,train,benign,3860,88.0,4996,0.0,-1,0
train/benign/melanoma_1551.jpg,train,benign,7438,80.0,5033,4.0,-1,0
train/benign/melanoma_1552.jpg,train,benign,3408,88.0,5034,0.0,-1,0
train/benign/melanoma_1553.jpg,train,benign,6733,74.0,5035,4.0,-1,0
train/benign/melanoma_1554.jpg,train,benign,5435,90.0,5036,6.0,-1,0
train/benign/melanoma_1555.jpg,train,benign,6874,56.0,1831,6.0,-1,0
train/benign/melanoma_1556.jpg,train,benign,9154,72.0,5037,2.0,-1,0
train/benign/melanoma_1557.jpg,train,benign,5026,84.0,3391,2.0,-1,0
train/benign/melanoma_1558.jpg,train,benign,6874,72.0,3479,6.0,-1,0
train/benign/melanoma_1559.jpg,train,benign,1152,90.0,5039,4.0,-1,0
train/benign/melanoma_156.jpg,train,benign,6962,60.0,4105,2.0,-1,0
train/benign/melanoma_1560.jpg,train,benign,4141,86.0,5040,2.0,-1,0
train/benign/melanoma_1561.jpg,train,benign,6805,68.0,2737,2.0,-1,0
train/benign/melanoma_1562.jpg,train,benign,4721,88.0,5041,4.0,-1,0
train/benign/melanoma_1563.jpg,train,benign,7062,76.0,5042,0.0,-1,0
train/benign/melanoma_1564.jpg,train,benign,376,64.0,5043,6.0,-1,0
train/benign/melanoma_1565.jpg,train,benign,6472,84.0,4997,2.0,-1,0
train/benign/melanoma_1566.jpg,train,benign,3262,90.0,5044,0.0,-1,0
train/benign/melanoma_1567.jpg,train,benign,6767,82.0,5045,4.0,-1,0
train/benign/melanoma_1568.jpg,train,benign,8712,74.0,5046,4.0,-1,0
train/benign/melanoma_1569.jpg,train,benign,2442,86.0,3563,0.0,-1,0
train/benign/melanoma_157.jpg,train,benign,9665,90.0,4106,4.0,-1,0
train/benign/melanoma_1570.jpg,train,benign,9143,68.0,1832,2.0,-1,0
train/benign/melanoma_1571.jpg,train,benign,1243,74.0,5047,2.0,-1,0
train/benign/melanoma_1572.jpg,train,benign,2976,80.0,5048,4.0,-1,0
train/benign/melanoma_1573.jpg,train,benign,2462,82.0,2738,4.0,-1,0
train/benign/melanoma_1574.jpg,train,benign,562,94.0,5049,2.0,-1,0
train/benign/melanoma_1575.jpg,train,benign,3435,86.0,5050,2.0,-1,0
train/benign/melanoma_1576.jpg,train,benign,7926,74.0,5051,4.0,-1,0
train/benign/melanoma_1577.jpg,train,benign,8777,84.0,5052,4.0,-1,0
train/benign/melanoma_1578.jpg,train,benign,3254,76.0,5053,2.0,-1,0
train/benign/melanoma_1579.jpg,train,benign,878,86.0,4998,2.0,-1,0
train/benign/melanoma_158.jpg,train,benign,7474,86.0,2549,4.0,-1,0
train/benign/melanoma_1580.jpg,train,benign,6860,80.0,3564,8.0,-1,0
train/benign/melanoma_1581.jpg,train,benign,1322,86.0,5054,0.0,-1,0
train/benign/melanoma_1582.jpg,train,benign,8708,84.0,5056,0.0,-1,0
train/benign/melanoma_1583.jpg,train,benign,6909,58.0,1833,2.0,-1,0
train/benign/melanoma_1584.jpg,train,benign,6330,74.0,5057,0.0,-1,0
train/benign/melanoma_1585.jpg,train,benign,3838,84.0,2739,2.0,-1,0
train/benign/melanoma_1586.jpg,train,benign,7772,76.0,5058,4.0,-1,0
train/benign/melanoma_1587.jpg,train,benign,5428,80.0,5059,4.0,-1,0
train/benign/melanoma_1588.jpg,train,benign,6767,62.0,5060,2.0,-1,0
train/benign/melanoma_1589.jpg,train,benign,6755,80.0,5061,4.0,-1,0
train/benign/melanoma_159.jpg,train,benign,2854,92.0,1725,0.0,-1,0
train/benign/melanoma_1590.jpg,train,benign,7907,56.0,5062,2.0,-1,0
train/benign/melanoma_1591.jpg,train,benign,7040,86.0,3565,6.0,-1,0
train/benign/melanoma_1592.jpg,train,benign,8794,88.0,5063,6.0,-1,0
train/benign/melanoma_1593.jpg,train,benign,662,76.0,5064,4.0,-1,0
train/benign/melanoma_1594.jpg,train,benign,1649,86.0,4999,2.0,-1,0
train/benign/melanoma_1595.jpg,train,benign,6824,78.0,5065,4.0,-1,0
train/benign/melanoma_1596.jpg,train,benign,2318,78.0,1834,2.0,-1,0
train/benign/melanoma_1597.jpg,train,benign,264,96.0,2740,2.0,-1,0
train/benign/melanoma_1598.jpg,train,benign,9666,84.0,5066,2.0,-1,0
train/benign/melanoma_1599.jpg,train,benign,7700,82.0,5067,2.0,-1,0
train/benign/melanoma_16.jpg,train,benign,7460,70.0,4002,2.0,-1,0
train/benign/melanoma_160.jpg,train,benign,4765,90.0,4107,4.0,-1,0
train/benign/melanoma_1600.jpg,train,benign,1124,90.0,5068,4.0,-1,0
train/benign/melanoma_1601.jpg,train,benign,1372,78.0,5069,6.0,-1,0
train/benign/melanoma_1602.jpg,train,benign,9491,70.0,3566,2.0,-1,0
train/benign/melanoma_1603.jpg,train,benign,7744,60.0,5070,4.0,-1,0
train/benign/melanoma_1604.jpg,train,benign,588,78.0,5071,4.0,-1,0
train/benign/melanoma_1605.jpg,train,benign,1329,86.0,5072,4.0,-1,0
train/benign/melanoma_1606.jpg,train,benign,2272,70.0,5073,2.0,-1,0
train/benign/melanoma_1607.jpg,train,benign,6479,58.0,5074,2.0,-1,0
train/benign/melanoma_1608.jpg,train,benign,4796,74.0,5000,2.0,-1,0
train/benign/melanoma_1609.jpg,train,benign,3125,78.0,2483,4.0,-1,0
train/benign/melanoma_161.jpg,train,benign,7497,74.0,4108,2.0,-1,0
train/benign/melanoma_1610.jpg,train,benign,91,90.0,2741,2.0,-1,0
train/benign/melanoma_1611.jpg,train,benign,646,86.0,1835,6.0,-1,0
train/benign/melanoma_1612.jpg,train,benign,9558,88.0,5075,2.0,-1,0
train/benign/melanoma_1613.jpg,train,benign,7932,58.0,3567,2.0,-1,0
train/benign/melanoma_1614.jpg,train,benign,9143,72.0,5076,6.0,-1,0
train/benign/melanoma_1615.jpg,train,benign,5191,70.0,5077,6.0,-1,0
train/benign/melanoma_1616.jpg,train,benign,859,84.0,5078,6.0,-1,0
train/benign/melanoma_1617.jpg,train,benign,7622,80.0,5079,4.0,-1,0
train/benign/melanoma_1618.jpg,train,benign,7865,82.0,5080,2.0,-1,0
train/benign/melanoma_1619.jpg,train,benign,7872,72.0,5081,4.0,-1,0
train/benign/melanoma_162.jpg,train,benign,7670,70.0,4109,8.0,-1,0
train/benign/melanoma_1620.jpg,train,benign,2357,84.0,5082,4.0,-1,0
train/benign/melanoma_1621.jpg,train,benign,7256,62.0,5083,6.0,-1,0
train/benign/melanoma_1622.jpg,train,benign,3338,76.0,2742,4.0,-1,0
train/benign/melanoma_1623.jpg,train,benign,2476,88.0,5084,2.0,-1,0
train/benign/melanoma_1624.jpg,train,benign,7069,78.0,3570,4.0,-1,0
train/benign/melanoma_1625.jpg,train,benign,9538,82.0,1836,2.0,-1,0
train/benign/melanoma_1626.jpg,train,benign,478,76.0,5001,2.0,-1,0
train/benign/melanoma_1627.jpg,train,benign,7139,56.0,5086,0.0,-1,0
train/benign/melanoma_1628.jpg,train,benign,2755,90.0,5087,2.0,-1,0
train/benign/melanoma_1629.jpg,train,benign,9273,66.0,5088,4.0,-1,0
train/benign/melanoma_163.jpg,train,benign,3030,78.0,4110,4.0,-1,0
train/benign/melanoma_1630.jpg,train,benign,7620,78.0,5089,2.0,-1,0
train/benign/melanoma_1631.jpg,train,benign,8518,86.0,5090,4.0,-1,0
train/benign/melanoma_1632.jpg,train,benign,8684,86.0,5091,2.0,-1,0
train/benign/melanoma_1633.jpg,train,benign,85,84.0,5092,0.0,-1,0
train/benign/melanoma_1634.jpg,train,benign,8208,76.0,2743,2.0,-1,0
train/benign/melanoma_1635.jpg,train,benign,2648,70.0,2567,2.0,-1,0
train/benign/melanoma_1636.jpg,train,benign,9828,84.0,5093,4.0,-1,0
train/benign/melanoma_1637.jpg,train,benign,7113,78.0,5094,8.0,-1,0
train/benign/melanoma_1638.jpg,train,benign,1711,80.0,563,4.0,-1,0
train/benign/melanoma_1639.jpg,train,benign,8708,74.0,1753,4.0,-1,0
train/benign/melanoma_164.jpg,train,benign,7787,72.0,4084,4.0,-1,0
train/benign/melanoma_1640.jpg,train,benign,8740,82.0,5095,0.0,-1,0
train/benign/melanoma_1641.jpg,train,benign,10012,90.0,5097,4.0,-1,0
train/benign/melanoma_1642.jpg,train,benign,1797,88.0,5106,8.0,-1,0
train/benign/melanoma_1643.jpg,train,benign,1263,62.0,5197,2.0,-1,0
train/benign/melanoma_1644.jpg,train,benign,286,94.0,5107,6.0,-1,0
train/benign/melanoma_1645.jpg,train,benign,9244,62.0,5108,2.0,-1,0
train/benign/melanoma_1646.jpg,train,benign,7807,62.0,3571,4.0,-1,0
train/benign/melanoma_1647.jpg,train,benign,5474,92.0,458,2.0,-1,0
train/benign/melanoma_1648.jpg,train,benign,7450,76.0,5109,2.0,-1,0
train/benign/melanoma_1649.jpg,train,benign,2392,78.0,5110,2.0,-1,0
train/benign/melanoma_165.jpg,train,benign,3074,92.0,4111,0.0,-1,0
train/benign/melanoma_1650.jpg,train,benign,7785,76.0,5111,2.0,-1,0
train/benign/melanoma_1651.jpg,train,benign,3472,76.0,5112,2.0,-1,0
train/benign/melanoma_1652.jpg,train,benign,1435,68.0,1837,2.0,-1,0
train/benign/melanoma_1653.jpg,train,benign,7065,78.0,5113,0.0,-1,0
train/benign/melanoma_1654.jpg,train,benign,6962,76.0,5114,2.0,-1,0
train/benign/melanoma_1655.jpg,train,benign,7636,74.0,5115,6.0,-1,0
train/benign/melanoma_1656.jpg,train,benign,2443,78.0,5098,2.0,-1,0
train/benign/melanoma_1657.jpg,train,benign,299,80.0,3572,2.0,-1,0
train/benign/melanoma_1658.jpg,train,benign,8022,56.0,5116,4.0,-1,0
train/benign/melanoma_1659.jpg,train,benign,7580,80.0,2661,2.0,-1,0
train/benign/melanoma_166.jpg,train,benign,766,90.0,2633,4.0,-1,0
train/benign/melanoma_1660.jpg,train,benign,54,78.0,5117,4.0,-1,0
train/benign/melanoma_1661.jpg,train,benign,1116,92.0,5118,2.0,-1,0
train/benign/melanoma_1662.jpg,train,benign,7703,76.0,5119,4.0,-1,0
train/benign/melanoma_1663.jpg,train,benign,2392,54.0,5120,4.0,-1,0
train/benign/melanoma_1664.jpg,train,benign,7984,76.0,5121,4.0,-1,0
train/benign/melanoma_1665.jpg,train,benign,7769,82.0,1838,2.0,-1,0
train/benign/melanoma_1666.jpg,train,benign,9533,64.0,5122,6.0,-1,0
train/benign/melanoma_1667.jpg,train,benign,7550,74.0,5123,4.0,-1,0
train/benign/melanoma_1668.jpg,train,benign,75,48.0,2459,2.0,-1,0
train/benign/melanoma_1669.jpg,train,benign,2796,90.0,3573,6.0,-1,0
train/benign/melanoma_167.jpg,train,benign,1477,86.0,4112,6.0,-1,0
train/benign/melanoma_1670.jpg,train,benign,7621,64.0,5124,0.0,-1,0
train/benign/melanoma_1671.jpg,train,benign,1265,76.0,5125,4.0,-1,0
train/benign/melanoma_1672.jpg,train,benign,1254,78.0,2744,4.0,-1,0
train/benign/melanoma_1673.jpg,train,benign,6826,86.0,5099,4.0,-1,0
train/benign/melanoma_1674.jpg,train,benign,9277,68.0,5126,0.0,-1,0
train/benign/melanoma_1675.jpg,train,benign,5912,74.0,5127,8.0,-1,0
train/benign/melanoma_1676.jpg,train,benign,9073,70.0,5128,6.0,-1,0
train/benign/melanoma_1677.jpg,train,benign,243,80.0,5129,0.0,-1,0
train/benign/melanoma_1678.jpg,train,benign,9091,70.0,5130,4.0,-1,0
train/benign/melanoma_1679.jpg,train,benign,6683,54.0,1839,4.0,-1,0
train/benign/melanoma_168.jpg,train,benign,3040,86.0,4113,4.0,-1,0
train/benign/melanoma_1680.jpg,train,benign,9302,52.0,543,4.0,-1,0
train/benign/melanoma_1681.jpg,train,benign,2544,86.0,5131,4.0,-1,0
train/benign/melanoma_1682.jpg,train,benign,7926,66.0,5132,4.0,-1,0
train/benign/melanoma_1683.jpg,train,benign,9104,66.0,5133,6.0,-1,0
train/benign/melanoma_1684.jpg,train,benign,2968,90.0,2745,4.0,-1,0
train/benign/melanoma_1685.jpg,train,benign,7888,84.0,5134,2.0,-1,0
train/benign/melanoma_1686.jpg,train,benign,1211,74.0,5135,4.0,-1,0
train/benign/melanoma_1687.jpg,train,benign,7531,82.0,5100,6.0,-1,0
train/benign/melanoma_1688.jpg,train,benign,6767,52.0,5136,4.0,-1,0
train/benign/melanoma_1689.jpg,train,benign,6693,88.0,5137,0.0,-1,0
train/benign/melanoma_169.jpg,train,benign,9064,60.0,524,4.0,-1,0
train/benign/melanoma_1690.jpg,train,benign,908,92.0,5138,4.0,-1,0
train/benign/melanoma_1691.jpg,train,benign,770,76.0,1660,2.0,-1,0
train/benign/melanoma_1692.jpg,train,benign,855,92.0,5139,2.0,-1,0
train/benign/melanoma_1693.jpg,train,benign,9244,60.0,1840,4.0,-1,0
train/benign/melanoma_1694.jpg,train,benign,4629,82.0,5140,2.0,-1,0
train/benign/melanoma_1695.jpg,train,benign,8683,76.0,5141,0.0,-1,0
train/benign/melanoma_1696.jpg,train,benign,4233,76.0,2746,2.0,-1,0
train/benign/melanoma_1697.jpg,train,benign,2389,72.0,5142,6.0,-1,0
train/benign/melanoma_1698.jpg,train,benign,9238,78.0,5143,4.0,-1,0
train/benign/melanoma_1699.jpg,train,benign,7305,86.0,5144,2.0,-1,0
train/benign/melanoma_17.jpg,train,benign,3254,80.0,4003,2.0,-1,0
train/benign/melanoma_170.jpg,train,benign,2428,84.0,4114,0.0,-1,0
train/benign/melanoma_1700.jpg,train,benign,8864,82.0,5145,4.0,-1,0
train/benign/melanoma_1701.jpg,train,benign,2803,74.0,5101,6.0,-1,0
train/benign/melanoma_1702.jpg,train,benign,7411,78.0,3574,2.0,-1,0
train/benign/melanoma_1703.jpg,train,benign,4267,76.0,5146,6.0,-1,0
train/benign/melanoma_1704.jpg,train,benign,847,62.0,5147,0.0,-1,0
train/benign/melanoma_1705.jpg,train,benign,7257,70.0,5148,4.0,-1,0
train/benign/melanoma_1706.jpg,train,benign,7668,84.0,1841,4.0,-1,0
train/benign/melanoma_1707.jpg,train,benign,620,92.0,5149,6.0,-1,0
train/benign/melanoma_1708.jpg,train,benign,1711,80.0,2747,4.0,-1,0
train/benign/melanoma_1709.jpg,train,benign,2243,70.0,5150,2.0,-1,0
train/benign/melanoma_171.jpg,train,benign,9615,80.0,4115,2.0,-1,0
train/benign/melanoma_1710.jpg,train,benign,9447,78.0,5151,4.0,-1,0
train/benign/melanoma_1711.jpg,train,benign,9784,86.0,5152,2.0,-1,0
train/benign/melanoma_1712.jpg,train,benign,87,88.0,5153,4.0,-1,0
train/benign/melanoma_1713.jpg,train,benign,1222,90.0,3576,4.0,-1,0
train/benign/melanoma_1714.jpg,train,benign,562,86.0,5154,4.0,-1,0
train/benign/melanoma_1715.jpg,train,benign,7223,84.0,5155,4.0,-1,0
train/benign/melanoma_1716.jpg,train,benign,8681,86.0,5102,4.0,-1,0
train/benign/melanoma_1717.jpg,train,benign,1170,72.0,5156,4.0,-1,0
train/benign/melanoma_1718.jpg,train,benign,834,86.0,5157,4.0,-1,0
train/benign/melanoma_1719.jpg,train,benign,7033,60.0,1842,0.0,-1,0
train/benign/melanoma_172.jpg,train,benign,1103,92.0,1726,2.0,-1,0
train/benign/melanoma_1720.jpg,train,benign,6996,72.0,2748,2.0,-1,0
train/benign/melanoma_1721.jpg,train,benign,1658,66.0,5158,2.0,-1,0
train/benign/melanoma_1722.jpg,train,benign,24,84.0,5159,2.0,-1,0
train/benign/melanoma_1723.jpg,train,benign,6487,56.0,5160,2.0,-1,0
train/benign/melanoma_1724.jpg,train,benign,9506,78.0,3585,6.0,-1,0
train/benign/melanoma_1725.jpg,train,benign,6792,90.0,5161,2.0,-1,0
train/benign/melanoma_1726.jpg,train,benign,5863,72.0,5162,4.0,-1,0
train/benign/melanoma_1727.jpg,train,benign,2485,84.0,5163,2.0,-1,0
train/benign/melanoma_1728.jpg,train,benign,6479,78.0,5164,2.0,-1,0
train/benign/melanoma_1729.jpg,train,benign,588,86.0,5165,4.0,-1,0
train/benign/melanoma_173.jpg,train,benign,3546,84.0,4116,6.0,-1,0
train/benign/melanoma_1730.jpg,train,benign,3797,80.0,5103,4.0,-1,0
train/benign/melanoma_1731.jpg,train,benign,7499,66.0,5166,2.0,-1,0
train/benign/melanoma_1732.jpg,train,benign,5096,90.0,2484,4.0,-1,0
train/benign/melanoma_1733.jpg,train,benign,9380,86.0,2749,4.0,-1,0
train/benign/melanoma_1734.jpg,train,benign,5854,84.0,1843,0.0,-1,0
train/benign/melanoma_1735.jpg,train,benign,7920,80.0,3675,6.0,-1,0
train/benign/melanoma_1736.jpg,train,benign,6767,54.0,5167,2.0,-1,0
train/benign/melanoma_1737.jpg,train,benign,9501,66.0,5168,6.0,-1,0
train/benign/melanoma_1738.jpg,train,benign,3873,66.0,5169,6.0,-1,0
train/benign/melanoma_1739.jpg,train,benign,8657,74.0,5170,4.0,-1,0
train/benign/melanoma_174.jpg,train,benign,7435,88.0,4117,0.0,-1,0
train/benign/melanoma_1740.jpg,train,benign,2448,80.0,5171,2.0,-1,0
train/benign/melanoma_1741.jpg,train,benign,7744,56.0,5172,4.0,-1,0
train/benign/melanoma_1742.jpg,train,benign,9432,88.0,5173,2.0,-1,0
train/benign/melanoma_1743.jpg,train,benign,7231,68.0,5174,2.0,-1,0
train/benign/melanoma_1744.jpg,train,benign,7123,76.0,5175,2.0,-1,0
train/benign/melanoma_1745.jpg,train,benign,2358,90.0,2751,2.0,-1,0
train/benign/melanoma_1746.jpg,train,benign,9623,82.0,3586,4.0,-1,0
train/benign/melanoma_1747.jpg,train,benign,2947,86.0,5104,2.0,-1,0
train/benign/melanoma_1748.jpg,train,benign,8896,86.0,1844,4.0,-1,0
train/benign/melanoma_1749.jpg,train,benign,7021,72.0,5176,2.0,-1,0
train/benign/melanoma_175.jpg,train,benign,6816,88.0,4118,6.0,-1,0
train/benign/melanoma_1750.jpg,train,benign,4853,62.0,5177,2.0,-1,0
train/benign/melanoma_1751.jpg,train,benign,9262,92.0,5178,4.0,-1,0
train/benign/melanoma_1752.jpg,train,benign,1420,86.0,5179,2.0,-1,0
train/benign/melanoma_1753.jpg,train,benign,3050,84.0,5180,6.0,-1,0
train/benign/melanoma_1754.jpg,train,benign,6841,92.0,5181,2.0,-1,0
train/benign/melanoma_1755.jpg,train,benign,3749,74.0,5182,2.0,-1,0
train/benign/melanoma_1756.jpg,train,benign,2670,84.0,5183,0.0,-1,0
train/benign/melanoma_1757.jpg,train,benign,8760,78.0,2568,2.0,-1,0
train/benign/melanoma_1758.jpg,train,benign,9399,88.0,2752,2.0,-1,0
train/benign/melanoma_1759.jpg,train,benign,7245,78.0,5184,8.0,-1,0
train/benign/melanoma_176.jpg,train,benign,467,94.0,4119,0.0,-1,0
train/benign/melanoma_1760.jpg,train,benign,7656,72.0,5185,6.0,-1,0
train/benign/melanoma_1761.jpg,train,benign,7960,76.0,1845,2.0,-1,0
train/benign/melanoma_1762.jpg,train,benign,2444,68.0,5105,6.0,-1,0
train/benign/melanoma_1763.jpg,train,benign,5018,82.0,5187,6.0,-1,0
train/benign/melanoma_1764.jpg,train,benign,5530,76.0,5188,4.0,-1,0
train/benign/melanoma_1765.jpg,train,benign,4778,86.0,5189,4.0,-1,0
train/benign/melanoma_1766.jpg,train,benign,1649,78.0,5190,6.0,-1,0
train/benign/melanoma_1767.jpg,train,benign,9701,86.0,5191,0.0,-1,0
train/benign/melanoma_1768.jpg,train,benign,5166,82.0,3587,2.0,-1,0
train/benign/melanoma_1769.jpg,train,benign,7126,68.0,5192,2.0,-1,0
train/benign/melanoma_177.jpg,train,benign,6717,86.0,4120,2.0,-1,0
train/benign/melanoma_1770.jpg,train,benign,184,90.0,2753,2.0,-1,0
train/benign/melanoma_1771.jpg,train,benign,5283,90.0,5193,2.0,-1,0
train/benign/melanoma_1772.jpg,train,benign,4585,84.0,5194,2.0,-1,0
train/benign/melanoma_1773.jpg,train,benign,6026,88.0,5195,4.0,-1,0
train/benign/melanoma_1774.jpg,train,benign,1170,82.0,527,2.0,-1,0
train/benign/melanoma_1775.jpg,train,benign,9066,58.0,564,10.0,-1,0
train/benign/melanoma_1776.jpg,train,benign,2179,88.0,1846,2.0,-1,0
train/benign/melanoma_1777.jpg,train,benign,2615,88.0,5196,2.0,-1,0
train/benign/melanoma_1778.jpg,train,benign,6067,86.0,5198,2.0,-1,0
train/benign/melanoma_1779.jpg,train,benign,7311,78.0,3392,2.0,-1,0
train/benign/melanoma_178.jpg,train,benign,1825,78.0,2634,6.0,-1,0
train/benign/melanoma_1780.jpg,train,benign,2920,86.0,3588,2.0,-1,0
train/benign/melanoma_1781.jpg,train,benign,8902,58.0,5207,2.0,-1,0
train/benign/melanoma_1782.jpg,train,benign,3418,88.0,5297,4.0,-1,0
train/benign/melanoma_1783.jpg,train,benign,665,86.0,435,2.0,-1,0
train/benign/melanoma_1784.jpg,train,benign,9526,76.0,5208,8.0,-1,0
train/benign/melanoma_1785.jpg,train,benign,93,84.0,5209,2.0,-1,0
train/benign/melanoma_1786.jpg,train,benign,1393,64.0,5210,0.0,-1,0
train/benign/melanoma_1787.jpg,train,benign,1511,92.0,5211,0.0,-1,0
train/benign/melanoma_1788.jpg,train,benign,6962,76.0,5212,4.0,-1,0
train/benign/melanoma_1789.jpg,train,benign,8640,58.0,5213,4.0,-1,0
train/benign/melanoma_179.jpg,train,benign,6962,66.0,4085,4.0,-1,0
train/benign/melanoma_1790.jpg,train,benign,783,92.0,1848,0.0,-1,0
train/benign/melanoma_1791.jpg,train,benign,1788,78.0,3589,6.0,-1,0
train/benign/melanoma_1792.jpg,train,benign,6804,92.0,5214,0.0,-1,0
train/benign/melanoma_1793.jpg,train,benign,2583,68.0,5215,0.0,-1,0
train/benign/melanoma_1794.jpg,train,benign,119,74.0,5216,2.0,-1,0
train/benign/melanoma_1795.jpg,train,benign,2358,82.0,460,4.0,-1,0
train/benign/melanoma_1796.jpg,train,benign,3530,70.0,5199,2.0,-1,0
train/benign/melanoma_1797.jpg,train,benign,6222,76.0,5217,2.0,-1,0
train/benign/melanoma_1798.jpg,train,benign,2135,88.0,5218,6.0,-1,0
train/benign/melanoma_1799.jpg,train,benign,1098,88.0,5219,10.0,-1,0
train/benign/melanoma_18.jpg,train,benign,8894,68.0,2623,2.0,-1,0
train/benign/melanoma_180.jpg,train,benign,6959,60.0,3377,2.0,-1,0
train/benign/melanoma_1800.jpg,train,benign,7902,70.0,705,4.0,-1,0
train/benign/melanoma_1801.jpg,train,benign,7350,86.0,5220,8.0,-1,0
train/benign/melanoma_1802.jpg,train,benign,8949,84.0,3590,6.0,-1,0
train/benign/melanoma_1803.jpg,train,benign,9361,76.0,5221,4.0,-1,0
train/benign/melanoma_1804.jpg,train,benign,9302,60.0,1857,6.0,-1,0
train/benign/melanoma_1805.jpg,train,benign,1682,88.0,5222,6.0,-1,0
train/benign/melanoma_1806.jpg,train,benign,1902,88.0,5223,4.0,-1,0
train/benign/melanoma_1807.jpg,train,benign,36,76.0,2754,2.0,-1,0
train/benign/melanoma_1808.jpg,train,benign,4502,90.0,5224,2.0,-1,0
train/benign/melanoma_1809.jpg,train,benign,9182,50.0,5225,2.0,-1,0
train/benign/melanoma_181.jpg,train,benign,6683,64.0,4121,12.0,-1,-1
train/benign/melanoma_1810.jpg,train,benign,6996,68.0,5200,2.0,-1,0
train/benign/melanoma_1811.jpg,train,benign,7375,76.0,5226,4.0,-1,0
train/benign/melanoma_1812.jpg,train,benign,6909,86.0,5227,4.0,-1,0
train/benign/melanoma_1813.jpg,train,benign,4811,82.0,3591,4.0,-1,0
train/benign/melanoma_1814.jpg,train,benign,1767,74.0,5228,2.0,-1,0
train/benign/melanoma_1815.jpg,train,benign,7174,86.0,5229,0.0,-1,0
train/benign/melanoma_1816.jpg,train,benign,1625,86.0,5230,0.0,-1,0
train/benign/melanoma_1817.jpg,train,benign,5583,80.0,1948,2.0,-1,0
train/benign/melanoma_1818.jpg,train,benign,6535,90.0,5231,4.0,-1,0
train/benign/melanoma_1819.jpg,train,benign,314,92.0,2756,2.0,-1,0
train/benign/melanoma_182.jpg,train,benign,2619,92.0,4122,2.0,-1,0
train/benign/melanoma_1820.jpg,train,benign,7128,82.0,5232,2.0,-1,0
train/benign/melanoma_1821.jpg,train,benign,1647,88.0,5233,4.0,-1,0
train/benign/melanoma_1822.jpg,train,benign,6395,90.0,5234,4.0,-1,0
train/benign/melanoma_1823.jpg,train,benign,2392,58.0,5235,0.0,-1,0
train/benign/melanoma_1824.jpg,train,benign,1017,90.0,1661,2.0,-1,0
train/benign/melanoma_1825.jpg,train,benign,5370,74.0,5201,2.0,-1,0
train/benign/melanoma_1826.jpg,train,benign,2401,80.0,5236,4.0,-1,0
train/benign/melanoma_1827.jpg,train,benign,1155,86.0,5237,4.0,-1,0
train/benign/melanoma_1828.jpg,train,benign,1012,86.0,5238,2.0,-1,0
train/benign/melanoma_1829.jpg,train,benign,2528,90.0,5239,6.0,-1,0
train/benign/melanoma_183.jpg,train,benign,7698,90.0,4123,4.0,-1,0
train/benign/melanoma_1830.jpg,train,benign,7636,66.0,1858,4.0,-1,0
train/benign/melanoma_1831.jpg,train,benign,4525,84.0,2765,6.0,-1,0
train/benign/melanoma_1832.jpg,train,benign,7113,86.0,5240,0.0,-1,0
train/benign/melanoma_1833.jpg,train,benign,9673,92.0,5241,0.0,-1,0
train/benign/melanoma_1834.jpg,train,benign,8681,90.0,5242,2.0,-1,0
train/benign/melanoma_1835.jpg,train,benign,4840,86.0,3592,2.0,-1,0
train/benign/melanoma_1836.jpg,train,benign,8996,66.0,5243,4.0,-1,0
train/benign/melanoma_1837.jpg,train,benign,2584,90.0,5244,2.0,-1,0
train/benign/melanoma_1838.jpg,train,benign,770,82.0,5245,8.0,-1,0
train/benign/melanoma_1839.jpg,train,benign,9152,82.0,5202,2.0,-1,0
train/benign/melanoma_184.jpg,train,benign,9057,94.0,4124,4.0,-1,0
train/benign/melanoma_1840.jpg,train,benign,106,94.0,5246,0.0,-1,0
train/benign/melanoma_1841.jpg,train,benign,3655,82.0,5247,0.0,-1,0
train/benign/melanoma_1842.jpg,train,benign,1170,64.0,5248,2.0,-1,0
train/benign/melanoma_1843.jpg,train,benign,5815,84.0,2858,4.0,-1,0
train/benign/melanoma_1844.jpg,train,benign,6045,90.0,1859,2.0,-1,0
train/benign/melanoma_1845.jpg,train,benign,1361,84.0,5249,4.0,-1,0
train/benign/melanoma_1846.jpg,train,benign,1284,90.0,3593,4.0,-1,0
train/benign/melanoma_1847.jpg,train,benign,9475,80.0,5250,4.0,-1,0
train/benign/melanoma_1848.jpg,train,benign,3347,90.0,5251,6.0,-1,0
train/benign/melanoma_1849.jpg,train,benign,7014,70.0,5252,2.0,-1,0
train/benign/melanoma_185.jpg,train,benign,2837,76.0,1727,4.0,-1,0
train/benign/melanoma_1850.jpg,train,benign,1387,92.0,5253,6.0,-1,0
train/benign/melanoma_1851.jpg,train,benign,7922,82.0,5254,8.0,-1,0
train/benign/melanoma_1852.jpg,train,benign,4653,86.0,5255,0.0,-1,0
train/benign/melanoma_1853.jpg,train,benign,7244,76.0,5203,8.0,-1,0
train/benign/melanoma_1854.jpg,train,benign,8609,74.0,5256,4.0,-1,0
train/benign/melanoma_1855.jpg,train,benign,3379,88.0,2485,0.0,-1,0
train/benign/melanoma_1856.jpg,train,benign,8949,52.0,2766,2.0,-1,0
train/benign/melanoma_1857.jpg,train,benign,6858,84.0,3594,4.0,-1,0
train/benign/melanoma_1858.jpg,train,benign,7122,88.0,5257,4.0,-1,0
train/benign/melanoma_1859.jpg,train,benign,9143,54.0,1860,2.0,-1,0
train/benign/melanoma_186.jpg,train,benign,7356,52.0,4125,8.0,-1,0
train/benign/melanoma_1860.jpg,train,benign,1034,92.0,5258,4.0,-1,0
train/benign/melanoma_1861.jpg,train,benign,7192,62.0,5259,4.0,-1,0
train/benign/melanoma_1862.jpg,train,benign,9261,64.0,5260,10.0,-1,0
train/benign/melanoma_1863.jpg,train,benign,1179,84.0,5261,4.0,-1,0
train/benign/melanoma_1864.jpg,train,benign,17,70.0,5262,2.0,-1,0
train/benign/melanoma_1865.jpg,train,benign,7922,76.0,5263,10.0,-1,0
train/benign/melanoma_1866.jpg,train,benign,2420,72.0,5264,2.0,-1,0
train/benign/melanoma_1867.jpg,train,benign,850,78.0,5265,2.0,-1,0
train/benign/melanoma_1868.jpg,train,benign,1260,86.0,3577,0.0,-1,0
train/benign/melanoma_1869.jpg,train,benign,695,90.0,2767,2.0,-1,0
train/benign/melanoma_187.jpg,train,benign,6487,56.0,4126,2.0,-1,0
train/benign/melanoma_1870.jpg,train,benign,1368,86.0,5204,6.0,-1,0
train/benign/melanoma_1871.jpg,train,benign,7856,76.0,5266,0.0,-1,0
train/benign/melanoma_1872.jpg,train,benign,3169,80.0,1861,2.0,-1,0
train/benign/melanoma_1873.jpg,train,benign,243,88.0,5267,10.0,-1,0
train/benign/melanoma_1874.jpg,train,benign,6091,76.0,5268,2.0,-1,0
train/benign/melanoma_1875.jpg,train,benign,5935,90.0,5269,2.0,-1,0
train/benign/melanoma_1876.jpg,train,benign,2797,86.0,5270,4.0,-1,0
train/benign/melanoma_1877.jpg,train,benign,7825,88.0,5271,2.0,-1,0
train/benign/melanoma_1878.jpg,train,benign,7357,86.0,5272,8.0,-1,0
train/benign/melanoma_1879.jpg,train,benign,3582,80.0,631,0.0,-1,0
train/benign/melanoma_188.jpg,train,benign,2473,86.0,4127,6.0,-1,0
train/benign/melanoma_1880.jpg,train,benign,6224,74.0,5273,2.0,-1,0
train/benign/melanoma_1881.jpg,train,benign,534,88.0,2768,6.0,-1,0
train/benign/melanoma_1882.jpg,train,benign,2003,88.0,5274,2.0,-1,0
train/benign/melanoma_1883.jpg,train,benign,9143,56.0,5275,2.0,-1,0
train/benign/melanoma_1884.jpg,train,benign,6371,80.0,5205,4.0,-1,0
train/benign/melanoma_1885.jpg,train,benign,1647,76.0,1862,6.0,-1,0
train/benign/melanoma_1886.jpg,train,benign,5936,92.0,5276,2.0,-1,0
train/benign/melanoma_1887.jpg,train,benign,900,88.0,5277,4.0,-1,0
train/benign/melanoma_1888.jpg,train,benign,150,92.0,5278,2.0,-1,0
train/benign/melanoma_1889.jpg,train,benign,6909,62.0,5279,6.0,-1,0
train/benign/melanoma_189.jpg,train,benign,6963,72.0,4128,2.0,-1,0
train/benign/melanoma_1890.jpg,train,benign,5033,80.0,3393,2.0,-1,0
train/benign/melanoma_1891.jpg,train,benign,4213,86.0,3595,2.0,-1,0
train/benign/melanoma_1892.jpg,train,benign,2964,94.0,5280,4.0,-1,0
train/benign/melanoma_1893.jpg,train,benign,305,88.0,5281,2.0,-1,0
train/benign/melanoma_1894.jpg,train,benign,1910,82.0,2769,2.0,-1,0
train/benign/melanoma_1895.jpg,train,benign,7108,74.0,5282,4.0,-1,0
train/benign/melanoma_1896.jpg,train,benign,8522,88.0,5283,6.0,-1,0
train/benign/melanoma_1897.jpg,train,benign,1741,92.0,5284,4.0,-1,0
train/benign/melanoma_1898.jpg,train,benign,1855,94.0,5285,2.0,-1,0
train/benign/melanoma_1899.jpg,train,benign,7077,84.0,1863,2.0,-1,0
train/benign/melanoma_19.jpg,train,benign,6376,90.0,4004,2.0,-1,0
train/benign/melanoma_190.jpg,train,benign,527,96.0,2635,2.0,-1,0
train/benign/melanoma_1900.jpg,train,benign,3069,78.0,5206,8.0,-1,0
train/benign/melanoma_1901.jpg,train,benign,9209,88.0,5286,4.0,-1,0
train/benign/melanoma_1902.jpg,train,benign,9342,72.0,3596,6.0,-1,0
train/benign/melanoma_1903.jpg,train,benign,5127,80.0,5287,4.0,-1,0
train/benign/melanoma_1904.jpg,train,benign,36,86.0,5288,2.0,-1,0
train/benign/melanoma_1905.jpg,train,benign,9560,84.0,5289,2.0,-1,0
train/benign/melanoma_1906.jpg,train,benign,4518,84.0,2770,0.0,-1,0
train/benign/melanoma_1907.jpg,train,benign,6360,88.0,5290,6.0,-1,0
train/benign/melanoma_1908.jpg,train,benign,7568,80.0,5291,4.0,-1,0
train/benign/melanoma_1909.jpg,train,benign,8925,64.0,5292,2.0,-1,0
train/benign/melanoma_191.jpg,train,benign,2863,82.0,3460,4.0,-1,0
train/benign/melanoma_1910.jpg,train,benign,770,88.0,5294,4.0,-1,0
train/benign/melanoma_1911.jpg,train,benign,8976,84.0,5295,4.0,-1,0
train/benign/melanoma_1912.jpg,train,benign,1603,82.0,565,4.0,-1,0
train/benign/melanoma_1913.jpg,train,benign,7035,66.0,3597,0.0,-1,0
train/benign/melanoma_1914.jpg,train,benign,8708,62.0,1864,2.0,-1,0
train/benign/melanoma_1915.jpg,train,benign,8185,76.0,5296,6.0,-1,0
train/benign/melanoma_1916.jpg,train,benign,2318,92.0,5298,2.0,-1,0
train/benign/melanoma_1917.jpg,train,benign,2444,52.0,5307,4.0,-1,0
train/benign/melanoma_1918.jpg,train,benign,5618,78.0,2771,2.0,-1,0
train/benign/melanoma_1919.jpg,train,benign,154,78.0,5398,4.0,-1,0
train/benign/melanoma_192.jpg,train,benign,7421,72.0,4129,4.0,-1,0
train/benign/melanoma_1920.jpg,train,benign,5076,86.0,5308,6.0,-1,0
train/benign/melanoma_1921.jpg,train,benign,7099,82.0,5309,4.0,-1,0
train/benign/melanoma_1922.jpg,train,benign,797,84.0,5310,2.0,-1,0
train/benign/melanoma_1923.jpg,train,benign,6060,76.0,5311,2.0,-1,0
train/benign/melanoma_1924.jpg,train,benign,971,88.0,3598,6.0,-1,0
train/benign/melanoma_1925.jpg,train,benign,5845,74.0,5312,2.0,-1,0
train/benign/melanoma_1926.jpg,train,benign,9076,58.0,5313,2.0,-1,0
train/benign/melanoma_1927.jpg,train,benign,2443,78.0,1865,4.0,-1,0
train/benign/melanoma_1928.jpg,train,benign,4178,84.0,5314,4.0,-1,0
train/benign/melanoma_1929.jpg,train,benign,2418,88.0,5315,2.0,-1,0
train/benign/melanoma_193.jpg,train,benign,5858,86.0,4130,4.0,-1,0
train/benign/melanoma_1930.jpg,train,benign,6824,64.0,461,6.0,-1,0
train/benign/melanoma_1931.jpg,train,benign,1393,66.0,5316,6.0,-1,0
train/benign/melanoma_1932.jpg,train,benign,8098,88.0,5299,2.0,-1,0
train/benign/melanoma_1933.jpg,train,benign,1520,90.0,5317,2.0,-1,0
train/benign/melanoma_1934.jpg,train,benign,1658,80.0,5318,0.0,-1,0
train/benign/melanoma_1935.jpg,train,benign,1458,80.0,3599,2.0,-1,0
train/benign/melanoma_1936.jpg,train,benign,5903,78.0,5319,8.0,-1,0
train/benign/melanoma_1937.jpg,train,benign,683,84.0,5320,8.0,-1,0
train/benign/melanoma_1938.jpg,train,benign,1537,80.0,5321,2.0,-1,0
train/benign/melanoma_1939.jpg,train,benign,6962,70.0,5322,4.0,-1,0
train/benign/melanoma_194.jpg,train,benign,4772,86.0,4086,2.0,-1,0
train/benign/melanoma_1940.jpg,train,benign,2561,90.0,1866,2.0,-1,0
train/benign/melanoma_1941.jpg,train,benign,6874,56.0,5323,6.0,-1,0
train/benign/melanoma_1942.jpg,train,benign,5146,92.0,2772,6.0,-1,0
train/benign/melanoma_1943.jpg,train,benign,2834,82.0,5324,4.0,-1,0
train/benign/melanoma_1944.jpg,train,benign,7491,74.0,5325,4.0,-1,0
train/benign/melanoma_1945.jpg,train,benign,7094,92.0,5326,2.0,-1,0
train/benign/melanoma_1946.jpg,train,benign,4484,94.0,3600,0.0,-1,0
train/benign/melanoma_1947.jpg,train,benign,6743,80.0,5300,4.0,-1,0
train/benign/melanoma_1948.jpg,train,benign,7609,84.0,5327,2.0,-1,0
train/benign/melanoma_1949.jpg,train,benign,2747,92.0,5328,4.0,-1,0
train/benign/melanoma_195.jpg,train,benign,82,90.0,4131,2.0,-1,0
train/benign/melanoma_1950.jpg,train,benign,3867,90.0,5329,2.0,-1,0
train/benign/melanoma_1951.jpg,train,benign,1167,90.0,5330,2.0,-1,0
train/benign/melanoma_1952.jpg,train,benign,280,88.0,5331,0.0,-1,0
train/benign/melanoma_1953.jpg,train,benign,4219,84.0,1849,4.0,-1,0
train/benign/melanoma_1954.jpg,train,benign,8840,58.0,2773,4.0,-1,0
train/benign/melanoma_1955.jpg,train,benign,8840,58.0,5332,0.0,-1,0
train/benign/melanoma_1956.jpg,train,benign,2481,82.0,5333,4.0,-1,0
train/benign/melanoma_1957.jpg,train,benign,6718,78.0,1662,6.0,-1,0
train/benign/melanoma_1958.jpg,train,benign,7002,64.0,5334,4.0,-1,0
train/benign/melanoma_1959.jpg,train,benign,7356,54.0,5335,4.0,-1,0
train/benign/melanoma_196.jpg,train,benign,8407,86.0,4132,0.0,-1,0
train/benign/melanoma_1960.jpg,train,benign,2218,94.0,5336,2.0,-1,0
train/benign/melanoma_1961.jpg,train,benign,1659,78.0,5301,2.0,-1,0
train/benign/melanoma_1962.jpg,train,benign,68,60.0,5337,2.0,-1,0
train/benign/melanoma_1963.jpg,train,benign,8949,40.0,5338,0.0,-1,0
train/benign/melanoma_1964.jpg,train,benign,1885,90.0,5339,4.0,-1,0
train/benign/melanoma_1965.jpg,train,benign,2344,78.0,5340,4.0,-1,0
train/benign/melanoma_1966.jpg,train,benign,6734,72.0,2774,2.0,-1,0
train/benign/melanoma_1967.jpg,train,benign,9297,68.0,1867,4.0,-1,0
train/benign/melanoma_1968.jpg,train,benign,9195,68.0,3601,0.0,-1,0
train/benign/melanoma_1969.jpg,train,benign,2546,74.0,5341,2.0,-1,0
train/benign/melanoma_197.jpg,train,benign,1798,84.0,4133,2.0,-1,0
train/benign/melanoma_1970.jpg,train,benign,8510,72.0,5342,6.0,-1,0
train/benign/melanoma_1971.jpg,train,benign,9594,76.0,5343,4.0,-1,0
train/benign/melanoma_1972.jpg,train,benign,7881,84.0,5344,4.0,-1,0
train/benign/melanoma_1973.jpg,train,benign,4575,84.0,5345,4.0,-1,0
train/benign/melanoma_1974.jpg,train,benign,64,58.0,5346,6.0,-1,0
train/benign/melanoma_1975.jpg,train,benign,3521,76.0,5302,2.0,-1,0
train/benign/melanoma_1976.jpg,train,benign,8158,86.0,5347,2.0,-1,0
train/benign/melanoma_1977.jpg,train,benign,7277,90.0,5348,4.0,-1,0
train/benign/melanoma_1978.jpg,train,benign,9002,84.0,623,6.0,-1,0
train/benign/melanoma_1979.jpg,train,benign,1903,82.0,3602,6.0,-1,0
train/benign/melanoma_198.jpg,train,benign,142,88.0,1728,2.0,-1,0
train/benign/melanoma_1980.jpg,train,benign,2162,86.0,2757,0.0,-1,0
train/benign/melanoma_1981.jpg,train,benign,7438,62.0,5349,6.0,-1,0
train/benign/melanoma_1982.jpg,train,benign,9447,60.0,1868,2.0,-1,0
train/benign/melanoma_1983.jpg,train,benign,8045,92.0,5350,4.0,-1,0
train/benign/melanoma_1984.jpg,train,benign,6132,84.0,5351,4.0,-1,0
train/benign/melanoma_1985.jpg,train,benign,8640,90.0,5352,4.0,-1,0
train/benign/melanoma_1986.jpg,train,benign,9252,72.0,5354,6.0,-1,0
train/benign/melanoma_1987.jpg,train,benign,24,86.0,5355,2.0,-1,0
train/benign/melanoma_1988.jpg,train,benign,6966,82.0,5356,0.0,-1,0
train/benign/melanoma_1989.jpg,train,benign,7555,58.0,5357,6.0,-1,0
train/benign/melanoma_199.jpg,train,benign,3041,72.0,4134,6.0,-1,0
train/benign/melanoma_1990.jpg,train,benign,2974,88.0,3603,6.0,-1,0
train/benign/melanoma_1991.jpg,train,benign,1793,82.0,5303,4.0,-1,0
train/benign/melanoma_1992.jpg,train,benign,1322,86.0,2775,6.0,-1,0
train/benign/melanoma_1993.jpg,train,benign,1386,78.0,5358,4.0,-1,0
train/benign/melanoma_1994.jpg,train,benign,2604,84.0,5359,2.0,-1,0
train/benign/melanoma_1995.jpg,train,benign,6029,92.0,1869,2.0,-1,0
train/benign/melanoma_1996.jpg,train,benign,1560,88.0,5360,6.0,-1,0
train/benign/melanoma_1997.jpg,train,benign,8712,70.0,5361,6.0,-1,0
train/benign/melanoma_1998.jpg,train,benign,1760,88.0,1570,6.0,-1,0
train/benign/melanoma_1999.jpg,train,benign,1276,50.0,5362,2.0,-1,0
train/benign/melanoma_2.jpg,train,benign,2444,34.0,3379,2.0,-1,0
train/benign/melanoma_20.jpg,train,benign,2458,84.0,4005,4.0,-1,0
train/benign/melanoma_200.jpg,train,benign,6224,88.0,4135,2.0,-1,0
train/benign/melanoma_2000.jpg,train,benign,5447,84.0,5363,2.0,-1,0
train/benign/melanoma_2001.jpg,train,benign,3807,92.0,3394,4.0,-1,0
train/benign/melanoma_2002.jpg,train,benign,2912,88.0,2569,2.0,-1,0
train/benign/melanoma_2003.jpg,train,benign,689,90.0,5364,6.0,-1,0
train/benign/melanoma_2004.jpg,train,benign,6205,74.0,5366,2.0,-1,0
train/benign/melanoma_2005.jpg,train,benign,2701,92.0,2776,2.0,-1,0
train/benign/melanoma_2006.jpg,train,benign,6684,90.0,5367,4.0,-1,0
train/benign/melanoma_2007.jpg,train,benign,761,88.0,5304,4.0,-1,0
train/benign/melanoma_2008.jpg,train,benign,7556,60.0,5368,2.0,-1,0
train/benign/melanoma_2009.jpg,train,benign,1472,86.0,1870,2.0,-1,0
train/benign/melanoma_201.jpg,train,benign,874,88.0,4136,2.0,-1,0
train/benign/melanoma_2010.jpg,train,benign,6274,88.0,5369,2.0,-1,0
train/benign/melanoma_2011.jpg,train,benign,7617,82.0,5370,6.0,-1,0
train/benign/melanoma_2012.jpg,train,benign,7190,54.0,5371,2.0,-1,0
train/benign/melanoma_2013.jpg,train,benign,7749,86.0,3604,8.0,-1,0
train/benign/melanoma_2014.jpg,train,benign,7516,82.0,5372,4.0,-1,0
train/benign/melanoma_2015.jpg,train,benign,6767,72.0,5373,4.0,-1,0
train/benign/melanoma_2016.jpg,train,benign,7240,82.0,5374,6.0,-1,0
train/benign/melanoma_2017.jpg,train,benign,5934,82.0,2777,6.0,-1,0
train/benign/melanoma_2018.jpg,train,benign,9972,90.0,5375,2.0,-1,0
train/benign/melanoma_2019.jpg,train,benign,1170,72.0,5376,2.0,-1,0
train/benign/melanoma_202.jpg,train,benign,9435,86.0,3461,4.0,-1,0
train/benign/melanoma_2020.jpg,train,benign,6823,84.0,5377,4.0,-1,0
train/benign/melanoma_2021.jpg,train,benign,5669,70.0,5305,6.0,-1,0
train/benign/melanoma_2022.jpg,train,benign,1357,94.0,1872,4.0,-1,0
train/benign/melanoma_2023.jpg,train,benign,6904,84.0,5378,2.0,-1,0
train/benign/melanoma_2024.jpg,train,benign,7545,78.0,3578,4.0,-1,0
train/benign/melanoma_2025.jpg,train,benign,1280,82.0,5379,12.0,-1,-1
train/benign/melanoma_2026.jpg,train,benign,3096,86.0,5380,4.0,-1,0
train/benign/melanoma_2027.jpg,train,benign,2331,72.0,5381,2.0,-1,0
train/benign/melanoma_2028.jpg,train,benign,8588,80.0,5382,0.0,-1,0
train/benign/melanoma_2029.jpg,train,benign,1179,90.0,2778,4.0,-1,0
train/benign/melanoma_203.jpg,train,benign,7930,72.0,2636,2.0,-1,0
train/benign/melanoma_2030.jpg,train,benign,7012,82.0,5383,4.0,-1,0
train/benign/melanoma_2031.jpg,train,benign,2318,78.0,5384,12.0,-1,-1
train/benign/melanoma_2032.jpg,train,benign,6726,78.0,5385,2.0,-1,0
train/benign/melanoma_2033.jpg,train,benign,7489,90.0,5386,2.0,-1,0
train/benign/melanoma_2034.jpg,train,benign,4725,84.0,5387,4.0,-1,0
train/benign/melanoma_2035.jpg,train,benign,7093,90.0,3605,2.0,-1,0
train/benign/melanoma_2036.jpg,train,benign,6271,62.0,1873,2.0,-1,0
train/benign/melanoma_2037.jpg,train,benign,9322,84.0,5306,0.0,-1,0
train/benign/melanoma_2038.jpg,train,benign,7724,86.0,5388,4.0,-1,0
train/benign/melanoma_2039.jpg,train,benign,7261,86.0,5389,2.0,-1,0
train/benign/melanoma_204.jpg,train,benign,9265,80.0,4137,2.0,-1,0
train/benign/melanoma_2040.jpg,train,benign,1377,92.0,5390,2.0,-1,0
train/benign/melanoma_2041.jpg,train,benign,9468,90.0,2779,2.0,-1,0
train/benign/melanoma_2042.jpg,train,benign,8579,90.0,5391,2.0,-1,0
train/benign/melanoma_2043.jpg,train,benign,7681,88.0,5392,4.0,-1,0
train/benign/melanoma_2044.jpg,train,benign,68,68.0,5393,4.0,-1,0
train/benign/melanoma_2045.jpg,train,benign,8839,84.0,5394,2.0,-1,0
train/benign/melanoma_2046.jpg,train,benign,7538,92.0,3606,4.0,-1,0
train/benign/melanoma_2047.jpg,train,benign,9344,64.0,5395,2.0,-1,0
train/benign/melanoma_2048.jpg,train,benign,291,90.0,5396,4.0,-1,0
train/benign/melanoma_2049.jpg,train,benign,9447,82.0,566,6.0,-1,0
train/benign/melanoma_205.jpg,train,benign,7922,74.0,4138,0.0,-1,0
train/benign/melanoma_2050.jpg,train,benign,7785,80.0,1874,2.0,-1,0
train/benign/melanoma_2051.jpg,train,benign,9246,74.0,5397,4.0,-1,0
train/benign/melanoma_2052.jpg,train,benign,6285,88.0,5399,0.0,-1,0
train/benign/melanoma_2053.jpg,train,benign,7856,66.0,2780,4.0,-1,0
train/benign/melanoma_2054.jpg,train,benign,8718,90.0,5408,4.0,-1,0
train/benign/melanoma_2055.jpg,train,benign,2392,46.0,5500,2.0,-1,0
train/benign/melanoma_2056.jpg,train,benign,6330,70.0,5409,4.0,-1,0
train/benign/melanoma_2057.jpg,train,benign,7953,78.0,3607,2.0,-1,0
train/benign/melanoma_2058.jpg,train,benign,9011,82.0,5410,4.0,-1,0
train/benign/melanoma_2059.jpg,train,benign,8865,66.0,5411,2.0,-1,0
train/benign/melanoma_206.jpg,train,benign,5561,88.0,4139,2.0,-1,0
train/benign/melanoma_2060.jpg,train,benign,8675,84.0,5412,2.0,-1,0
train/benign/melanoma_2061.jpg,train,benign,7973,60.0,5413,2.0,-1,0
train/benign/melanoma_2062.jpg,train,benign,6467,86.0,5414,8.0,-1,0
train/benign/melanoma_2063.jpg,train,benign,7156,76.0,1875,4.0,-1,0
train/benign/melanoma_2064.jpg,train,benign,9019,84.0,5415,4.0,-1,0
train/benign/melanoma_2065.jpg,train,benign,183,84.0,462,2.0,-1,0
train/benign/melanoma_2066.jpg,train,benign,2392,60.0,5416,2.0,-1,0
train/benign/melanoma_2067.jpg,train,benign,5161,90.0,5417,2.0,-1,0
train/benign/melanoma_2068.jpg,train,benign,848,90.0,3608,2.0,-1,0
train/benign/melanoma_2069.jpg,train,benign,7438,60.0,5400,8.0,-1,0
train/benign/melanoma_207.jpg,train,benign,2355,82.0,4140,6.0,-1,0
train/benign/melanoma_2070.jpg,train,benign,9369,74.0,5418,4.0,-1,0
train/benign/melanoma_2071.jpg,train,benign,7259,64.0,5419,2.0,-1,0
train/benign/melanoma_2072.jpg,train,benign,824,86.0,5420,4.0,-1,0
train/benign/melanoma_2073.jpg,train,benign,9664,86.0,5421,2.0,-1,0
train/benign/melanoma_2074.jpg,train,benign,6381,86.0,5422,0.0,-1,0
train/benign/melanoma_2075.jpg,train,benign,9279,64.0,5423,2.0,-1,0
train/benign/melanoma_2076.jpg,train,benign,2444,60.0,1876,4.0,-1,0
train/benign/melanoma_2077.jpg,train,benign,2392,60.0,2781,4.0,-1,0
train/benign/melanoma_2078.jpg,train,benign,2334,64.0,5424,8.0,-1,0
train/benign/melanoma_2079.jpg,train,benign,7829,82.0,3609,6.0,-1,0
train/benign/melanoma_208.jpg,train,benign,9281,82.0,4087,0.0,-1,0
train/benign/melanoma_2080.jpg,train,benign,4684,76.0,5425,4.0,-1,0
train/benign/melanoma_2081.jpg,train,benign,2712,88.0,5426,2.0,-1,0
train/benign/melanoma_2082.jpg,train,benign,1282,78.0,5427,0.0,-1,0
train/benign/melanoma_2083.jpg,train,benign,3546,78.0,5401,2.0,-1,0
train/benign/melanoma_2084.jpg,train,benign,8550,88.0,5428,2.0,-1,0
train/benign/melanoma_2085.jpg,train,benign,6648,70.0,5429,4.0,-1,0
train/benign/melanoma_2086.jpg,train,benign,6824,70.0,5430,2.0,-1,0
train/benign/melanoma_2087.jpg,train,benign,349,92.0,5432,2.0,-1,0
train/benign/melanoma_2088.jpg,train,benign,3915,94.0,5433,2.0,-1,0
train/benign/melanoma_2089.jpg,train,benign,8894,72.0,2782,2.0,-1,0
train/benign/melanoma_209.jpg,train,benign,9408,80.0,4141,4.0,-1,0
train/benign/melanoma_2090.jpg,train,benign,9252,88.0,1644,2.0,-1,0
train/benign/melanoma_2091.jpg,train,benign,7782,74.0,1877,6.0,-1,0
train/benign/melanoma_2092.jpg,train,benign,9299,68.0,5435,6.0,-1,0
train/benign/melanoma_2093.jpg,train,benign,4035,90.0,5436,2.0,-1,0
train/benign/melanoma_2094.jpg,train,benign,8238,74.0,5437,2.0,-1,0
train/benign/melanoma_2095.jpg,train,benign,9066,70.0,5438,4.0,-1,0
train/benign/melanoma_2096.jpg,train,benign,2295,90.0,5439,2.0,-1,0
train/benign/melanoma_2097.jpg,train,benign,8837,64.0,5402,0.0,-1,0
train/benign/melanoma_2098.jpg,train,benign,7481,80.0,5440,4.0,-1,0
train/benign/melanoma_2099.jpg,train,benign,938,74.0,5441,6.0,-1,0
train/benign/melanoma_21.jpg,train,benign,7065,86.0,1716,2.0,-1,0
train/benign/melanoma_210.jpg,train,benign,6226,76.0,4142,4.0,-1,0
train/benign/melanoma_2100.jpg,train,benign,7372,90.0,5442,8.0,-1,0
train/benign/melanoma_2101.jpg,train,benign,6771,80.0,3610,0.0,-1,0
train/benign/melanoma_2102.jpg,train,benign,93,88.0,2486,4.0,-1,0
train/benign/melanoma_2103.jpg,train,benign,7061,48.0,2783,4.0,-1,0
train/benign/melanoma_2104.jpg,train,benign,7525,76.0,5443,6.0,-1,0
train/benign/melanoma_2105.jpg,train,benign,5903,70.0,1850,2.0,-1,0
train/benign/melanoma_2106.jpg,train,benign,1170,74.0,5444,2.0,-1,0
train/benign/melanoma_2107.jpg,train,benign,1735,84.0,5445,2.0,-1,0
train/benign/melanoma_2108.jpg,train,benign,9195,56.0,5446,8.0,-1,0
train/benign/melanoma_2109.jpg,train,benign,2459,82.0,5447,4.0,-1,0
train/benign/melanoma_211.jpg,train,benign,263,62.0,1729,0.0,-1,0
train/benign/melanoma_2110.jpg,train,benign,4075,94.0,5448,2.0,-1,0
train/benign/melanoma_2111.jpg,train,benign,6734,88.0,5449,2.0,-1,0
train/benign/melanoma_2112.jpg,train,benign,6831,62.0,517,2.0,-1,0
train/benign/melanoma_2113.jpg,train,benign,6989,72.0,3611,2.0,-1,0
train/benign/melanoma_2114.jpg,train,benign,7033,66.0,5403,2.0,-1,0
train/benign/melanoma_2115.jpg,train,benign,9454,84.0,5450,2.0,-1,0
train/benign/melanoma_2116.jpg,train,benign,5612,92.0,2784,0.0,-1,0
train/benign/melanoma_2117.jpg,train,benign,75,68.0,5451,0.0,-1,0
train/benign/melanoma_2118.jpg,train,benign,1579,90.0,5452,2.0,-1,0
train/benign/melanoma_2119.jpg,train,benign,9261,68.0,1878,4.0,-1,0
train/benign/melanoma_212.jpg,train,benign,9447,68.0,4143,4.0,-1,0
train/benign/melanoma_2120.jpg,train,benign,8482,78.0,5453,4.0,-1,0
train/benign/melanoma_2121.jpg,train,benign,1074,82.0,5454,0.0,-1,0
train/benign/melanoma_2122.jpg,train,benign,9123,78.0,5455,2.0,-1,0
train/benign/melanoma_2123.jpg,train,benign,9828,74.0,5456,2.0,-1,0
train/benign/melanoma_2124.jpg,train,benign,7986,72.0,2570,4.0,-1,0
train/benign/melanoma_2125.jpg,train,benign,7427,80.0,5457,4.0,-1,0
train/benign/melanoma_2126.jpg,train,benign,6487,46.0,5458,4.0,-1,0
train/benign/melanoma_2127.jpg,train,benign,9658,82.0,5459,0.0,-1,0
train/benign/melanoma_2128.jpg,train,benign,7049,70.0,2758,6.0,-1,0
train/benign/melanoma_2129.jpg,train,benign,6752,86.0,5404,6.0,-1,0
train/benign/melanoma_213.jpg,train,benign,838,82.0,3462,6.0,-1,0
train/benign/melanoma_2130.jpg,train,benign,173,86.0,5460,4.0,-1,0
train/benign/melanoma_2131.jpg,train,benign,9204,70.0,5461,2.0,-1,0
train/benign/melanoma_2132.jpg,train,benign,7376,72.0,1879,4.0,-1,0
train/benign/melanoma_2133.jpg,train,benign,7723,80.0,5462,2.0,-1,0
train/benign/melanoma_2134.jpg,train,benign,6995,86.0,5463,0.0,-1,0
train/benign/melanoma_2135.jpg,train,benign,675,90.0,384,2.0,-1,0
train/benign/melanoma_2136.jpg,train,benign,1269,84.0,5464,6.0,-1,0
train/benign/melanoma_2137.jpg,train,benign,5862,82.0,5465,4.0,-1,0
train/benign/melanoma_2138.jpg,train,benign,7438,88.0,5466,6.0,-1,0
train/benign/melanoma_2139.jpg,train,benign,2488,84.0,5467,2.0,-1,0
train/benign/melanoma_214.jpg,train,benign,6806,82.0,4144,8.0,-1,0
train/benign/melanoma_2140.jpg,train,benign,8388,82.0,2785,2.0,-1,0
train/benign/melanoma_2141.jpg,train,benign,1170,64.0,5468,0.0,-1,0
train/benign/melanoma_2142.jpg,train,benign,6368,78.0,5469,6.0,-1,0
train/benign/melanoma_2143.jpg,train,benign,6188,86.0,5405,6.0,-1,0
train/benign/melanoma_2144.jpg,train,benign,6692,76.0,5470,2.0,-1,0
train/benign/melanoma_2145.jpg,train,benign,1465,82.0,1880,4.0,-1,0
train/benign/melanoma_2146.jpg,train,benign,2444,72.0,3612,2.0,-1,0
train/benign/melanoma_2147.jpg,train,benign,3291,90.0,5471,0.0,-1,0
train/benign/melanoma_2148.jpg,train,benign,3339,84.0,5472,10.0,-1,0
train/benign/melanoma_2149.jpg,train,benign,2179,82.0,5473,10.0,-1,0
train/benign/melanoma_215.jpg,train,benign,2375,88.0,2637,2.0,-1,0
train/benign/melanoma_2150.jpg,train,benign,7774,84.0,5474,4.0,-1,0
train/benign/melanoma_2151.jpg,train,benign,4960,78.0,5475,2.0,-1,0
train/benign/melanoma_2152.jpg,train,benign,6867,72.0,2786,0.0,-1,0
train/benign/melanoma_2153.jpg,train,benign,662,84.0,5476,2.0,-1,0
train/benign/melanoma_2154.jpg,train,benign,9623,90.0,5477,2.0,-1,0
train/benign/melanoma_2155.jpg,train,benign,2005,88.0,5478,0.0,-1,0
train/benign/melanoma_2156.jpg,train,benign,411,92.0,5479,2.0,-1,0
train/benign/melanoma_2157.jpg,train,benign,7002,80.0,3613,2.0,-1,0
train/benign/melanoma_2158.jpg,train,benign,7139,72.0,5406,4.0,-1,0
train/benign/melanoma_2159.jpg,train,benign,1614,70.0,1881,6.0,-1,0
train/benign/melanoma_216.jpg,train,benign,3052,72.0,4145,4.0,-1,0
train/benign/melanoma_2160.jpg,train,benign,75,52.0,5480,2.0,-1,0
train/benign/melanoma_2161.jpg,train,benign,1282,68.0,5481,2.0,-1,0
train/benign/melanoma_2162.jpg,train,benign,7264,86.0,5482,2.0,-1,0
train/benign/melanoma_2163.jpg,train,benign,7223,60.0,5483,4.0,-1,0
train/benign/melanoma_2164.jpg,train,benign,6847,84.0,2787,4.0,-1,0
train/benign/melanoma_2165.jpg,train,benign,7550,90.0,5484,4.0,-1,0
train/benign/melanoma_2166.jpg,train,benign,5598,84.0,5485,2.0,-1,0
train/benign/melanoma_2167.jpg,train,benign,703,84.0,5486,0.0,-1,0
train/benign/melanoma_2168.jpg,train,benign,9145,88.0,3579,6.0,-1,0
train/benign/melanoma_2169.jpg,train,benign,7387,78.0,5487,2.0,-1,0
train/benign/melanoma_217.jpg,train,benign,1276,64.0,4146,6.0,-1,0
train/benign/melanoma_2170.jpg,train,benign,7765,94.0,5488,4.0,-1,0
train/benign/melanoma_2171.jpg,train,benign,6962,68.0,5489,2.0,-1,0
train/benign/melanoma_2172.jpg,train,benign,7053,52.0,1882,6.0,-1,0
train/benign/melanoma_2173.jpg,train,benign,6091,84.0,5407,4.0,-1,0
train/benign/melanoma_2174.jpg,train,benign,1580,86.0,5490,8.0,-1,0
train/benign/melanoma_2175.jpg,train,benign,3725,84.0,5491,6.0,-1,0
train/benign/melanoma_2176.jpg,train,benign,9064,56.0,2788,6.0,-1,0
train/benign/melanoma_2177.jpg,train,benign,5027,78.0,5492,8.0,-1,0
train/benign/melanoma_2178.jpg,train,benign,1665,80.0,5493,4.0,-1,0
train/benign/melanoma_2179.jpg,train,benign,9544,78.0,3614,4.0,-1,0
train/benign/melanoma_218.jpg,train,benign,8865,72.0,4147,4.0,-1,0
train/benign/melanoma_2180.jpg,train,benign,4952,84.0,5494,0.0,-1,0
train/benign/melanoma_2181.jpg,train,benign,6830,56.0,5495,6.0,-1,0
train/benign/melanoma_2182.jpg,train,benign,6981,72.0,5496,2.0,-1,0
train/benign/melanoma_2183.jpg,train,benign,6934,74.0,5497,4.0,-1,0
train/benign/melanoma_2184.jpg,train,benign,27,72.0,5498,6.0,-1,0
train/benign/melanoma_2185.jpg,train,benign,4806,80.0,567,2.0,-1,0
train/benign/melanoma_2186.jpg,train,benign,2443,72.0,1883,2.0,-1,0
train/benign/melanoma_2187.jpg,train,benign,1084,88.0,5499,2.0,-1,0
train/benign/melanoma_2188.jpg,train,benign,7010,80.0,2789,4.0,-1,0
train/benign/melanoma_2189.jpg,train,benign,5545,76.0,937,4.0,-1,0
train/benign/melanoma_219.jpg,train,benign,4267,86.0,4148,2.0,-1,0
train/benign/melanoma_2190.jpg,train,benign,9639,76.0,3615,2.0,-1,0
train/benign/melanoma_2191.jpg,train,benign,8865,66.0,946,2.0,-1,0
train/benign/melanoma_2192.jpg,train,benign,2395,64.0,1036,4.0,-1,0
train/benign/melanoma_2193.jpg,train,benign,2444,56.0,947,4.0,-1,0
train/benign/melanoma_2194.jpg,train,benign,8949,48.0,948,4.0,-1,0
train/benign/melanoma_2195.jpg,train,benign,9165,78.0,949,4.0,-1,0
train/benign/melanoma_2196.jpg,train,benign,931,84.0,950,2.0,-1,0
train/benign/melanoma_2197.jpg,train,benign,7702,76.0,951,4.0,-1,0
train/benign/melanoma_2198.jpg,train,benign,1750,80.0,952,4.0,-1,0
train/benign/melanoma_2199.jpg,train,benign,7062,80.0,1884,4.0,-1,0
train/benign/melanoma_22.jpg,train,benign,2797,74.0,4006,0.0,-1,0
train/benign/melanoma_220.jpg,train,benign,800,82.0,4149,4.0,-1,0
train/benign/melanoma_2200.jpg,train,benign,7255,66.0,463,4.0,-1,0
train/benign/melanoma_2201.jpg,train,benign,4866,86.0,3616,2.0,-1,0
train/benign/melanoma_2202.jpg,train,benign,7531,72.0,953,2.0,-1,0
train/benign/melanoma_2203.jpg,train,benign,24,86.0,954,2.0,-1,0
train/benign/melanoma_2204.jpg,train,benign,3253,78.0,955,0.0,-1,0
train/benign/melanoma_2205.jpg,train,benign,8859,72.0,938,2.0,-1,0
train/benign/melanoma_2206.jpg,train,benign,3783,82.0,956,0.0,-1,0
train/benign/melanoma_2207.jpg,train,benign,655,86.0,957,4.0,-1,0
train/benign/melanoma_2208.jpg,train,benign,9681,80.0,958,8.0,-1,0
train/benign/melanoma_2209.jpg,train,benign,2831,90.0,959,0.0,-1,0
train/benign/melanoma_221.jpg,train,benign,1354,86.0,4150,8.0,-1,0
train/benign/melanoma_2210.jpg,train,benign,823,90.0,960,2.0,-1,0
train/benign/melanoma_2211.jpg,train,benign,5097,88.0,961,2.0,-1,0
train/benign/melanoma_2212.jpg,train,benign,9198,66.0,3617,6.0,-1,0
train/benign/melanoma_2213.jpg,train,benign,1243,88.0,2790,6.0,-1,0
train/benign/melanoma_2214.jpg,train,benign,166,84.0,1885,2.0,-1,0
train/benign/melanoma_2215.jpg,train,benign,1560,84.0,962,2.0,-1,0
train/benign/melanoma_2216.jpg,train,benign,5486,92.0,963,2.0,-1,0
train/benign/melanoma_2217.jpg,train,benign,1170,70.0,964,6.0,-1,0
train/benign/melanoma_2218.jpg,train,benign,6064,86.0,965,4.0,-1,0
train/benign/melanoma_2219.jpg,train,benign,1464,86.0,939,2.0,-1,0
train/benign/melanoma_222.jpg,train,benign,8622,80.0,4088,6.0,-1,0
train/benign/melanoma_2220.jpg,train,benign,1276,66.0,966,0.0,-1,0
train/benign/melanoma_2221.jpg,train,benign,9066,76.0,967,2.0,-1,0
train/benign/melanoma_2222.jpg,train,benign,7071,78.0,968,2.0,-1,0
train/benign/melanoma_2223.jpg,train,benign,6860,78.0,2541,6.0,-1,0
train/benign/melanoma_2224.jpg,train,benign,5283,78.0,3395,4.0,-1,0
train/benign/melanoma_2225.jpg,train,benign,7373,82.0,1663,2.0,-1,0
train/benign/melanoma_2226.jpg,train,benign,6826,90.0,969,2.0,-1,0
train/benign/melanoma_2227.jpg,train,benign,4798,86.0,2487,2.0,-1,0
train/benign/melanoma_2228.jpg,train,benign,7257,56.0,2791,2.0,-1,0
train/benign/melanoma_2229.jpg,train,benign,8799,86.0,970,0.0,-1,0
train/benign/melanoma_223.jpg,train,benign,7830,78.0,4151,8.0,-1,0
train/benign/melanoma_2230.jpg,train,benign,7223,62.0,1886,4.0,-1,0
train/benign/melanoma_2231.jpg,train,benign,5791,84.0,971,2.0,-1,0
train/benign/melanoma_2232.jpg,train,benign,2974,86.0,972,2.0,-1,0
train/benign/melanoma_2233.jpg,train,benign,8949,44.0,973,8.0,-1,0
train/benign/melanoma_2234.jpg,train,benign,7788,80.0,974,2.0,-1,0
train/benign/melanoma_2235.jpg,train,benign,5269,82.0,975,4.0,-1,0
train/benign/melanoma_2236.jpg,train,benign,9447,66.0,3618,0.0,-1,0
train/benign/melanoma_2237.jpg,train,benign,7356,62.0,940,6.0,-1,0
train/benign/melanoma_2238.jpg,train,benign,8022,64.0,976,4.0,-1,0
train/benign/melanoma_2239.jpg,train,benign,7041,90.0,977,2.0,-1,0
train/benign/melanoma_224.jpg,train,benign,2416,66.0,3382,4.0,-1,0
train/benign/melanoma_2240.jpg,train,benign,7548,84.0,2792,2.0,-1,0
train/benign/melanoma_2241.jpg,train,benign,594,92.0,978,2.0,-1,0
train/benign/melanoma_2242.jpg,train,benign,4329,82.0,979,2.0,-1,0
train/benign/melanoma_2243.jpg,train,benign,0,88.0,1887,2.0,-1,0
train/benign/melanoma_2244.jpg,train,benign,1017,90.0,980,4.0,-1,0
train/benign/melanoma_2245.jpg,train,benign,6793,88.0,981,6.0,-1,0
train/benign/melanoma_2246.jpg,train,benign,6905,80.0,982,2.0,-1,0
train/benign/melanoma_2247.jpg,train,benign,6906,90.0,2571,4.0,-1,0
train/benign/melanoma_2248.jpg,train,benign,7053,70.0,983,6.0,-1,0
train/benign/melanoma_2249.jpg,train,benign,2153,90.0,984,4.0,-1,0
train/benign/melanoma_225.jpg,train,benign,5678,72.0,3463,4.0,-1,0
train/benign/melanoma_2250.jpg,train,benign,6485,94.0,985,0.0,-1,0
train/benign/melanoma_2251.jpg,train,benign,7670,72.0,941,4.0,-1,0
train/benign/melanoma_2252.jpg,train,benign,7771,84.0,2793,2.0,-1,0
train/benign/melanoma_2253.jpg,train,benign,8799,74.0,986,2.0,-1,0
train/benign/melanoma_2254.jpg,train,benign,3591,84.0,987,2.0,-1,0
train/benign/melanoma_2255.jpg,train,benign,1393,68.0,988,6.0,-1,0
train/benign/melanoma_2256.jpg,train,benign,8712,84.0,1851,2.0,-1,0
train/benign/melanoma_2257.jpg,train,benign,9265,42.0,989,0.0,-1,0
train/benign/melanoma_2258.jpg,train,benign,897,86.0,3619,4.0,-1,0
train/benign/melanoma_2259.jpg,train,benign,5965,72.0,990,6.0,-1,0
train/benign/melanoma_226.jpg,train,benign,4146,90.0,1730,2.0,-1,0
train/benign/melanoma_2260.jpg,train,benign,1510,94.0,991,4.0,-1,0
train/benign/melanoma_2261.jpg,train,benign,9622,82.0,992,2.0,-1,0
train/benign/melanoma_2262.jpg,train,benign,7206,88.0,993,4.0,-1,0
train/benign/melanoma_2263.jpg,train,benign,4765,90.0,994,2.0,-1,0
train/benign/melanoma_2264.jpg,train,benign,2583,74.0,2794,4.0,-1,0
train/benign/melanoma_2265.jpg,train,benign,7770,88.0,995,0.0,-1,0
train/benign/melanoma_2266.jpg,train,benign,8859,84.0,942,2.0,-1,0
train/benign/melanoma_2267.jpg,train,benign,9193,70.0,996,0.0,-1,0
train/benign/melanoma_2268.jpg,train,benign,5149,86.0,997,2.0,-1,0
train/benign/melanoma_2269.jpg,train,benign,5795,82.0,3620,4.0,-1,0
train/benign/melanoma_227.jpg,train,benign,7356,62.0,4152,4.0,-1,0
train/benign/melanoma_2270.jpg,train,benign,1170,66.0,1888,4.0,-1,0
train/benign/melanoma_2271.jpg,train,benign,2615,90.0,998,2.0,-1,0
train/benign/melanoma_2272.jpg,train,benign,2428,78.0,999,0.0,-1,0
train/benign/melanoma_2273.jpg,train,benign,64,88.0,1000,4.0,-1,0
train/benign/melanoma_2274.jpg,train,benign,9572,80.0,1001,4.0,-1,0
train/benign/melanoma_2275.jpg,train,benign,1458,74.0,1002,2.0,-1,0
train/benign/melanoma_2276.jpg,train,benign,7986,66.0,2759,2.0,-1,0
train/benign/melanoma_2277.jpg,train,benign,6418,88.0,1003,0.0,-1,0
train/benign/melanoma_2278.jpg,train,benign,3943,90.0,1004,2.0,-1,0
train/benign/melanoma_2279.jpg,train,benign,414,88.0,1005,0.0,-1,0
train/benign/melanoma_228.jpg,train,benign,4942,88.0,2638,4.0,-1,0
train/benign/melanoma_2280.jpg,train,benign,349,86.0,3621,0.0,-1,0
train/benign/melanoma_2281.jpg,train,benign,6734,82.0,943,6.0,-1,0
train/benign/melanoma_2282.jpg,train,benign,7883,78.0,1006,6.0,-1,0
train/benign/melanoma_2283.jpg,train,benign,2462,88.0,1889,2.0,-1,0
train/benign/melanoma_2284.jpg,train,benign,6894,86.0,1007,4.0,-1,0
train/benign/melanoma_2285.jpg,train,benign,124,90.0,1008,2.0,-1,0
train/benign/melanoma_2286.jpg,train,benign,6817,84.0,1009,4.0,-1,0
train/benign/melanoma_2287.jpg,train,benign,9612,80.0,1010,0.0,-1,0
train/benign/melanoma_2288.jpg,train,benign,9143,54.0,2795,2.0,-1,0
train/benign/melanoma_2289.jpg,train,benign,662,48.0,1011,4.0,-1,0
train/benign/melanoma_229.jpg,train,benign,9110,80.0,4153,6.0,-1,0
train/benign/melanoma_2290.jpg,train,benign,9450,80.0,1012,4.0,-1,0
train/benign/melanoma_2291.jpg,train,benign,1668,86.0,3622,4.0,-1,0
train/benign/melanoma_2292.jpg,train,benign,1647,54.0,1013,0.0,-1,0
train/benign/melanoma_2293.jpg,train,benign,6719,82.0,1014,6.0,-1,0
train/benign/melanoma_2294.jpg,train,benign,1363,88.0,1015,2.0,-1,0
train/benign/melanoma_2295.jpg,train,benign,7568,78.0,944,4.0,-1,0
train/benign/melanoma_2296.jpg,train,benign,2771,88.0,1890,6.0,-1,0
train/benign/melanoma_2297.jpg,train,benign,6968,84.0,1016,4.0,-1,0
train/benign/melanoma_2298.jpg,train,benign,162,92.0,1017,2.0,-1,0
train/benign/melanoma_2299.jpg,train,benign,7928,78.0,1018,4.0,-1,0
train/benign/melanoma_23.jpg,train,benign,9101,84.0,4007,6.0,-1,0
train/benign/melanoma_230.jpg,train,benign,2375,76.0,4154,2.0,-1,0
train/benign/melanoma_2300.jpg,train,benign,1648,86.0,2796,2.0,-1,0
train/benign/melanoma_2301.jpg,train,benign,2318,74.0,1019,10.0,-1,0
train/benign/melanoma_2302.jpg,train,benign,7356,56.0,3623,4.0,-1,0
train/benign/melanoma_2303.jpg,train,benign,9272,74.0,1020,0.0,-1,0
train/benign/melanoma_2304.jpg,train,benign,7065,78.0,1021,2.0,-1,0
train/benign/melanoma_2305.jpg,train,benign,7631,76.0,1022,2.0,-1,0
train/benign/melanoma_2306.jpg,train,benign,4178,86.0,1023,4.0,-1,0
train/benign/melanoma_2307.jpg,train,benign,7018,80.0,1024,6.0,-1,0
train/benign/melanoma_2308.jpg,train,benign,7879,82.0,1025,0.0,-1,0
train/benign/melanoma_2309.jpg,train,benign,7065,68.0,1891,8.0,-1,0
train/benign/melanoma_231.jpg,train,benign,8770,92.0,4155,2.0,-1,0
train/benign/melanoma_2310.jpg,train,benign,7556,60.0,945,8.0,-1,0
train/benign/melanoma_2311.jpg,train,benign,1170,72.0,1026,0.0,-1,0
train/benign/melanoma_2312.jpg,train,benign,9932,90.0,2797,2.0,-1,0
train/benign/melanoma_2313.jpg,train,benign,1170,78.0,3580,2.0,-1,0
train/benign/melanoma_2314.jpg,train,benign,7450,80.0,1027,10.0,-1,0
train/benign/melanoma_2315.jpg,train,benign,3682,84.0,1028,2.0,-1,0
train/benign/melanoma_2316.jpg,train,benign,8744,78.0,1029,4.0,-1,0
train/benign/melanoma_2317.jpg,train,benign,6115,72.0,1030,2.0,-1,0
train/benign/melanoma_2318.jpg,train,benign,6692,72.0,1031,8.0,-1,0
train/benign/melanoma_2319.jpg,train,benign,7244,76.0,1032,2.0,-1,0
train/benign/melanoma_232.jpg,train,benign,7920,78.0,4156,2.0,-1,0
train/benign/melanoma_2320.jpg,train,benign,6751,68.0,1033,4.0,-1,0
train/benign/melanoma_2321.jpg,train,benign,2766,94.0,1034,2.0,-1,0
train/benign/melanoma_2322.jpg,train,benign,6913,92.0,568,2.0,-1,0
train/benign/melanoma_2323.jpg,train,benign,9205,58.0,1892,4.0,-1,0
train/benign/melanoma_2324.jpg,train,benign,9309,84.0,3624,4.0,-1,0
train/benign/melanoma_2325.jpg,train,benign,682,84.0,2798,0.0,-1,0
train/benign/melanoma_2326.jpg,train,benign,4833,92.0,1035,2.0,-1,0
train/benign/melanoma_2327.jpg,train,benign,2393,72.0,1037,2.0,-1,0
train/benign/melanoma_2328.jpg,train,benign,6807,52.0,1046,4.0,-1,0
train/benign/melanoma_2329.jpg,train,benign,3597,86.0,1136,8.0,-1,0
train/benign/melanoma_233.jpg,train,benign,2412,90.0,4157,2.0,-1,0
train/benign/melanoma_2330.jpg,train,benign,748,92.0,1047,2.0,-1,0
train/benign/melanoma_2331.jpg,train,benign,2184,90.0,1048,2.0,-1,0
train/benign/melanoma_2332.jpg,train,benign,4647,70.0,1049,4.0,-1,0
train/benign/melanoma_2333.jpg,train,benign,7788,64.0,1050,2.0,-1,0
train/benign/melanoma_2334.jpg,train,benign,8744,86.0,1051,2.0,-1,0
train/benign/melanoma_2335.jpg,train,benign,8840,72.0,3396,2.0,-1,0
train/benign/melanoma_2336.jpg,train,benign,1510,88.0,3625,4.0,-1,0
train/benign/melanoma_2337.jpg,train,benign,9593,78.0,1052,2.0,-1,0
train/benign/melanoma_2338.jpg,train,benign,7545,52.0,464,4.0,-1,0
train/benign/melanoma_2339.jpg,train,benign,8865,60.0,1893,8.0,-1,0
train/benign/melanoma_234.jpg,train,benign,1786,82.0,4158,4.0,-1,0
train/benign/melanoma_2340.jpg,train,benign,9145,76.0,1053,2.0,-1,0
train/benign/melanoma_2341.jpg,train,benign,2100,84.0,1054,4.0,-1,0
train/benign/melanoma_2342.jpg,train,benign,3470,84.0,1055,2.0,-1,0
train/benign/melanoma_2343.jpg,train,benign,7498,74.0,1038,0.0,-1,0
train/benign/melanoma_2344.jpg,train,benign,7556,66.0,1056,4.0,-1,0
train/benign/melanoma_2345.jpg,train,benign,6568,84.0,1057,0.0,-1,0
train/benign/melanoma_2346.jpg,train,benign,7581,86.0,1058,2.0,-1,0
train/benign/melanoma_2347.jpg,train,benign,7061,52.0,3626,6.0,-1,0
train/benign/melanoma_2348.jpg,train,benign,3845,82.0,1059,2.0,-1,0
train/benign/melanoma_2349.jpg,train,benign,9835,90.0,1060,8.0,-1,0
train/benign/melanoma_235.jpg,train,benign,3098,90.0,4159,2.0,-1,0
train/benign/melanoma_2350.jpg,train,benign,4239,88.0,2488,2.0,-1,0
train/benign/melanoma_2351.jpg,train,benign,9247,78.0,2799,6.0,-1,0
train/benign/melanoma_2352.jpg,train,benign,2272,64.0,1061,2.0,-1,0
train/benign/melanoma_2353.jpg,train,benign,8995,48.0,1894,2.0,-1,0
train/benign/melanoma_2354.jpg,train,benign,7116,86.0,1062,4.0,-1,0
train/benign/melanoma_2355.jpg,train,benign,2545,92.0,1063,2.0,-1,0
train/benign/melanoma_2356.jpg,train,benign,275,84.0,1064,2.0,-1,0
train/benign/melanoma_2357.jpg,train,benign,118,62.0,1065,2.0,-1,0
train/benign/melanoma_2358.jpg,train,benign,118,94.0,1664,0.0,-1,0
train/benign/melanoma_2359.jpg,train,benign,7656,72.0,1039,2.0,-1,0
train/benign/melanoma_236.jpg,train,benign,9608,68.0,3464,8.0,-1,0
train/benign/melanoma_2360.jpg,train,benign,9116,86.0,1066,2.0,-1,0
train/benign/melanoma_2361.jpg,train,benign,7744,82.0,1067,4.0,-1,0
train/benign/melanoma_2362.jpg,train,benign,5846,76.0,1068,2.0,-1,0
train/benign/melanoma_2363.jpg,train,benign,102,90.0,2800,4.0,-1,0
train/benign/melanoma_2364.jpg,train,benign,7053,62.0,1069,6.0,-1,0
train/benign/melanoma_2365.jpg,train,benign,7788,76.0,1070,2.0,-1,0
train/benign/melanoma_2366.jpg,train,benign,5579,88.0,1895,2.0,-1,0
train/benign/melanoma_2367.jpg,train,benign,9501,64.0,1071,4.0,-1,0
train/benign/melanoma_2368.jpg,train,benign,2124,92.0,1072,2.0,-1,0
train/benign/melanoma_2369.jpg,train,benign,6874,72.0,2554,6.0,-1,0
train/benign/melanoma_237.jpg,train,benign,4591,92.0,4160,4.0,-1,0
train/benign/melanoma_2370.jpg,train,benign,6419,86.0,1073,4.0,-1,0
train/benign/melanoma_2371.jpg,train,benign,7668,72.0,1074,4.0,-1,0
train/benign/melanoma_2372.jpg,train,benign,7944,72.0,1075,6.0,-1,0
train/benign/melanoma_2373.jpg,train,benign,1170,80.0,1040,4.0,-1,0
train/benign/melanoma_2374.jpg,train,benign,8734,88.0,1076,4.0,-1,0
train/benign/melanoma_2375.jpg,train,benign,9470,68.0,2801,4.0,-1,0
train/benign/melanoma_2376.jpg,train,benign,4112,88.0,1077,6.0,-1,0
train/benign/melanoma_2377.jpg,train,benign,7912,56.0,1078,6.0,-1,0
train/benign/melanoma_2378.jpg,train,benign,8890,92.0,1079,2.0,-1,0
train/benign/melanoma_2379.jpg,train,benign,551,86.0,1896,2.0,-1,0
train/benign/melanoma_238.jpg,train,benign,1386,82.0,4089,0.0,-1,0
train/benign/melanoma_2380.jpg,train,benign,1627,74.0,3627,2.0,-1,0
train/benign/melanoma_2381.jpg,train,benign,2344,80.0,1080,0.0,-1,0
train/benign/melanoma_2382.jpg,train,benign,2192,82.0,1081,6.0,-1,0
train/benign/melanoma_2383.jpg,train,benign,5966,76.0,1082,2.0,-1,0
train/benign/melanoma_2384.jpg,train,benign,5345,86.0,1083,4.0,-1,0
train/benign/melanoma_2385.jpg,train,benign,2018,88.0,1084,8.0,-1,0
train/benign/melanoma_2386.jpg,train,benign,7128,84.0,1085,0.0,-1,0
train/benign/melanoma_2387.jpg,train,benign,5815,80.0,2802,4.0,-1,0
train/benign/melanoma_2388.jpg,train,benign,2158,92.0,1041,8.0,-1,0
train/benign/melanoma_2389.jpg,train,benign,1490,82.0,1086,6.0,-1,0
train/benign/melanoma_239.jpg,train,benign,4722,82.0,1731,2.0,-1,0
train/benign/melanoma_2390.jpg,train,benign,9649,78.0,1087,0.0,-1,0
train/benign/melanoma_2391.jpg,train,benign,2595,86.0,3628,8.0,-1,0
train/benign/melanoma_2392.jpg,train,benign,118,70.0,1088,2.0,-1,0
train/benign/melanoma_2393.jpg,train,benign,9076,44.0,1897,0.0,-1,0
train/benign/melanoma_2394.jpg,train,benign,1426,82.0,1089,4.0,-1,0
train/benign/melanoma_2395.jpg,train,benign,192,94.0,1090,6.0,-1,0
train/benign/melanoma_2396.jpg,train,benign,1050,80.0,1091,8.0,-1,0
train/benign/melanoma_2397.jpg,train,benign,2693,86.0,1092,2.0,-1,0
train/benign/melanoma_2398.jpg,train,benign,1647,80.0,1093,2.0,-1,0
train/benign/melanoma_2399.jpg,train,benign,2443,70.0,2803,2.0,-1,0
train/benign/melanoma_24.jpg,train,benign,8840,72.0,4008,2.0,-1,0
train/benign/melanoma_240.jpg,train,benign,1170,68.0,2639,2.0,-1,0
train/benign/melanoma_2400.jpg,train,benign,5923,72.0,1094,2.0,-1,0
train/benign/melanoma_2401.jpg,train,benign,597,84.0,1095,4.0,-1,0
train/benign/melanoma_2402.jpg,train,benign,9302,82.0,3629,4.0,-1,0
train/benign/melanoma_2403.jpg,train,benign,7376,84.0,1042,4.0,-1,0
train/benign/melanoma_2404.jpg,train,benign,1458,76.0,1096,0.0,-1,0
train/benign/melanoma_2405.jpg,train,benign,2562,86.0,1097,8.0,-1,0
train/benign/melanoma_2406.jpg,train,benign,8849,82.0,1852,2.0,-1,0
train/benign/melanoma_2407.jpg,train,benign,9447,62.0,1098,2.0,-1,0
train/benign/melanoma_2408.jpg,train,benign,7722,74.0,1099,2.0,-1,0
train/benign/melanoma_2409.jpg,train,benign,2170,86.0,1100,10.0,-1,0
train/benign/melanoma_241.jpg,train,benign,7439,86.0,4161,0.0,-1,0
train/benign/melanoma_2410.jpg,train,benign,7190,86.0,1101,4.0,-1,0
train/benign/melanoma_2411.jpg,train,benign,6946,88.0,2804,0.0,-1,0
train/benign/melanoma_2412.jpg,train,benign,4471,84.0,1102,6.0,-1,0
train/benign/melanoma_2413.jpg,train,benign,9336,76.0,3630,0.0,-1,0
train/benign/melanoma_2414.jpg,train,benign,329,90.0,1103,2.0,-1,0
train/benign/melanoma_2415.jpg,train,benign,3983,74.0,1104,6.0,-1,0
train/benign/melanoma_2416.jpg,train,benign,8313,92.0,1105,4.0,-1,0
train/benign/melanoma_2417.jpg,train,benign,9145,70.0,1043,2.0,-1,0
train/benign/melanoma_2418.jpg,train,benign,1421,86.0,1106,4.0,-1,0
train/benign/melanoma_2419.jpg,train,benign,620,90.0,1898,6.0,-1,0
train/benign/melanoma_242.jpg,train,benign,9603,90.0,4162,2.0,-1,0
train/benign/melanoma_2420.jpg,train,benign,9120,80.0,1107,2.0,-1,0
train/benign/melanoma_2421.jpg,train,benign,2755,70.0,1108,2.0,-1,0
train/benign/melanoma_2422.jpg,train,benign,8833,84.0,1109,2.0,-1,0
train/benign/melanoma_2423.jpg,train,benign,21,84.0,2760,4.0,-1,0
train/benign/melanoma_2424.jpg,train,benign,6807,52.0,3631,4.0,-1,0
train/benign/melanoma_2425.jpg,train,benign,5122,90.0,1110,2.0,-1,0
train/benign/melanoma_2426.jpg,train,benign,9170,68.0,1111,6.0,-1,0
train/benign/melanoma_2427.jpg,train,benign,1662,94.0,1112,0.0,-1,0
train/benign/melanoma_2428.jpg,train,benign,9387,86.0,1113,4.0,-1,0
train/benign/melanoma_2429.jpg,train,benign,2358,84.0,1114,2.0,-1,0
train/benign/melanoma_243.jpg,train,benign,651,90.0,4163,2.0,-1,0
train/benign/melanoma_2430.jpg,train,benign,1276,64.0,1115,2.0,-1,0
train/benign/melanoma_2431.jpg,train,benign,6974,44.0,1044,0.0,-1,0
train/benign/melanoma_2432.jpg,train,benign,2970,84.0,1899,10.0,-1,0
train/benign/melanoma_2433.jpg,train,benign,804,90.0,1116,4.0,-1,0
train/benign/melanoma_2434.jpg,train,benign,3408,82.0,1117,4.0,-1,0
train/benign/melanoma_2435.jpg,train,benign,2187,86.0,3632,2.0,-1,0
train/benign/melanoma_2436.jpg,train,benign,8681,84.0,2805,0.0,-1,0
train/benign/melanoma_2437.jpg,train,benign,2797,82.0,1118,4.0,-1,0
train/benign/melanoma_2438.jpg,train,benign,7579,74.0,1119,4.0,-1,0
train/benign/melanoma_2439.jpg,train,benign,7581,88.0,1120,0.0,-1,0
train/benign/melanoma_244.jpg,train,benign,4231,76.0,4165,2.0,-1,0
train/benign/melanoma_2440.jpg,train,benign,7223,84.0,1121,4.0,-1,0
train/benign/melanoma_2441.jpg,train,benign,7428,80.0,1122,0.0,-1,0
train/benign/melanoma_2442.jpg,train,benign,7257,54.0,1123,6.0,-1,0
train/benign/melanoma_2443.jpg,train,benign,5901,86.0,1124,4.0,-1,0
train/benign/melanoma_2444.jpg,train,benign,7791,88.0,1125,4.0,-1,0
train/benign/melanoma_2445.jpg,train,benign,4076,92.0,1900,4.0,-1,0
train/benign/melanoma_2446.jpg,train,benign,4574,84.0,3397,6.0,-1,0
train/benign/melanoma_2447.jpg,train,benign,3751,88.0,3633,2.0,-1,0
train/benign/melanoma_2448.jpg,train,benign,2149,88.0,1045,6.0,-1,0
train/benign/melanoma_2449.jpg,train,benign,6141,76.0,2806,4.0,-1,0
train/benign/melanoma_245.jpg,train,benign,1583,80.0,4166,4.0,-1,0
train/benign/melanoma_2450.jpg,train,benign,1790,88.0,1126,4.0,-1,0
train/benign/melanoma_2451.jpg,train,benign,9494,68.0,1127,4.0,-1,0
train/benign/melanoma_2452.jpg,train,benign,652,62.0,1128,0.0,-1,0
train/benign/melanoma_2453.jpg,train,benign,847,86.0,1129,0.0,-1,0
train/benign/melanoma_2454.jpg,train,benign,7279,90.0,1130,2.0,-1,0
train/benign/melanoma_2455.jpg,train,benign,7923,72.0,1131,4.0,-1,0
train/benign/melanoma_2456.jpg,train,benign,8713,76.0,1132,4.0,-1,0
train/benign/melanoma_2457.jpg,train,benign,9338,80.0,1133,6.0,-1,0
train/benign/melanoma_2458.jpg,train,benign,4207,74.0,3581,8.0,-1,0
train/benign/melanoma_2459.jpg,train,benign,3565,86.0,1134,4.0,-1,0
train/benign/melanoma_246.jpg,train,benign,7999,72.0,4167,2.0,-1,0
train/benign/melanoma_2460.jpg,train,benign,3606,74.0,569,4.0,-1,0
train/benign/melanoma_2461.jpg,train,benign,819,84.0,2807,2.0,-1,0
train/benign/melanoma_2462.jpg,train,benign,6868,90.0,1901,4.0,-1,0
train/benign/melanoma_2463.jpg,train,benign,2661,88.0,1135,4.0,-1,0
train/benign/melanoma_2464.jpg,train,benign,4834,78.0,1137,4.0,-1,0
train/benign/melanoma_2465.jpg,train,benign,3463,92.0,1146,0.0,-1,0
train/benign/melanoma_2466.jpg,train,benign,8553,86.0,1235,6.0,-1,0
train/benign/melanoma_2467.jpg,train,benign,9182,54.0,1236,2.0,-1,0
train/benign/melanoma_2468.jpg,train,benign,3487,78.0,1237,2.0,-1,0
train/benign/melanoma_2469.jpg,train,benign,5396,88.0,3634,0.0,-1,0
train/benign/melanoma_247.jpg,train,benign,1276,60.0,3465,2.0,-1,0
train/benign/melanoma_2470.jpg,train,benign,1276,74.0,1238,2.0,-1,0
train/benign/melanoma_2471.jpg,train,benign,8839,60.0,1239,0.0,-1,0
train/benign/melanoma_2472.jpg,train,benign,2402,76.0,1240,2.0,-1,0
train/benign/melanoma_2473.jpg,train,benign,164,88.0,2489,2.0,-1,0
train/benign/melanoma_2474.jpg,train,benign,7631,78.0,428,4.0,-1,0
train/benign/melanoma_2475.jpg,train,benign,7525,76.0,1241,2.0,-1,0
train/benign/melanoma_2476.jpg,train,benign,1647,42.0,1902,2.0,-1,0
train/benign/melanoma_2477.jpg,train,benign,6881,76.0,1242,8.0,-1,0
train/benign/melanoma_2478.jpg,train,benign,6961,84.0,1243,0.0,-1,0
train/benign/melanoma_2479.jpg,train,benign,1767,90.0,1244,4.0,-1,0
train/benign/melanoma_248.jpg,train,benign,4741,74.0,4168,4.0,-1,0
train/benign/melanoma_2480.jpg,train,benign,8751,74.0,3635,2.0,-1,0
train/benign/melanoma_2481.jpg,train,benign,5361,84.0,1147,2.0,-1,0
train/benign/melanoma_2482.jpg,train,benign,2595,76.0,1245,0.0,-1,0
train/benign/melanoma_2483.jpg,train,benign,973,88.0,1246,2.0,-1,0
train/benign/melanoma_2484.jpg,train,benign,773,82.0,1247,4.0,-1,0
train/benign/melanoma_2485.jpg,train,benign,1479,76.0,1248,4.0,-1,0
train/benign/melanoma_2486.jpg,train,benign,7384,82.0,2808,6.0,-1,0
train/benign/melanoma_2487.jpg,train,benign,7214,86.0,1249,2.0,-1,0
train/benign/melanoma_2488.jpg,train,benign,6775,84.0,1250,6.0,-1,0
train/benign/melanoma_2489.jpg,train,benign,9522,82.0,1903,4.0,-1,0
train/benign/melanoma_249.jpg,train,benign,6658,88.0,4169,2.0,-1,0
train/benign/melanoma_2490.jpg,train,benign,9076,68.0,1251,8.0,-1,0
train/benign/melanoma_2491.jpg,train,benign,6175,86.0,2572,2.0,-1,0
train/benign/melanoma_2492.jpg,train,benign,2084,90.0,1252,2.0,-1,0
train/benign/melanoma_2493.jpg,train,benign,7439,70.0,1253,4.0,-1,0
train/benign/melanoma_2494.jpg,train,benign,814,90.0,1254,2.0,-1,0
train/benign/melanoma_2495.jpg,train,benign,1170,86.0,1148,6.0,-1,0
train/benign/melanoma_2496.jpg,train,benign,7060,82.0,1255,2.0,-1,0
train/benign/melanoma_2497.jpg,train,benign,8738,86.0,1256,2.0,-1,0
train/benign/melanoma_2498.jpg,train,benign,6357,92.0,2809,6.0,-1,0
train/benign/melanoma_2499.jpg,train,benign,7482,94.0,1257,2.0,-1,0
train/benign/melanoma_25.jpg,train,benign,8840,56.0,2548,6.0,-1,0
train/benign/melanoma_250.jpg,train,benign,1167,72.0,4170,2.0,-1,0
train/benign/melanoma_2500.jpg,train,benign,75,72.0,1258,4.0,-1,0
train/benign/melanoma_2501.jpg,train,benign,6909,50.0,1259,0.0,-1,0
train/benign/melanoma_2502.jpg,train,benign,6683,62.0,1665,4.0,-1,0
train/benign/melanoma_2503.jpg,train,benign,7532,78.0,1904,4.0,-1,0
train/benign/melanoma_2504.jpg,train,benign,414,90.0,1260,4.0,-1,0
train/benign/melanoma_2505.jpg,train,benign,5122,82.0,1261,4.0,-1,0
train/benign/melanoma_2506.jpg,train,benign,6501,84.0,1262,4.0,-1,0
train/benign/melanoma_2507.jpg,train,benign,1345,68.0,1263,4.0,-1,0
train/benign/melanoma_2508.jpg,train,benign,5333,90.0,1264,2.0,-1,0
train/benign/melanoma_2509.jpg,train,benign,7546,76.0,1149,4.0,-1,0
train/benign/melanoma_251.jpg,train,benign,4389,68.0,4171,12.0,-1,-1
train/benign/melanoma_2510.jpg,train,benign,8706,80.0,2810,6.0,-1,0
train/benign/melanoma_2511.jpg,train,benign,7162,76.0,1265,4.0,-1,0
train/benign/melanoma_2512.jpg,train,benign,2971,88.0,1266,2.0,-1,0
train/benign/melanoma_2513.jpg,train,benign,2557,80.0,3636,2.0,-1,0
train/benign/melanoma_2514.jpg,train,benign,1843,88.0,1267,0.0,-1,0
train/benign/melanoma_2515.jpg,train,benign,4205,72.0,1268,2.0,-1,0
train/benign/melanoma_2516.jpg,train,benign,5571,90.0,1905,8.0,-1,0
train/benign/melanoma_2517.jpg,train,benign,8888,82.0,1269,0.0,-1,0
train/benign/melanoma_2518.jpg,train,benign,2265,80.0,1270,4.0,-1,0
train/benign/melanoma_2519.jpg,train,benign,1900,84.0,1271,2.0,-1,0
train/benign/melanoma_252.jpg,train,benign,783,88.0,2473,2.0,-1,0
train/benign/melanoma_2520.jpg,train,benign,1690,88.0,1272,2.0,-1,0
train/benign/melanoma_2521.jpg,train,benign,8561,86.0,1273,4.0,-1,0
train/benign/melanoma_2522.jpg,train,benign,9277,82.0,2811,4.0,-1,0
train/benign/melanoma_2523.jpg,train,benign,877,90.0,1274,2.0,-1,0
train/benign/melanoma_2524.jpg,train,benign,7065,62.0,3637,8.0,-1,0
train/benign/melanoma_2525.jpg,train,benign,2272,82.0,1150,4.0,-1,0
train/benign/melanoma_2526.jpg,train,benign,7545,76.0,1275,4.0,-1,0
train/benign/melanoma_2527.jpg,train,benign,7728,78.0,1276,2.0,-1,0
train/benign/melanoma_2528.jpg,train,benign,74,86.0,1277,6.0,-1,0
train/benign/melanoma_2529.jpg,train,benign,8185,94.0,1906,2.0,-1,0
train/benign/melanoma_253.jpg,train,benign,9594,66.0,2640,6.0,-1,0
train/benign/melanoma_2530.jpg,train,benign,2338,80.0,1278,4.0,-1,0
train/benign/melanoma_2531.jpg,train,benign,8949,48.0,1279,4.0,-1,0
train/benign/melanoma_2532.jpg,train,benign,2860,90.0,1280,0.0,-1,0
train/benign/melanoma_2533.jpg,train,benign,5219,80.0,1281,0.0,-1,0
train/benign/melanoma_2534.jpg,train,benign,2766,90.0,2812,0.0,-1,0
train/benign/melanoma_2535.jpg,train,benign,6962,50.0,3638,2.0,-1,0
train/benign/melanoma_2536.jpg,train,benign,6487,76.0,1282,2.0,-1,0
train/benign/melanoma_2537.jpg,train,benign,9387,60.0,1283,6.0,-1,0
train/benign/melanoma_2538.jpg,train,benign,2025,86.0,1284,2.0,-1,0
train/benign/melanoma_2539.jpg,train,benign,6201,72.0,1151,2.0,-1,0
train/benign/melanoma_254.jpg,train,benign,1468,68.0,1732,2.0,-1,0
train/benign/melanoma_2540.jpg,train,benign,8949,44.0,1285,2.0,-1,0
train/benign/melanoma_2541.jpg,train,benign,5577,88.0,1287,4.0,-1,0
train/benign/melanoma_2542.jpg,train,benign,2990,86.0,1907,2.0,-1,0
train/benign/melanoma_2543.jpg,train,benign,190,90.0,1288,0.0,-1,0
train/benign/melanoma_2544.jpg,train,benign,9182,70.0,1289,6.0,-1,0
train/benign/melanoma_2545.jpg,train,benign,6962,66.0,1290,2.0,-1,0
train/benign/melanoma_2546.jpg,train,benign,4841,76.0,3639,4.0,-1,0
train/benign/melanoma_2547.jpg,train,benign,5325,68.0,2813,0.0,-1,0
train/benign/melanoma_2548.jpg,train,benign,1995,86.0,1291,2.0,-1,0
train/benign/melanoma_2549.jpg,train,benign,2402,78.0,1292,0.0,-1,0
train/benign/melanoma_255.jpg,train,benign,7053,70.0,4090,6.0,-1,0
train/benign/melanoma_2550.jpg,train,benign,6862,80.0,1293,2.0,-1,0
train/benign/melanoma_2551.jpg,train,benign,7158,78.0,1294,2.0,-1,0
train/benign/melanoma_2552.jpg,train,benign,577,90.0,1295,4.0,-1,0
train/benign/melanoma_2553.jpg,train,benign,9494,84.0,1152,4.0,-1,0
train/benign/melanoma_2554.jpg,train,benign,9319,74.0,1296,0.0,-1,0
train/benign/melanoma_2555.jpg,train,benign,4959,90.0,1853,4.0,-1,0
train/benign/melanoma_2556.jpg,train,benign,1627,78.0,1297,2.0,-1,0
train/benign/melanoma_2557.jpg,train,benign,3873,76.0,3398,8.0,-1,0
train/benign/melanoma_2558.jpg,train,benign,6716,84.0,3640,2.0,-1,0
train/benign/melanoma_2559.jpg,train,benign,2443,54.0,1298,2.0,-1,0
train/benign/melanoma_256.jpg,train,benign,1293,88.0,4172,2.0,-1,0
train/benign/melanoma_2560.jpg,train,benign,1779,62.0,2814,4.0,-1,0
train/benign/melanoma_2561.jpg,train,benign,9073,68.0,1299,4.0,-1,0
train/benign/melanoma_2562.jpg,train,benign,7569,74.0,1300,2.0,-1,0
train/benign/melanoma_2563.jpg,train,benign,770,78.0,1301,4.0,-1,0
train/benign/melanoma_2564.jpg,train,benign,7545,62.0,1302,2.0,-1,0
train/benign/melanoma_2565.jpg,train,benign,3583,90.0,1303,0.0,-1,0
train/benign/melanoma_2566.jpg,train,benign,6224,62.0,1304,2.0,-1,0
train/benign/melanoma_2567.jpg,train,benign,7618,66.0,1305,0.0,-1,0
train/benign/melanoma_2568.jpg,train,benign,9089,76.0,1153,0.0,-1,0
train/benign/melanoma_2569.jpg,train,benign,2396,62.0,3641,2.0,-1,0
train/benign/melanoma_257.jpg,train,benign,8650,86.0,4173,2.0,-1,0
train/benign/melanoma_2570.jpg,train,benign,7186,80.0,1908,2.0,-1,0
train/benign/melanoma_2571.jpg,train,benign,9389,86.0,1306,2.0,-1,0
train/benign/melanoma_2572.jpg,train,benign,7517,54.0,2761,2.0,-1,0
train/benign/melanoma_2573.jpg,train,benign,8237,84.0,1307,2.0,-1,0
train/benign/melanoma_2574.jpg,train,benign,8501,62.0,1308,0.0,-1,0
train/benign/melanoma_2575.jpg,train,benign,5077,80.0,1309,6.0,-1,0
train/benign/melanoma_2576.jpg,train,benign,1767,54.0,1310,6.0,-1,0
train/benign/melanoma_2577.jpg,train,benign,508,80.0,1311,2.0,-1,0
train/benign/melanoma_2578.jpg,train,benign,9091,76.0,1312,6.0,-1,0
train/benign/melanoma_2579.jpg,train,benign,1913,92.0,1313,0.0,-1,0
train/benign/melanoma_258.jpg,train,benign,2427,94.0,3466,4.0,-1,0
train/benign/melanoma_2580.jpg,train,benign,7957,88.0,3642,0.0,-1,0
train/benign/melanoma_2581.jpg,train,benign,1729,72.0,1314,2.0,-1,0
train/benign/melanoma_2582.jpg,train,benign,7791,80.0,1315,6.0,-1,0
train/benign/melanoma_2583.jpg,train,benign,7244,66.0,1909,4.0,-1,0
train/benign/melanoma_2584.jpg,train,benign,662,50.0,2815,6.0,-1,0
train/benign/melanoma_2585.jpg,train,benign,9262,82.0,1154,2.0,-1,0
train/benign/melanoma_2586.jpg,train,benign,9336,82.0,1316,2.0,-1,0
train/benign/melanoma_2587.jpg,train,benign,7255,56.0,1317,2.0,-1,0
train/benign/melanoma_2588.jpg,train,benign,7632,76.0,1318,4.0,-1,0
train/benign/melanoma_2589.jpg,train,benign,3721,88.0,1319,4.0,-1,0
train/benign/melanoma_259.jpg,train,benign,1153,92.0,4174,0.0,-1,0
train/benign/melanoma_2590.jpg,train,benign,9427,92.0,1320,2.0,-1,0
train/benign/melanoma_2591.jpg,train,benign,7156,76.0,3643,2.0,-1,0
train/benign/melanoma_2592.jpg,train,benign,6407,92.0,1321,2.0,-1,0
train/benign/melanoma_2593.jpg,train,benign,7636,52.0,1322,6.0,-1,0
train/benign/melanoma_2594.jpg,train,benign,1603,90.0,1323,2.0,-1,0
train/benign/melanoma_2595.jpg,train,benign,8559,78.0,1324,8.0,-1,0
train/benign/melanoma_2596.jpg,train,benign,7636,66.0,2450,2.0,-1,0
train/benign/melanoma_2597.jpg,train,benign,75,54.0,2490,4.0,-1,0
train/benign/melanoma_2598.jpg,train,benign,9235,86.0,2816,0.0,-1,0
train/benign/melanoma_2599.jpg,train,benign,6725,86.0,438,10.0,-1,0
train/benign/melanoma_26.jpg,train,benign,7736,84.0,4009,2.0,-1,0
train/benign/melanoma_260.jpg,train,benign,8949,56.0,4175,6.0,-1,0
train/benign/melanoma_2600.jpg,train,benign,9110,90.0,1910,4.0,-1,0
train/benign/melanoma_2601.jpg,train,benign,3739,84.0,1325,2.0,-1,0
train/benign/melanoma_2602.jpg,train,benign,4486,94.0,3582,2.0,-1,0
train/benign/melanoma_2603.jpg,train,benign,7494,72.0,1155,4.0,-1,0
train/benign/melanoma_2604.jpg,train,benign,7786,86.0,1326,4.0,-1,0
train/benign/melanoma_2605.jpg,train,benign,7548,84.0,1327,4.0,-1,0
train/benign/melanoma_2606.jpg,train,benign,8996,56.0,1328,0.0,-1,0
train/benign/melanoma_2607.jpg,train,benign,1170,66.0,1329,2.0,-1,0
train/benign/melanoma_2608.jpg,train,benign,7920,74.0,1331,2.0,-1,0
train/benign/melanoma_2609.jpg,train,benign,6222,86.0,1332,2.0,-1,0
train/benign/melanoma_261.jpg,train,benign,9175,86.0,4176,2.0,-1,0
train/benign/melanoma_2610.jpg,train,benign,4931,86.0,465,4.0,-1,0
train/benign/melanoma_2611.jpg,train,benign,2181,88.0,1334,8.0,-1,0
train/benign/melanoma_2612.jpg,train,benign,3377,90.0,1335,4.0,-1,0
train/benign/melanoma_2613.jpg,train,benign,7060,84.0,443,4.0,-1,0
train/benign/melanoma_2614.jpg,train,benign,9447,76.0,1911,2.0,-1,0
train/benign/melanoma_2615.jpg,train,benign,7244,68.0,1336,2.0,-1,0
train/benign/melanoma_2616.jpg,train,benign,1779,70.0,1337,0.0,-1,0
train/benign/melanoma_2617.jpg,train,benign,8469,74.0,1138,0.0,-1,0
train/benign/melanoma_2618.jpg,train,benign,4399,86.0,1156,4.0,-1,0
train/benign/melanoma_2619.jpg,train,benign,4329,76.0,1338,6.0,-1,0
train/benign/melanoma_262.jpg,train,benign,7515,62.0,4177,4.0,-1,0
train/benign/melanoma_2620.jpg,train,benign,1790,80.0,1157,0.0,-1,0
train/benign/melanoma_2621.jpg,train,benign,7763,82.0,1158,2.0,-1,0
train/benign/melanoma_2622.jpg,train,benign,7744,62.0,2817,6.0,-1,0
train/benign/melanoma_2623.jpg,train,benign,6924,64.0,1159,0.0,-1,0
train/benign/melanoma_2624.jpg,train,benign,6778,70.0,2573,2.0,-1,0
train/benign/melanoma_2625.jpg,train,benign,115,76.0,1160,2.0,-1,0
train/benign/melanoma_2626.jpg,train,benign,6681,82.0,1161,6.0,-1,0
train/benign/melanoma_2627.jpg,train,benign,4245,66.0,1912,2.0,-1,0
train/benign/melanoma_2628.jpg,train,benign,1418,88.0,1162,2.0,-1,0
train/benign/melanoma_2629.jpg,train,benign,9651,74.0,1163,2.0,-1,0
train/benign/melanoma_263.jpg,train,benign,8644,86.0,4178,2.0,-1,0
train/benign/melanoma_2630.jpg,train,benign,5261,84.0,1164,6.0,-1,0
train/benign/melanoma_2631.jpg,train,benign,6693,58.0,1165,2.0,-1,0
train/benign/melanoma_2632.jpg,train,benign,32,84.0,1139,6.0,-1,0
train/benign/melanoma_2633.jpg,train,benign,5696,86.0,1166,2.0,-1,0
train/benign/melanoma_2634.jpg,train,benign,7922,54.0,2818,4.0,-1,0
train/benign/melanoma_2635.jpg,train,benign,804,92.0,3644,2.0,-1,0
train/benign/melanoma_2636.jpg,train,benign,2995,84.0,1167,0.0,-1,0
train/benign/melanoma_2637.jpg,train,benign,3866,90.0,1168,4.0,-1,0
train/benign/melanoma_2638.jpg,train,benign,8033,90.0,1169,2.0,-1,0
train/benign/melanoma_2639.jpg,train,benign,7515,72.0,1170,4.0,-1,0
train/benign/melanoma_264.jpg,train,benign,349,80.0,4179,6.0,-1,0
train/benign/melanoma_2640.jpg,train,benign,9883,80.0,1913,2.0,-1,0
train/benign/melanoma_2641.jpg,train,benign,2402,70.0,1171,2.0,-1,0
train/benign/melanoma_2642.jpg,train,benign,8973,90.0,1172,10.0,-1,0
train/benign/melanoma_2643.jpg,train,benign,7807,78.0,1173,0.0,-1,0
train/benign/melanoma_2644.jpg,train,benign,7944,64.0,1174,4.0,-1,0
train/benign/melanoma_2645.jpg,train,benign,6409,78.0,1175,4.0,-1,0
train/benign/melanoma_2646.jpg,train,benign,7856,56.0,1666,4.0,-1,0
train/benign/melanoma_2647.jpg,train,benign,6531,84.0,2819,6.0,-1,0
train/benign/melanoma_2648.jpg,train,benign,1355,80.0,1140,0.0,-1,0
train/benign/melanoma_2649.jpg,train,benign,5022,80.0,1176,6.0,-1,0
train/benign/melanoma_265.jpg,train,benign,7545,58.0,2641,4.0,-1,0
train/benign/melanoma_2650.jpg,train,benign,6218,82.0,1177,2.0,-1,0
train/benign/melanoma_2651.jpg,train,benign,3671,72.0,1178,6.0,-1,0
train/benign/melanoma_2652.jpg,train,benign,1583,82.0,1179,0.0,-1,0
train/benign/melanoma_2653.jpg,train,benign,9026,82.0,1914,6.0,-1,0
train/benign/melanoma_2654.jpg,train,benign,6231,92.0,1180,2.0,-1,0
train/benign/melanoma_2655.jpg,train,benign,7281,88.0,1181,8.0,-1,0
train/benign/melanoma_2656.jpg,train,benign,8949,64.0,1182,2.0,-1,0
train/benign/melanoma_2657.jpg,train,benign,7133,76.0,3645,2.0,-1,0
train/benign/melanoma_2658.jpg,train,benign,3693,86.0,1183,2.0,-1,0
train/benign/melanoma_2659.jpg,train,benign,4645,82.0,2820,4.0,-1,0
train/benign/melanoma_266.jpg,train,benign,6640,90.0,4180,2.0,-1,0
train/benign/melanoma_2660.jpg,train,benign,168,94.0,1184,2.0,-1,0
train/benign/melanoma_2661.jpg,train,benign,5116,90.0,1185,2.0,-1,0
train/benign/melanoma_2662.jpg,train,benign,1432,86.0,1141,4.0,-1,0
train/benign/melanoma_2663.jpg,train,benign,9623,86.0,1186,2.0,-1,0
train/benign/melanoma_2664.jpg,train,benign,5547,92.0,1187,8.0,-1,0
train/benign/melanoma_2665.jpg,train,benign,6191,84.0,1188,2.0,-1,0
train/benign/melanoma_2666.jpg,train,benign,6765,76.0,1915,2.0,-1,0
train/benign/melanoma_2667.jpg,train,benign,1288,70.0,1189,4.0,-1,0
train/benign/melanoma_2668.jpg,train,benign,5395,88.0,3371,2.0,-1,0
train/benign/melanoma_2669.jpg,train,benign,9806,88.0,3646,6.0,-1,0
train/benign/melanoma_267.jpg,train,benign,8751,66.0,553,2.0,-1,0
train/benign/melanoma_2670.jpg,train,benign,2444,54.0,1190,4.0,-1,0
train/benign/melanoma_2671.jpg,train,benign,2416,80.0,1191,6.0,-1,0
train/benign/melanoma_2672.jpg,train,benign,1903,90.0,2821,4.0,-1,0
train/benign/melanoma_2673.jpg,train,benign,811,84.0,1192,2.0,-1,0
train/benign/melanoma_2674.jpg,train,benign,95,94.0,1193,4.0,-1,0
train/benign/melanoma_2675.jpg,train,benign,2321,94.0,1194,2.0,-1,0
train/benign/melanoma_2676.jpg,train,benign,6190,92.0,1195,2.0,-1,0
train/benign/melanoma_2677.jpg,train,benign,4669,80.0,1142,2.0,-1,0
train/benign/melanoma_2678.jpg,train,benign,6218,90.0,1196,4.0,-1,0
train/benign/melanoma_2679.jpg,train,benign,1306,96.0,1197,0.0,-1,0
train/benign/melanoma_268.jpg,train,benign,7807,84.0,1651,6.0,-1,0
train/benign/melanoma_2680.jpg,train,benign,2625,90.0,3648,0.0,-1,0
train/benign/melanoma_2681.jpg,train,benign,6743,68.0,1916,6.0,-1,0
train/benign/melanoma_2682.jpg,train,benign,402,90.0,1198,4.0,-1,0
train/benign/melanoma_2683.jpg,train,benign,9204,78.0,1199,2.0,-1,0
train/benign/melanoma_2684.jpg,train,benign,4908,90.0,2822,2.0,-1,0
train/benign/melanoma_2685.jpg,train,benign,8839,68.0,1200,6.0,-1,0
train/benign/melanoma_2686.jpg,train,benign,4928,88.0,1201,4.0,-1,0
train/benign/melanoma_2687.jpg,train,benign,847,80.0,1202,4.0,-1,0
train/benign/melanoma_2688.jpg,train,benign,7200,78.0,1203,2.0,-1,0
train/benign/melanoma_2689.jpg,train,benign,1729,88.0,1204,2.0,-1,0
train/benign/melanoma_269.jpg,train,benign,8839,82.0,3467,4.0,-1,0
train/benign/melanoma_2690.jpg,train,benign,8949,56.0,1205,6.0,-1,0
train/benign/melanoma_2691.jpg,train,benign,9652,90.0,3649,4.0,-1,0
train/benign/melanoma_2692.jpg,train,benign,7587,74.0,1143,0.0,-1,0
train/benign/melanoma_2693.jpg,train,benign,1276,74.0,1206,6.0,-1,0
train/benign/melanoma_2694.jpg,train,benign,9369,74.0,1917,6.0,-1,0
train/benign/melanoma_2695.jpg,train,benign,2585,86.0,1207,2.0,-1,0
train/benign/melanoma_2696.jpg,train,benign,6864,80.0,2823,6.0,-1,0
train/benign/melanoma_2697.jpg,train,benign,2733,80.0,1208,6.0,-1,0
train/benign/melanoma_2698.jpg,train,benign,2440,86.0,1209,12.0,-1,-1
train/benign/melanoma_2699.jpg,train,benign,8662,80.0,1210,2.0,-1,0
train/benign/melanoma_27.jpg,train,benign,7146,92.0,3983,2.0,-1,0
train/benign/melanoma_270.jpg,train,benign,9496,74.0,4181,2.0,-1,0
train/benign/melanoma_2700.jpg,train,benign,850,68.0,1211,4.0,-1,0
train/benign/melanoma_2701.jpg,train,benign,9195,56.0,1212,2.0,-1,0
train/benign/melanoma_2702.jpg,train,benign,8110,56.0,3650,2.0,-1,0
train/benign/melanoma_2703.jpg,train,benign,594,92.0,978,2.0,-1,0
train/benign/melanoma_2704.jpg,train,benign,6256,80.0,1213,2.0,-1,0
train/benign/melanoma_2705.jpg,train,benign,54,86.0,1214,10.0,-1,0
train/benign/melanoma_2706.jpg,train,benign,7356,62.0,1144,2.0,-1,0
train/benign/melanoma_2707.jpg,train,benign,484,88.0,1854,6.0,-1,0
train/benign/melanoma_2708.jpg,train,benign,7439,86.0,2824,2.0,-1,0
train/benign/melanoma_2709.jpg,train,benign,1647,68.0,1215,8.0,-1,0
train/benign/melanoma_271.jpg,train,benign,2621,78.0,4183,6.0,-1,0
train/benign/melanoma_2710.jpg,train,benign,1786,54.0,1216,4.0,-1,0
train/benign/melanoma_2711.jpg,train,benign,58,86.0,1217,2.0,-1,0
train/benign/melanoma_2712.jpg,train,benign,7461,82.0,1218,2.0,-1,0
train/benign/melanoma_2713.jpg,train,benign,1624,86.0,3651,4.0,-1,0
train/benign/melanoma_2714.jpg,train,benign,5904,80.0,1219,2.0,-1,0
train/benign/melanoma_2715.jpg,train,benign,7864,88.0,1220,2.0,-1,0
train/benign/melanoma_2716.jpg,train,benign,7190,54.0,1221,0.0,-1,0
train/benign/melanoma_2717.jpg,train,benign,9239,82.0,1222,4.0,-1,0
train/benign/melanoma_2718.jpg,train,benign,6380,88.0,1223,6.0,-1,0
train/benign/melanoma_2719.jpg,train,benign,1339,86.0,1224,6.0,-1,0
train/benign/melanoma_272.jpg,train,benign,8894,58.0,4192,2.0,-1,0
train/benign/melanoma_2720.jpg,train,benign,7255,78.0,2454,4.0,-1,0
train/benign/melanoma_2721.jpg,train,benign,7410,90.0,2762,2.0,-1,0
train/benign/melanoma_2722.jpg,train,benign,190,88.0,1918,0.0,-1,0
train/benign/melanoma_2723.jpg,train,benign,4928,96.0,1145,4.0,-1,0
train/benign/melanoma_2724.jpg,train,benign,7618,84.0,3652,6.0,-1,0
train/benign/melanoma_2725.jpg,train,benign,7454,60.0,1225,0.0,-1,0
train/benign/melanoma_2726.jpg,train,benign,7166,92.0,1226,2.0,-1,0
train/benign/melanoma_2727.jpg,train,benign,7394,82.0,1227,2.0,-1,0
train/benign/melanoma_2728.jpg,train,benign,9533,68.0,1228,4.0,-1,0
train/benign/melanoma_2729.jpg,train,benign,3437,82.0,1229,2.0,-1,0
train/benign/melanoma_273.jpg,train,benign,2916,64.0,4284,2.0,-1,0
train/benign/melanoma_2730.jpg,train,benign,3943,74.0,1230,0.0,-1,0
train/benign/melanoma_2731.jpg,train,benign,6696,66.0,1231,0.0,-1,0
train/benign/melanoma_2732.jpg,train,benign,8583,88.0,1232,2.0,-1,0
train/benign/melanoma_2733.jpg,train,benign,7333,80.0,2825,2.0,-1,0
train/benign/melanoma_2734.jpg,train,benign,2990,90.0,1233,6.0,-1,0
train/benign/melanoma_2735.jpg,train,benign,9613,82.0,3653,2.0,-1,0
train/benign/melanoma_2736.jpg,train,benign,2954,90.0,570,10.0,-1,0
train/benign/melanoma_2737.jpg,train,benign,570,86.0,1919,2.0,-1,0
train/benign/melanoma_2738.jpg,train,benign,6224,70.0,1234,4.0,-1,0
train/benign/melanoma_2739.jpg,train,benign,2544,66.0,1339,4.0,-1,0
train/benign/melanoma_274.jpg,train,benign,9371,90.0,4193,4.0,-1,0
train/benign/melanoma_2740.jpg,train,benign,695,92.0,1348,0.0,-1,0
train/benign/melanoma_2741.jpg,train,benign,5795,84.0,1440,2.0,-1,0
train/benign/melanoma_2742.jpg,train,benign,349,78.0,1349,4.0,-1,0
train/benign/melanoma_2743.jpg,train,benign,2267,70.0,1350,0.0,-1,0
train/benign/melanoma_2744.jpg,train,benign,6763,74.0,1351,6.0,-1,0
train/benign/melanoma_2745.jpg,train,benign,8917,88.0,466,2.0,-1,0
train/benign/melanoma_2746.jpg,train,benign,7556,60.0,2574,0.0,-1,0
train/benign/melanoma_2747.jpg,train,benign,7375,56.0,1352,8.0,-1,0
train/benign/melanoma_2748.jpg,train,benign,2519,94.0,1353,0.0,-1,0
train/benign/melanoma_2749.jpg,train,benign,1570,84.0,1354,6.0,-1,0
train/benign/melanoma_275.jpg,train,benign,9205,54.0,4194,2.0,-1,0
train/benign/melanoma_2750.jpg,train,benign,4395,82.0,1920,2.0,-1,0
train/benign/melanoma_2751.jpg,train,benign,6962,68.0,1355,4.0,-1,0
train/benign/melanoma_2752.jpg,train,benign,677,84.0,1356,2.0,-1,0
train/benign/melanoma_2753.jpg,train,benign,9143,72.0,1357,4.0,-1,0
train/benign/melanoma_2754.jpg,train,benign,2402,74.0,1340,8.0,-1,0
train/benign/melanoma_2755.jpg,train,benign,7912,70.0,1358,0.0,-1,0
train/benign/melanoma_2756.jpg,train,benign,7076,76.0,1359,4.0,-1,0
train/benign/melanoma_2757.jpg,train,benign,7181,62.0,3654,10.0,-1,0
train/benign/melanoma_2758.jpg,train,benign,8652,84.0,2826,2.0,-1,0
train/benign/melanoma_2759.jpg,train,benign,2265,72.0,1360,4.0,-1,0
train/benign/melanoma_276.jpg,train,benign,6434,92.0,4195,2.0,-1,0
train/benign/melanoma_2760.jpg,train,benign,5293,86.0,1361,2.0,-1,0
train/benign/melanoma_2761.jpg,train,benign,806,92.0,1362,2.0,-1,0
train/benign/melanoma_2762.jpg,train,benign,8087,84.0,1363,4.0,-1,0
train/benign/melanoma_2763.jpg,train,benign,6981,68.0,1921,2.0,-1,0
train/benign/melanoma_2764.jpg,train,benign,1393,60.0,1364,4.0,-1,0
train/benign/melanoma_2765.jpg,train,benign,2130,82.0,1365,4.0,-1,0
train/benign/melanoma_2766.jpg,train,benign,9265,46.0,1366,4.0,-1,0
train/benign/melanoma_2767.jpg,train,benign,6652,92.0,1367,2.0,-1,0
train/benign/melanoma_2768.jpg,train,benign,1456,92.0,3583,2.0,-1,0
train/benign/melanoma_2769.jpg,train,benign,9505,88.0,1341,2.0,-1,0
train/benign/melanoma_277.jpg,train,benign,8604,74.0,449,0.0,-1,0
train/benign/melanoma_2770.jpg,train,benign,4259,82.0,2827,2.0,-1,0
train/benign/melanoma_2771.jpg,train,benign,7296,78.0,1368,4.0,-1,0
train/benign/melanoma_2772.jpg,train,benign,7035,72.0,1369,4.0,-1,0
train/benign/melanoma_2773.jpg,train,benign,9345,70.0,1370,6.0,-1,0
train/benign/melanoma_2774.jpg,train,benign,8017,56.0,1371,2.0,-1,0
train/benign/melanoma_2775.jpg,train,benign,1737,80.0,1372,0.0,-1,0
train/benign/melanoma_2776.jpg,train,benign,3627,92.0,1922,2.0,-1,0
train/benign/melanoma_2777.jpg,train,benign,9131,68.0,1373,2.0,-1,0
train/benign/melanoma_2778.jpg,train,benign,4666,90.0,1374,0.0,-1,0
train/benign/melanoma_2779.jpg,train,benign,7666,90.0,3399,0.0,-1,0
train/benign/melanoma_278.jpg,train,benign,7197,60.0,4196,6.0,-1,0
train/benign/melanoma_2780.jpg,train,benign,4607,76.0,1667,2.0,-1,0
train/benign/melanoma_2781.jpg,train,benign,77,76.0,1375,2.0,-1,0
train/benign/melanoma_2782.jpg,train,benign,8760,70.0,1376,4.0,-1,0
train/benign/melanoma_2783.jpg,train,benign,118,44.0,2828,0.0,-1,0
train/benign/melanoma_2784.jpg,train,benign,2367,84.0,1377,4.0,-1,0
train/benign/melanoma_2785.jpg,train,benign,1393,60.0,1342,4.0,-1,0
train/benign/melanoma_2786.jpg,train,benign,6956,84.0,1378,2.0,-1,0
train/benign/melanoma_2787.jpg,train,benign,6771,84.0,1379,2.0,-1,0
train/benign/melanoma_2788.jpg,train,benign,2564,86.0,1380,4.0,-1,0
train/benign/melanoma_2789.jpg,train,benign,8847,82.0,1381,2.0,-1,0
train/benign/melanoma_279.jpg,train,benign,2531,80.0,4197,6.0,-1,0
train/benign/melanoma_2790.jpg,train,benign,3347,80.0,1923,2.0,-1,0
train/benign/melanoma_2791.jpg,train,benign,178,92.0,3655,4.0,-1,0
train/benign/melanoma_2792.jpg,train,benign,27,94.0,1382,0.0,-1,0
train/benign/melanoma_2793.jpg,train,benign,6763,82.0,1383,4.0,-1,0
train/benign/melanoma_2794.jpg,train,benign,6435,90.0,1384,2.0,-1,0
train/benign/melanoma_2795.jpg,train,benign,1604,90.0,2829,2.0,-1,0
train/benign/melanoma_2796.jpg,train,benign,9040,86.0,1385,2.0,-1,0
train/benign/melanoma_2797.jpg,train,benign,7879,74.0,1386,2.0,-1,0
train/benign/melanoma_2798.jpg,train,benign,8652,60.0,1387,2.0,-1,0
train/benign/melanoma_2799.jpg,train,benign,1385,74.0,1343,2.0,-1,0
train/benign/melanoma_28.jpg,train,benign,9549,84.0,4010,2.0,-1,0
train/benign/melanoma_280.jpg,train,benign,1209,90.0,2550,2.0,-1,0
train/benign/melanoma_2800.jpg,train,benign,8697,86.0,1388,2.0,-1,0
train/benign/melanoma_2801.jpg,train,benign,6541,78.0,1389,2.0,-1,0
train/benign/melanoma_2802.jpg,train,benign,6899,82.0,3656,2.0,-1,0
train/benign/melanoma_2803.jpg,train,benign,9261,70.0,1390,6.0,-1,0
train/benign/melanoma_2804.jpg,train,benign,9039,64.0,1924,2.0,-1,0
train/benign/melanoma_2805.jpg,train,benign,1263,80.0,1391,4.0,-1,0
train/benign/melanoma_2806.jpg,train,benign,8889,70.0,1392,4.0,-1,0
train/benign/melanoma_2807.jpg,train,benign,8685,88.0,2831,4.0,-1,0
train/benign/melanoma_2808.jpg,train,benign,1778,78.0,1393,0.0,-1,0
train/benign/melanoma_2809.jpg,train,benign,4578,84.0,1394,4.0,-1,0
train/benign/melanoma_281.jpg,train,benign,9447,78.0,4198,4.0,-1,0
train/benign/melanoma_2810.jpg,train,benign,8681,72.0,1395,2.0,-1,0
train/benign/melanoma_2811.jpg,train,benign,7389,78.0,1396,2.0,-1,0
train/benign/melanoma_2812.jpg,train,benign,8057,86.0,1397,2.0,-1,0
train/benign/melanoma_2813.jpg,train,benign,666,84.0,3657,2.0,-1,0
train/benign/melanoma_2814.jpg,train,benign,2402,68.0,1344,4.0,-1,0
train/benign/melanoma_2815.jpg,train,benign,1541,82.0,1398,12.0,-1,-1
train/benign/melanoma_2816.jpg,train,benign,4598,86.0,1399,6.0,-1,0
train/benign/melanoma_2817.jpg,train,benign,4959,76.0,1925,2.0,-1,0
train/benign/melanoma_2818.jpg,train,benign,7139,86.0,1400,2.0,-1,0
train/benign/melanoma_2819.jpg,train,benign,1396,88.0,2832,4.0,-1,0
train/benign/melanoma_282.jpg,train,benign,4235,84.0,1733,10.0,-1,0
train/benign/melanoma_2820.jpg,train,benign,35,82.0,1401,4.0,-1,0
train/benign/melanoma_2821.jpg,train,benign,7205,72.0,1402,2.0,-1,0
train/benign/melanoma_2822.jpg,train,benign,9640,92.0,1403,2.0,-1,0
train/benign/melanoma_2823.jpg,train,benign,6725,76.0,1404,4.0,-1,0
train/benign/melanoma_2824.jpg,train,benign,3546,78.0,3658,4.0,-1,0
train/benign/melanoma_2825.jpg,train,benign,5018,84.0,1405,0.0,-1,0
train/benign/melanoma_2826.jpg,train,benign,7149,76.0,1406,2.0,-1,0
train/benign/melanoma_2827.jpg,train,benign,1700,86.0,1407,6.0,-1,0
train/benign/melanoma_2828.jpg,train,benign,6538,92.0,1345,0.0,-1,0
train/benign/melanoma_2829.jpg,train,benign,7065,84.0,1408,4.0,-1,0
train/benign/melanoma_283.jpg,train,benign,1713,88.0,4199,2.0,-1,0
train/benign/melanoma_2830.jpg,train,benign,2953,84.0,1926,2.0,-1,0
train/benign/melanoma_2831.jpg,train,benign,4598,90.0,2833,4.0,-1,0
train/benign/melanoma_2832.jpg,train,benign,5162,90.0,1409,2.0,-1,0
train/benign/melanoma_2833.jpg,train,benign,5061,94.0,1410,2.0,-1,0
train/benign/melanoma_2834.jpg,train,benign,7670,62.0,1411,4.0,-1,0
train/benign/melanoma_2835.jpg,train,benign,6684,80.0,3659,0.0,-1,0
train/benign/melanoma_2836.jpg,train,benign,8030,74.0,1412,0.0,-1,0
train/benign/melanoma_2837.jpg,train,benign,9244,72.0,1413,6.0,-1,0
train/benign/melanoma_2838.jpg,train,benign,2544,80.0,1414,4.0,-1,0
train/benign/melanoma_2839.jpg,train,benign,6838,80.0,1415,2.0,-1,0
train/benign/melanoma_284.jpg,train,benign,7163,76.0,4200,2.0,-1,0
train/benign/melanoma_2840.jpg,train,benign,2546,78.0,1416,2.0,-1,0
train/benign/melanoma_2841.jpg,train,benign,9151,80.0,1417,2.0,-1,0
train/benign/melanoma_2842.jpg,train,benign,8748,78.0,1346,4.0,-1,0
train/benign/melanoma_2843.jpg,train,benign,823,86.0,2491,2.0,-1,0
train/benign/melanoma_2844.jpg,train,benign,6983,86.0,2834,8.0,-1,0
train/benign/melanoma_2845.jpg,train,benign,1540,80.0,1927,4.0,-1,0
train/benign/melanoma_2846.jpg,train,benign,6767,74.0,3660,4.0,-1,0
train/benign/melanoma_2847.jpg,train,benign,1324,82.0,1418,8.0,-1,0
train/benign/melanoma_2848.jpg,train,benign,9205,30.0,1419,2.0,-1,0
train/benign/melanoma_2849.jpg,train,benign,7588,78.0,1420,2.0,-1,0
train/benign/melanoma_285.jpg,train,benign,9123,88.0,4201,2.0,-1,0
train/benign/melanoma_2850.jpg,train,benign,3697,78.0,1422,0.0,-1,0
train/benign/melanoma_2851.jpg,train,benign,5681,76.0,1423,2.0,-1,0
train/benign/melanoma_2852.jpg,train,benign,8971,80.0,1424,4.0,-1,0
train/benign/melanoma_2853.jpg,train,benign,614,90.0,1425,2.0,-1,0
train/benign/melanoma_2854.jpg,train,benign,6818,94.0,1426,2.0,-1,0
train/benign/melanoma_2855.jpg,train,benign,4968,80.0,1427,4.0,-1,0
train/benign/melanoma_2856.jpg,train,benign,9594,78.0,2835,0.0,-1,0
train/benign/melanoma_2857.jpg,train,benign,421,90.0,3661,6.0,-1,0
train/benign/melanoma_2858.jpg,train,benign,5017,86.0,1428,2.0,-1,0
train/benign/melanoma_2859.jpg,train,benign,7070,70.0,1855,4.0,-1,0
train/benign/melanoma_286.jpg,train,benign,8709,88.0,4184,2.0,-1,0
train/benign/melanoma_2860.jpg,train,benign,4298,88.0,1347,10.0,-1,0
train/benign/melanoma_2861.jpg,train,benign,4007,74.0,1429,2.0,-1,0
train/benign/melanoma_2862.jpg,train,benign,196,76.0,1430,4.0,-1,0
train/benign/melanoma_2863.jpg,train,benign,7190,74.0,1431,6.0,-1,0
train/benign/melanoma_2864.jpg,train,benign,2564,90.0,1432,2.0,-1,0
train/benign/melanoma_2865.jpg,train,benign,4267,90.0,1434,6.0,-1,0
train/benign/melanoma_2866.jpg,train,benign,9361,72.0,1435,4.0,-1,0
train/benign/melanoma_2867.jpg,train,benign,1931,86.0,1436,4.0,-1,0
train/benign/melanoma_2868.jpg,train,benign,9095,84.0,2575,8.0,-1,0
train/benign/melanoma_2869.jpg,train,benign,9447,82.0,2763,6.0,-1,0
train/benign/melanoma_287.jpg,train,benign,8228,78.0,4202,4.0,-1,0
train/benign/melanoma_2870.jpg,train,benign,1785,78.0,1437,4.0,-1,0
train/benign/melanoma_2871.jpg,train,benign,3797,80.0,1438,2.0,-1,0
train/benign/melanoma_2872.jpg,train,benign,9251,60.0,571,2.0,-1,0
train/benign/melanoma_2873.jpg,train,benign,7829,76.0,1928,0.0,-1,0
train/benign/melanoma_2874.jpg,train,benign,1170,76.0,1439,6.0,-1,0
train/benign/melanoma_2875.jpg,train,benign,7241,72.0,1441,2.0,-1,0
train/benign/melanoma_2876.jpg,train,benign,5903,78.0,1450,4.0,-1,0
train/benign/melanoma_2877.jpg,train,benign,8865,52.0,1541,6.0,-1,0
train/benign/melanoma_2878.jpg,train,benign,3842,84.0,1451,2.0,-1,0
train/benign/melanoma_2879.jpg,train,benign,3449,86.0,3662,4.0,-1,0
train/benign/melanoma_288.jpg,train,benign,7985,96.0,4203,6.0,-1,0
train/benign/melanoma_2880.jpg,train,benign,2557,78.0,1452,12.0,-1,-1
train/benign/melanoma_2881.jpg,train,benign,6974,42.0,467,2.0,-1,0
train/benign/melanoma_2882.jpg,train,benign,8865,54.0,1453,0.0,-1,0
train/benign/melanoma_2883.jpg,train,benign,3599,86.0,1454,4.0,-1,0
train/benign/melanoma_2884.jpg,train,benign,4570,76.0,1455,0.0,-1,0
train/benign/melanoma_2885.jpg,train,benign,6115,58.0,1456,4.0,-1,0
train/benign/melanoma_2886.jpg,train,benign,326,84.0,1929,0.0,-1,0
train/benign/melanoma_2887.jpg,train,benign,597,86.0,1457,0.0,-1,0
train/benign/melanoma_2888.jpg,train,benign,2100,70.0,1458,2.0,-1,0
train/benign/melanoma_2889.jpg,train,benign,1393,54.0,1459,4.0,-1,0
train/benign/melanoma_289.jpg,train,benign,7790,78.0,2561,2.0,-1,0
train/benign/melanoma_2890.jpg,train,benign,7545,56.0,2542,2.0,-1,0
train/benign/melanoma_2891.jpg,train,benign,9038,86.0,3663,0.0,-1,0
train/benign/melanoma_2892.jpg,train,benign,3148,64.0,1442,2.0,-1,0
train/benign/melanoma_2893.jpg,train,benign,968,90.0,1460,6.0,-1,0
train/benign/melanoma_2894.jpg,train,benign,6379,86.0,2836,4.0,-1,0
train/benign/melanoma_2895.jpg,train,benign,4511,86.0,1461,10.0,-1,0
train/benign/melanoma_2896.jpg,train,benign,2579,84.0,1462,8.0,-1,0
train/benign/melanoma_2897.jpg,train,benign,54,66.0,1463,6.0,-1,0
train/benign/melanoma_2898.jpg,train,benign,3052,74.0,1464,4.0,-1,0
train/benign/melanoma_2899.jpg,train,benign,1301,92.0,1465,4.0,-1,0
train/benign/melanoma_29.jpg,train,benign,6421,90.0,4011,4.0,-1,0
train/benign/melanoma_290.jpg,train,benign,1111,96.0,4204,0.0,-1,0
train/benign/melanoma_2900.jpg,train,benign,7298,68.0,1930,4.0,-1,0
train/benign/melanoma_2901.jpg,train,benign,8784,78.0,1466,10.0,-1,0
train/benign/melanoma_2902.jpg,train,benign,8402,78.0,3664,4.0,-1,0
train/benign/melanoma_2903.jpg,train,benign,1201,92.0,1467,0.0,-1,0
train/benign/melanoma_2904.jpg,train,benign,3654,74.0,1468,2.0,-1,0
train/benign/melanoma_2905.jpg,train,benign,2493,90.0,1469,4.0,-1,0
train/benign/melanoma_2906.jpg,train,benign,2907,78.0,2837,6.0,-1,0
train/benign/melanoma_2907.jpg,train,benign,1573,92.0,1443,2.0,-1,0
train/benign/melanoma_2908.jpg,train,benign,2562,94.0,1470,2.0,-1,0
train/benign/melanoma_2909.jpg,train,benign,6852,86.0,1471,2.0,-1,0
train/benign/melanoma_291.jpg,train,benign,8949,72.0,3468,4.0,-1,0
train/benign/melanoma_2910.jpg,train,benign,4474,84.0,1472,0.0,-1,0
train/benign/melanoma_2911.jpg,train,benign,6115,72.0,1473,8.0,-1,0
train/benign/melanoma_2912.jpg,train,benign,6807,64.0,1474,2.0,-1,0
train/benign/melanoma_2913.jpg,train,benign,662,60.0,1668,4.0,-1,0
train/benign/melanoma_2914.jpg,train,benign,8190,84.0,1931,2.0,-1,0
train/benign/melanoma_2915.jpg,train,benign,4741,88.0,1475,2.0,-1,0
train/benign/melanoma_2916.jpg,train,benign,394,94.0,1476,2.0,-1,0
train/benign/melanoma_2917.jpg,train,benign,7424,84.0,1477,2.0,-1,0
train/benign/melanoma_2918.jpg,train,benign,897,86.0,2838,2.0,-1,0
train/benign/melanoma_2919.jpg,train,benign,9252,62.0,1478,2.0,-1,0
train/benign/melanoma_292.jpg,train,benign,1733,92.0,4205,6.0,-1,0
train/benign/melanoma_2920.jpg,train,benign,7305,82.0,1479,2.0,-1,0
train/benign/melanoma_2921.jpg,train,benign,2656,84.0,1444,2.0,-1,0
train/benign/melanoma_2922.jpg,train,benign,5166,76.0,1480,6.0,-1,0
train/benign/melanoma_2923.jpg,train,benign,264,88.0,1481,2.0,-1,0
train/benign/melanoma_2924.jpg,train,benign,8186,88.0,3584,4.0,-1,0
train/benign/melanoma_2925.jpg,train,benign,7356,62.0,1482,6.0,-1,0
train/benign/melanoma_2926.jpg,train,benign,75,66.0,1483,2.0,-1,0
train/benign/melanoma_2927.jpg,train,benign,1975,78.0,1932,2.0,-1,0
train/benign/melanoma_2928.jpg,train,benign,6464,82.0,1484,4.0,-1,0
train/benign/melanoma_2929.jpg,train,benign,5310,80.0,1485,4.0,-1,0
train/benign/melanoma_293.jpg,train,benign,97,92.0,4206,2.0,-1,0
train/benign/melanoma_2930.jpg,train,benign,4073,90.0,2839,2.0,-1,0
train/benign/melanoma_2931.jpg,train,benign,9345,70.0,1486,2.0,-1,0
train/benign/melanoma_2932.jpg,train,benign,1387,86.0,1487,4.0,-1,0
train/benign/melanoma_2933.jpg,train,benign,1972,86.0,1488,4.0,-1,0
train/benign/melanoma_2934.jpg,train,benign,766,90.0,1489,2.0,-1,0
train/benign/melanoma_2935.jpg,train,benign,1322,86.0,3665,8.0,-1,0
train/benign/melanoma_2936.jpg,train,benign,7788,76.0,1445,4.0,-1,0
train/benign/melanoma_2937.jpg,train,benign,1250,74.0,1490,6.0,-1,0
train/benign/melanoma_2938.jpg,train,benign,1231,92.0,1491,2.0,-1,0
train/benign/melanoma_2939.jpg,train,benign,7856,68.0,1492,0.0,-1,0
train/benign/melanoma_294.jpg,train,benign,8865,80.0,4207,4.0,-1,0
train/benign/melanoma_2940.jpg,train,benign,925,84.0,1933,4.0,-1,0
train/benign/melanoma_2941.jpg,train,benign,6474,86.0,1493,4.0,-1,0
train/benign/melanoma_2942.jpg,train,benign,2788,86.0,2840,2.0,-1,0
train/benign/melanoma_2943.jpg,train,benign,502,86.0,1494,4.0,-1,0
train/benign/melanoma_2944.jpg,train,benign,6710,78.0,1495,14.0,-1,-1
train/benign/melanoma_2945.jpg,train,benign,7375,54.0,1496,0.0,-1,0
train/benign/melanoma_2946.jpg,train,benign,5131,86.0,3666,0.0,-1,0
train/benign/melanoma_2947.jpg,train,benign,75,78.0,1497,6.0,-1,0
train/benign/melanoma_2948.jpg,train,benign,6974,86.0,1498,12.0,-1,-1
train/benign/melanoma_2949.jpg,train,benign,3860,84.0,1499,2.0,-1,0
train/benign/melanoma_295.jpg,train,benign,9361,86.0,1734,2.0,-1,0
train/benign/melanoma_2950.jpg,train,benign,9066,56.0,1446,6.0,-1,0
train/benign/melanoma_2951.jpg,train,benign,6973,64.0,1500,4.0,-1,0
train/benign/melanoma_2952.jpg,train,benign,8860,80.0,1501,4.0,-1,0
train/benign/melanoma_2953.jpg,train,benign,6909,44.0,1934,6.0,-1,0
train/benign/melanoma_2954.jpg,train,benign,2528,90.0,2841,0.0,-1,0
train/benign/melanoma_2955.jpg,train,benign,9240,90.0,1502,4.0,-1,0
train/benign/melanoma_2956.jpg,train,benign,5709,80.0,1503,4.0,-1,0
train/benign/melanoma_2957.jpg,train,benign,6771,82.0,3667,2.0,-1,0
train/benign/melanoma_2958.jpg,train,benign,7298,78.0,1504,6.0,-1,0
train/benign/melanoma_2959.jpg,train,benign,7112,88.0,1505,4.0,-1,0
train/benign/melanoma_296.jpg,train,benign,7555,68.0,4208,10.0,-1,0
train/benign/melanoma_2960.jpg,train,benign,561,78.0,1506,4.0,-1,0
train/benign/melanoma_2961.jpg,train,benign,2267,76.0,1507,4.0,-1,0
train/benign/melanoma_2962.jpg,train,benign,830,92.0,1508,0.0,-1,0
train/benign/melanoma_2963.jpg,train,benign,6869,72.0,1509,6.0,-1,0
train/benign/melanoma_2964.jpg,train,benign,64,82.0,1447,4.0,-1,0
train/benign/melanoma_2965.jpg,train,benign,1386,82.0,1510,6.0,-1,0
train/benign/melanoma_2966.jpg,train,benign,1729,78.0,2492,4.0,-1,0
train/benign/melanoma_2967.jpg,train,benign,7497,68.0,2842,4.0,-1,0
train/benign/melanoma_2968.jpg,train,benign,5075,82.0,3668,2.0,-1,0
train/benign/melanoma_2969.jpg,train,benign,7519,78.0,1935,8.0,-1,0
train/benign/melanoma_297.jpg,train,benign,1573,92.0,1443,2.0,-1,0
train/benign/melanoma_2970.jpg,train,benign,9350,84.0,1511,0.0,-1,0
train/benign/melanoma_2971.jpg,train,benign,1782,82.0,1512,6.0,-1,0
train/benign/melanoma_2972.jpg,train,benign,4396,80.0,1513,4.0,-1,0
train/benign/melanoma_2973.jpg,train,benign,2402,86.0,1514,4.0,-1,0
train/benign/melanoma_2974.jpg,train,benign,6310,60.0,1515,0.0,-1,0
train/benign/melanoma_2975.jpg,train,benign,1254,84.0,1516,2.0,-1,0
train/benign/melanoma_2976.jpg,train,benign,5248,84.0,1517,2.0,-1,0
train/benign/melanoma_2977.jpg,train,benign,9226,58.0,1519,0.0,-1,0
train/benign/melanoma_2978.jpg,train,benign,7257,86.0,1520,0.0,-1,0
train/benign/melanoma_2979.jpg,train,benign,1331,90.0,3669,2.0,-1,0
train/benign/melanoma_298.jpg,train,benign,1285,72.0,4209,4.0,-1,0
train/benign/melanoma_2980.jpg,train,benign,6487,54.0,2843,2.0,-1,0
train/benign/melanoma_2981.jpg,train,benign,1801,90.0,1448,4.0,-1,0
train/benign/melanoma_2982.jpg,train,benign,8027,78.0,1936,6.0,-1,0
train/benign/melanoma_2983.jpg,train,benign,8296,90.0,1521,2.0,-1,0
train/benign/melanoma_2984.jpg,train,benign,5043,92.0,1522,2.0,-1,0
train/benign/melanoma_2985.jpg,train,benign,6996,62.0,1523,2.0,-1,0
train/benign/melanoma_2986.jpg,train,benign,7148,78.0,1524,6.0,-1,0
train/benign/melanoma_2987.jpg,train,benign,6804,82.0,1525,0.0,-1,0
train/benign/melanoma_2988.jpg,train,benign,7356,48.0,1526,4.0,-1,0
train/benign/melanoma_2989.jpg,train,benign,2402,68.0,1527,6.0,-1,0
train/benign/melanoma_299.jpg,train,benign,3588,74.0,4210,4.0,-1,0
train/benign/melanoma_2990.jpg,train,benign,2912,90.0,2576,4.0,-1,0
train/benign/melanoma_2991.jpg,train,benign,3508,84.0,1528,0.0,-1,0
train/benign/melanoma_2992.jpg,train,benign,6995,86.0,2844,0.0,-1,0
train/benign/melanoma_2993.jpg,train,benign,6839,88.0,1529,2.0,-1,0
train/benign/melanoma_2994.jpg,train,benign,9105,86.0,1530,0.0,-1,0
train/benign/melanoma_2995.jpg,train,benign,887,90.0,1937,6.0,-1,0
train/benign/melanoma_2996.jpg,train,benign,5906,92.0,1449,2.0,-1,0
train/benign/melanoma_2997.jpg,train,benign,2034,96.0,1531,2.0,-1,0
train/benign/melanoma_2998.jpg,train,benign,8176,80.0,1532,4.0,-1,0
train/benign/melanoma_2999.jpg,train,benign,7053,78.0,1533,2.0,-1,0
train/benign/melanoma_3.jpg,train,benign,1276,70.0,3376,2.0,-1,0
train/benign/melanoma_30.jpg,train,benign,2594,80.0,2624,2.0,-1,0
train/benign/melanoma_300.jpg,train,benign,7545,68.0,4185,2.0,-1,0
train/benign/melanoma_3000.jpg,train,benign,6962,90.0,1534,4.0,-1,0
train/benign/melanoma_3001.jpg,train,benign,1580,86.0,3400,0.0,-1,0
train/benign/melanoma_3002.jpg,train,benign,5065,88.0,3670,0.0,-1,0
train/benign/melanoma_3003.jpg,train,benign,520,94.0,1535,4.0,-1,0
train/benign/melanoma_3004.jpg,train,benign,3069,76.0,1536,6.0,-1,0
train/benign/melanoma_3005.jpg,train,benign,7382,90.0,2845,2.0,-1,0
train/benign/melanoma_3006.jpg,train,benign,8708,64.0,1537,2.0,-1,0
train/benign/melanoma_3007.jpg,train,benign,8833,82.0,1538,2.0,-1,0
train/benign/melanoma_3008.jpg,train,benign,1627,90.0,1539,4.0,-1,0
train/benign/melanoma_3009.jpg,train,benign,6808,72.0,572,6.0,-1,0
train/benign/melanoma_301.jpg,train,benign,2832,84.0,2642,2.0,-1,0
train/benign/melanoma_3010.jpg,train,benign,2334,82.0,1856,2.0,-1,0
train/benign/melanoma_3011.jpg,train,benign,1511,90.0,1540,4.0,-1,0
train/benign/melanoma_3012.jpg,train,benign,7700,88.0,1542,2.0,-1,0
train/benign/melanoma_3013.jpg,train,benign,7126,76.0,3671,4.0,-1,0
train/benign/melanoma_3014.jpg,train,benign,98,84.0,1551,2.0,-1,0
train/benign/melanoma_3015.jpg,train,benign,9503,80.0,1642,2.0,-1,0
train/benign/melanoma_3016.jpg,train,benign,7438,50.0,1552,2.0,-1,0
train/benign/melanoma_3017.jpg,train,benign,1170,82.0,468,10.0,-1,0
train/benign/melanoma_3018.jpg,train,benign,7689,86.0,1553,4.0,-1,0
train/benign/melanoma_3019.jpg,train,benign,2127,94.0,1554,2.0,-1,0
train/benign/melanoma_302.jpg,train,benign,1441,74.0,434,2.0,-1,0
train/benign/melanoma_3020.jpg,train,benign,6970,86.0,1555,4.0,-1,0
train/benign/melanoma_3021.jpg,train,benign,870,92.0,1556,2.0,-1,0
train/benign/melanoma_3022.jpg,train,benign,8499,76.0,1557,0.0,-1,0
train/benign/melanoma_3023.jpg,train,benign,9409,74.0,1938,4.0,-1,0
train/benign/melanoma_3024.jpg,train,benign,3841,88.0,3672,2.0,-1,0
train/benign/melanoma_3025.jpg,train,benign,6736,86.0,1558,8.0,-1,0
train/benign/melanoma_3026.jpg,train,benign,118,52.0,1559,8.0,-1,0
train/benign/melanoma_3027.jpg,train,benign,9127,76.0,1560,2.0,-1,0
train/benign/melanoma_3028.jpg,train,benign,8995,74.0,1543,4.0,-1,0
train/benign/melanoma_3029.jpg,train,benign,5073,80.0,2764,2.0,-1,0
train/benign/melanoma_303.jpg,train,benign,8575,80.0,4211,8.0,-1,0
train/benign/melanoma_3030.jpg,train,benign,2392,86.0,1561,8.0,-1,0
train/benign/melanoma_3031.jpg,train,benign,9265,66.0,1562,6.0,-1,0
train/benign/melanoma_3032.jpg,train,benign,6601,82.0,1563,2.0,-1,0
train/benign/melanoma_3033.jpg,train,benign,7550,86.0,1564,0.0,-1,0
train/benign/melanoma_3034.jpg,train,benign,920,90.0,1565,2.0,-1,0
train/benign/melanoma_3035.jpg,train,benign,4894,84.0,3673,2.0,-1,0
train/benign/melanoma_3036.jpg,train,benign,1276,68.0,1567,6.0,-1,0
train/benign/melanoma_3037.jpg,train,benign,6205,68.0,1939,2.0,-1,0
train/benign/melanoma_3038.jpg,train,benign,9170,62.0,1568,4.0,-1,0
train/benign/melanoma_3039.jpg,train,benign,376,78.0,1569,6.0,-1,0
train/benign/melanoma_304.jpg,train,benign,4193,90.0,4212,2.0,-1,0
train/benign/melanoma_3040.jpg,train,benign,1760,88.0,1570,6.0,-1,0
train/benign/melanoma_3041.jpg,train,benign,6088,80.0,2846,2.0,-1,0
train/benign/melanoma_3042.jpg,train,benign,1767,78.0,1571,6.0,-1,0
train/benign/melanoma_3043.jpg,train,benign,2443,64.0,1544,2.0,-1,0
train/benign/melanoma_3044.jpg,train,benign,9066,70.0,1572,4.0,-1,0
train/benign/melanoma_3045.jpg,train,benign,1274,68.0,1573,0.0,-1,0
train/benign/melanoma_3046.jpg,train,benign,1373,86.0,545,6.0,-1,0
train/benign/melanoma_3047.jpg,train,benign,2399,76.0,1574,0.0,-1,0
train/benign/melanoma_3048.jpg,train,benign,1345,80.0,1575,4.0,-1,0
train/benign/melanoma_3049.jpg,train,benign,1877,88.0,1576,6.0,-1,0
train/benign/melanoma_305.jpg,train,benign,1265,86.0,4213,4.0,-1,0
train/benign/melanoma_3050.jpg,train,benign,1098,88.0,1940,0.0,-1,0
train/benign/melanoma_3051.jpg,train,benign,6748,76.0,1577,4.0,-1,0
train/benign/melanoma_3052.jpg,train,benign,9265,42.0,1578,8.0,-1,0
train/benign/melanoma_3053.jpg,train,benign,1591,88.0,2847,4.0,-1,0
train/benign/melanoma_3054.jpg,train,benign,8867,78.0,1579,2.0,-1,0
train/benign/melanoma_3055.jpg,train,benign,2301,92.0,1580,4.0,-1,0
train/benign/melanoma_3056.jpg,train,benign,5843,94.0,1581,4.0,-1,0
train/benign/melanoma_3057.jpg,train,benign,9535,78.0,1669,4.0,-1,0
train/benign/melanoma_3058.jpg,train,benign,2961,92.0,1545,6.0,-1,0
train/benign/melanoma_3059.jpg,train,benign,68,72.0,1582,6.0,-1,0
train/benign/melanoma_306.jpg,train,benign,9402,88.0,4215,0.0,-1,0
train/benign/melanoma_3060.jpg,train,benign,8229,88.0,1583,6.0,-1,0
train/benign/melanoma_3061.jpg,train,benign,3824,88.0,1584,0.0,-1,0
train/benign/melanoma_3062.jpg,train,benign,4709,84.0,1585,4.0,-1,0
train/benign/melanoma_3063.jpg,train,benign,3348,88.0,1941,4.0,-1,0
train/benign/melanoma_3064.jpg,train,benign,6927,90.0,1586,2.0,-1,0
train/benign/melanoma_3065.jpg,train,benign,1282,66.0,2848,4.0,-1,0
train/benign/melanoma_3066.jpg,train,benign,1786,78.0,1587,6.0,-1,0
train/benign/melanoma_3067.jpg,train,benign,2544,86.0,1588,4.0,-1,0
train/benign/melanoma_3068.jpg,train,benign,1170,76.0,3674,4.0,-1,0
train/benign/melanoma_3069.jpg,train,benign,42,90.0,1589,4.0,-1,0
train/benign/melanoma_307.jpg,train,benign,6403,80.0,4216,4.0,-1,0
train/benign/melanoma_3070.jpg,train,benign,6945,72.0,1590,2.0,-1,0
train/benign/melanoma_3071.jpg,train,benign,7787,82.0,1591,4.0,-1,0
train/benign/melanoma_3072.jpg,train,benign,5142,88.0,1546,4.0,-1,0
train/benign/melanoma_3073.jpg,train,benign,9683,84.0,1592,6.0,-1,0
train/benign/melanoma_3074.jpg,train,benign,1170,86.0,1593,2.0,-1,0
train/benign/melanoma_3075.jpg,train,benign,7922,54.0,1594,2.0,-1,0
train/benign/melanoma_3076.jpg,train,benign,7920,80.0,1942,16.0,-1,-1
train/benign/melanoma_3077.jpg,train,benign,770,72.0,2850,0.0,-1,0
train/benign/melanoma_3078.jpg,train,benign,9491,70.0,1595,2.0,-1,0
train/benign/melanoma_3079.jpg,train,benign,5212,86.0,633,0.0,-1,0
train/benign/melanoma_308.jpg,train,benign,8949,76.0,1735,2.0,-1,0
train/benign/melanoma_3080.jpg,train,benign,7660,82.0,1596,2.0,-1,0
train/benign/melanoma_3081.jpg,train,benign,9228,78.0,1597,2.0,-1,0
train/benign/melanoma_3082.jpg,train,benign,68,68.0,1598,6.0,-1,0
train/benign/melanoma_3083.jpg,train,benign,3347,84.0,1599,2.0,-1,0
train/benign/melanoma_3084.jpg,train,benign,9103,86.0,1600,6.0,-1,0
train/benign/melanoma_3085.jpg,train,benign,286,86.0,1601,10.0,-1,0
train/benign/melanoma_3086.jpg,train,benign,9654,68.0,1547,0.0,-1,0
train/benign/melanoma_3087.jpg,train,benign,9200,74.0,1602,4.0,-1,0
train/benign/melanoma_3088.jpg,train,benign,2969,88.0,1603,4.0,-1,0
train/benign/melanoma_3089.jpg,train,benign,8627,58.0,2493,2.0,-1,0
train/benign/melanoma_309.jpg,train,benign,3586,86.0,4217,4.0,-1,0
train/benign/melanoma_3090.jpg,train,benign,1614,86.0,642,0.0,-1,0
train/benign/melanoma_3091.jpg,train,benign,8518,66.0,2851,6.0,-1,0
train/benign/melanoma_3092.jpg,train,benign,8798,66.0,1943,2.0,-1,0
train/benign/melanoma_3093.jpg,train,benign,2231,78.0,1604,4.0,-1,0
train/benign/melanoma_3094.jpg,train,benign,96,90.0,1605,0.0,-1,0
train/benign/melanoma_3095.jpg,train,benign,8865,78.0,1606,2.0,-1,0
train/benign/melanoma_3096.jpg,train,benign,2443,64.0,1607,2.0,-1,0
train/benign/melanoma_3097.jpg,train,benign,5333,86.0,1608,0.0,-1,0
train/benign/melanoma_3098.jpg,train,benign,8290,92.0,1609,0.0,-1,0
train/benign/melanoma_3099.jpg,train,benign,3935,68.0,1610,2.0,-1,0
train/benign/melanoma_31.jpg,train,benign,5092,90.0,4012,4.0,-1,0
train/benign/melanoma_310.jpg,train,benign,8518,70.0,4218,2.0,-1,0
train/benign/melanoma_3100.jpg,train,benign,5072,92.0,1611,0.0,-1,0
train/benign/melanoma_3101.jpg,train,benign,3564,90.0,732,4.0,-1,0
train/benign/melanoma_3102.jpg,train,benign,8168,90.0,1548,0.0,-1,0
train/benign/melanoma_3103.jpg,train,benign,9035,86.0,2852,4.0,-1,0
train/benign/melanoma_3104.jpg,train,benign,1170,74.0,1612,4.0,-1,0
train/benign/melanoma_3105.jpg,train,benign,8545,46.0,1944,6.0,-1,0
train/benign/melanoma_3106.jpg,train,benign,7545,76.0,1613,2.0,-1,0
train/benign/melanoma_3107.jpg,train,benign,4407,82.0,1614,2.0,-1,0
train/benign/melanoma_3108.jpg,train,benign,9143,62.0,1615,4.0,-1,0
train/benign/melanoma_3109.jpg,train,benign,2793,92.0,1616,2.0,-1,0
train/benign/melanoma_311.jpg,train,benign,8597,94.0,4219,0.0,-1,0
train/benign/melanoma_3110.jpg,train,benign,7198,88.0,1617,2.0,-1,0
train/benign/melanoma_3111.jpg,train,benign,5692,82.0,1618,2.0,-1,0
train/benign/melanoma_3112.jpg,train,benign,3029,88.0,3401,2.0,-1,0
train/benign/melanoma_3113.jpg,train,benign,2443,72.0,2577,4.0,-1,0
train/benign/melanoma_3114.jpg,train,benign,1737,64.0,1619,4.0,-1,0
train/benign/melanoma_3115.jpg,train,benign,8796,62.0,1620,6.0,-1,0
train/benign/melanoma_3116.jpg,train,benign,2355,84.0,2854,4.0,-1,0
train/benign/melanoma_3117.jpg,train,benign,7356,50.0,1621,2.0,-1,0
train/benign/melanoma_3118.jpg,train,benign,7856,70.0,1549,4.0,-1,0
train/benign/melanoma_3119.jpg,train,benign,9066,68.0,1945,4.0,-1,0
train/benign/melanoma_312.jpg,train,benign,3829,78.0,4220,2.0,-1,0
train/benign/melanoma_3120.jpg,train,benign,1231,86.0,1622,2.0,-1,0
train/benign/melanoma_3121.jpg,train,benign,7356,82.0,1623,0.0,-1,0
train/benign/melanoma_3122.jpg,train,benign,8708,74.0,1624,8.0,-1,0
train/benign/melanoma_3123.jpg,train,benign,8466,80.0,1625,4.0,-1,0
train/benign/melanoma_3124.jpg,train,benign,1553,86.0,733,4.0,-1,0
train/benign/melanoma_3125.jpg,train,benign,250,90.0,1626,4.0,-1,0
train/benign/melanoma_3126.jpg,train,benign,4199,86.0,1627,4.0,-1,0
train/benign/melanoma_3127.jpg,train,benign,9447,52.0,1628,2.0,-1,0
train/benign/melanoma_3128.jpg,train,benign,8860,82.0,2855,6.0,-1,0
train/benign/melanoma_3129.jpg,train,benign,2557,76.0,1629,4.0,-1,0
train/benign/melanoma_313.jpg,train,benign,9164,82.0,542,4.0,-1,0
train/benign/melanoma_3130.jpg,train,benign,8949,54.0,1630,4.0,-1,0
train/benign/melanoma_3131.jpg,train,benign,2443,72.0,1631,4.0,-1,0
train/benign/melanoma_3132.jpg,train,benign,3005,84.0,1946,8.0,-1,0
train/benign/melanoma_3133.jpg,train,benign,7244,74.0,1550,2.0,-1,0
train/benign/melanoma_3134.jpg,train,benign,4056,90.0,1632,2.0,-1,0
train/benign/melanoma_3135.jpg,train,benign,7674,70.0,734,6.0,-1,0
train/benign/melanoma_3136.jpg,train,benign,2504,94.0,1633,6.0,-1,0
train/benign/melanoma_3137.jpg,train,benign,5886,94.0,1634,4.0,-1,0
train/benign/melanoma_3138.jpg,train,benign,8948,74.0,1635,0.0,-1,0
train/benign/melanoma_3139.jpg,train,benign,5057,68.0,1636,6.0,-1,0
train/benign/melanoma_314.jpg,train,benign,9373,76.0,2643,6.0,-1,0
train/benign/melanoma_3140.jpg,train,benign,6200,86.0,2856,4.0,-1,0
train/benign/melanoma_3141.jpg,train,benign,1170,70.0,1637,6.0,-1,0
train/benign/melanoma_3142.jpg,train,benign,9080,78.0,1638,8.0,-1,0
train/benign/melanoma_3143.jpg,train,benign,5012,78.0,1639,2.0,-1,0
train/benign/melanoma_3144.jpg,train,benign,9363,90.0,1640,4.0,-1,0
train/benign/melanoma_3145.jpg,train,benign,2334,70.0,528,6.0,-1,0
train/benign/melanoma_3146.jpg,train,benign,8050,84.0,735,4.0,-1,0
train/benign/melanoma_3147.jpg,train,benign,4831,80.0,573,4.0,-1,0
train/benign/melanoma_3148.jpg,train,benign,1685,78.0,1947,4.0,-1,0
train/benign/melanoma_3149.jpg,train,benign,7287,74.0,1641,2.0,-1,0
train/benign/melanoma_315.jpg,train,benign,4730,82.0,4221,4.0,-1,0
train/benign/melanoma_3150.jpg,train,benign,1429,90.0,1949,2.0,-1,0
train/benign/melanoma_3151.jpg,train,benign,5173,80.0,1958,6.0,-1,0
train/benign/melanoma_3152.jpg,train,benign,8949,50.0,536,4.0,-1,0
train/benign/melanoma_3153.jpg,train,benign,7431,68.0,2047,2.0,-1,0
train/benign/melanoma_3154.jpg,train,benign,2192,66.0,1959,4.0,-1,0
train/benign/melanoma_3155.jpg,train,benign,6771,76.0,1960,0.0,-1,0
train/benign/melanoma_3156.jpg,train,benign,9260,64.0,1961,4.0,-1,0
train/benign/melanoma_3157.jpg,train,benign,7861,80.0,736,4.0,-1,0
train/benign/melanoma_3158.jpg,train,benign,543,88.0,1962,4.0,-1,0
train/benign/melanoma_3159.jpg,train,benign,426,88.0,1963,2.0,-1,0
train/benign/melanoma_316.jpg,train,benign,7389,68.0,4186,2.0,-1,0
train/benign/melanoma_3160.jpg,train,benign,4731,86.0,1964,2.0,-1,0
train/benign/melanoma_3161.jpg,train,benign,2408,76.0,574,2.0,-1,0
train/benign/melanoma_3162.jpg,train,benign,9345,74.0,1965,2.0,-1,0
train/benign/melanoma_3163.jpg,train,benign,2447,86.0,1966,4.0,-1,0
train/benign/melanoma_3164.jpg,train,benign,9265,60.0,469,4.0,-1,0
train/benign/melanoma_3165.jpg,train,benign,3434,86.0,1967,4.0,-1,0
train/benign/melanoma_3166.jpg,train,benign,199,92.0,1950,6.0,-1,0
train/benign/melanoma_3167.jpg,train,benign,2268,82.0,1968,2.0,-1,0
train/benign/melanoma_3168.jpg,train,benign,2395,74.0,737,2.0,-1,0
train/benign/melanoma_3169.jpg,train,benign,4267,68.0,1969,0.0,-1,0
train/benign/melanoma_317.jpg,train,benign,7879,78.0,4222,8.0,-1,0
train/benign/melanoma_3170.jpg,train,benign,4585,90.0,1970,2.0,-1,0
train/benign/melanoma_3171.jpg,train,benign,2443,64.0,1971,4.0,-1,0
train/benign/melanoma_3172.jpg,train,benign,6874,76.0,1972,2.0,-1,0
train/benign/melanoma_3173.jpg,train,benign,1014,92.0,1973,2.0,-1,0
train/benign/melanoma_3174.jpg,train,benign,260,72.0,575,6.0,-1,0
train/benign/melanoma_3175.jpg,train,benign,3040,80.0,1974,4.0,-1,0
train/benign/melanoma_3176.jpg,train,benign,7787,78.0,2857,0.0,-1,0
train/benign/melanoma_3177.jpg,train,benign,2482,70.0,1975,4.0,-1,0
train/benign/melanoma_3178.jpg,train,benign,7497,66.0,1976,4.0,-1,0
train/benign/melanoma_3179.jpg,train,benign,7592,84.0,738,2.0,-1,0
train/benign/melanoma_318.jpg,train,benign,7355,78.0,4223,0.0,-1,0
train/benign/melanoma_3180.jpg,train,benign,8902,74.0,1977,4.0,-1,0
train/benign/melanoma_3181.jpg,train,benign,8571,68.0,1951,4.0,-1,0
train/benign/melanoma_3182.jpg,train,benign,9297,82.0,1978,2.0,-1,0
train/benign/melanoma_3183.jpg,train,benign,1716,86.0,1979,2.0,-1,0
train/benign/melanoma_3184.jpg,train,benign,5223,58.0,1980,4.0,-1,0
train/benign/melanoma_3185.jpg,train,benign,9447,56.0,1981,2.0,-1,0
train/benign/melanoma_3186.jpg,train,benign,8409,86.0,1982,2.0,-1,0
train/benign/melanoma_3187.jpg,train,benign,9068,56.0,576,4.0,-1,0
train/benign/melanoma_3188.jpg,train,benign,7370,74.0,2859,4.0,-1,0
train/benign/melanoma_3189.jpg,train,benign,6960,78.0,1983,4.0,-1,0
train/benign/melanoma_319.jpg,train,benign,1850,88.0,4224,4.0,-1,0
train/benign/melanoma_3190.jpg,train,benign,7390,80.0,1670,2.0,-1,0
train/benign/melanoma_3191.jpg,train,benign,6806,82.0,1984,6.0,-1,0
train/benign/melanoma_3192.jpg,train,benign,8012,60.0,1985,0.0,-1,0
train/benign/melanoma_3193.jpg,train,benign,3582,78.0,1986,2.0,-1,0
train/benign/melanoma_3194.jpg,train,benign,6867,62.0,1987,4.0,-1,0
train/benign/melanoma_3195.jpg,train,benign,5325,80.0,1952,4.0,-1,0
train/benign/melanoma_3196.jpg,train,benign,7556,64.0,1988,0.0,-1,0
train/benign/melanoma_3197.jpg,train,benign,9040,74.0,1989,2.0,-1,0
train/benign/melanoma_3198.jpg,train,benign,6743,60.0,1990,2.0,-1,0
train/benign/melanoma_3199.jpg,train,benign,1260,66.0,1991,2.0,-1,0
train/benign/melanoma_32.jpg,train,benign,6032,80.0,4013,4.0,-1,0
train/benign/melanoma_320.jpg,train,benign,1488,94.0,4225,2.0,-1,0
train/benign/melanoma_3200.jpg,train,benign,2243,70.0,2868,8.0,-1,0
train/benign/melanoma_3201.jpg,train,benign,151,92.0,739,6.0,-1,0
train/benign/melanoma_3202.jpg,train,benign,129,92.0,577,0.0,-1,0
train/benign/melanoma_3203.jpg,train,benign,1873,92.0,1992,2.0,-1,0
train/benign/melanoma_3204.jpg,train,benign,2375,78.0,1993,4.0,-1,0
train/benign/melanoma_3205.jpg,train,benign,7787,76.0,1994,10.0,-1,0
train/benign/melanoma_3206.jpg,train,benign,7870,82.0,1995,2.0,-1,0
train/benign/melanoma_3207.jpg,train,benign,7032,76.0,1996,2.0,-1,0
train/benign/melanoma_3208.jpg,train,benign,7449,86.0,1997,2.0,-1,0
train/benign/melanoma_3209.jpg,train,benign,3583,80.0,1953,2.0,-1,0
train/benign/melanoma_321.jpg,train,benign,911,92.0,1736,2.0,-1,0
train/benign/melanoma_3210.jpg,train,benign,1354,84.0,1998,4.0,-1,0
train/benign/melanoma_3211.jpg,train,benign,6183,72.0,1999,6.0,-1,0
train/benign/melanoma_3212.jpg,train,benign,1421,88.0,740,6.0,-1,0
train/benign/melanoma_3213.jpg,train,benign,108,76.0,2494,4.0,-1,0
train/benign/melanoma_3214.jpg,train,benign,5541,86.0,2961,2.0,-1,0
train/benign/melanoma_3215.jpg,train,benign,1276,62.0,2000,2.0,-1,0
train/benign/melanoma_3216.jpg,train,benign,8717,92.0,578,2.0,-1,0
train/benign/melanoma_3217.jpg,train,benign,2175,90.0,2001,2.0,-1,0
train/benign/melanoma_3218.jpg,train,benign,7494,68.0,2002,2.0,-1,0
train/benign/melanoma_3219.jpg,train,benign,2355,90.0,2003,0.0,-1,0
train/benign/melanoma_322.jpg,train,benign,4590,82.0,4226,10.0,-1,0
train/benign/melanoma_3220.jpg,train,benign,837,86.0,2004,2.0,-1,0
train/benign/melanoma_3221.jpg,train,benign,938,82.0,2005,4.0,-1,0
train/benign/melanoma_3222.jpg,train,benign,9302,86.0,2006,2.0,-1,0
train/benign/melanoma_3223.jpg,train,benign,153,86.0,3402,0.0,-1,0
train/benign/melanoma_3224.jpg,train,benign,7579,84.0,741,4.0,-1,0
train/benign/melanoma_3225.jpg,train,benign,7024,86.0,2007,2.0,-1,0
train/benign/melanoma_3226.jpg,train,benign,8523,86.0,1954,0.0,-1,0
train/benign/melanoma_3227.jpg,train,benign,9473,84.0,2869,4.0,-1,0
train/benign/melanoma_3228.jpg,train,benign,4404,82.0,2008,4.0,-1,0
train/benign/melanoma_3229.jpg,train,benign,7244,52.0,2009,2.0,-1,0
train/benign/melanoma_323.jpg,train,benign,9414,84.0,4227,2.0,-1,0
train/benign/melanoma_3230.jpg,train,benign,5932,76.0,579,2.0,-1,0
train/benign/melanoma_3231.jpg,train,benign,2355,86.0,2010,2.0,-1,0
train/benign/melanoma_3232.jpg,train,benign,1735,82.0,2011,0.0,-1,0
train/benign/melanoma_3233.jpg,train,benign,2107,86.0,2012,0.0,-1,0
train/benign/melanoma_3234.jpg,train,benign,8435,72.0,2013,4.0,-1,0
train/benign/melanoma_3235.jpg,train,benign,16,82.0,426,6.0,-1,0
train/benign/melanoma_3236.jpg,train,benign,1788,82.0,2014,0.0,-1,0
train/benign/melanoma_3237.jpg,train,benign,525,90.0,2015,2.0,-1,0
train/benign/melanoma_3238.jpg,train,benign,8964,88.0,2016,4.0,-1,0
train/benign/melanoma_3239.jpg,train,benign,7418,76.0,2870,2.0,-1,0
train/benign/melanoma_324.jpg,train,benign,5447,90.0,525,2.0,-1,0
train/benign/melanoma_3240.jpg,train,benign,3686,90.0,2017,2.0,-1,0
train/benign/melanoma_3241.jpg,train,benign,1456,80.0,1955,4.0,-1,0
train/benign/melanoma_3242.jpg,train,benign,2266,68.0,2018,8.0,-1,0
train/benign/melanoma_3243.jpg,train,benign,7912,72.0,439,4.0,-1,0
train/benign/melanoma_3244.jpg,train,benign,5923,82.0,2019,0.0,-1,0
train/benign/melanoma_3245.jpg,train,benign,7223,66.0,2020,2.0,-1,0
train/benign/melanoma_3246.jpg,train,benign,68,82.0,643,4.0,-1,0
train/benign/melanoma_3247.jpg,train,benign,5611,92.0,2021,2.0,-1,0
train/benign/melanoma_3248.jpg,train,benign,1588,80.0,2022,0.0,-1,0
train/benign/melanoma_3249.jpg,train,benign,3833,86.0,2023,2.0,-1,0
train/benign/melanoma_325.jpg,train,benign,877,88.0,4228,12.0,-1,-1
train/benign/melanoma_3250.jpg,train,benign,9602,84.0,2024,2.0,-1,0
train/benign/melanoma_3251.jpg,train,benign,7843,86.0,2871,0.0,-1,0
train/benign/melanoma_3252.jpg,train,benign,8830,74.0,2025,4.0,-1,0
train/benign/melanoma_3253.jpg,train,benign,770,78.0,2026,6.0,-1,0
train/benign/melanoma_3254.jpg,train,benign,6743,72.0,2027,4.0,-1,0
train/benign/melanoma_3255.jpg,train,benign,8888,80.0,1956,0.0,-1,0
train/benign/melanoma_3256.jpg,train,benign,3829,82.0,581,2.0,-1,0
train/benign/melanoma_3257.jpg,train,benign,6771,68.0,742,4.0,-1,0
train/benign/melanoma_3258.jpg,train,benign,9023,80.0,2028,4.0,-1,0
train/benign/melanoma_3259.jpg,train,benign,2465,88.0,2029,6.0,-1,0
train/benign/melanoma_326.jpg,train,benign,2417,64.0,2644,2.0,-1,0
train/benign/melanoma_3260.jpg,train,benign,1676,90.0,2030,2.0,-1,0
train/benign/melanoma_3261.jpg,train,benign,651,86.0,2031,0.0,-1,0
train/benign/melanoma_3262.jpg,train,benign,5620,86.0,2032,2.0,-1,0
train/benign/melanoma_3263.jpg,train,benign,4499,88.0,2872,6.0,-1,0
train/benign/melanoma_3264.jpg,train,benign,6764,88.0,2033,0.0,-1,0
train/benign/melanoma_3265.jpg,train,benign,6310,80.0,2034,4.0,-1,0
train/benign/melanoma_3266.jpg,train,benign,2170,86.0,1100,10.0,-1,0
train/benign/melanoma_3267.jpg,train,benign,971,86.0,2035,4.0,-1,0
train/benign/melanoma_3268.jpg,train,benign,1778,86.0,743,4.0,-1,0
train/benign/melanoma_3269.jpg,train,benign,4830,82.0,2036,8.0,-1,0
train/benign/melanoma_327.jpg,train,benign,3369,86.0,4230,2.0,-1,0
train/benign/melanoma_3270.jpg,train,benign,7969,78.0,582,4.0,-1,0
train/benign/melanoma_3271.jpg,train,benign,6684,74.0,1957,2.0,-1,0
train/benign/melanoma_3272.jpg,train,benign,9408,76.0,2037,10.0,-1,0
train/benign/melanoma_3273.jpg,train,benign,9195,62.0,2038,2.0,-1,0
train/benign/melanoma_3274.jpg,train,benign,6069,72.0,2039,6.0,-1,0
train/benign/melanoma_3275.jpg,train,benign,4133,76.0,2873,8.0,-1,0
train/benign/melanoma_3276.jpg,train,benign,1647,34.0,2040,0.0,-1,0
train/benign/melanoma_3277.jpg,train,benign,8549,84.0,2041,4.0,-1,0
train/benign/melanoma_3278.jpg,train,benign,6809,88.0,2042,4.0,-1,0
train/benign/melanoma_3279.jpg,train,benign,7407,92.0,744,4.0,-1,0
train/benign/melanoma_328.jpg,train,benign,1303,82.0,4231,2.0,-1,0
train/benign/melanoma_3280.jpg,train,benign,6648,72.0,2043,6.0,-1,0
train/benign/melanoma_3281.jpg,train,benign,6909,58.0,2044,4.0,-1,0
train/benign/melanoma_3282.jpg,train,benign,4951,70.0,2045,4.0,-1,0
train/benign/melanoma_3283.jpg,train,benign,4152,82.0,529,4.0,-1,0
train/benign/melanoma_3284.jpg,train,benign,7545,68.0,583,4.0,-1,0
train/benign/melanoma_3285.jpg,train,benign,9302,70.0,2046,8.0,-1,0
train/benign/melanoma_3286.jpg,train,benign,9443,82.0,2048,4.0,-1,0
train/benign/melanoma_3287.jpg,train,benign,6962,50.0,2874,4.0,-1,0
train/benign/melanoma_3288.jpg,train,benign,7260,84.0,2057,4.0,-1,0
train/benign/melanoma_3289.jpg,train,benign,2204,86.0,2148,4.0,-1,0
train/benign/melanoma_329.jpg,train,benign,2880,84.0,4232,6.0,-1,0
train/benign/melanoma_3290.jpg,train,benign,3005,88.0,745,8.0,-1,0
train/benign/melanoma_3291.jpg,train,benign,6035,90.0,2058,4.0,-1,0
train/benign/melanoma_3292.jpg,train,benign,2565,84.0,2059,16.0,-1,-1
train/benign/melanoma_3293.jpg,train,benign,6487,70.0,2060,6.0,-1,0
train/benign/melanoma_3294.jpg,train,benign,2266,78.0,2061,6.0,-1,0
train/benign/melanoma_3295.jpg,train,benign,9600,78.0,2062,4.0,-1,0
train/benign/melanoma_3296.jpg,train,benign,7320,84.0,2063,2.0,-1,0
train/benign/melanoma_3297.jpg,train,benign,6825,72.0,584,4.0,-1,0
train/benign/melanoma_3298.jpg,train,benign,8375,90.0,2064,4.0,-1,0
train/benign/melanoma_3299.jpg,train,benign,1170,80.0,470,0.0,-1,0
train/benign/melanoma_33.jpg,train,benign,4500,70.0,4014,4.0,-1,0
train/benign/melanoma_330.jpg,train,benign,6088,74.0,4187,6.0,-1,0
train/benign/melanoma_3300.jpg,train,benign,7545,68.0,2065,8.0,-1,0
train/benign/melanoma_3301.jpg,train,benign,8799,80.0,746,2.0,-1,0
train/benign/melanoma_3302.jpg,train,benign,7531,76.0,2066,2.0,-1,0
train/benign/melanoma_3303.jpg,train,benign,7768,80.0,2049,4.0,-1,0
train/benign/melanoma_3304.jpg,train,benign,9261,58.0,2067,2.0,-1,0
train/benign/melanoma_3305.jpg,train,benign,7623,86.0,2068,2.0,-1,0
train/benign/melanoma_3306.jpg,train,benign,1821,88.0,2069,4.0,-1,0
train/benign/melanoma_3307.jpg,train,benign,2953,68.0,2070,4.0,-1,0
train/benign/melanoma_3308.jpg,train,benign,4241,92.0,2071,2.0,-1,0
train/benign/melanoma_3309.jpg,train,benign,2402,74.0,2072,2.0,-1,0
train/benign/melanoma_331.jpg,train,benign,7661,82.0,4233,4.0,-1,0
train/benign/melanoma_3310.jpg,train,benign,847,86.0,585,0.0,-1,0
train/benign/melanoma_3311.jpg,train,benign,652,66.0,2875,6.0,-1,0
train/benign/melanoma_3312.jpg,train,benign,8985,80.0,748,6.0,-1,0
train/benign/melanoma_3313.jpg,train,benign,7435,84.0,2073,6.0,-1,0
train/benign/melanoma_3314.jpg,train,benign,7053,50.0,2074,2.0,-1,0
train/benign/melanoma_3315.jpg,train,benign,9552,80.0,2075,0.0,-1,0
train/benign/melanoma_3316.jpg,train,benign,2970,92.0,2076,2.0,-1,0
train/benign/melanoma_3317.jpg,train,benign,8949,74.0,2050,2.0,-1,0
train/benign/melanoma_3318.jpg,train,benign,8760,86.0,2077,6.0,-1,0
train/benign/melanoma_3319.jpg,train,benign,5167,90.0,2078,6.0,-1,0
train/benign/melanoma_332.jpg,train,benign,9828,72.0,4234,4.0,-1,0
train/benign/melanoma_3320.jpg,train,benign,7787,76.0,2079,2.0,-1,0
train/benign/melanoma_3321.jpg,train,benign,7499,60.0,2080,4.0,-1,0
train/benign/melanoma_3322.jpg,train,benign,1355,90.0,2081,4.0,-1,0
train/benign/melanoma_3323.jpg,train,benign,9649,74.0,1671,6.0,-1,0
train/benign/melanoma_3324.jpg,train,benign,6963,66.0,2876,2.0,-1,0
train/benign/melanoma_3325.jpg,train,benign,9103,78.0,586,0.0,-1,0
train/benign/melanoma_3326.jpg,train,benign,2459,78.0,2082,2.0,-1,0
train/benign/melanoma_3327.jpg,train,benign,2511,90.0,2083,6.0,-1,0
train/benign/melanoma_3328.jpg,train,benign,7860,76.0,2084,4.0,-1,0
train/benign/melanoma_3329.jpg,train,benign,9443,70.0,2085,2.0,-1,0
train/benign/melanoma_333.jpg,train,benign,7197,80.0,4235,2.0,-1,0
train/benign/melanoma_3330.jpg,train,benign,6771,72.0,2086,6.0,-1,0
train/benign/melanoma_3331.jpg,train,benign,4213,78.0,2051,6.0,-1,0
train/benign/melanoma_3332.jpg,train,benign,5027,84.0,2087,4.0,-1,0
train/benign/melanoma_3333.jpg,train,benign,1393,76.0,2088,2.0,-1,0
train/benign/melanoma_3334.jpg,train,benign,1603,82.0,541,6.0,-1,0
train/benign/melanoma_3335.jpg,train,benign,554,88.0,3403,2.0,-1,0
train/benign/melanoma_3336.jpg,train,benign,8860,60.0,749,4.0,-1,0
train/benign/melanoma_3337.jpg,train,benign,9414,68.0,2089,4.0,-1,0
train/benign/melanoma_3338.jpg,train,benign,6725,80.0,624,0.0,-1,0
train/benign/melanoma_3339.jpg,train,benign,1393,62.0,2877,2.0,-1,0
train/benign/melanoma_334.jpg,train,benign,1541,92.0,1737,2.0,-1,0
train/benign/melanoma_3340.jpg,train,benign,8518,76.0,2090,6.0,-1,0
train/benign/melanoma_3341.jpg,train,benign,510,84.0,587,0.0,-1,0
train/benign/melanoma_3342.jpg,train,benign,2195,80.0,2091,6.0,-1,0
train/benign/melanoma_3343.jpg,train,benign,582,84.0,2092,2.0,-1,0
train/benign/melanoma_3344.jpg,train,benign,9065,76.0,2093,4.0,-1,0
train/benign/melanoma_3345.jpg,train,benign,6224,88.0,2094,4.0,-1,0
train/benign/melanoma_3346.jpg,train,benign,800,80.0,2095,4.0,-1,0
train/benign/melanoma_3347.jpg,train,benign,8645,80.0,750,2.0,-1,0
train/benign/melanoma_3348.jpg,train,benign,4189,92.0,2096,2.0,-1,0
train/benign/melanoma_3349.jpg,train,benign,2330,72.0,2052,0.0,-1,0
train/benign/melanoma_335.jpg,train,benign,9323,86.0,3383,2.0,-1,0
train/benign/melanoma_3350.jpg,train,benign,6692,66.0,2097,6.0,-1,0
train/benign/melanoma_3351.jpg,train,benign,5815,66.0,2860,0.0,-1,0
train/benign/melanoma_3352.jpg,train,benign,8636,94.0,2098,2.0,-1,0
train/benign/melanoma_3353.jpg,train,benign,2265,52.0,2099,8.0,-1,0
train/benign/melanoma_3354.jpg,train,benign,6962,46.0,588,4.0,-1,0
train/benign/melanoma_3355.jpg,train,benign,376,80.0,2100,6.0,-1,0
train/benign/melanoma_3356.jpg,train,benign,6726,82.0,2101,4.0,-1,0
train/benign/melanoma_3357.jpg,train,benign,874,94.0,2102,4.0,-1,0
train/benign/melanoma_3358.jpg,train,benign,2889,92.0,2578,2.0,-1,0
train/benign/melanoma_3359.jpg,train,benign,8840,70.0,2103,4.0,-1,0
train/benign/melanoma_336.jpg,train,benign,4189,90.0,3469,6.0,-1,0
train/benign/melanoma_3360.jpg,train,benign,7411,70.0,2104,4.0,-1,0
train/benign/melanoma_3361.jpg,train,benign,3205,92.0,2105,4.0,-1,0
train/benign/melanoma_3362.jpg,train,benign,1812,86.0,2106,4.0,-1,0
train/benign/melanoma_3363.jpg,train,benign,7856,70.0,2878,6.0,-1,0
train/benign/melanoma_3364.jpg,train,benign,9354,72.0,2053,4.0,-1,0
train/benign/melanoma_3365.jpg,train,benign,116,68.0,2107,4.0,-1,0
train/benign/melanoma_3366.jpg,train,benign,376,74.0,2108,6.0,-1,0
train/benign/melanoma_3367.jpg,train,benign,1714,76.0,589,4.0,-1,0
train/benign/melanoma_3368.jpg,train,benign,6959,82.0,2109,4.0,-1,0
train/benign/melanoma_3369.jpg,train,benign,873,72.0,751,8.0,-1,0
train/benign/melanoma_337.jpg,train,benign,9195,90.0,4236,2.0,-1,0
train/benign/melanoma_3370.jpg,train,benign,3314,84.0,2110,2.0,-1,0
train/benign/melanoma_3371.jpg,train,benign,291,90.0,2111,0.0,-1,0
train/benign/melanoma_3372.jpg,train,benign,7062,70.0,2112,8.0,-1,0
train/benign/melanoma_3373.jpg,train,benign,1721,86.0,2113,0.0,-1,0
train/benign/melanoma_3374.jpg,train,benign,862,86.0,2114,2.0,-1,0
train/benign/melanoma_3375.jpg,train,benign,2294,84.0,2879,6.0,-1,0
train/benign/melanoma_3376.jpg,train,benign,2477,84.0,2115,2.0,-1,0
train/benign/melanoma_3377.jpg,train,benign,2389,68.0,2116,2.0,-1,0
train/benign/melanoma_3378.jpg,train,benign,7033,76.0,2054,2.0,-1,0
train/benign/melanoma_3379.jpg,train,benign,1170,82.0,2117,4.0,-1,0
train/benign/melanoma_338.jpg,train,benign,2443,74.0,4237,6.0,-1,0
train/benign/melanoma_3380.jpg,train,benign,1647,80.0,752,12.0,-1,-1
train/benign/melanoma_3381.jpg,train,benign,8894,70.0,590,4.0,-1,0
train/benign/melanoma_3382.jpg,train,benign,6824,70.0,2118,0.0,-1,0
train/benign/melanoma_3383.jpg,train,benign,9669,62.0,2119,2.0,-1,0
train/benign/melanoma_3384.jpg,train,benign,1697,84.0,2120,4.0,-1,0
train/benign/melanoma_3385.jpg,train,benign,7540,90.0,2121,0.0,-1,0
train/benign/melanoma_3386.jpg,train,benign,6964,84.0,2122,6.0,-1,0
train/benign/melanoma_3387.jpg,train,benign,8558,78.0,2880,4.0,-1,0
train/benign/melanoma_3388.jpg,train,benign,7158,80.0,2123,2.0,-1,0
train/benign/melanoma_3389.jpg,train,benign,5319,58.0,2124,2.0,-1,0
train/benign/melanoma_339.jpg,train,benign,7193,90.0,2645,2.0,-1,0
train/benign/melanoma_3390.jpg,train,benign,4733,78.0,2125,2.0,-1,0
train/benign/melanoma_3391.jpg,train,benign,9510,88.0,644,2.0,-1,0
train/benign/melanoma_3392.jpg,train,benign,1065,90.0,2126,2.0,-1,0
train/benign/melanoma_3393.jpg,train,benign,6297,84.0,2055,6.0,-1,0
train/benign/melanoma_3394.jpg,train,benign,3116,88.0,440,2.0,-1,0
train/benign/melanoma_3395.jpg,train,benign,8943,88.0,2127,2.0,-1,0
train/benign/melanoma_3396.jpg,train,benign,6983,76.0,2128,4.0,-1,0
train/benign/melanoma_3397.jpg,train,benign,9689,86.0,2129,2.0,-1,0
train/benign/melanoma_3398.jpg,train,benign,9073,60.0,2130,4.0,-1,0
train/benign/melanoma_3399.jpg,train,benign,8949,42.0,2881,4.0,-1,0
train/benign/melanoma_34.jpg,train,benign,4588,80.0,1717,8.0,-1,0
train/benign/melanoma_340.jpg,train,benign,1486,90.0,4238,2.0,-1,0
train/benign/melanoma_3400.jpg,train,benign,1492,90.0,2131,6.0,-1,0
train/benign/melanoma_3401.jpg,train,benign,8515,80.0,2132,0.0,-1,0
train/benign/melanoma_3402.jpg,train,benign,1426,84.0,753,6.0,-1,0
train/benign/melanoma_3403.jpg,train,benign,6871,70.0,2133,4.0,-1,0
train/benign/melanoma_3404.jpg,train,benign,8835,88.0,2134,2.0,-1,0
train/benign/melanoma_3405.jpg,train,benign,5623,92.0,2135,2.0,-1,0
train/benign/melanoma_3406.jpg,train,benign,9750,90.0,2136,2.0,-1,0
train/benign/melanoma_3407.jpg,train,benign,8569,86.0,591,4.0,-1,0
train/benign/melanoma_3408.jpg,train,benign,3534,86.0,2056,0.0,-1,0
train/benign/melanoma_3409.jpg,train,benign,9612,82.0,2137,4.0,-1,0
train/benign/melanoma_341.jpg,train,benign,8865,74.0,4239,0.0,-1,0
train/benign/melanoma_3410.jpg,train,benign,6191,76.0,2138,2.0,-1,0
train/benign/melanoma_3411.jpg,train,benign,3681,82.0,2882,4.0,-1,0
train/benign/melanoma_3412.jpg,train,benign,7844,84.0,2139,6.0,-1,0
train/benign/melanoma_3413.jpg,train,benign,6839,82.0,754,4.0,-1,0
train/benign/melanoma_3414.jpg,train,benign,2904,94.0,2141,2.0,-1,0
train/benign/melanoma_3415.jpg,train,benign,1246,82.0,2142,4.0,-1,0
train/benign/melanoma_3416.jpg,train,benign,7053,62.0,2143,2.0,-1,0
train/benign/melanoma_3417.jpg,train,benign,7065,74.0,2144,2.0,-1,0
train/benign/melanoma_3418.jpg,train,benign,1048,92.0,2145,2.0,-1,0
train/benign/melanoma_3419.jpg,train,benign,6825,56.0,2146,4.0,-1,0
train/benign/melanoma_342.jpg,train,benign,149,90.0,4240,4.0,-1,0
train/benign/melanoma_3420.jpg,train,benign,2578,90.0,530,2.0,-1,0
train/benign/melanoma_3421.jpg,train,benign,2389,80.0,592,6.0,-1,0
train/benign/melanoma_3422.jpg,train,benign,5638,90.0,2147,6.0,-1,0
train/benign/melanoma_3423.jpg,train,benign,7926,78.0,2884,2.0,-1,0
train/benign/melanoma_3424.jpg,train,benign,5930,88.0,755,6.0,-1,0
train/benign/melanoma_3425.jpg,train,benign,646,90.0,2149,2.0,-1,0
train/benign/melanoma_3426.jpg,train,benign,6137,90.0,2158,2.0,-1,0
train/benign/melanoma_3427.jpg,train,benign,9447,88.0,2248,4.0,-1,0
train/benign/melanoma_3428.jpg,train,benign,7787,74.0,2159,2.0,-1,0
train/benign/melanoma_3429.jpg,train,benign,1741,92.0,2160,2.0,-1,0
train/benign/melanoma_343.jpg,train,benign,1670,70.0,4241,4.0,-1,0
train/benign/melanoma_3430.jpg,train,benign,7094,72.0,2161,4.0,-1,0
train/benign/melanoma_3431.jpg,train,benign,9491,56.0,2162,0.0,-1,0
train/benign/melanoma_3432.jpg,train,benign,6014,74.0,2163,0.0,-1,0
train/benign/melanoma_3433.jpg,train,benign,431,86.0,2164,4.0,-1,0
train/benign/melanoma_3434.jpg,train,benign,6718,66.0,593,6.0,-1,0
train/benign/melanoma_3435.jpg,train,benign,118,86.0,756,2.0,-1,0
train/benign/melanoma_3436.jpg,train,benign,7223,86.0,471,2.0,-1,0
train/benign/melanoma_3437.jpg,train,benign,924,80.0,2165,8.0,-1,0
train/benign/melanoma_3438.jpg,train,benign,7670,60.0,2166,8.0,-1,0
train/benign/melanoma_3439.jpg,train,benign,9053,86.0,2167,2.0,-1,0
train/benign/melanoma_344.jpg,train,benign,7868,86.0,4242,2.0,-1,0
train/benign/melanoma_3440.jpg,train,benign,7461,86.0,2150,2.0,-1,0
train/benign/melanoma_3441.jpg,train,benign,1668,86.0,2168,2.0,-1,0
train/benign/melanoma_3442.jpg,train,benign,7257,78.0,2169,0.0,-1,0
train/benign/melanoma_3443.jpg,train,benign,8567,84.0,2170,2.0,-1,0
train/benign/melanoma_3444.jpg,train,benign,6737,76.0,2171,2.0,-1,0
train/benign/melanoma_3445.jpg,train,benign,7872,82.0,2172,10.0,-1,0
train/benign/melanoma_3446.jpg,train,benign,9048,84.0,518,0.0,-1,0
train/benign/melanoma_3447.jpg,train,benign,375,92.0,757,0.0,-1,0
train/benign/melanoma_3448.jpg,train,benign,7545,60.0,2173,8.0,-1,0
train/benign/melanoma_3449.jpg,train,benign,6974,60.0,2885,4.0,-1,0
train/benign/melanoma_345.jpg,train,benign,9200,74.0,4188,8.0,-1,0
train/benign/melanoma_3450.jpg,train,benign,545,88.0,594,0.0,-1,0
train/benign/melanoma_3451.jpg,train,benign,6683,70.0,2174,6.0,-1,0
train/benign/melanoma_3452.jpg,train,benign,5440,82.0,2175,4.0,-1,0
train/benign/melanoma_3453.jpg,train,benign,7150,66.0,2176,4.0,-1,0
train/benign/melanoma_3454.jpg,train,benign,2948,74.0,2177,2.0,-1,0
train/benign/melanoma_3455.jpg,train,benign,1170,60.0,2151,0.0,-1,0
train/benign/melanoma_3456.jpg,train,benign,4996,84.0,2178,4.0,-1,0
train/benign/melanoma_3457.jpg,train,benign,8292,76.0,2179,2.0,-1,0
train/benign/melanoma_3458.jpg,train,benign,7677,80.0,1672,6.0,-1,0
train/benign/melanoma_3459.jpg,train,benign,7051,70.0,2180,2.0,-1,0
train/benign/melanoma_346.jpg,train,benign,2432,82.0,4243,0.0,-1,0
train/benign/melanoma_3460.jpg,train,benign,6961,76.0,2181,6.0,-1,0
train/benign/melanoma_3461.jpg,train,benign,7093,86.0,2495,2.0,-1,0
train/benign/melanoma_3462.jpg,train,benign,2358,78.0,2886,4.0,-1,0
train/benign/melanoma_3463.jpg,train,benign,9231,72.0,2182,2.0,-1,0
train/benign/melanoma_3464.jpg,train,benign,7537,82.0,595,4.0,-1,0
train/benign/melanoma_3465.jpg,train,benign,790,88.0,2183,4.0,-1,0
train/benign/melanoma_3466.jpg,train,benign,3880,82.0,2184,0.0,-1,0
train/benign/melanoma_3467.jpg,train,benign,9172,88.0,2185,4.0,-1,0
train/benign/melanoma_3468.jpg,train,benign,6877,68.0,2186,4.0,-1,0
train/benign/melanoma_3469.jpg,train,benign,911,92.0,759,0.0,-1,0
train/benign/melanoma_347.jpg,train,benign,6683,88.0,3471,4.0,-1,0
train/benign/melanoma_3470.jpg,train,benign,5027,84.0,2187,2.0,-1,0
train/benign/melanoma_3471.jpg,train,benign,623,90.0,2152,2.0,-1,0
train/benign/melanoma_3472.jpg,train,benign,3349,82.0,2188,4.0,-1,0
train/benign/melanoma_3473.jpg,train,benign,6767,66.0,2189,8.0,-1,0
train/benign/melanoma_3474.jpg,train,benign,2049,76.0,2887,2.0,-1,0
train/benign/melanoma_3475.jpg,train,benign,4204,76.0,2190,8.0,-1,0
train/benign/melanoma_3476.jpg,train,benign,75,70.0,2191,2.0,-1,0
train/benign/melanoma_3477.jpg,train,benign,7038,72.0,596,4.0,-1,0
train/benign/melanoma_3478.jpg,train,benign,3626,92.0,2192,2.0,-1,0
train/benign/melanoma_3479.jpg,train,benign,6733,86.0,2193,8.0,-1,0
train/benign/melanoma_348.jpg,train,benign,1387,74.0,4244,4.0,-1,0
train/benign/melanoma_3480.jpg,train,benign,9237,84.0,2579,6.0,-1,0
train/benign/melanoma_3481.jpg,train,benign,4287,84.0,2194,0.0,-1,0
train/benign/melanoma_3482.jpg,train,benign,6390,92.0,2195,4.0,-1,0
train/benign/melanoma_3483.jpg,train,benign,1076,94.0,2196,4.0,-1,0
train/benign/melanoma_3484.jpg,train,benign,64,56.0,2197,6.0,-1,0
train/benign/melanoma_3485.jpg,train,benign,8836,64.0,2153,4.0,-1,0
train/benign/melanoma_3486.jpg,train,benign,1211,64.0,2888,12.0,-1,-1
train/benign/melanoma_3487.jpg,train,benign,7584,88.0,2198,4.0,-1,0
train/benign/melanoma_3488.jpg,train,benign,9265,40.0,2199,0.0,-1,0
train/benign/melanoma_3489.jpg,train,benign,7116,72.0,2200,2.0,-1,0
train/benign/melanoma_349.jpg,train,benign,2984,90.0,1738,4.0,-1,0
train/benign/melanoma_3490.jpg,train,benign,1571,84.0,597,0.0,-1,0
train/benign/melanoma_3491.jpg,train,benign,4977,84.0,760,6.0,-1,0
train/benign/melanoma_3492.jpg,train,benign,1270,88.0,2201,4.0,-1,0
train/benign/melanoma_3493.jpg,train,benign,5003,86.0,2202,0.0,-1,0
train/benign/melanoma_3494.jpg,train,benign,6183,82.0,2203,0.0,-1,0
train/benign/melanoma_3495.jpg,train,benign,3704,84.0,2204,2.0,-1,0
train/benign/melanoma_3496.jpg,train,benign,4647,80.0,2205,6.0,-1,0
train/benign/melanoma_3497.jpg,train,benign,6474,78.0,2206,6.0,-1,0
train/benign/melanoma_3498.jpg,train,benign,7912,86.0,2861,4.0,-1,0
train/benign/melanoma_3499.jpg,train,benign,1603,84.0,2207,0.0,-1,0
train/benign/melanoma_35.jpg,train,benign,6693,64.0,4015,4.0,-1,0
train/benign/melanoma_350.jpg,train,benign,839,90.0,4245,4.0,-1,0
train/benign/melanoma_3500.jpg,train,benign,9265,70.0,2154,0.0,-1,0
train/benign/melanoma_3501.jpg,train,benign,3036,78.0,2208,2.0,-1,0
train/benign/melanoma_3502.jpg,train,benign,6195,88.0,761,6.0,-1,0
train/benign/melanoma_3503.jpg,train,benign,4597,80.0,2209,2.0,-1,0
train/benign/melanoma_3504.jpg,train,benign,3153,90.0,598,4.0,-1,0
train/benign/melanoma_3505.jpg,train,benign,6043,86.0,2210,2.0,-1,0
train/benign/melanoma_3506.jpg,train,benign,726,96.0,2211,2.0,-1,0
train/benign/melanoma_3507.jpg,train,benign,3532,90.0,2212,4.0,-1,0
train/benign/melanoma_3508.jpg,train,benign,3655,76.0,2213,0.0,-1,0
train/benign/melanoma_3509.jpg,train,benign,3783,92.0,2214,2.0,-1,0
train/benign/melanoma_351.jpg,train,benign,1322,88.0,2646,2.0,-1,0
train/benign/melanoma_3510.jpg,train,benign,7203,88.0,2889,4.0,-1,0
train/benign/melanoma_3511.jpg,train,benign,9524,90.0,2215,4.0,-1,0
train/benign/melanoma_3512.jpg,train,benign,6812,88.0,2216,2.0,-1,0
train/benign/melanoma_3513.jpg,train,benign,1469,82.0,762,4.0,-1,0
train/benign/melanoma_3514.jpg,train,benign,8865,84.0,2217,2.0,-1,0
train/benign/melanoma_3515.jpg,train,benign,8627,66.0,2155,6.0,-1,0
train/benign/melanoma_3516.jpg,train,benign,8016,64.0,2218,4.0,-1,0
train/benign/melanoma_3517.jpg,train,benign,1456,86.0,599,4.0,-1,0
train/benign/melanoma_3518.jpg,train,benign,2334,68.0,2219,8.0,-1,0
train/benign/melanoma_3519.jpg,train,benign,9834,80.0,2220,2.0,-1,0
train/benign/melanoma_352.jpg,train,benign,1375,82.0,4246,4.0,-1,0
train/benign/melanoma_3520.jpg,train,benign,4298,76.0,2221,4.0,-1,0
train/benign/melanoma_3521.jpg,train,benign,6771,58.0,2222,2.0,-1,0
train/benign/melanoma_3522.jpg,train,benign,273,90.0,2890,6.0,-1,0
train/benign/melanoma_3523.jpg,train,benign,773,88.0,2223,4.0,-1,0
train/benign/melanoma_3524.jpg,train,benign,9336,68.0,763,2.0,-1,0
train/benign/melanoma_3525.jpg,train,benign,1974,82.0,2224,2.0,-1,0
train/benign/melanoma_3526.jpg,train,benign,7922,64.0,2225,10.0,-1,0
train/benign/melanoma_3527.jpg,train,benign,8949,38.0,2226,6.0,-1,0
train/benign/melanoma_3528.jpg,train,benign,3604,78.0,2227,4.0,-1,0
train/benign/melanoma_3529.jpg,train,benign,7014,64.0,2156,4.0,-1,0
train/benign/melanoma_353.jpg,train,benign,359,86.0,4247,2.0,-1,0
train/benign/melanoma_3530.jpg,train,benign,7856,72.0,600,4.0,-1,0
train/benign/melanoma_3531.jpg,train,benign,5793,70.0,2228,6.0,-1,0
train/benign/melanoma_3532.jpg,train,benign,8500,74.0,2229,2.0,-1,0
train/benign/melanoma_3533.jpg,train,benign,8799,66.0,2230,2.0,-1,0
train/benign/melanoma_3534.jpg,train,benign,4570,88.0,2891,4.0,-1,0
train/benign/melanoma_3535.jpg,train,benign,8450,80.0,645,6.0,-1,0
train/benign/melanoma_3536.jpg,train,benign,9165,74.0,2231,2.0,-1,0
train/benign/melanoma_3537.jpg,train,benign,9265,58.0,2232,4.0,-1,0
train/benign/melanoma_3538.jpg,train,benign,8949,62.0,2233,2.0,-1,0
train/benign/melanoma_3539.jpg,train,benign,6831,60.0,2234,2.0,-1,0
train/benign/melanoma_354.jpg,train,benign,2375,68.0,4248,4.0,-1,0
train/benign/melanoma_3540.jpg,train,benign,1170,78.0,2235,8.0,-1,0
train/benign/melanoma_3541.jpg,train,benign,6684,74.0,2236,2.0,-1,0
train/benign/melanoma_3542.jpg,train,benign,6881,74.0,2237,4.0,-1,0
train/benign/melanoma_3543.jpg,train,benign,93,86.0,441,2.0,-1,0
train/benign/melanoma_3544.jpg,train,benign,8053,76.0,2157,2.0,-1,0
train/benign/melanoma_3545.jpg,train,benign,8297,88.0,2238,4.0,-1,0
train/benign/melanoma_3546.jpg,train,benign,9327,80.0,764,8.0,-1,0
train/benign/melanoma_3547.jpg,train,benign,1614,80.0,2892,6.0,-1,0
train/benign/melanoma_3548.jpg,train,benign,2444,44.0,2239,4.0,-1,0
train/benign/melanoma_3549.jpg,train,benign,9154,84.0,2240,4.0,-1,0
train/benign/melanoma_355.jpg,train,benign,7922,72.0,4249,8.0,-1,0
train/benign/melanoma_3550.jpg,train,benign,6931,80.0,2241,4.0,-1,0
train/benign/melanoma_3551.jpg,train,benign,6845,92.0,2242,2.0,-1,0
train/benign/melanoma_3552.jpg,train,benign,847,82.0,2243,6.0,-1,0
train/benign/melanoma_3553.jpg,train,benign,6877,60.0,2244,6.0,-1,0
train/benign/melanoma_3554.jpg,train,benign,9098,86.0,2245,4.0,-1,0
train/benign/melanoma_3555.jpg,train,benign,2613,86.0,2246,2.0,-1,0
train/benign/melanoma_3556.jpg,train,benign,8518,60.0,531,0.0,-1,0
train/benign/melanoma_3557.jpg,train,benign,2247,86.0,3404,0.0,-1,0
train/benign/melanoma_3558.jpg,train,benign,7124,60.0,765,6.0,-1,0
train/benign/melanoma_3559.jpg,train,benign,7231,72.0,601,0.0,-1,0
train/benign/melanoma_356.jpg,train,benign,980,90.0,4250,2.0,-1,0
train/benign/melanoma_3560.jpg,train,benign,7238,78.0,2893,4.0,-1,0
train/benign/melanoma_3561.jpg,train,benign,128,94.0,2247,6.0,-1,0
train/benign/melanoma_3562.jpg,train,benign,196,78.0,2249,6.0,-1,0
train/benign/melanoma_3563.jpg,train,benign,8995,78.0,2258,6.0,-1,0
train/benign/melanoma_3564.jpg,train,benign,8510,92.0,2349,4.0,-1,0
train/benign/melanoma_3565.jpg,train,benign,6683,70.0,2259,2.0,-1,0
train/benign/melanoma_3566.jpg,train,benign,1658,78.0,2260,4.0,-1,0
train/benign/melanoma_3567.jpg,train,benign,2570,76.0,2261,4.0,-1,0
train/benign/melanoma_3568.jpg,train,benign,7986,80.0,2262,4.0,-1,0
train/benign/melanoma_3569.jpg,train,benign,7610,86.0,766,2.0,-1,0
train/benign/melanoma_357.jpg,train,benign,8208,80.0,4251,0.0,-1,0
train/benign/melanoma_3570.jpg,train,benign,9447,68.0,2263,2.0,-1,0
train/benign/melanoma_3571.jpg,train,benign,1505,90.0,2264,2.0,-1,0
train/benign/melanoma_3572.jpg,train,benign,8759,82.0,472,6.0,-1,0
train/benign/melanoma_3573.jpg,train,benign,2585,80.0,602,4.0,-1,0
train/benign/melanoma_3574.jpg,train,benign,5799,84.0,2265,4.0,-1,0
train/benign/melanoma_3575.jpg,train,benign,4849,88.0,2266,4.0,-1,0
train/benign/melanoma_3576.jpg,train,benign,7932,80.0,2267,2.0,-1,0
train/benign/melanoma_3577.jpg,train,benign,2152,88.0,2250,6.0,-1,0
train/benign/melanoma_3578.jpg,train,benign,7149,80.0,2268,2.0,-1,0
train/benign/melanoma_3579.jpg,train,benign,6927,88.0,2269,4.0,-1,0
train/benign/melanoma_358.jpg,train,benign,7244,60.0,3480,2.0,-1,0
train/benign/melanoma_3580.jpg,train,benign,796,80.0,767,6.0,-1,0
train/benign/melanoma_3581.jpg,train,benign,6824,60.0,2270,4.0,-1,0
train/benign/melanoma_3582.jpg,train,benign,1250,82.0,2271,2.0,-1,0
train/benign/melanoma_3583.jpg,train,benign,2239,86.0,2272,2.0,-1,0
train/benign/melanoma_3584.jpg,train,benign,7668,68.0,2496,2.0,-1,0
train/benign/melanoma_3585.jpg,train,benign,2394,68.0,2894,2.0,-1,0
train/benign/melanoma_3586.jpg,train,benign,1276,70.0,2273,0.0,-1,0
train/benign/melanoma_3587.jpg,train,benign,9828,86.0,603,2.0,-1,0
train/benign/melanoma_3588.jpg,train,benign,36,88.0,2274,0.0,-1,0
train/benign/melanoma_3589.jpg,train,benign,141,88.0,2275,2.0,-1,0
train/benign/melanoma_359.jpg,train,benign,6909,72.0,4252,8.0,-1,0
train/benign/melanoma_3590.jpg,train,benign,7021,78.0,2276,6.0,-1,0
train/benign/melanoma_3591.jpg,train,benign,9076,90.0,1645,2.0,-1,0
train/benign/melanoma_3592.jpg,train,benign,9443,78.0,2277,6.0,-1,0
train/benign/melanoma_3593.jpg,train,benign,1170,70.0,2251,4.0,-1,0
train/benign/melanoma_3594.jpg,train,benign,7493,82.0,2278,2.0,-1,0
train/benign/melanoma_3595.jpg,train,benign,7196,76.0,2279,4.0,-1,0
train/benign/melanoma_3596.jpg,train,benign,594,82.0,2280,0.0,-1,0
train/benign/melanoma_3597.jpg,train,benign,6618,86.0,2895,4.0,-1,0
train/benign/melanoma_3598.jpg,train,benign,8016,60.0,2281,2.0,-1,0
train/benign/melanoma_3599.jpg,train,benign,7497,74.0,2282,4.0,-1,0
train/benign/melanoma_36.jpg,train,benign,6962,62.0,3450,4.0,-1,0
train/benign/melanoma_360.jpg,train,benign,770,76.0,4189,2.0,-1,0
train/benign/melanoma_3600.jpg,train,benign,7912,82.0,604,8.0,-1,0
train/benign/melanoma_3601.jpg,train,benign,2974,78.0,2283,8.0,-1,0
train/benign/melanoma_3602.jpg,train,benign,1847,86.0,2580,2.0,-1,0
train/benign/melanoma_3603.jpg,train,benign,804,90.0,2284,2.0,-1,0
train/benign/melanoma_3604.jpg,train,benign,6902,84.0,2286,0.0,-1,0
train/benign/melanoma_3605.jpg,train,benign,9090,74.0,2287,4.0,-1,0
train/benign/melanoma_3606.jpg,train,benign,7126,66.0,2288,4.0,-1,0
train/benign/melanoma_3607.jpg,train,benign,6928,94.0,2252,4.0,-1,0
train/benign/melanoma_3608.jpg,train,benign,847,76.0,2289,6.0,-1,0
train/benign/melanoma_3609.jpg,train,benign,9834,70.0,2896,2.0,-1,0
train/benign/melanoma_361.jpg,train,benign,9066,74.0,4253,4.0,-1,0
train/benign/melanoma_3610.jpg,train,benign,3269,90.0,2290,4.0,-1,0
train/benign/melanoma_3611.jpg,train,benign,924,78.0,2291,4.0,-1,0
train/benign/melanoma_3612.jpg,train,benign,9089,82.0,2292,4.0,-1,0
train/benign/melanoma_3613.jpg,train,benign,6988,76.0,768,6.0,-1,0
train/benign/melanoma_3614.jpg,train,benign,2443,68.0,605,0.0,-1,0
train/benign/melanoma_3615.jpg,train,benign,597,84.0,2293,2.0,-1,0
train/benign/melanoma_3616.jpg,train,benign,4797,90.0,2294,4.0,-1,0
train/benign/melanoma_3617.jpg,train,benign,24,76.0,2295,2.0,-1,0
train/benign/melanoma_3618.jpg,train,benign,1553,76.0,2296,2.0,-1,0
train/benign/melanoma_3619.jpg,train,benign,7912,62.0,2297,2.0,-1,0
train/benign/melanoma_362.jpg,train,benign,8299,70.0,1739,4.0,-1,0
train/benign/melanoma_3620.jpg,train,benign,7494,74.0,2298,4.0,-1,0
train/benign/melanoma_3621.jpg,train,benign,1761,90.0,2897,6.0,-1,0
train/benign/melanoma_3622.jpg,train,benign,7090,92.0,2253,2.0,-1,0
train/benign/melanoma_3623.jpg,train,benign,6764,78.0,2299,8.0,-1,0
train/benign/melanoma_3624.jpg,train,benign,7264,90.0,769,8.0,-1,0
train/benign/melanoma_3625.jpg,train,benign,7416,80.0,2300,6.0,-1,0
train/benign/melanoma_3626.jpg,train,benign,3347,74.0,2301,2.0,-1,0
train/benign/melanoma_3627.jpg,train,benign,7776,86.0,606,0.0,-1,0
train/benign/melanoma_3628.jpg,train,benign,2375,82.0,2302,4.0,-1,0
train/benign/melanoma_3629.jpg,train,benign,1918,94.0,2303,0.0,-1,0
train/benign/melanoma_363.jpg,train,benign,7497,76.0,2647,2.0,-1,0
train/benign/melanoma_3630.jpg,train,benign,7920,76.0,2304,4.0,-1,0
train/benign/melanoma_3631.jpg,train,benign,7356,70.0,2305,0.0,-1,0
train/benign/melanoma_3632.jpg,train,benign,2390,78.0,2306,4.0,-1,0
train/benign/melanoma_3633.jpg,train,benign,1386,62.0,2898,4.0,-1,0
train/benign/melanoma_3634.jpg,train,benign,6696,70.0,2307,2.0,-1,0
train/benign/melanoma_3635.jpg,train,benign,8426,86.0,770,6.0,-1,0
train/benign/melanoma_3636.jpg,train,benign,2503,84.0,2308,4.0,-1,0
train/benign/melanoma_3637.jpg,train,benign,3218,94.0,2254,2.0,-1,0
train/benign/melanoma_3638.jpg,train,benign,7966,76.0,2309,4.0,-1,0
train/benign/melanoma_3639.jpg,train,benign,3649,72.0,2310,8.0,-1,0
train/benign/melanoma_364.jpg,train,benign,3539,92.0,4254,2.0,-1,0
train/benign/melanoma_3640.jpg,train,benign,2402,82.0,608,4.0,-1,0
train/benign/melanoma_3641.jpg,train,benign,9152,62.0,2311,2.0,-1,0
train/benign/melanoma_3642.jpg,train,benign,1625,86.0,2312,0.0,-1,0
train/benign/melanoma_3643.jpg,train,benign,1660,90.0,2313,0.0,-1,0
train/benign/melanoma_3644.jpg,train,benign,1324,70.0,2314,6.0,-1,0
train/benign/melanoma_3645.jpg,train,benign,6487,74.0,2862,8.0,-1,0
train/benign/melanoma_3646.jpg,train,benign,7791,82.0,771,4.0,-1,0
train/benign/melanoma_3647.jpg,train,benign,8411,90.0,2315,6.0,-1,0
train/benign/melanoma_3648.jpg,train,benign,869,82.0,2316,6.0,-1,0
train/benign/melanoma_3649.jpg,train,benign,7181,60.0,2317,4.0,-1,0
train/benign/melanoma_365.jpg,train,benign,2557,78.0,4255,0.0,-1,0
train/benign/melanoma_3650.jpg,train,benign,6597,82.0,2318,6.0,-1,0
train/benign/melanoma_3651.jpg,train,benign,9652,80.0,2255,2.0,-1,0
train/benign/melanoma_3652.jpg,train,benign,7545,56.0,2319,6.0,-1,0
train/benign/melanoma_3653.jpg,train,benign,9911,88.0,609,4.0,-1,0
train/benign/melanoma_3654.jpg,train,benign,5507,96.0,2320,6.0,-1,0
train/benign/melanoma_3655.jpg,train,benign,7929,88.0,2321,2.0,-1,0
train/benign/melanoma_3656.jpg,train,benign,6558,78.0,2322,4.0,-1,0
train/benign/melanoma_3657.jpg,train,benign,7244,58.0,772,4.0,-1,0
train/benign/melanoma_3658.jpg,train,benign,6110,84.0,2899,0.0,-1,0
train/benign/melanoma_3659.jpg,train,benign,3682,72.0,2323,2.0,-1,0
train/benign/melanoma_366.jpg,train,benign,900,84.0,4256,4.0,-1,0
train/benign/melanoma_3660.jpg,train,benign,2392,80.0,2324,2.0,-1,0
train/benign/melanoma_3661.jpg,train,benign,6974,46.0,2325,2.0,-1,0
train/benign/melanoma_3662.jpg,train,benign,8574,80.0,2326,4.0,-1,0
train/benign/melanoma_3663.jpg,train,benign,2340,82.0,2327,0.0,-1,0
train/benign/melanoma_3664.jpg,train,benign,2339,84.0,2328,8.0,-1,0
train/benign/melanoma_3665.jpg,train,benign,1302,86.0,2256,2.0,-1,0
train/benign/melanoma_3666.jpg,train,benign,9076,62.0,610,2.0,-1,0
train/benign/melanoma_3667.jpg,train,benign,2353,88.0,2329,4.0,-1,0
train/benign/melanoma_3668.jpg,train,benign,2334,76.0,3405,8.0,-1,0
train/benign/melanoma_3669.jpg,train,benign,1322,80.0,773,6.0,-1,0
train/benign/melanoma_367.jpg,train,benign,9152,60.0,4257,2.0,-1,0
train/benign/melanoma_3670.jpg,train,benign,4330,92.0,2330,2.0,-1,0
train/benign/melanoma_3671.jpg,train,benign,604,84.0,2900,2.0,-1,0
train/benign/melanoma_3672.jpg,train,benign,1494,90.0,2331,4.0,-1,0
train/benign/melanoma_3673.jpg,train,benign,7519,90.0,2332,2.0,-1,0
train/benign/melanoma_3674.jpg,train,benign,8026,76.0,2333,6.0,-1,0
train/benign/melanoma_3675.jpg,train,benign,4802,84.0,2334,0.0,-1,0
train/benign/melanoma_3676.jpg,train,benign,2220,90.0,2335,2.0,-1,0
train/benign/melanoma_3677.jpg,train,benign,1630,64.0,2336,2.0,-1,0
train/benign/melanoma_3678.jpg,train,benign,5542,90.0,2337,0.0,-1,0
train/benign/melanoma_3679.jpg,train,benign,9447,88.0,2338,6.0,-1,0
train/benign/melanoma_368.jpg,train,benign,4133,86.0,4258,4.0,-1,0
train/benign/melanoma_3680.jpg,train,benign,7535,84.0,646,2.0,-1,0
train/benign/melanoma_3681.jpg,train,benign,3546,88.0,611,2.0,-1,0
train/benign/melanoma_3682.jpg,train,benign,5391,66.0,2257,4.0,-1,0
train/benign/melanoma_3683.jpg,train,benign,2234,72.0,2901,2.0,-1,0
train/benign/melanoma_3684.jpg,train,benign,8865,62.0,2339,2.0,-1,0
train/benign/melanoma_3685.jpg,train,benign,9302,58.0,2340,8.0,-1,0
train/benign/melanoma_3686.jpg,train,benign,8450,82.0,2341,2.0,-1,0
train/benign/melanoma_3687.jpg,train,benign,9200,72.0,2342,6.0,-1,0
train/benign/melanoma_3688.jpg,train,benign,2949,90.0,2343,2.0,-1,0
train/benign/melanoma_3689.jpg,train,benign,7506,86.0,2344,2.0,-1,0
train/benign/melanoma_369.jpg,train,benign,8585,78.0,3575,4.0,-1,0
train/benign/melanoma_3690.jpg,train,benign,1643,92.0,2345,0.0,-1,0
train/benign/melanoma_3691.jpg,train,benign,7550,78.0,775,4.0,-1,0
train/benign/melanoma_3692.jpg,train,benign,8640,70.0,2346,2.0,-1,0
train/benign/melanoma_3693.jpg,train,benign,823,88.0,2347,4.0,-1,0
train/benign/melanoma_3694.jpg,train,benign,9447,48.0,532,0.0,-1,0
train/benign/melanoma_3695.jpg,train,benign,3104,86.0,2902,2.0,-1,0
train/benign/melanoma_3696.jpg,train,benign,5241,92.0,442,4.0,-1,0
train/benign/melanoma_3697.jpg,train,benign,8839,72.0,2348,0.0,-1,0
train/benign/melanoma_3698.jpg,train,benign,8989,82.0,2350,2.0,-1,0
train/benign/melanoma_3699.jpg,train,benign,9503,74.0,2359,2.0,-1,0
train/benign/melanoma_37.jpg,train,benign,7105,84.0,4016,2.0,-1,0
train/benign/melanoma_370.jpg,train,benign,9371,88.0,4259,2.0,-1,0
train/benign/melanoma_3700.jpg,train,benign,6839,92.0,2449,4.0,-1,0
train/benign/melanoma_3701.jpg,train,benign,199,86.0,2360,0.0,-1,0
train/benign/melanoma_3702.jpg,train,benign,1263,70.0,776,4.0,-1,0
train/benign/melanoma_3703.jpg,train,benign,8777,76.0,2361,2.0,-1,0
train/benign/melanoma_3704.jpg,train,benign,2752,86.0,2362,2.0,-1,0
train/benign/melanoma_3705.jpg,train,benign,5972,80.0,2363,4.0,-1,0
train/benign/melanoma_3706.jpg,train,benign,7670,86.0,2364,6.0,-1,0
train/benign/melanoma_3707.jpg,train,benign,3459,86.0,2497,8.0,-1,0
train/benign/melanoma_3708.jpg,train,benign,8175,88.0,473,6.0,-1,0
train/benign/melanoma_3709.jpg,train,benign,9447,76.0,2365,6.0,-1,0
train/benign/melanoma_371.jpg,train,benign,2229,88.0,4260,4.0,-1,0
train/benign/melanoma_3710.jpg,train,benign,7033,66.0,612,6.0,-1,0
train/benign/melanoma_3711.jpg,train,benign,9304,80.0,2366,2.0,-1,0
train/benign/melanoma_3712.jpg,train,benign,2591,88.0,2367,0.0,-1,0
train/benign/melanoma_3713.jpg,train,benign,1322,78.0,777,2.0,-1,0
train/benign/melanoma_3714.jpg,train,benign,5325,76.0,2368,4.0,-1,0
train/benign/melanoma_3715.jpg,train,benign,9653,70.0,2351,2.0,-1,0
train/benign/melanoma_3716.jpg,train,benign,5574,70.0,2369,2.0,-1,0
train/benign/melanoma_3717.jpg,train,benign,2416,84.0,2370,2.0,-1,0
train/benign/melanoma_3718.jpg,train,benign,847,76.0,2371,2.0,-1,0
train/benign/melanoma_3719.jpg,train,benign,3546,84.0,2372,6.0,-1,0
train/benign/melanoma_372.jpg,train,benign,76,78.0,4261,4.0,-1,0
train/benign/melanoma_3720.jpg,train,benign,7967,84.0,2903,4.0,-1,0
train/benign/melanoma_3721.jpg,train,benign,2771,90.0,2373,2.0,-1,0
train/benign/melanoma_3722.jpg,train,benign,1855,90.0,2374,2.0,-1,0
train/benign/melanoma_3723.jpg,train,benign,8518,88.0,613,6.0,-1,0
train/benign/melanoma_3724.jpg,train,benign,9552,84.0,2581,2.0,-1,0
train/benign/melanoma_3725.jpg,train,benign,7400,84.0,2375,2.0,-1,0
train/benign/melanoma_3726.jpg,train,benign,3340,82.0,2376,6.0,-1,0
train/benign/melanoma_3727.jpg,train,benign,9345,62.0,2377,4.0,-1,0
train/benign/melanoma_3728.jpg,train,benign,2909,86.0,2378,4.0,-1,0
train/benign/melanoma_3729.jpg,train,benign,2047,80.0,2352,4.0,-1,0
train/benign/melanoma_373.jpg,train,benign,6487,56.0,4262,2.0,-1,0
train/benign/melanoma_3730.jpg,train,benign,855,90.0,2379,0.0,-1,0
train/benign/melanoma_3731.jpg,train,benign,2538,90.0,2380,2.0,-1,0
train/benign/melanoma_3732.jpg,train,benign,9120,72.0,2904,2.0,-1,0
train/benign/melanoma_3733.jpg,train,benign,6682,84.0,2381,6.0,-1,0
train/benign/melanoma_3734.jpg,train,benign,8501,90.0,2382,0.0,-1,0
train/benign/melanoma_3735.jpg,train,benign,3982,72.0,1673,2.0,-1,0
train/benign/melanoma_3736.jpg,train,benign,8949,34.0,2383,2.0,-1,0
train/benign/melanoma_3737.jpg,train,benign,7763,90.0,614,6.0,-1,0
train/benign/melanoma_3738.jpg,train,benign,980,94.0,2384,0.0,-1,0
train/benign/melanoma_3739.jpg,train,benign,2265,60.0,2385,2.0,-1,0
train/benign/melanoma_374.jpg,train,benign,6034,76.0,4190,4.0,-1,0
train/benign/melanoma_3740.jpg,train,benign,1727,82.0,2386,6.0,-1,0
train/benign/melanoma_3741.jpg,train,benign,7427,86.0,2387,2.0,-1,0
train/benign/melanoma_3742.jpg,train,benign,2204,82.0,2388,4.0,-1,0
train/benign/melanoma_3743.jpg,train,benign,7044,84.0,2353,0.0,-1,0
train/benign/melanoma_3744.jpg,train,benign,75,88.0,2905,4.0,-1,0
train/benign/melanoma_3745.jpg,train,benign,683,88.0,2389,0.0,-1,0
train/benign/melanoma_3746.jpg,train,benign,7124,80.0,778,2.0,-1,0
train/benign/melanoma_3747.jpg,train,benign,6962,64.0,2390,4.0,-1,0
train/benign/melanoma_3748.jpg,train,benign,243,80.0,2391,2.0,-1,0
train/benign/melanoma_3749.jpg,train,benign,8475,66.0,2392,2.0,-1,0
train/benign/melanoma_375.jpg,train,benign,4064,80.0,2474,4.0,-1,0
train/benign/melanoma_3750.jpg,train,benign,9302,60.0,615,2.0,-1,0
train/benign/melanoma_3751.jpg,train,benign,1453,90.0,2393,2.0,-1,0
train/benign/melanoma_3752.jpg,train,benign,8865,70.0,2394,2.0,-1,0
train/benign/melanoma_3753.jpg,train,benign,7454,74.0,2395,4.0,-1,0
train/benign/melanoma_3754.jpg,train,benign,8522,80.0,2396,6.0,-1,0
train/benign/melanoma_3755.jpg,train,benign,8865,74.0,2397,2.0,-1,0
train/benign/melanoma_3756.jpg,train,benign,6763,66.0,2906,6.0,-1,0
train/benign/melanoma_3757.jpg,train,benign,7395,80.0,779,2.0,-1,0
train/benign/melanoma_3758.jpg,train,benign,7196,78.0,2398,2.0,-1,0
train/benign/melanoma_3759.jpg,train,benign,2003,74.0,2354,2.0,-1,0
train/benign/melanoma_376.jpg,train,benign,8865,76.0,2648,4.0,-1,0
train/benign/melanoma_3760.jpg,train,benign,7545,68.0,2399,6.0,-1,0
train/benign/melanoma_3761.jpg,train,benign,2912,82.0,2400,6.0,-1,0
train/benign/melanoma_3762.jpg,train,benign,5904,76.0,2401,2.0,-1,0
train/benign/melanoma_3763.jpg,train,benign,3871,82.0,616,4.0,-1,0
train/benign/melanoma_3764.jpg,train,benign,710,88.0,2402,2.0,-1,0
train/benign/melanoma_3765.jpg,train,benign,5227,90.0,2403,0.0,-1,0
train/benign/melanoma_3766.jpg,train,benign,3166,94.0,2404,2.0,-1,0
train/benign/melanoma_3767.jpg,train,benign,1553,84.0,2405,6.0,-1,0
train/benign/melanoma_3768.jpg,train,benign,7093,86.0,780,2.0,-1,0
train/benign/melanoma_3769.jpg,train,benign,21,90.0,2907,6.0,-1,0
train/benign/melanoma_377.jpg,train,benign,7099,86.0,1741,6.0,-1,0
train/benign/melanoma_3770.jpg,train,benign,7372,86.0,2406,2.0,-1,0
train/benign/melanoma_3771.jpg,train,benign,9076,60.0,2407,2.0,-1,0
train/benign/melanoma_3772.jpg,train,benign,1322,78.0,2408,10.0,-1,0
train/benign/melanoma_3773.jpg,train,benign,2443,68.0,2355,2.0,-1,0
train/benign/melanoma_3774.jpg,train,benign,9152,56.0,2409,2.0,-1,0
train/benign/melanoma_3775.jpg,train,benign,9155,76.0,2410,0.0,-1,0
train/benign/melanoma_3776.jpg,train,benign,5672,86.0,617,6.0,-1,0
train/benign/melanoma_3777.jpg,train,benign,1375,80.0,2411,2.0,-1,0
train/benign/melanoma_3778.jpg,train,benign,9651,54.0,2412,2.0,-1,0
train/benign/melanoma_3779.jpg,train,benign,2692,86.0,3407,2.0,-1,0
train/benign/melanoma_378.jpg,train,benign,5174,84.0,4263,6.0,-1,0
train/benign/melanoma_3780.jpg,train,benign,8949,50.0,781,8.0,-1,0
train/benign/melanoma_3781.jpg,train,benign,6909,56.0,2413,0.0,-1,0
train/benign/melanoma_3782.jpg,train,benign,505,82.0,2908,2.0,-1,0
train/benign/melanoma_3783.jpg,train,benign,5680,92.0,2414,4.0,-1,0
train/benign/melanoma_3784.jpg,train,benign,4439,80.0,2415,2.0,-1,0
train/benign/melanoma_3785.jpg,train,benign,6862,82.0,2416,2.0,-1,0
train/benign/melanoma_3786.jpg,train,benign,870,94.0,2417,0.0,-1,0
train/benign/melanoma_3787.jpg,train,benign,9122,82.0,2418,8.0,-1,0
train/benign/melanoma_3788.jpg,train,benign,4293,74.0,2356,0.0,-1,0
train/benign/melanoma_3789.jpg,train,benign,1945,90.0,2419,0.0,-1,0
train/benign/melanoma_379.jpg,train,benign,756,84.0,4264,4.0,-1,0
train/benign/melanoma_3790.jpg,train,benign,312,86.0,618,2.0,-1,0
train/benign/melanoma_3791.jpg,train,benign,8110,78.0,782,2.0,-1,0
train/benign/melanoma_3792.jpg,train,benign,7922,78.0,2420,2.0,-1,0
train/benign/melanoma_3793.jpg,train,benign,1492,90.0,2421,6.0,-1,0
train/benign/melanoma_3794.jpg,train,benign,7264,86.0,2863,10.0,-1,0
train/benign/melanoma_3795.jpg,train,benign,1498,60.0,2422,4.0,-1,0
train/benign/melanoma_3796.jpg,train,benign,9277,70.0,2423,2.0,-1,0
train/benign/melanoma_3797.jpg,train,benign,6152,92.0,2424,2.0,-1,0
train/benign/melanoma_3798.jpg,train,benign,1197,90.0,2425,4.0,-1,0
train/benign/melanoma_3799.jpg,train,benign,6909,60.0,2426,4.0,-1,0
train/benign/melanoma_38.jpg,train,benign,4998,74.0,4017,4.0,-1,0
train/benign/melanoma_380.jpg,train,benign,1850,86.0,3481,2.0,-1,0
train/benign/melanoma_3800.jpg,train,benign,8839,70.0,2427,4.0,-1,0
train/benign/melanoma_3801.jpg,train,benign,773,90.0,2428,2.0,-1,0
train/benign/melanoma_3802.jpg,train,benign,5064,82.0,783,4.0,-1,0
train/benign/melanoma_3803.jpg,train,benign,8550,84.0,2357,4.0,-1,0
train/benign/melanoma_3804.jpg,train,benign,8865,86.0,619,2.0,-1,0
train/benign/melanoma_3805.jpg,train,benign,2899,90.0,2429,2.0,-1,0
train/benign/melanoma_3806.jpg,train,benign,3256,86.0,2909,4.0,-1,0
train/benign/melanoma_3807.jpg,train,benign,6721,90.0,2430,2.0,-1,0
train/benign/melanoma_3808.jpg,train,benign,11,88.0,2431,6.0,-1,0
train/benign/melanoma_3809.jpg,train,benign,9107,78.0,2432,2.0,-1,0
train/benign/melanoma_381.jpg,train,benign,1625,84.0,4265,2.0,-1,0
train/benign/melanoma_3810.jpg,train,benign,6023,78.0,2433,4.0,-1,0
train/benign/melanoma_3811.jpg,train,benign,9336,56.0,2434,2.0,-1,0
train/benign/melanoma_3812.jpg,train,benign,4939,88.0,2435,4.0,-1,0
train/benign/melanoma_3813.jpg,train,benign,6913,82.0,784,2.0,-1,0
train/benign/melanoma_3814.jpg,train,benign,878,88.0,2436,4.0,-1,0
train/benign/melanoma_3815.jpg,train,benign,9098,80.0,2437,4.0,-1,0
train/benign/melanoma_3816.jpg,train,benign,9443,72.0,2438,2.0,-1,0
train/benign/melanoma_3817.jpg,train,benign,6224,74.0,620,4.0,-1,0
train/benign/melanoma_3818.jpg,train,benign,545,86.0,2910,4.0,-1,0
train/benign/melanoma_3819.jpg,train,benign,107,76.0,2358,2.0,-1,0
train/benign/melanoma_382.jpg,train,benign,8548,90.0,4266,2.0,-1,0
train/benign/melanoma_3820.jpg,train,benign,6962,70.0,2439,4.0,-1,0
train/benign/melanoma_3821.jpg,train,benign,8764,76.0,2440,0.0,-1,0
train/benign/melanoma_3822.jpg,train,benign,4056,92.0,2441,2.0,-1,0
train/benign/melanoma_3823.jpg,train,benign,1167,62.0,2442,6.0,-1,0
train/benign/melanoma_3824.jpg,train,benign,24,76.0,647,4.0,-1,0
train/benign/melanoma_3825.jpg,train,benign,7002,74.0,2443,2.0,-1,0
train/benign/melanoma_3826.jpg,train,benign,1650,84.0,2444,2.0,-1,0
train/benign/melanoma_3827.jpg,train,benign,7920,54.0,2445,6.0,-1,0
train/benign/melanoma_3828.jpg,train,benign,5113,80.0,2446,12.0,-1,-1
train/benign/melanoma_3829.jpg,train,benign,2443,72.0,2447,2.0,-1,0
train/benign/melanoma_383.jpg,train,benign,263,74.0,4268,0.0,-1,0
train/benign/melanoma_3830.jpg,train,benign,1170,60.0,2460,2.0,-1,0
train/benign/melanoma_3831.jpg,train,benign,2389,94.0,2498,2.0,-1,0
train/benign/melanoma_3832.jpg,train,benign,7083,82.0,2911,2.0,-1,0
train/benign/melanoma_3833.jpg,train,benign,2127,76.0,474,2.0,-1,0
train/benign/melanoma_3834.jpg,train,benign,4709,84.0,2912,6.0,-1,0
train/benign/melanoma_3835.jpg,train,benign,4959,82.0,785,2.0,-1,0
train/benign/melanoma_3836.jpg,train,benign,1310,88.0,2913,2.0,-1,0
train/benign/melanoma_3837.jpg,train,benign,1386,52.0,2914,4.0,-1,0
train/benign/melanoma_3838.jpg,train,benign,1768,82.0,2915,2.0,-1,0
train/benign/melanoma_3839.jpg,train,benign,6688,80.0,2916,4.0,-1,0
train/benign/melanoma_384.jpg,train,benign,9293,84.0,4269,0.0,-1,0
train/benign/melanoma_3840.jpg,train,benign,1276,56.0,2917,2.0,-1,0
train/benign/melanoma_3841.jpg,train,benign,6743,84.0,2918,2.0,-1,0
train/benign/melanoma_3842.jpg,train,benign,1393,72.0,2864,2.0,-1,0
train/benign/melanoma_3843.jpg,train,benign,1647,54.0,2499,4.0,-1,0
train/benign/melanoma_3844.jpg,train,benign,7858,84.0,2919,4.0,-1,0
train/benign/melanoma_3845.jpg,train,benign,6598,78.0,2920,0.0,-1,0
train/benign/melanoma_3846.jpg,train,benign,2380,82.0,2467,2.0,-1,0
train/benign/melanoma_3847.jpg,train,benign,9634,82.0,429,2.0,-1,0
train/benign/melanoma_3848.jpg,train,benign,7494,76.0,2921,2.0,-1,0
train/benign/melanoma_3849.jpg,train,benign,171,90.0,2922,4.0,-1,0
train/benign/melanoma_385.jpg,train,benign,9261,76.0,4270,2.0,-1,0
train/benign/melanoma_3850.jpg,train,benign,6721,84.0,2923,6.0,-1,0
train/benign/melanoma_3851.jpg,train,benign,1629,92.0,2924,4.0,-1,0
train/benign/melanoma_3852.jpg,train,benign,3054,82.0,2925,8.0,-1,0
train/benign/melanoma_3853.jpg,train,benign,2343,86.0,2926,2.0,-1,0
train/benign/melanoma_3854.jpg,train,benign,2392,90.0,2927,2.0,-1,0
train/benign/melanoma_3855.jpg,train,benign,75,78.0,2500,4.0,-1,0
train/benign/melanoma_3856.jpg,train,benign,8456,72.0,2928,0.0,-1,0
train/benign/melanoma_3857.jpg,train,benign,5773,76.0,2555,2.0,-1,0
train/benign/melanoma_3858.jpg,train,benign,7061,50.0,2865,6.0,-1,0
train/benign/melanoma_3859.jpg,train,benign,7496,84.0,2929,2.0,-1,0
train/benign/melanoma_386.jpg,train,benign,5068,78.0,4271,0.0,-1,0
train/benign/melanoma_3860.jpg,train,benign,1170,68.0,476,2.0,-1,0
train/benign/melanoma_3861.jpg,train,benign,7670,76.0,2930,0.0,-1,0
train/benign/melanoma_3862.jpg,train,benign,6874,76.0,2931,4.0,-1,0
train/benign/melanoma_3863.jpg,train,benign,8113,82.0,2932,4.0,-1,0
train/benign/melanoma_3864.jpg,train,benign,6898,88.0,2933,4.0,-1,0
train/benign/melanoma_3865.jpg,train,benign,9562,82.0,2934,0.0,-1,0
train/benign/melanoma_3866.jpg,train,benign,4128,86.0,2935,2.0,-1,0
train/benign/melanoma_3867.jpg,train,benign,662,54.0,2455,4.0,-1,0
train/benign/melanoma_3868.jpg,train,benign,9651,82.0,786,0.0,-1,0
train/benign/melanoma_3869.jpg,train,benign,6687,76.0,2937,0.0,-1,0
train/benign/melanoma_387.jpg,train,benign,1167,88.0,4272,2.0,-1,0
train/benign/melanoma_3870.jpg,train,benign,7965,82.0,2938,4.0,-1,0
train/benign/melanoma_3871.jpg,train,benign,9204,82.0,2939,0.0,-1,0
train/benign/melanoma_3872.jpg,train,benign,9076,70.0,2866,2.0,-1,0
train/benign/melanoma_3873.jpg,train,benign,24,76.0,477,2.0,-1,0
train/benign/melanoma_3874.jpg,train,benign,6777,58.0,2940,2.0,-1,0
train/benign/melanoma_3875.jpg,train,benign,1273,72.0,2941,0.0,-1,0
train/benign/melanoma_3876.jpg,train,benign,841,84.0,2942,2.0,-1,0
train/benign/melanoma_3877.jpg,train,benign,8798,82.0,2943,2.0,-1,0
train/benign/melanoma_3878.jpg,train,benign,8522,84.0,2944,2.0,-1,0
train/benign/melanoma_3879.jpg,train,benign,9338,58.0,1674,6.0,-1,0
train/benign/melanoma_388.jpg,train,benign,2489,76.0,2649,4.0,-1,0
train/benign/melanoma_3880.jpg,train,benign,9051,84.0,2501,6.0,-1,0
train/benign/melanoma_3881.jpg,train,benign,1603,88.0,2945,8.0,-1,0
train/benign/melanoma_3882.jpg,train,benign,9672,88.0,2946,2.0,-1,0
train/benign/melanoma_3883.jpg,train,benign,4319,88.0,2947,2.0,-1,0
train/benign/melanoma_3884.jpg,train,benign,2903,86.0,2948,0.0,-1,0
train/benign/melanoma_3885.jpg,train,benign,6693,58.0,2949,4.0,-1,0
train/benign/melanoma_3886.jpg,train,benign,7023,88.0,478,10.0,-1,0
train/benign/melanoma_3887.jpg,train,benign,443,90.0,2867,6.0,-1,0
train/benign/melanoma_3888.jpg,train,benign,2916,94.0,2950,4.0,-1,0
train/benign/melanoma_3889.jpg,train,benign,8684,86.0,2951,4.0,-1,0
train/benign/melanoma_389.jpg,train,benign,387,86.0,4273,4.0,-1,0
train/benign/melanoma_3890.jpg,train,benign,5064,88.0,3408,4.0,-1,0
train/benign/melanoma_3891.jpg,train,benign,925,64.0,787,0.0,-1,0
train/benign/melanoma_3892.jpg,train,benign,7116,56.0,2952,2.0,-1,0
train/benign/melanoma_3893.jpg,train,benign,6984,82.0,2502,4.0,-1,0
train/benign/melanoma_3894.jpg,train,benign,9064,66.0,2953,4.0,-1,0
train/benign/melanoma_3895.jpg,train,benign,7494,78.0,2954,2.0,-1,0
train/benign/melanoma_3896.jpg,train,benign,1299,92.0,2955,0.0,-1,0
train/benign/melanoma_3897.jpg,train,benign,7355,86.0,2956,0.0,-1,0
train/benign/melanoma_3898.jpg,train,benign,6576,76.0,2957,4.0,-1,0
train/benign/melanoma_3899.jpg,train,benign,1909,70.0,2958,2.0,-1,0
train/benign/melanoma_39.jpg,train,benign,6283,92.0,4018,2.0,-1,0
train/benign/melanoma_390.jpg,train,benign,8949,38.0,1742,0.0,-1,0
train/benign/melanoma_3900.jpg,train,benign,9091,66.0,537,2.0,-1,0
train/benign/melanoma_3901.jpg,train,benign,2540,90.0,479,2.0,-1,0
train/benign/melanoma_3902.jpg,train,benign,3872,72.0,788,4.0,-1,0
train/benign/melanoma_3903.jpg,train,benign,9522,84.0,2960,2.0,-1,0
train/benign/melanoma_3904.jpg,train,benign,7010,76.0,2962,6.0,-1,0
train/benign/melanoma_3905.jpg,train,benign,2878,90.0,2503,2.0,-1,0
train/benign/melanoma_3906.jpg,train,benign,9200,84.0,2971,10.0,-1,0
train/benign/melanoma_3907.jpg,train,benign,7010,68.0,3062,2.0,-1,0
train/benign/melanoma_3908.jpg,train,benign,4105,84.0,2972,2.0,-1,0
train/benign/melanoma_3909.jpg,train,benign,7494,84.0,2973,0.0,-1,0
train/benign/melanoma_391.jpg,train,benign,945,78.0,3482,4.0,-1,0
train/benign/melanoma_3910.jpg,train,benign,5487,84.0,2974,4.0,-1,0
train/benign/melanoma_3911.jpg,train,benign,9657,90.0,2975,2.0,-1,0
train/benign/melanoma_3912.jpg,train,benign,6573,80.0,2976,2.0,-1,0
train/benign/melanoma_3913.jpg,train,benign,9064,72.0,789,2.0,-1,0
train/benign/melanoma_3914.jpg,train,benign,3279,84.0,2977,4.0,-1,0
train/benign/melanoma_3915.jpg,train,benign,2416,84.0,480,4.0,-1,0
train/benign/melanoma_3916.jpg,train,benign,7588,60.0,2978,2.0,-1,0
train/benign/melanoma_3917.jpg,train,benign,2973,86.0,625,2.0,-1,0
train/benign/melanoma_3918.jpg,train,benign,1306,92.0,2979,0.0,-1,0
train/benign/melanoma_3919.jpg,train,benign,2565,78.0,2980,8.0,-1,0
train/benign/melanoma_392.jpg,train,benign,7481,64.0,4191,4.0,-1,0
train/benign/melanoma_3920.jpg,train,benign,6330,88.0,2963,2.0,-1,0
train/benign/melanoma_3921.jpg,train,benign,9348,58.0,2981,0.0,-1,0
train/benign/melanoma_3922.jpg,train,benign,7277,80.0,2982,6.0,-1,0
train/benign/melanoma_3923.jpg,train,benign,7571,86.0,2983,2.0,-1,0
train/benign/melanoma_3924.jpg,train,benign,5438,68.0,790,4.0,-1,0
train/benign/melanoma_3925.jpg,train,benign,8973,78.0,2984,4.0,-1,0
train/benign/melanoma_3926.jpg,train,benign,2488,78.0,2985,2.0,-1,0
train/benign/melanoma_3927.jpg,train,benign,716,94.0,2986,4.0,-1,0
train/benign/melanoma_3928.jpg,train,benign,2375,76.0,481,2.0,-1,0
train/benign/melanoma_3929.jpg,train,benign,8835,72.0,2504,6.0,-1,0
train/benign/melanoma_393.jpg,train,benign,9325,76.0,4274,4.0,-1,0
train/benign/melanoma_3930.jpg,train,benign,3995,90.0,2987,2.0,-1,0
train/benign/melanoma_3931.jpg,train,benign,4112,88.0,2988,0.0,-1,0
train/benign/melanoma_3932.jpg,train,benign,1690,86.0,2989,2.0,-1,0
train/benign/melanoma_3933.jpg,train,benign,8840,70.0,2990,6.0,-1,0
train/benign/melanoma_3934.jpg,train,benign,7098,84.0,2964,4.0,-1,0
train/benign/melanoma_3935.jpg,train,benign,8350,92.0,791,2.0,-1,0
train/benign/melanoma_3936.jpg,train,benign,6729,74.0,2991,4.0,-1,0
train/benign/melanoma_3937.jpg,train,benign,3143,92.0,2992,4.0,-1,0
train/benign/melanoma_3938.jpg,train,benign,7293,78.0,2993,6.0,-1,0
train/benign/melanoma_3939.jpg,train,benign,6833,78.0,2994,2.0,-1,0
train/benign/melanoma_394.jpg,train,benign,9460,80.0,4275,6.0,-1,0
train/benign/melanoma_3940.jpg,train,benign,7501,80.0,2995,6.0,-1,0
train/benign/melanoma_3941.jpg,train,benign,2425,72.0,2505,2.0,-1,0
train/benign/melanoma_3942.jpg,train,benign,6979,84.0,482,2.0,-1,0
train/benign/melanoma_3943.jpg,train,benign,9713,90.0,2996,2.0,-1,0
train/benign/melanoma_3944.jpg,train,benign,3041,78.0,2997,0.0,-1,0
train/benign/melanoma_3945.jpg,train,benign,1226,84.0,2998,6.0,-1,0
train/benign/melanoma_3946.jpg,train,benign,1779,60.0,792,2.0,-1,0
train/benign/melanoma_3947.jpg,train,benign,9357,90.0,2999,0.0,-1,0
train/benign/melanoma_3948.jpg,train,benign,6673,72.0,3000,4.0,-1,0
train/benign/melanoma_3949.jpg,train,benign,1670,80.0,2965,2.0,-1,0
train/benign/melanoma_395.jpg,train,benign,7930,78.0,4276,2.0,-1,0
train/benign/melanoma_3950.jpg,train,benign,9503,84.0,3001,4.0,-1,0
train/benign/melanoma_3951.jpg,train,benign,6743,76.0,3002,6.0,-1,0
train/benign/melanoma_3952.jpg,train,benign,8706,82.0,3003,4.0,-1,0
train/benign/melanoma_3953.jpg,train,benign,6482,86.0,2552,2.0,-1,0
train/benign/melanoma_3954.jpg,train,benign,7450,82.0,2506,4.0,-1,0
train/benign/melanoma_3955.jpg,train,benign,6962,78.0,3004,6.0,-1,0
train/benign/melanoma_3956.jpg,train,benign,3839,86.0,483,6.0,-1,0
train/benign/melanoma_3957.jpg,train,benign,6266,92.0,793,2.0,-1,0
train/benign/melanoma_3958.jpg,train,benign,9594,72.0,3005,0.0,-1,0
train/benign/melanoma_3959.jpg,train,benign,2488,60.0,3006,2.0,-1,0
train/benign/melanoma_396.jpg,train,benign,8182,76.0,4277,2.0,-1,0
train/benign/melanoma_3960.jpg,train,benign,8925,70.0,3007,12.0,-1,-1
train/benign/melanoma_3961.jpg,train,benign,7656,56.0,3008,2.0,-1,0
train/benign/melanoma_3962.jpg,train,benign,3354,76.0,3009,6.0,-1,0
train/benign/melanoma_3963.jpg,train,benign,2373,94.0,3010,4.0,-1,0
train/benign/melanoma_3964.jpg,train,benign,911,92.0,2966,2.0,-1,0
train/benign/melanoma_3965.jpg,train,benign,8989,78.0,3011,2.0,-1,0
train/benign/melanoma_3966.jpg,train,benign,2365,82.0,2507,4.0,-1,0
train/benign/melanoma_3967.jpg,train,benign,7049,76.0,3012,2.0,-1,0
train/benign/melanoma_3968.jpg,train,benign,2160,84.0,794,4.0,-1,0
train/benign/melanoma_3969.jpg,train,benign,2747,86.0,3013,4.0,-1,0
train/benign/melanoma_397.jpg,train,benign,7235,80.0,4278,4.0,-1,0
train/benign/melanoma_3970.jpg,train,benign,4082,92.0,484,6.0,-1,0
train/benign/melanoma_3971.jpg,train,benign,1588,86.0,3014,2.0,-1,0
train/benign/melanoma_3972.jpg,train,benign,8019,80.0,3015,6.0,-1,0
train/benign/melanoma_3973.jpg,train,benign,5957,92.0,3016,2.0,-1,0
train/benign/melanoma_3974.jpg,train,benign,2344,92.0,3017,0.0,-1,0
train/benign/melanoma_3975.jpg,train,benign,7304,88.0,3018,2.0,-1,0
train/benign/melanoma_3976.jpg,train,benign,7116,50.0,3019,0.0,-1,0
train/benign/melanoma_3977.jpg,train,benign,1498,56.0,3020,2.0,-1,0
train/benign/melanoma_3978.jpg,train,benign,3430,88.0,2508,4.0,-1,0
train/benign/melanoma_3979.jpg,train,benign,2344,72.0,2582,4.0,-1,0
train/benign/melanoma_398.jpg,train,benign,7973,56.0,4279,2.0,-1,0
train/benign/melanoma_3980.jpg,train,benign,108,76.0,2967,8.0,-1,0
train/benign/melanoma_3981.jpg,train,benign,1393,84.0,3021,2.0,-1,0
train/benign/melanoma_3982.jpg,train,benign,7728,72.0,3022,6.0,-1,0
train/benign/melanoma_3983.jpg,train,benign,7161,90.0,485,6.0,-1,0
train/benign/melanoma_3984.jpg,train,benign,7784,88.0,3023,4.0,-1,0
train/benign/melanoma_3985.jpg,train,benign,7387,82.0,3024,6.0,-1,0
train/benign/melanoma_3986.jpg,train,benign,7545,80.0,3026,4.0,-1,0
train/benign/melanoma_3987.jpg,train,benign,6541,82.0,3027,4.0,-1,0
train/benign/melanoma_3988.jpg,train,benign,2423,84.0,3028,6.0,-1,0
train/benign/melanoma_3989.jpg,train,benign,7223,66.0,3029,4.0,-1,0
train/benign/melanoma_399.jpg,train,benign,7546,82.0,4280,0.0,-1,0
train/benign/melanoma_3990.jpg,train,benign,6222,82.0,648,0.0,-1,0
train/benign/melanoma_3991.jpg,train,benign,6860,70.0,2509,4.0,-1,0
train/benign/melanoma_3992.jpg,train,benign,9143,64.0,3030,2.0,-1,0
train/benign/melanoma_3993.jpg,train,benign,8909,76.0,3031,2.0,-1,0
train/benign/melanoma_3994.jpg,train,benign,6864,84.0,2968,2.0,-1,0
train/benign/melanoma_3995.jpg,train,benign,5332,64.0,3032,4.0,-1,0
train/benign/melanoma_3996.jpg,train,benign,8840,58.0,430,4.0,-1,0
train/benign/melanoma_3997.jpg,train,benign,7289,94.0,3033,0.0,-1,0
train/benign/melanoma_3998.jpg,train,benign,874,88.0,3034,2.0,-1,0
train/benign/melanoma_3999.jpg,train,benign,7461,84.0,3035,8.0,-1,0
train/benign/melanoma_4.jpg,train,benign,7462,82.0,3995,4.0,-1,0
train/benign/melanoma_40.jpg,train,benign,1276,78.0,4019,2.0,-1,0
train/benign/melanoma_400.jpg,train,benign,6403,84.0,2650,0.0,-1,0
train/benign/melanoma_4000.jpg,train,benign,3254,80.0,3036,0.0,-1,0
train/benign/melanoma_4001.jpg,train,benign,440,88.0,3409,6.0,-1,0
train/benign/melanoma_4002.jpg,train,benign,2270,86.0,795,6.0,-1,0
train/benign/melanoma_4003.jpg,train,benign,7545,62.0,3037,2.0,-1,0
train/benign/melanoma_4004.jpg,train,benign,7922,72.0,2510,4.0,-1,0
train/benign/melanoma_4005.jpg,train,benign,8865,70.0,3038,6.0,-1,0
train/benign/melanoma_4006.jpg,train,benign,6809,60.0,3039,2.0,-1,0
train/benign/melanoma_4007.jpg,train,benign,7251,84.0,3040,4.0,-1,0
train/benign/melanoma_4008.jpg,train,benign,8022,78.0,3041,4.0,-1,0
train/benign/melanoma_4009.jpg,train,benign,7408,70.0,2969,0.0,-1,0
train/benign/melanoma_401.jpg,train,benign,7356,50.0,4281,0.0,-1,0
train/benign/melanoma_4010.jpg,train,benign,8286,86.0,486,6.0,-1,0
train/benign/melanoma_4011.jpg,train,benign,8850,88.0,3042,2.0,-1,0
train/benign/melanoma_4012.jpg,train,benign,4597,90.0,3043,4.0,-1,0
train/benign/melanoma_4013.jpg,train,benign,6962,66.0,1675,2.0,-1,0
train/benign/melanoma_4014.jpg,train,benign,2402,80.0,3044,4.0,-1,0
train/benign/melanoma_4015.jpg,train,benign,9092,72.0,3045,4.0,-1,0
train/benign/melanoma_4016.jpg,train,benign,6825,60.0,2456,6.0,-1,0
train/benign/melanoma_4017.jpg,train,benign,8949,76.0,3046,2.0,-1,0
train/benign/melanoma_4018.jpg,train,benign,1751,92.0,3047,4.0,-1,0
train/benign/melanoma_4019.jpg,train,benign,1719,88.0,3048,6.0,-1,0
train/benign/melanoma_402.jpg,train,benign,6443,86.0,534,2.0,-1,0
train/benign/melanoma_4020.jpg,train,benign,4003,86.0,3049,4.0,-1,0
train/benign/melanoma_4021.jpg,train,benign,8912,86.0,3050,0.0,-1,0
train/benign/melanoma_4022.jpg,train,benign,1415,70.0,3051,2.0,-1,0
train/benign/melanoma_4023.jpg,train,benign,5550,86.0,487,4.0,-1,0
train/benign/melanoma_4024.jpg,train,benign,2375,88.0,796,10.0,-1,0
train/benign/melanoma_4025.jpg,train,benign,1630,76.0,2970,4.0,-1,0
train/benign/melanoma_4026.jpg,train,benign,8839,48.0,3052,4.0,-1,0
train/benign/melanoma_4027.jpg,train,benign,8053,70.0,3053,6.0,-1,0
train/benign/melanoma_4028.jpg,train,benign,2334,78.0,2511,2.0,-1,0
train/benign/melanoma_4029.jpg,train,benign,2976,88.0,3054,6.0,-1,0
train/benign/melanoma_403.jpg,train,benign,9265,56.0,4282,4.0,-1,0
train/benign/melanoma_4030.jpg,train,benign,3344,86.0,3055,4.0,-1,0
train/benign/melanoma_4031.jpg,train,benign,8481,90.0,3056,2.0,-1,0
train/benign/melanoma_4032.jpg,train,benign,71,88.0,3057,10.0,-1,0
train/benign/melanoma_4033.jpg,train,benign,7911,76.0,3058,4.0,-1,0
train/benign/melanoma_4034.jpg,train,benign,6099,72.0,3059,4.0,-1,0
train/benign/melanoma_4035.jpg,train,benign,9594,72.0,797,4.0,-1,0
train/benign/melanoma_4036.jpg,train,benign,6226,72.0,3060,8.0,-1,0
train/benign/melanoma_4037.jpg,train,benign,7238,64.0,538,4.0,-1,0
train/benign/melanoma_4038.jpg,train,benign,3054,74.0,488,6.0,-1,0
train/benign/melanoma_4039.jpg,train,benign,7497,72.0,3061,2.0,-1,0
train/benign/melanoma_404.jpg,train,benign,939,96.0,526,2.0,-1,0
train/benign/melanoma_4040.jpg,train,benign,8109,80.0,2512,10.0,-1,0
train/benign/melanoma_4041.jpg,train,benign,6807,88.0,3063,4.0,-1,0
train/benign/melanoma_4042.jpg,train,benign,7094,82.0,3072,2.0,-1,0
train/benign/melanoma_4043.jpg,train,benign,9272,60.0,3163,6.0,-1,0
train/benign/melanoma_4044.jpg,train,benign,5271,88.0,3073,4.0,-1,0
train/benign/melanoma_4045.jpg,train,benign,8757,78.0,3074,2.0,-1,0
train/benign/melanoma_4046.jpg,train,benign,7416,76.0,798,2.0,-1,0
train/benign/melanoma_4047.jpg,train,benign,4956,92.0,3075,2.0,-1,0
train/benign/melanoma_4048.jpg,train,benign,6358,88.0,3076,4.0,-1,0
train/benign/melanoma_4049.jpg,train,benign,6804,86.0,3077,2.0,-1,0
train/benign/melanoma_405.jpg,train,benign,1432,86.0,554,10.0,-1,0
train/benign/melanoma_4050.jpg,train,benign,9165,86.0,3078,4.0,-1,0
train/benign/melanoma_4051.jpg,train,benign,7139,82.0,489,4.0,-1,0
train/benign/melanoma_4052.jpg,train,benign,7500,76.0,626,6.0,-1,0
train/benign/melanoma_4053.jpg,train,benign,7033,80.0,3079,2.0,-1,0
train/benign/melanoma_4054.jpg,train,benign,1801,76.0,3080,6.0,-1,0
train/benign/melanoma_4055.jpg,train,benign,8833,88.0,3081,4.0,-1,0
train/benign/melanoma_4056.jpg,train,benign,8421,86.0,3064,2.0,-1,0
train/benign/melanoma_4057.jpg,train,benign,108,74.0,799,0.0,-1,0
train/benign/melanoma_4058.jpg,train,benign,1170,64.0,3082,6.0,-1,0
train/benign/melanoma_4059.jpg,train,benign,6743,62.0,3083,2.0,-1,0
train/benign/melanoma_406.jpg,train,benign,9447,74.0,1743,2.0,-1,0
train/benign/melanoma_4060.jpg,train,benign,1432,82.0,3084,2.0,-1,0
train/benign/melanoma_4061.jpg,train,benign,973,80.0,3085,2.0,-1,0
train/benign/melanoma_4062.jpg,train,benign,7760,84.0,3086,6.0,-1,0
train/benign/melanoma_4063.jpg,train,benign,3330,94.0,3087,6.0,-1,0
train/benign/melanoma_4064.jpg,train,benign,7438,88.0,2513,4.0,-1,0
train/benign/melanoma_4065.jpg,train,benign,2366,86.0,490,2.0,-1,0
train/benign/melanoma_4066.jpg,train,benign,7984,90.0,3088,2.0,-1,0
train/benign/melanoma_4067.jpg,train,benign,8865,76.0,3089,4.0,-1,0
train/benign/melanoma_4068.jpg,train,benign,7784,78.0,800,4.0,-1,0
train/benign/melanoma_4069.jpg,train,benign,9262,76.0,3090,2.0,-1,0
train/benign/melanoma_407.jpg,train,benign,1986,90.0,4283,2.0,-1,0
train/benign/melanoma_4070.jpg,train,benign,7377,90.0,3091,2.0,-1,0
train/benign/melanoma_4071.jpg,train,benign,6909,68.0,3065,0.0,-1,0
train/benign/melanoma_4072.jpg,train,benign,7525,82.0,3092,2.0,-1,0
train/benign/melanoma_4073.jpg,train,benign,7943,78.0,3093,2.0,-1,0
train/benign/melanoma_4074.jpg,train,benign,856,80.0,3094,6.0,-1,0
train/benign/melanoma_4075.jpg,train,benign,9445,94.0,3095,4.0,-1,0
train/benign/melanoma_4076.jpg,train,benign,9065,68.0,2461,6.0,-1,0
train/benign/melanoma_4077.jpg,train,benign,9530,82.0,2514,2.0,-1,0
train/benign/melanoma_4078.jpg,train,benign,2437,80.0,3096,4.0,-1,0
train/benign/melanoma_4079.jpg,train,benign,668,92.0,801,2.0,-1,0
train/benign/melanoma_408.jpg,train,benign,2642,82.0,4285,6.0,-1,0
train/benign/melanoma_4080.jpg,train,benign,661,94.0,491,2.0,-1,0
train/benign/melanoma_4081.jpg,train,benign,9882,84.0,3097,6.0,-1,0
train/benign/melanoma_4082.jpg,train,benign,1812,88.0,3098,6.0,-1,0
train/benign/melanoma_4083.jpg,train,benign,4311,92.0,3099,2.0,-1,0
train/benign/melanoma_4084.jpg,train,benign,9323,88.0,3100,4.0,-1,0
train/benign/melanoma_4085.jpg,train,benign,9414,84.0,3101,4.0,-1,0
train/benign/melanoma_4086.jpg,train,benign,7668,70.0,3066,2.0,-1,0
train/benign/melanoma_4087.jpg,train,benign,7922,58.0,3102,6.0,-1,0
train/benign/melanoma_4088.jpg,train,benign,6962,76.0,3103,6.0,-1,0
train/benign/melanoma_4089.jpg,train,benign,4482,90.0,2515,2.0,-1,0
train/benign/melanoma_409.jpg,train,benign,7065,72.0,4295,12.0,-1,-1
train/benign/melanoma_4090.jpg,train,benign,5391,78.0,802,6.0,-1,0
train/benign/melanoma_4091.jpg,train,benign,1697,88.0,3104,6.0,-1,0
train/benign/melanoma_4092.jpg,train,benign,6852,90.0,3105,4.0,-1,0
train/benign/melanoma_4093.jpg,train,benign,1377,86.0,492,6.0,-1,0
train/benign/melanoma_4094.jpg,train,benign,2382,90.0,3106,8.0,-1,0
train/benign/melanoma_4095.jpg,train,benign,7593,92.0,3107,2.0,-1,0
train/benign/melanoma_4096.jpg,train,benign,2585,82.0,3108,8.0,-1,0
train/benign/melanoma_4097.jpg,train,benign,181,74.0,3109,0.0,-1,0
train/benign/melanoma_4098.jpg,train,benign,1973,76.0,3110,4.0,-1,0
train/benign/melanoma_4099.jpg,train,benign,4862,92.0,3111,4.0,-1,0
train/benign/melanoma_41.jpg,train,benign,7522,84.0,3984,4.0,-1,0
train/benign/melanoma_410.jpg,train,benign,6748,68.0,4386,2.0,-1,0
train/benign/melanoma_4100.jpg,train,benign,3604,72.0,3067,6.0,-1,0
train/benign/melanoma_4101.jpg,train,benign,7500,76.0,2583,2.0,-1,0
train/benign/melanoma_4102.jpg,train,benign,1579,90.0,2516,4.0,-1,0
train/benign/melanoma_4103.jpg,train,benign,1393,64.0,3112,2.0,-1,0
train/benign/melanoma_4104.jpg,train,benign,9183,70.0,3113,0.0,-1,0
train/benign/melanoma_4105.jpg,train,benign,7787,52.0,3114,6.0,-1,0
train/benign/melanoma_4106.jpg,train,benign,7099,76.0,493,0.0,-1,0
train/benign/melanoma_4107.jpg,train,benign,909,92.0,3115,8.0,-1,0
train/benign/melanoma_4108.jpg,train,benign,75,50.0,3117,0.0,-1,0
train/benign/melanoma_4109.jpg,train,benign,9668,78.0,3118,8.0,-1,0
train/benign/melanoma_411.jpg,train,benign,7390,82.0,4296,6.0,-1,0
train/benign/melanoma_4110.jpg,train,benign,8865,70.0,3119,6.0,-1,0
train/benign/melanoma_4111.jpg,train,benign,2392,46.0,3120,4.0,-1,0
train/benign/melanoma_4112.jpg,train,benign,6140,92.0,2543,2.0,-1,0
train/benign/melanoma_4113.jpg,train,benign,773,92.0,803,2.0,-1,0
train/benign/melanoma_4114.jpg,train,benign,9265,42.0,3121,6.0,-1,0
train/benign/melanoma_4115.jpg,train,benign,6731,84.0,2517,4.0,-1,0
train/benign/melanoma_4116.jpg,train,benign,1939,88.0,3122,2.0,-1,0
train/benign/melanoma_4117.jpg,train,benign,5103,80.0,3068,4.0,-1,0
train/benign/melanoma_4118.jpg,train,benign,8870,72.0,3123,2.0,-1,0
train/benign/melanoma_4119.jpg,train,benign,4283,82.0,3124,4.0,-1,0
train/benign/melanoma_412.jpg,train,benign,8949,64.0,535,4.0,-1,0
train/benign/melanoma_4120.jpg,train,benign,6961,84.0,494,4.0,-1,0
train/benign/melanoma_4121.jpg,train,benign,6877,70.0,3125,4.0,-1,0
train/benign/melanoma_4122.jpg,train,benign,59,78.0,3126,6.0,-1,0
train/benign/melanoma_4123.jpg,train,benign,5099,84.0,3127,2.0,-1,0
train/benign/melanoma_4124.jpg,train,benign,1537,82.0,804,2.0,-1,0
train/benign/melanoma_4125.jpg,train,benign,2731,84.0,3128,0.0,-1,0
train/benign/melanoma_4126.jpg,train,benign,2720,92.0,3129,2.0,-1,0
train/benign/melanoma_4127.jpg,train,benign,7454,74.0,2518,6.0,-1,0
train/benign/melanoma_4128.jpg,train,benign,770,82.0,3130,6.0,-1,0
train/benign/melanoma_4129.jpg,train,benign,5055,90.0,3131,2.0,-1,0
train/benign/melanoma_413.jpg,train,benign,9506,84.0,3483,2.0,-1,0
train/benign/melanoma_4130.jpg,train,benign,1276,86.0,3132,4.0,-1,0
train/benign/melanoma_4131.jpg,train,benign,2781,84.0,3069,2.0,-1,0
train/benign/melanoma_4132.jpg,train,benign,131,86.0,3133,2.0,-1,0
train/benign/melanoma_4133.jpg,train,benign,7244,54.0,495,2.0,-1,0
train/benign/melanoma_4134.jpg,train,benign,443,92.0,3134,4.0,-1,0
train/benign/melanoma_4135.jpg,train,benign,9447,56.0,649,2.0,-1,0
train/benign/melanoma_4136.jpg,train,benign,7093,86.0,3135,4.0,-1,0
train/benign/melanoma_4137.jpg,train,benign,7670,76.0,3136,4.0,-1,0
train/benign/melanoma_4138.jpg,train,benign,7384,90.0,3137,2.0,-1,0
train/benign/melanoma_4139.jpg,train,benign,3054,88.0,2519,6.0,-1,0
train/benign/melanoma_414.jpg,train,benign,8016,78.0,4297,4.0,-1,0
train/benign/melanoma_4140.jpg,train,benign,7317,88.0,3138,4.0,-1,0
train/benign/melanoma_4141.jpg,train,benign,8949,52.0,3139,2.0,-1,0
train/benign/melanoma_4142.jpg,train,benign,4417,82.0,3140,2.0,-1,0
train/benign/melanoma_4143.jpg,train,benign,770,76.0,3141,6.0,-1,0
train/benign/melanoma_4144.jpg,train,benign,9612,72.0,3142,2.0,-1,0
train/benign/melanoma_4145.jpg,train,benign,8949,52.0,3070,6.0,-1,0
train/benign/melanoma_4146.jpg,train,benign,7382,90.0,1676,4.0,-1,0
train/benign/melanoma_4147.jpg,train,benign,7788,68.0,431,4.0,-1,0
train/benign/melanoma_4148.jpg,train,benign,2318,72.0,3143,6.0,-1,0
train/benign/melanoma_4149.jpg,train,benign,7666,86.0,3144,4.0,-1,0
train/benign/melanoma_415.jpg,train,benign,90,90.0,4298,2.0,-1,0
train/benign/melanoma_4150.jpg,train,benign,7918,88.0,3145,0.0,-1,0
train/benign/melanoma_4151.jpg,train,benign,1668,82.0,2520,2.0,-1,0
train/benign/melanoma_4152.jpg,train,benign,588,92.0,3146,2.0,-1,0
train/benign/melanoma_4153.jpg,train,benign,7459,90.0,3147,2.0,-1,0
train/benign/melanoma_4154.jpg,train,benign,6487,58.0,3148,4.0,-1,0
train/benign/melanoma_4155.jpg,train,benign,9432,72.0,3149,4.0,-1,0
train/benign/melanoma_4156.jpg,train,benign,2531,76.0,3150,2.0,-1,0
train/benign/melanoma_4157.jpg,train,benign,7298,76.0,805,4.0,-1,0
train/benign/melanoma_4158.jpg,train,benign,4432,64.0,3151,6.0,-1,0
train/benign/melanoma_4159.jpg,train,benign,1393,58.0,3152,4.0,-1,0
train/benign/melanoma_416.jpg,train,benign,7124,84.0,4299,0.0,-1,0
train/benign/melanoma_4160.jpg,train,benign,2641,88.0,496,6.0,-1,0
train/benign/melanoma_4161.jpg,train,benign,6683,82.0,3071,2.0,-1,0
train/benign/melanoma_4162.jpg,train,benign,1618,90.0,3153,4.0,-1,0
train/benign/melanoma_4163.jpg,train,benign,7922,52.0,2457,4.0,-1,0
train/benign/melanoma_4164.jpg,train,benign,7338,80.0,3154,2.0,-1,0
train/benign/melanoma_4165.jpg,train,benign,8731,72.0,3155,2.0,-1,0
train/benign/melanoma_4166.jpg,train,benign,8708,62.0,3156,0.0,-1,0
train/benign/melanoma_4167.jpg,train,benign,9063,84.0,3157,0.0,-1,0
train/benign/melanoma_4168.jpg,train,benign,6771,80.0,806,4.0,-1,0
train/benign/melanoma_4169.jpg,train,benign,7986,66.0,3158,6.0,-1,0
train/benign/melanoma_417.jpg,train,benign,5810,92.0,4300,0.0,-1,0
train/benign/melanoma_4170.jpg,train,benign,2721,90.0,3159,4.0,-1,0
train/benign/melanoma_4171.jpg,train,benign,3655,82.0,3160,0.0,-1,0
train/benign/melanoma_4172.jpg,train,benign,7787,82.0,3161,4.0,-1,0
train/benign/melanoma_4173.jpg,train,benign,2234,76.0,539,2.0,-1,0
train/benign/melanoma_4174.jpg,train,benign,68,78.0,497,6.0,-1,0
train/benign/melanoma_4175.jpg,train,benign,8767,76.0,2521,4.0,-1,0
train/benign/melanoma_4176.jpg,train,benign,4595,90.0,3162,2.0,-1,0
train/benign/melanoma_4177.jpg,train,benign,5966,74.0,3164,2.0,-1,0
train/benign/melanoma_4178.jpg,train,benign,1263,66.0,3173,4.0,-1,0
train/benign/melanoma_4179.jpg,train,benign,1355,90.0,807,4.0,-1,0
train/benign/melanoma_418.jpg,train,benign,9613,78.0,4301,2.0,-1,0
train/benign/melanoma_4180.jpg,train,benign,9343,70.0,3265,4.0,-1,0
train/benign/melanoma_4181.jpg,train,benign,116,62.0,3174,2.0,-1,0
train/benign/melanoma_4182.jpg,train,benign,6874,72.0,3175,8.0,-1,0
train/benign/melanoma_4183.jpg,train,benign,1734,86.0,3176,4.0,-1,0
train/benign/melanoma_4184.jpg,train,benign,1125,90.0,3177,8.0,-1,0
train/benign/melanoma_4185.jpg,train,benign,7439,78.0,3178,4.0,-1,0
train/benign/melanoma_4186.jpg,train,benign,1644,84.0,3179,6.0,-1,0
train/benign/melanoma_4187.jpg,train,benign,7695,84.0,627,2.0,-1,0
train/benign/melanoma_4188.jpg,train,benign,9494,62.0,498,2.0,-1,0
train/benign/melanoma_4189.jpg,train,benign,2259,60.0,3180,2.0,-1,0
train/benign/melanoma_419.jpg,train,benign,9434,86.0,1745,4.0,-1,0
train/benign/melanoma_4190.jpg,train,benign,12,90.0,808,12.0,-1,-1
train/benign/melanoma_4191.jpg,train,benign,722,92.0,3181,4.0,-1,0
train/benign/melanoma_4192.jpg,train,benign,682,82.0,3182,6.0,-1,0
train/benign/melanoma_4193.jpg,train,benign,7831,66.0,3165,4.0,-1,0
train/benign/melanoma_4194.jpg,train,benign,783,94.0,3183,2.0,-1,0
train/benign/melanoma_4195.jpg,train,benign,7785,74.0,3184,6.0,-1,0
train/benign/melanoma_4196.jpg,train,benign,9409,74.0,3185,2.0,-1,0
train/benign/melanoma_4197.jpg,train,benign,871,94.0,3186,4.0,-1,0
train/benign/melanoma_4198.jpg,train,benign,6867,80.0,3187,0.0,-1,0
train/benign/melanoma_4199.jpg,train,benign,1357,88.0,2462,4.0,-1,0
train/benign/melanoma_42.jpg,train,benign,7084,76.0,2625,4.0,-1,0
train/benign/melanoma_420.jpg,train,benign,2428,84.0,4302,4.0,-1,0
train/benign/melanoma_4200.jpg,train,benign,6877,68.0,2522,4.0,-1,0
train/benign/melanoma_4201.jpg,train,benign,6974,92.0,809,0.0,-1,0
train/benign/melanoma_4202.jpg,train,benign,8404,74.0,3188,2.0,-1,0
train/benign/melanoma_4203.jpg,train,benign,4445,90.0,499,2.0,-1,0
train/benign/melanoma_4204.jpg,train,benign,6765,86.0,3189,4.0,-1,0
train/benign/melanoma_4205.jpg,train,benign,116,88.0,3190,2.0,-1,0
train/benign/melanoma_4206.jpg,train,benign,1156,94.0,3191,2.0,-1,0
train/benign/melanoma_4207.jpg,train,benign,7159,86.0,3192,0.0,-1,0
train/benign/melanoma_4208.jpg,train,benign,6874,70.0,3166,2.0,-1,0
train/benign/melanoma_4209.jpg,train,benign,6732,72.0,3193,4.0,-1,0
train/benign/melanoma_421.jpg,train,benign,4253,90.0,4303,4.0,-1,0
train/benign/melanoma_4210.jpg,train,benign,8014,90.0,3194,4.0,-1,0
train/benign/melanoma_4211.jpg,train,benign,5775,76.0,3195,4.0,-1,0
train/benign/melanoma_4212.jpg,train,benign,9766,90.0,810,4.0,-1,0
train/benign/melanoma_4213.jpg,train,benign,2047,82.0,2523,4.0,-1,0
train/benign/melanoma_4214.jpg,train,benign,1498,68.0,3196,8.0,-1,0
train/benign/melanoma_4215.jpg,train,benign,847,76.0,3197,4.0,-1,0
train/benign/melanoma_4216.jpg,train,benign,7545,66.0,500,0.0,-1,0
train/benign/melanoma_4217.jpg,train,benign,7445,86.0,3198,2.0,-1,0
train/benign/melanoma_4218.jpg,train,benign,2127,90.0,3199,6.0,-1,0
train/benign/melanoma_4219.jpg,train,benign,7565,80.0,3200,2.0,-1,0
train/benign/melanoma_422.jpg,train,benign,3513,88.0,4304,6.0,-1,0
train/benign/melanoma_4220.jpg,train,benign,4557,86.0,3202,2.0,-1,0
train/benign/melanoma_4221.jpg,train,benign,6869,76.0,3203,2.0,-1,0
train/benign/melanoma_4222.jpg,train,benign,3723,92.0,3167,4.0,-1,0
train/benign/melanoma_4223.jpg,train,benign,38,88.0,3372,2.0,-1,0
train/benign/melanoma_4224.jpg,train,benign,5033,84.0,2584,0.0,-1,0
train/benign/melanoma_4225.jpg,train,benign,8291,86.0,3204,8.0,-1,0
train/benign/melanoma_4226.jpg,train,benign,6973,70.0,2524,8.0,-1,0
train/benign/melanoma_4227.jpg,train,benign,2181,90.0,3205,2.0,-1,0
train/benign/melanoma_4228.jpg,train,benign,8639,78.0,3206,6.0,-1,0
train/benign/melanoma_4229.jpg,train,benign,46,88.0,3207,4.0,-1,0
train/benign/melanoma_423.jpg,train,benign,9277,80.0,4286,2.0,-1,0
train/benign/melanoma_4230.jpg,train,benign,9338,76.0,501,0.0,-1,0
train/benign/melanoma_4231.jpg,train,benign,4333,82.0,3209,0.0,-1,0
train/benign/melanoma_4232.jpg,train,benign,2914,88.0,3210,4.0,-1,0
train/benign/melanoma_4233.jpg,train,benign,91,84.0,3211,0.0,-1,0
train/benign/melanoma_4234.jpg,train,benign,8839,66.0,3212,4.0,-1,0
train/benign/melanoma_4235.jpg,train,benign,1795,82.0,811,2.0,-1,0
train/benign/melanoma_4236.jpg,train,benign,1285,72.0,3213,4.0,-1,0
train/benign/melanoma_4237.jpg,train,benign,461,88.0,3214,2.0,-1,0
train/benign/melanoma_4238.jpg,train,benign,1664,84.0,2525,0.0,-1,0
train/benign/melanoma_4239.jpg,train,benign,118,64.0,3168,6.0,-1,0
train/benign/melanoma_424.jpg,train,benign,7450,82.0,3484,0.0,-1,0
train/benign/melanoma_4240.jpg,train,benign,2284,84.0,3215,4.0,-1,0
train/benign/melanoma_4241.jpg,train,benign,5438,82.0,3216,4.0,-1,0
train/benign/melanoma_4242.jpg,train,benign,5915,88.0,3217,2.0,-1,0
train/benign/melanoma_4243.jpg,train,benign,7545,60.0,502,4.0,-1,0
train/benign/melanoma_4244.jpg,train,benign,7099,72.0,3218,6.0,-1,0
train/benign/melanoma_4245.jpg,train,benign,2375,82.0,3219,6.0,-1,0
train/benign/melanoma_4246.jpg,train,benign,9143,74.0,812,4.0,-1,0
train/benign/melanoma_4247.jpg,train,benign,2234,80.0,3220,0.0,-1,0
train/benign/melanoma_4248.jpg,train,benign,6464,86.0,3221,2.0,-1,0
train/benign/melanoma_4249.jpg,train,benign,1338,86.0,3222,0.0,-1,0
train/benign/melanoma_425.jpg,train,benign,3987,76.0,450,8.0,-1,0
train/benign/melanoma_4250.jpg,train,benign,5568,82.0,2526,4.0,-1,0
train/benign/melanoma_4251.jpg,train,benign,2402,68.0,3223,2.0,-1,0
train/benign/melanoma_4252.jpg,train,benign,3351,82.0,3224,6.0,-1,0
train/benign/melanoma_4253.jpg,train,benign,8322,84.0,3169,6.0,-1,0
train/benign/melanoma_4254.jpg,train,benign,7922,62.0,3225,2.0,-1,0
train/benign/melanoma_4255.jpg,train,benign,6685,54.0,3226,4.0,-1,0
train/benign/melanoma_4256.jpg,train,benign,9368,80.0,503,2.0,-1,0
train/benign/melanoma_4257.jpg,train,benign,8839,62.0,813,0.0,-1,0
train/benign/melanoma_4258.jpg,train,benign,1170,70.0,3227,6.0,-1,0
train/benign/melanoma_4259.jpg,train,benign,6877,58.0,3228,4.0,-1,0
train/benign/melanoma_426.jpg,train,benign,9245,78.0,4305,6.0,-1,0
train/benign/melanoma_4260.jpg,train,benign,5463,82.0,3229,2.0,-1,0
train/benign/melanoma_4261.jpg,train,benign,5676,70.0,3230,2.0,-1,0
train/benign/melanoma_4262.jpg,train,benign,7053,76.0,2527,4.0,-1,0
train/benign/melanoma_4263.jpg,train,benign,2530,80.0,3231,4.0,-1,0
train/benign/melanoma_4264.jpg,train,benign,2371,76.0,3232,4.0,-1,0
train/benign/melanoma_4265.jpg,train,benign,8110,70.0,3233,4.0,-1,0
train/benign/melanoma_4266.jpg,train,benign,1644,60.0,3234,2.0,-1,0
train/benign/melanoma_4267.jpg,train,benign,7646,78.0,3170,4.0,-1,0
train/benign/melanoma_4268.jpg,train,benign,6771,70.0,814,6.0,-1,0
train/benign/melanoma_4269.jpg,train,benign,1242,80.0,3235,4.0,-1,0
train/benign/melanoma_427.jpg,train,benign,1713,86.0,4306,2.0,-1,0
train/benign/melanoma_4270.jpg,train,benign,8995,70.0,504,6.0,-1,0
train/benign/melanoma_4271.jpg,train,benign,9866,86.0,3236,4.0,-1,0
train/benign/melanoma_4272.jpg,train,benign,57,90.0,3237,4.0,-1,0
train/benign/melanoma_4273.jpg,train,benign,7785,76.0,3238,2.0,-1,0
train/benign/melanoma_4274.jpg,train,benign,2454,86.0,2528,0.0,-1,0
train/benign/melanoma_4275.jpg,train,benign,2400,78.0,3239,4.0,-1,0
train/benign/melanoma_4276.jpg,train,benign,9233,84.0,3240,2.0,-1,0
train/benign/melanoma_4277.jpg,train,benign,7647,68.0,3241,2.0,-1,0
train/benign/melanoma_4278.jpg,train,benign,3652,92.0,3242,4.0,-1,0
train/benign/melanoma_4279.jpg,train,benign,6974,42.0,1677,4.0,-1,0
train/benign/melanoma_428.jpg,train,benign,770,78.0,4307,4.0,-1,0
train/benign/melanoma_4280.jpg,train,benign,2335,86.0,3243,2.0,-1,0
train/benign/melanoma_4281.jpg,train,benign,2272,84.0,3244,2.0,-1,0
train/benign/melanoma_4282.jpg,train,benign,2333,82.0,3171,6.0,-1,0
train/benign/melanoma_4283.jpg,train,benign,1329,62.0,505,0.0,-1,0
train/benign/melanoma_4284.jpg,train,benign,7784,74.0,3245,4.0,-1,0
train/benign/melanoma_4285.jpg,train,benign,3003,82.0,3246,2.0,-1,0
train/benign/melanoma_4286.jpg,train,benign,2755,76.0,2529,0.0,-1,0
train/benign/melanoma_4287.jpg,train,benign,1897,86.0,3247,2.0,-1,0
train/benign/melanoma_4288.jpg,train,benign,8949,62.0,3248,4.0,-1,0
train/benign/melanoma_4289.jpg,train,benign,6974,76.0,3249,4.0,-1,0
train/benign/melanoma_429.jpg,train,benign,9151,60.0,4308,0.0,-1,0
train/benign/melanoma_4290.jpg,train,benign,91,92.0,650,2.0,-1,0
train/benign/melanoma_4291.jpg,train,benign,7021,76.0,3250,2.0,-1,0
train/benign/melanoma_4292.jpg,train,benign,6864,90.0,3251,4.0,-1,0
train/benign/melanoma_4293.jpg,train,benign,888,82.0,3252,2.0,-1,0
train/benign/melanoma_4294.jpg,train,benign,7610,80.0,3253,4.0,-1,0
train/benign/melanoma_4295.jpg,train,benign,7126,60.0,3254,0.0,-1,0
train/benign/melanoma_4296.jpg,train,benign,4557,76.0,432,2.0,-1,0
train/benign/melanoma_4297.jpg,train,benign,5059,86.0,3172,2.0,-1,0
train/benign/melanoma_4298.jpg,train,benign,8840,66.0,2530,12.0,-1,-1
train/benign/melanoma_4299.jpg,train,benign,4941,84.0,3255,6.0,-1,0
train/benign/melanoma_43.jpg,train,benign,3684,88.0,4020,4.0,-1,0
train/benign/melanoma_430.jpg,train,benign,8798,80.0,4309,2.0,-1,0
train/benign/melanoma_4300.jpg,train,benign,2750,86.0,3256,2.0,-1,0
train/benign/melanoma_4301.jpg,train,benign,7173,84.0,815,0.0,-1,0
train/benign/melanoma_4302.jpg,train,benign,977,88.0,3257,4.0,-1,0
train/benign/melanoma_4303.jpg,train,benign,2917,76.0,3258,4.0,-1,0
train/benign/melanoma_4304.jpg,train,benign,7356,78.0,3259,6.0,-1,0
train/benign/melanoma_4305.jpg,train,benign,1098,78.0,3260,2.0,-1,0
train/benign/melanoma_4306.jpg,train,benign,8799,74.0,3261,0.0,-1,0
train/benign/melanoma_4307.jpg,train,benign,8232,90.0,3262,2.0,-1,0
train/benign/melanoma_4308.jpg,train,benign,7142,92.0,3263,2.0,-1,0
train/benign/melanoma_4309.jpg,train,benign,8865,68.0,540,0.0,-1,0
train/benign/melanoma_431.jpg,train,benign,6683,68.0,4310,2.0,-1,0
train/benign/melanoma_4310.jpg,train,benign,7116,90.0,2458,4.0,-1,0
train/benign/melanoma_4311.jpg,train,benign,9672,82.0,506,0.0,-1,0
train/benign/melanoma_4312.jpg,train,benign,1390,90.0,816,8.0,-1,0
train/benign/melanoma_4313.jpg,train,benign,3125,88.0,3264,0.0,-1,0
train/benign/melanoma_4314.jpg,train,benign,8575,80.0,3266,4.0,-1,0
train/benign/melanoma_4315.jpg,train,benign,376,84.0,3275,0.0,-1,0
train/benign/melanoma_4316.jpg,train,benign,9265,48.0,3368,2.0,-1,0
train/benign/melanoma_4317.jpg,train,benign,154,94.0,3276,2.0,-1,0
train/benign/melanoma_4318.jpg,train,benign,2972,86.0,3277,10.0,-1,0
train/benign/melanoma_4319.jpg,train,benign,7787,78.0,3278,2.0,-1,0
train/benign/melanoma_432.jpg,train,benign,9735,94.0,1754,4.0,-1,0
train/benign/melanoma_4320.jpg,train,benign,9815,94.0,3279,4.0,-1,0
train/benign/melanoma_4321.jpg,train,benign,2738,84.0,3280,8.0,-1,0
train/benign/melanoma_4322.jpg,train,benign,1119,88.0,2463,2.0,-1,0
train/benign/melanoma_4323.jpg,train,benign,6867,74.0,817,4.0,-1,0
train/benign/melanoma_4324.jpg,train,benign,9594,72.0,628,6.0,-1,0
train/benign/melanoma_4325.jpg,train,benign,7065,78.0,3281,0.0,-1,0
train/benign/melanoma_4326.jpg,train,benign,755,86.0,507,0.0,-1,0
train/benign/melanoma_4327.jpg,train,benign,9309,86.0,3282,4.0,-1,0
train/benign/melanoma_4328.jpg,train,benign,141,88.0,3283,8.0,-1,0
train/benign/melanoma_4329.jpg,train,benign,1170,86.0,3284,4.0,-1,0
train/benign/melanoma_433.jpg,train,benign,9113,82.0,4311,0.0,-1,0
train/benign/melanoma_4330.jpg,train,benign,6744,86.0,3267,4.0,-1,0
train/benign/melanoma_4331.jpg,train,benign,1052,94.0,3285,2.0,-1,0
train/benign/melanoma_4332.jpg,train,benign,7865,90.0,3286,2.0,-1,0
train/benign/melanoma_4333.jpg,train,benign,2265,88.0,3287,2.0,-1,0
train/benign/melanoma_4334.jpg,train,benign,6927,84.0,3410,4.0,-1,0
train/benign/melanoma_4335.jpg,train,benign,8794,80.0,818,4.0,-1,0
train/benign/melanoma_4336.jpg,train,benign,7268,84.0,3288,6.0,-1,0
train/benign/melanoma_4337.jpg,train,benign,121,72.0,2531,2.0,-1,0
train/benign/melanoma_4338.jpg,train,benign,6927,80.0,3289,4.0,-1,0
train/benign/melanoma_4339.jpg,train,benign,8499,64.0,3290,2.0,-1,0
train/benign/melanoma_434.jpg,train,benign,9244,56.0,4312,4.0,-1,0
train/benign/melanoma_4340.jpg,train,benign,9064,86.0,508,2.0,-1,0
train/benign/melanoma_4341.jpg,train,benign,3509,86.0,3291,4.0,-1,0
train/benign/melanoma_4342.jpg,train,benign,9889,92.0,3292,2.0,-1,0
train/benign/melanoma_4343.jpg,train,benign,118,64.0,3293,2.0,-1,0
train/benign/melanoma_4344.jpg,train,benign,8392,90.0,3294,0.0,-1,0
train/benign/melanoma_4345.jpg,train,benign,118,84.0,3268,4.0,-1,0
train/benign/melanoma_4346.jpg,train,benign,7309,66.0,2585,4.0,-1,0
train/benign/melanoma_4347.jpg,train,benign,8597,74.0,3295,2.0,-1,0
train/benign/melanoma_4348.jpg,train,benign,1645,86.0,3296,2.0,-1,0
train/benign/melanoma_4349.jpg,train,benign,847,78.0,2532,4.0,-1,0
train/benign/melanoma_435.jpg,train,benign,9182,70.0,3485,6.0,-1,0
train/benign/melanoma_4350.jpg,train,benign,1449,92.0,3297,2.0,-1,0
train/benign/melanoma_4351.jpg,train,benign,7069,84.0,3298,4.0,-1,0
train/benign/melanoma_4352.jpg,train,benign,1606,86.0,3299,6.0,-1,0
train/benign/melanoma_4353.jpg,train,benign,456,82.0,509,6.0,-1,0
train/benign/melanoma_4354.jpg,train,benign,5391,74.0,3300,4.0,-1,0
train/benign/melanoma_4355.jpg,train,benign,5000,74.0,3301,4.0,-1,0
train/benign/melanoma_4356.jpg,train,benign,1825,86.0,3302,6.0,-1,0
train/benign/melanoma_4357.jpg,train,benign,2661,92.0,819,2.0,-1,0
train/benign/melanoma_4358.jpg,train,benign,5951,88.0,3303,2.0,-1,0
train/benign/melanoma_4359.jpg,train,benign,2267,74.0,3304,2.0,-1,0
train/benign/melanoma_436.jpg,train,benign,8549,82.0,4313,6.0,-1,0
train/benign/melanoma_4360.jpg,train,benign,1130,88.0,3269,2.0,-1,0
train/benign/melanoma_4361.jpg,train,benign,3825,92.0,2533,2.0,-1,0
train/benign/melanoma_4362.jpg,train,benign,8840,74.0,3305,6.0,-1,0
train/benign/melanoma_4363.jpg,train,benign,6962,80.0,3306,0.0,-1,0
train/benign/melanoma_4364.jpg,train,benign,9084,78.0,3307,0.0,-1,0
train/benign/melanoma_4365.jpg,train,benign,6962,56.0,3308,4.0,-1,0
train/benign/melanoma_4366.jpg,train,benign,1170,76.0,510,8.0,-1,0
train/benign/melanoma_4367.jpg,train,benign,1103,86.0,3309,2.0,-1,0
train/benign/melanoma_4368.jpg,train,benign,7460,72.0,820,4.0,-1,0
train/benign/melanoma_4369.jpg,train,benign,8642,92.0,3310,2.0,-1,0
train/benign/melanoma_437.jpg,train,benign,7255,70.0,2651,2.0,-1,0
train/benign/melanoma_4370.jpg,train,benign,4590,86.0,3311,4.0,-1,0
train/benign/melanoma_4371.jpg,train,benign,6685,56.0,3312,0.0,-1,0
train/benign/melanoma_4372.jpg,train,benign,6962,52.0,3313,2.0,-1,0
train/benign/melanoma_4373.jpg,train,benign,4911,88.0,2534,4.0,-1,0
train/benign/melanoma_4374.jpg,train,benign,90,96.0,3314,6.0,-1,0
train/benign/melanoma_4375.jpg,train,benign,9660,64.0,3270,0.0,-1,0
train/benign/melanoma_4376.jpg,train,benign,3102,90.0,3315,2.0,-1,0
train/benign/melanoma_4377.jpg,train,benign,1170,74.0,3316,0.0,-1,0
train/benign/melanoma_4378.jpg,train,benign,4147,80.0,3317,0.0,-1,0
train/benign/melanoma_4379.jpg,train,benign,101,98.0,821,2.0,-1,0
train/benign/melanoma_438.jpg,train,benign,6809,68.0,4314,6.0,-1,0
train/benign/melanoma_4380.jpg,train,benign,6767,86.0,511,2.0,-1,0
train/benign/melanoma_4381.jpg,train,benign,9479,80.0,3318,2.0,-1,0
train/benign/melanoma_4382.jpg,train,benign,1497,92.0,3319,2.0,-1,0
train/benign/melanoma_4383.jpg,train,benign,1170,76.0,3320,2.0,-1,0
train/benign/melanoma_4384.jpg,train,benign,435,70.0,3321,4.0,-1,0
train/benign/melanoma_4385.jpg,train,benign,6686,74.0,2535,8.0,-1,0
train/benign/melanoma_4386.jpg,train,benign,9100,86.0,3322,6.0,-1,0
train/benign/melanoma_4387.jpg,train,benign,5862,78.0,3323,2.0,-1,0
train/benign/melanoma_4388.jpg,train,benign,2620,86.0,3324,0.0,-1,0
train/benign/melanoma_4389.jpg,train,benign,7269,88.0,3271,2.0,-1,0
train/benign/melanoma_439.jpg,train,benign,9022,84.0,4287,10.0,-1,0
train/benign/melanoma_4390.jpg,train,benign,1973,84.0,822,6.0,-1,0
train/benign/melanoma_4391.jpg,train,benign,7375,76.0,3325,6.0,-1,0
train/benign/melanoma_4392.jpg,train,benign,9151,78.0,3326,2.0,-1,0
train/benign/melanoma_4393.jpg,train,benign,2801,86.0,512,4.0,-1,0
train/benign/melanoma_4394.jpg,train,benign,1258,92.0,3327,4.0,-1,0
train/benign/melanoma_4395.jpg,train,benign,7919,86.0,3328,2.0,-1,0
train/benign/melanoma_4396.jpg,train,benign,5019,72.0,3329,2.0,-1,0
train/benign/melanoma_4397.jpg,train,benign,7653,82.0,2536,4.0,-1,0
train/benign/melanoma_4398.jpg,train,benign,7744,82.0,3330,6.0,-1,0
train/benign/melanoma_4399.jpg,train,benign,4732,72.0,3331,2.0,-1,0
train/benign/melanoma_44.jpg,train,benign,6726,86.0,4021,4.0,-1,0
train/benign/melanoma_440.jpg,train,benign,5858,86.0,4315,2.0,-1,0
train/benign/melanoma_4400.jpg,train,benign,4331,78.0,3332,2.0,-1,0
train/benign/melanoma_4401.jpg,train,benign,782,94.0,823,6.0,-1,0
train/benign/melanoma_4402.jpg,train,benign,6982,72.0,3333,4.0,-1,0
train/benign/melanoma_4403.jpg,train,benign,1170,76.0,3334,8.0,-1,0
train/benign/melanoma_4404.jpg,train,benign,6831,74.0,3272,2.0,-1,0
train/benign/melanoma_4405.jpg,train,benign,6962,46.0,3335,2.0,-1,0
train/benign/melanoma_4406.jpg,train,benign,284,92.0,513,0.0,-1,0
train/benign/melanoma_4407.jpg,train,benign,9612,76.0,3336,8.0,-1,0
train/benign/melanoma_4408.jpg,train,benign,4646,68.0,3338,4.0,-1,0
train/benign/melanoma_4409.jpg,train,benign,856,84.0,2537,2.0,-1,0
train/benign/melanoma_441.jpg,train,benign,1730,76.0,4316,4.0,-1,0
train/benign/melanoma_4410.jpg,train,benign,1170,68.0,3339,2.0,-1,0
train/benign/melanoma_4411.jpg,train,benign,6767,74.0,3340,0.0,-1,0
train/benign/melanoma_4412.jpg,train,benign,3604,62.0,547,2.0,-1,0
train/benign/melanoma_4413.jpg,train,benign,9447,70.0,3341,6.0,-1,0
train/benign/melanoma_4414.jpg,train,benign,9978,86.0,3342,12.0,-1,-1
train/benign/melanoma_4415.jpg,train,benign,5333,88.0,3343,8.0,-1,0
train/benign/melanoma_4416.jpg,train,benign,9205,68.0,3344,4.0,-1,0
train/benign/melanoma_4417.jpg,train,benign,7356,64.0,3345,2.0,-1,0
train/benign/melanoma_4418.jpg,train,benign,588,86.0,3273,6.0,-1,0
train/benign/melanoma_4419.jpg,train,benign,1733,74.0,514,0.0,-1,0
train/benign/melanoma_442.jpg,train,benign,7815,86.0,4317,6.0,-1,0
train/benign/melanoma_4420.jpg,train,benign,577,88.0,3346,4.0,-1,0
train/benign/melanoma_4421.jpg,train,benign,6867,66.0,2538,4.0,-1,0
train/benign/melanoma_4422.jpg,train,benign,8569,86.0,3347,0.0,-1,0
train/benign/melanoma_4423.jpg,train,benign,9209,88.0,1678,2.0,-1,0
train/benign/melanoma_4424.jpg,train,benign,1426,82.0,3349,4.0,-1,0
train/benign/melanoma_4425.jpg,train,benign,1468,78.0,3350,0.0,-1,0
train/benign/melanoma_4426.jpg,train,benign,7080,70.0,3351,2.0,-1,0
train/benign/melanoma_4427.jpg,train,benign,8837,78.0,3352,4.0,-1,0
train/benign/melanoma_4428.jpg,train,benign,7744,84.0,3353,2.0,-1,0
train/benign/melanoma_4429.jpg,train,benign,7408,82.0,3354,0.0,-1,0
train/benign/melanoma_443.jpg,train,benign,3755,84.0,4318,2.0,-1,0
train/benign/melanoma_4430.jpg,train,benign,3605,82.0,3355,2.0,-1,0
train/benign/melanoma_4431.jpg,train,benign,2174,84.0,3356,4.0,-1,0
train/benign/melanoma_4432.jpg,train,benign,7542,88.0,515,4.0,-1,0
train/benign/melanoma_4433.jpg,train,benign,8604,74.0,2540,4.0,-1,0
train/benign/melanoma_4434.jpg,train,benign,9089,80.0,824,6.0,-1,0
train/benign/melanoma_4435.jpg,train,benign,1511,86.0,3274,4.0,-1,0
train/benign/melanoma_4436.jpg,train,benign,7922,54.0,3357,0.0,-1,0
train/benign/melanoma_4437.jpg,train,benign,6115,74.0,3358,4.0,-1,0
train/benign/melanoma_4438.jpg,train,benign,2633,84.0,3359,2.0,-1,0
train/benign/melanoma_4439.jpg,train,benign,7471,90.0,3361,4.0,-1,0
train/benign/melanoma_444.jpg,train,benign,8909,68.0,4319,2.0,-1,0
train/benign/melanoma_4440.jpg,train,benign,8904,88.0,3362,4.0,-1,0
train/benign/melanoma_4441.jpg,train,benign,1597,86.0,3363,2.0,-1,0
train/benign/melanoma_4442.jpg,train,benign,2444,42.0,3364,4.0,-1,0
train/benign/melanoma_4443.jpg,train,benign,8925,70.0,3365,2.0,-1,0
train/benign/melanoma_4444.jpg,train,benign,1571,78.0,3366,2.0,-1,0
train/benign/melanoma_4445.jpg,train,benign,9447,58.0,433,2.0,-1,0
train/benign/melanoma_4446.jpg,train,benign,9302,64.0,3411,0.0,-1,0
train/benign/melanoma_4447.jpg,train,benign,2265,68.0,651,2.0,-1,0
train/benign/melanoma_4448.jpg,train,benign,7750,80.0,825,10.0,-1,0
train/benign/melanoma_4449.jpg,train,benign,6209,88.0,2586,4.0,-1,0
train/benign/melanoma_445.jpg,train,benign,9103,80.0,1847,4.0,-1,0
train/benign/melanoma_4450.jpg,train,benign,6771,86.0,827,8.0,-1,0
train/benign/melanoma_4451.jpg,train,benign,7002,76.0,828,4.0,-1,0
train/benign/melanoma_4452.jpg,train,benign,8949,60.0,829,4.0,-1,0
train/benign/melanoma_4453.jpg,train,benign,1541,76.0,830,4.0,-1,0
train/benign/melanoma_4454.jpg,train,benign,7148,80.0,831,4.0,-1,0
train/benign/melanoma_4455.jpg,train,benign,1697,90.0,832,4.0,-1,0
train/benign/melanoma_4456.jpg,train,benign,7033,74.0,833,0.0,-1,0
train/benign/melanoma_4457.jpg,train,benign,9252,82.0,3412,6.0,-1,0
train/benign/melanoma_4458.jpg,train,benign,7908,74.0,1679,2.0,-1,0
train/benign/melanoma_4459.jpg,train,benign,96,80.0,834,6.0,-1,0
train/benign/melanoma_446.jpg,train,benign,9244,56.0,629,2.0,-1,0
train/benign/melanoma_4460.jpg,train,benign,6025,82.0,835,6.0,-1,0
train/benign/melanoma_4461.jpg,train,benign,2383,88.0,444,6.0,-1,0
train/benign/melanoma_4462.jpg,train,benign,4276,92.0,634,4.0,-1,0
train/benign/melanoma_4463.jpg,train,benign,2069,90.0,652,2.0,-1,0
train/benign/melanoma_4464.jpg,train,benign,6959,76.0,836,0.0,-1,0
train/benign/melanoma_4465.jpg,train,benign,942,84.0,653,2.0,-1,0
train/benign/melanoma_4466.jpg,train,benign,9265,52.0,654,4.0,-1,0
train/benign/melanoma_4467.jpg,train,benign,3219,84.0,655,2.0,-1,0
train/benign/melanoma_4468.jpg,train,benign,8861,84.0,3413,2.0,-1,0
train/benign/melanoma_4469.jpg,train,benign,8115,94.0,656,4.0,-1,0
train/benign/melanoma_447.jpg,train,benign,36,74.0,3486,0.0,-1,0
train/benign/melanoma_4470.jpg,train,benign,6993,88.0,657,6.0,-1,0
train/benign/melanoma_4471.jpg,train,benign,8945,84.0,1680,4.0,-1,0
train/benign/melanoma_4472.jpg,train,benign,6406,88.0,658,2.0,-1,0
train/benign/melanoma_4473.jpg,train,benign,2334,74.0,2587,2.0,-1,0
train/benign/melanoma_4474.jpg,train,benign,3432,92.0,659,4.0,-1,0
train/benign/melanoma_4475.jpg,train,benign,9277,72.0,660,4.0,-1,0
train/benign/melanoma_4476.jpg,train,benign,2259,72.0,661,0.0,-1,0
train/benign/melanoma_4477.jpg,train,benign,7033,56.0,635,4.0,-1,0
train/benign/melanoma_4478.jpg,train,benign,1170,72.0,662,2.0,-1,0
train/benign/melanoma_4479.jpg,train,benign,2443,78.0,519,4.0,-1,0
train/benign/melanoma_448.jpg,train,benign,1173,94.0,4320,2.0,-1,0
train/benign/melanoma_4480.jpg,train,benign,7049,74.0,663,6.0,-1,0
train/benign/melanoma_4481.jpg,train,benign,7856,80.0,664,2.0,-1,0
train/benign/melanoma_4482.jpg,train,benign,8429,80.0,665,2.0,-1,0
train/benign/melanoma_4483.jpg,train,benign,9085,84.0,666,4.0,-1,0
train/benign/melanoma_4484.jpg,train,benign,7244,60.0,1681,6.0,-1,0
train/benign/melanoma_4485.jpg,train,benign,376,72.0,2588,6.0,-1,0
train/benign/melanoma_4486.jpg,train,benign,6696,54.0,667,2.0,-1,0
train/benign/melanoma_4487.jpg,train,benign,9182,72.0,668,6.0,-1,0
train/benign/melanoma_4488.jpg,train,benign,7065,90.0,669,4.0,-1,0
train/benign/melanoma_4489.jpg,train,benign,9233,68.0,670,2.0,-1,0
train/benign/melanoma_449.jpg,train,benign,9494,78.0,4321,2.0,-1,0
train/benign/melanoma_4490.jpg,train,benign,1170,62.0,3414,4.0,-1,0
train/benign/melanoma_4491.jpg,train,benign,9143,76.0,671,6.0,-1,0
train/benign/melanoma_4492.jpg,train,benign,8691,80.0,636,6.0,-1,0
train/benign/melanoma_4493.jpg,train,benign,4786,90.0,672,6.0,-1,0
train/benign/melanoma_4494.jpg,train,benign,6379,74.0,673,4.0,-1,0
train/benign/melanoma_4495.jpg,train,benign,8681,86.0,674,4.0,-1,0
train/benign/melanoma_4496.jpg,train,benign,2407,74.0,675,8.0,-1,0
train/benign/melanoma_4497.jpg,train,benign,1461,88.0,2589,2.0,-1,0
train/benign/melanoma_4498.jpg,train,benign,2901,84.0,1682,4.0,-1,0
train/benign/melanoma_4499.jpg,train,benign,11,72.0,676,4.0,-1,0
train/benign/melanoma_45.jpg,train,benign,6903,66.0,4022,4.0,-1,0
train/benign/melanoma_450.jpg,train,benign,897,78.0,2653,2.0,-1,0
train/benign/melanoma_4500.jpg,train,benign,8740,68.0,677,6.0,-1,0
train/benign/melanoma_4501.jpg,train,benign,1779,86.0,3415,0.0,-1,0
train/benign/melanoma_4502.jpg,train,benign,8238,74.0,678,2.0,-1,0
train/benign/melanoma_4503.jpg,train,benign,99,90.0,679,4.0,-1,0
train/benign/melanoma_4504.jpg,train,benign,6983,84.0,680,6.0,-1,0
train/benign/melanoma_4505.jpg,train,benign,924,80.0,681,4.0,-1,0
train/benign/melanoma_4506.jpg,train,benign,9357,80.0,637,6.0,-1,0
train/benign/melanoma_4507.jpg,train,benign,5019,82.0,682,2.0,-1,0
train/benign/melanoma_4508.jpg,train,benign,7045,80.0,683,2.0,-1,0
train/benign/melanoma_4509.jpg,train,benign,7235,74.0,2468,2.0,-1,0
train/benign/melanoma_451.jpg,train,benign,4623,90.0,4322,2.0,-1,0
train/benign/melanoma_4510.jpg,train,benign,7061,66.0,2590,6.0,-1,0
train/benign/melanoma_4511.jpg,train,benign,6880,94.0,684,0.0,-1,0
train/benign/melanoma_4512.jpg,train,benign,1704,84.0,3416,8.0,-1,0
train/benign/melanoma_4513.jpg,train,benign,607,94.0,1646,8.0,-1,0
train/benign/melanoma_4514.jpg,train,benign,2358,80.0,685,2.0,-1,0
train/benign/melanoma_4515.jpg,train,benign,5688,86.0,686,2.0,-1,0
train/benign/melanoma_4516.jpg,train,benign,3183,88.0,687,4.0,-1,0
train/benign/melanoma_4517.jpg,train,benign,9302,78.0,688,2.0,-1,0
train/benign/melanoma_4518.jpg,train,benign,9298,90.0,689,2.0,-1,0
train/benign/melanoma_4519.jpg,train,benign,9373,82.0,690,4.0,-1,0
train/benign/melanoma_452.jpg,train,benign,809,88.0,4323,0.0,-1,0
train/benign/melanoma_4520.jpg,train,benign,8640,76.0,691,4.0,-1,0
train/benign/melanoma_4521.jpg,train,benign,911,90.0,638,2.0,-1,0
train/benign/melanoma_4522.jpg,train,benign,22,78.0,2591,4.0,-1,0
train/benign/melanoma_4523.jpg,train,benign,7995,92.0,3417,4.0,-1,0
train/benign/melanoma_4524.jpg,train,benign,885,90.0,692,2.0,-1,0
train/benign/melanoma_4525.jpg,train,benign,7039,70.0,693,4.0,-1,0
train/benign/melanoma_4526.jpg,train,benign,2118,72.0,1683,4.0,-1,0
train/benign/melanoma_4527.jpg,train,benign,1498,76.0,694,2.0,-1,0
train/benign/melanoma_4528.jpg,train,benign,2444,32.0,695,2.0,-1,0
train/benign/melanoma_4529.jpg,train,benign,3041,78.0,696,10.0,-1,0
train/benign/melanoma_453.jpg,train,benign,9061,74.0,4324,6.0,-1,0
train/benign/melanoma_4530.jpg,train,benign,1276,68.0,697,4.0,-1,0
train/benign/melanoma_4531.jpg,train,benign,770,76.0,698,2.0,-1,0
train/benign/melanoma_4532.jpg,train,benign,6926,80.0,699,4.0,-1,0
train/benign/melanoma_4533.jpg,train,benign,7014,66.0,700,2.0,-1,0
train/benign/melanoma_4534.jpg,train,benign,795,90.0,2544,12.0,-1,-1
train/benign/melanoma_4535.jpg,train,benign,3705,86.0,2556,2.0,-1,0
train/benign/melanoma_4536.jpg,train,benign,7980,76.0,701,2.0,-1,0
train/benign/melanoma_4537.jpg,train,benign,7322,78.0,639,2.0,-1,0
train/benign/melanoma_4538.jpg,train,benign,4717,92.0,702,2.0,-1,0
train/benign/melanoma_4539.jpg,train,benign,1284,88.0,1684,0.0,-1,0
train/benign/melanoma_454.jpg,train,benign,7616,70.0,4288,4.0,-1,0
train/benign/melanoma_4540.jpg,train,benign,7546,80.0,703,10.0,-1,0
train/benign/melanoma_4541.jpg,train,benign,437,84.0,704,4.0,-1,0
train/benign/melanoma_4542.jpg,train,benign,7902,70.0,705,4.0,-1,0
train/benign/melanoma_4543.jpg,train,benign,112,94.0,706,2.0,-1,0
train/benign/melanoma_4544.jpg,train,benign,7891,88.0,707,4.0,-1,0
train/benign/melanoma_4545.jpg,train,benign,1724,90.0,3418,0.0,-1,0
train/benign/melanoma_4546.jpg,train,benign,1786,68.0,708,2.0,-1,0
train/benign/melanoma_4547.jpg,train,benign,7727,84.0,2592,4.0,-1,0
train/benign/melanoma_4548.jpg,train,benign,1753,78.0,709,0.0,-1,0
train/benign/melanoma_4549.jpg,train,benign,2130,82.0,710,4.0,-1,0
train/benign/melanoma_455.jpg,train,benign,131,88.0,4325,0.0,-1,0
train/benign/melanoma_4550.jpg,train,benign,6981,78.0,711,2.0,-1,0
train/benign/melanoma_4551.jpg,train,benign,3510,88.0,640,2.0,-1,0
train/benign/melanoma_4552.jpg,train,benign,131,90.0,1685,4.0,-1,0
train/benign/melanoma_4553.jpg,train,benign,3796,80.0,712,2.0,-1,0
train/benign/melanoma_4554.jpg,train,benign,5915,78.0,713,10.0,-1,0
train/benign/melanoma_4555.jpg,train,benign,7341,84.0,714,2.0,-1,0
train/benign/melanoma_4556.jpg,train,benign,2609,84.0,3367,2.0,-1,0
train/benign/melanoma_4557.jpg,train,benign,7001,74.0,3419,0.0,-1,0
train/benign/melanoma_4558.jpg,train,benign,2334,70.0,715,4.0,-1,0
train/benign/melanoma_4559.jpg,train,benign,3265,92.0,716,0.0,-1,0
train/benign/melanoma_456.jpg,train,benign,4623,90.0,4326,2.0,-1,0
train/benign/melanoma_4560.jpg,train,benign,7879,66.0,2593,6.0,-1,0
train/benign/melanoma_4561.jpg,train,benign,1093,92.0,717,2.0,-1,0
train/benign/melanoma_4562.jpg,train,benign,1393,84.0,718,6.0,-1,0
train/benign/melanoma_4563.jpg,train,benign,6115,80.0,719,4.0,-1,0
train/benign/melanoma_4564.jpg,train,benign,1396,90.0,720,8.0,-1,0
train/benign/melanoma_4565.jpg,train,benign,3054,86.0,721,2.0,-1,0
train/benign/melanoma_4566.jpg,train,benign,8315,82.0,1686,4.0,-1,0
train/benign/melanoma_4567.jpg,train,benign,96,86.0,641,6.0,-1,0
train/benign/melanoma_4568.jpg,train,benign,21,78.0,3373,4.0,-1,0
train/benign/melanoma_4569.jpg,train,benign,874,84.0,722,0.0,-1,0
train/benign/melanoma_457.jpg,train,benign,2991,84.0,4327,4.0,-1,0
train/benign/melanoma_4570.jpg,train,benign,118,60.0,723,4.0,-1,0
train/benign/melanoma_4571.jpg,train,benign,7922,60.0,724,4.0,-1,0
train/benign/melanoma_4572.jpg,train,benign,1309,86.0,2594,4.0,-1,0
train/benign/melanoma_4573.jpg,train,benign,7906,90.0,725,2.0,-1,0
train/benign/melanoma_4574.jpg,train,benign,9143,68.0,726,4.0,-1,0
train/benign/melanoma_4575.jpg,train,benign,2544,94.0,727,4.0,-1,0
train/benign/melanoma_4576.jpg,train,benign,9876,88.0,728,4.0,-1,0
train/benign/melanoma_4577.jpg,train,benign,9617,86.0,729,2.0,-1,0
train/benign/melanoma_4578.jpg,train,benign,5735,94.0,730,4.0,-1,0
train/benign/melanoma_4579.jpg,train,benign,6942,90.0,3420,4.0,-1,0
train/benign/melanoma_458.jpg,train,benign,1170,80.0,1643,2.0,-1,0
train/benign/melanoma_4580.jpg,train,benign,2162,80.0,436,4.0,-1,0
train/benign/melanoma_4581.jpg,train,benign,9409,74.0,1687,2.0,-1,0
train/benign/melanoma_4582.jpg,train,benign,7244,68.0,731,6.0,-1,0
train/benign/melanoma_4583.jpg,train,benign,7807,64.0,3676,2.0,-1,0
train/benign/melanoma_4584.jpg,train,benign,1790,82.0,2595,10.0,-1,0
train/benign/melanoma_4585.jpg,train,benign,6570,72.0,3686,2.0,-1,0
train/benign/melanoma_4586.jpg,train,benign,8971,80.0,3778,6.0,-1,0
train/benign/melanoma_4587.jpg,train,benign,3845,80.0,3687,2.0,-1,0
train/benign/melanoma_4588.jpg,train,benign,8798,74.0,3688,0.0,-1,0
train/benign/melanoma_4589.jpg,train,benign,6696,74.0,3689,2.0,-1,0
train/benign/melanoma_459.jpg,train,benign,1459,82.0,4328,2.0,-1,0
train/benign/melanoma_4590.jpg,train,benign,6897,90.0,3421,2.0,-1,0
train/benign/melanoma_4591.jpg,train,benign,6368,92.0,3690,4.0,-1,0
train/benign/melanoma_4592.jpg,train,benign,7438,62.0,3691,2.0,-1,0
train/benign/melanoma_4593.jpg,train,benign,6824,64.0,3692,2.0,-1,0
train/benign/melanoma_4594.jpg,train,benign,7641,90.0,1688,2.0,-1,0
train/benign/melanoma_4595.jpg,train,benign,2458,88.0,3693,6.0,-1,0
train/benign/melanoma_4596.jpg,train,benign,1614,84.0,632,4.0,-1,0
train/benign/melanoma_4597.jpg,train,benign,2391,88.0,3694,4.0,-1,0
train/benign/melanoma_4598.jpg,train,benign,662,38.0,3695,4.0,-1,0
train/benign/melanoma_4599.jpg,train,benign,972,86.0,3677,0.0,-1,0
train/benign/melanoma_46.jpg,train,benign,7596,80.0,4023,0.0,-1,0
train/benign/melanoma_460.jpg,train,benign,7168,78.0,1755,4.0,-1,0
train/benign/melanoma_4600.jpg,train,benign,7120,90.0,3696,4.0,-1,0
train/benign/melanoma_4601.jpg,train,benign,1292,94.0,3422,2.0,-1,0
train/benign/melanoma_4602.jpg,train,benign,6874,76.0,3697,0.0,-1,0
train/benign/melanoma_4603.jpg,train,benign,5644,78.0,3698,4.0,-1,0
train/benign/melanoma_4604.jpg,train,benign,7556,76.0,3699,2.0,-1,0
train/benign/melanoma_4605.jpg,train,benign,8862,88.0,3700,8.0,-1,0
train/benign/melanoma_4606.jpg,train,benign,7356,58.0,3701,2.0,-1,0
train/benign/melanoma_4607.jpg,train,benign,1295,92.0,1689,0.0,-1,0
train/benign/melanoma_4608.jpg,train,benign,2962,80.0,2596,2.0,-1,0
train/benign/melanoma_4609.jpg,train,benign,7908,86.0,3702,4.0,-1,0
train/benign/melanoma_461.jpg,train,benign,7163,76.0,4329,2.0,-1,0
train/benign/melanoma_4610.jpg,train,benign,1436,72.0,3703,2.0,-1,0
train/benign/melanoma_4611.jpg,train,benign,9409,68.0,3704,4.0,-1,0
train/benign/melanoma_4612.jpg,train,benign,1029,94.0,520,2.0,-1,0
train/benign/melanoma_4613.jpg,train,benign,8558,76.0,3705,0.0,-1,0
train/benign/melanoma_4614.jpg,train,benign,9623,76.0,3678,2.0,-1,0
train/benign/melanoma_4615.jpg,train,benign,1329,78.0,3706,6.0,-1,0
train/benign/melanoma_4616.jpg,train,benign,7744,88.0,3707,6.0,-1,0
train/benign/melanoma_4617.jpg,train,benign,9224,92.0,3708,6.0,-1,0
train/benign/melanoma_4618.jpg,train,benign,894,94.0,3709,2.0,-1,0
train/benign/melanoma_4619.jpg,train,benign,3650,90.0,3710,4.0,-1,0
train/benign/melanoma_462.jpg,train,benign,8366,84.0,2662,6.0,-1,0
train/benign/melanoma_4620.jpg,train,benign,435,82.0,2597,2.0,-1,0
train/benign/melanoma_4621.jpg,train,benign,1711,76.0,1690,6.0,-1,0
train/benign/melanoma_4622.jpg,train,benign,9575,82.0,3711,4.0,-1,0
train/benign/melanoma_4623.jpg,train,benign,4588,82.0,3423,2.0,-1,0
train/benign/melanoma_4624.jpg,train,benign,7636,66.0,3712,2.0,-1,0
train/benign/melanoma_4625.jpg,train,benign,191,94.0,3713,2.0,-1,0
train/benign/melanoma_4626.jpg,train,benign,6909,48.0,3714,6.0,-1,0
train/benign/melanoma_4627.jpg,train,benign,8476,76.0,3715,2.0,-1,0
train/benign/melanoma_4628.jpg,train,benign,5532,90.0,3679,2.0,-1,0
train/benign/melanoma_4629.jpg,train,benign,1387,94.0,3716,4.0,-1,0
train/benign/melanoma_463.jpg,train,benign,9348,60.0,4330,4.0,-1,0
train/benign/melanoma_4630.jpg,train,benign,5012,84.0,3717,6.0,-1,0
train/benign/melanoma_4631.jpg,train,benign,3945,72.0,3718,2.0,-1,0
train/benign/melanoma_4632.jpg,train,benign,7230,78.0,2469,2.0,-1,0
train/benign/melanoma_4633.jpg,train,benign,8889,90.0,2598,2.0,-1,0
train/benign/melanoma_4634.jpg,train,benign,2579,90.0,3424,2.0,-1,0
train/benign/melanoma_4635.jpg,train,benign,68,60.0,3719,2.0,-1,0
train/benign/melanoma_4636.jpg,train,benign,3405,90.0,1691,2.0,-1,0
train/benign/melanoma_4637.jpg,train,benign,9447,76.0,3720,2.0,-1,0
train/benign/melanoma_4638.jpg,train,benign,1173,86.0,3721,6.0,-1,0
train/benign/melanoma_4639.jpg,train,benign,8086,84.0,3722,4.0,-1,0
train/benign/melanoma_464.jpg,train,benign,7109,82.0,4331,0.0,-1,0
train/benign/melanoma_4640.jpg,train,benign,1728,86.0,3723,2.0,-1,0
train/benign/melanoma_4641.jpg,train,benign,9104,76.0,3724,0.0,-1,0
train/benign/melanoma_4642.jpg,train,benign,4141,86.0,3725,0.0,-1,0
train/benign/melanoma_4643.jpg,train,benign,8767,72.0,3680,2.0,-1,0
train/benign/melanoma_4644.jpg,train,benign,114,86.0,3726,4.0,-1,0
train/benign/melanoma_4645.jpg,train,benign,9198,80.0,3425,4.0,-1,0
train/benign/melanoma_4646.jpg,train,benign,6913,82.0,2599,2.0,-1,0
train/benign/melanoma_4647.jpg,train,benign,5772,80.0,3727,4.0,-1,0
train/benign/melanoma_4648.jpg,train,benign,3732,84.0,3728,0.0,-1,0
train/benign/melanoma_4649.jpg,train,benign,9225,68.0,1692,2.0,-1,0
train/benign/melanoma_465.jpg,train,benign,8839,68.0,4332,4.0,-1,0
train/benign/melanoma_4650.jpg,train,benign,1797,86.0,3729,2.0,-1,0
train/benign/melanoma_4651.jpg,train,benign,6962,64.0,3730,2.0,-1,0
train/benign/melanoma_4652.jpg,train,benign,1339,92.0,3731,2.0,-1,0
train/benign/melanoma_4653.jpg,train,benign,1587,94.0,3732,4.0,-1,0
train/benign/melanoma_4654.jpg,train,benign,4470,86.0,3733,2.0,-1,0
train/benign/melanoma_4655.jpg,train,benign,7104,84.0,3734,4.0,-1,0
train/benign/melanoma_4656.jpg,train,benign,4424,90.0,2545,0.0,-1,0
train/benign/melanoma_4657.jpg,train,benign,6347,90.0,3735,4.0,-1,0
train/benign/melanoma_4658.jpg,train,benign,5339,90.0,2600,4.0,-1,0
train/benign/melanoma_4659.jpg,train,benign,9205,74.0,3681,8.0,-1,0
train/benign/melanoma_466.jpg,train,benign,3474,86.0,4333,2.0,-1,0
train/benign/melanoma_4660.jpg,train,benign,7587,80.0,3736,4.0,-1,0
train/benign/melanoma_4661.jpg,train,benign,1711,84.0,3737,0.0,-1,0
train/benign/melanoma_4662.jpg,train,benign,6881,74.0,1647,6.0,-1,0
train/benign/melanoma_4663.jpg,train,benign,6909,52.0,3738,2.0,-1,0
train/benign/melanoma_4664.jpg,train,benign,1308,90.0,3739,2.0,-1,0
train/benign/melanoma_4665.jpg,train,benign,7266,62.0,3740,2.0,-1,0
train/benign/melanoma_4666.jpg,train,benign,12,90.0,3741,2.0,-1,0
train/benign/melanoma_4667.jpg,train,benign,2392,68.0,3369,4.0,-1,0
train/benign/melanoma_4668.jpg,train,benign,7787,76.0,3426,2.0,-1,0
train/benign/melanoma_4669.jpg,train,benign,2318,62.0,3743,6.0,-1,0
train/benign/melanoma_467.jpg,train,benign,6231,78.0,4334,6.0,-1,0
train/benign/melanoma_4670.jpg,train,benign,7403,84.0,3744,0.0,-1,0
train/benign/melanoma_4671.jpg,train,benign,7860,84.0,2601,6.0,-1,0
train/benign/melanoma_4672.jpg,train,benign,1170,74.0,3745,8.0,-1,0
train/benign/melanoma_4673.jpg,train,benign,8822,86.0,3746,8.0,-1,0
train/benign/melanoma_4674.jpg,train,benign,4427,90.0,3682,2.0,-1,0
train/benign/melanoma_4675.jpg,train,benign,4281,88.0,3747,4.0,-1,0
train/benign/melanoma_4676.jpg,train,benign,2410,80.0,1693,6.0,-1,0
train/benign/melanoma_4677.jpg,train,benign,1170,72.0,3748,0.0,-1,0
train/benign/melanoma_4678.jpg,train,benign,1779,70.0,3749,4.0,-1,0
train/benign/melanoma_4679.jpg,train,benign,8552,88.0,3427,0.0,-1,0
train/benign/melanoma_468.jpg,train,benign,7113,80.0,4289,2.0,-1,0
train/benign/melanoma_4680.jpg,train,benign,8949,36.0,3750,2.0,-1,0
train/benign/melanoma_4681.jpg,train,benign,7390,82.0,3751,6.0,-1,0
train/benign/melanoma_4682.jpg,train,benign,1679,84.0,3752,2.0,-1,0
train/benign/melanoma_4683.jpg,train,benign,4045,92.0,2557,2.0,-1,0
train/benign/melanoma_4684.jpg,train,benign,6909,44.0,3753,2.0,-1,0
train/benign/melanoma_4685.jpg,train,benign,7728,74.0,3754,2.0,-1,0
train/benign/melanoma_4686.jpg,train,benign,7787,72.0,3755,10.0,-1,0
train/benign/melanoma_4687.jpg,train,benign,5644,90.0,3756,2.0,-1,0
train/benign/melanoma_4688.jpg,train,benign,6909,40.0,3683,2.0,-1,0
train/benign/melanoma_4689.jpg,train,benign,442,90.0,1694,4.0,-1,0
train/benign/melanoma_469.jpg,train,benign,1241,86.0,3487,2.0,-1,0
train/benign/melanoma_4690.jpg,train,benign,9299,86.0,3428,0.0,-1,0
train/benign/melanoma_4691.jpg,train,benign,7785,88.0,3757,2.0,-1,0
train/benign/melanoma_4692.jpg,train,benign,7040,90.0,3758,4.0,-1,0
train/benign/melanoma_4693.jpg,train,benign,6246,80.0,3759,4.0,-1,0
train/benign/melanoma_4694.jpg,train,benign,7438,74.0,3760,2.0,-1,0
train/benign/melanoma_4695.jpg,train,benign,2389,80.0,2602,2.0,-1,0
train/benign/melanoma_4696.jpg,train,benign,788,92.0,3761,2.0,-1,0
train/benign/melanoma_4697.jpg,train,benign,4511,80.0,3762,2.0,-1,0
train/benign/melanoma_4698.jpg,train,benign,7791,90.0,3763,2.0,-1,0
train/benign/melanoma_4699.jpg,train,benign,4281,78.0,3764,2.0,-1,0
train/benign/melanoma_47.jpg,train,benign,9260,68.0,3451,2.0,-1,0
train/benign/melanoma_470.jpg,train,benign,291,92.0,4335,6.0,-1,0
train/benign/melanoma_4700.jpg,train,benign,1625,80.0,3765,2.0,-1,0
train/benign/melanoma_4701.jpg,train,benign,9151,74.0,3429,8.0,-1,0
train/benign/melanoma_4702.jpg,train,benign,7380,92.0,3766,0.0,-1,0
train/benign/melanoma_4703.jpg,train,benign,4372,82.0,1695,8.0,-1,0
train/benign/melanoma_4704.jpg,train,benign,1498,88.0,3684,2.0,-1,0
train/benign/melanoma_4705.jpg,train,benign,7,92.0,3767,4.0,-1,0
train/benign/melanoma_4706.jpg,train,benign,1112,80.0,3768,4.0,-1,0
train/benign/melanoma_4707.jpg,train,benign,2167,92.0,2603,2.0,-1,0
train/benign/melanoma_4708.jpg,train,benign,6771,86.0,3769,4.0,-1,0
train/benign/melanoma_4709.jpg,train,benign,4248,90.0,3770,2.0,-1,0
train/benign/melanoma_471.jpg,train,benign,1538,92.0,4336,2.0,-1,0
train/benign/melanoma_4710.jpg,train,benign,7131,94.0,3771,4.0,-1,0
train/benign/melanoma_4711.jpg,train,benign,2803,88.0,3772,2.0,-1,0
train/benign/melanoma_4712.jpg,train,benign,588,72.0,3374,4.0,-1,0
train/benign/melanoma_4713.jpg,train,benign,6962,72.0,3773,4.0,-1,0
train/benign/melanoma_4714.jpg,train,benign,1755,80.0,3774,4.0,-1,0
train/benign/melanoma_4715.jpg,train,benign,153,86.0,3776,4.0,-1,0
train/benign/melanoma_4716.jpg,train,benign,2365,72.0,548,4.0,-1,0
train/benign/melanoma_4717.jpg,train,benign,3359,94.0,1696,2.0,-1,0
train/benign/melanoma_4718.jpg,train,benign,240,94.0,3777,4.0,-1,0
train/benign/melanoma_4719.jpg,train,benign,2428,90.0,2604,6.0,-1,0
train/benign/melanoma_472.jpg,train,benign,4697,88.0,4337,4.0,-1,0
train/benign/melanoma_4720.jpg,train,benign,6725,86.0,3779,4.0,-1,0
train/benign/melanoma_4721.jpg,train,benign,6684,58.0,3788,2.0,-1,0
train/benign/melanoma_4722.jpg,train,benign,6962,72.0,3880,6.0,-1,0
train/benign/melanoma_4723.jpg,train,benign,6771,74.0,3430,0.0,-1,0
train/benign/melanoma_4724.jpg,train,benign,9098,86.0,3789,2.0,-1,0
train/benign/melanoma_4725.jpg,train,benign,8949,62.0,3790,4.0,-1,0
train/benign/melanoma_4726.jpg,train,benign,6690,82.0,3791,2.0,-1,0
train/benign/melanoma_4727.jpg,train,benign,9200,66.0,3792,6.0,-1,0
train/benign/melanoma_4728.jpg,train,benign,8740,74.0,3793,4.0,-1,0
train/benign/melanoma_4729.jpg,train,benign,1671,86.0,3794,2.0,-1,0
train/benign/melanoma_473.jpg,train,benign,8684,74.0,1756,4.0,-1,0
train/benign/melanoma_4730.jpg,train,benign,2342,68.0,1697,2.0,-1,0
train/benign/melanoma_4731.jpg,train,benign,3272,90.0,445,2.0,-1,0
train/benign/melanoma_4732.jpg,train,benign,6854,90.0,3796,4.0,-1,0
train/benign/melanoma_4733.jpg,train,benign,6752,82.0,3797,2.0,-1,0
train/benign/melanoma_4734.jpg,train,benign,9091,80.0,3431,4.0,-1,0
train/benign/melanoma_4735.jpg,train,benign,7922,80.0,3798,6.0,-1,0
train/benign/melanoma_4736.jpg,train,benign,6359,72.0,3780,4.0,-1,0
train/benign/melanoma_4737.jpg,train,benign,6673,90.0,3799,0.0,-1,0
train/benign/melanoma_4738.jpg,train,benign,6996,66.0,3800,6.0,-1,0
train/benign/melanoma_4739.jpg,train,benign,1366,72.0,3801,4.0,-1,0
train/benign/melanoma_474.jpg,train,benign,7244,76.0,2755,10.0,-1,0
train/benign/melanoma_4740.jpg,train,benign,6974,60.0,3802,2.0,-1,0
train/benign/melanoma_4741.jpg,train,benign,2796,88.0,3803,0.0,-1,0
train/benign/melanoma_4742.jpg,train,benign,7587,66.0,3804,2.0,-1,0
train/benign/melanoma_4743.jpg,train,benign,2355,84.0,2605,2.0,-1,0
train/benign/melanoma_4744.jpg,train,benign,6041,94.0,1698,0.0,-1,0
train/benign/melanoma_4745.jpg,train,benign,6765,88.0,521,0.0,-1,0
train/benign/melanoma_4746.jpg,train,benign,8516,64.0,3805,4.0,-1,0
train/benign/melanoma_4747.jpg,train,benign,1861,92.0,3806,2.0,-1,0
train/benign/melanoma_4748.jpg,train,benign,7315,96.0,3807,2.0,-1,0
train/benign/melanoma_4749.jpg,train,benign,586,94.0,3808,2.0,-1,0
train/benign/melanoma_475.jpg,train,benign,2805,92.0,4338,0.0,-1,0
train/benign/melanoma_4750.jpg,train,benign,2583,82.0,3781,2.0,-1,0
train/benign/melanoma_4751.jpg,train,benign,2912,78.0,3809,0.0,-1,0
train/benign/melanoma_4752.jpg,train,benign,1385,48.0,3810,4.0,-1,0
train/benign/melanoma_4753.jpg,train,benign,9442,80.0,3811,2.0,-1,0
train/benign/melanoma_4754.jpg,train,benign,1170,52.0,3812,6.0,-1,0
train/benign/melanoma_4755.jpg,train,benign,6123,86.0,2451,6.0,-1,0
train/benign/melanoma_4756.jpg,train,benign,4814,88.0,3432,4.0,-1,0
train/benign/melanoma_4757.jpg,train,benign,7197,62.0,2606,4.0,-1,0
train/benign/melanoma_4758.jpg,train,benign,2047,90.0,3813,2.0,-1,0
train/benign/melanoma_4759.jpg,train,benign,5524,88.0,1699,2.0,-1,0
train/benign/melanoma_476.jpg,train,benign,9327,68.0,4339,2.0,-1,0
train/benign/melanoma_4760.jpg,train,benign,5141,90.0,3814,2.0,-1,0
train/benign/melanoma_4761.jpg,train,benign,6061,84.0,3815,4.0,-1,0
train/benign/melanoma_4762.jpg,train,benign,2603,90.0,3816,8.0,-1,0
train/benign/melanoma_4763.jpg,train,benign,1427,82.0,3817,4.0,-1,0
train/benign/melanoma_4764.jpg,train,benign,1786,58.0,3818,4.0,-1,0
train/benign/melanoma_4765.jpg,train,benign,6437,70.0,3782,4.0,-1,0
train/benign/melanoma_4766.jpg,train,benign,1583,90.0,3819,2.0,-1,0
train/benign/melanoma_4767.jpg,train,benign,942,92.0,3433,6.0,-1,0
train/benign/melanoma_4768.jpg,train,benign,9336,64.0,3820,4.0,-1,0
train/benign/melanoma_4769.jpg,train,benign,7522,84.0,2607,4.0,-1,0
train/benign/melanoma_477.jpg,train,benign,116,84.0,4340,4.0,-1,0
train/benign/melanoma_4770.jpg,train,benign,9031,72.0,3821,2.0,-1,0
train/benign/melanoma_4771.jpg,train,benign,6683,62.0,3822,2.0,-1,0
train/benign/melanoma_4772.jpg,train,benign,6962,48.0,1700,0.0,-1,0
train/benign/melanoma_4773.jpg,train,benign,7116,74.0,3823,2.0,-1,0
train/benign/melanoma_4774.jpg,train,benign,2532,92.0,3824,4.0,-1,0
train/benign/melanoma_4775.jpg,train,benign,5026,78.0,3825,2.0,-1,0
train/benign/melanoma_4776.jpg,train,benign,8499,80.0,3826,2.0,-1,0
train/benign/melanoma_4777.jpg,train,benign,68,66.0,3827,4.0,-1,0
train/benign/melanoma_4778.jpg,train,benign,582,84.0,3378,2.0,-1,0
train/benign/melanoma_4779.jpg,train,benign,9338,60.0,2546,6.0,-1,0
train/benign/melanoma_478.jpg,train,benign,7266,86.0,4341,2.0,-1,0
train/benign/melanoma_4780.jpg,train,benign,7787,74.0,3828,4.0,-1,0
train/benign/melanoma_4781.jpg,train,benign,2273,80.0,3783,6.0,-1,0
train/benign/melanoma_4782.jpg,train,benign,1226,70.0,2608,2.0,-1,0
train/benign/melanoma_4783.jpg,train,benign,7639,86.0,3829,2.0,-1,0
train/benign/melanoma_4784.jpg,train,benign,4599,86.0,3831,0.0,-1,0
train/benign/melanoma_4785.jpg,train,benign,7555,82.0,3832,2.0,-1,0
train/benign/melanoma_4786.jpg,train,benign,2265,74.0,1701,6.0,-1,0
train/benign/melanoma_4787.jpg,train,benign,2676,92.0,3833,2.0,-1,0
train/benign/melanoma_4788.jpg,train,benign,64,86.0,3834,2.0,-1,0
train/benign/melanoma_4789.jpg,train,benign,8122,92.0,3835,4.0,-1,0
train/benign/melanoma_479.jpg,train,benign,7556,54.0,4342,0.0,-1,0
train/benign/melanoma_4790.jpg,train,benign,7139,84.0,3434,2.0,-1,0
train/benign/melanoma_4791.jpg,train,benign,9361,68.0,3836,4.0,-1,0
train/benign/melanoma_4792.jpg,train,benign,1795,84.0,3837,4.0,-1,0
train/benign/melanoma_4793.jpg,train,benign,1791,82.0,3838,6.0,-1,0
train/benign/melanoma_4794.jpg,train,benign,796,88.0,2609,0.0,-1,0
train/benign/melanoma_4795.jpg,train,benign,9828,84.0,3839,4.0,-1,0
train/benign/melanoma_4796.jpg,train,benign,6825,76.0,3784,4.0,-1,0
train/benign/melanoma_4797.jpg,train,benign,6831,84.0,3840,2.0,-1,0
train/benign/melanoma_4798.jpg,train,benign,8549,90.0,3841,2.0,-1,0
train/benign/melanoma_4799.jpg,train,benign,6831,76.0,1702,2.0,-1,0
train/benign/melanoma_48.jpg,train,benign,5019,70.0,1718,6.0,-1,0
train/benign/melanoma_480.jpg,train,benign,5697,80.0,3488,2.0,-1,0
train/benign/melanoma_4800.jpg,train,benign,7265,86.0,3842,4.0,-1,0
train/benign/melanoma_4801.jpg,train,benign,1170,66.0,3435,6.0,-1,0
train/benign/melanoma_4802.jpg,train,benign,2583,64.0,3843,2.0,-1,0
train/benign/melanoma_4803.jpg,train,benign,4912,84.0,3844,0.0,-1,0
train/benign/melanoma_4804.jpg,train,benign,6274,90.0,3845,4.0,-1,0
train/benign/melanoma_4805.jpg,train,benign,349,86.0,3846,2.0,-1,0
train/benign/melanoma_4806.jpg,train,benign,281,86.0,2610,4.0,-1,0
train/benign/melanoma_4807.jpg,train,benign,7395,88.0,3847,2.0,-1,0
train/benign/melanoma_4808.jpg,train,benign,8949,56.0,3848,2.0,-1,0
train/benign/melanoma_4809.jpg,train,benign,1179,88.0,3849,4.0,-1,0
train/benign/melanoma_481.jpg,train,benign,27,74.0,4343,2.0,-1,0
train/benign/melanoma_4810.jpg,train,benign,9528,84.0,3785,2.0,-1,0
train/benign/melanoma_4811.jpg,train,benign,8751,90.0,3850,2.0,-1,0
train/benign/melanoma_4812.jpg,train,benign,1476,96.0,3436,2.0,-1,0
train/benign/melanoma_4813.jpg,train,benign,7158,86.0,1648,6.0,-1,0
train/benign/melanoma_4814.jpg,train,benign,2976,92.0,3851,4.0,-1,0
train/benign/melanoma_4815.jpg,train,benign,3280,90.0,3852,4.0,-1,0
train/benign/melanoma_4816.jpg,train,benign,2871,92.0,3853,6.0,-1,0
train/benign/melanoma_4817.jpg,train,benign,7567,84.0,3854,6.0,-1,0
train/benign/melanoma_4818.jpg,train,benign,1697,84.0,2611,2.0,-1,0
train/benign/melanoma_4819.jpg,train,benign,1171,96.0,3855,0.0,-1,0
train/benign/melanoma_482.jpg,train,benign,1274,78.0,4344,2.0,-1,0
train/benign/melanoma_4820.jpg,train,benign,794,78.0,3856,4.0,-1,0
train/benign/melanoma_4821.jpg,train,benign,9244,52.0,3857,6.0,-1,0
train/benign/melanoma_4822.jpg,train,benign,6266,88.0,3858,2.0,-1,0
train/benign/melanoma_4823.jpg,train,benign,8837,80.0,3437,4.0,-1,0
train/benign/melanoma_4824.jpg,train,benign,8996,60.0,3859,4.0,-1,0
train/benign/melanoma_4825.jpg,train,benign,2428,68.0,3786,6.0,-1,0
train/benign/melanoma_4826.jpg,train,benign,9602,76.0,1703,6.0,-1,0
train/benign/melanoma_4827.jpg,train,benign,9447,82.0,3860,0.0,-1,0
train/benign/melanoma_4828.jpg,train,benign,867,90.0,3861,4.0,-1,0
train/benign/melanoma_4829.jpg,train,benign,2802,86.0,3862,2.0,-1,0
train/benign/melanoma_483.jpg,train,benign,3876,78.0,4290,4.0,-1,0
train/benign/melanoma_4830.jpg,train,benign,4784,86.0,2558,0.0,-1,0
train/benign/melanoma_4831.jpg,train,benign,7807,78.0,3863,2.0,-1,0
train/benign/melanoma_4832.jpg,train,benign,662,84.0,3864,4.0,-1,0
train/benign/melanoma_4833.jpg,train,benign,9252,80.0,3865,2.0,-1,0
train/benign/melanoma_4834.jpg,train,benign,1017,82.0,3438,2.0,-1,0
train/benign/melanoma_4835.jpg,train,benign,4709,68.0,3866,4.0,-1,0
train/benign/melanoma_4836.jpg,train,benign,7094,84.0,3867,0.0,-1,0
train/benign/melanoma_4837.jpg,train,benign,6662,82.0,3868,2.0,-1,0
train/benign/melanoma_4838.jpg,train,benign,5854,90.0,3869,0.0,-1,0
train/benign/melanoma_4839.jpg,train,benign,6115,78.0,1704,2.0,-1,0
train/benign/melanoma_484.jpg,train,benign,6785,78.0,4345,4.0,-1,0
train/benign/melanoma_4840.jpg,train,benign,8228,80.0,3787,2.0,-1,0
train/benign/melanoma_4841.jpg,train,benign,6716,92.0,3870,2.0,-1,0
train/benign/melanoma_4842.jpg,train,benign,7788,78.0,2612,4.0,-1,0
train/benign/melanoma_4843.jpg,train,benign,4999,84.0,3871,2.0,-1,0
train/benign/melanoma_4844.jpg,train,benign,672,92.0,3872,2.0,-1,0
train/benign/melanoma_4845.jpg,train,benign,160,90.0,3439,2.0,-1,0
train/benign/melanoma_4846.jpg,train,benign,3682,78.0,3873,4.0,-1,0
train/benign/melanoma_4847.jpg,train,benign,2398,82.0,3874,2.0,-1,0
train/benign/melanoma_4848.jpg,train,benign,2535,92.0,3875,4.0,-1,0
train/benign/melanoma_4849.jpg,train,benign,8717,82.0,3876,4.0,-1,0
train/benign/melanoma_485.jpg,train,benign,3579,88.0,4346,2.0,-1,0
train/benign/melanoma_4850.jpg,train,benign,4248,92.0,3877,0.0,-1,0
train/benign/melanoma_4851.jpg,train,benign,8996,76.0,3878,6.0,-1,0
train/benign/melanoma_4852.jpg,train,benign,6871,66.0,549,2.0,-1,0
train/benign/melanoma_4853.jpg,train,benign,855,84.0,1705,8.0,-1,0
train/benign/melanoma_4854.jpg,train,benign,7401,88.0,2613,4.0,-1,0
train/benign/melanoma_4855.jpg,train,benign,5865,82.0,3879,8.0,-1,0
train/benign/melanoma_4856.jpg,train,benign,3201,76.0,3375,4.0,-1,0
train/benign/melanoma_4857.jpg,train,benign,4588,56.0,3881,4.0,-1,0
train/benign/melanoma_4858.jpg,train,benign,7620,82.0,3890,4.0,-1,0
train/benign/melanoma_4859.jpg,train,benign,7468,88.0,3980,2.0,-1,0
train/benign/melanoma_486.jpg,train,benign,7493,62.0,2663,4.0,-1,0
train/benign/melanoma_4860.jpg,train,benign,7062,78.0,3891,2.0,-1,0
train/benign/melanoma_4861.jpg,train,benign,2069,94.0,3892,4.0,-1,0
train/benign/melanoma_4862.jpg,train,benign,1667,82.0,3893,2.0,-1,0
train/benign/melanoma_4863.jpg,train,benign,7656,84.0,3894,8.0,-1,0
train/benign/melanoma_4864.jpg,train,benign,6807,48.0,3895,2.0,-1,0
train/benign/melanoma_4865.jpg,train,benign,7636,72.0,3896,2.0,-1,0
train/benign/melanoma_4866.jpg,train,benign,8925,90.0,446,2.0,-1,0
train/benign/melanoma_4867.jpg,train,benign,7399,86.0,3440,4.0,-1,0
train/benign/melanoma_4868.jpg,train,benign,855,90.0,1706,6.0,-1,0
train/benign/melanoma_4869.jpg,train,benign,1649,74.0,3897,2.0,-1,0
train/benign/melanoma_487.jpg,train,benign,1321,82.0,1757,6.0,-1,0
train/benign/melanoma_4870.jpg,train,benign,2234,76.0,3898,2.0,-1,0
train/benign/melanoma_4871.jpg,train,benign,197,90.0,3899,4.0,-1,0
train/benign/melanoma_4872.jpg,train,benign,6685,62.0,3882,4.0,-1,0
train/benign/melanoma_4873.jpg,train,benign,9372,90.0,3900,0.0,-1,0
train/benign/melanoma_4874.jpg,train,benign,5912,92.0,3901,2.0,-1,0
train/benign/melanoma_4875.jpg,train,benign,5117,90.0,3902,6.0,-1,0
train/benign/melanoma_4876.jpg,train,benign,6822,84.0,3903,6.0,-1,0
train/benign/melanoma_4877.jpg,train,benign,698,92.0,3904,14.0,-1,-1
train/benign/melanoma_4878.jpg,train,benign,7191,68.0,522,2.0,-1,0
train/benign/melanoma_4879.jpg,train,benign,770,82.0,2470,2.0,-1,0
train/benign/melanoma_488.jpg,train,benign,1447,88.0,4347,6.0,-1,0
train/benign/melanoma_4880.jpg,train,benign,2340,76.0,2614,2.0,-1,0
train/benign/melanoma_4881.jpg,train,benign,5274,92.0,3905,2.0,-1,0
train/benign/melanoma_4882.jpg,train,benign,24,80.0,1707,0.0,-1,0
train/benign/melanoma_4883.jpg,train,benign,2991,76.0,3906,6.0,-1,0
train/benign/melanoma_4884.jpg,train,benign,3796,68.0,3907,2.0,-1,0
train/benign/melanoma_4885.jpg,train,benign,8332,70.0,3908,2.0,-1,0
train/benign/melanoma_4886.jpg,train,benign,874,90.0,3909,2.0,-1,0
train/benign/melanoma_4887.jpg,train,benign,434,88.0,3883,2.0,-1,0
train/benign/melanoma_4888.jpg,train,benign,7111,76.0,3910,2.0,-1,0
train/benign/melanoma_4889.jpg,train,benign,9526,80.0,3470,0.0,-1,0
train/benign/melanoma_489.jpg,train,benign,7763,94.0,4348,0.0,-1,0
train/benign/melanoma_4890.jpg,train,benign,1454,84.0,3441,6.0,-1,0
train/benign/melanoma_4891.jpg,train,benign,794,90.0,3911,2.0,-1,0
train/benign/melanoma_4892.jpg,train,benign,1238,92.0,3912,6.0,-1,0
train/benign/melanoma_4893.jpg,train,benign,8949,44.0,2615,4.0,-1,0
train/benign/melanoma_4894.jpg,train,benign,6846,84.0,3913,2.0,-1,0
train/benign/melanoma_4895.jpg,train,benign,7725,86.0,3914,6.0,-1,0
train/benign/melanoma_4896.jpg,train,benign,1651,92.0,1708,8.0,-1,0
train/benign/melanoma_4897.jpg,train,benign,1170,90.0,3915,4.0,-1,0
train/benign/melanoma_4898.jpg,train,benign,2428,74.0,3916,4.0,-1,0
train/benign/melanoma_4899.jpg,train,benign,915,84.0,3917,4.0,-1,0
train/benign/melanoma_49.jpg,train,benign,3,92.0,4024,0.0,-1,0
train/benign/melanoma_490.jpg,train,benign,1329,80.0,4349,4.0,-1,0
train/benign/melanoma_4900.jpg,train,benign,75,66.0,3918,0.0,-1,0
train/benign/melanoma_4901.jpg,train,benign,9277,76.0,2547,4.0,-1,0
train/benign/melanoma_4902.jpg,train,benign,5137,84.0,3919,4.0,-1,0
train/benign/melanoma_4903.jpg,train,benign,8989,58.0,3884,4.0,-1,0
train/benign/melanoma_4904.jpg,train,benign,7773,66.0,3920,0.0,-1,0
train/benign/melanoma_4905.jpg,train,benign,925,70.0,2616,4.0,-1,0
train/benign/melanoma_4906.jpg,train,benign,3652,88.0,3921,4.0,-1,0
train/benign/melanoma_4907.jpg,train,benign,4887,92.0,3922,2.0,-1,0
train/benign/melanoma_4908.jpg,train,benign,7053,46.0,3923,2.0,-1,0
train/benign/melanoma_4909.jpg,train,benign,7631,88.0,1709,4.0,-1,0
train/benign/melanoma_491.jpg,train,benign,6795,84.0,3490,2.0,-1,0
train/benign/melanoma_4910.jpg,train,benign,8601,92.0,3924,2.0,-1,0
train/benign/melanoma_4911.jpg,train,benign,7964,86.0,3925,2.0,-1,0
train/benign/melanoma_4912.jpg,train,benign,8065,84.0,3442,2.0,-1,0
train/benign/melanoma_4913.jpg,train,benign,1245,92.0,3926,2.0,-1,0
train/benign/melanoma_4914.jpg,train,benign,8701,84.0,3927,2.0,-1,0
train/benign/melanoma_4915.jpg,train,benign,6913,84.0,3928,8.0,-1,0
train/benign/melanoma_4916.jpg,train,benign,9328,84.0,3929,4.0,-1,0
train/benign/melanoma_4917.jpg,train,benign,1269,82.0,2617,4.0,-1,0
train/benign/melanoma_4918.jpg,train,benign,36,88.0,3885,2.0,-1,0
train/benign/melanoma_4919.jpg,train,benign,1153,86.0,3930,2.0,-1,0
train/benign/melanoma_492.jpg,train,benign,93,84.0,4350,2.0,-1,0
train/benign/melanoma_4920.jpg,train,benign,1711,80.0,3931,4.0,-1,0
train/benign/melanoma_4921.jpg,train,benign,7494,78.0,3932,2.0,-1,0
train/benign/melanoma_4922.jpg,train,benign,1706,94.0,1710,2.0,-1,0
train/benign/melanoma_4923.jpg,train,benign,7531,68.0,3443,4.0,-1,0
train/benign/melanoma_4924.jpg,train,benign,75,76.0,3933,2.0,-1,0
train/benign/melanoma_4925.jpg,train,benign,5815,84.0,3934,2.0,-1,0
train/benign/melanoma_4926.jpg,train,benign,504,92.0,3935,4.0,-1,0
train/benign/melanoma_4927.jpg,train,benign,3542,68.0,3936,4.0,-1,0
train/benign/melanoma_4928.jpg,train,benign,2901,84.0,3937,4.0,-1,0
train/benign/melanoma_4929.jpg,train,benign,6962,80.0,2618,2.0,-1,0
train/benign/melanoma_493.jpg,train,benign,7041,72.0,4351,2.0,-1,0
train/benign/melanoma_4930.jpg,train,benign,6771,86.0,3938,6.0,-1,0
train/benign/melanoma_4931.jpg,train,benign,6880,84.0,3939,2.0,-1,0
train/benign/melanoma_4932.jpg,train,benign,7116,58.0,3886,0.0,-1,0
train/benign/melanoma_4933.jpg,train,benign,2597,88.0,3940,4.0,-1,0
train/benign/melanoma_4934.jpg,train,benign,180,90.0,3444,2.0,-1,0
train/benign/melanoma_4935.jpg,train,benign,8894,78.0,3941,2.0,-1,0
train/benign/melanoma_4936.jpg,train,benign,7727,90.0,1711,4.0,-1,0
train/benign/melanoma_4937.jpg,train,benign,2277,90.0,3942,2.0,-1,0
train/benign/melanoma_4938.jpg,train,benign,7902,88.0,3943,8.0,-1,0
train/benign/melanoma_4939.jpg,train,benign,9364,68.0,3944,6.0,-1,0
train/benign/melanoma_494.jpg,train,benign,6463,80.0,4352,2.0,-1,0
train/benign/melanoma_4940.jpg,train,benign,376,66.0,3945,2.0,-1,0
train/benign/melanoma_4941.jpg,train,benign,6852,78.0,2619,6.0,-1,0
train/benign/melanoma_4942.jpg,train,benign,9713,90.0,3946,0.0,-1,0
train/benign/melanoma_4943.jpg,train,benign,68,82.0,3947,0.0,-1,0
train/benign/melanoma_4944.jpg,train,benign,1737,88.0,3948,6.0,-1,0
train/benign/melanoma_4945.jpg,train,benign,9261,64.0,3445,2.0,-1,0
train/benign/melanoma_4946.jpg,train,benign,925,82.0,3949,6.0,-1,0
train/benign/melanoma_4947.jpg,train,benign,2862,88.0,3887,0.0,-1,0
train/benign/melanoma_4948.jpg,train,benign,2733,86.0,3950,4.0,-1,0
train/benign/melanoma_4949.jpg,train,benign,8656,80.0,1712,4.0,-1,0
train/benign/melanoma_495.jpg,train,benign,7494,74.0,4353,4.0,-1,0
train/benign/melanoma_4950.jpg,train,benign,3987,68.0,3951,4.0,-1,0
train/benign/melanoma_4951.jpg,train,benign,1438,86.0,3952,0.0,-1,0
train/benign/melanoma_4952.jpg,train,benign,1556,88.0,3953,2.0,-1,0
train/benign/melanoma_4953.jpg,train,benign,7000,70.0,2620,4.0,-1,0
train/benign/melanoma_4954.jpg,train,benign,6871,70.0,3954,4.0,-1,0
train/benign/melanoma_4955.jpg,train,benign,9038,80.0,3955,2.0,-1,0
train/benign/melanoma_4956.jpg,train,benign,1710,88.0,3446,8.0,-1,0
train/benign/melanoma_4957.jpg,train,benign,8860,80.0,3956,4.0,-1,0
train/benign/melanoma_4958.jpg,train,benign,7139,78.0,3957,6.0,-1,0
train/benign/melanoma_4959.jpg,train,benign,2423,86.0,3958,6.0,-1,0
train/benign/melanoma_496.jpg,train,benign,1219,78.0,4354,2.0,-1,0
train/benign/melanoma_4960.jpg,train,benign,3594,88.0,3959,6.0,-1,0
train/benign/melanoma_4961.jpg,train,benign,1372,84.0,3888,0.0,-1,0
train/benign/melanoma_4962.jpg,train,benign,8723,76.0,1649,2.0,-1,0
train/benign/melanoma_4963.jpg,train,benign,2394,76.0,3960,4.0,-1,0
train/benign/melanoma_4964.jpg,train,benign,4562,84.0,3961,6.0,-1,0
train/benign/melanoma_4965.jpg,train,benign,6871,54.0,2621,4.0,-1,0
train/benign/melanoma_4966.jpg,train,benign,689,86.0,3962,4.0,-1,0
train/benign/melanoma_4967.jpg,train,benign,943,88.0,3447,6.0,-1,0
train/benign/melanoma_4968.jpg,train,benign,7190,80.0,3963,0.0,-1,0
train/benign/melanoma_4969.jpg,train,benign,7913,58.0,3964,2.0,-1,0
train/benign/melanoma_497.jpg,train,benign,7497,66.0,4292,10.0,-1,0
train/benign/melanoma_4970.jpg,train,benign,141,86.0,3965,2.0,-1,0
train/benign/melanoma_4971.jpg,train,benign,7933,90.0,3966,2.0,-1,0
train/benign/melanoma_4972.jpg,train,benign,7856,82.0,3967,0.0,-1,0
train/benign/melanoma_4973.jpg,train,benign,75,84.0,3968,2.0,-1,0
train/benign/melanoma_4974.jpg,train,benign,9503,82.0,3969,6.0,-1,0
train/benign/melanoma_4975.jpg,train,benign,1800,86.0,1713,4.0,-1,0
train/benign/melanoma_4976.jpg,train,benign,7596,76.0,3889,2.0,-1,0
train/benign/melanoma_4977.jpg,train,benign,7073,82.0,2559,4.0,-1,0
train/benign/melanoma_4978.jpg,train,benign,9088,70.0,3448,2.0,-1,0
train/benign/melanoma_4979.jpg,train,benign,1250,78.0,3970,2.0,-1,0
train/benign/melanoma_498.jpg,train,benign,783,92.0,2475,4.0,-1,0
train/benign/melanoma_4980.jpg,train,benign,582,74.0,3971,4.0,-1,0
train/benign/melanoma_4981.jpg,train,benign,2948,86.0,3972,2.0,-1,0
train/benign/melanoma_4982.jpg,train,benign,7148,84.0,3973,4.0,-1,0
train/benign/melanoma_4983.jpg,train,benign,7546,74.0,3974,6.0,-1,0
train/benign/melanoma_4984.jpg,train,benign,7263,86.0,3975,4.0,-1,0
train/benign/melanoma_4985.jpg,train,benign,8475,72.0,3976,0.0,-1,0
train/benign/melanoma_4986.jpg,train,benign,6683,74.0,3977,0.0,-1,0
train/benign/melanoma_4987.jpg,train,benign,3050,88.0,3978,6.0,-1,0
train/benign/melanoma_4988.jpg,train,benign,2094,88.0,550,2.0,-1,0
train/benign/melanoma_4989.jpg,train,benign,3387,88.0,3449,0.0,-1,0
train/benign/melanoma_499.jpg,train,benign,1170,84.0,2664,4.0,-1,0
train/benign/melanoma_4990.jpg,train,benign,118,72.0,2622,2.0,-1,0
train/benign/melanoma_4991.jpg,train,benign,9336,70.0,1714,4.0,-1,0
train/benign/melanoma_4992.jpg,train,benign,1416,72.0,3979,6.0,-1,0
train/benign/melanoma_4993.jpg,train,benign,9098,78.0,3981,0.0,-1,0
train/benign/melanoma_4994.jpg,train,benign,6218,90.0,3990,2.0,-1,0
train/benign/melanoma_4995.jpg,train,benign,102,84.0,4081,2.0,-1,0
train/benign/melanoma_4996.jpg,train,benign,3261,82.0,3991,6.0,-1,0
train/benign/melanoma_4997.jpg,train,benign,9470,88.0,3992,4.0,-1,0
train/benign/melanoma_4998.jpg,train,benign,4215,84.0,3993,2.0,-1,0
train/benign/melanoma_4999.jpg,train,benign,9373,80.0,3994,4.0,-1,0
train/benign/melanoma_5.jpg,train,benign,7515,76.0,2471,4.0,-1,0
train/benign/melanoma_50.jpg,train,benign,6312,90.0,4025,4.0,-1,0
train/benign/melanoma_500.jpg,train,benign,2930,92.0,4355,4.0,-1,0
train/benign/melanoma_501.jpg,train,benign,7636,78.0,1758,2.0,-1,0
train/benign/melanoma_502.jpg,train,benign,9265,52.0,3472,2.0,-1,0
train/benign/melanoma_503.jpg,train,benign,1701,88.0,4356,4.0,-1,0
train/benign/melanoma_504.jpg,train,benign,1170,84.0,4358,0.0,-1,0
train/benign/melanoma_505.jpg,train,benign,9447,66.0,4359,0.0,-1,0
train/benign/melanoma_506.jpg,train,benign,1553,82.0,4360,2.0,-1,0
train/benign/melanoma_507.jpg,train,benign,9265,40.0,4361,2.0,-1,0
train/benign/melanoma_508.jpg,train,benign,8597,78.0,4362,4.0,-1,0
train/benign/melanoma_509.jpg,train,benign,36,70.0,4363,4.0,-1,0
train/benign/melanoma_51.jpg,train,benign,3972,90.0,4026,4.0,-1,0
train/benign/melanoma_510.jpg,train,benign,2444,58.0,4364,4.0,-1,0
train/benign/melanoma_511.jpg,train,benign,8840,68.0,2665,6.0,-1,0
train/benign/melanoma_512.jpg,train,benign,652,76.0,4365,6.0,-1,0
train/benign/melanoma_513.jpg,train,benign,939,82.0,3491,4.0,-1,0
train/benign/melanoma_514.jpg,train,benign,265,82.0,4293,6.0,-1,0
train/benign/melanoma_515.jpg,train,benign,2811,88.0,1759,2.0,-1,0
train/benign/melanoma_516.jpg,train,benign,7418,80.0,4366,0.0,-1,0
train/benign/melanoma_517.jpg,train,benign,3791,86.0,4367,2.0,-1,0
train/benign/melanoma_518.jpg,train,benign,1170,76.0,4368,4.0,-1,0
train/benign/melanoma_519.jpg,train,benign,7255,72.0,4369,2.0,-1,0
train/benign/melanoma_52.jpg,train,benign,7872,66.0,4027,0.0,-1,0
train/benign/melanoma_520.jpg,train,benign,3052,76.0,4370,8.0,-1,0
train/benign/melanoma_521.jpg,train,benign,7469,84.0,4371,8.0,-1,0
train/benign/melanoma_522.jpg,train,benign,78,88.0,4372,4.0,-1,0
train/benign/melanoma_523.jpg,train,benign,2444,54.0,2666,4.0,-1,0
train/benign/melanoma_524.jpg,train,benign,2443,66.0,630,4.0,-1,0
train/benign/melanoma_525.jpg,train,benign,1386,66.0,4373,2.0,-1,0
train/benign/melanoma_526.jpg,train,benign,8053,72.0,4374,4.0,-1,0
train/benign/melanoma_527.jpg,train,benign,3050,74.0,4375,2.0,-1,0
train/benign/melanoma_528.jpg,train,benign,3852,80.0,1760,6.0,-1,0
train/benign/melanoma_529.jpg,train,benign,2434,84.0,4294,4.0,-1,0
train/benign/melanoma_53.jpg,train,benign,3725,78.0,4028,4.0,-1,0
train/benign/melanoma_530.jpg,train,benign,7500,82.0,4376,4.0,-1,0
train/benign/melanoma_531.jpg,train,benign,7124,76.0,4377,4.0,-1,0
train/benign/melanoma_532.jpg,train,benign,7559,92.0,4378,2.0,-1,0
train/benign/melanoma_533.jpg,train,benign,2473,70.0,4379,2.0,-1,0
train/benign/melanoma_534.jpg,train,benign,9104,88.0,4380,2.0,-1,0
train/benign/melanoma_535.jpg,train,benign,345,90.0,3492,4.0,-1,0
train/benign/melanoma_536.jpg,train,benign,7922,76.0,2667,4.0,-1,0
train/benign/melanoma_537.jpg,train,benign,796,80.0,4381,2.0,-1,0
train/benign/melanoma_538.jpg,train,benign,2708,86.0,4382,4.0,-1,0
train/benign/melanoma_539.jpg,train,benign,6872,82.0,4383,2.0,-1,0
train/benign/melanoma_54.jpg,train,benign,5609,90.0,2626,2.0,-1,0
train/benign/melanoma_540.jpg,train,benign,3556,90.0,4384,2.0,-1,0
train/benign/melanoma_541.jpg,train,benign,1786,52.0,555,2.0,-1,0
train/benign/melanoma_542.jpg,train,benign,6816,88.0,1761,6.0,-1,0
train/benign/melanoma_543.jpg,train,benign,2350,86.0,4385,4.0,-1,0
train/benign/melanoma_544.jpg,train,benign,3978,80.0,4387,4.0,-1,0
train/benign/melanoma_545.jpg,train,benign,263,84.0,4396,6.0,-1,0
train/benign/melanoma_546.jpg,train,benign,9447,74.0,3493,2.0,-1,0
train/benign/melanoma_547.jpg,train,benign,9006,82.0,4486,4.0,-1,0
train/benign/melanoma_548.jpg,train,benign,8865,80.0,2668,4.0,-1,0
train/benign/melanoma_549.jpg,train,benign,4732,80.0,4397,4.0,-1,0
train/benign/melanoma_55.jpg,train,benign,6771,54.0,4029,4.0,-1,0
train/benign/melanoma_550.jpg,train,benign,7620,86.0,4398,6.0,-1,0
train/benign/melanoma_551.jpg,train,benign,7460,78.0,4399,6.0,-1,0
train/benign/melanoma_552.jpg,train,benign,7634,68.0,4400,2.0,-1,0
train/benign/melanoma_553.jpg,train,benign,1455,90.0,4401,2.0,-1,0
train/benign/melanoma_554.jpg,train,benign,925,82.0,4402,4.0,-1,0
train/benign/melanoma_555.jpg,train,benign,7923,78.0,1762,2.0,-1,0
train/benign/melanoma_556.jpg,train,benign,7497,58.0,4403,4.0,-1,0
train/benign/melanoma_557.jpg,train,benign,5791,86.0,3384,2.0,-1,0
train/benign/melanoma_558.jpg,train,benign,1779,80.0,3494,4.0,-1,0
train/benign/melanoma_559.jpg,train,benign,2417,76.0,4404,4.0,-1,0
train/benign/melanoma_56.jpg,train,benign,9661,84.0,3985,4.0,-1,0
train/benign/melanoma_560.jpg,train,benign,2743,80.0,4405,2.0,-1,0
train/benign/melanoma_561.jpg,train,benign,6909,44.0,451,0.0,-1,0
train/benign/melanoma_562.jpg,train,benign,906,84.0,4388,2.0,-1,0
train/benign/melanoma_563.jpg,train,benign,6909,74.0,4406,2.0,-1,0
train/benign/melanoma_564.jpg,train,benign,8040,84.0,4407,6.0,-1,0
train/benign/melanoma_565.jpg,train,benign,4157,86.0,4408,4.0,-1,0
train/benign/melanoma_566.jpg,train,benign,869,74.0,4409,4.0,-1,0
train/benign/melanoma_567.jpg,train,benign,2412,78.0,4410,2.0,-1,0
train/benign/melanoma_568.jpg,train,benign,1156,90.0,4411,4.0,-1,0
train/benign/melanoma_569.jpg,train,benign,2620,86.0,3495,2.0,-1,0
train/benign/melanoma_57.jpg,train,benign,7788,72.0,4030,2.0,-1,0
train/benign/melanoma_570.jpg,train,benign,7229,90.0,1763,2.0,-1,0
train/benign/melanoma_571.jpg,train,benign,338,94.0,4412,4.0,-1,0
train/benign/melanoma_572.jpg,train,benign,7568,88.0,4413,2.0,-1,0
train/benign/melanoma_573.jpg,train,benign,7787,82.0,2669,2.0,-1,0
train/benign/melanoma_574.jpg,train,benign,8839,58.0,4414,2.0,-1,0
train/benign/melanoma_575.jpg,train,benign,979,90.0,4415,4.0,-1,0
train/benign/melanoma_576.jpg,train,benign,107,94.0,4389,0.0,-1,0
train/benign/melanoma_577.jpg,train,benign,125,88.0,4416,0.0,-1,0
train/benign/melanoma_578.jpg,train,benign,6487,66.0,4417,2.0,-1,0
train/benign/melanoma_579.jpg,train,benign,9250,88.0,4418,2.0,-1,0
train/benign/melanoma_58.jpg,train,benign,6273,92.0,3452,4.0,-1,0
train/benign/melanoma_580.jpg,train,benign,1098,88.0,3496,2.0,-1,0
train/benign/melanoma_581.jpg,train,benign,9244,62.0,4419,6.0,-1,0
train/benign/melanoma_582.jpg,train,benign,7494,52.0,4420,8.0,-1,0
train/benign/melanoma_583.jpg,train,benign,3125,70.0,1746,2.0,-1,0
train/benign/melanoma_584.jpg,train,benign,6953,90.0,4421,4.0,-1,0
train/benign/melanoma_585.jpg,train,benign,9835,86.0,2670,2.0,-1,0
train/benign/melanoma_586.jpg,train,benign,7769,82.0,4422,6.0,-1,0
train/benign/melanoma_587.jpg,train,benign,6039,90.0,4423,2.0,-1,0
train/benign/melanoma_588.jpg,train,benign,8805,86.0,4424,0.0,-1,0
train/benign/melanoma_589.jpg,train,benign,4591,72.0,4425,4.0,-1,0
train/benign/melanoma_59.jpg,train,benign,9447,50.0,4031,6.0,-1,0
train/benign/melanoma_590.jpg,train,benign,9279,74.0,4390,4.0,-1,0
train/benign/melanoma_591.jpg,train,benign,7596,76.0,1653,2.0,-1,0
train/benign/melanoma_592.jpg,train,benign,9182,52.0,4426,2.0,-1,0
train/benign/melanoma_593.jpg,train,benign,1974,82.0,4427,0.0,-1,0
train/benign/melanoma_594.jpg,train,benign,9261,66.0,4428,6.0,-1,0
train/benign/melanoma_595.jpg,train,benign,8708,74.0,4429,4.0,-1,0
train/benign/melanoma_596.jpg,train,benign,7586,78.0,1764,2.0,-1,0
train/benign/melanoma_597.jpg,train,benign,937,84.0,2671,2.0,-1,0
train/benign/melanoma_598.jpg,train,benign,8798,76.0,4430,2.0,-1,0
train/benign/melanoma_599.jpg,train,benign,7535,80.0,4431,4.0,-1,0
train/benign/melanoma_6.jpg,train,benign,6784,86.0,447,4.0,-1,0
train/benign/melanoma_60.jpg,train,benign,8575,86.0,4032,4.0,-1,0
train/benign/melanoma_600.jpg,train,benign,6696,76.0,4432,2.0,-1,0
train/benign/melanoma_601.jpg,train,benign,2948,82.0,4433,4.0,-1,0
train/benign/melanoma_602.jpg,train,benign,734,88.0,3497,2.0,-1,0
train/benign/melanoma_603.jpg,train,benign,928,86.0,4434,2.0,-1,0
train/benign/melanoma_604.jpg,train,benign,1288,78.0,4435,2.0,-1,0
train/benign/melanoma_605.jpg,train,benign,95,94.0,4391,4.0,-1,0
train/benign/melanoma_606.jpg,train,benign,5668,84.0,4436,4.0,-1,0
train/benign/melanoma_607.jpg,train,benign,7739,76.0,4437,2.0,-1,0
train/benign/melanoma_608.jpg,train,benign,1044,84.0,4438,2.0,-1,0
train/benign/melanoma_609.jpg,train,benign,657,92.0,2654,0.0,-1,0
train/benign/melanoma_61.jpg,train,benign,2590,82.0,1719,4.0,-1,0
train/benign/melanoma_610.jpg,train,benign,9336,64.0,1765,2.0,-1,0
train/benign/melanoma_611.jpg,train,benign,8865,50.0,4439,4.0,-1,0
train/benign/melanoma_612.jpg,train,benign,4587,84.0,4440,2.0,-1,0
train/benign/melanoma_613.jpg,train,benign,6132,72.0,3499,2.0,-1,0
train/benign/melanoma_614.jpg,train,benign,6824,76.0,4441,2.0,-1,0
train/benign/melanoma_615.jpg,train,benign,9200,84.0,4442,10.0,-1,0
train/benign/melanoma_616.jpg,train,benign,9529,74.0,4443,0.0,-1,0
train/benign/melanoma_617.jpg,train,benign,2339,72.0,4445,4.0,-1,0
train/benign/melanoma_618.jpg,train,benign,8858,90.0,4446,0.0,-1,0
train/benign/melanoma_619.jpg,train,benign,1546,86.0,4392,2.0,-1,0
train/benign/melanoma_62.jpg,train,benign,4994,88.0,4033,2.0,-1,0
train/benign/melanoma_620.jpg,train,benign,5076,90.0,4447,2.0,-1,0
train/benign/melanoma_621.jpg,train,benign,5283,74.0,622,2.0,-1,0
train/benign/melanoma_622.jpg,train,benign,6052,86.0,2672,4.0,-1,0
train/benign/melanoma_623.jpg,train,benign,6164,88.0,4448,2.0,-1,0
train/benign/melanoma_624.jpg,train,benign,2444,44.0,3500,4.0,-1,0
train/benign/melanoma_625.jpg,train,benign,68,74.0,1766,8.0,-1,0
train/benign/melanoma_626.jpg,train,benign,1375,68.0,4449,2.0,-1,0
train/benign/melanoma_627.jpg,train,benign,8860,70.0,4450,2.0,-1,0
train/benign/melanoma_628.jpg,train,benign,7744,80.0,4451,2.0,-1,0
train/benign/melanoma_629.jpg,train,benign,165,82.0,4452,2.0,-1,0
train/benign/melanoma_63.jpg,train,benign,6894,86.0,4034,0.0,-1,0
train/benign/melanoma_630.jpg,train,benign,2948,86.0,4453,2.0,-1,0
train/benign/melanoma_631.jpg,train,benign,1466,88.0,4454,2.0,-1,0
train/benign/melanoma_632.jpg,train,benign,2488,84.0,4455,0.0,-1,0
train/benign/melanoma_633.jpg,train,benign,7780,68.0,4456,2.0,-1,0
train/benign/melanoma_634.jpg,train,benign,96,90.0,2673,4.0,-1,0
train/benign/melanoma_635.jpg,train,benign,9612,68.0,3501,2.0,-1,0
train/benign/melanoma_636.jpg,train,benign,1097,80.0,4393,4.0,-1,0
train/benign/melanoma_637.jpg,train,benign,6909,46.0,4457,4.0,-1,0
train/benign/melanoma_638.jpg,train,benign,9447,50.0,1767,4.0,-1,0
train/benign/melanoma_639.jpg,train,benign,1242,88.0,4458,4.0,-1,0
train/benign/melanoma_64.jpg,train,benign,7921,82.0,4035,8.0,-1,0
train/benign/melanoma_640.jpg,train,benign,6389,90.0,4459,2.0,-1,0
train/benign/melanoma_641.jpg,train,benign,6935,74.0,4460,4.0,-1,0
train/benign/melanoma_642.jpg,train,benign,7377,90.0,4461,4.0,-1,0
train/benign/melanoma_643.jpg,train,benign,5583,84.0,4462,2.0,-1,0
train/benign/melanoma_644.jpg,train,benign,59,84.0,4463,2.0,-1,0
train/benign/melanoma_645.jpg,train,benign,7912,86.0,4464,4.0,-1,0
train/benign/melanoma_646.jpg,train,benign,1648,76.0,2551,6.0,-1,0
train/benign/melanoma_647.jpg,train,benign,9941,86.0,2674,2.0,-1,0
train/benign/melanoma_648.jpg,train,benign,7244,72.0,4465,2.0,-1,0
train/benign/melanoma_649.jpg,train,benign,5223,86.0,4466,2.0,-1,0
train/benign/melanoma_65.jpg,train,benign,843,88.0,4036,2.0,-1,0
train/benign/melanoma_650.jpg,train,benign,7903,90.0,4394,0.0,-1,0
train/benign/melanoma_651.jpg,train,benign,9447,50.0,1768,4.0,-1,0
train/benign/melanoma_652.jpg,train,benign,4378,80.0,4467,0.0,-1,0
train/benign/melanoma_653.jpg,train,benign,6115,90.0,4468,4.0,-1,0
train/benign/melanoma_654.jpg,train,benign,7257,80.0,4469,2.0,-1,0
train/benign/melanoma_655.jpg,train,benign,7263,86.0,3975,4.0,-1,0
train/benign/melanoma_656.jpg,train,benign,145,80.0,4470,4.0,-1,0
train/benign/melanoma_657.jpg,train,benign,677,90.0,3473,2.0,-1,0
train/benign/melanoma_658.jpg,train,benign,9191,88.0,4471,2.0,-1,0
train/benign/melanoma_659.jpg,train,benign,5225,80.0,2675,0.0,-1,0
train/benign/melanoma_66.jpg,train,benign,8622,78.0,2627,6.0,-1,0
train/benign/melanoma_660.jpg,train,benign,9182,78.0,4472,4.0,-1,0
train/benign/melanoma_661.jpg,train,benign,9086,84.0,4473,4.0,-1,0
train/benign/melanoma_662.jpg,train,benign,1363,80.0,4474,0.0,-1,0
train/benign/melanoma_663.jpg,train,benign,324,98.0,4475,2.0,-1,0
train/benign/melanoma_664.jpg,train,benign,1254,90.0,1769,2.0,-1,0
train/benign/melanoma_665.jpg,train,benign,8801,82.0,4395,4.0,-1,0
train/benign/melanoma_666.jpg,train,benign,9103,74.0,4476,2.0,-1,0
train/benign/melanoma_667.jpg,train,benign,7545,86.0,4477,2.0,-1,0
train/benign/melanoma_668.jpg,train,benign,8865,70.0,3385,6.0,-1,0
train/benign/melanoma_669.jpg,train,benign,2476,86.0,3502,2.0,-1,0
train/benign/melanoma_67.jpg,train,benign,7116,52.0,4037,2.0,-1,0
train/benign/melanoma_670.jpg,train,benign,3263,90.0,4478,2.0,-1,0
train/benign/melanoma_671.jpg,train,benign,9120,46.0,4479,2.0,-1,0
train/benign/melanoma_672.jpg,train,benign,2355,86.0,2676,0.0,-1,0
train/benign/melanoma_673.jpg,train,benign,7158,64.0,4480,4.0,-1,0
train/benign/melanoma_674.jpg,train,benign,7223,82.0,4481,10.0,-1,0
train/benign/melanoma_675.jpg,train,benign,1644,80.0,4482,6.0,-1,0
train/benign/melanoma_676.jpg,train,benign,2197,78.0,4483,2.0,-1,0
train/benign/melanoma_677.jpg,train,benign,6807,56.0,4484,2.0,-1,0
train/benign/melanoma_678.jpg,train,benign,9055,88.0,556,4.0,-1,0
train/benign/melanoma_679.jpg,train,benign,8949,74.0,1770,2.0,-1,0
train/benign/melanoma_68.jpg,train,benign,4046,90.0,4038,2.0,-1,0
train/benign/melanoma_680.jpg,train,benign,6839,88.0,3503,4.0,-1,0
train/benign/melanoma_681.jpg,train,benign,814,74.0,4485,4.0,-1,0
train/benign/melanoma_682.jpg,train,benign,8585,70.0,4487,4.0,-1,0
train/benign/melanoma_683.jpg,train,benign,414,86.0,4496,2.0,-1,0
train/benign/melanoma_684.jpg,train,benign,662,52.0,2677,6.0,-1,0
train/benign/melanoma_685.jpg,train,benign,9170,66.0,4589,10.0,-1,0
train/benign/melanoma_686.jpg,train,benign,7198,70.0,4497,4.0,-1,0
train/benign/melanoma_687.jpg,train,benign,903,88.0,4498,2.0,-1,0
train/benign/melanoma_688.jpg,train,benign,1695,92.0,4499,0.0,-1,0
train/benign/melanoma_689.jpg,train,benign,199,90.0,4500,2.0,-1,0
train/benign/melanoma_69.jpg,train,benign,3159,72.0,3453,4.0,-1,0
train/benign/melanoma_690.jpg,train,benign,7807,64.0,4501,6.0,-1,0
train/benign/melanoma_691.jpg,train,benign,9526,78.0,3504,2.0,-1,0
train/benign/melanoma_692.jpg,train,benign,9120,72.0,4502,2.0,-1,0
train/benign/melanoma_693.jpg,train,benign,7244,62.0,1771,6.0,-1,0
train/benign/melanoma_694.jpg,train,benign,2394,84.0,4503,4.0,-1,0
train/benign/melanoma_695.jpg,train,benign,7661,86.0,4504,10.0,-1,0
train/benign/melanoma_696.jpg,train,benign,917,72.0,452,2.0,-1,0
train/benign/melanoma_697.jpg,train,benign,210,82.0,4505,2.0,-1,0
train/benign/melanoma_698.jpg,train,benign,24,82.0,4488,2.0,-1,0
train/benign/melanoma_699.jpg,train,benign,9447,58.0,4506,6.0,-1,0
train/benign/melanoma_7.jpg,train,benign,7811,80.0,3996,4.0,-1,0
train/benign/melanoma_70.jpg,train,benign,220,88.0,4039,4.0,-1,0
train/benign/melanoma_700.jpg,train,benign,9378,80.0,4507,4.0,-1,0
train/benign/melanoma_701.jpg,train,benign,9447,72.0,4509,6.0,-1,0
train/benign/melanoma_702.jpg,train,benign,5863,80.0,3505,6.0,-1,0
train/benign/melanoma_703.jpg,train,benign,7768,86.0,4510,0.0,-1,0
train/benign/melanoma_704.jpg,train,benign,3740,88.0,4511,2.0,-1,0
train/benign/melanoma_705.jpg,train,benign,3125,66.0,4512,4.0,-1,0
train/benign/melanoma_706.jpg,train,benign,6975,80.0,1772,4.0,-1,0
train/benign/melanoma_707.jpg,train,benign,75,72.0,4513,2.0,-1,0
train/benign/melanoma_708.jpg,train,benign,1779,76.0,2678,2.0,-1,0
train/benign/melanoma_709.jpg,train,benign,5293,84.0,4514,6.0,-1,0
train/benign/melanoma_71.jpg,train,benign,2443,56.0,3986,2.0,-1,0
train/benign/melanoma_710.jpg,train,benign,7322,76.0,4515,4.0,-1,0
train/benign/melanoma_711.jpg,train,benign,7041,74.0,4516,4.0,-1,0
train/benign/melanoma_712.jpg,train,benign,2613,96.0,4489,6.0,-1,0
train/benign/melanoma_713.jpg,train,benign,1339,88.0,3506,2.0,-1,0
train/benign/melanoma_714.jpg,train,benign,705,88.0,4517,4.0,-1,0
train/benign/melanoma_715.jpg,train,benign,1588,88.0,4518,6.0,-1,0
train/benign/melanoma_716.jpg,train,benign,842,82.0,4519,2.0,-1,0
train/benign/melanoma_717.jpg,train,benign,9000,86.0,4520,4.0,-1,0
train/benign/melanoma_718.jpg,train,benign,6477,88.0,4521,0.0,-1,0
train/benign/melanoma_719.jpg,train,benign,6881,70.0,1773,4.0,-1,0
train/benign/melanoma_72.jpg,train,benign,5678,82.0,4040,8.0,-1,0
train/benign/melanoma_720.jpg,train,benign,924,86.0,2679,4.0,-1,0
train/benign/melanoma_721.jpg,train,benign,6962,56.0,4522,2.0,-1,0
train/benign/melanoma_722.jpg,train,benign,1098,72.0,4523,4.0,-1,0
train/benign/melanoma_723.jpg,train,benign,6978,90.0,4524,2.0,-1,0
train/benign/melanoma_724.jpg,train,benign,1254,88.0,1744,2.0,-1,0
train/benign/melanoma_725.jpg,train,benign,2148,90.0,4525,0.0,-1,0
train/benign/melanoma_726.jpg,train,benign,5396,74.0,4526,4.0,-1,0
train/benign/melanoma_727.jpg,train,benign,6365,90.0,4490,4.0,-1,0
train/benign/melanoma_728.jpg,train,benign,6862,56.0,4527,0.0,-1,0
train/benign/melanoma_729.jpg,train,benign,9462,90.0,4528,4.0,-1,0
train/benign/melanoma_73.jpg,train,benign,9226,72.0,4041,8.0,-1,0
train/benign/melanoma_730.jpg,train,benign,6282,92.0,4529,2.0,-1,0
train/benign/melanoma_731.jpg,train,benign,9025,88.0,4530,0.0,-1,0
train/benign/melanoma_732.jpg,train,benign,7356,58.0,2680,0.0,-1,0
train/benign/melanoma_733.jpg,train,benign,1938,78.0,1747,2.0,-1,0
train/benign/melanoma_734.jpg,train,benign,3695,82.0,4531,2.0,-1,0
train/benign/melanoma_735.jpg,train,benign,7198,74.0,3507,6.0,-1,0
train/benign/melanoma_736.jpg,train,benign,7787,72.0,4532,6.0,-1,0
train/benign/melanoma_737.jpg,train,benign,1975,74.0,4533,4.0,-1,0
train/benign/melanoma_738.jpg,train,benign,8987,76.0,4534,2.0,-1,0
train/benign/melanoma_739.jpg,train,benign,7494,68.0,4535,6.0,-1,0
train/benign/melanoma_74.jpg,train,benign,8840,82.0,1720,2.0,-1,0
train/benign/melanoma_740.jpg,train,benign,870,86.0,4536,4.0,-1,0
train/benign/melanoma_741.jpg,train,benign,9065,64.0,4491,6.0,-1,0
train/benign/melanoma_742.jpg,train,benign,1170,78.0,4537,4.0,-1,0
train/benign/melanoma_743.jpg,train,benign,7569,78.0,4538,10.0,-1,0
train/benign/melanoma_744.jpg,train,benign,5810,86.0,2476,0.0,-1,0
train/benign/melanoma_745.jpg,train,benign,3652,90.0,2681,2.0,-1,0
train/benign/melanoma_746.jpg,train,benign,6962,44.0,3508,0.0,-1,0
train/benign/melanoma_747.jpg,train,benign,1385,46.0,4539,2.0,-1,0
train/benign/melanoma_748.jpg,train,benign,2469,88.0,1774,2.0,-1,0
train/benign/melanoma_749.jpg,train,benign,8949,48.0,4540,4.0,-1,0
train/benign/melanoma_75.jpg,train,benign,9415,78.0,4042,4.0,-1,0
train/benign/melanoma_750.jpg,train,benign,7021,92.0,4541,4.0,-1,0
train/benign/melanoma_751.jpg,train,benign,9681,68.0,4542,4.0,-1,0
train/benign/melanoma_752.jpg,train,benign,4779,80.0,4543,6.0,-1,0
train/benign/melanoma_753.jpg,train,benign,4578,72.0,4544,4.0,-1,0
train/benign/melanoma_754.jpg,train,benign,842,88.0,4545,2.0,-1,0
train/benign/melanoma_755.jpg,train,benign,2116,82.0,4546,4.0,-1,0
train/benign/melanoma_756.jpg,train,benign,1761,94.0,4492,2.0,-1,0
train/benign/melanoma_757.jpg,train,benign,12,94.0,3509,2.0,-1,0
train/benign/melanoma_758.jpg,train,benign,5602,84.0,2655,4.0,-1,0
train/benign/melanoma_759.jpg,train,benign,9328,76.0,4547,4.0,-1,0
train/benign/melanoma_76.jpg,train,benign,7320,96.0,4043,0.0,-1,0
train/benign/melanoma_760.jpg,train,benign,6996,58.0,4548,4.0,-1,0
train/benign/melanoma_761.jpg,train,benign,8948,70.0,1775,2.0,-1,0
train/benign/melanoma_762.jpg,train,benign,2318,78.0,4549,4.0,-1,0
train/benign/melanoma_763.jpg,train,benign,7172,86.0,4550,4.0,-1,0
train/benign/melanoma_764.jpg,train,benign,7557,86.0,4551,4.0,-1,0
train/benign/melanoma_765.jpg,train,benign,7185,74.0,4552,4.0,-1,0
train/benign/melanoma_766.jpg,train,benign,3621,86.0,4553,4.0,-1,0
train/benign/melanoma_767.jpg,train,benign,9152,76.0,4554,8.0,-1,0
train/benign/melanoma_768.jpg,train,benign,4999,82.0,2553,10.0,-1,0
train/benign/melanoma_769.jpg,train,benign,8740,74.0,4555,2.0,-1,0
train/benign/melanoma_77.jpg,train,benign,1245,88.0,4044,6.0,-1,0
train/benign/melanoma_770.jpg,train,benign,121,68.0,2682,0.0,-1,0
train/benign/melanoma_771.jpg,train,benign,2797,72.0,4556,6.0,-1,0
train/benign/melanoma_772.jpg,train,benign,3421,78.0,4493,6.0,-1,0
train/benign/melanoma_773.jpg,train,benign,8840,78.0,4557,6.0,-1,0
train/benign/melanoma_774.jpg,train,benign,6729,74.0,1776,4.0,-1,0
train/benign/melanoma_775.jpg,train,benign,2392,56.0,4558,4.0,-1,0
train/benign/melanoma_776.jpg,train,benign,8183,94.0,4559,4.0,-1,0
train/benign/melanoma_777.jpg,train,benign,9261,38.0,4560,2.0,-1,0
train/benign/melanoma_778.jpg,train,benign,7805,90.0,4563,2.0,-1,0
train/benign/melanoma_779.jpg,train,benign,9612,76.0,516,2.0,-1,0
train/benign/melanoma_78.jpg,train,benign,899,88.0,2628,6.0,-1,0
train/benign/melanoma_780.jpg,train,benign,7515,76.0,3510,2.0,-1,0
train/benign/melanoma_781.jpg,train,benign,381,90.0,4564,2.0,-1,0
train/benign/melanoma_782.jpg,train,benign,7356,62.0,4565,2.0,-1,0
train/benign/melanoma_783.jpg,train,benign,7788,68.0,2683,8.0,-1,0
train/benign/melanoma_784.jpg,train,benign,582,92.0,4566,2.0,-1,0
train/benign/melanoma_785.jpg,train,benign,6877,84.0,4567,4.0,-1,0
train/benign/melanoma_786.jpg,train,benign,7241,66.0,4568,6.0,-1,0
train/benign/melanoma_787.jpg,train,benign,7373,88.0,4494,2.0,-1,0
train/benign/melanoma_788.jpg,train,benign,5747,84.0,1777,0.0,-1,0
train/benign/melanoma_789.jpg,train,benign,7784,58.0,4569,4.0,-1,0
train/benign/melanoma_79.jpg,train,benign,1206,90.0,4045,2.0,-1,0
train/benign/melanoma_790.jpg,train,benign,7791,86.0,4570,6.0,-1,0
train/benign/melanoma_791.jpg,train,benign,5461,86.0,3511,0.0,-1,0
train/benign/melanoma_792.jpg,train,benign,8839,50.0,4571,2.0,-1,0
train/benign/melanoma_793.jpg,train,benign,5324,90.0,4572,2.0,-1,0
train/benign/melanoma_794.jpg,train,benign,1547,90.0,4573,4.0,-1,0
train/benign/melanoma_795.jpg,train,benign,102,88.0,2684,4.0,-1,0
train/benign/melanoma_796.jpg,train,benign,411,90.0,4574,2.0,-1,0
train/benign/melanoma_797.jpg,train,benign,75,58.0,4575,0.0,-1,0
train/benign/melanoma_798.jpg,train,benign,6975,72.0,4576,2.0,-1,0
train/benign/melanoma_799.jpg,train,benign,7029,78.0,4577,4.0,-1,0
train/benign/melanoma_8.jpg,train,benign,7438,72.0,1715,8.0,-1,0
train/benign/melanoma_80.jpg,train,benign,7494,62.0,3454,2.0,-1,0
train/benign/melanoma_800.jpg,train,benign,7674,82.0,4578,8.0,-1,0
train/benign/melanoma_801.jpg,train,benign,8365,90.0,1778,2.0,-1,0
train/benign/melanoma_802.jpg,train,benign,3196,80.0,3474,4.0,-1,0
train/benign/melanoma_803.jpg,train,benign,7190,64.0,4495,2.0,-1,0
train/benign/melanoma_804.jpg,train,benign,8158,88.0,4579,2.0,-1,0
train/benign/melanoma_805.jpg,train,benign,3597,92.0,4580,0.0,-1,0
train/benign/melanoma_806.jpg,train,benign,7783,84.0,4581,8.0,-1,0
train/benign/melanoma_807.jpg,train,benign,8949,72.0,2685,6.0,-1,0
train/benign/melanoma_808.jpg,train,benign,8865,80.0,4582,4.0,-1,0
train/benign/melanoma_809.jpg,train,benign,8696,88.0,4583,0.0,-1,0
train/benign/melanoma_81.jpg,train,benign,9265,58.0,4046,2.0,-1,0
train/benign/melanoma_810.jpg,train,benign,2428,82.0,4584,6.0,-1,0
train/benign/melanoma_811.jpg,train,benign,9205,44.0,4585,0.0,-1,0
train/benign/melanoma_812.jpg,train,benign,9299,68.0,4586,0.0,-1,0
train/benign/melanoma_813.jpg,train,benign,8,88.0,3513,8.0,-1,0
train/benign/melanoma_814.jpg,train,benign,7587,82.0,4587,4.0,-1,0
train/benign/melanoma_815.jpg,train,benign,9635,78.0,557,2.0,-1,0
train/benign/melanoma_816.jpg,train,benign,7621,44.0,1779,2.0,-1,0
train/benign/melanoma_817.jpg,train,benign,7399,76.0,4588,4.0,-1,0
train/benign/melanoma_818.jpg,train,benign,9064,64.0,4590,6.0,-1,0
train/benign/melanoma_819.jpg,train,benign,4871,80.0,2686,2.0,-1,0
train/benign/melanoma_82.jpg,train,benign,1528,82.0,4047,4.0,-1,0
train/benign/melanoma_820.jpg,train,benign,6734,68.0,4599,6.0,-1,0
train/benign/melanoma_821.jpg,train,benign,1345,90.0,4690,4.0,-1,0
train/benign/melanoma_822.jpg,train,benign,1779,62.0,4600,2.0,-1,0
train/benign/melanoma_823.jpg,train,benign,2397,78.0,4601,4.0,-1,0
train/benign/melanoma_824.jpg,train,benign,8925,80.0,3514,6.0,-1,0
train/benign/melanoma_825.jpg,train,benign,757,90.0,4603,0.0,-1,0
train/benign/melanoma_826.jpg,train,benign,886,88.0,4604,4.0,-1,0
train/benign/melanoma_827.jpg,train,benign,4362,76.0,4605,2.0,-1,0
train/benign/melanoma_828.jpg,train,benign,1665,82.0,4606,4.0,-1,0
train/benign/melanoma_829.jpg,train,benign,8520,88.0,1780,6.0,-1,0
train/benign/melanoma_83.jpg,train,benign,7191,74.0,4048,0.0,-1,0
train/benign/melanoma_830.jpg,train,benign,7636,64.0,4607,2.0,-1,0
train/benign/melanoma_831.jpg,train,benign,7632,68.0,453,6.0,-1,0
train/benign/melanoma_832.jpg,train,benign,27,82.0,4608,2.0,-1,0
train/benign/melanoma_833.jpg,train,benign,838,80.0,4609,2.0,-1,0
train/benign/melanoma_834.jpg,train,benign,7494,74.0,4591,2.0,-1,0
train/benign/melanoma_835.jpg,train,benign,8291,94.0,3515,4.0,-1,0
train/benign/melanoma_836.jpg,train,benign,2425,80.0,4610,2.0,-1,0
train/benign/melanoma_837.jpg,train,benign,1009,86.0,4611,4.0,-1,0
train/benign/melanoma_838.jpg,train,benign,5289,86.0,4612,8.0,-1,0
train/benign/melanoma_839.jpg,train,benign,1383,90.0,4613,4.0,-1,0
train/benign/melanoma_84.jpg,train,benign,2420,74.0,4049,4.0,-1,0
train/benign/melanoma_840.jpg,train,benign,7757,90.0,4614,4.0,-1,0
train/benign/melanoma_841.jpg,train,benign,7514,74.0,4615,2.0,-1,0
train/benign/melanoma_842.jpg,train,benign,7494,82.0,1781,0.0,-1,0
train/benign/melanoma_843.jpg,train,benign,1588,78.0,2687,2.0,-1,0
train/benign/melanoma_844.jpg,train,benign,8208,80.0,4616,2.0,-1,0
train/benign/melanoma_845.jpg,train,benign,856,90.0,4617,0.0,-1,0
train/benign/melanoma_846.jpg,train,benign,2340,82.0,3516,4.0,-1,0
train/benign/melanoma_847.jpg,train,benign,8449,90.0,4618,4.0,-1,0
train/benign/melanoma_848.jpg,train,benign,677,92.0,4619,4.0,-1,0
train/benign/melanoma_849.jpg,train,benign,7010,86.0,4592,4.0,-1,0
train/benign/melanoma_85.jpg,train,benign,2837,80.0,3987,4.0,-1,0
train/benign/melanoma_850.jpg,train,benign,9307,92.0,4620,4.0,-1,0
train/benign/melanoma_851.jpg,train,benign,897,82.0,4621,2.0,-1,0
train/benign/melanoma_852.jpg,train,benign,6962,76.0,4622,4.0,-1,0
train/benign/melanoma_853.jpg,train,benign,6763,88.0,4623,4.0,-1,0
train/benign/melanoma_854.jpg,train,benign,7545,82.0,4624,6.0,-1,0
train/benign/melanoma_855.jpg,train,benign,4210,54.0,2688,2.0,-1,0
train/benign/melanoma_856.jpg,train,benign,9679,74.0,1782,2.0,-1,0
train/benign/melanoma_857.jpg,train,benign,1485,92.0,1654,0.0,-1,0
train/benign/melanoma_858.jpg,train,benign,2444,62.0,4625,2.0,-1,0
train/benign/melanoma_859.jpg,train,benign,7053,76.0,4626,4.0,-1,0
train/benign/melanoma_86.jpg,train,benign,9447,46.0,4050,4.0,-1,0
train/benign/melanoma_860.jpg,train,benign,6132,84.0,4627,0.0,-1,0
train/benign/melanoma_861.jpg,train,benign,4522,88.0,4628,6.0,-1,0
train/benign/melanoma_862.jpg,train,benign,9387,84.0,4629,2.0,-1,0
train/benign/melanoma_863.jpg,train,benign,878,92.0,4593,2.0,-1,0
train/benign/melanoma_864.jpg,train,benign,8840,50.0,4630,2.0,-1,0
train/benign/melanoma_865.jpg,train,benign,118,84.0,4631,8.0,-1,0
train/benign/melanoma_866.jpg,train,benign,7116,86.0,4632,2.0,-1,0
train/benign/melanoma_867.jpg,train,benign,1232,82.0,2477,2.0,-1,0
train/benign/melanoma_868.jpg,train,benign,800,88.0,3517,4.0,-1,0
train/benign/melanoma_869.jpg,train,benign,9323,82.0,2689,2.0,-1,0
train/benign/melanoma_87.jpg,train,benign,9265,42.0,1721,4.0,-1,0
train/benign/melanoma_870.jpg,train,benign,8949,36.0,4633,4.0,-1,0
train/benign/melanoma_871.jpg,train,benign,36,90.0,1783,2.0,-1,0
train/benign/melanoma_872.jpg,train,benign,9633,86.0,4634,2.0,-1,0
train/benign/melanoma_873.jpg,train,benign,5099,78.0,4635,0.0,-1,0
train/benign/melanoma_874.jpg,train,benign,8575,62.0,4636,2.0,-1,0
train/benign/melanoma_875.jpg,train,benign,8896,72.0,4637,4.0,-1,0
train/benign/melanoma_876.jpg,train,benign,4376,92.0,4638,2.0,-1,0
train/benign/melanoma_877.jpg,train,benign,7970,76.0,4639,0.0,-1,0
train/benign/melanoma_878.jpg,train,benign,1700,94.0,4594,0.0,-1,0
train/benign/melanoma_879.jpg,train,benign,877,86.0,3518,0.0,-1,0
train/benign/melanoma_88.jpg,train,benign,7677,86.0,4051,6.0,-1,0
train/benign/melanoma_880.jpg,train,benign,7555,68.0,4640,4.0,-1,0
train/benign/melanoma_881.jpg,train,benign,2518,88.0,2690,2.0,-1,0
train/benign/melanoma_882.jpg,train,benign,1782,92.0,4641,4.0,-1,0
train/benign/melanoma_883.jpg,train,benign,6115,70.0,4642,2.0,-1,0
train/benign/melanoma_884.jpg,train,benign,1916,88.0,1748,8.0,-1,0
train/benign/melanoma_885.jpg,train,benign,7567,86.0,4643,2.0,-1,0
train/benign/melanoma_886.jpg,train,benign,6670,92.0,4644,4.0,-1,0
train/benign/melanoma_887.jpg,train,benign,3796,62.0,4645,2.0,-1,0
train/benign/melanoma_888.jpg,train,benign,6844,78.0,4646,2.0,-1,0
train/benign/melanoma_889.jpg,train,benign,1363,86.0,4647,6.0,-1,0
train/benign/melanoma_89.jpg,train,benign,9064,86.0,4052,0.0,-1,0
train/benign/melanoma_890.jpg,train,benign,2799,86.0,3386,0.0,-1,0
train/benign/melanoma_891.jpg,train,benign,7053,64.0,2562,4.0,-1,0
train/benign/melanoma_892.jpg,train,benign,7264,80.0,4648,4.0,-1,0
train/benign/melanoma_893.jpg,train,benign,723,88.0,4649,2.0,-1,0
train/benign/melanoma_894.jpg,train,benign,4741,86.0,2691,4.0,-1,0
train/benign/melanoma_895.jpg,train,benign,839,82.0,4595,8.0,-1,0
train/benign/melanoma_896.jpg,train,benign,2596,88.0,4650,2.0,-1,0
train/benign/melanoma_897.jpg,train,benign,2394,82.0,4651,0.0,-1,0
train/benign/melanoma_898.jpg,train,benign,9628,82.0,1784,4.0,-1,0
train/benign/melanoma_899.jpg,train,benign,9443,76.0,4652,8.0,-1,0
train/benign/melanoma_9.jpg,train,benign,2974,82.0,3997,4.0,-1,0
train/benign/melanoma_90.jpg,train,benign,6729,50.0,2629,6.0,-1,0
train/benign/melanoma_900.jpg,train,benign,6897,80.0,4653,2.0,-1,0
train/benign/melanoma_901.jpg,train,benign,7556,50.0,4654,4.0,-1,0
train/benign/melanoma_902.jpg,train,benign,7711,88.0,3519,6.0,-1,0
train/benign/melanoma_903.jpg,train,benign,1880,94.0,4655,2.0,-1,0
train/benign/melanoma_904.jpg,train,benign,2879,86.0,4656,2.0,-1,0
train/benign/melanoma_905.jpg,train,benign,1170,74.0,4657,2.0,-1,0
train/benign/melanoma_906.jpg,train,benign,267,94.0,2656,2.0,-1,0
train/benign/melanoma_907.jpg,train,benign,1662,86.0,4658,2.0,-1,0
train/benign/melanoma_908.jpg,train,benign,115,78.0,4659,4.0,-1,0
train/benign/melanoma_909.jpg,train,benign,6962,72.0,4596,4.0,-1,0
train/benign/melanoma_91.jpg,train,benign,37,94.0,3455,0.0,-1,0
train/benign/melanoma_910.jpg,train,benign,7494,68.0,4660,6.0,-1,0
train/benign/melanoma_911.jpg,train,benign,9281,58.0,1785,2.0,-1,0
train/benign/melanoma_912.jpg,train,benign,8402,84.0,4661,0.0,-1,0
train/benign/melanoma_913.jpg,train,benign,7372,64.0,3520,6.0,-1,0
train/benign/melanoma_914.jpg,train,benign,6684,84.0,4662,6.0,-1,0
train/benign/melanoma_915.jpg,train,benign,1,92.0,4663,2.0,-1,0
train/benign/melanoma_916.jpg,train,benign,4256,86.0,4664,0.0,-1,0
train/benign/melanoma_917.jpg,train,benign,1923,84.0,4665,6.0,-1,0
train/benign/melanoma_918.jpg,train,benign,1603,86.0,2692,4.0,-1,0
train/benign/melanoma_919.jpg,train,benign,9244,54.0,4666,2.0,-1,0
train/benign/melanoma_92.jpg,train,benign,9302,78.0,4053,2.0,-1,0
train/benign/melanoma_920.jpg,train,benign,5335,88.0,4667,2.0,-1,0
train/benign/melanoma_921.jpg,train,benign,5365,88.0,4668,6.0,-1,0
train/benign/melanoma_922.jpg,train,benign,3040,84.0,4669,6.0,-1,0
train/benign/melanoma_923.jpg,train,benign,9182,46.0,4597,4.0,-1,0
train/benign/melanoma_924.jpg,train,benign,2554,86.0,3521,2.0,-1,0
train/benign/melanoma_925.jpg,train,benign,9017,90.0,1786,0.0,-1,0
train/benign/melanoma_926.jpg,train,benign,8839,72.0,4670,4.0,-1,0
train/benign/melanoma_927.jpg,train,benign,1259,92.0,4671,2.0,-1,0
train/benign/melanoma_928.jpg,train,benign,9447,68.0,4672,6.0,-1,0
train/benign/melanoma_929.jpg,train,benign,1780,90.0,4673,2.0,-1,0
train/benign/melanoma_93.jpg,train,benign,7438,74.0,4054,2.0,-1,0
train/benign/melanoma_930.jpg,train,benign,5207,80.0,2693,2.0,-1,0
train/benign/melanoma_931.jpg,train,benign,4204,82.0,4674,2.0,-1,0
train/benign/melanoma_932.jpg,train,benign,9594,82.0,4675,4.0,-1,0
train/benign/melanoma_933.jpg,train,benign,1644,84.0,4676,2.0,-1,0
train/benign/melanoma_934.jpg,train,benign,6833,92.0,4677,2.0,-1,0
train/benign/melanoma_935.jpg,train,benign,5846,86.0,3522,2.0,-1,0
train/benign/melanoma_936.jpg,train,benign,2399,90.0,4678,4.0,-1,0
train/benign/melanoma_937.jpg,train,benign,9272,56.0,4679,4.0,-1,0
train/benign/melanoma_938.jpg,train,benign,7187,88.0,1787,0.0,-1,0
train/benign/melanoma_939.jpg,train,benign,770,72.0,4598,2.0,-1,0
train/benign/melanoma_94.jpg,train,benign,1600,84.0,4055,6.0,-1,0
train/benign/melanoma_940.jpg,train,benign,9203,88.0,4680,4.0,-1,0
train/benign/melanoma_941.jpg,train,benign,7454,78.0,4681,2.0,-1,0
train/benign/melanoma_942.jpg,train,benign,9245,74.0,2694,2.0,-1,0
train/benign/melanoma_943.jpg,train,benign,9252,68.0,4682,2.0,-1,0
train/benign/melanoma_944.jpg,train,benign,178,94.0,4683,4.0,-1,0
train/benign/melanoma_945.jpg,train,benign,4684,78.0,4684,4.0,-1,0
train/benign/melanoma_946.jpg,train,benign,9259,64.0,3475,2.0,-1,0
train/benign/melanoma_947.jpg,train,benign,1614,86.0,4685,4.0,-1,0
train/benign/melanoma_948.jpg,train,benign,2416,76.0,4686,2.0,-1,0
train/benign/melanoma_949.jpg,train,benign,3619,88.0,4687,4.0,-1,0
train/benign/melanoma_95.jpg,train,benign,5261,92.0,4056,4.0,-1,0
train/benign/melanoma_950.jpg,train,benign,2425,80.0,4688,8.0,-1,0
train/benign/melanoma_951.jpg,train,benign,9242,92.0,559,2.0,-1,0
train/benign/melanoma_952.jpg,train,benign,1816,86.0,1789,0.0,-1,0
train/benign/melanoma_953.jpg,train,benign,6090,82.0,4689,0.0,-1,0
train/benign/melanoma_954.jpg,train,benign,9963,88.0,2695,4.0,-1,0
train/benign/melanoma_955.jpg,train,benign,1742,90.0,837,2.0,-1,0
train/benign/melanoma_956.jpg,train,benign,6974,48.0,846,2.0,-1,0
train/benign/melanoma_957.jpg,train,benign,8558,76.0,3523,4.0,-1,0
train/benign/melanoma_958.jpg,train,benign,3657,88.0,936,6.0,-1,0
train/benign/melanoma_959.jpg,train,benign,2697,88.0,847,2.0,-1,0
train/benign/melanoma_96.jpg,train,benign,9066,82.0,4057,4.0,-1,0
train/benign/melanoma_960.jpg,train,benign,9143,78.0,848,2.0,-1,0
train/benign/melanoma_961.jpg,train,benign,8865,76.0,849,2.0,-1,0
train/benign/melanoma_962.jpg,train,benign,1786,88.0,850,2.0,-1,0
train/benign/melanoma_963.jpg,train,benign,9145,80.0,851,4.0,-1,0
train/benign/melanoma_964.jpg,train,benign,9138,88.0,852,4.0,-1,0
train/benign/melanoma_965.jpg,train,benign,7235,84.0,1790,2.0,-1,0
train/benign/melanoma_966.jpg,train,benign,6570,72.0,427,4.0,-1,0
train/benign/melanoma_967.jpg,train,benign,8733,86.0,853,4.0,-1,0
train/benign/melanoma_968.jpg,train,benign,9277,56.0,3524,6.0,-1,0
train/benign/melanoma_969.jpg,train,benign,7298,78.0,854,4.0,-1,0
train/benign/melanoma_97.jpg,train,benign,6034,76.0,4058,4.0,-1,0
train/benign/melanoma_970.jpg,train,benign,3498,88.0,855,2.0,-1,0
train/benign/melanoma_971.jpg,train,benign,5112,84.0,838,2.0,-1,0
train/benign/melanoma_972.jpg,train,benign,4379,88.0,856,10.0,-1,0
train/benign/melanoma_973.jpg,train,benign,2392,48.0,857,4.0,-1,0
train/benign/melanoma_974.jpg,train,benign,8894,76.0,858,6.0,-1,0
train/benign/melanoma_975.jpg,train,benign,766,92.0,859,2.0,-1,0
train/benign/melanoma_976.jpg,train,benign,9447,56.0,860,4.0,-1,0
train/benign/melanoma_977.jpg,train,benign,7670,74.0,861,4.0,-1,0
train/benign/melanoma_978.jpg,train,benign,9475,86.0,2696,2.0,-1,0
train/benign/melanoma_979.jpg,train,benign,6464,74.0,3525,0.0,-1,0
train/benign/melanoma_98.jpg,train,benign,1160,86.0,4059,2.0,-1,0
train/benign/melanoma_980.jpg,train,benign,7370,86.0,1791,2.0,-1,0
train/benign/melanoma_981.jpg,train,benign,3987,82.0,862,2.0,-1,0
train/benign/melanoma_982.jpg,train,benign,8657,58.0,863,4.0,-1,0
train/benign/melanoma_983.jpg,train,benign,7986,64.0,864,4.0,-1,0
train/benign/melanoma_984.jpg,train,benign,5019,82.0,865,4.0,-1,0
train/benign/melanoma_985.jpg,train,benign,216,86.0,839,2.0,-1,0
train/benign/melanoma_986.jpg,train,benign,7241,78.0,866,4.0,-1,0
train/benign/melanoma_987.jpg,train,benign,2443,76.0,867,0.0,-1,0
train/benign/melanoma_988.jpg,train,benign,5084,92.0,868,2.0,-1,0
train/benign/melanoma_989.jpg,train,benign,3052,80.0,869,4.0,-1,0
train/benign/melanoma_99.jpg,train,benign,6100,94.0,3988,4.0,-1,0
train/benign/melanoma_990.jpg,train,benign,6657,92.0,1655,2.0,-1,0
train/benign/melanoma_991.jpg,train,benign,7587,82.0,2478,2.0,-1,0
train/benign/melanoma_992.jpg,train,benign,1112,80.0,2697,4.0,-1,0
train/benign/melanoma_993.jpg,train,benign,7000,70.0,870,2.0,-1,0
train/benign/melanoma_994.jpg,train,benign,7126,70.0,1792,2.0,-1,0
train/benign/melanoma_995.jpg,train,benign,6697,92.0,871,2.0,-1,0
train/benign/melanoma_996.jpg,train,benign,9867,86.0,872,2.0,-1,0
train/benign/melanoma_997.jpg,train,benign,4213,84.0,873,2.0,-1,0
train/benign/melanoma_998.jpg,train,benign,1804,88.0,874,2.0,-1,0
train/benign/melanoma_999.jpg,train,benign,9128,64.0,875,8.0,-1,0
train/malignant/melanoma_5000.jpg,train,malignant,7595,86.0,29766,84.0,-1,-1
train/malignant/melanoma_5001.jpg,train,malignant,7497,78.0,19444,70.0,-1,-1
train/malignant/melanoma_5002.jpg,train,malignant,9721,92.0,11661,92.0,-1,-1
train/malignant/melanoma_5003.jpg,train,malignant,1343,4.0,1779,84.0,1,-1
train/malignant/melanoma_5004.jpg,train,malignant,2018,4.0,30057,62.0,1,-1
train/malignant/melanoma_5005.jpg,train,malignant,1509,2.0,3296,86.0,1,-1
train/malignant/melanoma_5006.jpg,train,malignant,1299,6.0,17622,78.0,1,-1
train/malignant/melanoma_5007.jpg,train,malignant,2033,4.0,25394,88.0,1,-1
train/malignant/melanoma_5008.jpg,train,malignant,2141,0.0,20514,88.0,1,-1
train/malignant/melanoma_5009.jpg,train,malignant,1309,0.0,2594,86.0,1,-1
train/malignant/melanoma_5010.jpg,train,malignant,1316,0.0,3812,68.0,1,-1
train/malignant/melanoma_5011.jpg,train,malignant,7686,90.0,16096,4.0,-1,1
train/malignant/melanoma_5012.jpg,train,malignant,2096,4.0,23739,90.0,1,-1
train/malignant/melanoma_5013.jpg,train,malignant,980,74.0,12847,80.0,-1,-1
train/malignant/melanoma_5014.jpg,train,malignant,1631,4.0,31508,80.0,1,-1
train/malignant/melanoma_5015.jpg,train,malignant,1259,2.0,5893,78.0,1,-1
train/malignant/melanoma_5016.jpg,train,malignant,1707,8.0,6638,90.0,1,-1
train/malignant/melanoma_5017.jpg,train,malignant,2232,2.0,19180,74.0,1,-1
train/malignant/melanoma_5018.jpg,train,malignant,1306,4.0,295,86.0,1,-1
train/malignant/melanoma_5019.jpg,train,malignant,1959,0.0,6557,90.0,1,-1
train/malignant/melanoma_5020.jpg,train,malignant,1986,2.0,22696,88.0,1,-1
train/malignant/melanoma_5021.jpg,train,malignant,2163,2.0,10012,88.0,1,-1
train/malignant/melanoma_5022.jpg,train,malignant,2220,2.0,1911,90.0,1,-1
train/malignant/melanoma_5023.jpg,train,malignant,4783,88.0,16123,0.0,-1,1
train/malignant/melanoma_5024.jpg,train,malignant,153,86.0,24719,84.0,-1,-1
train/malignant/melanoma_5025.jpg,train,malignant,1896,0.0,8936,80.0,1,-1
train/malignant/melanoma_5026.jpg,train,malignant,1407,0.0,24482,86.0,1,-1
train/malignant/melanoma_5027.jpg,train,malignant,1517,2.0,21282,84.0,1,-1
train/malignant/melanoma_5028.jpg,train,malignant,1378,2.0,23488,86.0,1,-1
train/malignant/melanoma_5029.jpg,train,malignant,2125,2.0,11336,86.0,1,-1
train/malignant/melanoma_5030.jpg,train,malignant,1982,2.0,31220,90.0,1,-1
train/malignant/melanoma_5031.jpg,train,malignant,2231,2.0,2644,70.0,1,-1
train/malignant/melanoma_5032.jpg,train,malignant,2219,2.0,13616,66.0,1,-1
train/malignant/melanoma_5033.jpg,train,malignant,1244,0.0,11307,88.0,1,-1
train/malignant/melanoma_5034.jpg,train,malignant,1297,2.0,8368,82.0,1,-1
train/malignant/melanoma_5035.jpg,train,malignant,9522,90.0,3324,88.0,-1,-1
train/malignant/melanoma_5036.jpg,train,malignant,3871,90.0,16124,4.0,-1,1
train/malignant/melanoma_5037.jpg,train,malignant,2093,0.0,1481,88.0,1,-1
train/malignant/melanoma_5038.jpg,train,malignant,1373,0.0,31881,64.0,1,-1
train/malignant/melanoma_5039.jpg,train,malignant,2244,0.0,26838,64.0,1,-1
train/malignant/melanoma_5040.jpg,train,malignant,1304,2.0,26099,84.0,1,-1
train/malignant/melanoma_5041.jpg,train,malignant,2020,2.0,15918,86.0,1,-1
train/malignant/melanoma_5042.jpg,train,malignant,1228,0.0,154,88.0,1,-1
train/malignant/melanoma_5043.jpg,train,malignant,10014,4.0,13609,68.0,1,-1
train/malignant/melanoma_5044.jpg,train,malignant,1291,2.0,17298,86.0,1,-1
train/malignant/melanoma_5045.jpg,train,malignant,2194,4.0,10064,88.0,1,-1
train/malignant/melanoma_5046.jpg,train,malignant,2375,90.0,15498,80.0,-1,-1
train/malignant/melanoma_5047.jpg,train,malignant,2259,4.0,25123,46.0,1,-1
train/malignant/melanoma_5048.jpg,train,malignant,9999,88.0,9298,4.0,-1,1
train/malignant/melanoma_5049.jpg,train,malignant,2101,4.0,20303,84.0,1,-1
train/malignant/melanoma_5050.jpg,train,malignant,1292,2.0,5487,86.0,1,-1
train/malignant/melanoma_5051.jpg,train,malignant,1286,4.0,18029,76.0,1,-1
train/malignant/melanoma_5052.jpg,train,malignant,1273,4.0,11251,70.0,1,-1
train/malignant/melanoma_5053.jpg,train,malignant,2128,4.0,27705,78.0,1,-1
train/malignant/melanoma_5054.jpg,train,malignant,2310,2.0,9925,86.0,1,-1
train/malignant/melanoma_5055.jpg,train,malignant,1222,0.0,5289,88.0,1,-1
train/malignant/melanoma_5056.jpg,train,malignant,1274,0.0,1665,66.0,1,-1
train/malignant/melanoma_5057.jpg,train,malignant,9008,88.0,1203,88.0,-1,-1
train/malignant/melanoma_5058.jpg,train,malignant,1431,0.0,7712,86.0,1,-1
train/malignant/melanoma_5059.jpg,train,malignant,2072,4.0,23787,84.0,1,-1
train/malignant/melanoma_5060.jpg,train,malignant,8534,84.0,16173,4.0,-1,1
train/malignant/melanoma_5061.jpg,train,malignant,1941,2.0,2605,90.0,1,-1
train/malignant/melanoma_5062.jpg,train,malignant,1323,2.0,29787,86.0,1,-1
train/malignant/melanoma_5063.jpg,train,malignant,2079,4.0,24239,86.0,1,-1
train/malignant/melanoma_5064.jpg,train,malignant,2145,2.0,2146,84.0,1,-1
train/malignant/melanoma_5065.jpg,train,malignant,2222,10.0,24544,82.0,1,-1
train/malignant/melanoma_5066.jpg,train,malignant,1441,2.0,434,72.0,1,-1
train/malignant/melanoma_5067.jpg,train,malignant,1512,4.0,2678,86.0,1,-1
train/malignant/melanoma_5068.jpg,train,malignant,9242,84.0,11586,82.0,-1,-1
train/malignant/melanoma_5069.jpg,train,malignant,1314,2.0,2482,88.0,1,-1
train/malignant/melanoma_5070.jpg,train,malignant,1773,6.0,29790,86.0,1,-1
train/malignant/melanoma_5071.jpg,train,malignant,1948,2.0,32545,82.0,1,-1
train/malignant/melanoma_5072.jpg,train,malignant,4751,84.0,16286,4.0,-1,1
train/malignant/melanoma_5073.jpg,train,malignant,2151,2.0,2711,74.0,1,-1
train/malignant/melanoma_5074.jpg,train,malignant,2156,4.0,11029,90.0,1,-1
train/malignant/melanoma_5075.jpg,train,malignant,2295,0.0,8108,80.0,1,-1
train/malignant/melanoma_5076.jpg,train,malignant,1825,8.0,25421,68.0,1,-1
train/malignant/melanoma_5077.jpg,train,malignant,1635,2.0,25206,88.0,1,-1
train/malignant/melanoma_5078.jpg,train,malignant,1727,0.0,2386,76.0,1,-1
train/malignant/melanoma_5079.jpg,train,malignant,9854,90.0,837,84.0,-1,-1
train/malignant/melanoma_5080.jpg,train,malignant,1609,0.0,9968,88.0,1,-1
train/malignant/melanoma_5081.jpg,train,malignant,1780,2.0,25739,78.0,1,-1
train/malignant/melanoma_5082.jpg,train,malignant,1764,2.0,1919,88.0,1,-1
train/malignant/melanoma_5083.jpg,train,malignant,1481,0.0,22966,84.0,1,-1
train/malignant/melanoma_5084.jpg,train,malignant,3867,86.0,16335,4.0,-1,1
train/malignant/melanoma_5085.jpg,train,malignant,1627,2.0,19096,70.0,1,-1
train/malignant/melanoma_5086.jpg,train,malignant,1705,2.0,421,86.0,1,-1
train/malignant/melanoma_5087.jpg,train,malignant,1582,2.0,7656,74.0,1,-1
train/malignant/melanoma_5088.jpg,train,malignant,2168,6.0,27689,92.0,1,-1
train/malignant/melanoma_5089.jpg,train,malignant,1602,0.0,14482,78.0,1,-1
train/malignant/melanoma_5090.jpg,train,malignant,3379,88.0,995,86.0,-1,-1
train/malignant/melanoma_5091.jpg,train,malignant,1687,2.0,766,86.0,1,-1
train/malignant/melanoma_5092.jpg,train,malignant,1486,4.0,8368,74.0,1,-1
train/malignant/melanoma_5093.jpg,train,malignant,1787,0.0,9446,76.0,1,-1
train/malignant/melanoma_5094.jpg,train,malignant,1902,4.0,2644,74.0,1,-1
train/malignant/melanoma_5095.jpg,train,malignant,1535,0.0,16859,86.0,1,-1
train/malignant/melanoma_5096.jpg,train,malignant,2234,80.0,16361,0.0,-1,1
train/malignant/melanoma_5097.jpg,train,malignant,1560,2.0,27356,84.0,1,-1
train/malignant/melanoma_5098.jpg,train,malignant,1515,2.0,1857,76.0,1,-1
train/malignant/melanoma_5099.jpg,train,malignant,1585,0.0,23197,86.0,1,-1
train/malignant/melanoma_5100.jpg,train,malignant,1834,0.0,21056,88.0,1,-1
train/malignant/melanoma_5101.jpg,train,malignant,8208,84.0,9854,80.0,-1,-1
train/malignant/melanoma_5102.jpg,train,malignant,1414,4.0,4600,78.0,1,-1
train/malignant/melanoma_5103.jpg,train,malignant,1715,4.0,6960,84.0,1,-1
train/malignant/melanoma_5104.jpg,train,malignant,1799,0.0,25412,90.0,1,-1
train/malignant/melanoma_5105.jpg,train,malignant,1624,2.0,12393,82.0,1,-1
train/malignant/melanoma_5106.jpg,train,malignant,1567,2.0,8099,88.0,1,-1
train/malignant/melanoma_5107.jpg,train,malignant,1644,2.0,7590,56.0,1,-1
train/malignant/melanoma_5108.jpg,train,malignant,518,86.0,16370,4.0,-1,1
train/malignant/melanoma_5109.jpg,train,malignant,1489,0.0,4526,86.0,1,-1
train/malignant/melanoma_5110.jpg,train,malignant,1737,2.0,9834,64.0,1,-1
train/malignant/melanoma_5111.jpg,train,malignant,1682,2.0,3931,82.0,1,-1
train/malignant/melanoma_5112.jpg,train,malignant,876,92.0,3122,94.0,-1,-1
train/malignant/melanoma_5113.jpg,train,malignant,7099,82.0,11809,76.0,-1,-1
train/malignant/melanoma_5114.jpg,train,malignant,1661,0.0,27504,76.0,1,-1
train/malignant/melanoma_5115.jpg,train,malignant,1782,2.0,11251,76.0,1,-1
train/malignant/melanoma_5116.jpg,train,malignant,2188,2.0,23617,90.0,1,-1
train/malignant/melanoma_5117.jpg,train,malignant,1855,2.0,15050,82.0,1,-1
train/malignant/melanoma_5118.jpg,train,malignant,1497,2.0,22127,80.0,1,-1
train/malignant/melanoma_5119.jpg,train,malignant,1831,2.0,24251,82.0,1,-1
train/malignant/melanoma_5120.jpg,train,malignant,1551,2.0,11643,86.0,1,-1
train/malignant/melanoma_5121.jpg,train,malignant,213,92.0,7789,94.0,-1,-1
train/malignant/melanoma_5122.jpg,train,malignant,2825,88.0,16372,4.0,-1,1
train/malignant/melanoma_5123.jpg,train,malignant,1643,4.0,25717,80.0,1,-1
train/malignant/melanoma_5124.jpg,train,malignant,1142,78.0,15682,78.0,-1,-1
train/malignant/melanoma_5125.jpg,train,malignant,1875,2.0,3245,86.0,1,-1
train/malignant/melanoma_5126.jpg,train,malignant,1802,4.0,3920,78.0,1,-1
train/malignant/melanoma_5127.jpg,train,malignant,1833,2.0,17280,88.0,1,-1
train/malignant/melanoma_5128.jpg,train,malignant,1525,2.0,3970,72.0,1,-1
train/malignant/melanoma_5129.jpg,train,malignant,1842,0.0,12801,78.0,1,-1
train/malignant/melanoma_5130.jpg,train,malignant,1984,2.0,11146,92.0,1,-1
train/malignant/melanoma_5131.jpg,train,malignant,2129,4.0,21951,80.0,1,-1
train/malignant/melanoma_5132.jpg,train,malignant,1728,2.0,12229,76.0,1,-1
train/malignant/melanoma_5133.jpg,train,malignant,1548,2.0,18102,82.0,1,-1
train/malignant/melanoma_5134.jpg,train,malignant,6877,76.0,16490,4.0,-1,1
train/malignant/melanoma_5135.jpg,train,malignant,2199,88.0,3900,90.0,-1,-1
train/malignant/melanoma_5136.jpg,train,malignant,1838,2.0,28921,84.0,1,-1
train/malignant/melanoma_5137.jpg,train,malignant,1870,2.0,32345,84.0,1,-1
train/malignant/melanoma_5138.jpg,train,malignant,1749,2.0,15074,86.0,1,-1
train/malignant/melanoma_5139.jpg,train,malignant,1812,0.0,2106,78.0,1,-1
train/malignant/melanoma_5140.jpg,train,malignant,1659,2.0,5301,80.0,1,-1
train/malignant/melanoma_5141.jpg,train,malignant,1804,0.0,3499,84.0,1,-1
train/malignant/melanoma_5142.jpg,train,malignant,1672,0.0,20700,74.0,1,-1
train/malignant/melanoma_5143.jpg,train,malignant,1618,2.0,4582,86.0,1,-1
train/malignant/melanoma_5144.jpg,train,malignant,1409,2.0,16884,86.0,1,-1
train/malignant/melanoma_5145.jpg,train,malignant,1529,2.0,6903,84.0,1,-1
train/malignant/melanoma_5146.jpg,train,malignant,2470,90.0,1047,86.0,-1,-1
train/malignant/melanoma_5147.jpg,train,malignant,6752,82.0,16501,2.0,-1,1
train/malignant/melanoma_5148.jpg,train,malignant,1797,2.0,8310,78.0,1,-1
train/malignant/melanoma_5149.jpg,train,malignant,1568,0.0,11846,78.0,1,-1
train/malignant/melanoma_5150.jpg,train,malignant,1616,0.0,18264,84.0,1,-1
train/malignant/melanoma_5151.jpg,train,malignant,1803,0.0,2123,90.0,1,-1
train/malignant/melanoma_5152.jpg,train,malignant,1533,4.0,6130,84.0,1,-1
train/malignant/melanoma_5153.jpg,train,malignant,1619,2.0,2725,86.0,1,-1
train/malignant/melanoma_5154.jpg,train,malignant,1475,2.0,16589,82.0,1,-1
train/malignant/melanoma_5155.jpg,train,malignant,1798,2.0,4133,84.0,1,-1
train/malignant/melanoma_5156.jpg,train,malignant,1761,2.0,6736,78.0,1,-1
train/malignant/melanoma_5157.jpg,train,malignant,8693,94.0,23086,84.0,-1,-1
train/malignant/melanoma_5158.jpg,train,malignant,2249,2.0,15090,86.0,1,-1
train/malignant/melanoma_5159.jpg,train,malignant,862,92.0,16672,2.0,-1,1
train/malignant/melanoma_5160.jpg,train,malignant,1563,2.0,1566,84.0,1,-1
train/malignant/melanoma_5161.jpg,train,malignant,1608,2.0,22840,82.0,1,-1
train/malignant/melanoma_5162.jpg,train,malignant,1817,2.0,2695,90.0,1,-1
train/malignant/melanoma_5163.jpg,train,malignant,1714,4.0,8794,64.0,1,-1
train/malignant/melanoma_5164.jpg,train,malignant,1693,2.0,5716,88.0,1,-1
train/malignant/melanoma_5165.jpg,train,malignant,1874,0.0,19359,88.0,1,-1
train/malignant/melanoma_5166.jpg,train,malignant,1719,2.0,31043,72.0,1,-1
train/malignant/melanoma_5167.jpg,train,malignant,1647,0.0,2040,34.0,1,-1
train/malignant/melanoma_5168.jpg,train,malignant,5518,86.0,28357,86.0,-1,-1
train/malignant/melanoma_5169.jpg,train,malignant,1532,0.0,10879,90.0,1,-1
train/malignant/melanoma_5170.jpg,train,malignant,1502,2.0,9013,80.0,1,-1
train/malignant/melanoma_5171.jpg,train,malignant,7108,74.0,16676,2.0,-1,1
train/malignant/melanoma_5172.jpg,train,malignant,2208,4.0,6720,88.0,1,-1
train/malignant/melanoma_5173.jpg,train,malignant,1740,4.0,837,88.0,1,-1
train/malignant/melanoma_5174.jpg,train,malignant,1564,2.0,1718,76.0,1,-1
train/malignant/melanoma_5175.jpg,train,malignant,1600,2.0,4055,82.0,1,-1
train/malignant/melanoma_5176.jpg,train,malignant,1603,0.0,13487,74.0,1,-1
train/malignant/melanoma_5177.jpg,train,malignant,1768,0.0,5201,78.0,1,-1
train/malignant/melanoma_5178.jpg,train,malignant,1470,2.0,24697,78.0,1,-1
train/malignant/melanoma_5179.jpg,train,malignant,2226,92.0,1627,90.0,-1,-1
train/malignant/melanoma_5180.jpg,train,malignant,1716,4.0,9078,84.0,1,-1
train/malignant/melanoma_5181.jpg,train,malignant,1863,2.0,2960,84.0,1,-1
train/malignant/melanoma_5182.jpg,train,malignant,1745,0.0,26367,86.0,1,-1
train/malignant/melanoma_5183.jpg,train,malignant,4075,88.0,9429,0.0,-1,1
train/malignant/melanoma_5184.jpg,train,malignant,1925,0.0,11149,88.0,1,-1
train/malignant/melanoma_5185.jpg,train,malignant,1520,0.0,5503,84.0,1,-1
train/malignant/melanoma_5186.jpg,train,malignant,1920,2.0,31921,90.0,1,-1
train/malignant/melanoma_5187.jpg,train,malignant,1828,2.0,3294,88.0,1,-1
train/malignant/melanoma_5188.jpg,train,malignant,1545,4.0,25051,82.0,1,-1
train/malignant/melanoma_5189.jpg,train,malignant,1653,2.0,12824,92.0,1,-1
train/malignant/melanoma_5190.jpg,train,malignant,7484,86.0,15263,84.0,-1,-1
train/malignant/melanoma_5191.jpg,train,malignant,1789,2.0,25746,82.0,1,-1
train/malignant/melanoma_5192.jpg,train,malignant,1476,2.0,6881,88.0,1,-1
train/malignant/melanoma_5193.jpg,train,malignant,1590,0.0,7247,88.0,1,-1
train/malignant/melanoma_5194.jpg,train,malignant,1549,2.0,5893,78.0,1,-1
train/malignant/melanoma_5195.jpg,train,malignant,2410,74.0,16703,4.0,-1,1
train/malignant/melanoma_5196.jpg,train,malignant,1690,4.0,31082,80.0,1,-1
train/malignant/melanoma_5197.jpg,train,malignant,1663,2.0,19463,88.0,1,-1
train/malignant/melanoma_5198.jpg,train,malignant,2133,2.0,14929,70.0,1,-1
train/malignant/melanoma_5199.jpg,train,malignant,1712,0.0,17608,92.0,1,-1
train/malignant/melanoma_5200.jpg,train,malignant,1871,4.0,31235,84.0,1,-1
train/malignant/melanoma_5201.jpg,train,malignant,1240,90.0,12293,88.0,-1,-1
train/malignant/melanoma_5202.jpg,train,malignant,1604,2.0,4186,78.0,1,-1
train/malignant/melanoma_5203.jpg,train,malignant,1841,2.0,2698,92.0,1,-1
train/malignant/melanoma_5204.jpg,train,malignant,1713,0.0,31324,70.0,1,-1
train/malignant/melanoma_5205.jpg,train,malignant,1453,4.0,16639,82.0,1,-1
train/malignant/melanoma_5206.jpg,train,malignant,8820,2.0,1583,90.0,1,-1
train/malignant/melanoma_5207.jpg,train,malignant,113,92.0,16768,2.0,-1,1
train/malignant/melanoma_5208.jpg,train,malignant,1735,2.0,1314,74.0,1,-1
train/malignant/melanoma_5209.jpg,train,malignant,1634,2.0,1893,86.0,1,-1
train/malignant/melanoma_5210.jpg,train,malignant,1646,4.0,26918,82.0,1,-1
train/malignant/melanoma_5211.jpg,train,malignant,1271,2.0,25190,84.0,1,-1
train/malignant/melanoma_5212.jpg,train,malignant,2224,88.0,2418,90.0,-1,-1
train/malignant/melanoma_5213.jpg,train,malignant,1738,2.0,28592,90.0,1,-1
train/malignant/melanoma_5214.jpg,train,malignant,1886,2.0,18926,90.0,1,-1
train/malignant/melanoma_5215.jpg,train,malignant,1683,4.0,16184,86.0,1,-1
train/malignant/melanoma_5216.jpg,train,malignant,1771,2.0,542,88.0,1,-1
train/malignant/melanoma_5217.jpg,train,malignant,1765,2.0,11293,84.0,1,-1
train/malignant/melanoma_5218.jpg,train,malignant,1898,0.0,14584,84.0,1,-1
train/malignant/melanoma_5219.jpg,train,malignant,7913,70.0,16773,0.0,-1,1
train/malignant/melanoma_5220.jpg,train,malignant,1518,0.0,15187,84.0,1,-1
train/malignant/melanoma_5221.jpg,train,malignant,1667,2.0,12861,76.0,1,-1
train/malignant/melanoma_5222.jpg,train,malignant,1800,2.0,11063,68.0,1,-1
train/malignant/melanoma_5223.jpg,train,malignant,2771,84.0,6792,76.0,-1,-1
train/malignant/melanoma_5224.jpg,train,malignant,34,84.0,28388,86.0,-1,-1
train/malignant/melanoma_5225.jpg,train,malignant,1538,0.0,14522,72.0,1,-1
train/malignant/melanoma_5226.jpg,train,malignant,1950,0.0,5732,88.0,1,-1
train/malignant/melanoma_5227.jpg,train,malignant,6769,0.0,6366,90.0,1,-1
train/malignant/melanoma_5228.jpg,train,malignant,1919,2.0,10405,88.0,1,-1
train/malignant/melanoma_5229.jpg,train,malignant,1809,4.0,1406,90.0,1,-1
train/malignant/melanoma_5230.jpg,train,malignant,1552,2.0,10442,88.0,1,-1
train/malignant/melanoma_5231.jpg,train,malignant,1629,4.0,2075,90.0,1,-1
train/malignant/melanoma_5232.jpg,train,malignant,7109,86.0,16856,0.0,-1,1
train/malignant/melanoma_5233.jpg,train,malignant,1732,2.0,19861,76.0,1,-1
train/malignant/melanoma_5234.jpg,train,malignant,1922,0.0,3917,88.0,1,-1
train/malignant/melanoma_5235.jpg,train,malignant,2007,90.0,30132,90.0,-1,-1
train/malignant/melanoma_5236.jpg,train,malignant,1835,2.0,7605,68.0,1,-1
train/malignant/melanoma_5237.jpg,train,malignant,1504,0.0,9873,80.0,1,-1
train/malignant/melanoma_5238.jpg,train,malignant,1819,2.0,14929,72.0,1,-1
train/malignant/melanoma_5239.jpg,train,malignant,2134,4.0,9839,84.0,1,-1
train/malignant/melanoma_5240.jpg,train,malignant,1521,4.0,1574,88.0,1,-1
train/malignant/melanoma_5241.jpg,train,malignant,1891,0.0,28567,82.0,1,-1
train/malignant/melanoma_5242.jpg,train,malignant,1651,0.0,8502,84.0,1,-1
train/malignant/melanoma_5243.jpg,train,malignant,1706,2.0,11536,76.0,1,-1
train/malignant/melanoma_5244.jpg,train,malignant,3996,84.0,5059,84.0,-1,-1
train/malignant/melanoma_5245.jpg,train,malignant,1669,84.0,4444,90.0,-1,-1
train/malignant/melanoma_5246.jpg,train,malignant,1631,84.0,26340,84.0,-1,-1
train/malignant/melanoma_5247.jpg,train,malignant,4723,90.0,16948,2.0,-1,1
train/malignant/melanoma_5248.jpg,train,malignant,1507,0.0,1566,72.0,1,-1
train/malignant/melanoma_5249.jpg,train,malignant,1861,0.0,1767,84.0,1,-1
train/malignant/melanoma_5250.jpg,train,malignant,1860,0.0,26941,84.0,1,-1
train/malignant/melanoma_5251.jpg,train,malignant,1839,2.0,29563,84.0,1,-1
train/malignant/melanoma_5252.jpg,train,malignant,1858,2.0,9369,86.0,1,-1
train/malignant/melanoma_5253.jpg,train,malignant,1612,2.0,1740,90.0,1,-1
train/malignant/melanoma_5254.jpg,train,malignant,2097,4.0,18021,84.0,1,-1
train/malignant/melanoma_5255.jpg,train,malignant,1575,2.0,27098,76.0,1,-1
train/malignant/melanoma_5256.jpg,train,malignant,1864,4.0,13760,82.0,1,-1
train/malignant/melanoma_5257.jpg,train,malignant,235,88.0,10145,86.0,-1,-1
train/malignant/melanoma_5258.jpg,train,malignant,1527,2.0,31423,74.0,1,-1
train/malignant/melanoma_5259.jpg,train,malignant,7001,82.0,17056,2.0,-1,1
train/malignant/melanoma_5260.jpg,train,malignant,1754,0.0,4777,90.0,1,-1
train/malignant/melanoma_5261.jpg,train,malignant,1914,2.0,1532,92.0,1,-1
train/malignant/melanoma_5262.jpg,train,malignant,1796,4.0,8183,90.0,1,-1
train/malignant/melanoma_5263.jpg,train,malignant,1579,2.0,14278,74.0,1,-1
train/malignant/melanoma_5264.jpg,train,malignant,1901,0.0,3231,88.0,1,-1
train/malignant/melanoma_5265.jpg,train,malignant,1685,0.0,522,76.0,1,-1
train/malignant/melanoma_5266.jpg,train,malignant,1753,2.0,891,72.0,1,-1
train/malignant/melanoma_5267.jpg,train,malignant,1211,2.0,9929,42.0,1,-1
train/malignant/melanoma_5268.jpg,train,malignant,255,94.0,2871,94.0,-1,-1
train/malignant/melanoma_5269.jpg,train,malignant,2237,2.0,5612,82.0,1,-1
train/malignant/melanoma_5270.jpg,train,malignant,1906,0.0,25624,86.0,1,-1
train/malignant/melanoma_5271.jpg,train,malignant,2878,84.0,17057,2.0,-1,1
train/malignant/melanoma_5272.jpg,train,malignant,1718,4.0,2007,90.0,1,-1
train/malignant/melanoma_5273.jpg,train,malignant,1569,2.0,1210,90.0,1,-1
train/malignant/melanoma_5274.jpg,train,malignant,1759,2.0,17880,80.0,1,-1
train/malignant/melanoma_5275.jpg,train,malignant,1498,2.0,12110,50.0,1,-1
train/malignant/melanoma_5276.jpg,train,malignant,1556,4.0,16235,84.0,1,-1
train/malignant/melanoma_5277.jpg,train,malignant,1778,0.0,1061,66.0,1,-1
train/malignant/melanoma_5278.jpg,train,malignant,1730,2.0,25353,76.0,1,-1
train/malignant/melanoma_5279.jpg,train,malignant,5315,74.0,15744,76.0,-1,-1
train/malignant/melanoma_5280.jpg,train,malignant,1613,2.0,14482,82.0,1,-1
train/malignant/melanoma_5281.jpg,train,malignant,1588,0.0,31621,74.0,1,-1
train/malignant/melanoma_5282.jpg,train,malignant,2098,0.0,28503,92.0,1,-1
train/malignant/melanoma_5283.jpg,train,malignant,6787,92.0,17091,2.0,-1,1
train/malignant/melanoma_5284.jpg,train,malignant,1921,0.0,30799,80.0,1,-1
train/malignant/melanoma_5285.jpg,train,malignant,1570,2.0,13300,70.0,1,-1
train/malignant/melanoma_5286.jpg,train,malignant,1534,0.0,9933,92.0,1,-1
train/malignant/melanoma_5287.jpg,train,malignant,1277,2.0,17270,84.0,1,-1
train/malignant/melanoma_5288.jpg,train,malignant,1557,0.0,4868,84.0,1,-1
train/malignant/melanoma_5289.jpg,train,malignant,1717,2.0,3122,86.0,1,-1
train/malignant/melanoma_5290.jpg,train,malignant,1027,90.0,9001,94.0,-1,-1
train/malignant/melanoma_5291.jpg,train,malignant,1801,2.0,8265,70.0,1,-1
train/malignant/melanoma_5292.jpg,train,malignant,1816,2.0,3650,80.0,1,-1
train/malignant/melanoma_5293.jpg,train,malignant,1530,0.0,27062,86.0,1,-1
train/malignant/melanoma_5294.jpg,train,malignant,1805,4.0,15722,80.0,1,-1
train/malignant/melanoma_5295.jpg,train,malignant,1434,94.0,17096,2.0,-1,1
train/malignant/melanoma_5296.jpg,train,malignant,2303,4.0,9995,86.0,1,-1
train/malignant/melanoma_5297.jpg,train,malignant,1657,2.0,15992,78.0,1,-1
train/malignant/melanoma_5298.jpg,train,malignant,1555,2.0,12939,76.0,1,-1
train/malignant/melanoma_5299.jpg,train,malignant,1709,2.0,17323,86.0,1,-1
train/malignant/melanoma_5300.jpg,train,malignant,1815,2.0,9199,84.0,1,-1
train/malignant/melanoma_5301.jpg,train,malignant,6586,90.0,14011,84.0,-1,-1
train/malignant/melanoma_5302.jpg,train,malignant,8834,2.0,24594,66.0,1,-1
train/malignant/melanoma_5303.jpg,train,malignant,1695,0.0,3780,78.0,1,-1
train/malignant/melanoma_5304.jpg,train,malignant,1614,0.0,5495,62.0,1,-1
train/malignant/melanoma_5305.jpg,train,malignant,1607,0.0,10509,88.0,1,-1
train/malignant/melanoma_5306.jpg,train,malignant,1623,2.0,8974,90.0,1,-1
train/malignant/melanoma_5307.jpg,train,malignant,3347,84.0,17117,4.0,-1,1
train/malignant/melanoma_5308.jpg,train,malignant,1818,2.0,5177,86.0,1,-1
train/malignant/melanoma_5309.jpg,train,malignant,2147,0.0,30965,78.0,1,-1
train/malignant/melanoma_5310.jpg,train,malignant,1924,4.0,25540,86.0,1,-1
train/malignant/melanoma_5311.jpg,train,malignant,1760,0.0,19647,88.0,1,-1
train/malignant/melanoma_5312.jpg,train,malignant,6450,92.0,19787,92.0,-1,-1
train/malignant/melanoma_5313.jpg,train,malignant,1679,2.0,2369,86.0,1,-1
train/malignant/melanoma_5314.jpg,train,malignant,1474,2.0,12633,84.0,1,-1
train/malignant/melanoma_5315.jpg,train,malignant,1703,0.0,22448,86.0,1,-1
train/malignant/melanoma_5316.jpg,train,malignant,1617,2.0,11246,90.0,1,-1
train/malignant/melanoma_5317.jpg,train,malignant,1519,0.0,25771,90.0,1,-1
train/malignant/melanoma_5318.jpg,train,malignant,1598,0.0,7988,72.0,1,-1
train/malignant/melanoma_5319.jpg,train,malignant,5571,74.0,9501,4.0,-1,1
train/malignant/melanoma_5320.jpg,train,malignant,1493,4.0,364,92.0,1,-1
train/malignant/melanoma_5321.jpg,train,malignant,1788,4.0,9446,68.0,1,-1
train/malignant/melanoma_5322.jpg,train,malignant,2173,2.0,4613,92.0,1,-1
train/malignant/melanoma_5323.jpg,train,malignant,3008,86.0,29033,82.0,-1,-1
train/malignant/melanoma_5324.jpg,train,malignant,1584,0.0,26687,90.0,1,-1
train/malignant/melanoma_5325.jpg,train,malignant,1583,2.0,25000,68.0,1,-1
train/malignant/melanoma_5326.jpg,train,malignant,1638,2.0,15958,86.0,1,-1
train/malignant/melanoma_5327.jpg,train,malignant,1793,0.0,12216,62.0,1,-1
train/malignant/melanoma_5328.jpg,train,malignant,1911,2.0,16207,80.0,1,-1
train/malignant/melanoma_5329.jpg,train,malignant,1692,2.0,7721,74.0,1,-1
train/malignant/melanoma_5330.jpg,train,malignant,1750,4.0,22745,80.0,1,-1
train/malignant/melanoma_5331.jpg,train,malignant,6697,86.0,17131,2.0,-1,1
train/malignant/melanoma_5332.jpg,train,malignant,1399,0.0,11181,86.0,1,-1
train/malignant/melanoma_5333.jpg,train,malignant,1620,2.0,4527,80.0,1,-1
train/malignant/melanoma_5334.jpg,train,malignant,770,88.0,10,84.0,-1,-1
train/malignant/melanoma_5335.jpg,train,malignant,5688,84.0,6865,82.0,-1,-1
train/malignant/melanoma_5336.jpg,train,malignant,1779,0.0,2814,54.0,1,-1
train/malignant/melanoma_5337.jpg,train,malignant,2112,0.0,759,90.0,1,-1
train/malignant/melanoma_5338.jpg,train,malignant,1550,0.0,20601,82.0,1,-1
train/malignant/melanoma_5339.jpg,train,malignant,1720,0.0,30649,74.0,1,-1
train/malignant/melanoma_5340.jpg,train,malignant,1573,0.0,2125,88.0,1,-1
train/malignant/melanoma_5341.jpg,train,malignant,1478,2.0,9560,84.0,1,-1
train/malignant/melanoma_5342.jpg,train,malignant,1700,0.0,23774,80.0,1,-1
train/malignant/melanoma_5343.jpg,train,malignant,1594,4.0,24267,80.0,1,-1
train/malignant/melanoma_5344.jpg,train,malignant,925,82.0,17273,4.0,-1,1
train/malignant/melanoma_5345.jpg,train,malignant,1808,4.0,2443,88.0,1,-1
train/malignant/melanoma_5346.jpg,train,malignant,511,84.0,17379,82.0,-1,-1
train/malignant/melanoma_5347.jpg,train,malignant,1539,0.0,19304,80.0,1,-1
train/malignant/melanoma_5348.jpg,train,malignant,1830,2.0,30941,88.0,1,-1
train/malignant/melanoma_5349.jpg,train,malignant,1511,0.0,8310,72.0,1,-1
train/malignant/melanoma_5350.jpg,train,malignant,2207,0.0,25707,76.0,1,-1
train/malignant/melanoma_5351.jpg,train,malignant,1850,0.0,8320,64.0,1,-1
train/malignant/melanoma_5352.jpg,train,malignant,1785,4.0,21227,60.0,1,-1
train/malignant/melanoma_5353.jpg,train,malignant,1827,0.0,11699,82.0,1,-1
train/malignant/melanoma_5354.jpg,train,malignant,1853,0.0,10158,92.0,1,-1
train/malignant/melanoma_5355.jpg,train,malignant,1904,0.0,8621,88.0,1,-1
train/malignant/melanoma_5356.jpg,train,malignant,2877,86.0,17332,2.0,-1,1
train/malignant/melanoma_5357.jpg,train,malignant,1764,86.0,1375,86.0,-1,-1
train/malignant/melanoma_5358.jpg,train,malignant,1832,0.0,18874,88.0,1,-1
train/malignant/melanoma_5359.jpg,train,malignant,1701,4.0,6733,86.0,1,-1
train/malignant/melanoma_5360.jpg,train,malignant,1606,4.0,3299,84.0,1,-1
train/malignant/melanoma_5361.jpg,train,malignant,1524,2.0,22281,78.0,1,-1
train/malignant/melanoma_5362.jpg,train,malignant,1894,2.0,13066,88.0,1,-1
train/malignant/melanoma_5363.jpg,train,malignant,2103,2.0,8808,92.0,1,-1
train/malignant/melanoma_5364.jpg,train,malignant,1743,0.0,15956,86.0,1,-1
train/malignant/melanoma_5365.jpg,train,malignant,1490,0.0,5503,88.0,1,-1
train/malignant/melanoma_5366.jpg,train,malignant,1547,2.0,1779,72.0,1,-1
train/malignant/melanoma_5367.jpg,train,malignant,1913,2.0,1096,78.0,1,-1
train/malignant/melanoma_5368.jpg,train,malignant,7713,88.0,24178,86.0,-1,-1
train/malignant/melanoma_5369.jpg,train,malignant,7008,88.0,14583,78.0,-1,-1
train/malignant/melanoma_5370.jpg,train,malignant,6743,74.0,17374,2.0,-1,1
train/malignant/melanoma_5371.jpg,train,malignant,1501,4.0,28582,80.0,1,-1
train/malignant/melanoma_5372.jpg,train,malignant,1879,0.0,280,92.0,1,-1
train/malignant/melanoma_5373.jpg,train,malignant,1741,0.0,14522,64.0,1,-1
train/malignant/melanoma_5374.jpg,train,malignant,1526,4.0,1779,72.0,1,-1
train/malignant/melanoma_5375.jpg,train,malignant,1883,2.0,11849,88.0,1,-1
train/malignant/melanoma_5376.jpg,train,malignant,1723,2.0,24910,82.0,1,-1
train/malignant/melanoma_5377.jpg,train,malignant,1280,2.0,290,68.0,1,-1
train/malignant/melanoma_5378.jpg,train,malignant,1668,0.0,32012,72.0,1,-1
train/malignant/melanoma_5379.jpg,train,malignant,2903,94.0,11576,88.0,-1,-1
train/malignant/melanoma_5380.jpg,train,malignant,1592,4.0,9887,78.0,1,-1
train/malignant/melanoma_5381.jpg,train,malignant,1506,0.0,10949,88.0,1,-1
train/malignant/melanoma_5382.jpg,train,malignant,1415,78.0,17463,2.0,-1,1
train/malignant/melanoma_5383.jpg,train,malignant,1675,0.0,7576,86.0,1,-1
train/malignant/melanoma_5384.jpg,train,malignant,1639,2.0,1037,84.0,1,-1
train/malignant/melanoma_5385.jpg,train,malignant,1587,4.0,7568,82.0,1,-1
train/malignant/melanoma_5386.jpg,train,malignant,1846,2.0,5431,86.0,1,-1
train/malignant/melanoma_5387.jpg,train,malignant,1452,4.0,7792,86.0,1,-1
train/malignant/melanoma_5388.jpg,train,malignant,1876,2.0,20502,90.0,1,-1
train/malignant/melanoma_5389.jpg,train,malignant,1482,0.0,8167,86.0,1,-1
train/malignant/melanoma_5390.jpg,train,malignant,1899,92.0,11098,86.0,-1,-1
train/malignant/melanoma_5391.jpg,train,malignant,2161,0.0,1566,72.0,1,-1
train/malignant/melanoma_5392.jpg,train,malignant,1806,0.0,11370,90.0,1,-1
train/malignant/melanoma_5393.jpg,train,malignant,1844,2.0,22970,86.0,1,-1
train/malignant/melanoma_5394.jpg,train,malignant,1170,74.0,17475,4.0,-1,1
train/malignant/melanoma_5395.jpg,train,malignant,1640,4.0,7792,88.0,1,-1
train/malignant/melanoma_5396.jpg,train,malignant,1746,2.0,19911,84.0,1,-1
train/malignant/melanoma_5397.jpg,train,malignant,1862,2.0,5879,84.0,1,-1
train/malignant/melanoma_5398.jpg,train,malignant,1881,2.0,23417,92.0,1,-1
train/malignant/melanoma_5399.jpg,train,malignant,1854,4.0,5581,88.0,1,-1
train/malignant/melanoma_5400.jpg,train,malignant,1739,2.0,22525,78.0,1,-1
train/malignant/melanoma_5401.jpg,train,malignant,5225,92.0,2746,94.0,-1,-1
train/malignant/melanoma_5402.jpg,train,malignant,1757,0.0,2356,86.0,1,-1
train/malignant/melanoma_5403.jpg,train,malignant,1744,4.0,27168,78.0,1,-1
train/malignant/melanoma_5404.jpg,train,malignant,1508,0.0,10131,74.0,1,-1
train/malignant/melanoma_5405.jpg,train,malignant,1289,2.0,28851,84.0,1,-1
train/malignant/melanoma_5406.jpg,train,malignant,9022,82.0,17529,2.0,-1,1
train/malignant/melanoma_5407.jpg,train,malignant,1840,0.0,19840,86.0,1,-1
train/malignant/melanoma_5408.jpg,train,malignant,1670,4.0,4241,68.0,1,-1
train/malignant/melanoma_5409.jpg,train,malignant,1915,4.0,1731,88.0,1,-1
train/malignant/melanoma_5410.jpg,train,malignant,1848,2.0,10423,90.0,1,-1
train/malignant/melanoma_5411.jpg,train,malignant,1704,2.0,3416,78.0,1,-1
train/malignant/melanoma_5412.jpg,train,malignant,1998,88.0,21612,88.0,-1,-1
train/malignant/melanoma_5413.jpg,train,malignant,1566,2.0,10324,82.0,1,-1
train/malignant/melanoma_5414.jpg,train,malignant,1464,2.0,12332,72.0,1,-1
train/malignant/melanoma_5415.jpg,train,malignant,1632,6.0,22493,78.0,1,-1
train/malignant/melanoma_5416.jpg,train,malignant,1814,0.0,10547,88.0,1,-1
train/malignant/melanoma_5417.jpg,train,malignant,1824,4.0,16472,82.0,1,-1
train/malignant/melanoma_5418.jpg,train,malignant,1345,72.0,17544,6.0,-1,1
train/malignant/melanoma_5419.jpg,train,malignant,2087,0.0,24833,80.0,1,-1
train/malignant/melanoma_5420.jpg,train,malignant,1595,0.0,903,80.0,1,-1
train/malignant/melanoma_5421.jpg,train,malignant,1610,0.0,23123,80.0,1,-1
train/malignant/melanoma_5422.jpg,train,malignant,1572,2.0,9274,86.0,1,-1
train/malignant/melanoma_5423.jpg,train,malignant,4917,86.0,4755,88.0,-1,-1
train/malignant/melanoma_5424.jpg,train,malignant,1847,0.0,28069,78.0,1,-1
train/malignant/melanoma_5425.jpg,train,malignant,1813,2.0,29162,80.0,1,-1
train/malignant/melanoma_5426.jpg,train,malignant,1791,2.0,2894,70.0,1,-1
train/malignant/melanoma_5427.jpg,train,malignant,1794,0.0,1896,88.0,1,-1
train/malignant/melanoma_5428.jpg,train,malignant,1648,2.0,2644,68.0,1,-1
train/malignant/melanoma_5429.jpg,train,malignant,1694,4.0,8438,90.0,1,-1
train/malignant/melanoma_5430.jpg,train,malignant,9447,80.0,17638,4.0,-1,1
train/malignant/melanoma_5431.jpg,train,malignant,1652,4.0,16826,86.0,1,-1
train/malignant/melanoma_5432.jpg,train,malignant,2200,2.0,9968,84.0,1,-1
train/malignant/melanoma_5433.jpg,train,malignant,1499,0.0,227,90.0,1,-1
train/malignant/melanoma_5434.jpg,train,malignant,7054,74.0,15275,76.0,-1,-1
train/malignant/melanoma_5435.jpg,train,malignant,1909,2.0,451,52.0,1,-1
train/malignant/melanoma_5436.jpg,train,malignant,1496,0.0,28981,82.0,1,-1
train/malignant/melanoma_5437.jpg,train,malignant,1688,0.0,9396,78.0,1,-1
train/malignant/melanoma_5438.jpg,train,malignant,1691,2.0,21631,86.0,1,-1
train/malignant/melanoma_5439.jpg,train,malignant,1811,2.0,12081,78.0,1,-1
train/malignant/melanoma_5440.jpg,train,malignant,1471,4.0,12818,86.0,1,-1
train/malignant/melanoma_5441.jpg,train,malignant,1513,2.0,5716,90.0,1,-1
train/malignant/melanoma_5442.jpg,train,malignant,1170,78.0,17671,0.0,-1,1
train/malignant/melanoma_5443.jpg,train,malignant,1890,2.0,20269,82.0,1,-1
train/malignant/melanoma_5444.jpg,train,malignant,1724,4.0,18872,84.0,1,-1
train/malignant/melanoma_5445.jpg,train,malignant,185,90.0,27870,88.0,-1,-1
train/malignant/melanoma_5446.jpg,train,malignant,7260,86.0,4694,82.0,-1,-1
train/malignant/melanoma_5447.jpg,train,malignant,1388,2.0,17087,84.0,1,-1
train/malignant/melanoma_5448.jpg,train,malignant,1869,2.0,10023,86.0,1,-1
train/malignant/melanoma_5449.jpg,train,malignant,1822,2.0,18199,88.0,1,-1
train/malignant/melanoma_5450.jpg,train,malignant,1484,2.0,2771,86.0,1,-1
train/malignant/melanoma_5451.jpg,train,malignant,1494,0.0,1888,76.0,1,-1
train/malignant/melanoma_5452.jpg,train,malignant,1636,4.0,26647,84.0,1,-1
train/malignant/melanoma_5453.jpg,train,malignant,1865,0.0,18807,86.0,1,-1
train/malignant/melanoma_5454.jpg,train,malignant,1487,0.0,28275,86.0,1,-1
train/malignant/melanoma_5455.jpg,train,malignant,770,80.0,9524,2.0,-1,1
train/malignant/melanoma_5456.jpg,train,malignant,1774,2.0,12693,84.0,1,-1
train/malignant/melanoma_5457.jpg,train,malignant,9216,86.0,27399,84.0,-1,-1
train/malignant/melanoma_5458.jpg,train,malignant,1887,4.0,18073,86.0,1,-1
train/malignant/melanoma_5459.jpg,train,malignant,1722,2.0,4048,86.0,1,-1
train/malignant/melanoma_5460.jpg,train,malignant,2002,4.0,23421,90.0,1,-1
train/malignant/melanoma_5461.jpg,train,malignant,1907,2.0,23475,90.0,1,-1
train/malignant/melanoma_5462.jpg,train,malignant,1479,2.0,21323,76.0,1,-1
train/malignant/melanoma_5463.jpg,train,malignant,1581,4.0,13230,80.0,1,-1
train/malignant/melanoma_5464.jpg,train,malignant,1710,2.0,3446,84.0,1,-1
train/malignant/melanoma_5465.jpg,train,malignant,1897,2.0,4709,86.0,1,-1
train/malignant/melanoma_5466.jpg,train,malignant,1893,2.0,19132,78.0,1,-1
train/malignant/melanoma_5467.jpg,train,malignant,8554,88.0,17697,8.0,-1,1
train/malignant/melanoma_5468.jpg,train,malignant,2708,90.0,23820,82.0,-1,-1
train/malignant/melanoma_5469.jpg,train,malignant,1734,2.0,2356,86.0,1,-1
train/malignant/melanoma_5470.jpg,train,malignant,1892,2.0,12081,82.0,1,-1
train/malignant/melanoma_5471.jpg,train,malignant,1642,4.0,99,82.0,1,-1
train/malignant/melanoma_5472.jpg,train,malignant,1554,4.0,7229,84.0,1,-1
train/malignant/melanoma_5473.jpg,train,malignant,1447,2.0,5346,72.0,1,-1
train/malignant/melanoma_5474.jpg,train,malignant,1546,0.0,17457,86.0,1,-1
train/malignant/melanoma_5475.jpg,train,malignant,1553,2.0,30574,68.0,1,-1
train/malignant/melanoma_5476.jpg,train,malignant,1910,4.0,6157,60.0,1,-1
train/malignant/melanoma_5477.jpg,train,malignant,1689,2.0,957,88.0,1,-1
train/malignant/melanoma_5478.jpg,train,malignant,1880,4.0,6377,84.0,1,-1
train/malignant/melanoma_5479.jpg,train,malignant,7860,66.0,20879,66.0,-1,-1
train/malignant/melanoma_5480.jpg,train,malignant,1850,66.0,17891,2.0,-1,1
train/malignant/melanoma_5481.jpg,train,malignant,1810,0.0,18239,84.0,1,-1
train/malignant/melanoma_5482.jpg,train,malignant,1781,4.0,20611,74.0,1,-1
train/malignant/melanoma_5483.jpg,train,malignant,1544,2.0,171,82.0,1,-1
train/malignant/melanoma_5484.jpg,train,malignant,1601,0.0,21732,84.0,1,-1
train/malignant/melanoma_5485.jpg,train,malignant,1543,2.0,1969,80.0,1,-1
train/malignant/melanoma_5486.jpg,train,malignant,1597,0.0,23456,86.0,1,-1
train/malignant/melanoma_5487.jpg,train,malignant,1514,4.0,2662,88.0,1,-1
train/malignant/melanoma_5488.jpg,train,malignant,1483,0.0,20584,90.0,1,-1
train/malignant/melanoma_5489.jpg,train,malignant,1807,2.0,29388,88.0,1,-1
train/malignant/melanoma_5490.jpg,train,malignant,9133,66.0,28015,74.0,-1,-1
train/malignant/melanoma_5491.jpg,train,malignant,1660,2.0,1237,88.0,1,-1
train/malignant/melanoma_5492.jpg,train,malignant,8033,82.0,1913,86.0,-1,-1
train/malignant/melanoma_5493.jpg,train,malignant,9132,80.0,17997,0.0,-1,1
train/malignant/melanoma_5494.jpg,train,malignant,1927,2.0,27717,86.0,1,-1
train/malignant/melanoma_5495.jpg,train,malignant,1677,0.0,17730,80.0,1,-1
train/malignant/melanoma_5496.jpg,train,malignant,1645,2.0,544,72.0,1,-1
train/malignant/melanoma_5497.jpg,train,malignant,1681,2.0,18730,84.0,1,-1
train/malignant/melanoma_5498.jpg,train,malignant,1733,2.0,8987,68.0,1,-1
train/malignant/melanoma_5499.jpg,train,malignant,1837,0.0,1956,88.0,1,-1
train/malignant/melanoma_5500.jpg,train,malignant,2010,2.0,1184,94.0,1,-1
train/malignant/melanoma_5501.jpg,train,malignant,4688,90.0,30571,86.0,-1,-1
train/malignant/melanoma_5502.jpg,train,malignant,1541,4.0,16325,74.0,1,-1
train/malignant/melanoma_5503.jpg,train,malignant,1665,4.0,28548,76.0,1,-1
train/malignant/melanoma_5504.jpg,train,malignant,1917,0.0,23017,86.0,1,-1
train/malignant/melanoma_5505.jpg,train,malignant,720,92.0,18013,2.0,-1,1
train/malignant/melanoma_5506.jpg,train,malignant,1589,4.0,25051,82.0,1,-1
train/malignant/melanoma_5507.jpg,train,malignant,1884,2.0,25164,86.0,1,-1
train/malignant/melanoma_5508.jpg,train,malignant,1711,2.0,14767,60.0,1,-1
train/malignant/melanoma_5509.jpg,train,malignant,1562,2.0,30597,80.0,1,-1
train/malignant/melanoma_5510.jpg,train,malignant,1698,0.0,7870,84.0,1,-1
train/malignant/melanoma_5511.jpg,train,malignant,1641,2.0,24191,84.0,1,-1
train/malignant/melanoma_5512.jpg,train,malignant,8597,78.0,22694,70.0,-1,-1
train/malignant/melanoma_5513.jpg,train,malignant,1912,0.0,29151,88.0,1,-1
train/malignant/melanoma_5514.jpg,train,malignant,1217,2.0,1566,78.0,1,-1
train/malignant/melanoma_5515.jpg,train,malignant,1473,2.0,12718,88.0,1,-1
train/malignant/melanoma_5516.jpg,train,malignant,1599,2.0,3650,72.0,1,-1
train/malignant/melanoma_5517.jpg,train,malignant,3549,88.0,18120,2.0,-1,1
train/malignant/melanoma_5518.jpg,train,malignant,1591,4.0,10683,86.0,1,-1
train/malignant/melanoma_5519.jpg,train,malignant,1510,2.0,8682,76.0,1,-1
train/malignant/melanoma_5520.jpg,train,malignant,1540,4.0,23686,76.0,1,-1
train/malignant/melanoma_5521.jpg,train,malignant,1531,2.0,25013,84.0,1,-1
train/malignant/melanoma_5522.jpg,train,malignant,1622,0.0,22776,82.0,1,-1
train/malignant/melanoma_5523.jpg,train,malignant,5497,86.0,3585,92.0,-1,-1
train/malignant/melanoma_5524.jpg,train,malignant,1851,0.0,12123,82.0,1,-1
train/malignant/melanoma_5525.jpg,train,malignant,1571,4.0,30244,70.0,1,-1
train/malignant/melanoma_5526.jpg,train,malignant,1859,2.0,13480,78.0,1,-1
train/malignant/melanoma_5527.jpg,train,malignant,1456,4.0,26487,58.0,1,-1
train/malignant/melanoma_5528.jpg,train,malignant,1477,0.0,5305,82.0,1,-1
train/malignant/melanoma_5529.jpg,train,malignant,7206,86.0,18180,4.0,-1,1
train/malignant/melanoma_5530.jpg,train,malignant,1492,6.0,21123,74.0,1,-1
train/malignant/melanoma_5531.jpg,train,malignant,1783,2.0,7230,88.0,1,-1
train/malignant/melanoma_5532.jpg,train,malignant,1626,2.0,26208,70.0,1,-1
train/malignant/melanoma_5533.jpg,train,malignant,1699,4.0,13895,80.0,1,-1
train/malignant/melanoma_5534.jpg,train,malignant,4833,78.0,11937,84.0,-1,-1
train/malignant/melanoma_5535.jpg,train,malignant,1615,4.0,154,72.0,1,-1
train/malignant/melanoma_5536.jpg,train,malignant,1628,6.0,31900,82.0,1,-1
train/malignant/melanoma_5537.jpg,train,malignant,1867,0.0,27325,86.0,1,-1
train/malignant/melanoma_5538.jpg,train,malignant,1926,2.0,7621,84.0,1,-1
train/malignant/melanoma_5539.jpg,train,malignant,1873,0.0,25146,78.0,1,-1
train/malignant/melanoma_5540.jpg,train,malignant,1330,2.0,15759,90.0,1,-1
train/malignant/melanoma_5541.jpg,train,malignant,7133,82.0,18193,0.0,-1,1
train/malignant/melanoma_5542.jpg,train,malignant,2144,2.0,8000,88.0,1,-1
train/malignant/melanoma_5543.jpg,train,malignant,1784,0.0,5385,82.0,1,-1
train/malignant/melanoma_5544.jpg,train,malignant,1680,2.0,2724,80.0,1,-1
train/malignant/melanoma_5545.jpg,train,malignant,7321,82.0,10050,86.0,-1,-1
train/malignant/melanoma_5546.jpg,train,malignant,1412,2.0,31001,86.0,1,-1
train/malignant/melanoma_5547.jpg,train,malignant,1654,2.0,25876,88.0,1,-1
train/malignant/melanoma_5548.jpg,train,malignant,1731,2.0,9891,76.0,1,-1
train/malignant/melanoma_5549.jpg,train,malignant,1845,0.0,4555,88.0,1,-1
train/malignant/melanoma_5550.jpg,train,malignant,1708,2.0,12458,74.0,1,-1
train/malignant/melanoma_5551.jpg,train,malignant,1769,2.0,8108,86.0,1,-1
train/malignant/melanoma_5552.jpg,train,malignant,1485,2.0,22897,88.0,1,-1
train/malignant/melanoma_5553.jpg,train,malignant,199,90.0,18194,0.0,-1,1
train/malignant/melanoma_5554.jpg,train,malignant,1697,2.0,20300,70.0,1,-1
train/malignant/melanoma_5555.jpg,train,malignant,2069,2.0,354,86.0,1,-1
train/malignant/melanoma_5556.jpg,train,malignant,7315,72.0,28081,76.0,-1,-1
train/malignant/melanoma_5557.jpg,train,malignant,5175,90.0,19125,88.0,-1,-1
train/malignant/melanoma_5558.jpg,train,malignant,1792,0.0,10265,86.0,1,-1
train/malignant/melanoma_5559.jpg,train,malignant,1900,0.0,23691,80.0,1,-1
train/malignant/melanoma_5560.jpg,train,malignant,1849,2.0,13760,62.0,1,-1
train/malignant/melanoma_5561.jpg,train,malignant,1729,0.0,16380,72.0,1,-1
train/malignant/melanoma_5562.jpg,train,malignant,1611,4.0,9235,86.0,1,-1
train/malignant/melanoma_5563.jpg,train,malignant,1671,2.0,11667,72.0,1,-1
train/malignant/melanoma_5564.jpg,train,malignant,1856,0.0,32678,82.0,1,-1
train/malignant/melanoma_5565.jpg,train,malignant,1561,2.0,24790,74.0,1,-1
train/malignant/melanoma_5566.jpg,train,malignant,2118,90.0,18273,2.0,-1,1
train/malignant/melanoma_5567.jpg,train,malignant,1649,6.0,3859,66.0,1,-1
train/malignant/melanoma_5568.jpg,train,malignant,3016,94.0,28354,90.0,-1,-1
train/malignant/melanoma_5569.jpg,train,malignant,1826,4.0,6639,86.0,1,-1
train/malignant/melanoma_5570.jpg,train,malignant,1389,2.0,28615,88.0,1,-1
train/malignant/melanoma_5571.jpg,train,malignant,1463,2.0,20166,82.0,1,-1
train/malignant/melanoma_5572.jpg,train,malignant,1658,0.0,10952,64.0,1,-1
train/malignant/melanoma_5573.jpg,train,malignant,1843,0.0,26896,84.0,1,-1
train/malignant/melanoma_5574.jpg,train,malignant,1637,4.0,995,90.0,1,-1
train/malignant/melanoma_5575.jpg,train,malignant,1528,2.0,30499,68.0,1,-1
train/malignant/melanoma_5576.jpg,train,malignant,1696,2.0,26033,88.0,1,-1
train/malignant/melanoma_5577.jpg,train,malignant,1676,0.0,29832,84.0,1,-1
train/malignant/melanoma_5578.jpg,train,malignant,3339,94.0,18432,2.0,-1,1
train/malignant/melanoma_5579.jpg,train,malignant,5904,80.0,21721,78.0,-1,-1
train/malignant/melanoma_5580.jpg,train,malignant,1669,2.0,26233,90.0,1,-1
train/malignant/melanoma_5581.jpg,train,malignant,1633,4.0,4186,84.0,1,-1
train/malignant/melanoma_5582.jpg,train,malignant,1747,0.0,12592,82.0,1,-1
train/malignant/melanoma_5583.jpg,train,malignant,1262,0.0,9322,74.0,1,-1
train/malignant/melanoma_5584.jpg,train,malignant,1686,2.0,29598,76.0,1,-1
train/malignant/melanoma_5585.jpg,train,malignant,1580,4.0,3400,82.0,1,-1
train/malignant/melanoma_5586.jpg,train,malignant,1829,2.0,7610,82.0,1,-1
train/malignant/melanoma_5587.jpg,train,malignant,1605,2.0,4609,80.0,1,-1
train/malignant/melanoma_5588.jpg,train,malignant,1505,2.0,12162,72.0,1,-1
train/malignant/melanoma_5589.jpg,train,malignant,1480,2.0,13618,74.0,1,-1
train/malignant/melanoma_5590.jpg,train,malignant,5174,90.0,30673,88.0,-1,-1
train/malignant/melanoma_5591.jpg,train,malignant,5019,86.0,9551,4.0,-1,1
train/malignant/melanoma_5592.jpg,train,malignant,1650,0.0,5875,86.0,1,-1
train/malignant/melanoma_5593.jpg,train,malignant,1836,2.0,1831,74.0,1,-1
train/malignant/melanoma_5594.jpg,train,malignant,1536,4.0,10828,82.0,1,-1
train/malignant/melanoma_5595.jpg,train,malignant,1495,0.0,9955,86.0,1,-1
train/malignant/melanoma_5596.jpg,train,malignant,1325,2.0,28107,80.0,1,-1
train/malignant/melanoma_5597.jpg,train,malignant,1666,4.0,1936,86.0,1,-1
train/malignant/melanoma_5598.jpg,train,malignant,1655,0.0,7485,76.0,1,-1
train/malignant/melanoma_5599.jpg,train,malignant,1673,4.0,7958,88.0,1,-1
train/malignant/melanoma_5600.jpg,train,malignant,1516,2.0,32655,76.0,1,-1
train/malignant/melanoma_5601.jpg,train,malignant,6122,90.0,27756,90.0,-1,-1
train/malignant/melanoma_5602.jpg,train,malignant,1857,4.0,27235,88.0,1,-1
train/malignant/melanoma_5603.jpg,train,malignant,8516,90.0,18526,2.0,-1,1
train/malignant/melanoma_5604.jpg,train,malignant,1852,4.0,3317,84.0,1,-1
train/malignant/melanoma_5605.jpg,train,malignant,1882,2.0,12148,82.0,1,-1
train/malignant/melanoma_5606.jpg,train,malignant,1678,0.0,27295,84.0,1,-1
train/malignant/melanoma_5607.jpg,train,malignant,1742,6.0,26591,88.0,1,-1
train/malignant/melanoma_5608.jpg,train,malignant,1702,2.0,14821,80.0,1,-1
train/malignant/melanoma_5609.jpg,train,malignant,1272,2.0,4812,82.0,1,-1
train/malignant/melanoma_5610.jpg,train,malignant,1523,2.0,17278,90.0,1,-1
train/malignant/melanoma_5611.jpg,train,malignant,1790,4.0,16612,48.0,1,-1
train/malignant/melanoma_5612.jpg,train,malignant,9091,92.0,1943,88.0,-1,-1
train/malignant/melanoma_5613.jpg,train,malignant,1574,0.0,1103,90.0,1,-1
train/malignant/melanoma_5614.jpg,train,malignant,1755,2.0,17775,74.0,1,-1
train/malignant/melanoma_5615.jpg,train,malignant,7915,88.0,22032,86.0,-1,-1
train/malignant/melanoma_5616.jpg,train,malignant,2333,80.0,18542,6.0,-1,1
train/malignant/melanoma_5617.jpg,train,malignant,1895,0.0,27070,80.0,1,-1
train/malignant/melanoma_5618.jpg,train,malignant,1576,4.0,1912,80.0,1,-1
train/malignant/melanoma_5619.jpg,train,malignant,1559,2.0,8464,70.0,1,-1
train/malignant/melanoma_5620.jpg,train,malignant,1905,2.0,2798,88.0,1,-1
train/malignant/melanoma_5621.jpg,train,malignant,1503,2.0,12780,92.0,1,-1
train/malignant/melanoma_5622.jpg,train,malignant,1775,0.0,6668,86.0,1,-1
train/malignant/melanoma_5623.jpg,train,malignant,436,88.0,3006,84.0,-1,-1
train/malignant/melanoma_5624.jpg,train,malignant,2036,0.0,11921,84.0,1,-1
train/malignant/melanoma_5625.jpg,train,malignant,1684,2.0,4923,82.0,1,-1
train/malignant/melanoma_5626.jpg,train,malignant,1899,2.0,20164,86.0,1,-1
train/malignant/melanoma_5627.jpg,train,malignant,1662,0.0,25276,72.0,1,-1
train/malignant/melanoma_5628.jpg,train,malignant,165,84.0,18675,2.0,-1,1
train/malignant/melanoma_5629.jpg,train,malignant,1752,0.0,5716,86.0,1,-1
train/malignant/melanoma_5630.jpg,train,malignant,1537,4.0,7446,72.0,1,-1
train/malignant/melanoma_5631.jpg,train,malignant,1578,2.0,1820,64.0,1,-1
train/malignant/melanoma_5632.jpg,train,malignant,1577,0.0,15187,90.0,1,-1
train/malignant/melanoma_5633.jpg,train,malignant,1621,4.0,16711,68.0,1,-1
train/malignant/melanoma_5634.jpg,train,malignant,5393,88.0,10023,86.0,-1,-1
train/malignant/melanoma_5635.jpg,train,malignant,1878,0.0,5222,90.0,1,-1
train/malignant/melanoma_5636.jpg,train,malignant,1725,2.0,18325,74.0,1,-1
train/malignant/melanoma_5637.jpg,train,malignant,2286,2.0,5527,76.0,1,-1
train/malignant/melanoma_5638.jpg,train,malignant,1776,0.0,15466,80.0,1,-1
train/malignant/melanoma_5639.jpg,train,malignant,1625,4.0,9608,72.0,1,-1
train/malignant/melanoma_5640.jpg,train,malignant,5847,78.0,18733,4.0,-1,1
train/malignant/melanoma_5641.jpg,train,malignant,1522,2.0,9514,92.0,1,-1
train/malignant/melanoma_5642.jpg,train,malignant,1565,2.0,20410,90.0,1,-1
train/malignant/melanoma_5643.jpg,train,malignant,1721,2.0,8988,80.0,1,-1
train/malignant/melanoma_5644.jpg,train,malignant,1888,0.0,12081,70.0,1,-1
train/malignant/melanoma_5645.jpg,train,malignant,9591,92.0,13374,86.0,-1,-1
train/malignant/melanoma_5646.jpg,train,malignant,7492,90.0,11670,88.0,-1,-1
train/malignant/melanoma_5647.jpg,train,malignant,6434,82.0,16211,94.0,-1,-1
train/malignant/melanoma_5648.jpg,train,malignant,9460,84.0,5532,84.0,-1,-1
train/malignant/melanoma_5649.jpg,train,malignant,7001,88.0,4534,86.0,-1,-1
train/malignant/melanoma_5650.jpg,train,malignant,1930,2.0,26286,90.0,1,-1
train/malignant/melanoma_5651.jpg,train,malignant,787,92.0,11818,86.0,-1,-1
train/malignant/melanoma_5652.jpg,train,malignant,1061,94.0,18740,2.0,-1,1
train/malignant/melanoma_5653.jpg,train,malignant,121,94.0,3419,86.0,-1,-1
train/malignant/melanoma_5654.jpg,train,malignant,1296,92.0,7578,86.0,-1,-1
train/malignant/melanoma_5655.jpg,train,malignant,1989,86.0,30983,90.0,-1,-1
train/malignant/melanoma_5656.jpg,train,malignant,3982,78.0,1228,74.0,-1,-1
train/malignant/melanoma_5657.jpg,train,malignant,3523,88.0,21884,84.0,-1,-1
train/malignant/melanoma_5658.jpg,train,malignant,1078,92.0,29444,62.0,-1,-1
train/malignant/melanoma_5659.jpg,train,malignant,8604,76.0,9422,76.0,-1,-1
train/malignant/melanoma_5660.jpg,train,malignant,90,88.0,29444,80.0,-1,-1
train/malignant/melanoma_5661.jpg,train,malignant,6792,82.0,4485,74.0,-1,-1
train/malignant/melanoma_5662.jpg,train,malignant,3179,94.0,18330,94.0,-1,-1
train/malignant/melanoma_5663.jpg,train,malignant,2120,0.0,5006,72.0,1,-1
train/malignant/melanoma_5664.jpg,train,malignant,7133,80.0,18791,4.0,-1,1
train/malignant/melanoma_5665.jpg,train,malignant,7783,80.0,17423,80.0,-1,-1
train/malignant/melanoma_5666.jpg,train,malignant,1648,78.0,13345,82.0,-1,-1
train/malignant/melanoma_5667.jpg,train,malignant,1011,88.0,12617,90.0,-1,-1
train/malignant/melanoma_5668.jpg,train,malignant,5110,92.0,25088,88.0,-1,-1
train/malignant/melanoma_5669.jpg,train,malignant,3253,86.0,30684,90.0,-1,-1
train/malignant/melanoma_5670.jpg,train,malignant,8398,82.0,1668,80.0,-1,-1
train/malignant/melanoma_5671.jpg,train,malignant,5720,86.0,4180,90.0,-1,-1
train/malignant/melanoma_5672.jpg,train,malignant,403,96.0,8524,90.0,-1,-1
train/malignant/melanoma_5673.jpg,train,malignant,5691,90.0,9190,92.0,-1,-1
train/malignant/melanoma_5674.jpg,train,malignant,2137,90.0,1749,96.0,-1,-1
train/malignant/melanoma_5675.jpg,train,malignant,1672,90.0,17442,88.0,-1,-1
train/malignant/melanoma_5676.jpg,train,malignant,744,92.0,3417,88.0,-1,-1
train/malignant/melanoma_5677.jpg,train,malignant,7830,76.0,18797,4.0,-1,1
train/malignant/melanoma_5678.jpg,train,malignant,214,86.0,15563,88.0,-1,-1
train/malignant/melanoma_5679.jpg,train,malignant,513,90.0,7223,88.0,-1,-1
train/malignant/melanoma_5680.jpg,train,malignant,6768,80.0,8150,90.0,-1,-1
train/malignant/melanoma_5681.jpg,train,malignant,1661,88.0,19440,84.0,-1,-1
train/malignant/melanoma_5682.jpg,train,malignant,7490,78.0,8505,82.0,-1,-1
train/malignant/melanoma_5683.jpg,train,malignant,1387,86.0,24415,82.0,-1,-1
train/malignant/melanoma_5684.jpg,train,malignant,6056,82.0,3665,86.0,-1,-1
train/malignant/melanoma_5685.jpg,train,malignant,2638,72.0,8108,78.0,-1,-1
train/malignant/melanoma_5686.jpg,train,malignant,3203,92.0,30602,86.0,-1,-1
train/malignant/melanoma_5687.jpg,train,malignant,1075,88.0,14028,88.0,-1,-1
train/malignant/melanoma_5688.jpg,train,malignant,4281,86.0,17889,80.0,-1,-1
train/malignant/melanoma_5689.jpg,train,malignant,250,92.0,18827,2.0,-1,1
train/malignant/melanoma_5690.jpg,train,malignant,1099,78.0,2761,68.0,-1,-1
train/malignant/melanoma_5691.jpg,train,malignant,7623,86.0,1612,84.0,-1,-1
train/malignant/melanoma_5692.jpg,train,malignant,5106,90.0,10741,92.0,-1,-1
train/malignant/melanoma_5693.jpg,train,malignant,8672,90.0,15360,86.0,-1,-1
train/malignant/melanoma_5694.jpg,train,malignant,1943,78.0,1698,86.0,-1,-1
train/malignant/melanoma_5695.jpg,train,malignant,984,70.0,3677,78.0,-1,-1
train/malignant/melanoma_5696.jpg,train,malignant,2295,78.0,7352,82.0,-1,-1
train/malignant/melanoma_5697.jpg,train,malignant,7805,82.0,14357,82.0,-1,-1
train/malignant/melanoma_5698.jpg,train,malignant,871,94.0,18992,84.0,-1,-1
train/malignant/melanoma_5699.jpg,train,malignant,2410,82.0,5133,84.0,-1,-1
train/malignant/melanoma_5700.jpg,train,malignant,4703,94.0,32257,88.0,-1,-1
train/malignant/melanoma_5701.jpg,train,malignant,7852,86.0,12582,86.0,-1,-1
train/malignant/melanoma_5702.jpg,train,malignant,9447,80.0,18957,2.0,-1,1
train/malignant/melanoma_5703.jpg,train,malignant,1619,88.0,15918,82.0,-1,-1
train/malignant/melanoma_5704.jpg,train,malignant,1368,82.0,15443,80.0,-1,-1
train/malignant/melanoma_5705.jpg,train,malignant,4694,94.0,13217,92.0,-1,-1
train/malignant/melanoma_5706.jpg,train,malignant,893,78.0,32293,82.0,-1,-1
train/malignant/melanoma_5707.jpg,train,malignant,9442,94.0,10191,78.0,-1,-1
train/malignant/melanoma_5708.jpg,train,malignant,871,94.0,18992,84.0,-1,-1
train/malignant/melanoma_5709.jpg,train,malignant,1399,90.0,23632,90.0,-1,-1
train/malignant/melanoma_5710.jpg,train,malignant,7857,86.0,28867,92.0,-1,-1
train/malignant/melanoma_5711.jpg,train,malignant,90,90.0,29444,82.0,-1,-1
train/malignant/melanoma_5712.jpg,train,malignant,8731,86.0,26478,88.0,-1,-1
train/malignant/melanoma_5713.jpg,train,malignant,1769,80.0,8108,88.0,-1,-1
train/malignant/melanoma_5714.jpg,train,malignant,4263,92.0,19057,0.0,-1,1
train/malignant/melanoma_5715.jpg,train,malignant,6492,90.0,8953,94.0,-1,-1
train/malignant/melanoma_5716.jpg,train,malignant,6607,92.0,22656,92.0,-1,-1
train/malignant/melanoma_5717.jpg,train,malignant,4794,96.0,1785,92.0,-1,-1
train/malignant/melanoma_5718.jpg,train,malignant,1735,88.0,19751,78.0,-1,-1
train/malignant/melanoma_5719.jpg,train,malignant,6833,92.0,19189,86.0,-1,-1
train/malignant/melanoma_5720.jpg,train,malignant,4647,94.0,22371,96.0,-1,-1
train/malignant/melanoma_5721.jpg,train,malignant,66,92.0,29444,84.0,-1,-1
train/malignant/melanoma_5722.jpg,train,malignant,476,90.0,3170,88.0,-1,-1
train/malignant/melanoma_5723.jpg,train,malignant,7149,78.0,7927,78.0,-1,-1
train/malignant/melanoma_5724.jpg,train,malignant,65,96.0,19189,90.0,-1,-1
train/malignant/melanoma_5725.jpg,train,malignant,7560,74.0,10882,82.0,-1,-1
train/malignant/melanoma_5726.jpg,train,malignant,320,88.0,9554,2.0,-1,1
train/malignant/melanoma_5727.jpg,train,malignant,4710,92.0,18992,82.0,-1,-1
train/malignant/melanoma_5728.jpg,train,malignant,3943,90.0,1349,90.0,-1,-1
train/malignant/melanoma_5729.jpg,train,malignant,6999,92.0,19189,86.0,-1,-1
train/malignant/melanoma_5730.jpg,train,malignant,1950,86.0,28115,82.0,-1,-1
train/malignant/melanoma_5731.jpg,train,malignant,98,82.0,15958,86.0,-1,-1
train/malignant/melanoma_5732.jpg,train,malignant,1669,86.0,12874,88.0,-1,-1
train/malignant/melanoma_5733.jpg,train,malignant,1555,90.0,18492,88.0,-1,-1
train/malignant/melanoma_5734.jpg,train,malignant,5604,90.0,7137,88.0,-1,-1
train/malignant/melanoma_5735.jpg,train,malignant,3087,90.0,2557,92.0,-1,-1
train/malignant/melanoma_5736.jpg,train,malignant,2104,92.0,18492,86.0,-1,-1
train/malignant/melanoma_5737.jpg,train,malignant,1258,90.0,4360,88.0,-1,-1
train/malignant/melanoma_5738.jpg,train,malignant,6303,86.0,9372,76.0,-1,-1
train/malignant/melanoma_5739.jpg,train,malignant,7858,90.0,19173,2.0,-1,1
train/malignant/melanoma_5740.jpg,train,malignant,7365,80.0,9061,82.0,-1,-1
train/malignant/melanoma_5741.jpg,train,malignant,9064,90.0,1099,88.0,-1,-1
train/malignant/melanoma_5742.jpg,train,malignant,2407,86.0,27033,78.0,-1,-1
train/malignant/melanoma_5743.jpg,train,malignant,1832,94.0,3016,88.0,-1,-1
train/malignant/melanoma_5744.jpg,train,malignant,65,90.0,14047,92.0,-1,-1
train/malignant/melanoma_5745.jpg,train,malignant,5891,92.0,31847,88.0,-1,-1
train/malignant/melanoma_5746.jpg,train,malignant,1692,94.0,29073,90.0,-1,-1
train/malignant/melanoma_5747.jpg,train,malignant,5332,86.0,7377,86.0,-1,-1
train/malignant/melanoma_5748.jpg,train,malignant,199,80.0,27050,78.0,-1,-1
train/malignant/melanoma_5749.jpg,train,malignant,1721,88.0,8504,88.0,-1,-1
train/malignant/melanoma_5750.jpg,train,malignant,432,76.0,2062,86.0,-1,-1
train/malignant/melanoma_5751.jpg,train,malignant,1882,92.0,19175,0.0,-1,1
train/malignant/melanoma_5752.jpg,train,malignant,2668,92.0,27615,92.0,-1,-1
train/malignant/melanoma_5753.jpg,train,malignant,870,86.0,24460,90.0,-1,-1
train/malignant/melanoma_5754.jpg,train,malignant,1361,86.0,13303,86.0,-1,-1
train/malignant/melanoma_5755.jpg,train,malignant,842,74.0,10882,76.0,-1,-1
train/malignant/melanoma_5756.jpg,train,malignant,4156,80.0,12216,84.0,-1,-1
train/malignant/melanoma_5757.jpg,train,malignant,874,88.0,11153,78.0,-1,-1
train/malignant/melanoma_5758.jpg,train,malignant,7207,88.0,10335,90.0,-1,-1
train/malignant/melanoma_5759.jpg,train,malignant,806,70.0,11147,80.0,-1,-1
train/malignant/melanoma_5760.jpg,train,malignant,6656,92.0,11828,92.0,-1,-1
train/malignant/melanoma_5761.jpg,train,malignant,141,88.0,3748,80.0,-1,-1
train/malignant/melanoma_5762.jpg,train,malignant,1773,84.0,19180,84.0,-1,-1
train/malignant/melanoma_5763.jpg,train,malignant,2232,76.0,19180,4.0,-1,1
train/malignant/melanoma_5764.jpg,train,malignant,4681,92.0,18241,88.0,-1,-1
train/malignant/melanoma_5765.jpg,train,malignant,1289,88.0,24927,88.0,-1,-1
train/malignant/melanoma_5766.jpg,train,malignant,2127,72.0,3227,74.0,-1,-1
train/malignant/melanoma_5767.jpg,train,malignant,3584,86.0,15308,80.0,-1,-1
train/malignant/melanoma_5768.jpg,train,malignant,934,94.0,4994,94.0,-1,-1
train/malignant/melanoma_5769.jpg,train,malignant,8397,90.0,17462,82.0,-1,-1
train/malignant/melanoma_5770.jpg,train,malignant,6626,90.0,8428,90.0,-1,-1
train/malignant/melanoma_5771.jpg,train,malignant,5556,94.0,12536,90.0,-1,-1
train/malignant/melanoma_5772.jpg,train,malignant,307,78.0,23540,76.0,-1,-1
train/malignant/melanoma_5773.jpg,train,malignant,9378,94.0,1421,94.0,-1,-1
train/malignant/melanoma_5774.jpg,train,malignant,702,92.0,9972,86.0,-1,-1
train/malignant/melanoma_5775.jpg,train,malignant,1514,92.0,19249,2.0,-1,1
train/malignant/melanoma_5776.jpg,train,malignant,1141,94.0,2476,86.0,-1,-1
train/malignant/melanoma_5777.jpg,train,malignant,7873,86.0,9223,86.0,-1,-1
train/malignant/melanoma_5778.jpg,train,malignant,2239,92.0,17882,86.0,-1,-1
train/malignant/melanoma_5779.jpg,train,malignant,4072,90.0,1830,88.0,-1,-1
train/malignant/melanoma_5780.jpg,train,malignant,46,80.0,3273,78.0,-1,-1
train/malignant/melanoma_5781.jpg,train,malignant,1394,90.0,18475,88.0,-1,-1
train/malignant/melanoma_5782.jpg,train,malignant,7865,86.0,20879,86.0,-1,-1
train/malignant/melanoma_5783.jpg,train,malignant,9170,78.0,28011,78.0,-1,-1
train/malignant/melanoma_5784.jpg,train,malignant,862,88.0,13168,82.0,-1,-1
train/malignant/melanoma_5785.jpg,train,malignant,1780,86.0,2184,90.0,-1,-1
train/malignant/melanoma_5786.jpg,train,malignant,2050,94.0,6439,94.0,-1,-1
train/malignant/melanoma_5787.jpg,train,malignant,7636,84.0,5357,82.0,-1,-1
train/malignant/melanoma_5788.jpg,train,malignant,2375,86.0,19352,0.0,-1,1
train/malignant/melanoma_5789.jpg,train,malignant,588,80.0,317,64.0,-1,-1
train/malignant/melanoma_5790.jpg,train,malignant,4145,86.0,4467,88.0,-1,-1
train/malignant/melanoma_5791.jpg,train,malignant,8721,88.0,29444,60.0,-1,-1
train/malignant/melanoma_5792.jpg,train,malignant,2574,92.0,902,92.0,-1,-1
train/malignant/melanoma_5793.jpg,train,malignant,8267,90.0,7922,92.0,-1,-1
train/malignant/melanoma_5794.jpg,train,malignant,871,90.0,18992,82.0,-1,-1
train/malignant/melanoma_5795.jpg,train,malignant,9447,82.0,29131,72.0,-1,-1
train/malignant/melanoma_5796.jpg,train,malignant,90,92.0,29444,76.0,-1,-1
train/malignant/melanoma_5797.jpg,train,malignant,3755,84.0,16869,88.0,-1,-1
train/malignant/melanoma_5798.jpg,train,malignant,1618,86.0,22202,86.0,-1,-1
train/malignant/melanoma_5799.jpg,train,malignant,8681,80.0,5362,80.0,-1,-1
train/malignant/melanoma_5800.jpg,train,malignant,7639,80.0,19543,4.0,-1,1
train/malignant/melanoma_5801.jpg,train,malignant,7697,82.0,25671,88.0,-1,-1
train/malignant/melanoma_5802.jpg,train,malignant,5274,92.0,19189,76.0,-1,-1
train/malignant/melanoma_5803.jpg,train,malignant,1893,88.0,5026,88.0,-1,-1
train/malignant/melanoma_5804.jpg,train,malignant,20,90.0,4826,90.0,-1,-1
train/malignant/melanoma_5805.jpg,train,malignant,9323,74.0,14570,78.0,-1,-1
train/malignant/melanoma_5806.jpg,train,malignant,5761,90.0,8989,86.0,-1,-1
train/malignant/melanoma_5807.jpg,train,malignant,1391,92.0,4324,90.0,-1,-1
train/malignant/melanoma_5808.jpg,train,malignant,523,92.0,2656,88.0,-1,-1
train/malignant/melanoma_5809.jpg,train,malignant,8553,80.0,2782,78.0,-1,-1
train/malignant/melanoma_5810.jpg,train,malignant,611,92.0,19189,86.0,-1,-1
train/malignant/melanoma_5811.jpg,train,malignant,7894,88.0,993,88.0,-1,-1
train/malignant/melanoma_5812.jpg,train,malignant,4074,86.0,30186,88.0,-1,-1
train/malignant/melanoma_5813.jpg,train,malignant,2622,80.0,19655,2.0,-1,1
train/malignant/melanoma_5814.jpg,train,malignant,1231,88.0,6547,86.0,-1,-1
train/malignant/melanoma_5815.jpg,train,malignant,6607,90.0,18927,92.0,-1,-1
train/malignant/melanoma_5816.jpg,train,malignant,744,90.0,29444,66.0,-1,-1
train/malignant/melanoma_5817.jpg,train,malignant,90,86.0,24461,80.0,-1,-1
train/malignant/melanoma_5818.jpg,train,malignant,8408,76.0,10554,76.0,-1,-1
train/malignant/melanoma_5819.jpg,train,malignant,4717,90.0,29444,68.0,-1,-1
train/malignant/melanoma_5820.jpg,train,malignant,1949,88.0,27559,90.0,-1,-1
train/malignant/melanoma_5821.jpg,train,malignant,5012,84.0,19365,82.0,-1,-1
train/malignant/melanoma_5822.jpg,train,malignant,38,92.0,8428,92.0,-1,-1
train/malignant/melanoma_5823.jpg,train,malignant,618,90.0,2256,94.0,-1,-1
train/malignant/melanoma_5824.jpg,train,malignant,5634,88.0,8602,94.0,-1,-1
train/malignant/melanoma_5825.jpg,train,malignant,9533,86.0,19680,2.0,-1,1
train/malignant/melanoma_5826.jpg,train,malignant,1669,86.0,28799,88.0,-1,-1
train/malignant/melanoma_5827.jpg,train,malignant,8224,92.0,6240,96.0,-1,-1
train/malignant/melanoma_5828.jpg,train,malignant,20,92.0,29444,76.0,-1,-1
train/malignant/melanoma_5829.jpg,train,malignant,7450,86.0,29444,78.0,-1,-1
train/malignant/melanoma_5830.jpg,train,malignant,1492,76.0,5506,80.0,-1,-1
train/malignant/melanoma_5831.jpg,train,malignant,842,70.0,11147,82.0,-1,-1
train/malignant/melanoma_5832.jpg,train,malignant,6826,88.0,15360,72.0,-1,-1
train/malignant/melanoma_5833.jpg,train,malignant,1626,96.0,226,90.0,-1,-1
train/malignant/melanoma_5834.jpg,train,malignant,77,68.0,29786,82.0,-1,-1
train/malignant/melanoma_5835.jpg,train,malignant,878,84.0,2460,86.0,-1,-1
train/malignant/melanoma_5836.jpg,train,malignant,20,94.0,9949,88.0,-1,-1
train/malignant/melanoma_5837.jpg,train,malignant,7084,84.0,19773,0.0,-1,1
train/malignant/melanoma_5838.jpg,train,malignant,948,90.0,4561,94.0,-1,-1
train/malignant/melanoma_5839.jpg,train,malignant,5019,90.0,12735,90.0,-1,-1
train/malignant/melanoma_5840.jpg,train,malignant,1703,82.0,995,86.0,-1,-1
train/malignant/melanoma_5841.jpg,train,malignant,794,86.0,20889,90.0,-1,-1
train/malignant/melanoma_5842.jpg,train,malignant,20,92.0,18992,84.0,-1,-1
train/malignant/melanoma_5843.jpg,train,malignant,2595,84.0,28090,82.0,-1,-1
train/malignant/melanoma_5844.jpg,train,malignant,8020,74.0,11156,74.0,-1,-1
train/malignant/melanoma_5845.jpg,train,malignant,6829,86.0,21337,88.0,-1,-1
train/malignant/melanoma_5846.jpg,train,malignant,4544,74.0,4483,80.0,-1,-1
train/malignant/melanoma_5847.jpg,train,malignant,5948,94.0,4195,96.0,-1,-1
train/malignant/melanoma_5848.jpg,train,malignant,3597,82.0,18060,78.0,-1,-1
train/malignant/melanoma_5849.jpg,train,malignant,8404,86.0,19878,0.0,-1,1
train/malignant/melanoma_5850.jpg,train,malignant,4687,92.0,22209,90.0,-1,-1
train/malignant/melanoma_5851.jpg,train,malignant,7122,90.0,16422,88.0,-1,-1
train/malignant/melanoma_5852.jpg,train,malignant,6768,82.0,15779,82.0,-1,-1
train/malignant/melanoma_5853.jpg,train,malignant,550,98.0,5772,96.0,-1,-1
train/malignant/melanoma_5854.jpg,train,malignant,20,88.0,10191,84.0,-1,-1
train/malignant/melanoma_5855.jpg,train,malignant,4962,92.0,18992,78.0,-1,-1
train/malignant/melanoma_5856.jpg,train,malignant,7332,74.0,7994,78.0,-1,-1
train/malignant/melanoma_5857.jpg,train,malignant,4171,90.0,16804,88.0,-1,-1
train/malignant/melanoma_5858.jpg,train,malignant,314,88.0,2102,88.0,-1,-1
train/malignant/melanoma_5859.jpg,train,malignant,7288,92.0,5315,92.0,-1,-1
train/malignant/melanoma_5860.jpg,train,malignant,20,94.0,10191,84.0,-1,-1
train/malignant/melanoma_5861.jpg,train,malignant,3625,82.0,11315,76.0,-1,-1
train/malignant/melanoma_5862.jpg,train,malignant,7944,64.0,9567,2.0,-1,1
train/malignant/melanoma_5863.jpg,train,malignant,7134,84.0,29444,82.0,-1,-1
train/malignant/melanoma_5864.jpg,train,malignant,7474,86.0,8813,88.0,-1,-1
train/malignant/melanoma_5865.jpg,train,malignant,6289,90.0,3194,92.0,-1,-1
train/malignant/melanoma_5866.jpg,train,malignant,1247,92.0,16356,90.0,-1,-1
train/malignant/melanoma_5867.jpg,train,malignant,3829,76.0,15982,78.0,-1,-1
train/malignant/melanoma_5868.jpg,train,malignant,1945,94.0,12445,90.0,-1,-1
train/malignant/melanoma_5869.jpg,train,malignant,6125,90.0,23632,90.0,-1,-1
train/malignant/melanoma_5870.jpg,train,malignant,2394,80.0,7064,86.0,-1,-1
train/malignant/melanoma_5871.jpg,train,malignant,5274,92.0,4168,92.0,-1,-1
train/malignant/melanoma_5872.jpg,train,malignant,5203,74.0,2981,74.0,-1,-1
train/malignant/melanoma_5873.jpg,train,malignant,1821,94.0,2374,90.0,-1,-1
train/malignant/melanoma_5874.jpg,train,malignant,1980,94.0,19950,4.0,-1,1
train/malignant/melanoma_5875.jpg,train,malignant,880,86.0,7928,84.0,-1,-1
train/malignant/melanoma_5876.jpg,train,malignant,2548,82.0,23591,82.0,-1,-1
train/malignant/melanoma_5877.jpg,train,malignant,4572,92.0,10994,86.0,-1,-1
train/malignant/melanoma_5878.jpg,train,malignant,1900,82.0,23811,82.0,-1,-1
train/malignant/melanoma_5879.jpg,train,malignant,6605,84.0,31554,88.0,-1,-1
train/malignant/melanoma_5880.jpg,train,malignant,7001,84.0,3419,86.0,-1,-1
train/malignant/melanoma_5881.jpg,train,malignant,2781,82.0,1532,78.0,-1,-1
train/malignant/melanoma_5882.jpg,train,malignant,1680,86.0,28790,80.0,-1,-1
train/malignant/melanoma_5883.jpg,train,malignant,225,88.0,25583,88.0,-1,-1
train/malignant/melanoma_5884.jpg,train,malignant,1482,96.0,25008,94.0,-1,-1
train/malignant/melanoma_5885.jpg,train,malignant,9781,92.0,29944,90.0,-1,-1
train/malignant/melanoma_5886.jpg,train,malignant,3893,86.0,19986,8.0,-1,1
train/malignant/melanoma_5887.jpg,train,malignant,7105,78.0,24815,84.0,-1,-1
train/malignant/melanoma_5888.jpg,train,malignant,1754,88.0,1710,88.0,-1,-1
train/malignant/melanoma_5889.jpg,train,malignant,6661,88.0,8769,90.0,-1,-1
train/malignant/melanoma_5890.jpg,train,malignant,93,82.0,30260,84.0,-1,-1
train/malignant/melanoma_5891.jpg,train,malignant,5700,92.0,3193,92.0,-1,-1
train/malignant/melanoma_5892.jpg,train,malignant,5255,88.0,9820,88.0,-1,-1
train/malignant/melanoma_5893.jpg,train,malignant,4343,84.0,6174,88.0,-1,-1
train/malignant/melanoma_5894.jpg,train,malignant,9420,86.0,19981,78.0,-1,-1
train/malignant/melanoma_5895.jpg,train,malignant,1648,84.0,3110,84.0,-1,-1
train/malignant/melanoma_5896.jpg,train,malignant,69,92.0,11540,92.0,-1,-1
train/malignant/melanoma_5897.jpg,train,malignant,2548,74.0,25975,82.0,-1,-1
train/malignant/melanoma_5898.jpg,train,malignant,4028,92.0,11540,90.0,-1,-1
train/malignant/melanoma_5899.jpg,train,malignant,5583,90.0,19990,2.0,-1,1
train/malignant/melanoma_5900.jpg,train,malignant,1028,96.0,19189,82.0,-1,-1
train/malignant/melanoma_5901.jpg,train,malignant,1284,86.0,30212,86.0,-1,-1
train/malignant/melanoma_5902.jpg,train,malignant,9885,76.0,14640,80.0,-1,-1
train/malignant/melanoma_5903.jpg,train,malignant,7541,94.0,29404,90.0,-1,-1
train/malignant/melanoma_5904.jpg,train,malignant,1291,90.0,22005,88.0,-1,-1
train/malignant/melanoma_5905.jpg,train,malignant,3933,88.0,11384,90.0,-1,-1
train/malignant/melanoma_5906.jpg,train,malignant,99,98.0,3565,86.0,-1,-1
train/malignant/melanoma_5907.jpg,train,malignant,2007,90.0,1950,92.0,-1,-1
train/malignant/melanoma_5908.jpg,train,malignant,904,90.0,22667,86.0,-1,-1
train/malignant/melanoma_5909.jpg,train,malignant,2988,88.0,30141,86.0,-1,-1
train/malignant/melanoma_5910.jpg,train,malignant,6768,86.0,13729,86.0,-1,-1
train/malignant/melanoma_5911.jpg,train,malignant,2583,64.0,20274,0.0,-1,1
train/malignant/melanoma_5912.jpg,train,malignant,9643,90.0,18322,76.0,-1,-1
train/malignant/melanoma_5913.jpg,train,malignant,4989,88.0,7819,88.0,-1,-1
train/malignant/melanoma_5914.jpg,train,malignant,775,66.0,30751,74.0,-1,-1
train/malignant/melanoma_5915.jpg,train,malignant,6710,76.0,30751,74.0,-1,-1
train/malignant/melanoma_5916.jpg,train,malignant,3484,92.0,4923,90.0,-1,-1
train/malignant/melanoma_5917.jpg,train,malignant,20,92.0,29444,80.0,-1,-1
train/malignant/melanoma_5918.jpg,train,malignant,7888,80.0,17563,88.0,-1,-1
train/malignant/melanoma_5919.jpg,train,malignant,6686,78.0,18996,74.0,-1,-1
train/malignant/melanoma_5920.jpg,train,malignant,1218,92.0,27401,90.0,-1,-1
train/malignant/melanoma_5921.jpg,train,malignant,597,74.0,17413,78.0,-1,-1
train/malignant/melanoma_5922.jpg,train,malignant,6560,94.0,3493,92.0,-1,-1
train/malignant/melanoma_5923.jpg,train,malignant,2300,90.0,9925,84.0,-1,-1
train/malignant/melanoma_5924.jpg,train,malignant,7085,86.0,20309,0.0,-1,1
train/malignant/melanoma_5925.jpg,train,malignant,5204,92.0,16484,90.0,-1,-1
train/malignant/melanoma_5926.jpg,train,malignant,350,92.0,28564,88.0,-1,-1
train/malignant/melanoma_5927.jpg,train,malignant,794,88.0,6224,90.0,-1,-1
train/malignant/melanoma_5928.jpg,train,malignant,1249,84.0,4750,90.0,-1,-1
train/malignant/melanoma_5929.jpg,train,malignant,9587,88.0,29402,86.0,-1,-1
train/malignant/melanoma_5930.jpg,train,malignant,9725,88.0,2101,90.0,-1,-1
train/malignant/melanoma_5931.jpg,train,malignant,2597,88.0,12233,88.0,-1,-1
train/malignant/melanoma_5932.jpg,train,malignant,1861,94.0,11754,94.0,-1,-1
train/malignant/melanoma_5933.jpg,train,malignant,4020,94.0,20178,90.0,-1,-1
train/malignant/melanoma_5934.jpg,train,malignant,1913,90.0,13493,90.0,-1,-1
train/malignant/melanoma_5935.jpg,train,malignant,5696,94.0,19189,88.0,-1,-1
train/malignant/melanoma_5936.jpg,train,malignant,877,84.0,20365,2.0,-1,1
train/malignant/melanoma_5937.jpg,train,malignant,7792,80.0,7643,88.0,-1,-1
train/malignant/melanoma_5938.jpg,train,malignant,871,84.0,18992,86.0,-1,-1
train/malignant/melanoma_5939.jpg,train,malignant,7546,86.0,32288,80.0,-1,-1
train/malignant/melanoma_5940.jpg,train,malignant,780,94.0,30902,90.0,-1,-1
train/malignant/melanoma_5941.jpg,train,malignant,1626,74.0,20071,70.0,-1,-1
train/malignant/melanoma_5942.jpg,train,malignant,7178,78.0,30577,74.0,-1,-1
train/malignant/melanoma_5943.jpg,train,malignant,571,94.0,20280,88.0,-1,-1
train/malignant/melanoma_5944.jpg,train,malignant,2462,90.0,24144,84.0,-1,-1
train/malignant/melanoma_5945.jpg,train,malignant,3355,90.0,30197,90.0,-1,-1
train/malignant/melanoma_5946.jpg,train,malignant,5,84.0,10191,86.0,-1,-1
train/malignant/melanoma_5947.jpg,train,malignant,6294,92.0,19220,88.0,-1,-1
train/malignant/melanoma_5948.jpg,train,malignant,6945,82.0,20381,2.0,-1,1
train/malignant/melanoma_5949.jpg,train,malignant,9188,90.0,11795,92.0,-1,-1
train/malignant/melanoma_5950.jpg,train,malignant,5847,84.0,21874,86.0,-1,-1
train/malignant/melanoma_5951.jpg,train,malignant,959,92.0,16962,90.0,-1,-1
train/malignant/melanoma_5952.jpg,train,malignant,1832,80.0,19723,90.0,-1,-1
train/malignant/melanoma_5953.jpg,train,malignant,5046,88.0,15828,90.0,-1,-1
train/malignant/melanoma_5954.jpg,train,malignant,7688,84.0,17385,84.0,-1,-1
train/malignant/melanoma_5955.jpg,train,malignant,4598,90.0,1490,92.0,-1,-1
train/malignant/melanoma_5956.jpg,train,malignant,34,76.0,24372,76.0,-1,-1
train/malignant/melanoma_5957.jpg,train,malignant,7166,80.0,17538,78.0,-1,-1
train/malignant/melanoma_5958.jpg,train,malignant,90,90.0,15360,80.0,-1,-1
train/malignant/melanoma_5959.jpg,train,malignant,2522,84.0,2209,88.0,-1,-1
train/malignant/melanoma_5960.jpg,train,malignant,9035,82.0,20393,6.0,-1,1
train/malignant/melanoma_5961.jpg,train,malignant,1841,92.0,19189,84.0,-1,-1
train/malignant/melanoma_5962.jpg,train,malignant,2878,80.0,879,82.0,-1,-1
train/malignant/melanoma_5963.jpg,train,malignant,1408,92.0,23939,88.0,-1,-1
train/malignant/melanoma_5964.jpg,train,malignant,4394,92.0,3742,96.0,-1,-1
train/malignant/melanoma_5965.jpg,train,malignant,1807,98.0,19189,90.0,-1,-1
train/malignant/melanoma_5966.jpg,train,malignant,94,90.0,3958,86.0,-1,-1
train/malignant/melanoma_5967.jpg,train,malignant,106,86.0,23224,90.0,-1,-1
train/malignant/melanoma_5968.jpg,train,malignant,8403,94.0,19746,92.0,-1,-1
train/malignant/melanoma_5969.jpg,train,malignant,5,92.0,19110,88.0,-1,-1
train/malignant/melanoma_5970.jpg,train,malignant,6088,74.0,13831,80.0,-1,-1
train/malignant/melanoma_5971.jpg,train,malignant,2578,88.0,1698,88.0,-1,-1
train/malignant/melanoma_5972.jpg,train,malignant,3183,92.0,20445,2.0,-1,1
train/malignant/melanoma_5973.jpg,train,malignant,7281,88.0,9604,86.0,-1,-1
train/malignant/melanoma_5974.jpg,train,malignant,1059,86.0,11373,80.0,-1,-1
train/malignant/melanoma_5975.jpg,train,malignant,1553,84.0,7278,84.0,-1,-1
train/malignant/melanoma_5976.jpg,train,malignant,5829,94.0,13392,92.0,-1,-1
train/malignant/melanoma_5977.jpg,train,malignant,4171,88.0,25547,92.0,-1,-1
train/malignant/melanoma_5978.jpg,train,malignant,1685,90.0,9078,86.0,-1,-1
train/malignant/melanoma_5979.jpg,train,malignant,3755,92.0,6475,88.0,-1,-1
train/malignant/melanoma_5980.jpg,train,malignant,5019,74.0,10073,74.0,-1,-1
train/malignant/melanoma_5981.jpg,train,malignant,6862,48.0,6593,48.0,-1,-1
train/malignant/melanoma_5982.jpg,train,malignant,5129,92.0,31294,90.0,-1,-1
train/malignant/melanoma_5983.jpg,train,malignant,4944,92.0,14037,88.0,-1,-1
train/malignant/melanoma_5984.jpg,train,malignant,9238,78.0,22243,76.0,-1,-1
train/malignant/melanoma_5985.jpg,train,malignant,8397,92.0,20476,2.0,-1,1
train/malignant/melanoma_5986.jpg,train,malignant,1671,82.0,9765,80.0,-1,-1
train/malignant/melanoma_5987.jpg,train,malignant,9686,84.0,6000,88.0,-1,-1
train/malignant/melanoma_5988.jpg,train,malignant,1023,94.0,1439,84.0,-1,-1
train/malignant/melanoma_5989.jpg,train,malignant,8691,86.0,20990,82.0,-1,-1
train/malignant/melanoma_5990.jpg,train,malignant,9675,90.0,10162,86.0,-1,-1
train/malignant/melanoma_5991.jpg,train,malignant,2595,74.0,4485,76.0,-1,-1
train/malignant/melanoma_5992.jpg,train,malignant,4333,88.0,13484,90.0,-1,-1
train/malignant/melanoma_5993.jpg,train,malignant,8777,76.0,12170,74.0,-1,-1
train/malignant/melanoma_5994.jpg,train,malignant,9491,84.0,29444,76.0,-1,-1
train/malignant/melanoma_5995.jpg,train,malignant,2766,76.0,2293,80.0,-1,-1
train/malignant/melanoma_5996.jpg,train,malignant,1850,78.0,20048,72.0,-1,-1
train/malignant/melanoma_5997.jpg,train,malignant,6310,84.0,8773,0.0,-1,1
train/malignant/melanoma_5998.jpg,train,malignant,12,82.0,6410,80.0,-1,-1
train/malignant/melanoma_5999.jpg,train,malignant,1545,84.0,13785,80.0,-1,-1
train/malignant/melanoma_6000.jpg,train,malignant,1499,86.0,6668,92.0,-1,-1
train/malignant/melanoma_6001.jpg,train,malignant,4560,90.0,6992,90.0,-1,-1
train/malignant/melanoma_6002.jpg,train,malignant,3139,92.0,28142,94.0,-1,-1
train/malignant/melanoma_6003.jpg,train,malignant,237,96.0,15833,90.0,-1,-1
train/malignant/melanoma_6004.jpg,train,malignant,9790,86.0,3544,86.0,-1,-1
train/malignant/melanoma_6005.jpg,train,malignant,4718,92.0,1900,92.0,-1,-1
train/malignant/melanoma_6006.jpg,train,malignant,1055,90.0,19189,86.0,-1,-1
train/malignant/melanoma_6007.jpg,train,malignant,4246,96.0,1586,90.0,-1,-1
train/malignant/melanoma_6008.jpg,train,malignant,3537,92.0,844,92.0,-1,-1
train/malignant/melanoma_6009.jpg,train,malignant,3459,94.0,17974,94.0,-1,-1
train/malignant/melanoma_6010.jpg,train,malignant,5395,86.0,9601,4.0,-1,1
train/malignant/melanoma_6011.jpg,train,malignant,871,90.0,18992,78.0,-1,-1
train/malignant/melanoma_6012.jpg,train,malignant,4087,86.0,18350,84.0,-1,-1
train/malignant/melanoma_6013.jpg,train,malignant,7712,92.0,1963,90.0,-1,-1
train/malignant/melanoma_6014.jpg,train,malignant,1868,84.0,22701,86.0,-1,-1
train/malignant/melanoma_6015.jpg,train,malignant,6738,90.0,10191,86.0,-1,-1
train/malignant/melanoma_6016.jpg,train,malignant,6395,78.0,27447,82.0,-1,-1
train/malignant/melanoma_6017.jpg,train,malignant,2739,92.0,10191,74.0,-1,-1
train/malignant/melanoma_6018.jpg,train,malignant,5637,78.0,32650,86.0,-1,-1
train/malignant/melanoma_6019.jpg,train,malignant,4322,90.0,987,90.0,-1,-1
train/malignant/melanoma_6020.jpg,train,malignant,6695,72.0,21375,72.0,-1,-1
train/malignant/melanoma_6021.jpg,train,malignant,307,76.0,14514,86.0,-1,-1
train/malignant/melanoma_6022.jpg,train,malignant,8865,70.0,20500,8.0,-1,1
train/malignant/melanoma_6023.jpg,train,malignant,6502,86.0,8545,84.0,-1,-1
train/malignant/melanoma_6024.jpg,train,malignant,8887,86.0,9251,86.0,-1,-1
train/malignant/melanoma_6025.jpg,train,malignant,3772,94.0,19189,94.0,-1,-1
train/malignant/melanoma_6026.jpg,train,malignant,5236,84.0,1902,80.0,-1,-1
train/malignant/melanoma_6027.jpg,train,malignant,90,86.0,9339,82.0,-1,-1
train/malignant/melanoma_6028.jpg,train,malignant,2879,86.0,28050,76.0,-1,-1
train/malignant/melanoma_6029.jpg,train,malignant,261,94.0,22330,88.0,-1,-1
train/malignant/melanoma_6030.jpg,train,malignant,582,86.0,13227,86.0,-1,-1
train/malignant/melanoma_6031.jpg,train,malignant,7943,86.0,25810,86.0,-1,-1
train/malignant/melanoma_6032.jpg,train,malignant,9152,78.0,29240,74.0,-1,-1
train/malignant/melanoma_6033.jpg,train,malignant,2948,94.0,11194,92.0,-1,-1
train/malignant/melanoma_6034.jpg,train,malignant,167,82.0,21605,88.0,-1,-1
train/malignant/melanoma_6035.jpg,train,malignant,180,88.0,20568,2.0,-1,1
train/malignant/melanoma_6036.jpg,train,malignant,7884,82.0,3323,82.0,-1,-1
train/malignant/melanoma_6037.jpg,train,malignant,2153,92.0,7512,90.0,-1,-1
train/malignant/melanoma_6038.jpg,train,malignant,7670,84.0,32559,80.0,-1,-1
train/malignant/melanoma_6039.jpg,train,malignant,460,90.0,145,90.0,-1,-1
train/malignant/melanoma_6040.jpg,train,malignant,4040,88.0,5219,90.0,-1,-1
train/malignant/melanoma_6041.jpg,train,malignant,1142,92.0,11382,86.0,-1,-1
train/malignant/melanoma_6042.jpg,train,malignant,3751,74.0,2682,82.0,-1,-1
train/malignant/melanoma_6043.jpg,train,malignant,2355,82.0,28193,82.0,-1,-1
train/malignant/melanoma_6044.jpg,train,malignant,4011,88.0,27682,88.0,-1,-1
train/malignant/melanoma_6045.jpg,train,malignant,286,92.0,31388,88.0,-1,-1
train/malignant/melanoma_6046.jpg,train,malignant,5456,84.0,12456,82.0,-1,-1
train/malignant/melanoma_6047.jpg,train,malignant,8691,88.0,20607,2.0,-1,1
train/malignant/melanoma_6048.jpg,train,malignant,3654,84.0,870,84.0,-1,-1
train/malignant/melanoma_6049.jpg,train,malignant,1855,90.0,16436,90.0,-1,-1
train/malignant/melanoma_6050.jpg,train,malignant,3418,90.0,17366,94.0,-1,-1
train/malignant/melanoma_6051.jpg,train,malignant,8427,90.0,29444,84.0,-1,-1
train/malignant/melanoma_6052.jpg,train,malignant,7418,90.0,8636,82.0,-1,-1
train/malignant/melanoma_6053.jpg,train,malignant,4737,90.0,24267,92.0,-1,-1
train/malignant/melanoma_6054.jpg,train,malignant,4121,88.0,5970,88.0,-1,-1
train/malignant/melanoma_6055.jpg,train,malignant,1984,90.0,5457,90.0,-1,-1
train/malignant/melanoma_6056.jpg,train,malignant,1836,84.0,27859,82.0,-1,-1
train/malignant/melanoma_6057.jpg,train,malignant,7621,66.0,24139,72.0,-1,-1
train/malignant/melanoma_6058.jpg,train,malignant,1703,94.0,2767,92.0,-1,-1
train/malignant/melanoma_6059.jpg,train,malignant,9011,82.0,20733,2.0,-1,1
train/malignant/melanoma_6060.jpg,train,malignant,7294,84.0,1803,78.0,-1,-1
train/malignant/melanoma_6061.jpg,train,malignant,5026,90.0,20299,78.0,-1,-1
train/malignant/melanoma_6062.jpg,train,malignant,8427,82.0,21368,74.0,-1,-1
train/malignant/melanoma_6063.jpg,train,malignant,5289,86.0,588,88.0,-1,-1
train/malignant/melanoma_6064.jpg,train,malignant,9362,92.0,9461,88.0,-1,-1
train/malignant/melanoma_6065.jpg,train,malignant,2518,92.0,8407,88.0,-1,-1
train/malignant/melanoma_6066.jpg,train,malignant,8179,88.0,1838,86.0,-1,-1
train/malignant/melanoma_6067.jpg,train,malignant,5499,88.0,10686,82.0,-1,-1
train/malignant/melanoma_6068.jpg,train,malignant,1170,78.0,3812,74.0,-1,-1
train/malignant/melanoma_6069.jpg,train,malignant,794,82.0,14640,86.0,-1,-1
train/malignant/melanoma_6070.jpg,train,malignant,3192,92.0,10713,92.0,-1,-1
train/malignant/melanoma_6071.jpg,train,malignant,8516,82.0,20743,2.0,-1,1
train/malignant/melanoma_6072.jpg,train,malignant,2127,86.0,13258,90.0,-1,-1
train/malignant/melanoma_6073.jpg,train,malignant,842,72.0,14640,80.0,-1,-1
train/malignant/melanoma_6074.jpg,train,malignant,702,88.0,29444,80.0,-1,-1
train/malignant/melanoma_6075.jpg,train,malignant,806,84.0,11147,78.0,-1,-1
train/malignant/melanoma_6076.jpg,train,malignant,7873,84.0,7718,88.0,-1,-1
train/malignant/melanoma_6077.jpg,train,malignant,1721,94.0,1106,92.0,-1,-1
train/malignant/melanoma_6078.jpg,train,malignant,4344,88.0,12901,86.0,-1,-1
train/malignant/melanoma_6079.jpg,train,malignant,1678,90.0,31899,86.0,-1,-1
train/malignant/melanoma_6080.jpg,train,malignant,6206,88.0,27927,94.0,-1,-1
train/malignant/melanoma_6081.jpg,train,malignant,7750,70.0,29829,80.0,-1,-1
train/malignant/melanoma_6082.jpg,train,malignant,7193,84.0,6392,84.0,-1,-1
train/malignant/melanoma_6083.jpg,train,malignant,1624,80.0,20758,2.0,-1,1
train/malignant/melanoma_6084.jpg,train,malignant,1170,78.0,9028,74.0,-1,-1
train/malignant/melanoma_6085.jpg,train,malignant,1780,84.0,14493,90.0,-1,-1
train/malignant/melanoma_6086.jpg,train,malignant,7584,90.0,29444,68.0,-1,-1
train/malignant/melanoma_6087.jpg,train,malignant,25,86.0,29809,82.0,-1,-1
train/malignant/melanoma_6088.jpg,train,malignant,8341,92.0,6854,92.0,-1,-1
train/malignant/melanoma_6089.jpg,train,malignant,29,86.0,23318,88.0,-1,-1
train/malignant/melanoma_6090.jpg,train,malignant,8989,86.0,15199,84.0,-1,-1
train/malignant/melanoma_6091.jpg,train,malignant,6606,90.0,8641,90.0,-1,-1
train/malignant/melanoma_6092.jpg,train,malignant,308,92.0,20117,92.0,-1,-1
train/malignant/melanoma_6093.jpg,train,malignant,9908,86.0,7235,86.0,-1,-1
train/malignant/melanoma_6094.jpg,train,malignant,5172,84.0,29770,82.0,-1,-1
train/malignant/melanoma_6095.jpg,train,malignant,4016,92.0,20874,0.0,-1,1
train/malignant/melanoma_6096.jpg,train,malignant,1723,90.0,29444,74.0,-1,-1
train/malignant/melanoma_6097.jpg,train,malignant,903,86.0,23209,78.0,-1,-1
train/malignant/melanoma_6098.jpg,train,malignant,3061,94.0,11276,84.0,-1,-1
train/malignant/melanoma_6099.jpg,train,malignant,124,74.0,14806,82.0,-1,-1
train/malignant/melanoma_6100.jpg,train,malignant,570,98.0,5768,94.0,-1,-1
train/malignant/melanoma_6101.jpg,train,malignant,7614,90.0,2465,92.0,-1,-1
train/malignant/melanoma_6102.jpg,train,malignant,7919,86.0,529,90.0,-1,-1
train/malignant/melanoma_6103.jpg,train,malignant,9525,88.0,17877,86.0,-1,-1
train/malignant/melanoma_6104.jpg,train,malignant,2061,94.0,13646,86.0,-1,-1
train/malignant/melanoma_6105.jpg,train,malignant,878,86.0,8576,78.0,-1,-1
train/malignant/melanoma_6106.jpg,train,malignant,3559,88.0,19189,82.0,-1,-1
train/malignant/melanoma_6107.jpg,train,malignant,1167,60.0,14558,76.0,-1,-1
train/malignant/melanoma_6108.jpg,train,malignant,7459,72.0,20889,0.0,-1,1
train/malignant/melanoma_6109.jpg,train,malignant,2356,90.0,1740,90.0,-1,-1
train/malignant/melanoma_6110.jpg,train,malignant,6524,92.0,17758,92.0,-1,-1
train/malignant/melanoma_6111.jpg,train,malignant,1773,90.0,15974,84.0,-1,-1
train/malignant/melanoma_6112.jpg,train,malignant,770,86.0,29428,82.0,-1,-1
train/malignant/melanoma_6113.jpg,train,malignant,1631,90.0,5790,92.0,-1,-1
train/malignant/melanoma_6114.jpg,train,malignant,1737,86.0,8216,86.0,-1,-1
train/malignant/melanoma_6115.jpg,train,malignant,7093,92.0,9314,90.0,-1,-1
train/malignant/melanoma_6116.jpg,train,malignant,1217,86.0,3003,86.0,-1,-1
train/malignant/melanoma_6117.jpg,train,malignant,2180,86.0,13679,82.0,-1,-1
train/malignant/melanoma_6118.jpg,train,malignant,5307,94.0,11931,92.0,-1,-1
train/malignant/melanoma_6119.jpg,train,malignant,6501,74.0,16671,74.0,-1,-1
train/malignant/melanoma_6120.jpg,train,malignant,2265,68.0,7584,66.0,-1,-1
train/malignant/melanoma_6121.jpg,train,malignant,1868,80.0,8671,82.0,-1,-1
train/malignant/melanoma_6122.jpg,train,malignant,7124,76.0,20891,2.0,-1,1
train/malignant/melanoma_6123.jpg,train,malignant,5185,66.0,3499,72.0,-1,-1
train/malignant/melanoma_6124.jpg,train,malignant,4585,74.0,17945,80.0,-1,-1
train/malignant/melanoma_6125.jpg,train,malignant,8677,86.0,11058,90.0,-1,-1
train/malignant/melanoma_6126.jpg,train,malignant,8672,92.0,29444,72.0,-1,-1
train/malignant/melanoma_6127.jpg,train,malignant,1361,86.0,20879,78.0,-1,-1
train/malignant/melanoma_6128.jpg,train,malignant,9395,86.0,6881,86.0,-1,-1
train/malignant/melanoma_6129.jpg,train,malignant,1240,88.0,28781,84.0,-1,-1
train/malignant/melanoma_6130.jpg,train,malignant,835,82.0,11147,82.0,-1,-1
train/malignant/melanoma_6131.jpg,train,malignant,2295,84.0,8108,82.0,-1,-1
train/malignant/melanoma_6132.jpg,train,malignant,7086,80.0,21884,80.0,-1,-1
train/malignant/melanoma_6133.jpg,train,malignant,184,84.0,5302,80.0,-1,-1
train/malignant/melanoma_6134.jpg,train,malignant,1749,92.0,20917,0.0,-1,1
train/malignant/melanoma_6135.jpg,train,malignant,775,86.0,8966,82.0,-1,-1
train/malignant/melanoma_6136.jpg,train,malignant,72,88.0,26402,80.0,-1,-1
train/malignant/melanoma_6137.jpg,train,malignant,564,94.0,29444,86.0,-1,-1
train/malignant/melanoma_6138.jpg,train,malignant,1036,92.0,21440,88.0,-1,-1
train/malignant/melanoma_6139.jpg,train,malignant,1451,88.0,7660,82.0,-1,-1
train/malignant/melanoma_6140.jpg,train,malignant,1317,86.0,6860,84.0,-1,-1
train/malignant/melanoma_6141.jpg,train,malignant,7637,90.0,22020,82.0,-1,-1
train/malignant/melanoma_6142.jpg,train,malignant,1347,84.0,2691,88.0,-1,-1
train/malignant/melanoma_6143.jpg,train,malignant,181,84.0,8103,88.0,-1,-1
train/malignant/melanoma_6144.jpg,train,malignant,6889,86.0,1204,86.0,-1,-1
train/malignant/melanoma_6145.jpg,train,malignant,823,88.0,29041,80.0,-1,-1
train/malignant/melanoma_6146.jpg,train,malignant,8421,84.0,19051,88.0,-1,-1
train/malignant/melanoma_6147.jpg,train,malignant,1595,90.0,9651,2.0,-1,1
train/malignant/melanoma_6148.jpg,train,malignant,2263,94.0,20199,94.0,-1,-1
train/malignant/melanoma_6149.jpg,train,malignant,1132,86.0,17142,80.0,-1,-1
train/malignant/melanoma_6150.jpg,train,malignant,862,88.0,12990,86.0,-1,-1
train/malignant/melanoma_6151.jpg,train,malignant,9460,78.0,14640,76.0,-1,-1
train/malignant/melanoma_6152.jpg,train,malignant,7234,92.0,2307,90.0,-1,-1
train/malignant/melanoma_6153.jpg,train,malignant,7055,74.0,19105,80.0,-1,-1
train/malignant/melanoma_6154.jpg,train,malignant,8386,88.0,5733,86.0,-1,-1
train/malignant/melanoma_6155.jpg,train,malignant,2392,92.0,4326,92.0,-1,-1
train/malignant/melanoma_6156.jpg,train,malignant,6877,86.0,4077,86.0,-1,-1
train/malignant/melanoma_6157.jpg,train,malignant,5830,90.0,27808,90.0,-1,-1
train/malignant/melanoma_6158.jpg,train,malignant,7035,88.0,3117,80.0,-1,-1
train/malignant/melanoma_6159.jpg,train,malignant,7428,80.0,21080,2.0,-1,1
train/malignant/melanoma_6160.jpg,train,malignant,9586,84.0,19877,84.0,-1,-1
train/malignant/melanoma_6161.jpg,train,malignant,5,84.0,29444,76.0,-1,-1
train/malignant/melanoma_6162.jpg,train,malignant,1578,88.0,3383,90.0,-1,-1
train/malignant/melanoma_6163.jpg,train,malignant,7840,84.0,7514,78.0,-1,-1
train/malignant/melanoma_6164.jpg,train,malignant,2119,86.0,19189,92.0,-1,-1
train/malignant/melanoma_6165.jpg,train,malignant,7536,78.0,7721,88.0,-1,-1
train/malignant/melanoma_6166.jpg,train,malignant,1813,88.0,28081,88.0,-1,-1
train/malignant/melanoma_6167.jpg,train,malignant,2587,84.0,31226,88.0,-1,-1
train/malignant/melanoma_6168.jpg,train,malignant,5448,90.0,7172,88.0,-1,-1
train/malignant/melanoma_6169.jpg,train,malignant,7873,80.0,362,80.0,-1,-1
train/malignant/melanoma_6170.jpg,train,malignant,2687,90.0,24998,86.0,-1,-1
train/malignant/melanoma_6171.jpg,train,malignant,828,84.0,21228,0.0,-1,1
train/malignant/melanoma_6172.jpg,train,malignant,4199,84.0,30650,78.0,-1,-1
train/malignant/melanoma_6173.jpg,train,malignant,682,86.0,11267,90.0,-1,-1
train/malignant/melanoma_6174.jpg,train,malignant,7942,92.0,12226,90.0,-1,-1
train/malignant/melanoma_6175.jpg,train,malignant,1073,92.0,29444,76.0,-1,-1
train/malignant/melanoma_6176.jpg,train,malignant,2124,88.0,31102,80.0,-1,-1
train/malignant/melanoma_6177.jpg,train,malignant,744,90.0,6636,82.0,-1,-1
train/malignant/melanoma_6178.jpg,train,malignant,4962,94.0,11540,88.0,-1,-1
train/malignant/melanoma_6179.jpg,train,malignant,1451,2.0,25716,84.0,1,-1
train/malignant/melanoma_6180.jpg,train,malignant,2929,90.0,26054,88.0,-1,-1
train/malignant/melanoma_6181.jpg,train,malignant,893,86.0,16823,82.0,-1,-1
train/malignant/melanoma_6182.jpg,train,malignant,2494,88.0,4583,92.0,-1,-1
train/malignant/melanoma_6183.jpg,train,malignant,6747,88.0,21229,0.0,-1,1
train/malignant/melanoma_6184.jpg,train,malignant,7128,86.0,15510,86.0,-1,-1
train/malignant/melanoma_6185.jpg,train,malignant,90,88.0,29444,64.0,-1,-1
train/malignant/melanoma_6186.jpg,train,malignant,865,82.0,15359,70.0,-1,-1
train/malignant/melanoma_6187.jpg,train,malignant,2609,76.0,18647,78.0,-1,-1
train/malignant/melanoma_6188.jpg,train,malignant,3628,92.0,25664,90.0,-1,-1
train/malignant/melanoma_6189.jpg,train,malignant,620,92.0,19489,86.0,-1,-1
train/malignant/melanoma_6190.jpg,train,malignant,2130,0.0,29993,66.0,1,-1
train/malignant/melanoma_6191.jpg,train,malignant,33,88.0,1182,80.0,-1,-1
train/malignant/melanoma_6192.jpg,train,malignant,1650,88.0,5647,84.0,-1,-1
train/malignant/melanoma_6193.jpg,train,malignant,869,74.0,4843,78.0,-1,-1
train/malignant/melanoma_6194.jpg,train,malignant,903,84.0,1023,88.0,-1,-1
train/malignant/melanoma_6195.jpg,train,malignant,6044,86.0,21274,2.0,-1,1
train/malignant/melanoma_6196.jpg,train,malignant,9240,88.0,15826,86.0,-1,-1
train/malignant/melanoma_6197.jpg,train,malignant,884,92.0,10609,92.0,-1,-1
train/malignant/melanoma_6198.jpg,train,malignant,794,86.0,6000,82.0,-1,-1
train/malignant/melanoma_6199.jpg,train,malignant,7736,88.0,18211,86.0,-1,-1
train/malignant/melanoma_6200.jpg,train,malignant,842,80.0,3791,84.0,-1,-1
train/malignant/melanoma_6201.jpg,train,malignant,1332,90.0,20759,88.0,-1,-1
train/malignant/melanoma_6202.jpg,train,malignant,9706,92.0,13765,94.0,-1,-1
train/malignant/melanoma_6203.jpg,train,malignant,6213,90.0,7178,92.0,-1,-1
train/malignant/melanoma_6204.jpg,train,malignant,1538,94.0,9972,80.0,-1,-1
train/malignant/melanoma_6205.jpg,train,malignant,9201,84.0,28469,84.0,-1,-1
train/malignant/melanoma_6206.jpg,train,malignant,1638,92.0,18992,82.0,-1,-1
train/malignant/melanoma_6207.jpg,train,malignant,8292,84.0,21285,2.0,-1,1
train/malignant/melanoma_6208.jpg,train,malignant,107,72.0,130,60.0,-1,-1
train/malignant/melanoma_6209.jpg,train,malignant,773,86.0,8964,84.0,-1,-1
train/malignant/melanoma_6210.jpg,train,malignant,9134,84.0,11783,82.0,-1,-1
train/malignant/melanoma_6211.jpg,train,malignant,7542,90.0,4219,86.0,-1,-1
train/malignant/melanoma_6212.jpg,train,malignant,1327,2.0,32264,76.0,1,-1
train/malignant/melanoma_6213.jpg,train,malignant,6768,84.0,19949,88.0,-1,-1
train/malignant/melanoma_6214.jpg,train,malignant,7665,82.0,14640,80.0,-1,-1
train/malignant/melanoma_6215.jpg,train,malignant,9753,94.0,19189,84.0,-1,-1
train/malignant/melanoma_6216.jpg,train,malignant,6647,94.0,11003,94.0,-1,-1
train/malignant/melanoma_6217.jpg,train,malignant,756,94.0,19422,92.0,-1,-1
train/malignant/melanoma_6218.jpg,train,malignant,8975,86.0,14493,78.0,-1,-1
train/malignant/melanoma_6219.jpg,train,malignant,5960,84.0,21300,4.0,-1,1
train/malignant/melanoma_6220.jpg,train,malignant,9701,84.0,19418,78.0,-1,-1
train/malignant/melanoma_6221.jpg,train,malignant,5983,78.0,154,82.0,-1,-1
train/malignant/melanoma_6222.jpg,train,malignant,1552,94.0,5773,90.0,-1,-1
train/malignant/melanoma_6223.jpg,train,malignant,7150,76.0,14796,74.0,-1,-1
train/malignant/melanoma_6224.jpg,train,malignant,2126,2.0,24373,92.0,1,-1
train/malignant/melanoma_6225.jpg,train,malignant,871,94.0,10191,76.0,-1,-1
train/malignant/melanoma_6226.jpg,train,malignant,1779,72.0,8342,68.0,-1,-1
train/malignant/melanoma_6227.jpg,train,malignant,3164,88.0,23632,84.0,-1,-1
train/malignant/melanoma_6228.jpg,train,malignant,1107,82.0,14640,70.0,-1,-1
train/malignant/melanoma_6229.jpg,train,malignant,2855,92.0,19189,80.0,-1,-1
train/malignant/melanoma_6230.jpg,train,malignant,7915,90.0,2507,90.0,-1,-1
train/malignant/melanoma_6231.jpg,train,malignant,7569,70.0,30608,80.0,-1,-1
train/malignant/melanoma_6232.jpg,train,malignant,7219,86.0,10850,84.0,-1,-1
train/malignant/melanoma_6233.jpg,train,malignant,7650,84.0,21325,4.0,-1,1
train/malignant/melanoma_6234.jpg,train,malignant,408,92.0,25679,86.0,-1,-1
train/malignant/melanoma_6235.jpg,train,malignant,2241,2.0,20616,86.0,1,-1
train/malignant/melanoma_6236.jpg,train,malignant,1289,88.0,15167,88.0,-1,-1
train/malignant/melanoma_6237.jpg,train,malignant,27,92.0,18846,84.0,-1,-1
train/malignant/melanoma_6238.jpg,train,malignant,4705,84.0,992,92.0,-1,-1
train/malignant/melanoma_6239.jpg,train,malignant,5539,76.0,6071,84.0,-1,-1
train/malignant/melanoma_6240.jpg,train,malignant,6191,90.0,16890,92.0,-1,-1
train/malignant/melanoma_6241.jpg,train,malignant,2247,90.0,1349,82.0,-1,-1
train/malignant/melanoma_6242.jpg,train,malignant,6892,90.0,26124,88.0,-1,-1
train/malignant/melanoma_6243.jpg,train,malignant,2826,90.0,1183,92.0,-1,-1
train/malignant/melanoma_6244.jpg,train,malignant,1258,86.0,5704,88.0,-1,-1
train/malignant/melanoma_6245.jpg,train,malignant,8033,78.0,21360,2.0,-1,1
train/malignant/melanoma_6246.jpg,train,malignant,2082,2.0,20815,88.0,1,-1
train/malignant/melanoma_6247.jpg,train,malignant,90,80.0,23420,88.0,-1,-1
train/malignant/melanoma_6248.jpg,train,malignant,723,88.0,29444,70.0,-1,-1
train/malignant/melanoma_6249.jpg,train,malignant,5176,88.0,8626,94.0,-1,-1
train/malignant/melanoma_6250.jpg,train,malignant,1073,92.0,2493,90.0,-1,-1
train/malignant/melanoma_6251.jpg,train,malignant,20,86.0,29444,70.0,-1,-1
train/malignant/melanoma_6252.jpg,train,malignant,6820,76.0,7857,76.0,-1,-1
train/malignant/melanoma_6253.jpg,train,malignant,7750,88.0,15998,84.0,-1,-1
train/malignant/melanoma_6254.jpg,train,malignant,3276,86.0,19664,90.0,-1,-1
train/malignant/melanoma_6255.jpg,train,malignant,81,88.0,26230,84.0,-1,-1
train/malignant/melanoma_6256.jpg,train,malignant,2161,82.0,13825,82.0,-1,-1
train/malignant/melanoma_6257.jpg,train,malignant,1248,2.0,23209,76.0,1,-1
train/malignant/melanoma_6258.jpg,train,malignant,2808,80.0,21373,4.0,-1,1
train/malignant/melanoma_6259.jpg,train,malignant,871,94.0,10191,84.0,-1,-1
train/malignant/melanoma_6260.jpg,train,malignant,842,70.0,14005,78.0,-1,-1
train/malignant/melanoma_6261.jpg,train,malignant,9318,80.0,18251,78.0,-1,-1
train/malignant/melanoma_6262.jpg,train,malignant,4970,86.0,8406,90.0,-1,-1
train/malignant/melanoma_6263.jpg,train,malignant,7764,92.0,31362,90.0,-1,-1
train/malignant/melanoma_6264.jpg,train,malignant,236,90.0,17477,90.0,-1,-1
train/malignant/melanoma_6265.jpg,train,malignant,5697,88.0,27461,90.0,-1,-1
train/malignant/melanoma_6266.jpg,train,malignant,1780,86.0,10192,84.0,-1,-1
train/malignant/melanoma_6267.jpg,train,malignant,1119,88.0,24557,86.0,-1,-1
train/malignant/melanoma_6268.jpg,train,malignant,2292,82.0,3329,74.0,-1,-1
train/malignant/melanoma_6269.jpg,train,malignant,2269,90.0,11019,94.0,-1,-1
train/malignant/melanoma_6270.jpg,train,malignant,1714,84.0,21378,2.0,-1,1
train/malignant/melanoma_6271.jpg,train,malignant,1118,90.0,12674,90.0,-1,-1
train/malignant/melanoma_6272.jpg,train,malignant,7595,80.0,5,80.0,-1,-1
train/malignant/melanoma_6273.jpg,train,malignant,1519,88.0,656,92.0,-1,-1
train/malignant/melanoma_6274.jpg,train,malignant,7114,62.0,27046,76.0,-1,-1
train/malignant/melanoma_6275.jpg,train,malignant,9492,90.0,29444,78.0,-1,-1
train/malignant/melanoma_6276.jpg,train,malignant,4252,90.0,25386,90.0,-1,-1
train/malignant/melanoma_6277.jpg,train,malignant,185,78.0,9412,78.0,-1,-1
train/malignant/melanoma_6278.jpg,train,malignant,6607,88.0,18653,86.0,-1,-1
train/malignant/melanoma_6279.jpg,train,malignant,1400,0.0,7839,78.0,1,-1
train/malignant/melanoma_6280.jpg,train,malignant,4700,82.0,26306,84.0,-1,-1
train/malignant/melanoma_6281.jpg,train,malignant,2471,84.0,18616,84.0,-1,-1
train/malignant/melanoma_6282.jpg,train,malignant,4369,82.0,9679,4.0,-1,1
train/malignant/melanoma_6283.jpg,train,malignant,6415,88.0,20838,88.0,-1,-1
train/malignant/melanoma_6284.jpg,train,malignant,5759,92.0,265,90.0,-1,-1
train/malignant/melanoma_6285.jpg,train,malignant,2804,70.0,2277,76.0,-1,-1
train/malignant/melanoma_6286.jpg,train,malignant,4521,86.0,24035,94.0,-1,-1
train/malignant/melanoma_6287.jpg,train,malignant,9394,82.0,10857,86.0,-1,-1
train/malignant/melanoma_6288.jpg,train,malignant,307,90.0,20524,82.0,-1,-1
train/malignant/melanoma_6289.jpg,train,malignant,377,78.0,21394,72.0,-1,-1
train/malignant/melanoma_6290.jpg,train,malignant,2271,0.0,1337,76.0,1,-1
train/malignant/melanoma_6291.jpg,train,malignant,6069,74.0,16164,80.0,-1,-1
train/malignant/melanoma_6292.jpg,train,malignant,7503,72.0,5883,70.0,-1,-1
train/malignant/melanoma_6293.jpg,train,malignant,6452,88.0,5418,88.0,-1,-1
train/malignant/melanoma_6294.jpg,train,malignant,1711,88.0,21439,0.0,-1,1
train/malignant/melanoma_6295.jpg,train,malignant,820,76.0,434,86.0,-1,-1
train/malignant/melanoma_6296.jpg,train,malignant,25,88.0,25423,80.0,-1,-1
train/malignant/melanoma_6297.jpg,train,malignant,6704,84.0,12560,88.0,-1,-1
train/malignant/melanoma_6298.jpg,train,malignant,1658,90.0,19973,86.0,-1,-1
train/malignant/melanoma_6299.jpg,train,malignant,20,90.0,22413,86.0,-1,-1
train/malignant/melanoma_6300.jpg,train,malignant,1972,84.0,17946,90.0,-1,-1
train/malignant/melanoma_6301.jpg,train,malignant,1958,2.0,25262,92.0,1,-1
train/malignant/melanoma_6302.jpg,train,malignant,7434,90.0,24142,86.0,-1,-1
train/malignant/melanoma_6303.jpg,train,malignant,2119,92.0,11687,90.0,-1,-1
train/malignant/melanoma_6304.jpg,train,malignant,874,88.0,30608,82.0,-1,-1
train/malignant/melanoma_6305.jpg,train,malignant,980,86.0,10853,84.0,-1,-1
train/malignant/melanoma_6306.jpg,train,malignant,259,90.0,21462,0.0,-1,1
train/malignant/melanoma_6307.jpg,train,malignant,7208,74.0,18269,74.0,-1,-1
train/malignant/melanoma_6308.jpg,train,malignant,9675,90.0,10162,86.0,-1,-1
train/malignant/melanoma_6309.jpg,train,malignant,7407,84.0,19189,86.0,-1,-1
train/malignant/melanoma_6310.jpg,train,malignant,203,82.0,32426,80.0,-1,-1
train/malignant/melanoma_6311.jpg,train,malignant,3175,90.0,15107,90.0,-1,-1
train/malignant/melanoma_6312.jpg,train,malignant,1932,6.0,19897,90.0,1,-1
train/malignant/melanoma_6313.jpg,train,malignant,20,86.0,29444,78.0,-1,-1
train/malignant/melanoma_6314.jpg,train,malignant,217,88.0,17598,90.0,-1,-1
train/malignant/melanoma_6315.jpg,train,malignant,5373,88.0,2655,86.0,-1,-1
train/malignant/melanoma_6316.jpg,train,malignant,3557,94.0,159,92.0,-1,-1
train/malignant/melanoma_6317.jpg,train,malignant,382,92.0,16091,90.0,-1,-1
train/malignant/melanoma_6318.jpg,train,malignant,3232,92.0,21549,2.0,-1,1
train/malignant/melanoma_6319.jpg,train,malignant,7773,94.0,5929,90.0,-1,-1
train/malignant/melanoma_6320.jpg,train,malignant,8796,86.0,18336,90.0,-1,-1
train/malignant/melanoma_6321.jpg,train,malignant,128,86.0,8108,84.0,-1,-1
train/malignant/melanoma_6322.jpg,train,malignant,2669,92.0,5369,94.0,-1,-1
train/malignant/melanoma_6323.jpg,train,malignant,9241,86.0,23320,84.0,-1,-1
train/malignant/melanoma_6324.jpg,train,malignant,900,90.0,23515,88.0,-1,-1
train/malignant/melanoma_6325.jpg,train,malignant,5873,92.0,27507,92.0,-1,-1
train/malignant/melanoma_6326.jpg,train,malignant,7438,70.0,24790,54.0,-1,-1
train/malignant/melanoma_6327.jpg,train,malignant,877,90.0,6035,86.0,-1,-1
train/malignant/melanoma_6328.jpg,train,malignant,7099,78.0,10180,80.0,-1,-1
train/malignant/melanoma_6329.jpg,train,malignant,307,88.0,5805,88.0,-1,-1
train/malignant/melanoma_6330.jpg,train,malignant,8516,82.0,20743,2.0,-1,1
train/malignant/melanoma_6331.jpg,train,malignant,748,92.0,10096,86.0,-1,-1
train/malignant/melanoma_6332.jpg,train,malignant,173,76.0,8108,78.0,-1,-1
train/malignant/melanoma_6333.jpg,train,malignant,3211,86.0,16749,82.0,-1,-1
train/malignant/melanoma_6334.jpg,train,malignant,2714,90.0,16823,88.0,-1,-1
train/malignant/melanoma_6335.jpg,train,malignant,1280,82.0,10191,86.0,-1,-1
train/malignant/melanoma_6336.jpg,train,malignant,8574,88.0,10118,92.0,-1,-1
train/malignant/melanoma_6337.jpg,train,malignant,6873,84.0,18965,88.0,-1,-1
train/malignant/melanoma_6338.jpg,train,malignant,6777,84.0,4969,82.0,-1,-1
train/malignant/melanoma_6339.jpg,train,malignant,1758,94.0,26344,92.0,-1,-1
train/malignant/melanoma_6340.jpg,train,malignant,1078,92.0,29444,48.0,-1,-1
train/malignant/melanoma_6341.jpg,train,malignant,1170,80.0,3812,76.0,-1,-1
train/malignant/melanoma_6342.jpg,train,malignant,684,88.0,18992,80.0,-1,-1
train/malignant/melanoma_6343.jpg,train,malignant,5599,82.0,21661,2.0,-1,1
train/malignant/melanoma_6344.jpg,train,malignant,6690,90.0,30057,88.0,-1,-1
train/malignant/melanoma_6345.jpg,train,malignant,7922,72.0,32699,62.0,-1,-1
train/malignant/melanoma_6346.jpg,train,malignant,1250,6.0,29306,52.0,1,-1
train/malignant/melanoma_6347.jpg,train,malignant,65,90.0,28766,86.0,-1,-1
train/malignant/melanoma_6348.jpg,train,malignant,30,92.0,2585,88.0,-1,-1
train/malignant/melanoma_6349.jpg,train,malignant,611,94.0,19189,92.0,-1,-1
train/malignant/melanoma_6350.jpg,train,malignant,613,92.0,14099,90.0,-1,-1
train/malignant/melanoma_6351.jpg,train,malignant,3375,90.0,28086,92.0,-1,-1
train/malignant/melanoma_6352.jpg,train,malignant,862,88.0,8877,86.0,-1,-1
train/malignant/melanoma_6353.jpg,train,malignant,7866,90.0,6899,92.0,-1,-1
train/malignant/melanoma_6354.jpg,train,malignant,2036,82.0,17062,86.0,-1,-1
train/malignant/melanoma_6355.jpg,train,malignant,1000,84.0,1237,82.0,-1,-1
train/malignant/melanoma_6356.jpg,train,malignant,8110,62.0,21699,2.0,-1,1
train/malignant/melanoma_6357.jpg,train,malignant,1674,0.0,4752,90.0,1,-1
train/malignant/melanoma_6358.jpg,train,malignant,2613,70.0,21837,76.0,-1,-1
train/malignant/melanoma_6359.jpg,train,malignant,1518,86.0,5194,90.0,-1,-1
train/malignant/melanoma_6360.jpg,train,malignant,5354,76.0,1639,80.0,-1,-1
train/malignant/melanoma_6361.jpg,train,malignant,2430,86.0,30800,92.0,-1,-1
train/malignant/melanoma_6362.jpg,train,malignant,245,88.0,16807,82.0,-1,-1
train/malignant/melanoma_6363.jpg,train,malignant,6083,88.0,16899,88.0,-1,-1
train/malignant/melanoma_6364.jpg,train,malignant,7410,74.0,8108,78.0,-1,-1
train/malignant/melanoma_6365.jpg,train,malignant,2409,92.0,3974,82.0,-1,-1
train/malignant/melanoma_6366.jpg,train,malignant,3,86.0,30608,76.0,-1,-1
train/malignant/melanoma_6367.jpg,train,malignant,7166,88.0,5056,88.0,-1,-1
train/malignant/melanoma_6368.jpg,train,malignant,1416,2.0,3979,76.0,1,-1
train/malignant/melanoma_6369.jpg,train,malignant,6682,68.0,21707,2.0,-1,1
train/malignant/melanoma_6370.jpg,train,malignant,9044,88.0,1269,94.0,-1,-1
train/malignant/melanoma_6371.jpg,train,malignant,121,86.0,12487,88.0,-1,-1
train/malignant/melanoma_6372.jpg,train,malignant,20,88.0,29444,72.0,-1,-1
train/malignant/melanoma_6373.jpg,train,malignant,53,80.0,1468,70.0,-1,-1
train/malignant/melanoma_6374.jpg,train,malignant,20,88.0,2537,76.0,-1,-1
train/malignant/melanoma_6375.jpg,train,malignant,322,94.0,6071,90.0,-1,-1
train/malignant/melanoma_6376.jpg,train,malignant,597,88.0,780,88.0,-1,-1
train/malignant/melanoma_6377.jpg,train,malignant,7703,84.0,18992,82.0,-1,-1
train/malignant/melanoma_6378.jpg,train,malignant,794,90.0,6458,88.0,-1,-1
train/malignant/melanoma_6379.jpg,train,malignant,2071,0.0,24015,82.0,1,-1
train/malignant/melanoma_6380.jpg,train,malignant,5027,88.0,19401,88.0,-1,-1
train/malignant/melanoma_6381.jpg,train,malignant,1601,86.0,21732,2.0,-1,1
train/malignant/melanoma_6382.jpg,train,malignant,4090,94.0,11323,92.0,-1,-1
train/malignant/melanoma_6383.jpg,train,malignant,4962,92.0,19189,82.0,-1,-1
train/malignant/melanoma_6384.jpg,train,malignant,9680,80.0,10296,84.0,-1,-1
train/malignant/melanoma_6385.jpg,train,malignant,7001,82.0,23169,82.0,-1,-1
train/malignant/melanoma_6386.jpg,train,malignant,6211,92.0,6293,90.0,-1,-1
train/malignant/melanoma_6387.jpg,train,malignant,4299,90.0,24265,88.0,-1,-1
train/malignant/melanoma_6388.jpg,train,malignant,4361,90.0,20136,86.0,-1,-1
train/malignant/melanoma_6389.jpg,train,malignant,2394,82.0,2894,88.0,-1,-1
train/malignant/melanoma_6390.jpg,train,malignant,2061,2.0,11800,88.0,1,-1
train/malignant/melanoma_6391.jpg,train,malignant,734,86.0,26841,84.0,-1,-1
train/malignant/melanoma_6392.jpg,train,malignant,8255,88.0,29415,92.0,-1,-1
train/malignant/melanoma_6393.jpg,train,malignant,462,90.0,21846,2.0,-1,1
train/malignant/melanoma_6394.jpg,train,malignant,5071,90.0,3807,82.0,-1,-1
train/malignant/melanoma_6395.jpg,train,malignant,775,82.0,10914,84.0,-1,-1
train/malignant/melanoma_6396.jpg,train,malignant,3654,84.0,14258,84.0,-1,-1
train/malignant/melanoma_6397.jpg,train,malignant,5001,90.0,25789,86.0,-1,-1
train/malignant/melanoma_6398.jpg,train,malignant,798,88.0,939,88.0,-1,-1
train/malignant/melanoma_6399.jpg,train,malignant,651,92.0,16672,84.0,-1,-1
train/malignant/melanoma_6400.jpg,train,malignant,7091,92.0,27214,92.0,-1,-1
train/malignant/melanoma_6401.jpg,train,malignant,1429,2.0,14915,82.0,1,-1
train/malignant/melanoma_6402.jpg,train,malignant,7770,86.0,5238,86.0,-1,-1
train/malignant/melanoma_6403.jpg,train,malignant,862,88.0,13118,82.0,-1,-1
train/malignant/melanoma_6404.jpg,train,malignant,2508,70.0,5929,76.0,-1,-1
train/malignant/melanoma_6405.jpg,train,malignant,6771,46.0,21904,4.0,-1,1
train/malignant/melanoma_6406.jpg,train,malignant,7114,78.0,23924,82.0,-1,-1
train/malignant/melanoma_6407.jpg,train,malignant,172,88.0,8979,84.0,-1,-1
train/malignant/melanoma_6408.jpg,train,malignant,7362,84.0,10396,84.0,-1,-1
train/malignant/melanoma_6409.jpg,train,malignant,1996,96.0,12379,92.0,-1,-1
train/malignant/melanoma_6410.jpg,train,malignant,1157,92.0,4904,98.0,-1,-1
train/malignant/melanoma_6411.jpg,train,malignant,167,94.0,19189,86.0,-1,-1
train/malignant/melanoma_6412.jpg,train,malignant,7239,84.0,28529,72.0,-1,-1
train/malignant/melanoma_6413.jpg,train,malignant,7243,74.0,3335,76.0,-1,-1
train/malignant/melanoma_6414.jpg,train,malignant,9838,74.0,11147,82.0,-1,-1
train/malignant/melanoma_6415.jpg,train,malignant,8672,86.0,4928,84.0,-1,-1
train/malignant/melanoma_6416.jpg,train,malignant,650,96.0,2803,94.0,-1,-1
train/malignant/melanoma_6417.jpg,train,malignant,1170,76.0,9722,4.0,-1,1
train/malignant/melanoma_6418.jpg,train,malignant,8100,92.0,28302,92.0,-1,-1
train/malignant/melanoma_6419.jpg,train,malignant,1601,94.0,6851,94.0,-1,-1
train/malignant/melanoma_6420.jpg,train,malignant,615,94.0,270,96.0,-1,-1
train/malignant/melanoma_6421.jpg,train,malignant,3972,88.0,2341,90.0,-1,-1
train/malignant/melanoma_6422.jpg,train,malignant,8543,94.0,20497,88.0,-1,-1
train/malignant/melanoma_6423.jpg,train,malignant,1275,0.0,31227,88.0,1,-1
train/malignant/melanoma_6424.jpg,train,malignant,4883,92.0,18992,80.0,-1,-1
train/malignant/melanoma_6425.jpg,train,malignant,2638,76.0,32142,82.0,-1,-1
train/malignant/melanoma_6426.jpg,train,malignant,8392,92.0,6854,92.0,-1,-1
train/malignant/melanoma_6427.jpg,train,malignant,5005,86.0,19266,90.0,-1,-1
train/malignant/melanoma_6428.jpg,train,malignant,5759,94.0,31584,88.0,-1,-1
train/malignant/melanoma_6429.jpg,train,malignant,8604,70.0,21918,0.0,-1,1
train/malignant/melanoma_6430.jpg,train,malignant,8840,84.0,27321,74.0,-1,-1
train/malignant/melanoma_6431.jpg,train,malignant,6115,68.0,27697,62.0,-1,-1
train/malignant/melanoma_6432.jpg,train,malignant,3205,90.0,29385,90.0,-1,-1
train/malignant/melanoma_6433.jpg,train,malignant,42,66.0,10590,80.0,-1,-1
train/malignant/melanoma_6434.jpg,train,malignant,2060,4.0,18053,86.0,1,-1
train/malignant/melanoma_6435.jpg,train,malignant,167,94.0,18828,88.0,-1,-1
train/malignant/melanoma_6436.jpg,train,malignant,7264,86.0,28515,84.0,-1,-1
train/malignant/melanoma_6437.jpg,train,malignant,3948,84.0,4103,86.0,-1,-1
train/malignant/melanoma_6438.jpg,train,malignant,9035,92.0,698,88.0,-1,-1
train/malignant/melanoma_6439.jpg,train,malignant,463,92.0,18992,82.0,-1,-1
train/malignant/melanoma_6440.jpg,train,malignant,5572,94.0,8902,90.0,-1,-1
train/malignant/melanoma_6441.jpg,train,malignant,2273,92.0,21921,4.0,-1,1
train/malignant/melanoma_6442.jpg,train,malignant,322,96.0,13912,94.0,-1,-1
train/malignant/melanoma_6443.jpg,train,malignant,6313,88.0,2807,88.0,-1,-1
train/malignant/melanoma_6444.jpg,train,malignant,6869,90.0,32042,84.0,-1,-1
train/malignant/melanoma_6445.jpg,train,malignant,4705,92.0,1273,88.0,-1,-1
train/malignant/melanoma_6446.jpg,train,malignant,1966,2.0,21635,84.0,1,-1
train/malignant/melanoma_6447.jpg,train,malignant,90,86.0,29444,68.0,-1,-1
train/malignant/melanoma_6448.jpg,train,malignant,9596,70.0,14061,78.0,-1,-1
train/malignant/melanoma_6449.jpg,train,malignant,5649,84.0,5395,84.0,-1,-1
train/malignant/melanoma_6450.jpg,train,malignant,3523,82.0,16054,88.0,-1,-1
train/malignant/melanoma_6451.jpg,train,malignant,217,96.0,14986,92.0,-1,-1
train/malignant/melanoma_6452.jpg,train,malignant,5656,80.0,653,78.0,-1,-1
train/malignant/melanoma_6453.jpg,train,malignant,9967,88.0,29444,88.0,-1,-1
train/malignant/melanoma_6454.jpg,train,malignant,3417,92.0,21984,4.0,-1,1
train/malignant/melanoma_6455.jpg,train,malignant,3490,92.0,23278,90.0,-1,-1
train/malignant/melanoma_6456.jpg,train,malignant,7114,80.0,3463,82.0,-1,-1
train/malignant/melanoma_6457.jpg,train,malignant,4078,88.0,3095,94.0,-1,-1
train/malignant/melanoma_6458.jpg,train,malignant,8233,84.0,29444,76.0,-1,-1
train/malignant/melanoma_6459.jpg,train,malignant,1791,88.0,16338,86.0,-1,-1
train/malignant/melanoma_6460.jpg,train,malignant,9187,94.0,29444,80.0,-1,-1
train/malignant/melanoma_6461.jpg,train,malignant,9368,90.0,11275,88.0,-1,-1
train/malignant/melanoma_6462.jpg,train,malignant,6996,88.0,1122,84.0,-1,-1
train/malignant/melanoma_6463.jpg,train,malignant,871,92.0,13586,86.0,-1,-1
train/malignant/melanoma_6464.jpg,train,malignant,1361,84.0,12487,88.0,-1,-1
train/malignant/melanoma_6465.jpg,train,malignant,8170,82.0,5892,86.0,-1,-1
train/malignant/melanoma_6466.jpg,train,malignant,6379,72.0,21987,0.0,-1,1
train/malignant/melanoma_6467.jpg,train,malignant,1428,88.0,25121,86.0,-1,-1
train/malignant/melanoma_6468.jpg,train,malignant,2184,4.0,2768,84.0,1,-1
train/malignant/melanoma_6469.jpg,train,malignant,6555,88.0,9644,84.0,-1,-1
train/malignant/melanoma_6470.jpg,train,malignant,2358,88.0,25325,86.0,-1,-1
train/malignant/melanoma_6471.jpg,train,malignant,6613,90.0,11423,90.0,-1,-1
train/malignant/melanoma_6472.jpg,train,malignant,7427,88.0,4544,90.0,-1,-1
train/malignant/melanoma_6473.jpg,train,malignant,778,90.0,10572,86.0,-1,-1
train/malignant/melanoma_6474.jpg,train,malignant,20,90.0,29444,78.0,-1,-1
train/malignant/melanoma_6475.jpg,train,malignant,7153,90.0,1928,84.0,-1,-1
train/malignant/melanoma_6476.jpg,train,malignant,9885,82.0,2886,84.0,-1,-1
train/malignant/melanoma_6477.jpg,train,malignant,3837,92.0,15188,94.0,-1,-1
train/malignant/melanoma_6478.jpg,train,malignant,5814,90.0,17654,94.0,-1,-1
train/malignant/melanoma_6479.jpg,train,malignant,2056,6.0,20430,88.0,1,-1
train/malignant/melanoma_6480.jpg,train,malignant,1324,74.0,31621,70.0,-1,-1
train/malignant/melanoma_6481.jpg,train,malignant,1492,96.0,22140,2.0,-1,1
train/malignant/melanoma_6482.jpg,train,malignant,1226,80.0,777,84.0,-1,-1
train/malignant/melanoma_6483.jpg,train,malignant,8499,96.0,11363,92.0,-1,-1
train/malignant/melanoma_6484.jpg,train,malignant,3528,90.0,600,90.0,-1,-1
train/malignant/melanoma_6485.jpg,train,malignant,1529,92.0,3396,94.0,-1,-1
train/malignant/melanoma_6486.jpg,train,malignant,1342,76.0,11147,76.0,-1,-1
train/malignant/melanoma_6487.jpg,train,malignant,155,92.0,19189,76.0,-1,-1
train/malignant/melanoma_6488.jpg,train,malignant,1492,80.0,5006,78.0,-1,-1
train/malignant/melanoma_6489.jpg,train,malignant,1551,90.0,19189,88.0,-1,-1
train/malignant/melanoma_6490.jpg,train,malignant,1226,4.0,10939,62.0,1,-1
train/malignant/melanoma_6491.jpg,train,malignant,5351,84.0,19832,86.0,-1,-1
train/malignant/melanoma_6492.jpg,train,malignant,7002,82.0,6465,78.0,-1,-1
train/malignant/melanoma_6493.jpg,train,malignant,9111,72.0,22196,2.0,-1,1
train/malignant/melanoma_6494.jpg,train,malignant,6052,84.0,4890,82.0,-1,-1
train/malignant/melanoma_6495.jpg,train,malignant,6337,90.0,17603,90.0,-1,-1
train/malignant/melanoma_6496.jpg,train,malignant,9631,90.0,19189,80.0,-1,-1
train/malignant/melanoma_6497.jpg,train,malignant,3097,88.0,2699,90.0,-1,-1
train/malignant/melanoma_6498.jpg,train,malignant,9568,84.0,15779,80.0,-1,-1
train/malignant/melanoma_6499.jpg,train,malignant,4573,84.0,26570,92.0,-1,-1
train/malignant/melanoma_6500.jpg,train,malignant,7868,88.0,199,88.0,-1,-1
train/malignant/melanoma_6501.jpg,train,malignant,1319,0.0,5073,84.0,1,-1
train/malignant/melanoma_6502.jpg,train,malignant,1670,82.0,1729,74.0,-1,-1
train/malignant/melanoma_6503.jpg,train,malignant,3454,90.0,29744,86.0,-1,-1
train/malignant/melanoma_6504.jpg,train,malignant,2084,92.0,25591,88.0,-1,-1
train/malignant/melanoma_6505.jpg,train,malignant,7859,80.0,22201,4.0,-1,1
train/malignant/melanoma_6506.jpg,train,malignant,9508,88.0,7187,88.0,-1,-1
train/malignant/melanoma_6507.jpg,train,malignant,842,70.0,15958,76.0,-1,-1
train/malignant/melanoma_6508.jpg,train,malignant,7773,80.0,3192,86.0,-1,-1
train/malignant/melanoma_6509.jpg,train,malignant,6051,90.0,5622,90.0,-1,-1
train/malignant/melanoma_6510.jpg,train,malignant,8682,84.0,25331,80.0,-1,-1
train/malignant/melanoma_6511.jpg,train,malignant,141,84.0,55,80.0,-1,-1
train/malignant/melanoma_6512.jpg,train,malignant,2240,4.0,20616,86.0,1,-1
train/malignant/melanoma_6513.jpg,train,malignant,8510,88.0,22616,86.0,-1,-1
train/malignant/melanoma_6514.jpg,train,malignant,1133,96.0,12372,94.0,-1,-1
train/malignant/melanoma_6515.jpg,train,malignant,4570,84.0,28582,84.0,-1,-1
train/malignant/melanoma_6516.jpg,train,malignant,5634,94.0,8279,86.0,-1,-1
train/malignant/melanoma_6517.jpg,train,malignant,791,90.0,22203,0.0,-1,1
train/malignant/melanoma_6518.jpg,train,malignant,9420,84.0,31932,80.0,-1,-1
train/malignant/melanoma_6519.jpg,train,malignant,9361,86.0,1028,84.0,-1,-1
train/malignant/melanoma_6520.jpg,train,malignant,438,94.0,2310,94.0,-1,-1
train/malignant/melanoma_6521.jpg,train,malignant,4989,88.0,11060,92.0,-1,-1
train/malignant/melanoma_6522.jpg,train,malignant,7568,76.0,7217,84.0,-1,-1
train/malignant/melanoma_6523.jpg,train,malignant,1952,4.0,8982,90.0,1,-1
train/malignant/melanoma_6524.jpg,train,malignant,7060,86.0,28813,82.0,-1,-1
train/malignant/melanoma_6525.jpg,train,malignant,8469,84.0,2743,90.0,-1,-1
train/malignant/melanoma_6526.jpg,train,malignant,893,80.0,11147,86.0,-1,-1
train/malignant/melanoma_6527.jpg,train,malignant,5510,88.0,3769,86.0,-1,-1
train/malignant/melanoma_6528.jpg,train,malignant,1996,92.0,7432,94.0,-1,-1
train/malignant/melanoma_6529.jpg,train,malignant,1469,80.0,22279,2.0,-1,1
train/malignant/melanoma_6530.jpg,train,malignant,5327,86.0,5931,86.0,-1,-1
train/malignant/melanoma_6531.jpg,train,malignant,1510,80.0,10766,80.0,-1,-1
train/malignant/melanoma_6532.jpg,train,malignant,842,80.0,12719,86.0,-1,-1
train/malignant/melanoma_6533.jpg,train,malignant,128,76.0,17100,66.0,-1,-1
train/malignant/melanoma_6534.jpg,train,malignant,2034,2.0,3620,86.0,1,-1
train/malignant/melanoma_6535.jpg,train,malignant,871,90.0,9972,84.0,-1,-1
train/malignant/melanoma_6536.jpg,train,malignant,7022,84.0,16549,80.0,-1,-1
train/malignant/melanoma_6537.jpg,train,malignant,6029,88.0,666,86.0,-1,-1
train/malignant/melanoma_6538.jpg,train,malignant,8672,90.0,1062,86.0,-1,-1
train/malignant/melanoma_6539.jpg,train,malignant,924,88.0,1413,86.0,-1,-1
train/malignant/melanoma_6540.jpg,train,malignant,7661,80.0,32142,80.0,-1,-1
train/malignant/melanoma_6541.jpg,train,malignant,4819,86.0,22328,4.0,-1,1
train/malignant/melanoma_6542.jpg,train,malignant,814,88.0,2742,86.0,-1,-1
train/malignant/melanoma_6543.jpg,train,malignant,4375,86.0,4782,90.0,-1,-1
train/malignant/melanoma_6544.jpg,train,malignant,5424,90.0,18176,90.0,-1,-1
train/malignant/melanoma_6545.jpg,train,malignant,8881,82.0,1594,78.0,-1,-1
train/malignant/melanoma_6546.jpg,train,malignant,9627,90.0,6580,88.0,-1,-1
train/malignant/melanoma_6547.jpg,train,malignant,6746,92.0,29444,76.0,-1,-1
train/malignant/melanoma_6548.jpg,train,malignant,7128,90.0,5929,88.0,-1,-1
train/malignant/melanoma_6549.jpg,train,malignant,1600,90.0,11965,88.0,-1,-1
train/malignant/melanoma_6550.jpg,train,malignant,1107,78.0,3971,80.0,-1,-1
train/malignant/melanoma_6551.jpg,train,malignant,924,86.0,4084,76.0,-1,-1
train/malignant/melanoma_6552.jpg,train,malignant,3979,78.0,17288,78.0,-1,-1
train/malignant/melanoma_6553.jpg,train,malignant,1317,84.0,9732,8.0,-1,1
train/malignant/melanoma_6554.jpg,train,malignant,7582,86.0,26902,86.0,-1,-1
train/malignant/melanoma_6555.jpg,train,malignant,835,64.0,15958,78.0,-1,-1
train/malignant/melanoma_6556.jpg,train,malignant,1498,76.0,3226,74.0,-1,-1
train/malignant/melanoma_6557.jpg,train,malignant,2180,4.0,3856,86.0,1,-1
train/malignant/melanoma_6558.jpg,train,malignant,9265,78.0,7992,76.0,-1,-1
train/malignant/melanoma_6559.jpg,train,malignant,9444,82.0,8054,82.0,-1,-1
train/malignant/melanoma_6560.jpg,train,malignant,1544,90.0,29444,78.0,-1,-1
train/malignant/melanoma_6561.jpg,train,malignant,2495,94.0,7688,90.0,-1,-1
train/malignant/melanoma_6562.jpg,train,malignant,6622,86.0,19853,86.0,-1,-1
train/malignant/melanoma_6563.jpg,train,malignant,3254,80.0,3453,82.0,-1,-1
train/malignant/melanoma_6564.jpg,train,malignant,9467,86.0,3712,88.0,-1,-1
train/malignant/melanoma_6565.jpg,train,malignant,6868,82.0,3571,84.0,-1,-1
train/malignant/melanoma_6566.jpg,train,malignant,7070,88.0,22358,2.0,-1,1
train/malignant/melanoma_6567.jpg,train,malignant,9352,88.0,22476,92.0,-1,-1
train/malignant/melanoma_6568.jpg,train,malignant,2154,0.0,9906,82.0,1,-1
train/malignant/melanoma_6569.jpg,train,malignant,7138,76.0,231,84.0,-1,-1
train/malignant/melanoma_6570.jpg,train,malignant,597,74.0,3812,62.0,-1,-1
train/malignant/melanoma_6571.jpg,train,malignant,3125,78.0,12487,82.0,-1,-1
train/malignant/melanoma_6572.jpg,train,malignant,1381,90.0,1648,80.0,-1,-1
train/malignant/melanoma_6573.jpg,train,malignant,8801,84.0,7904,82.0,-1,-1
train/malignant/melanoma_6574.jpg,train,malignant,193,86.0,17749,92.0,-1,-1
train/malignant/melanoma_6575.jpg,train,malignant,9143,84.0,8431,76.0,-1,-1
train/malignant/melanoma_6576.jpg,train,malignant,1390,86.0,3260,80.0,-1,-1
train/malignant/melanoma_6577.jpg,train,malignant,980,92.0,22853,92.0,-1,-1
train/malignant/melanoma_6578.jpg,train,malignant,871,90.0,22389,4.0,-1,1
train/malignant/melanoma_6579.jpg,train,malignant,8663,86.0,14572,90.0,-1,-1
train/malignant/melanoma_6580.jpg,train,malignant,6168,86.0,2011,82.0,-1,-1
train/malignant/melanoma_6581.jpg,train,malignant,7406,78.0,6423,86.0,-1,-1
train/malignant/melanoma_6582.jpg,train,malignant,4406,84.0,1746,78.0,-1,-1
train/malignant/melanoma_6583.jpg,train,malignant,756,84.0,1107,80.0,-1,-1
train/malignant/melanoma_6584.jpg,train,malignant,842,78.0,29246,74.0,-1,-1
train/malignant/melanoma_6585.jpg,train,malignant,1671,82.0,2837,78.0,-1,-1
train/malignant/melanoma_6586.jpg,train,malignant,344,88.0,9026,84.0,-1,-1
train/malignant/melanoma_6587.jpg,train,malignant,5978,88.0,5475,90.0,-1,-1
train/malignant/melanoma_6588.jpg,train,malignant,168,88.0,15998,86.0,-1,-1
train/malignant/melanoma_6589.jpg,train,malignant,775,84.0,14401,86.0,-1,-1
train/malignant/melanoma_6590.jpg,train,malignant,1369,0.0,21975,70.0,1,-1
train/malignant/melanoma_6591.jpg,train,malignant,8691,84.0,22539,0.0,-1,1
train/malignant/melanoma_6592.jpg,train,malignant,794,88.0,25423,84.0,-1,-1
train/malignant/melanoma_6593.jpg,train,malignant,4678,88.0,4041,82.0,-1,-1
train/malignant/melanoma_6594.jpg,train,malignant,911,88.0,188,84.0,-1,-1
train/malignant/melanoma_6595.jpg,train,malignant,806,78.0,5982,76.0,-1,-1
train/malignant/melanoma_6596.jpg,train,malignant,1387,92.0,14983,88.0,-1,-1
train/malignant/melanoma_6597.jpg,train,malignant,9420,78.0,25180,72.0,-1,-1
train/malignant/melanoma_6598.jpg,train,malignant,2450,90.0,12418,92.0,-1,-1
train/malignant/melanoma_6599.jpg,train,malignant,2693,90.0,7771,88.0,-1,-1
train/malignant/melanoma_6600.jpg,train,malignant,4952,82.0,12226,88.0,-1,-1
train/malignant/melanoma_6601.jpg,train,malignant,2187,0.0,1061,84.0,1,-1
train/malignant/melanoma_6602.jpg,train,malignant,5623,84.0,10967,82.0,-1,-1
train/malignant/melanoma_6603.jpg,train,malignant,5982,88.0,6178,82.0,-1,-1
train/malignant/melanoma_6604.jpg,train,malignant,1111,84.0,22602,4.0,-1,1
train/malignant/melanoma_6605.jpg,train,malignant,20,86.0,29444,82.0,-1,-1
train/malignant/melanoma_6606.jpg,train,malignant,9055,84.0,329,86.0,-1,-1
train/malignant/melanoma_6607.jpg,train,malignant,3386,86.0,12939,88.0,-1,-1
train/malignant/melanoma_6608.jpg,train,malignant,3054,76.0,5927,82.0,-1,-1
train/malignant/melanoma_6609.jpg,train,malignant,9750,82.0,25517,84.0,-1,-1
train/malignant/melanoma_6610.jpg,train,malignant,1465,92.0,5838,94.0,-1,-1
train/malignant/melanoma_6611.jpg,train,malignant,1753,80.0,11147,82.0,-1,-1
train/malignant/melanoma_6612.jpg,train,malignant,1965,0.0,31282,84.0,1,-1
train/malignant/melanoma_6613.jpg,train,malignant,9458,90.0,8552,86.0,-1,-1
train/malignant/melanoma_6614.jpg,train,malignant,786,86.0,17230,82.0,-1,-1
train/malignant/melanoma_6615.jpg,train,malignant,1361,88.0,20879,82.0,-1,-1
train/malignant/melanoma_6616.jpg,train,malignant,5539,82.0,22617,2.0,-1,1
train/malignant/melanoma_6617.jpg,train,malignant,128,84.0,20410,76.0,-1,-1
train/malignant/melanoma_6618.jpg,train,malignant,4393,90.0,18097,98.0,-1,-1
train/malignant/melanoma_6619.jpg,train,malignant,40,90.0,20880,88.0,-1,-1
train/malignant/melanoma_6620.jpg,train,malignant,4687,78.0,31439,80.0,-1,-1
train/malignant/melanoma_6621.jpg,train,malignant,6768,80.0,14493,82.0,-1,-1
train/malignant/melanoma_6622.jpg,train,malignant,8872,78.0,29831,78.0,-1,-1
train/malignant/melanoma_6623.jpg,train,malignant,2008,2.0,13592,88.0,1,-1
train/malignant/melanoma_6624.jpg,train,malignant,9149,88.0,29444,76.0,-1,-1
train/malignant/melanoma_6625.jpg,train,malignant,8102,94.0,28456,92.0,-1,-1
train/malignant/melanoma_6626.jpg,train,malignant,7933,80.0,7409,86.0,-1,-1
train/malignant/melanoma_6627.jpg,train,malignant,9649,86.0,24909,86.0,-1,-1
train/malignant/melanoma_6628.jpg,train,malignant,5288,84.0,22663,2.0,-1,1
train/malignant/melanoma_6629.jpg,train,malignant,7384,94.0,19189,80.0,-1,-1
train/malignant/melanoma_6630.jpg,train,malignant,6092,94.0,18464,92.0,-1,-1
train/malignant/melanoma_6631.jpg,train,malignant,20,88.0,10191,76.0,-1,-1
train/malignant/melanoma_6632.jpg,train,malignant,2523,90.0,3939,86.0,-1,-1
train/malignant/melanoma_6633.jpg,train,malignant,3920,88.0,27015,90.0,-1,-1
train/malignant/melanoma_6634.jpg,train,malignant,1989,2.0,12284,88.0,1,-1
train/malignant/melanoma_6635.jpg,train,malignant,2226,82.0,4858,84.0,-1,-1
train/malignant/melanoma_6636.jpg,train,malignant,12,86.0,15784,78.0,-1,-1
train/malignant/melanoma_6637.jpg,train,malignant,6306,84.0,30381,88.0,-1,-1
train/malignant/melanoma_6638.jpg,train,malignant,5623,88.0,25073,90.0,-1,-1
train/malignant/melanoma_6639.jpg,train,malignant,6768,88.0,8662,90.0,-1,-1
train/malignant/melanoma_6640.jpg,train,malignant,6743,76.0,22703,2.0,-1,1
train/malignant/melanoma_6641.jpg,train,malignant,1899,86.0,22488,88.0,-1,-1
train/malignant/melanoma_6642.jpg,train,malignant,3071,90.0,17441,88.0,-1,-1
train/malignant/melanoma_6643.jpg,train,malignant,1096,96.0,3860,92.0,-1,-1
train/malignant/melanoma_6644.jpg,train,malignant,7431,84.0,19751,84.0,-1,-1
train/malignant/melanoma_6645.jpg,train,malignant,1335,0.0,30053,78.0,1,-1
train/malignant/melanoma_6646.jpg,train,malignant,7138,86.0,28081,88.0,-1,-1
train/malignant/melanoma_6647.jpg,train,malignant,3203,96.0,3511,94.0,-1,-1
train/malignant/melanoma_6648.jpg,train,malignant,4151,90.0,7922,86.0,-1,-1
train/malignant/melanoma_6649.jpg,train,malignant,842,82.0,23205,84.0,-1,-1
train/malignant/melanoma_6650.jpg,train,malignant,124,72.0,10144,76.0,-1,-1
train/malignant/melanoma_6651.jpg,train,malignant,149,88.0,11789,86.0,-1,-1
train/malignant/melanoma_6652.jpg,train,malignant,972,80.0,22717,2.0,-1,1
train/malignant/melanoma_6653.jpg,train,malignant,550,90.0,14784,90.0,-1,-1
train/malignant/melanoma_6654.jpg,train,malignant,925,90.0,24521,78.0,-1,-1
train/malignant/melanoma_6655.jpg,train,malignant,9462,86.0,6000,90.0,-1,-1
train/malignant/melanoma_6656.jpg,train,malignant,1265,2.0,5125,78.0,1,-1
train/malignant/melanoma_6657.jpg,train,malignant,4252,88.0,21930,88.0,-1,-1
train/malignant/melanoma_6658.jpg,train,malignant,1735,84.0,522,82.0,-1,-1
train/malignant/melanoma_6659.jpg,train,malignant,1170,76.0,1637,80.0,-1,-1
train/malignant/melanoma_6660.jpg,train,malignant,3604,68.0,11334,66.0,-1,-1
train/malignant/melanoma_6661.jpg,train,malignant,7260,76.0,16537,88.0,-1,-1
train/malignant/melanoma_6662.jpg,train,malignant,8246,84.0,17482,88.0,-1,-1
train/malignant/melanoma_6663.jpg,train,malignant,6855,86.0,7199,84.0,-1,-1
train/malignant/melanoma_6664.jpg,train,malignant,2456,82.0,22744,2.0,-1,1
train/malignant/melanoma_6665.jpg,train,malignant,90,82.0,27002,84.0,-1,-1
train/malignant/melanoma_6666.jpg,train,malignant,2411,86.0,4219,86.0,-1,-1
train/malignant/melanoma_6667.jpg,train,malignant,871,92.0,18992,88.0,-1,-1
train/malignant/melanoma_6668.jpg,train,malignant,1433,2.0,1371,84.0,1,-1
train/malignant/melanoma_6669.jpg,train,malignant,4541,94.0,6616,90.0,-1,-1
train/malignant/melanoma_6670.jpg,train,malignant,2628,86.0,8468,80.0,-1,-1
train/malignant/melanoma_6671.jpg,train,malignant,9440,84.0,16681,86.0,-1,-1
train/malignant/melanoma_6672.jpg,train,malignant,5510,92.0,4267,92.0,-1,-1
train/malignant/melanoma_6673.jpg,train,malignant,4693,92.0,11327,86.0,-1,-1
train/malignant/melanoma_6674.jpg,train,malignant,2952,94.0,19189,88.0,-1,-1
train/malignant/melanoma_6675.jpg,train,malignant,2141,94.0,21661,86.0,-1,-1
train/malignant/melanoma_6676.jpg,train,malignant,1022,86.0,7047,90.0,-1,-1
train/malignant/melanoma_6677.jpg,train,malignant,7923,82.0,22780,2.0,-1,1
train/malignant/melanoma_6678.jpg,train,malignant,8292,86.0,17721,84.0,-1,-1
train/malignant/melanoma_6679.jpg,train,malignant,6512,80.0,8928,86.0,-1,-1
train/malignant/melanoma_6680.jpg,train,malignant,5490,78.0,8908,88.0,-1,-1
train/malignant/melanoma_6681.jpg,train,malignant,905,88.0,15360,76.0,-1,-1
train/malignant/melanoma_6682.jpg,train,malignant,597,74.0,29553,74.0,-1,-1
train/malignant/melanoma_6683.jpg,train,malignant,2471,84.0,18616,84.0,-1,-1
train/malignant/melanoma_6684.jpg,train,malignant,2409,82.0,23519,74.0,-1,-1
train/malignant/melanoma_6685.jpg,train,malignant,200,96.0,29299,88.0,-1,-1
train/malignant/melanoma_6686.jpg,train,malignant,8108,78.0,1566,78.0,-1,-1
train/malignant/melanoma_6687.jpg,train,malignant,5743,92.0,2008,94.0,-1,-1
train/malignant/melanoma_6688.jpg,train,malignant,8213,88.0,1912,94.0,-1,-1
train/malignant/melanoma_6689.jpg,train,malignant,168,84.0,9740,2.0,-1,1
train/malignant/melanoma_6690.jpg,train,malignant,2221,2.0,18972,88.0,1,-1
train/malignant/melanoma_6691.jpg,train,malignant,7875,84.0,15564,88.0,-1,-1
train/malignant/melanoma_6692.jpg,train,malignant,925,84.0,1612,78.0,-1,-1
train/malignant/melanoma_6693.jpg,train,malignant,5,92.0,29444,76.0,-1,-1
train/malignant/melanoma_6694.jpg,train,malignant,8025,92.0,759,92.0,-1,-1
train/malignant/melanoma_6695.jpg,train,malignant,1842,86.0,19981,88.0,-1,-1
train/malignant/melanoma_6696.jpg,train,malignant,8663,90.0,2964,92.0,-1,-1
train/malignant/melanoma_6697.jpg,train,malignant,594,82.0,31056,80.0,-1,-1
train/malignant/melanoma_6698.jpg,train,malignant,6459,86.0,6967,78.0,-1,-1
train/malignant/melanoma_6699.jpg,train,malignant,1794,88.0,19189,88.0,-1,-1
train/malignant/melanoma_6700.jpg,train,malignant,5681,88.0,2025,86.0,-1,-1
train/malignant/melanoma_6701.jpg,train,malignant,2161,82.0,26683,84.0,-1,-1
train/malignant/melanoma_6702.jpg,train,malignant,9329,88.0,22945,2.0,-1,1
train/malignant/melanoma_6703.jpg,train,malignant,1912,98.0,29073,90.0,-1,-1
train/malignant/melanoma_6704.jpg,train,malignant,2549,92.0,22073,92.0,-1,-1
train/malignant/melanoma_6705.jpg,train,malignant,1641,90.0,18992,82.0,-1,-1
train/malignant/melanoma_6706.jpg,train,malignant,4700,88.0,5526,90.0,-1,-1
train/malignant/melanoma_6707.jpg,train,malignant,806,82.0,15049,84.0,-1,-1
train/malignant/melanoma_6708.jpg,train,malignant,877,90.0,3938,86.0,-1,-1
train/malignant/melanoma_6709.jpg,train,malignant,1971,90.0,17685,90.0,-1,-1
train/malignant/melanoma_6710.jpg,train,malignant,5094,90.0,28448,82.0,-1,-1
train/malignant/melanoma_6711.jpg,train,malignant,3556,90.0,12029,88.0,-1,-1
train/malignant/melanoma_6712.jpg,train,malignant,2307,2.0,46,92.0,1,-1
train/malignant/melanoma_6713.jpg,train,malignant,5497,84.0,30854,86.0,-1,-1
train/malignant/melanoma_6714.jpg,train,malignant,573,88.0,23062,2.0,-1,1
train/malignant/melanoma_6715.jpg,train,malignant,4504,90.0,23850,88.0,-1,-1
train/malignant/melanoma_6716.jpg,train,malignant,9064,74.0,10657,74.0,-1,-1
train/malignant/melanoma_6717.jpg,train,malignant,1021,88.0,18079,90.0,-1,-1
train/malignant/melanoma_6718.jpg,train,malignant,4175,94.0,2467,90.0,-1,-1
train/malignant/melanoma_6719.jpg,train,malignant,3132,92.0,27052,92.0,-1,-1
train/malignant/melanoma_6720.jpg,train,malignant,783,84.0,8744,88.0,-1,-1
train/malignant/melanoma_6721.jpg,train,malignant,552,98.0,15227,96.0,-1,-1
train/malignant/melanoma_6722.jpg,train,malignant,6495,92.0,992,92.0,-1,-1
train/malignant/melanoma_6723.jpg,train,malignant,1460,2.0,13978,88.0,1,-1
train/malignant/melanoma_6724.jpg,train,malignant,4031,94.0,4663,92.0,-1,-1
train/malignant/melanoma_6725.jpg,train,malignant,2044,80.0,542,82.0,-1,-1
train/malignant/melanoma_6726.jpg,train,malignant,141,82.0,24424,78.0,-1,-1
train/malignant/melanoma_6727.jpg,train,malignant,6649,86.0,23078,0.0,-1,1
train/malignant/melanoma_6728.jpg,train,malignant,8707,80.0,28955,78.0,-1,-1
train/malignant/melanoma_6729.jpg,train,malignant,1412,88.0,28857,84.0,-1,-1
train/malignant/melanoma_6730.jpg,train,malignant,280,88.0,29444,68.0,-1,-1
train/malignant/melanoma_6731.jpg,train,malignant,2057,94.0,26797,88.0,-1,-1
train/malignant/melanoma_6732.jpg,train,malignant,5675,90.0,27511,92.0,-1,-1
train/malignant/melanoma_6733.jpg,train,malignant,102,82.0,8108,80.0,-1,-1
train/malignant/melanoma_6734.jpg,train,malignant,1347,2.0,14640,84.0,1,-1
train/malignant/melanoma_6735.jpg,train,malignant,9444,88.0,15505,82.0,-1,-1
train/malignant/melanoma_6736.jpg,train,malignant,9346,94.0,31297,96.0,-1,-1
train/malignant/melanoma_6737.jpg,train,malignant,2180,80.0,27604,86.0,-1,-1
train/malignant/melanoma_6738.jpg,train,malignant,5086,92.0,6854,84.0,-1,-1
train/malignant/melanoma_6739.jpg,train,malignant,1170,74.0,23081,6.0,-1,1
train/malignant/melanoma_6740.jpg,train,malignant,1280,90.0,18992,80.0,-1,-1
train/malignant/melanoma_6741.jpg,train,malignant,7595,76.0,11166,74.0,-1,-1
train/malignant/melanoma_6742.jpg,train,malignant,5371,86.0,20381,86.0,-1,-1
train/malignant/melanoma_6743.jpg,train,malignant,2191,96.0,19189,90.0,-1,-1
train/malignant/melanoma_6744.jpg,train,malignant,2223,88.0,552,90.0,-1,-1
train/malignant/melanoma_6745.jpg,train,malignant,1302,2.0,6257,86.0,1,-1
train/malignant/melanoma_6746.jpg,train,malignant,9905,82.0,5772,80.0,-1,-1
train/malignant/melanoma_6747.jpg,train,malignant,2297,82.0,17609,86.0,-1,-1
train/malignant/melanoma_6748.jpg,train,malignant,993,90.0,28302,92.0,-1,-1
train/malignant/melanoma_6749.jpg,train,malignant,550,90.0,24612,94.0,-1,-1
train/malignant/melanoma_6750.jpg,train,malignant,9321,90.0,13775,96.0,-1,-1
train/malignant/melanoma_6751.jpg,train,malignant,7408,74.0,23093,4.0,-1,1
train/malignant/melanoma_6752.jpg,train,malignant,5320,86.0,19189,90.0,-1,-1
train/malignant/melanoma_6753.jpg,train,malignant,9447,80.0,18425,80.0,-1,-1
train/malignant/melanoma_6754.jpg,train,malignant,4704,86.0,14493,86.0,-1,-1
train/malignant/melanoma_6755.jpg,train,malignant,2609,88.0,6535,84.0,-1,-1
train/malignant/melanoma_6756.jpg,train,malignant,2204,4.0,2388,78.0,1,-1
train/malignant/melanoma_6757.jpg,train,malignant,1464,78.0,14705,78.0,-1,-1
train/malignant/melanoma_6758.jpg,train,malignant,1016,92.0,29999,90.0,-1,-1
train/malignant/melanoma_6759.jpg,train,malignant,1107,72.0,14640,78.0,-1,-1
train/malignant/melanoma_6760.jpg,train,malignant,1231,78.0,20735,78.0,-1,-1
train/malignant/melanoma_6761.jpg,train,malignant,3649,88.0,29444,86.0,-1,-1
train/malignant/melanoma_6762.jpg,train,malignant,121,86.0,20879,80.0,-1,-1
train/malignant/melanoma_6763.jpg,train,malignant,5580,82.0,23111,4.0,-1,1
train/malignant/melanoma_6764.jpg,train,malignant,865,84.0,5294,82.0,-1,-1
train/malignant/melanoma_6765.jpg,train,malignant,9238,84.0,3821,76.0,-1,-1
train/malignant/melanoma_6766.jpg,train,malignant,3335,90.0,5457,90.0,-1,-1
train/malignant/melanoma_6767.jpg,train,malignant,1940,2.0,15175,88.0,1,-1
train/malignant/melanoma_6768.jpg,train,malignant,2595,86.0,29428,78.0,-1,-1
train/malignant/melanoma_6769.jpg,train,malignant,1350,86.0,25620,80.0,-1,-1
train/malignant/melanoma_6770.jpg,train,malignant,8339,82.0,1314,74.0,-1,-1
train/malignant/melanoma_6771.jpg,train,malignant,3670,92.0,16136,88.0,-1,-1
train/malignant/melanoma_6772.jpg,train,malignant,7138,72.0,13477,68.0,-1,-1
train/malignant/melanoma_6773.jpg,train,malignant,3255,90.0,11316,92.0,-1,-1
train/malignant/melanoma_6774.jpg,train,malignant,7356,56.0,1552,50.0,-1,-1
train/malignant/melanoma_6775.jpg,train,malignant,188,88.0,23149,2.0,-1,1
train/malignant/melanoma_6776.jpg,train,malignant,198,94.0,8001,92.0,-1,-1
train/malignant/melanoma_6777.jpg,train,malignant,6287,94.0,527,90.0,-1,-1
train/malignant/melanoma_6778.jpg,train,malignant,223,92.0,18992,80.0,-1,-1
train/malignant/melanoma_6779.jpg,train,malignant,1954,2.0,23765,86.0,1,-1
train/malignant/melanoma_6780.jpg,train,malignant,1552,86.0,26402,84.0,-1,-1
train/malignant/melanoma_6781.jpg,train,malignant,1860,88.0,23672,86.0,-1,-1
train/malignant/melanoma_6782.jpg,train,malignant,1236,92.0,26090,90.0,-1,-1
train/malignant/melanoma_6783.jpg,train,malignant,9420,82.0,8710,78.0,-1,-1
train/malignant/melanoma_6784.jpg,train,malignant,127,86.0,2564,86.0,-1,-1
train/malignant/melanoma_6785.jpg,train,malignant,4717,90.0,29444,64.0,-1,-1
train/malignant/melanoma_6786.jpg,train,malignant,5,92.0,381,84.0,-1,-1
train/malignant/melanoma_6787.jpg,train,malignant,5486,92.0,19189,86.0,-1,-1
train/malignant/melanoma_6788.jpg,train,malignant,24,84.0,23150,2.0,-1,1
train/malignant/melanoma_6789.jpg,train,malignant,1505,80.0,15106,68.0,-1,-1
train/malignant/melanoma_6790.jpg,train,malignant,1424,0.0,10592,88.0,1,-1
train/malignant/melanoma_6791.jpg,train,malignant,9298,88.0,31644,86.0,-1,-1
train/malignant/melanoma_6792.jpg,train,malignant,7873,76.0,1305,82.0,-1,-1
train/malignant/melanoma_6793.jpg,train,malignant,6258,80.0,23260,82.0,-1,-1
train/malignant/melanoma_6794.jpg,train,malignant,3776,90.0,21785,90.0,-1,-1
train/malignant/melanoma_6795.jpg,train,malignant,5325,82.0,18894,78.0,-1,-1
train/malignant/melanoma_6796.jpg,train,malignant,781,90.0,12111,86.0,-1,-1
train/malignant/melanoma_6797.jpg,train,malignant,6892,90.0,8739,84.0,-1,-1
train/malignant/melanoma_6798.jpg,train,malignant,5720,72.0,14890,76.0,-1,-1
train/malignant/melanoma_6799.jpg,train,malignant,6768,82.0,25620,80.0,-1,-1
train/malignant/melanoma_6800.jpg,train,malignant,638,82.0,23152,0.0,-1,1
train/malignant/melanoma_6801.jpg,train,malignant,2276,2.0,13115,90.0,1,-1
train/malignant/melanoma_6802.jpg,train,malignant,77,74.0,15915,82.0,-1,-1
train/malignant/melanoma_6803.jpg,train,malignant,3440,90.0,7946,90.0,-1,-1
train/malignant/melanoma_6804.jpg,train,malignant,4312,94.0,11362,90.0,-1,-1
train/malignant/melanoma_6805.jpg,train,malignant,7933,80.0,10386,86.0,-1,-1
train/malignant/melanoma_6806.jpg,train,malignant,7059,82.0,495,74.0,-1,-1
train/malignant/melanoma_6807.jpg,train,malignant,4959,80.0,16498,76.0,-1,-1
train/malignant/melanoma_6808.jpg,train,malignant,7773,80.0,29444,82.0,-1,-1
train/malignant/melanoma_6809.jpg,train,malignant,9707,90.0,21126,90.0,-1,-1
train/malignant/melanoma_6810.jpg,train,malignant,112,84.0,6392,84.0,-1,-1
train/malignant/melanoma_6811.jpg,train,malignant,9978,82.0,176,76.0,-1,-1
train/malignant/melanoma_6812.jpg,train,malignant,8110,82.0,1901,80.0,-1,-1
train/malignant/melanoma_6813.jpg,train,malignant,7776,74.0,23262,2.0,-1,1
train/malignant/melanoma_6814.jpg,train,malignant,2678,82.0,4816,82.0,-1,-1
train/malignant/melanoma_6815.jpg,train,malignant,582,86.0,7645,84.0,-1,-1
train/malignant/melanoma_6816.jpg,train,malignant,2162,76.0,16430,70.0,-1,-1
train/malignant/melanoma_6817.jpg,train,malignant,7483,86.0,18838,88.0,-1,-1
train/malignant/melanoma_6818.jpg,train,malignant,1233,90.0,3417,86.0,-1,-1
train/malignant/melanoma_6819.jpg,train,malignant,2071,88.0,10531,90.0,-1,-1
train/malignant/melanoma_6820.jpg,train,malignant,1291,92.0,26447,88.0,-1,-1
train/malignant/melanoma_6821.jpg,train,malignant,7746,74.0,14640,78.0,-1,-1
train/malignant/melanoma_6822.jpg,train,malignant,5780,94.0,714,90.0,-1,-1
train/malignant/melanoma_6823.jpg,train,malignant,6649,90.0,28397,86.0,-1,-1
train/malignant/melanoma_6824.jpg,train,malignant,1538,84.0,14640,74.0,-1,-1
train/malignant/melanoma_6825.jpg,train,malignant,6115,70.0,9832,6.0,-1,1
train/malignant/melanoma_6826.jpg,train,malignant,169,92.0,27966,84.0,-1,-1
train/malignant/melanoma_6827.jpg,train,malignant,1762,98.0,25419,96.0,-1,-1
train/malignant/melanoma_6828.jpg,train,malignant,7105,90.0,8253,88.0,-1,-1
train/malignant/melanoma_6829.jpg,train,malignant,6165,72.0,14995,82.0,-1,-1
train/malignant/melanoma_6830.jpg,train,malignant,6829,84.0,7956,82.0,-1,-1
train/malignant/melanoma_6831.jpg,train,malignant,2559,82.0,30608,82.0,-1,-1
train/malignant/melanoma_6832.jpg,train,malignant,5910,82.0,18121,84.0,-1,-1
train/malignant/melanoma_6833.jpg,train,malignant,6829,88.0,27874,84.0,-1,-1
train/malignant/melanoma_6834.jpg,train,malignant,1454,0.0,30751,74.0,1,-1
train/malignant/melanoma_6835.jpg,train,malignant,2815,92.0,19189,80.0,-1,-1
train/malignant/melanoma_6836.jpg,train,malignant,9218,90.0,28115,80.0,-1,-1
train/malignant/melanoma_6837.jpg,train,malignant,9089,84.0,23437,2.0,-1,1
train/malignant/melanoma_6838.jpg,train,malignant,6820,88.0,5869,80.0,-1,-1
train/malignant/melanoma_6839.jpg,train,malignant,5079,92.0,25932,86.0,-1,-1
train/malignant/melanoma_6840.jpg,train,malignant,4878,92.0,2329,92.0,-1,-1
train/malignant/melanoma_6841.jpg,train,malignant,798,98.0,25266,94.0,-1,-1
train/malignant/melanoma_6842.jpg,train,malignant,2511,86.0,5623,88.0,-1,-1
train/malignant/melanoma_6843.jpg,train,malignant,6704,90.0,653,82.0,-1,-1
train/malignant/melanoma_6844.jpg,train,malignant,435,94.0,2567,90.0,-1,-1
train/malignant/melanoma_6845.jpg,train,malignant,1387,2.0,26156,64.0,1,-1
train/malignant/melanoma_6846.jpg,train,malignant,7114,76.0,16891,84.0,-1,-1
train/malignant/melanoma_6847.jpg,train,malignant,6767,64.0,24947,60.0,-1,-1
train/malignant/melanoma_6848.jpg,train,malignant,4300,80.0,2415,84.0,-1,-1
train/malignant/melanoma_6849.jpg,train,malignant,5720,88.0,5134,88.0,-1,-1
train/malignant/melanoma_6850.jpg,train,malignant,2474,82.0,23444,2.0,-1,1
train/malignant/melanoma_6851.jpg,train,malignant,90,92.0,13371,88.0,-1,-1
train/malignant/melanoma_6852.jpg,train,malignant,3528,92.0,14081,92.0,-1,-1
train/malignant/melanoma_6853.jpg,train,malignant,758,94.0,8679,88.0,-1,-1
train/malignant/melanoma_6854.jpg,train,malignant,1156,92.0,5453,88.0,-1,-1
train/malignant/melanoma_6855.jpg,train,malignant,2589,92.0,27925,86.0,-1,-1
train/malignant/melanoma_6856.jpg,train,malignant,1311,4.0,15434,80.0,1,-1
train/malignant/melanoma_6857.jpg,train,malignant,3625,88.0,5391,90.0,-1,-1
train/malignant/melanoma_6858.jpg,train,malignant,526,92.0,18139,92.0,-1,-1
train/malignant/melanoma_6859.jpg,train,malignant,8367,84.0,20220,86.0,-1,-1
train/malignant/melanoma_6860.jpg,train,malignant,199,84.0,10216,84.0,-1,-1
train/malignant/melanoma_6861.jpg,train,malignant,307,86.0,4536,88.0,-1,-1
train/malignant/melanoma_6862.jpg,train,malignant,8204,80.0,23481,4.0,-1,1
train/malignant/melanoma_6863.jpg,train,malignant,1768,88.0,5201,90.0,-1,-1
train/malignant/melanoma_6864.jpg,train,malignant,138,74.0,3025,78.0,-1,-1
train/malignant/melanoma_6865.jpg,train,malignant,2530,92.0,5918,86.0,-1,-1
train/malignant/melanoma_6866.jpg,train,malignant,6983,88.0,10191,78.0,-1,-1
train/malignant/melanoma_6867.jpg,train,malignant,1284,2.0,31439,88.0,1,-1
train/malignant/melanoma_6868.jpg,train,malignant,773,94.0,29485,92.0,-1,-1
train/malignant/melanoma_6869.jpg,train,malignant,307,82.0,11147,84.0,-1,-1
train/malignant/melanoma_6870.jpg,train,malignant,9460,76.0,11147,84.0,-1,-1
train/malignant/melanoma_6871.jpg,train,malignant,9298,78.0,30608,78.0,-1,-1
train/malignant/melanoma_6872.jpg,train,malignant,9602,88.0,1050,86.0,-1,-1
train/malignant/melanoma_6873.jpg,train,malignant,2044,90.0,20879,88.0,-1,-1
train/malignant/melanoma_6874.jpg,train,malignant,6909,52.0,23522,2.0,-1,1
train/malignant/melanoma_6875.jpg,train,malignant,8663,84.0,7158,86.0,-1,-1
train/malignant/melanoma_6876.jpg,train,malignant,3434,84.0,15185,90.0,-1,-1
train/malignant/melanoma_6877.jpg,train,malignant,7193,84.0,7351,88.0,-1,-1
train/malignant/melanoma_6878.jpg,train,malignant,1630,2.0,2336,70.0,1,-1
train/malignant/melanoma_6879.jpg,train,malignant,7444,90.0,26701,82.0,-1,-1
train/malignant/melanoma_6880.jpg,train,malignant,1680,88.0,14633,86.0,-1,-1
train/malignant/melanoma_6881.jpg,train,malignant,9838,76.0,26073,78.0,-1,-1
train/malignant/melanoma_6882.jpg,train,malignant,971,82.0,4050,76.0,-1,-1
train/malignant/melanoma_6883.jpg,train,malignant,3105,84.0,20838,88.0,-1,-1
train/malignant/melanoma_6884.jpg,train,malignant,90,86.0,29444,78.0,-1,-1
train/malignant/melanoma_6885.jpg,train,malignant,1361,88.0,15167,90.0,-1,-1
train/malignant/melanoma_6886.jpg,train,malignant,1325,82.0,23558,6.0,-1,1
train/malignant/melanoma_6887.jpg,train,malignant,4185,84.0,17156,84.0,-1,-1
train/malignant/melanoma_6888.jpg,train,malignant,1202,90.0,18992,80.0,-1,-1
train/malignant/melanoma_6889.jpg,train,malignant,547,90.0,4219,92.0,-1,-1
train/malignant/melanoma_6890.jpg,train,malignant,1404,0.0,13343,70.0,1,-1
train/malignant/melanoma_6891.jpg,train,malignant,8717,78.0,26839,70.0,-1,-1
train/malignant/melanoma_6892.jpg,train,malignant,2393,82.0,749,80.0,-1,-1
train/malignant/melanoma_6893.jpg,train,malignant,9683,84.0,5617,84.0,-1,-1
train/malignant/melanoma_6894.jpg,train,malignant,7209,86.0,24434,84.0,-1,-1
train/malignant/melanoma_6895.jpg,train,malignant,165,80.0,7718,88.0,-1,-1
train/malignant/melanoma_6896.jpg,train,malignant,1671,86.0,27995,82.0,-1,-1
train/malignant/melanoma_6897.jpg,train,malignant,4621,90.0,31796,88.0,-1,-1
train/malignant/melanoma_6898.jpg,train,malignant,199,84.0,9028,82.0,-1,-1
train/malignant/melanoma_6899.jpg,train,malignant,2199,86.0,23611,4.0,-1,1
train/malignant/melanoma_6900.jpg,train,malignant,2387,92.0,20784,86.0,-1,-1
train/malignant/melanoma_6901.jpg,train,malignant,2258,2.0,22677,72.0,1,-1
train/malignant/melanoma_6902.jpg,train,malignant,162,74.0,6000,84.0,-1,-1
train/malignant/melanoma_6903.jpg,train,malignant,1107,70.0,13628,78.0,-1,-1
train/malignant/melanoma_6904.jpg,train,malignant,2034,90.0,5606,88.0,-1,-1
train/malignant/melanoma_6905.jpg,train,malignant,571,84.0,2978,88.0,-1,-1
train/malignant/melanoma_6906.jpg,train,malignant,2327,66.0,11251,64.0,-1,-1
train/malignant/melanoma_6907.jpg,train,malignant,1361,80.0,28469,84.0,-1,-1
train/malignant/melanoma_6908.jpg,train,malignant,865,80.0,28234,84.0,-1,-1
train/malignant/melanoma_6909.jpg,train,malignant,8840,82.0,4630,78.0,-1,-1
train/malignant/melanoma_6910.jpg,train,malignant,104,92.0,17117,86.0,-1,-1
train/malignant/melanoma_6911.jpg,train,malignant,667,94.0,23640,2.0,-1,1
train/malignant/melanoma_6912.jpg,train,malignant,1928,2.0,27464,90.0,1,-1
train/malignant/melanoma_6913.jpg,train,malignant,3363,82.0,23488,80.0,-1,-1
train/malignant/melanoma_6914.jpg,train,malignant,3638,88.0,24977,88.0,-1,-1
train/malignant/melanoma_6915.jpg,train,malignant,1017,86.0,11643,90.0,-1,-1
train/malignant/melanoma_6916.jpg,train,malignant,1844,90.0,18956,92.0,-1,-1
train/malignant/melanoma_6917.jpg,train,malignant,1291,92.0,9418,88.0,-1,-1
train/malignant/melanoma_6918.jpg,train,malignant,5174,88.0,30671,84.0,-1,-1
train/malignant/melanoma_6919.jpg,train,malignant,1714,82.0,18135,76.0,-1,-1
train/malignant/melanoma_6920.jpg,train,malignant,231,86.0,8211,84.0,-1,-1
train/malignant/melanoma_6921.jpg,train,malignant,1916,96.0,24760,88.0,-1,-1
train/malignant/melanoma_6922.jpg,train,malignant,8767,58.0,14522,66.0,-1,-1
train/malignant/melanoma_6923.jpg,train,malignant,1957,0.0,12376,84.0,1,-1
train/malignant/melanoma_6924.jpg,train,malignant,116,78.0,23672,2.0,-1,1
train/malignant/melanoma_6925.jpg,train,malignant,1802,84.0,8108,84.0,-1,-1
train/malignant/melanoma_6926.jpg,train,malignant,3582,82.0,13940,80.0,-1,-1
train/malignant/melanoma_6927.jpg,train,malignant,6284,92.0,26143,80.0,-1,-1
train/malignant/melanoma_6928.jpg,train,malignant,1175,94.0,783,90.0,-1,-1
train/malignant/melanoma_6929.jpg,train,malignant,1860,84.0,5201,78.0,-1,-1
train/malignant/melanoma_6930.jpg,train,malignant,1769,82.0,3920,90.0,-1,-1
train/malignant/melanoma_6931.jpg,train,malignant,453,76.0,28454,80.0,-1,-1
train/malignant/melanoma_6932.jpg,train,malignant,1935,82.0,9643,84.0,-1,-1
train/malignant/melanoma_6933.jpg,train,malignant,7499,70.0,20629,76.0,-1,-1
train/malignant/melanoma_6934.jpg,train,malignant,2242,2.0,28018,78.0,1,-1
train/malignant/melanoma_6935.jpg,train,malignant,7114,72.0,30751,76.0,-1,-1
train/malignant/melanoma_6936.jpg,train,malignant,246,76.0,23700,4.0,-1,1
train/malignant/melanoma_6937.jpg,train,malignant,4020,94.0,19732,92.0,-1,-1
train/malignant/melanoma_6938.jpg,train,malignant,8993,86.0,870,88.0,-1,-1
train/malignant/melanoma_6939.jpg,train,malignant,2938,90.0,4219,90.0,-1,-1
train/malignant/melanoma_6940.jpg,train,malignant,6257,96.0,19189,94.0,-1,-1
train/malignant/melanoma_6941.jpg,train,malignant,7919,86.0,5788,86.0,-1,-1
train/malignant/melanoma_6942.jpg,train,malignant,5716,86.0,28680,88.0,-1,-1
train/malignant/melanoma_6943.jpg,train,malignant,9878,94.0,29988,90.0,-1,-1
train/malignant/melanoma_6944.jpg,train,malignant,9420,84.0,5078,84.0,-1,-1
train/malignant/melanoma_6945.jpg,train,malignant,9948,88.0,5246,86.0,-1,-1
train/malignant/melanoma_6946.jpg,train,malignant,5297,90.0,24852,94.0,-1,-1
train/malignant/melanoma_6947.jpg,train,malignant,871,90.0,9972,82.0,-1,-1
train/malignant/melanoma_6948.jpg,train,malignant,2631,88.0,23713,0.0,-1,1
train/malignant/melanoma_6949.jpg,train,malignant,7279,78.0,8042,80.0,-1,-1
train/malignant/melanoma_6950.jpg,train,malignant,173,82.0,16181,82.0,-1,-1
train/malignant/melanoma_6951.jpg,train,malignant,1600,86.0,30963,90.0,-1,-1
train/malignant/melanoma_6952.jpg,train,malignant,180,84.0,3416,88.0,-1,-1
train/malignant/melanoma_6953.jpg,train,malignant,682,90.0,730,86.0,-1,-1
train/malignant/melanoma_6954.jpg,train,malignant,1342,80.0,5682,88.0,-1,-1
train/malignant/melanoma_6955.jpg,train,malignant,7112,80.0,23400,80.0,-1,-1
train/malignant/melanoma_6956.jpg,train,malignant,4928,88.0,7771,90.0,-1,-1
train/malignant/melanoma_6957.jpg,train,malignant,5387,84.0,18992,84.0,-1,-1
train/malignant/melanoma_6958.jpg,train,malignant,7648,84.0,18211,92.0,-1,-1
train/malignant/melanoma_6959.jpg,train,malignant,3869,88.0,27932,84.0,-1,-1
train/malignant/melanoma_6960.jpg,train,malignant,1209,92.0,9844,4.0,-1,1
train/malignant/melanoma_6961.jpg,train,malignant,1289,76.0,23536,88.0,-1,-1
train/malignant/melanoma_6962.jpg,train,malignant,4899,94.0,1210,94.0,-1,-1
train/malignant/melanoma_6963.jpg,train,malignant,6156,92.0,5164,84.0,-1,-1
train/malignant/melanoma_6964.jpg,train,malignant,6041,90.0,13956,92.0,-1,-1
train/malignant/melanoma_6965.jpg,train,malignant,2818,90.0,10191,86.0,-1,-1
train/malignant/melanoma_6966.jpg,train,malignant,6866,84.0,28385,80.0,-1,-1
train/malignant/melanoma_6967.jpg,train,malignant,2081,0.0,9407,86.0,1,-1
train/malignant/melanoma_6968.jpg,train,malignant,1231,82.0,26459,86.0,-1,-1
train/malignant/melanoma_6969.jpg,train,malignant,7117,86.0,17480,84.0,-1,-1
train/malignant/melanoma_6970.jpg,train,malignant,7266,72.0,32622,66.0,-1,-1
train/malignant/melanoma_6971.jpg,train,malignant,6166,86.0,29414,90.0,-1,-1
train/malignant/melanoma_6972.jpg,train,malignant,1551,86.0,17954,86.0,-1,-1
train/malignant/melanoma_6973.jpg,train,malignant,9353,80.0,23782,0.0,-1,1
train/malignant/melanoma_6974.jpg,train,malignant,12,86.0,17131,88.0,-1,-1
train/malignant/melanoma_6975.jpg,train,malignant,5139,92.0,19189,88.0,-1,-1
train/malignant/melanoma_6976.jpg,train,malignant,1170,86.0,24459,82.0,-1,-1
train/malignant/melanoma_6977.jpg,train,malignant,814,78.0,5326,84.0,-1,-1
train/malignant/melanoma_6978.jpg,train,malignant,1333,2.0,11670,74.0,1,-1
train/malignant/melanoma_6979.jpg,train,malignant,311,90.0,2067,88.0,-1,-1
train/malignant/melanoma_6980.jpg,train,malignant,1381,90.0,18992,84.0,-1,-1
train/malignant/melanoma_6981.jpg,train,malignant,4144,94.0,13819,94.0,-1,-1
train/malignant/melanoma_6982.jpg,train,malignant,2478,82.0,25268,84.0,-1,-1
train/malignant/melanoma_6983.jpg,train,malignant,2180,92.0,29444,80.0,-1,-1
train/malignant/melanoma_6984.jpg,train,malignant,1521,82.0,14736,82.0,-1,-1
train/malignant/melanoma_6985.jpg,train,malignant,8785,78.0,23811,2.0,-1,1
train/malignant/melanoma_6986.jpg,train,malignant,835,78.0,5942,82.0,-1,-1
train/malignant/melanoma_6987.jpg,train,malignant,3901,82.0,9671,82.0,-1,-1
train/malignant/melanoma_6988.jpg,train,malignant,3553,90.0,15,92.0,-1,-1
train/malignant/melanoma_6989.jpg,train,malignant,2109,4.0,17207,84.0,1,-1
train/malignant/melanoma_6990.jpg,train,malignant,2161,66.0,23774,72.0,-1,-1
train/malignant/melanoma_6991.jpg,train,malignant,9454,86.0,22525,86.0,-1,-1
train/malignant/melanoma_6992.jpg,train,malignant,8961,92.0,19189,84.0,-1,-1
train/malignant/melanoma_6993.jpg,train,malignant,8002,84.0,15533,84.0,-1,-1
train/malignant/melanoma_6994.jpg,train,malignant,1562,86.0,10353,86.0,-1,-1
train/malignant/melanoma_6995.jpg,train,malignant,484,94.0,3548,80.0,-1,-1
train/malignant/melanoma_6996.jpg,train,malignant,5321,86.0,30586,76.0,-1,-1
train/malignant/melanoma_6997.jpg,train,malignant,9537,84.0,23816,2.0,-1,1
train/malignant/melanoma_6998.jpg,train,malignant,3306,94.0,14682,92.0,-1,-1
train/malignant/melanoma_6999.jpg,train,malignant,1009,84.0,956,86.0,-1,-1
train/malignant/melanoma_7000.jpg,train,malignant,1442,86.0,3025,84.0,-1,-1
train/malignant/melanoma_7001.jpg,train,malignant,2281,2.0,3448,86.0,1,-1
train/malignant/melanoma_7002.jpg,train,malignant,3818,84.0,19189,82.0,-1,-1
train/malignant/melanoma_7003.jpg,train,malignant,7873,90.0,3017,92.0,-1,-1
train/malignant/melanoma_7004.jpg,train,malignant,5022,86.0,2734,82.0,-1,-1
train/malignant/melanoma_7005.jpg,train,malignant,9070,92.0,7810,96.0,-1,-1
train/malignant/melanoma_7006.jpg,train,malignant,2241,92.0,18992,78.0,-1,-1
train/malignant/melanoma_7007.jpg,train,malignant,2462,84.0,16812,76.0,-1,-1
train/malignant/melanoma_7008.jpg,train,malignant,7113,84.0,9922,80.0,-1,-1
train/malignant/melanoma_7009.jpg,train,malignant,5511,86.0,15081,86.0,-1,-1
train/malignant/melanoma_7010.jpg,train,malignant,8445,84.0,23873,0.0,-1,1
train/malignant/melanoma_7011.jpg,train,malignant,7208,74.0,17399,76.0,-1,-1
train/malignant/melanoma_7012.jpg,train,malignant,2091,10.0,16302,88.0,1,-1
train/malignant/melanoma_7013.jpg,train,malignant,744,92.0,29444,62.0,-1,-1
train/malignant/melanoma_7014.jpg,train,malignant,3711,90.0,25144,90.0,-1,-1
train/malignant/melanoma_7015.jpg,train,malignant,6656,88.0,27560,88.0,-1,-1
train/malignant/melanoma_7016.jpg,train,malignant,7059,84.0,5745,72.0,-1,-1
train/malignant/melanoma_7017.jpg,train,malignant,7235,90.0,11546,86.0,-1,-1
train/malignant/melanoma_7018.jpg,train,malignant,1696,90.0,1423,78.0,-1,-1
train/malignant/melanoma_7019.jpg,train,malignant,102,80.0,15169,70.0,-1,-1
train/malignant/melanoma_7020.jpg,train,malignant,8889,82.0,18657,80.0,-1,-1
train/malignant/melanoma_7021.jpg,train,malignant,7088,76.0,11483,78.0,-1,-1
train/malignant/melanoma_7022.jpg,train,malignant,801,90.0,23901,0.0,-1,1
train/malignant/melanoma_7023.jpg,train,malignant,1953,4.0,8830,86.0,1,-1
train/malignant/melanoma_7024.jpg,train,malignant,2398,78.0,28485,76.0,-1,-1
train/malignant/melanoma_7025.jpg,train,malignant,4457,88.0,27020,86.0,-1,-1
train/malignant/melanoma_7026.jpg,train,malignant,1312,84.0,5006,76.0,-1,-1
train/malignant/melanoma_7027.jpg,train,malignant,2083,88.0,9005,86.0,-1,-1
train/malignant/melanoma_7028.jpg,train,malignant,7833,86.0,3993,94.0,-1,-1
train/malignant/melanoma_7029.jpg,train,malignant,7260,86.0,5201,88.0,-1,-1
train/malignant/melanoma_7030.jpg,train,malignant,12,82.0,31919,86.0,-1,-1
train/malignant/melanoma_7031.jpg,train,malignant,1552,86.0,18838,88.0,-1,-1
train/malignant/melanoma_7032.jpg,train,malignant,1880,84.0,28254,78.0,-1,-1
train/malignant/melanoma_7033.jpg,train,malignant,8385,92.0,18992,80.0,-1,-1
train/malignant/melanoma_7034.jpg,train,malignant,1350,4.0,1803,80.0,1,-1
train/malignant/melanoma_7035.jpg,train,malignant,1515,84.0,23920,0.0,-1,1
train/malignant/melanoma_7036.jpg,train,malignant,885,88.0,10191,82.0,-1,-1
train/malignant/melanoma_7037.jpg,train,malignant,744,84.0,6979,82.0,-1,-1
train/malignant/melanoma_7038.jpg,train,malignant,1813,86.0,28081,82.0,-1,-1
train/malignant/melanoma_7039.jpg,train,malignant,9803,86.0,7927,82.0,-1,-1
train/malignant/melanoma_7040.jpg,train,malignant,7872,64.0,30368,66.0,-1,-1
train/malignant/melanoma_7041.jpg,train,malignant,5081,88.0,3234,88.0,-1,-1
train/malignant/melanoma_7042.jpg,train,malignant,6712,86.0,3971,86.0,-1,-1
train/malignant/melanoma_7043.jpg,train,malignant,6703,92.0,32111,88.0,-1,-1
train/malignant/melanoma_7044.jpg,train,malignant,336,86.0,12338,80.0,-1,-1
train/malignant/melanoma_7045.jpg,train,malignant,1336,2.0,19627,84.0,1,-1
train/malignant/melanoma_7046.jpg,train,malignant,4658,92.0,27131,92.0,-1,-1
train/malignant/melanoma_7047.jpg,train,malignant,505,96.0,23985,2.0,-1,1
train/malignant/melanoma_7048.jpg,train,malignant,6716,84.0,246,74.0,-1,-1
train/malignant/melanoma_7049.jpg,train,malignant,8072,92.0,1743,84.0,-1,-1
train/malignant/melanoma_7050.jpg,train,malignant,5884,90.0,3887,88.0,-1,-1
train/malignant/melanoma_7051.jpg,train,malignant,5,94.0,29444,66.0,-1,-1
train/malignant/melanoma_7052.jpg,train,malignant,2620,96.0,9685,94.0,-1,-1
train/malignant/melanoma_7053.jpg,train,malignant,3123,94.0,1623,94.0,-1,-1
train/malignant/melanoma_7054.jpg,train,malignant,8717,86.0,29444,86.0,-1,-1
train/malignant/melanoma_7055.jpg,train,malignant,7105,78.0,30608,72.0,-1,-1
train/malignant/melanoma_7056.jpg,train,malignant,1281,2.0,28212,82.0,1,-1
train/malignant/melanoma_7057.jpg,train,malignant,668,88.0,22547,88.0,-1,-1
train/malignant/melanoma_7058.jpg,train,malignant,6607,90.0,5652,88.0,-1,-1
train/malignant/melanoma_7059.jpg,train,malignant,7832,90.0,23986,0.0,-1,1
train/malignant/melanoma_7060.jpg,train,malignant,2986,90.0,13259,86.0,-1,-1
train/malignant/melanoma_7061.jpg,train,malignant,1309,92.0,3967,88.0,-1,-1
train/malignant/melanoma_7062.jpg,train,malignant,5316,88.0,2957,88.0,-1,-1
train/malignant/melanoma_7063.jpg,train,malignant,2554,78.0,21649,80.0,-1,-1
train/malignant/melanoma_7064.jpg,train,malignant,4683,88.0,22099,92.0,-1,-1
train/malignant/melanoma_7065.jpg,train,malignant,2626,90.0,4732,86.0,-1,-1
train/malignant/melanoma_7066.jpg,train,malignant,1911,92.0,30702,88.0,-1,-1
train/malignant/melanoma_7067.jpg,train,malignant,6455,92.0,2577,92.0,-1,-1
train/malignant/melanoma_7068.jpg,train,malignant,2508,86.0,11147,86.0,-1,-1
train/malignant/melanoma_7069.jpg,train,malignant,3108,90.0,97,86.0,-1,-1
train/malignant/melanoma_7070.jpg,train,malignant,5369,86.0,30053,86.0,-1,-1
train/malignant/melanoma_7071.jpg,train,malignant,944,82.0,23991,4.0,-1,1
train/malignant/melanoma_7072.jpg,train,malignant,2595,80.0,5006,78.0,-1,-1
train/malignant/melanoma_7073.jpg,train,malignant,4646,88.0,17720,82.0,-1,-1
train/malignant/melanoma_7074.jpg,train,malignant,1170,88.0,1612,82.0,-1,-1
train/malignant/melanoma_7075.jpg,train,malignant,7276,82.0,11483,80.0,-1,-1
train/malignant/melanoma_7076.jpg,train,malignant,1053,90.0,6511,92.0,-1,-1
train/malignant/melanoma_7077.jpg,train,malignant,5394,90.0,19189,88.0,-1,-1
train/malignant/melanoma_7078.jpg,train,malignant,1962,0.0,126,92.0,1,-1
train/malignant/melanoma_7079.jpg,train,malignant,2855,94.0,19189,86.0,-1,-1
train/malignant/melanoma_7080.jpg,train,malignant,1266,94.0,11348,92.0,-1,-1
train/malignant/melanoma_7081.jpg,train,malignant,9038,92.0,11610,86.0,-1,-1
train/malignant/melanoma_7082.jpg,train,malignant,905,90.0,29444,86.0,-1,-1
train/malignant/melanoma_7083.jpg,train,malignant,1067,86.0,24068,2.0,-1,1
train/malignant/melanoma_7084.jpg,train,malignant,627,88.0,3488,82.0,-1,-1
train/malignant/melanoma_7085.jpg,train,malignant,7349,86.0,22671,78.0,-1,-1
train/malignant/melanoma_7086.jpg,train,malignant,2521,88.0,29444,76.0,-1,-1
train/malignant/melanoma_7087.jpg,train,malignant,3125,80.0,17887,82.0,-1,-1
train/malignant/melanoma_7088.jpg,train,malignant,878,86.0,8576,78.0,-1,-1
train/malignant/melanoma_7089.jpg,train,malignant,5644,70.0,11449,70.0,-1,-1
train/malignant/melanoma_7090.jpg,train,malignant,8794,80.0,23152,78.0,-1,-1
train/malignant/melanoma_7091.jpg,train,malignant,1553,76.0,25366,74.0,-1,-1
train/malignant/melanoma_7092.jpg,train,malignant,311,92.0,22966,90.0,-1,-1
train/malignant/melanoma_7093.jpg,train,malignant,7154,84.0,4278,86.0,-1,-1
train/malignant/melanoma_7094.jpg,train,malignant,4595,90.0,29855,86.0,-1,-1
train/malignant/melanoma_7095.jpg,train,malignant,276,90.0,1710,78.0,-1,-1
train/malignant/melanoma_7096.jpg,train,malignant,5963,90.0,9893,0.0,-1,1
train/malignant/melanoma_7097.jpg,train,malignant,1268,84.0,23971,76.0,-1,-1
train/malignant/melanoma_7098.jpg,train,malignant,4143,96.0,22149,90.0,-1,-1
train/malignant/melanoma_7099.jpg,train,malignant,585,96.0,7709,92.0,-1,-1
train/malignant/melanoma_7100.jpg,train,malignant,1345,6.0,32288,62.0,1,-1
train/malignant/melanoma_7101.jpg,train,malignant,4196,92.0,1710,88.0,-1,-1
train/malignant/melanoma_7102.jpg,train,malignant,1603,82.0,8210,80.0,-1,-1
train/malignant/melanoma_7103.jpg,train,malignant,760,92.0,1912,94.0,-1,-1
train/malignant/melanoma_7104.jpg,train,malignant,28,88.0,12131,82.0,-1,-1
train/malignant/melanoma_7105.jpg,train,malignant,8145,90.0,19189,80.0,-1,-1
train/malignant/melanoma_7106.jpg,train,malignant,3592,94.0,29370,92.0,-1,-1
train/malignant/melanoma_7107.jpg,train,malignant,734,88.0,736,84.0,-1,-1
train/malignant/melanoma_7108.jpg,train,malignant,1428,94.0,24072,4.0,-1,1
train/malignant/melanoma_7109.jpg,train,malignant,3908,90.0,4267,90.0,-1,-1
train/malignant/melanoma_7110.jpg,train,malignant,871,94.0,19189,86.0,-1,-1
train/malignant/melanoma_7111.jpg,train,malignant,7209,86.0,5526,84.0,-1,-1
train/malignant/melanoma_7112.jpg,train,malignant,1466,2.0,16276,76.0,1,-1
train/malignant/melanoma_7113.jpg,train,malignant,1928,86.0,25063,88.0,-1,-1
train/malignant/melanoma_7114.jpg,train,malignant,3532,92.0,8571,88.0,-1,-1
train/malignant/melanoma_7115.jpg,train,malignant,1266,90.0,23100,86.0,-1,-1
train/malignant/melanoma_7116.jpg,train,malignant,7425,66.0,10949,82.0,-1,-1
train/malignant/melanoma_7117.jpg,train,malignant,1416,88.0,19278,86.0,-1,-1
train/malignant/melanoma_7118.jpg,train,malignant,1126,90.0,22259,86.0,-1,-1
train/malignant/melanoma_7119.jpg,train,malignant,1641,84.0,1494,90.0,-1,-1
train/malignant/melanoma_7120.jpg,train,malignant,879,92.0,15280,84.0,-1,-1
train/malignant/melanoma_7121.jpg,train,malignant,795,96.0,24194,0.0,-1,1
train/malignant/melanoma_7122.jpg,train,malignant,820,74.0,13669,80.0,-1,-1
train/malignant/melanoma_7123.jpg,train,malignant,1293,2.0,5585,72.0,1,-1
train/malignant/melanoma_7124.jpg,train,malignant,1170,82.0,14113,76.0,-1,-1
train/malignant/melanoma_7125.jpg,train,malignant,7395,74.0,1463,76.0,-1,-1
train/malignant/melanoma_7126.jpg,train,malignant,5823,90.0,22103,86.0,-1,-1
train/malignant/melanoma_7127.jpg,train,malignant,5111,86.0,16750,88.0,-1,-1
train/malignant/melanoma_7128.jpg,train,malignant,1511,88.0,28902,88.0,-1,-1
train/malignant/melanoma_7129.jpg,train,malignant,1973,92.0,5295,92.0,-1,-1
train/malignant/melanoma_7130.jpg,train,malignant,128,78.0,8078,80.0,-1,-1
train/malignant/melanoma_7131.jpg,train,malignant,871,92.0,29444,78.0,-1,-1
train/malignant/melanoma_7132.jpg,train,malignant,6233,84.0,25296,90.0,-1,-1
train/malignant/melanoma_7133.jpg,train,malignant,9460,88.0,24353,2.0,-1,1
train/malignant/melanoma_7134.jpg,train,malignant,1975,2.0,12975,70.0,1,-1
train/malignant/melanoma_7135.jpg,train,malignant,77,92.0,6281,86.0,-1,-1
train/malignant/melanoma_7136.jpg,train,malignant,90,92.0,10191,88.0,-1,-1
train/malignant/melanoma_7137.jpg,train,malignant,622,88.0,24456,88.0,-1,-1
train/malignant/melanoma_7138.jpg,train,malignant,3732,88.0,4191,84.0,-1,-1
train/malignant/melanoma_7139.jpg,train,malignant,4904,88.0,6344,88.0,-1,-1
train/malignant/melanoma_7140.jpg,train,malignant,167,90.0,12627,92.0,-1,-1
train/malignant/melanoma_7141.jpg,train,malignant,9101,82.0,3234,84.0,-1,-1
train/malignant/melanoma_7142.jpg,train,malignant,2797,86.0,5928,88.0,-1,-1
train/malignant/melanoma_7143.jpg,train,malignant,9420,88.0,358,90.0,-1,-1
train/malignant/melanoma_7144.jpg,train,malignant,2805,90.0,205,88.0,-1,-1
train/malignant/melanoma_7145.jpg,train,malignant,1977,2.0,29526,90.0,1,-1
train/malignant/melanoma_7146.jpg,train,malignant,449,86.0,24376,2.0,-1,1
train/malignant/melanoma_7147.jpg,train,malignant,442,88.0,26402,88.0,-1,-1
train/malignant/melanoma_7148.jpg,train,malignant,2797,84.0,736,82.0,-1,-1
train/malignant/melanoma_7149.jpg,train,malignant,832,86.0,19724,84.0,-1,-1
train/malignant/melanoma_7150.jpg,train,malignant,98,88.0,1019,90.0,-1,-1
train/malignant/melanoma_7151.jpg,train,malignant,859,74.0,30608,76.0,-1,-1
train/malignant/melanoma_7152.jpg,train,malignant,1616,90.0,29444,84.0,-1,-1
train/malignant/melanoma_7153.jpg,train,malignant,9568,86.0,15998,82.0,-1,-1
train/malignant/melanoma_7154.jpg,train,malignant,403,90.0,5510,94.0,-1,-1
train/malignant/melanoma_7155.jpg,train,malignant,8085,74.0,3525,74.0,-1,-1
train/malignant/melanoma_7156.jpg,train,malignant,2211,2.0,3695,88.0,1,-1
train/malignant/melanoma_7157.jpg,train,malignant,24,82.0,8278,78.0,-1,-1
train/malignant/melanoma_7158.jpg,train,malignant,759,92.0,24439,2.0,-1,1
train/malignant/melanoma_7159.jpg,train,malignant,6560,88.0,8274,88.0,-1,-1
train/malignant/melanoma_7160.jpg,train,malignant,8334,90.0,8022,92.0,-1,-1
train/malignant/melanoma_7161.jpg,train,malignant,1950,92.0,11333,90.0,-1,-1
train/malignant/melanoma_7162.jpg,train,malignant,2762,88.0,1338,92.0,-1,-1
train/malignant/melanoma_7163.jpg,train,malignant,1329,94.0,19602,86.0,-1,-1
train/malignant/melanoma_7164.jpg,train,malignant,5258,96.0,7848,94.0,-1,-1
train/malignant/melanoma_7165.jpg,train,malignant,6996,48.0,29782,54.0,-1,-1
train/malignant/melanoma_7166.jpg,train,malignant,5526,88.0,19189,78.0,-1,-1
train/malignant/melanoma_7167.jpg,train,malignant,1985,0.0,20514,92.0,1,-1
train/malignant/melanoma_7168.jpg,train,malignant,6912,82.0,19174,74.0,-1,-1
train/malignant/melanoma_7169.jpg,train,malignant,4202,86.0,31970,86.0,-1,-1
train/malignant/melanoma_7170.jpg,train,malignant,1767,88.0,24485,4.0,-1,1
train/malignant/melanoma_7171.jpg,train,malignant,1124,86.0,25180,80.0,-1,-1
train/malignant/melanoma_7172.jpg,train,malignant,9999,90.0,14764,90.0,-1,-1
train/malignant/melanoma_7173.jpg,train,malignant,9201,86.0,18766,84.0,-1,-1
train/malignant/melanoma_7174.jpg,train,malignant,7933,74.0,11794,84.0,-1,-1
train/malignant/melanoma_7175.jpg,train,malignant,199,82.0,23260,86.0,-1,-1
train/malignant/melanoma_7176.jpg,train,malignant,1684,92.0,20784,88.0,-1,-1
train/malignant/melanoma_7177.jpg,train,malignant,8556,92.0,16120,84.0,-1,-1
train/malignant/melanoma_7178.jpg,train,malignant,2094,2.0,4060,78.0,1,-1
train/malignant/melanoma_7179.jpg,train,malignant,9603,90.0,12904,90.0,-1,-1
train/malignant/melanoma_7180.jpg,train,malignant,8375,92.0,392,96.0,-1,-1
train/malignant/melanoma_7181.jpg,train,malignant,7722,90.0,4219,84.0,-1,-1
train/malignant/melanoma_7182.jpg,train,malignant,1909,72.0,24551,2.0,-1,1
train/malignant/melanoma_7183.jpg,train,malignant,20,88.0,29444,72.0,-1,-1
train/malignant/melanoma_7184.jpg,train,malignant,6982,86.0,15663,82.0,-1,-1
train/malignant/melanoma_7185.jpg,train,malignant,1780,88.0,16053,88.0,-1,-1
train/malignant/melanoma_7186.jpg,train,malignant,6768,72.0,9156,80.0,-1,-1
train/malignant/melanoma_7187.jpg,train,malignant,1000,94.0,10191,82.0,-1,-1
train/malignant/melanoma_7188.jpg,train,malignant,3440,90.0,432,92.0,-1,-1
train/malignant/melanoma_7189.jpg,train,malignant,7768,84.0,5451,86.0,-1,-1
train/malignant/melanoma_7190.jpg,train,malignant,597,78.0,476,78.0,-1,-1
train/malignant/melanoma_7191.jpg,train,malignant,2034,86.0,3920,88.0,-1,-1
train/malignant/melanoma_7192.jpg,train,malignant,7774,86.0,24476,86.0,-1,-1
train/malignant/melanoma_7193.jpg,train,malignant,2385,94.0,8567,90.0,-1,-1
train/malignant/melanoma_7194.jpg,train,malignant,7942,78.0,24595,2.0,-1,1
train/malignant/melanoma_7195.jpg,train,malignant,1361,90.0,23368,92.0,-1,-1
train/malignant/melanoma_7196.jpg,train,malignant,3037,86.0,16982,88.0,-1,-1
train/malignant/melanoma_7197.jpg,train,malignant,5673,90.0,2022,88.0,-1,-1
train/malignant/melanoma_7198.jpg,train,malignant,4196,88.0,3323,90.0,-1,-1
train/malignant/melanoma_7199.jpg,train,malignant,9038,94.0,8850,92.0,-1,-1
train/malignant/melanoma_7200.jpg,train,malignant,2252,2.0,17553,56.0,1,-1
train/malignant/melanoma_7201.jpg,train,malignant,5458,88.0,4031,88.0,-1,-1
train/malignant/melanoma_7202.jpg,train,malignant,1559,98.0,22341,94.0,-1,-1
train/malignant/melanoma_7203.jpg,train,malignant,4555,92.0,19823,96.0,-1,-1
train/malignant/melanoma_7204.jpg,train,malignant,798,94.0,19189,76.0,-1,-1
train/malignant/melanoma_7205.jpg,train,malignant,9265,84.0,2383,80.0,-1,-1
train/malignant/melanoma_7206.jpg,train,malignant,855,88.0,24623,2.0,-1,1
train/malignant/melanoma_7207.jpg,train,malignant,673,90.0,772,90.0,-1,-1
train/malignant/melanoma_7208.jpg,train,malignant,1955,90.0,1659,94.0,-1,-1
train/malignant/melanoma_7209.jpg,train,malignant,167,94.0,9972,90.0,-1,-1
train/malignant/melanoma_7210.jpg,train,malignant,2050,92.0,23634,88.0,-1,-1
train/malignant/melanoma_7211.jpg,train,malignant,2084,4.0,31575,82.0,1,-1
train/malignant/melanoma_7212.jpg,train,malignant,349,92.0,18992,76.0,-1,-1
train/malignant/melanoma_7213.jpg,train,malignant,5540,88.0,25968,90.0,-1,-1
train/malignant/melanoma_7214.jpg,train,malignant,5433,88.0,3337,90.0,-1,-1
train/malignant/melanoma_7215.jpg,train,malignant,7101,90.0,5246,92.0,-1,-1
train/malignant/melanoma_7216.jpg,train,malignant,580,84.0,8108,82.0,-1,-1
train/malignant/melanoma_7217.jpg,train,malignant,622,90.0,4569,94.0,-1,-1
train/malignant/melanoma_7218.jpg,train,malignant,8894,66.0,12368,60.0,-1,-1
train/malignant/melanoma_7219.jpg,train,malignant,4929,90.0,24731,4.0,-1,1
train/malignant/melanoma_7220.jpg,train,malignant,28,88.0,22696,84.0,-1,-1
train/malignant/melanoma_7221.jpg,train,malignant,4972,92.0,8634,92.0,-1,-1
train/malignant/melanoma_7222.jpg,train,malignant,121,82.0,20879,78.0,-1,-1
train/malignant/melanoma_7223.jpg,train,malignant,2054,90.0,4800,86.0,-1,-1
train/malignant/melanoma_7224.jpg,train,malignant,2139,86.0,17347,86.0,-1,-1
train/malignant/melanoma_7225.jpg,train,malignant,20,90.0,18992,86.0,-1,-1
train/malignant/melanoma_7226.jpg,train,malignant,6104,96.0,1399,96.0,-1,-1
train/malignant/melanoma_7227.jpg,train,malignant,5447,92.0,25624,90.0,-1,-1
train/malignant/melanoma_7228.jpg,train,malignant,663,94.0,10903,94.0,-1,-1
train/malignant/melanoma_7229.jpg,train,malignant,2913,96.0,25753,96.0,-1,-1
train/malignant/melanoma_7230.jpg,train,malignant,7749,86.0,14095,84.0,-1,-1
train/malignant/melanoma_7231.jpg,train,malignant,7326,92.0,19189,88.0,-1,-1
train/malignant/melanoma_7232.jpg,train,malignant,2624,90.0,11205,94.0,-1,-1
train/malignant/melanoma_7233.jpg,train,malignant,3839,78.0,9928,2.0,-1,1
train/malignant/melanoma_7234.jpg,train,malignant,3413,94.0,6704,92.0,-1,-1
train/malignant/melanoma_7235.jpg,train,malignant,2015,2.0,21144,94.0,1,-1
train/malignant/melanoma_7236.jpg,train,malignant,4482,90.0,14060,88.0,-1,-1
train/malignant/melanoma_7237.jpg,train,malignant,8631,92.0,22004,86.0,-1,-1
train/malignant/melanoma_7238.jpg,train,malignant,7189,90.0,16691,86.0,-1,-1
train/malignant/melanoma_7239.jpg,train,malignant,627,82.0,8042,86.0,-1,-1
train/malignant/melanoma_7240.jpg,train,malignant,696,90.0,22569,92.0,-1,-1
train/malignant/melanoma_7241.jpg,train,malignant,3945,78.0,6513,76.0,-1,-1
train/malignant/melanoma_7242.jpg,train,malignant,611,94.0,10191,86.0,-1,-1
train/malignant/melanoma_7243.jpg,train,malignant,862,86.0,18855,84.0,-1,-1
train/malignant/melanoma_7244.jpg,train,malignant,6402,88.0,18148,90.0,-1,-1
train/malignant/melanoma_7245.jpg,train,malignant,7618,78.0,24845,2.0,-1,1
train/malignant/melanoma_7246.jpg,train,malignant,1361,2.0,32070,74.0,1,-1
train/malignant/melanoma_7247.jpg,train,malignant,3059,86.0,11552,92.0,-1,-1
train/malignant/melanoma_7248.jpg,train,malignant,2483,88.0,10867,84.0,-1,-1
train/malignant/melanoma_7249.jpg,train,malignant,1610,90.0,10191,82.0,-1,-1
train/malignant/melanoma_7250.jpg,train,malignant,4533,84.0,7856,92.0,-1,-1
train/malignant/melanoma_7251.jpg,train,malignant,5648,74.0,315,76.0,-1,-1
train/malignant/melanoma_7252.jpg,train,malignant,8785,90.0,699,88.0,-1,-1
train/malignant/melanoma_7253.jpg,train,malignant,9789,90.0,15360,80.0,-1,-1
train/malignant/melanoma_7254.jpg,train,malignant,1670,82.0,9480,76.0,-1,-1
train/malignant/melanoma_7255.jpg,train,malignant,81,96.0,19189,86.0,-1,-1
train/malignant/melanoma_7256.jpg,train,malignant,5720,92.0,16954,94.0,-1,-1
train/malignant/melanoma_7257.jpg,train,malignant,1300,4.0,3414,74.0,1,-1
train/malignant/melanoma_7258.jpg,train,malignant,4134,86.0,24848,6.0,-1,1
train/malignant/melanoma_7259.jpg,train,malignant,286,90.0,17603,90.0,-1,-1
train/malignant/melanoma_7260.jpg,train,malignant,3330,96.0,4921,98.0,-1,-1
train/malignant/melanoma_7261.jpg,train,malignant,8225,88.0,22780,92.0,-1,-1
train/malignant/melanoma_7262.jpg,train,malignant,4912,92.0,3244,92.0,-1,-1
train/malignant/melanoma_7263.jpg,train,malignant,865,86.0,8777,80.0,-1,-1
train/malignant/melanoma_7264.jpg,train,malignant,8642,86.0,11545,90.0,-1,-1
train/malignant/melanoma_7265.jpg,train,malignant,7590,90.0,19189,80.0,-1,-1
train/malignant/melanoma_7266.jpg,train,malignant,2007,88.0,28343,88.0,-1,-1
train/malignant/melanoma_7267.jpg,train,malignant,20,90.0,29444,80.0,-1,-1
train/malignant/melanoma_7268.jpg,train,malignant,2308,2.0,741,90.0,1,-1
train/malignant/melanoma_7269.jpg,train,malignant,8854,80.0,3193,76.0,-1,-1
train/malignant/melanoma_7270.jpg,train,malignant,8237,88.0,24887,2.0,-1,1
train/malignant/melanoma_7271.jpg,train,malignant,3298,88.0,26715,88.0,-1,-1
train/malignant/melanoma_7272.jpg,train,malignant,8811,70.0,87,74.0,-1,-1
train/malignant/melanoma_7273.jpg,train,malignant,1791,82.0,18564,80.0,-1,-1
train/malignant/melanoma_7274.jpg,train,malignant,8763,76.0,7313,70.0,-1,-1
train/malignant/melanoma_7275.jpg,train,malignant,355,90.0,10191,88.0,-1,-1
train/malignant/melanoma_7276.jpg,train,malignant,2010,94.0,31070,90.0,-1,-1
train/malignant/melanoma_7277.jpg,train,malignant,1689,90.0,23277,88.0,-1,-1
train/malignant/melanoma_7278.jpg,train,malignant,5656,94.0,6356,88.0,-1,-1
train/malignant/melanoma_7279.jpg,train,malignant,2167,0.0,2415,88.0,1,-1
train/malignant/melanoma_7280.jpg,train,malignant,2533,88.0,12315,84.0,-1,-1
train/malignant/melanoma_7281.jpg,train,malignant,7139,84.0,6535,82.0,-1,-1
train/malignant/melanoma_7282.jpg,train,malignant,1790,70.0,25001,2.0,-1,1
train/malignant/melanoma_7283.jpg,train,malignant,90,90.0,29444,78.0,-1,-1
train/malignant/melanoma_7284.jpg,train,malignant,383,82.0,21186,80.0,-1,-1
train/malignant/melanoma_7285.jpg,train,malignant,5983,64.0,17616,80.0,-1,-1
train/malignant/melanoma_7286.jpg,train,malignant,6051,88.0,24399,84.0,-1,-1
train/malignant/melanoma_7287.jpg,train,malignant,887,84.0,30751,82.0,-1,-1
train/malignant/melanoma_7288.jpg,train,malignant,3977,88.0,31652,90.0,-1,-1
train/malignant/melanoma_7289.jpg,train,malignant,973,86.0,11700,84.0,-1,-1
train/malignant/melanoma_7290.jpg,train,malignant,1331,0.0,1160,76.0,1,-1
train/malignant/melanoma_7291.jpg,train,malignant,7425,90.0,18559,88.0,-1,-1
train/malignant/melanoma_7292.jpg,train,malignant,6412,88.0,12374,88.0,-1,-1
train/malignant/melanoma_7293.jpg,train,malignant,9450,90.0,340,96.0,-1,-1
train/malignant/melanoma_7294.jpg,train,malignant,7428,88.0,25012,2.0,-1,1
train/malignant/melanoma_7295.jpg,train,malignant,383,90.0,32624,86.0,-1,-1
train/malignant/melanoma_7296.jpg,train,malignant,3555,92.0,2435,90.0,-1,-1
train/malignant/melanoma_7297.jpg,train,malignant,4891,90.0,3742,92.0,-1,-1
train/malignant/melanoma_7298.jpg,train,malignant,2199,82.0,7666,86.0,-1,-1
train/malignant/melanoma_7299.jpg,train,malignant,9789,92.0,10191,80.0,-1,-1
train/malignant/melanoma_7300.jpg,train,malignant,2192,62.0,18764,56.0,-1,-1
train/malignant/melanoma_7301.jpg,train,malignant,1267,0.0,30120,88.0,1,-1
train/malignant/melanoma_7302.jpg,train,malignant,1576,80.0,5879,84.0,-1,-1
train/malignant/melanoma_7303.jpg,train,malignant,3054,90.0,7301,86.0,-1,-1
train/malignant/melanoma_7304.jpg,train,malignant,5594,90.0,5872,88.0,-1,-1
train/malignant/melanoma_7305.jpg,train,malignant,6551,94.0,8952,86.0,-1,-1
train/malignant/melanoma_7306.jpg,train,malignant,445,88.0,25066,4.0,-1,1
train/malignant/melanoma_7307.jpg,train,malignant,437,94.0,10135,86.0,-1,-1
train/malignant/melanoma_7308.jpg,train,malignant,1518,84.0,29842,82.0,-1,-1
train/malignant/melanoma_7309.jpg,train,malignant,897,72.0,9672,82.0,-1,-1
train/malignant/melanoma_7310.jpg,train,malignant,7904,88.0,15396,90.0,-1,-1
train/malignant/melanoma_7311.jpg,train,malignant,6060,84.0,8634,78.0,-1,-1
train/malignant/melanoma_7312.jpg,train,malignant,1113,76.0,14640,84.0,-1,-1
train/malignant/melanoma_7313.jpg,train,malignant,7773,76.0,19418,74.0,-1,-1
train/malignant/melanoma_7314.jpg,train,malignant,2044,90.0,12325,86.0,-1,-1
train/malignant/melanoma_7315.jpg,train,malignant,5739,90.0,30903,86.0,-1,-1
train/malignant/melanoma_7316.jpg,train,malignant,3129,92.0,19122,88.0,-1,-1
train/malignant/melanoma_7317.jpg,train,malignant,1594,94.0,7119,90.0,-1,-1
train/malignant/melanoma_7318.jpg,train,malignant,7744,58.0,25104,0.0,-1,1
train/malignant/melanoma_7319.jpg,train,malignant,2130,88.0,13869,88.0,-1,-1
train/malignant/melanoma_7320.jpg,train,malignant,6271,84.0,25051,80.0,-1,-1
train/malignant/melanoma_7321.jpg,train,malignant,3996,88.0,19189,86.0,-1,-1
train/malignant/melanoma_7322.jpg,train,malignant,5088,94.0,11454,92.0,-1,-1
train/malignant/melanoma_7323.jpg,train,malignant,2291,8.0,30642,84.0,1,-1
train/malignant/melanoma_7324.jpg,train,malignant,9658,70.0,30751,74.0,-1,-1
train/malignant/melanoma_7325.jpg,train,malignant,7568,86.0,29444,80.0,-1,-1
train/malignant/melanoma_7326.jpg,train,malignant,7284,92.0,8681,92.0,-1,-1
train/malignant/melanoma_7327.jpg,train,malignant,4333,76.0,28122,70.0,-1,-1
train/malignant/melanoma_7328.jpg,train,malignant,9990,92.0,6134,90.0,-1,-1
train/malignant/melanoma_7329.jpg,train,malignant,6046,92.0,20972,84.0,-1,-1
train/malignant/melanoma_7330.jpg,train,malignant,190,90.0,25211,4.0,-1,1
train/malignant/melanoma_7331.jpg,train,malignant,1304,86.0,9418,88.0,-1,-1
train/malignant/melanoma_7332.jpg,train,malignant,5352,90.0,29103,92.0,-1,-1
train/malignant/melanoma_7333.jpg,train,malignant,6683,84.0,15292,84.0,-1,-1
train/malignant/melanoma_7334.jpg,train,malignant,4692,92.0,541,92.0,-1,-1
train/malignant/melanoma_7335.jpg,train,malignant,2040,6.0,23522,76.0,1,-1
train/malignant/melanoma_7336.jpg,train,malignant,1833,90.0,3551,82.0,-1,-1
train/malignant/melanoma_7337.jpg,train,malignant,1960,94.0,18992,76.0,-1,-1
train/malignant/melanoma_7338.jpg,train,malignant,6257,90.0,415,92.0,-1,-1
train/malignant/melanoma_7339.jpg,train,malignant,5632,88.0,5599,88.0,-1,-1
train/malignant/melanoma_7340.jpg,train,malignant,807,92.0,25247,88.0,-1,-1
train/malignant/melanoma_7341.jpg,train,malignant,4613,92.0,4219,86.0,-1,-1
train/malignant/melanoma_7342.jpg,train,malignant,1686,92.0,4928,86.0,-1,-1
train/malignant/melanoma_7343.jpg,train,malignant,9371,76.0,27741,64.0,-1,-1
train/malignant/melanoma_7344.jpg,train,malignant,9584,88.0,25236,2.0,-1,1
train/malignant/melanoma_7345.jpg,train,malignant,4742,92.0,26246,92.0,-1,-1
train/malignant/melanoma_7346.jpg,train,malignant,2073,2.0,6674,90.0,1,-1
train/malignant/melanoma_7347.jpg,train,malignant,20,92.0,15915,84.0,-1,-1
train/malignant/melanoma_7348.jpg,train,malignant,2595,84.0,24144,82.0,-1,-1
train/malignant/melanoma_7349.jpg,train,malignant,3717,88.0,32092,88.0,-1,-1
train/malignant/melanoma_7350.jpg,train,malignant,7773,80.0,8108,84.0,-1,-1
train/malignant/melanoma_7351.jpg,train,malignant,8086,92.0,10852,94.0,-1,-1
train/malignant/melanoma_7352.jpg,train,malignant,1761,78.0,14640,72.0,-1,-1
train/malignant/melanoma_7353.jpg,train,malignant,942,94.0,29444,82.0,-1,-1
train/malignant/melanoma_7354.jpg,train,malignant,1276,76.0,196,70.0,-1,-1
train/malignant/melanoma_7355.jpg,train,malignant,464,92.0,18992,80.0,-1,-1
train/malignant/melanoma_7356.jpg,train,malignant,1459,84.0,25282,2.0,-1,1
train/malignant/melanoma_7357.jpg,train,malignant,1012,90.0,14582,88.0,-1,-1
train/malignant/melanoma_7358.jpg,train,malignant,4588,80.0,22917,78.0,-1,-1
train/malignant/melanoma_7359.jpg,train,malignant,2603,94.0,18682,88.0,-1,-1
train/malignant/melanoma_7360.jpg,train,malignant,5219,90.0,32512,88.0,-1,-1
train/malignant/melanoma_7361.jpg,train,malignant,121,92.0,12487,84.0,-1,-1
train/malignant/melanoma_7362.jpg,train,malignant,1342,78.0,8960,84.0,-1,-1
train/malignant/melanoma_7363.jpg,train,malignant,8256,78.0,2553,84.0,-1,-1
train/malignant/melanoma_7364.jpg,train,malignant,1461,94.0,5063,84.0,-1,-1
train/malignant/melanoma_7365.jpg,train,malignant,820,80.0,20323,84.0,-1,-1
train/malignant/melanoma_7366.jpg,train,malignant,1885,72.0,19174,72.0,-1,-1
train/malignant/melanoma_7367.jpg,train,malignant,9526,86.0,29444,74.0,-1,-1
train/malignant/melanoma_7368.jpg,train,malignant,1435,2.0,5423,66.0,1,-1
train/malignant/melanoma_7369.jpg,train,malignant,2695,90.0,8817,2.0,-1,1
train/malignant/melanoma_7370.jpg,train,malignant,9346,88.0,1210,86.0,-1,-1
train/malignant/melanoma_7371.jpg,train,malignant,862,90.0,5526,88.0,-1,-1
train/malignant/melanoma_7372.jpg,train,malignant,1000,90.0,29444,76.0,-1,-1
train/malignant/melanoma_7373.jpg,train,malignant,104,80.0,10273,80.0,-1,-1
train/malignant/melanoma_7374.jpg,train,malignant,120,78.0,25180,74.0,-1,-1
train/malignant/melanoma_7375.jpg,train,malignant,20,86.0,29444,64.0,-1,-1
train/malignant/melanoma_7376.jpg,train,malignant,8445,82.0,22032,82.0,-1,-1
train/malignant/melanoma_7377.jpg,train,malignant,1638,88.0,4908,88.0,-1,-1
train/malignant/melanoma_7378.jpg,train,malignant,5091,96.0,26774,90.0,-1,-1
train/malignant/melanoma_7379.jpg,train,malignant,2076,2.0,2448,86.0,1,-1
train/malignant/melanoma_7380.jpg,train,malignant,8250,88.0,11704,90.0,-1,-1
train/malignant/melanoma_7381.jpg,train,malignant,322,90.0,9940,0.0,-1,1
train/malignant/melanoma_7382.jpg,train,malignant,1779,76.0,19961,68.0,-1,-1
train/malignant/melanoma_7383.jpg,train,malignant,9689,92.0,13697,90.0,-1,-1
train/malignant/melanoma_7384.jpg,train,malignant,4585,88.0,5201,84.0,-1,-1
train/malignant/melanoma_7385.jpg,train,malignant,1949,86.0,3662,88.0,-1,-1
train/malignant/melanoma_7386.jpg,train,malignant,8830,76.0,19033,82.0,-1,-1
train/malignant/melanoma_7387.jpg,train,malignant,164,78.0,15816,72.0,-1,-1
train/malignant/melanoma_7388.jpg,train,malignant,249,94.0,21134,92.0,-1,-1
train/malignant/melanoma_7389.jpg,train,malignant,3857,88.0,31840,88.0,-1,-1
train/malignant/melanoma_7390.jpg,train,malignant,1264,2.0,7409,88.0,1,-1
train/malignant/melanoma_7391.jpg,train,malignant,263,70.0,4241,70.0,-1,-1
train/malignant/melanoma_7392.jpg,train,malignant,20,96.0,18992,82.0,-1,-1
train/malignant/melanoma_7393.jpg,train,malignant,7722,64.0,25334,2.0,-1,1
train/malignant/melanoma_7394.jpg,train,malignant,1575,72.0,14493,76.0,-1,-1
train/malignant/melanoma_7395.jpg,train,malignant,2511,82.0,13571,82.0,-1,-1
train/malignant/melanoma_7396.jpg,train,malignant,1552,90.0,1648,88.0,-1,-1
train/malignant/melanoma_7397.jpg,train,malignant,7265,78.0,13265,84.0,-1,-1
train/malignant/melanoma_7398.jpg,train,malignant,90,90.0,29444,88.0,-1,-1
train/malignant/melanoma_7399.jpg,train,malignant,7686,88.0,31201,92.0,-1,-1
train/malignant/melanoma_7400.jpg,train,malignant,188,86.0,11279,84.0,-1,-1
train/malignant/melanoma_7401.jpg,train,malignant,1242,2.0,6824,64.0,1,-1
train/malignant/melanoma_7402.jpg,train,malignant,4286,96.0,9119,92.0,-1,-1
train/malignant/melanoma_7403.jpg,train,malignant,1050,84.0,32389,84.0,-1,-1
train/malignant/melanoma_7404.jpg,train,malignant,7942,86.0,19189,92.0,-1,-1
train/malignant/melanoma_7405.jpg,train,malignant,1170,78.0,25417,4.0,-1,1
train/malignant/melanoma_7406.jpg,train,malignant,862,92.0,19275,86.0,-1,-1
train/malignant/melanoma_7407.jpg,train,malignant,2453,92.0,29962,90.0,-1,-1
train/malignant/melanoma_7408.jpg,train,malignant,34,90.0,29444,66.0,-1,-1
train/malignant/melanoma_7409.jpg,train,malignant,4132,94.0,24992,88.0,-1,-1
train/malignant/melanoma_7410.jpg,train,malignant,1780,90.0,19365,90.0,-1,-1
train/malignant/melanoma_7411.jpg,train,malignant,4962,80.0,16777,84.0,-1,-1
train/malignant/melanoma_7412.jpg,train,malignant,1972,2.0,15187,80.0,1,-1
train/malignant/melanoma_7413.jpg,train,malignant,9066,84.0,13653,80.0,-1,-1
train/malignant/melanoma_7414.jpg,train,malignant,5586,96.0,23388,90.0,-1,-1
train/malignant/melanoma_7415.jpg,train,malignant,14,92.0,19189,82.0,-1,-1
train/malignant/melanoma_7416.jpg,train,malignant,7340,88.0,10669,88.0,-1,-1
train/malignant/melanoma_7417.jpg,train,malignant,7474,86.0,25423,2.0,-1,1
train/malignant/melanoma_7418.jpg,train,malignant,798,94.0,19189,82.0,-1,-1
train/malignant/melanoma_7419.jpg,train,malignant,1267,86.0,14812,82.0,-1,-1
train/malignant/melanoma_7420.jpg,train,malignant,2591,84.0,24594,86.0,-1,-1
train/malignant/melanoma_7421.jpg,train,malignant,9438,90.0,4219,88.0,-1,-1
train/malignant/melanoma_7422.jpg,train,malignant,4828,86.0,4055,88.0,-1,-1
train/malignant/melanoma_7423.jpg,train,malignant,1999,4.0,4067,74.0,1,-1
train/malignant/melanoma_7424.jpg,train,malignant,1248,88.0,18992,78.0,-1,-1
train/malignant/melanoma_7425.jpg,train,malignant,8609,88.0,13242,88.0,-1,-1
train/malignant/melanoma_7426.jpg,train,malignant,375,96.0,5075,92.0,-1,-1
train/malignant/melanoma_7427.jpg,train,malignant,6345,88.0,17942,86.0,-1,-1
train/malignant/melanoma_7428.jpg,train,malignant,597,88.0,2609,82.0,-1,-1
train/malignant/melanoma_7429.jpg,train,malignant,4731,92.0,25460,2.0,-1,1
train/malignant/melanoma_7430.jpg,train,malignant,5970,66.0,17364,62.0,-1,-1
train/malignant/melanoma_7431.jpg,train,malignant,7109,76.0,5395,70.0,-1,-1
train/malignant/melanoma_7432.jpg,train,malignant,7653,80.0,14297,84.0,-1,-1
train/malignant/melanoma_7433.jpg,train,malignant,2853,88.0,26869,88.0,-1,-1
train/malignant/melanoma_7434.jpg,train,malignant,307,76.0,22493,82.0,-1,-1
train/malignant/melanoma_7435.jpg,train,malignant,5831,88.0,13122,92.0,-1,-1
train/malignant/melanoma_7436.jpg,train,malignant,214,94.0,30938,90.0,-1,-1
train/malignant/melanoma_7437.jpg,train,malignant,8392,86.0,24643,94.0,-1,-1
train/malignant/melanoma_7438.jpg,train,malignant,743,82.0,26841,82.0,-1,-1
train/malignant/melanoma_7439.jpg,train,malignant,47,92.0,2883,84.0,-1,-1
train/malignant/melanoma_7440.jpg,train,malignant,8936,90.0,720,84.0,-1,-1
train/malignant/melanoma_7441.jpg,train,malignant,1518,94.0,25619,6.0,-1,1
train/malignant/melanoma_7442.jpg,train,malignant,20,92.0,21086,88.0,-1,-1
train/malignant/melanoma_7443.jpg,train,malignant,7890,88.0,8865,90.0,-1,-1
train/malignant/melanoma_7444.jpg,train,malignant,7230,82.0,14944,80.0,-1,-1
train/malignant/melanoma_7445.jpg,train,malignant,7667,90.0,6831,90.0,-1,-1
train/malignant/melanoma_7446.jpg,train,malignant,2296,0.0,477,82.0,1,-1
train/malignant/melanoma_7447.jpg,train,malignant,1456,84.0,9633,80.0,-1,-1
train/malignant/melanoma_7448.jpg,train,malignant,8701,94.0,28100,88.0,-1,-1
train/malignant/melanoma_7449.jpg,train,malignant,1575,88.0,29444,84.0,-1,-1
train/malignant/melanoma_7450.jpg,train,malignant,7388,88.0,7636,90.0,-1,-1
train/malignant/melanoma_7451.jpg,train,malignant,1515,90.0,18992,80.0,-1,-1
train/malignant/melanoma_7452.jpg,train,malignant,8936,94.0,22389,86.0,-1,-1
train/malignant/melanoma_7453.jpg,train,malignant,1868,72.0,11147,82.0,-1,-1
train/malignant/melanoma_7454.jpg,train,malignant,68,62.0,25694,4.0,-1,1
train/malignant/melanoma_7455.jpg,train,malignant,9701,88.0,4826,74.0,-1,-1
train/malignant/melanoma_7456.jpg,train,malignant,6169,86.0,14784,88.0,-1,-1
train/malignant/melanoma_7457.jpg,train,malignant,1455,4.0,4812,84.0,1,-1
train/malignant/melanoma_7458.jpg,train,malignant,6743,72.0,6605,74.0,-1,-1
train/malignant/melanoma_7459.jpg,train,malignant,743,84.0,3572,84.0,-1,-1
train/malignant/melanoma_7460.jpg,train,malignant,4788,92.0,3584,94.0,-1,-1
train/malignant/melanoma_7461.jpg,train,malignant,3379,92.0,19660,94.0,-1,-1
train/malignant/melanoma_7462.jpg,train,malignant,4386,84.0,30277,84.0,-1,-1
train/malignant/melanoma_7463.jpg,train,malignant,3902,90.0,11060,86.0,-1,-1
train/malignant/melanoma_7464.jpg,train,malignant,6274,90.0,20893,90.0,-1,-1
train/malignant/melanoma_7465.jpg,train,malignant,7862,92.0,9972,90.0,-1,-1
train/malignant/melanoma_7466.jpg,train,malignant,7568,76.0,19235,82.0,-1,-1
train/malignant/melanoma_7467.jpg,train,malignant,5596,82.0,25771,2.0,-1,1
train/malignant/melanoma_7468.jpg,train,malignant,1363,0.0,5873,74.0,1,-1
train/malignant/melanoma_7469.jpg,train,malignant,4699,88.0,12349,88.0,-1,-1
train/malignant/melanoma_7470.jpg,train,malignant,6691,82.0,4994,82.0,-1,-1
train/malignant/melanoma_7471.jpg,train,malignant,3101,94.0,16378,90.0,-1,-1
train/malignant/melanoma_7472.jpg,train,malignant,1104,94.0,26146,92.0,-1,-1
train/malignant/melanoma_7473.jpg,train,malignant,6128,76.0,2209,86.0,-1,-1
train/malignant/melanoma_7474.jpg,train,malignant,2321,76.0,21253,70.0,-1,-1
train/malignant/melanoma_7475.jpg,train,malignant,6985,92.0,803,90.0,-1,-1
train/malignant/melanoma_7476.jpg,train,malignant,363,86.0,28350,76.0,-1,-1
train/malignant/melanoma_7477.jpg,train,malignant,7143,92.0,19189,88.0,-1,-1
train/malignant/melanoma_7478.jpg,train,malignant,7660,90.0,4219,86.0,-1,-1
train/malignant/melanoma_7479.jpg,train,malignant,2123,0.0,2091,86.0,1,-1
train/malignant/melanoma_7480.jpg,train,malignant,393,86.0,25817,2.0,-1,1
train/malignant/melanoma_7481.jpg,train,malignant,6779,86.0,19189,82.0,-1,-1
train/malignant/melanoma_7482.jpg,train,malignant,7454,92.0,19189,82.0,-1,-1
train/malignant/melanoma_7483.jpg,train,malignant,820,84.0,6177,90.0,-1,-1
train/malignant/melanoma_7484.jpg,train,malignant,6998,90.0,8291,86.0,-1,-1
train/malignant/melanoma_7485.jpg,train,malignant,1107,80.0,17297,82.0,-1,-1
train/malignant/melanoma_7486.jpg,train,malignant,744,88.0,29444,70.0,-1,-1
train/malignant/melanoma_7487.jpg,train,malignant,2078,82.0,6352,88.0,-1,-1
train/malignant/melanoma_7488.jpg,train,malignant,3353,94.0,15154,94.0,-1,-1
train/malignant/melanoma_7489.jpg,train,malignant,9608,76.0,2385,72.0,-1,-1
train/malignant/melanoma_7490.jpg,train,malignant,7647,62.0,18209,58.0,-1,-1
train/malignant/melanoma_7491.jpg,train,malignant,4269,92.0,19963,90.0,-1,-1
train/malignant/melanoma_7492.jpg,train,malignant,925,82.0,25859,2.0,-1,1
train/malignant/melanoma_7493.jpg,train,malignant,9631,92.0,19189,88.0,-1,-1
train/malignant/melanoma_7494.jpg,train,malignant,4028,90.0,13121,92.0,-1,-1
train/malignant/melanoma_7495.jpg,train,malignant,206,86.0,18992,80.0,-1,-1
train/malignant/melanoma_7496.jpg,train,malignant,189,92.0,2113,90.0,-1,-1
train/malignant/melanoma_7497.jpg,train,malignant,3484,90.0,28967,92.0,-1,-1
train/malignant/melanoma_7498.jpg,train,malignant,2820,94.0,845,92.0,-1,-1
train/malignant/melanoma_7499.jpg,train,malignant,4024,84.0,21400,84.0,-1,-1
train/malignant/melanoma_7500.jpg,train,malignant,8053,74.0,28006,74.0,-1,-1
train/malignant/melanoma_7501.jpg,train,malignant,1780,82.0,19797,88.0,-1,-1
train/malignant/melanoma_7502.jpg,train,malignant,820,82.0,22930,80.0,-1,-1
train/malignant/melanoma_7503.jpg,train,malignant,2879,86.0,20977,78.0,-1,-1
train/malignant/melanoma_7504.jpg,train,malignant,1174,84.0,25894,2.0,-1,1
train/malignant/melanoma_7505.jpg,train,malignant,959,88.0,27754,82.0,-1,-1
train/malignant/melanoma_7506.jpg,train,malignant,6254,96.0,5838,94.0,-1,-1
train/malignant/melanoma_7507.jpg,train,malignant,1142,82.0,24182,86.0,-1,-1
train/malignant/melanoma_7508.jpg,train,malignant,3412,94.0,12243,92.0,-1,-1
train/malignant/melanoma_7509.jpg,train,malignant,744,86.0,29444,60.0,-1,-1
train/malignant/melanoma_7510.jpg,train,malignant,127,84.0,8355,78.0,-1,-1
train/malignant/melanoma_7511.jpg,train,malignant,1280,90.0,18992,76.0,-1,-1
train/malignant/melanoma_7512.jpg,train,malignant,1443,2.0,3677,90.0,1,-1
train/malignant/melanoma_7513.jpg,train,malignant,20,88.0,29444,84.0,-1,-1
train/malignant/melanoma_7514.jpg,train,malignant,1441,80.0,434,84.0,-1,-1
train/malignant/melanoma_7515.jpg,train,malignant,743,82.0,7410,82.0,-1,-1
train/malignant/melanoma_7516.jpg,train,malignant,6486,88.0,10104,2.0,-1,1
train/malignant/melanoma_7517.jpg,train,malignant,81,88.0,4928,86.0,-1,-1
train/malignant/melanoma_7518.jpg,train,malignant,1442,82.0,434,86.0,-1,-1
train/malignant/melanoma_7519.jpg,train,malignant,4971,90.0,8555,88.0,-1,-1
train/malignant/melanoma_7520.jpg,train,malignant,9902,90.0,1105,88.0,-1,-1
train/malignant/melanoma_7521.jpg,train,malignant,3859,96.0,3616,92.0,-1,-1
train/malignant/melanoma_7522.jpg,train,malignant,7697,90.0,31287,94.0,-1,-1
train/malignant/melanoma_7523.jpg,train,malignant,2170,2.0,22485,76.0,1,-1
train/malignant/melanoma_7524.jpg,train,malignant,90,94.0,16647,86.0,-1,-1
train/malignant/melanoma_7525.jpg,train,malignant,5046,98.0,9345,96.0,-1,-1
train/malignant/melanoma_7526.jpg,train,malignant,7857,88.0,16107,84.0,-1,-1
train/malignant/melanoma_7527.jpg,train,malignant,3499,90.0,8524,90.0,-1,-1
train/malignant/melanoma_7528.jpg,train,malignant,1170,74.0,25906,4.0,-1,1
train/malignant/melanoma_7529.jpg,train,malignant,9420,86.0,18092,86.0,-1,-1
train/malignant/melanoma_7530.jpg,train,malignant,1561,80.0,3920,84.0,-1,-1
train/malignant/melanoma_7531.jpg,train,malignant,2583,82.0,4832,78.0,-1,-1
train/malignant/melanoma_7532.jpg,train,malignant,223,92.0,10193,86.0,-1,-1
train/malignant/melanoma_7533.jpg,train,malignant,1976,70.0,32607,74.0,-1,-1
train/malignant/melanoma_7534.jpg,train,malignant,2124,2.0,2251,86.0,1,-1
train/malignant/melanoma_7535.jpg,train,malignant,20,92.0,29444,76.0,-1,-1
train/malignant/melanoma_7536.jpg,train,malignant,3922,86.0,485,96.0,-1,-1
train/malignant/melanoma_7537.jpg,train,malignant,672,86.0,18790,82.0,-1,-1
train/malignant/melanoma_7538.jpg,train,malignant,8031,92.0,15389,90.0,-1,-1
train/malignant/melanoma_7539.jpg,train,malignant,6601,82.0,12486,82.0,-1,-1
train/malignant/melanoma_7540.jpg,train,malignant,7460,62.0,25923,8.0,-1,1
train/malignant/melanoma_7541.jpg,train,malignant,7513,72.0,23791,76.0,-1,-1
train/malignant/melanoma_7542.jpg,train,malignant,8281,90.0,22218,90.0,-1,-1
train/malignant/melanoma_7543.jpg,train,malignant,1769,86.0,8689,86.0,-1,-1
train/malignant/melanoma_7544.jpg,train,malignant,9394,86.0,8589,90.0,-1,-1
train/malignant/melanoma_7545.jpg,train,malignant,2269,2.0,14610,88.0,1,-1
train/malignant/melanoma_7546.jpg,train,malignant,1617,86.0,10191,84.0,-1,-1
train/malignant/melanoma_7547.jpg,train,malignant,1217,82.0,5177,86.0,-1,-1
train/malignant/melanoma_7548.jpg,train,malignant,778,92.0,11566,86.0,-1,-1
train/malignant/melanoma_7549.jpg,train,malignant,905,92.0,29444,80.0,-1,-1
train/malignant/melanoma_7550.jpg,train,malignant,7665,74.0,12560,78.0,-1,-1
train/malignant/melanoma_7551.jpg,train,malignant,269,86.0,29833,86.0,-1,-1
train/malignant/melanoma_7552.jpg,train,malignant,7757,82.0,25966,2.0,-1,1
train/malignant/melanoma_7553.jpg,train,malignant,906,86.0,231,90.0,-1,-1
train/malignant/melanoma_7554.jpg,train,malignant,7120,82.0,28580,86.0,-1,-1
train/malignant/melanoma_7555.jpg,train,malignant,1914,90.0,26637,88.0,-1,-1
train/malignant/melanoma_7556.jpg,train,malignant,3861,88.0,12382,88.0,-1,-1
train/malignant/melanoma_7557.jpg,train,malignant,9634,76.0,18363,74.0,-1,-1
train/malignant/melanoma_7558.jpg,train,malignant,1124,88.0,16658,86.0,-1,-1
train/malignant/melanoma_7559.jpg,train,malignant,383,80.0,6932,84.0,-1,-1
train/malignant/melanoma_7560.jpg,train,malignant,2186,92.0,3718,88.0,-1,-1
train/malignant/melanoma_7561.jpg,train,malignant,7832,94.0,26525,90.0,-1,-1
train/malignant/melanoma_7562.jpg,train,malignant,820,76.0,12513,88.0,-1,-1
train/malignant/melanoma_7563.jpg,train,malignant,7428,84.0,13053,80.0,-1,-1
train/malignant/melanoma_7564.jpg,train,malignant,897,74.0,31352,80.0,-1,-1
train/malignant/melanoma_7565.jpg,train,malignant,441,90.0,25968,6.0,-1,1
train/malignant/melanoma_7566.jpg,train,malignant,8122,78.0,24594,82.0,-1,-1
train/malignant/melanoma_7567.jpg,train,malignant,9287,90.0,31274,86.0,-1,-1
train/malignant/melanoma_7568.jpg,train,malignant,2548,84.0,3388,80.0,-1,-1
train/malignant/melanoma_7569.jpg,train,malignant,7943,80.0,4974,84.0,-1,-1
train/malignant/melanoma_7570.jpg,train,malignant,8311,92.0,26922,94.0,-1,-1
train/malignant/melanoma_7571.jpg,train,malignant,4330,90.0,21406,92.0,-1,-1
train/malignant/melanoma_7572.jpg,train,malignant,7892,84.0,27040,88.0,-1,-1
train/malignant/melanoma_7573.jpg,train,malignant,6631,84.0,30931,84.0,-1,-1
train/malignant/melanoma_7574.jpg,train,malignant,307,84.0,5624,84.0,-1,-1
train/malignant/melanoma_7575.jpg,train,malignant,1139,86.0,1699,92.0,-1,-1
train/malignant/melanoma_7576.jpg,train,malignant,90,86.0,32041,80.0,-1,-1
train/malignant/melanoma_7577.jpg,train,malignant,1415,70.0,25972,4.0,-1,1
train/malignant/melanoma_7578.jpg,train,malignant,903,82.0,55,82.0,-1,-1
train/malignant/melanoma_7579.jpg,train,malignant,1993,0.0,9665,92.0,1,-1
train/malignant/melanoma_7580.jpg,train,malignant,7326,94.0,19189,86.0,-1,-1
train/malignant/melanoma_7581.jpg,train,malignant,203,82.0,26841,88.0,-1,-1
train/malignant/melanoma_7582.jpg,train,malignant,2015,92.0,31107,88.0,-1,-1
train/malignant/melanoma_7583.jpg,train,malignant,795,88.0,19189,82.0,-1,-1
train/malignant/melanoma_7584.jpg,train,malignant,5019,80.0,395,84.0,-1,-1
train/malignant/melanoma_7585.jpg,train,malignant,6557,92.0,29605,90.0,-1,-1
train/malignant/melanoma_7586.jpg,train,malignant,2955,96.0,10903,94.0,-1,-1
train/malignant/melanoma_7587.jpg,train,malignant,3618,90.0,5851,90.0,-1,-1
train/malignant/melanoma_7588.jpg,train,malignant,9439,86.0,27742,78.0,-1,-1
train/malignant/melanoma_7589.jpg,train,malignant,264,86.0,4514,86.0,-1,-1
train/malignant/melanoma_7590.jpg,train,malignant,1225,6.0,28979,74.0,1,-1
train/malignant/melanoma_7591.jpg,train,malignant,6767,76.0,26010,0.0,-1,1
train/malignant/melanoma_7592.jpg,train,malignant,7873,80.0,10646,88.0,-1,-1
train/malignant/melanoma_7593.jpg,train,malignant,20,90.0,29444,72.0,-1,-1
train/malignant/melanoma_7594.jpg,train,malignant,1670,90.0,10191,82.0,-1,-1
train/malignant/melanoma_7595.jpg,train,malignant,6327,88.0,30002,88.0,-1,-1
train/malignant/melanoma_7596.jpg,train,malignant,2360,90.0,1569,84.0,-1,-1
train/malignant/melanoma_7597.jpg,train,malignant,1107,70.0,10108,80.0,-1,-1
train/malignant/melanoma_7598.jpg,train,malignant,256,88.0,21459,90.0,-1,-1
train/malignant/melanoma_7599.jpg,train,malignant,63,94.0,11901,86.0,-1,-1
train/malignant/melanoma_7600.jpg,train,malignant,1383,78.0,14640,86.0,-1,-1
train/malignant/melanoma_7601.jpg,train,malignant,1227,2.0,9497,76.0,1,-1
train/malignant/melanoma_7602.jpg,train,malignant,6377,94.0,25179,88.0,-1,-1
train/malignant/melanoma_7603.jpg,train,malignant,1214,90.0,26112,2.0,-1,1
train/malignant/melanoma_7604.jpg,train,malignant,743,82.0,434,82.0,-1,-1
train/malignant/melanoma_7605.jpg,train,malignant,66,92.0,29444,76.0,-1,-1
train/malignant/melanoma_7606.jpg,train,malignant,90,92.0,29444,72.0,-1,-1
train/malignant/melanoma_7607.jpg,train,malignant,4563,90.0,12303,92.0,-1,-1
train/malignant/melanoma_7608.jpg,train,malignant,291,86.0,27654,90.0,-1,-1
train/malignant/melanoma_7609.jpg,train,malignant,7478,78.0,28081,82.0,-1,-1
train/malignant/melanoma_7610.jpg,train,malignant,7086,88.0,29770,82.0,-1,-1
train/malignant/melanoma_7611.jpg,train,malignant,1423,82.0,6857,84.0,-1,-1
train/malignant/melanoma_7612.jpg,train,malignant,1945,2.0,28115,84.0,1,-1
train/malignant/melanoma_7613.jpg,train,malignant,90,94.0,29444,86.0,-1,-1
train/malignant/melanoma_7614.jpg,train,malignant,1094,90.0,1698,94.0,-1,-1
train/malignant/melanoma_7615.jpg,train,malignant,9680,90.0,26126,0.0,-1,1
train/malignant/melanoma_7616.jpg,train,malignant,953,86.0,4011,88.0,-1,-1
train/malignant/melanoma_7617.jpg,train,malignant,9343,82.0,19184,76.0,-1,-1
train/malignant/melanoma_7618.jpg,train,malignant,4449,90.0,22824,84.0,-1,-1
train/malignant/melanoma_7619.jpg,train,malignant,8874,94.0,10191,82.0,-1,-1
train/malignant/melanoma_7620.jpg,train,malignant,6998,86.0,10191,80.0,-1,-1
train/malignant/melanoma_7621.jpg,train,malignant,2065,94.0,12934,90.0,-1,-1
train/malignant/melanoma_7622.jpg,train,malignant,3110,92.0,11118,92.0,-1,-1
train/malignant/melanoma_7623.jpg,train,malignant,1434,0.0,7989,80.0,1,-1
train/malignant/melanoma_7624.jpg,train,malignant,871,88.0,9972,88.0,-1,-1
train/malignant/melanoma_7625.jpg,train,malignant,7220,78.0,10291,78.0,-1,-1
train/malignant/melanoma_7626.jpg,train,malignant,90,92.0,29444,74.0,-1,-1
train/malignant/melanoma_7627.jpg,train,malignant,1503,92.0,26136,2.0,-1,1
train/malignant/melanoma_7628.jpg,train,malignant,4257,94.0,4639,92.0,-1,-1
train/malignant/melanoma_7629.jpg,train,malignant,9374,86.0,14577,82.0,-1,-1
train/malignant/melanoma_7630.jpg,train,malignant,4982,82.0,3170,88.0,-1,-1
train/malignant/melanoma_7631.jpg,train,malignant,3266,84.0,17130,88.0,-1,-1
train/malignant/melanoma_7632.jpg,train,malignant,1671,72.0,1337,78.0,-1,-1
train/malignant/melanoma_7633.jpg,train,malignant,4703,92.0,19189,90.0,-1,-1
train/malignant/melanoma_7634.jpg,train,malignant,2313,4.0,13032,88.0,1,-1
train/malignant/melanoma_7635.jpg,train,malignant,8894,86.0,9614,86.0,-1,-1
train/malignant/melanoma_7636.jpg,train,malignant,5366,92.0,1064,94.0,-1,-1
train/malignant/melanoma_7637.jpg,train,malignant,121,76.0,26683,80.0,-1,-1
train/malignant/melanoma_7638.jpg,train,malignant,1823,92.0,16050,90.0,-1,-1
train/malignant/melanoma_7639.jpg,train,malignant,131,94.0,26143,2.0,-1,1
train/malignant/melanoma_7640.jpg,train,malignant,911,86.0,9532,82.0,-1,-1
train/malignant/melanoma_7641.jpg,train,malignant,832,92.0,6000,90.0,-1,-1
train/malignant/melanoma_7642.jpg,train,malignant,1441,68.0,434,72.0,-1,-1
train/malignant/melanoma_7643.jpg,train,malignant,2617,90.0,1261,88.0,-1,-1
train/malignant/melanoma_7644.jpg,train,malignant,1249,74.0,5006,78.0,-1,-1
train/malignant/melanoma_7645.jpg,train,malignant,7223,58.0,17815,58.0,-1,-1
train/malignant/melanoma_7646.jpg,train,malignant,2974,88.0,22157,84.0,-1,-1
train/malignant/melanoma_7647.jpg,train,malignant,871,94.0,18992,78.0,-1,-1
train/malignant/melanoma_7648.jpg,train,malignant,1807,94.0,13617,92.0,-1,-1
train/malignant/melanoma_7649.jpg,train,malignant,2130,84.0,21959,80.0,-1,-1
train/malignant/melanoma_7650.jpg,train,malignant,859,94.0,15820,92.0,-1,-1
train/malignant/melanoma_7651.jpg,train,malignant,6223,86.0,10153,0.0,-1,1
train/malignant/melanoma_7652.jpg,train,malignant,8921,74.0,18822,76.0,-1,-1
train/malignant/melanoma_7653.jpg,train,malignant,3858,88.0,10253,92.0,-1,-1
train/malignant/melanoma_7654.jpg,train,malignant,169,80.0,8108,78.0,-1,-1
train/malignant/melanoma_7655.jpg,train,malignant,7515,84.0,13378,82.0,-1,-1
train/malignant/melanoma_7656.jpg,train,malignant,1961,2.0,1672,90.0,1,-1
train/malignant/melanoma_7657.jpg,train,malignant,3574,88.0,2635,94.0,-1,-1
train/malignant/melanoma_7658.jpg,train,malignant,1780,86.0,665,84.0,-1,-1
train/malignant/melanoma_7659.jpg,train,malignant,6412,94.0,28358,92.0,-1,-1
train/malignant/melanoma_7660.jpg,train,malignant,2369,92.0,22397,90.0,-1,-1
train/malignant/melanoma_7661.jpg,train,malignant,9935,90.0,6459,94.0,-1,-1
train/malignant/melanoma_7662.jpg,train,malignant,1874,90.0,22832,86.0,-1,-1
train/malignant/melanoma_7663.jpg,train,malignant,3653,84.0,26209,0.0,-1,1
train/malignant/melanoma_7664.jpg,train,malignant,8566,84.0,29786,82.0,-1,-1
train/malignant/melanoma_7665.jpg,train,malignant,9867,90.0,26920,86.0,-1,-1
train/malignant/melanoma_7666.jpg,train,malignant,4697,92.0,1220,90.0,-1,-1
train/malignant/melanoma_7667.jpg,train,malignant,1107,88.0,10909,88.0,-1,-1
train/malignant/melanoma_7668.jpg,train,malignant,1947,2.0,1454,90.0,1,-1
train/malignant/melanoma_7669.jpg,train,malignant,8725,86.0,2625,86.0,-1,-1
train/malignant/melanoma_7670.jpg,train,malignant,597,72.0,28813,74.0,-1,-1
train/malignant/melanoma_7671.jpg,train,malignant,580,86.0,3378,90.0,-1,-1
train/malignant/melanoma_7672.jpg,train,malignant,330,78.0,30460,82.0,-1,-1
train/malignant/melanoma_7673.jpg,train,malignant,8955,84.0,9156,80.0,-1,-1
train/malignant/melanoma_7674.jpg,train,malignant,2583,78.0,26207,80.0,-1,-1
train/malignant/melanoma_7675.jpg,train,malignant,7804,92.0,2215,94.0,-1,-1
train/malignant/melanoma_7676.jpg,train,malignant,7163,82.0,26257,4.0,-1,1
train/malignant/melanoma_7677.jpg,train,malignant,953,84.0,31350,86.0,-1,-1
train/malignant/melanoma_7678.jpg,train,malignant,1347,96.0,14114,92.0,-1,-1
train/malignant/melanoma_7679.jpg,train,malignant,1983,2.0,31346,90.0,1,-1
train/malignant/melanoma_7680.jpg,train,malignant,8117,88.0,1273,90.0,-1,-1
train/malignant/melanoma_7681.jpg,train,malignant,7514,86.0,18992,80.0,-1,-1
train/malignant/melanoma_7682.jpg,train,malignant,2421,96.0,10059,94.0,-1,-1
train/malignant/melanoma_7683.jpg,train,malignant,12,86.0,30751,82.0,-1,-1
train/malignant/melanoma_7684.jpg,train,malignant,2127,82.0,25068,78.0,-1,-1
train/malignant/melanoma_7685.jpg,train,malignant,7541,94.0,19189,92.0,-1,-1
train/malignant/melanoma_7686.jpg,train,malignant,8790,90.0,1534,90.0,-1,-1
train/malignant/melanoma_7687.jpg,train,malignant,2441,74.0,5617,72.0,-1,-1
train/malignant/melanoma_7688.jpg,train,malignant,2879,86.0,26302,0.0,-1,1
train/malignant/melanoma_7689.jpg,train,malignant,8949,80.0,21699,76.0,-1,-1
train/malignant/melanoma_7690.jpg,train,malignant,7687,84.0,14640,90.0,-1,-1
train/malignant/melanoma_7691.jpg,train,malignant,3297,96.0,6295,92.0,-1,-1
train/malignant/melanoma_7692.jpg,train,malignant,6658,86.0,961,84.0,-1,-1
train/malignant/melanoma_7693.jpg,train,malignant,98,80.0,6463,84.0,-1,-1
train/malignant/melanoma_7694.jpg,train,malignant,9040,92.0,9972,76.0,-1,-1
train/malignant/melanoma_7695.jpg,train,malignant,1822,92.0,3024,94.0,-1,-1
train/malignant/melanoma_7696.jpg,train,malignant,8012,74.0,1985,76.0,-1,-1
train/malignant/melanoma_7697.jpg,train,malignant,1638,86.0,27226,88.0,-1,-1
train/malignant/melanoma_7698.jpg,train,malignant,7873,90.0,2830,92.0,-1,-1
train/malignant/melanoma_7699.jpg,train,malignant,1000,84.0,31200,84.0,-1,-1
train/malignant/melanoma_7700.jpg,train,malignant,4048,82.0,26348,4.0,-1,1
train/malignant/melanoma_7701.jpg,train,malignant,1736,0.0,7180,86.0,1,-1
train/malignant/melanoma_7702.jpg,train,malignant,5450,90.0,10118,90.0,-1,-1
train/malignant/melanoma_7703.jpg,train,malignant,7929,80.0,16091,86.0,-1,-1
train/malignant/melanoma_7704.jpg,train,malignant,3938,94.0,27998,90.0,-1,-1
train/malignant/melanoma_7705.jpg,train,malignant,509,88.0,7191,86.0,-1,-1
train/malignant/melanoma_7706.jpg,train,malignant,3037,72.0,15977,76.0,-1,-1
train/malignant/melanoma_7707.jpg,train,malignant,2855,94.0,19189,86.0,-1,-1
train/malignant/melanoma_7708.jpg,train,malignant,984,72.0,1307,84.0,-1,-1
train/malignant/melanoma_7709.jpg,train,malignant,1448,90.0,23349,84.0,-1,-1
train/malignant/melanoma_7710.jpg,train,malignant,580,84.0,13023,86.0,-1,-1
train/malignant/melanoma_7711.jpg,train,malignant,9905,88.0,6007,86.0,-1,-1
train/malignant/melanoma_7712.jpg,train,malignant,2206,2.0,12031,92.0,1,-1
train/malignant/melanoma_7713.jpg,train,malignant,7191,80.0,11455,86.0,-1,-1
train/malignant/melanoma_7714.jpg,train,malignant,103,94.0,22443,84.0,-1,-1
train/malignant/melanoma_7715.jpg,train,malignant,3447,84.0,26360,2.0,-1,1
train/malignant/melanoma_7716.jpg,train,malignant,327,94.0,19189,86.0,-1,-1
train/malignant/melanoma_7717.jpg,train,malignant,7353,84.0,25025,84.0,-1,-1
train/malignant/melanoma_7718.jpg,train,malignant,8108,80.0,20879,80.0,-1,-1
train/malignant/melanoma_7719.jpg,train,malignant,3484,92.0,587,90.0,-1,-1
train/malignant/melanoma_7720.jpg,train,malignant,4873,90.0,448,92.0,-1,-1
train/malignant/melanoma_7721.jpg,train,malignant,6014,88.0,1658,84.0,-1,-1
train/malignant/melanoma_7722.jpg,train,malignant,9708,90.0,32334,94.0,-1,-1
train/malignant/melanoma_7723.jpg,train,malignant,2110,2.0,9329,82.0,1,-1
train/malignant/melanoma_7724.jpg,train,malignant,7690,86.0,16803,80.0,-1,-1
train/malignant/melanoma_7725.jpg,train,malignant,1170,82.0,29642,82.0,-1,-1
train/malignant/melanoma_7726.jpg,train,malignant,6366,90.0,19189,90.0,-1,-1
train/malignant/melanoma_7727.jpg,train,malignant,7094,86.0,26468,4.0,-1,1
train/malignant/melanoma_7728.jpg,train,malignant,90,90.0,1536,86.0,-1,-1
train/malignant/melanoma_7729.jpg,train,malignant,7792,70.0,24676,76.0,-1,-1
train/malignant/melanoma_7730.jpg,train,malignant,1753,74.0,10882,80.0,-1,-1
train/malignant/melanoma_7731.jpg,train,malignant,6380,80.0,9275,82.0,-1,-1
train/malignant/melanoma_7732.jpg,train,malignant,1520,90.0,22086,86.0,-1,-1
train/malignant/melanoma_7733.jpg,train,malignant,523,94.0,9021,94.0,-1,-1
train/malignant/melanoma_7734.jpg,train,malignant,2268,2.0,22168,76.0,1,-1
train/malignant/melanoma_7735.jpg,train,malignant,7541,94.0,17395,92.0,-1,-1
train/malignant/melanoma_7736.jpg,train,malignant,871,88.0,26402,80.0,-1,-1
train/malignant/melanoma_7737.jpg,train,malignant,4636,92.0,18992,76.0,-1,-1
train/malignant/melanoma_7738.jpg,train,malignant,984,88.0,21427,88.0,-1,-1
train/malignant/melanoma_7739.jpg,train,malignant,5907,82.0,26528,4.0,-1,1
train/malignant/melanoma_7740.jpg,train,malignant,806,80.0,14342,86.0,-1,-1
train/malignant/melanoma_7741.jpg,train,malignant,7595,76.0,8383,82.0,-1,-1
train/malignant/melanoma_7742.jpg,train,malignant,4708,74.0,21475,68.0,-1,-1
train/malignant/melanoma_7743.jpg,train,malignant,871,90.0,10191,88.0,-1,-1
train/malignant/melanoma_7744.jpg,train,malignant,945,80.0,2608,78.0,-1,-1
train/malignant/melanoma_7745.jpg,train,malignant,2217,2.0,7260,86.0,1,-1
train/malignant/melanoma_7746.jpg,train,malignant,5458,84.0,4716,86.0,-1,-1
train/malignant/melanoma_7747.jpg,train,malignant,1798,90.0,16356,84.0,-1,-1
train/malignant/melanoma_7748.jpg,train,malignant,1620,76.0,9922,84.0,-1,-1
train/malignant/melanoma_7749.jpg,train,malignant,5985,96.0,5702,96.0,-1,-1
train/malignant/melanoma_7750.jpg,train,malignant,9600,70.0,6392,82.0,-1,-1
train/malignant/melanoma_7751.jpg,train,malignant,7438,82.0,26561,0.0,-1,1
train/malignant/melanoma_7752.jpg,train,malignant,383,84.0,1351,84.0,-1,-1
train/malignant/melanoma_7753.jpg,train,malignant,4819,90.0,30589,92.0,-1,-1
train/malignant/melanoma_7754.jpg,train,malignant,7106,78.0,25070,78.0,-1,-1
train/malignant/melanoma_7755.jpg,train,malignant,9356,94.0,4708,92.0,-1,-1
train/malignant/melanoma_7756.jpg,train,malignant,1459,2.0,8402,70.0,1,-1
train/malignant/melanoma_7757.jpg,train,malignant,7148,86.0,7741,84.0,-1,-1
train/malignant/melanoma_7758.jpg,train,malignant,7274,78.0,16384,74.0,-1,-1
train/malignant/melanoma_7759.jpg,train,malignant,3943,86.0,28867,92.0,-1,-1
train/malignant/melanoma_7760.jpg,train,malignant,6860,86.0,311,80.0,-1,-1
train/malignant/melanoma_7761.jpg,train,malignant,7001,90.0,1195,94.0,-1,-1
train/malignant/melanoma_7762.jpg,train,malignant,1580,82.0,6120,86.0,-1,-1
train/malignant/melanoma_7763.jpg,train,malignant,5810,86.0,26601,4.0,-1,1
train/malignant/melanoma_7764.jpg,train,malignant,276,84.0,17440,82.0,-1,-1
train/malignant/melanoma_7765.jpg,train,malignant,204,94.0,3130,94.0,-1,-1
train/malignant/melanoma_7766.jpg,train,malignant,6207,94.0,19189,86.0,-1,-1
train/malignant/melanoma_7767.jpg,train,malignant,1786,0.0,29387,44.0,1,-1
train/malignant/melanoma_7768.jpg,train,malignant,9170,84.0,449,84.0,-1,-1
train/malignant/melanoma_7769.jpg,train,malignant,1561,90.0,15360,80.0,-1,-1
train/malignant/melanoma_7770.jpg,train,malignant,6975,88.0,13382,84.0,-1,-1
train/malignant/melanoma_7771.jpg,train,malignant,2005,86.0,15372,86.0,-1,-1
train/malignant/melanoma_7772.jpg,train,malignant,4059,74.0,18730,70.0,-1,-1
train/malignant/melanoma_7773.jpg,train,malignant,3283,92.0,22481,92.0,-1,-1
train/malignant/melanoma_7774.jpg,train,malignant,5433,94.0,19261,90.0,-1,-1
train/malignant/melanoma_7775.jpg,train,malignant,6730,84.0,26646,2.0,-1,1
train/malignant/melanoma_7776.jpg,train,malignant,46,86.0,262,80.0,-1,-1
train/malignant/melanoma_7777.jpg,train,malignant,3190,96.0,7185,94.0,-1,-1
train/malignant/melanoma_7778.jpg,train,malignant,8755,88.0,3028,88.0,-1,-1
train/malignant/melanoma_7779.jpg,train,malignant,9003,78.0,1574,80.0,-1,-1
train/malignant/melanoma_7780.jpg,train,malignant,3400,84.0,23755,84.0,-1,-1
train/malignant/melanoma_7781.jpg,train,malignant,9799,90.0,18992,88.0,-1,-1
train/malignant/melanoma_7782.jpg,train,malignant,8311,88.0,11899,94.0,-1,-1
train/malignant/melanoma_7783.jpg,train,malignant,800,88.0,5201,80.0,-1,-1
train/malignant/melanoma_7784.jpg,train,malignant,2153,80.0,9604,82.0,-1,-1
train/malignant/melanoma_7785.jpg,train,malignant,9447,84.0,13394,78.0,-1,-1
train/malignant/melanoma_7786.jpg,train,malignant,1078,90.0,29444,56.0,-1,-1
train/malignant/melanoma_7787.jpg,train,malignant,3763,88.0,23471,86.0,-1,-1
train/malignant/melanoma_7788.jpg,train,malignant,6780,76.0,10291,0.0,-1,1
train/malignant/melanoma_7789.jpg,train,malignant,5194,96.0,3971,90.0,-1,-1
train/malignant/melanoma_7790.jpg,train,malignant,1307,2.0,20039,84.0,1,-1
train/malignant/melanoma_7791.jpg,train,malignant,3667,90.0,1050,90.0,-1,-1
train/malignant/melanoma_7792.jpg,train,malignant,7541,92.0,14047,88.0,-1,-1
train/malignant/melanoma_7793.jpg,train,malignant,2055,90.0,2179,84.0,-1,-1
train/malignant/melanoma_7794.jpg,train,malignant,931,88.0,2293,84.0,-1,-1
train/malignant/melanoma_7795.jpg,train,malignant,61,88.0,149,90.0,-1,-1
train/malignant/melanoma_7796.jpg,train,malignant,84,90.0,9282,84.0,-1,-1
train/malignant/melanoma_7797.jpg,train,malignant,7431,82.0,8856,80.0,-1,-1
train/malignant/melanoma_7798.jpg,train,malignant,1383,86.0,18723,84.0,-1,-1
train/malignant/melanoma_7799.jpg,train,malignant,938,86.0,32345,82.0,-1,-1
train/malignant/melanoma_7800.jpg,train,malignant,9019,76.0,26682,2.0,-1,1
train/malignant/melanoma_7801.jpg,train,malignant,2319,2.0,4600,84.0,1,-1
train/malignant/melanoma_7802.jpg,train,malignant,1361,82.0,1566,82.0,-1,-1
train/malignant/melanoma_7803.jpg,train,malignant,9011,78.0,8789,70.0,-1,-1
train/malignant/melanoma_7804.jpg,train,malignant,9517,88.0,6676,88.0,-1,-1
train/malignant/melanoma_7805.jpg,train,malignant,6950,88.0,29444,76.0,-1,-1
train/malignant/melanoma_7806.jpg,train,malignant,199,92.0,17671,84.0,-1,-1
train/malignant/melanoma_7807.jpg,train,malignant,7293,82.0,2698,88.0,-1,-1
train/malignant/melanoma_7808.jpg,train,malignant,1901,90.0,11373,86.0,-1,-1
train/malignant/melanoma_7809.jpg,train,malignant,9265,80.0,10443,78.0,-1,-1
train/malignant/melanoma_7810.jpg,train,malignant,149,82.0,8960,82.0,-1,-1
train/malignant/melanoma_7811.jpg,train,malignant,1688,76.0,27835,76.0,-1,-1
train/malignant/melanoma_7812.jpg,train,malignant,1415,80.0,6689,86.0,-1,-1
train/malignant/melanoma_7813.jpg,train,malignant,1776,78.0,26710,2.0,-1,1
train/malignant/melanoma_7814.jpg,train,malignant,7942,92.0,4219,94.0,-1,-1
train/malignant/melanoma_7815.jpg,train,malignant,6028,92.0,11380,88.0,-1,-1
train/malignant/melanoma_7816.jpg,train,malignant,5615,92.0,5938,84.0,-1,-1
train/malignant/melanoma_7817.jpg,train,malignant,5444,92.0,19189,92.0,-1,-1
train/malignant/melanoma_7818.jpg,train,malignant,2150,92.0,6414,90.0,-1,-1
train/malignant/melanoma_7819.jpg,train,malignant,3905,88.0,6841,82.0,-1,-1
train/malignant/melanoma_7820.jpg,train,malignant,2226,86.0,8552,84.0,-1,-1
train/malignant/melanoma_7821.jpg,train,malignant,336,94.0,23586,86.0,-1,-1
train/malignant/melanoma_7822.jpg,train,malignant,9742,92.0,4219,88.0,-1,-1
train/malignant/melanoma_7823.jpg,train,malignant,2301,2.0,20642,82.0,1,-1
train/malignant/melanoma_7824.jpg,train,malignant,1478,88.0,9282,80.0,-1,-1
train/malignant/melanoma_7825.jpg,train,malignant,7646,86.0,26775,2.0,-1,1
train/malignant/melanoma_7826.jpg,train,malignant,597,90.0,5869,88.0,-1,-1
train/malignant/melanoma_7827.jpg,train,malignant,1789,94.0,7507,94.0,-1,-1
train/malignant/melanoma_7828.jpg,train,malignant,1618,86.0,2057,88.0,-1,-1
train/malignant/melanoma_7829.jpg,train,malignant,5898,86.0,373,90.0,-1,-1
train/malignant/melanoma_7830.jpg,train,malignant,7104,86.0,4523,86.0,-1,-1
train/malignant/melanoma_7831.jpg,train,malignant,1489,88.0,4441,86.0,-1,-1
train/malignant/melanoma_7832.jpg,train,malignant,7060,82.0,519,84.0,-1,-1
train/malignant/melanoma_7833.jpg,train,malignant,3888,88.0,14806,84.0,-1,-1
train/malignant/melanoma_7834.jpg,train,malignant,2046,0.0,11517,90.0,1,-1
train/malignant/melanoma_7835.jpg,train,malignant,7241,80.0,26306,72.0,-1,-1
train/malignant/melanoma_7836.jpg,train,malignant,9257,84.0,18992,80.0,-1,-1
train/malignant/melanoma_7837.jpg,train,malignant,2102,78.0,1298,80.0,-1,-1
train/malignant/melanoma_7838.jpg,train,malignant,2496,86.0,26824,2.0,-1,1
train/malignant/melanoma_7839.jpg,train,malignant,5395,90.0,16674,90.0,-1,-1
train/malignant/melanoma_7840.jpg,train,malignant,1124,82.0,32082,78.0,-1,-1
train/malignant/melanoma_7841.jpg,train,malignant,7790,64.0,1096,70.0,-1,-1
train/malignant/melanoma_7842.jpg,train,malignant,8860,70.0,8040,68.0,-1,-1
train/malignant/melanoma_7843.jpg,train,malignant,6933,82.0,1350,78.0,-1,-1
train/malignant/melanoma_7844.jpg,train,malignant,8192,76.0,27568,80.0,-1,-1
train/malignant/melanoma_7845.jpg,train,malignant,2210,0.0,2896,82.0,1,-1
train/malignant/melanoma_7846.jpg,train,malignant,4394,84.0,31722,86.0,-1,-1
train/malignant/melanoma_7847.jpg,train,malignant,3804,90.0,910,84.0,-1,-1
train/malignant/melanoma_7848.jpg,train,malignant,7796,88.0,23825,90.0,-1,-1
train/malignant/melanoma_7849.jpg,train,malignant,3758,84.0,31115,86.0,-1,-1
train/malignant/melanoma_7850.jpg,train,malignant,6177,90.0,26893,4.0,-1,1
train/malignant/melanoma_7851.jpg,train,malignant,6719,84.0,7142,80.0,-1,-1
train/malignant/melanoma_7852.jpg,train,malignant,1170,82.0,2482,80.0,-1,-1
train/malignant/melanoma_7853.jpg,train,malignant,5726,80.0,22281,76.0,-1,-1
train/malignant/melanoma_7854.jpg,train,malignant,1561,90.0,23698,82.0,-1,-1
train/malignant/melanoma_7855.jpg,train,malignant,8662,80.0,32630,88.0,-1,-1
train/malignant/melanoma_7856.jpg,train,malignant,1320,6.0,15179,84.0,1,-1
train/malignant/melanoma_7857.jpg,train,malignant,1568,72.0,27247,80.0,-1,-1
train/malignant/melanoma_7858.jpg,train,malignant,2161,90.0,25732,84.0,-1,-1
train/malignant/melanoma_7859.jpg,train,malignant,7114,90.0,5775,80.0,-1,-1
train/malignant/melanoma_7860.jpg,train,malignant,1104,94.0,6032,88.0,-1,-1
train/malignant/melanoma_7861.jpg,train,malignant,1103,78.0,17780,80.0,-1,-1
train/malignant/melanoma_7862.jpg,train,malignant,2147,94.0,26899,2.0,-1,1
train/malignant/melanoma_7863.jpg,train,malignant,1727,78.0,3127,80.0,-1,-1
train/malignant/melanoma_7864.jpg,train,malignant,1364,92.0,8174,88.0,-1,-1
train/malignant/melanoma_7865.jpg,train,malignant,3132,96.0,14364,90.0,-1,-1
train/malignant/melanoma_7866.jpg,train,malignant,8663,82.0,26978,84.0,-1,-1
train/malignant/melanoma_7867.jpg,train,malignant,1939,2.0,18532,86.0,1,-1
train/malignant/melanoma_7868.jpg,train,malignant,8640,88.0,21020,80.0,-1,-1
train/malignant/melanoma_7869.jpg,train,malignant,2548,82.0,15958,82.0,-1,-1
train/malignant/melanoma_7870.jpg,train,malignant,3556,90.0,6152,86.0,-1,-1
train/malignant/melanoma_7871.jpg,train,malignant,6634,90.0,27932,90.0,-1,-1
train/malignant/melanoma_7872.jpg,train,malignant,692,86.0,334,92.0,-1,-1
train/malignant/melanoma_7873.jpg,train,malignant,241,94.0,1740,92.0,-1,-1
train/malignant/melanoma_7874.jpg,train,malignant,4168,92.0,26967,2.0,-1,1
train/malignant/melanoma_7875.jpg,train,malignant,7128,88.0,15360,80.0,-1,-1
train/malignant/melanoma_7876.jpg,train,malignant,3653,90.0,18992,84.0,-1,-1
train/malignant/melanoma_7877.jpg,train,malignant,3881,86.0,1581,94.0,-1,-1
train/malignant/melanoma_7878.jpg,train,malignant,2311,4.0,6081,90.0,1,-1
train/malignant/melanoma_7879.jpg,train,malignant,4927,80.0,5074,88.0,-1,-1
train/malignant/melanoma_7880.jpg,train,malignant,267,94.0,11540,88.0,-1,-1
train/malignant/melanoma_7881.jpg,train,malignant,830,90.0,30845,78.0,-1,-1
train/malignant/melanoma_7882.jpg,train,malignant,1363,92.0,7057,88.0,-1,-1
train/malignant/melanoma_7883.jpg,train,malignant,8070,82.0,24251,86.0,-1,-1
train/malignant/melanoma_7884.jpg,train,malignant,5,86.0,16119,88.0,-1,-1
train/malignant/melanoma_7885.jpg,train,malignant,2399,88.0,14493,84.0,-1,-1
train/malignant/melanoma_7886.jpg,train,malignant,1039,86.0,26977,6.0,-1,1
train/malignant/melanoma_7887.jpg,train,malignant,8834,86.0,2209,86.0,-1,-1
train/malignant/melanoma_7888.jpg,train,malignant,6758,90.0,29444,64.0,-1,-1
train/malignant/melanoma_7889.jpg,train,malignant,778,90.0,6465,84.0,-1,-1
train/malignant/melanoma_7890.jpg,train,malignant,2266,2.0,25937,68.0,1,-1
train/malignant/melanoma_7891.jpg,train,malignant,4560,88.0,4503,86.0,-1,-1
train/malignant/melanoma_7892.jpg,train,malignant,8213,90.0,1273,96.0,-1,-1
train/malignant/melanoma_7893.jpg,train,malignant,9623,82.0,28901,82.0,-1,-1
train/malignant/melanoma_7894.jpg,train,malignant,9943,92.0,9758,90.0,-1,-1
train/malignant/melanoma_7895.jpg,train,malignant,7873,88.0,9820,94.0,-1,-1
train/malignant/melanoma_7896.jpg,train,malignant,8717,90.0,7561,88.0,-1,-1
train/malignant/melanoma_7897.jpg,train,malignant,8334,94.0,8022,88.0,-1,-1
train/malignant/melanoma_7898.jpg,train,malignant,413,94.0,9309,88.0,-1,-1
train/malignant/melanoma_7899.jpg,train,malignant,210,88.0,27008,0.0,-1,1
train/malignant/melanoma_7900.jpg,train,malignant,8663,82.0,18718,76.0,-1,-1
train/malignant/melanoma_7901.jpg,train,malignant,2165,2.0,299,88.0,1,-1
train/malignant/melanoma_7902.jpg,train,malignant,3841,94.0,28376,92.0,-1,-1
train/malignant/melanoma_7903.jpg,train,malignant,6628,84.0,7492,84.0,-1,-1
train/malignant/melanoma_7904.jpg,train,malignant,1419,92.0,32239,84.0,-1,-1
train/malignant/melanoma_7905.jpg,train,malignant,1936,94.0,13449,92.0,-1,-1
train/malignant/melanoma_7906.jpg,train,malignant,4759,90.0,1912,92.0,-1,-1
train/malignant/melanoma_7907.jpg,train,malignant,8855,86.0,10392,90.0,-1,-1
train/malignant/melanoma_7908.jpg,train,malignant,122,90.0,31949,84.0,-1,-1
train/malignant/melanoma_7909.jpg,train,malignant,2090,90.0,17956,90.0,-1,-1
train/malignant/melanoma_7910.jpg,train,malignant,807,86.0,2623,88.0,-1,-1
train/malignant/melanoma_7911.jpg,train,malignant,2595,78.0,27065,4.0,-1,1
train/malignant/melanoma_7912.jpg,train,malignant,2334,62.0,26250,56.0,-1,-1
train/malignant/melanoma_7913.jpg,train,malignant,2226,88.0,16187,84.0,-1,-1
train/malignant/melanoma_7914.jpg,train,malignant,2061,90.0,4219,92.0,-1,-1
train/malignant/melanoma_7915.jpg,train,malignant,90,90.0,8108,82.0,-1,-1
train/malignant/melanoma_7916.jpg,train,malignant,1877,84.0,6876,84.0,-1,-1
train/malignant/melanoma_7917.jpg,train,malignant,9477,82.0,792,82.0,-1,-1
train/malignant/melanoma_7918.jpg,train,malignant,2949,94.0,4331,94.0,-1,-1
train/malignant/melanoma_7919.jpg,train,malignant,871,88.0,22712,84.0,-1,-1
train/malignant/melanoma_7920.jpg,train,malignant,9460,78.0,28580,78.0,-1,-1
train/malignant/melanoma_7921.jpg,train,malignant,9670,78.0,3317,76.0,-1,-1
train/malignant/melanoma_7922.jpg,train,malignant,8263,84.0,7891,80.0,-1,-1
train/malignant/melanoma_7923.jpg,train,malignant,1239,2.0,5295,84.0,1,-1
train/malignant/melanoma_7924.jpg,train,malignant,1354,86.0,10306,2.0,-1,1
train/malignant/melanoma_7925.jpg,train,malignant,2879,80.0,1903,80.0,-1,-1
train/malignant/melanoma_7926.jpg,train,malignant,90,86.0,10191,82.0,-1,-1
train/malignant/melanoma_7927.jpg,train,malignant,1330,88.0,15919,94.0,-1,-1
train/malignant/melanoma_7928.jpg,train,malignant,537,90.0,16135,92.0,-1,-1
train/malignant/melanoma_7929.jpg,train,malignant,343,92.0,18685,84.0,-1,-1
train/malignant/melanoma_7930.jpg,train,malignant,4759,92.0,26432,92.0,-1,-1
train/malignant/melanoma_7931.jpg,train,malignant,1768,82.0,14939,86.0,-1,-1
train/malignant/melanoma_7932.jpg,train,malignant,7104,82.0,14491,86.0,-1,-1
train/malignant/melanoma_7933.jpg,train,malignant,199,84.0,9923,80.0,-1,-1
train/malignant/melanoma_7934.jpg,train,malignant,887,86.0,476,80.0,-1,-1
train/malignant/melanoma_7935.jpg,train,malignant,7010,86.0,1566,86.0,-1,-1
train/malignant/melanoma_7936.jpg,train,malignant,227,94.0,27155,0.0,-1,1
train/malignant/melanoma_7937.jpg,train,malignant,9392,88.0,19117,84.0,-1,-1
train/malignant/melanoma_7938.jpg,train,malignant,5357,88.0,5731,90.0,-1,-1
train/malignant/melanoma_7939.jpg,train,malignant,1598,90.0,4617,86.0,-1,-1
train/malignant/melanoma_7940.jpg,train,malignant,7003,74.0,12951,76.0,-1,-1
train/malignant/melanoma_7941.jpg,train,malignant,1861,88.0,3426,84.0,-1,-1
train/malignant/melanoma_7942.jpg,train,malignant,9688,86.0,9621,84.0,-1,-1
train/malignant/melanoma_7943.jpg,train,malignant,1723,90.0,29444,74.0,-1,-1
train/malignant/melanoma_7944.jpg,train,malignant,862,86.0,4403,84.0,-1,-1
train/malignant/melanoma_7945.jpg,train,malignant,2051,2.0,27302,84.0,1,-1
train/malignant/melanoma_7946.jpg,train,malignant,1683,86.0,24031,90.0,-1,-1
train/malignant/melanoma_7947.jpg,train,malignant,7866,86.0,6120,86.0,-1,-1
train/malignant/melanoma_7948.jpg,train,malignant,888,82.0,27222,4.0,-1,1
train/malignant/melanoma_7949.jpg,train,malignant,2929,94.0,8243,92.0,-1,-1
train/malignant/melanoma_7950.jpg,train,malignant,871,86.0,18992,82.0,-1,-1
train/malignant/melanoma_7951.jpg,train,malignant,3810,94.0,2430,92.0,-1,-1
train/malignant/melanoma_7952.jpg,train,malignant,7603,88.0,1758,92.0,-1,-1
train/malignant/melanoma_7953.jpg,train,malignant,8836,90.0,14353,88.0,-1,-1
train/malignant/melanoma_7954.jpg,train,malignant,9215,88.0,4934,92.0,-1,-1
train/malignant/melanoma_7955.jpg,train,malignant,90,88.0,29444,80.0,-1,-1
train/malignant/melanoma_7956.jpg,train,malignant,1270,2.0,5047,76.0,1,-1
train/malignant/melanoma_7957.jpg,train,malignant,2394,84.0,5879,78.0,-1,-1
train/malignant/melanoma_7958.jpg,train,malignant,606,82.0,4264,82.0,-1,-1
train/malignant/melanoma_7959.jpg,train,malignant,7640,86.0,11130,80.0,-1,-1
train/malignant/melanoma_7960.jpg,train,malignant,5767,80.0,13990,82.0,-1,-1
train/malignant/melanoma_7961.jpg,train,malignant,8476,72.0,27325,0.0,-1,1
train/malignant/melanoma_7962.jpg,train,malignant,7704,86.0,3438,90.0,-1,-1
train/malignant/melanoma_7963.jpg,train,malignant,7513,84.0,31121,86.0,-1,-1
train/malignant/melanoma_7964.jpg,train,malignant,1735,72.0,32351,74.0,-1,-1
train/malignant/melanoma_7965.jpg,train,malignant,8602,84.0,25132,82.0,-1,-1
train/malignant/melanoma_7966.jpg,train,malignant,7004,92.0,8127,90.0,-1,-1
train/malignant/melanoma_7967.jpg,train,malignant,2107,0.0,13303,82.0,1,-1
train/malignant/melanoma_7968.jpg,train,malignant,169,96.0,31149,94.0,-1,-1
train/malignant/melanoma_7969.jpg,train,malignant,3107,90.0,24553,88.0,-1,-1
train/malignant/melanoma_7970.jpg,train,malignant,2017,94.0,9506,86.0,-1,-1
train/malignant/melanoma_7971.jpg,train,malignant,999,88.0,9190,80.0,-1,-1
train/malignant/melanoma_7972.jpg,train,malignant,199,92.0,23152,84.0,-1,-1
train/malignant/melanoma_7973.jpg,train,malignant,837,92.0,27404,4.0,-1,1
train/malignant/melanoma_7974.jpg,train,malignant,2127,80.0,27568,84.0,-1,-1
train/malignant/melanoma_7975.jpg,train,malignant,3751,92.0,4603,94.0,-1,-1
train/malignant/melanoma_7976.jpg,train,malignant,3295,88.0,319,90.0,-1,-1
train/malignant/melanoma_7977.jpg,train,malignant,8775,82.0,8792,78.0,-1,-1
train/malignant/melanoma_7978.jpg,train,malignant,2214,0.0,15252,80.0,1,-1
train/malignant/melanoma_7979.jpg,train,malignant,814,88.0,1612,78.0,-1,-1
train/malignant/melanoma_7980.jpg,train,malignant,90,90.0,26958,84.0,-1,-1
train/malignant/melanoma_7981.jpg,train,malignant,8213,86.0,4627,90.0,-1,-1
train/malignant/melanoma_7982.jpg,train,malignant,1693,88.0,27932,92.0,-1,-1
train/malignant/melanoma_7983.jpg,train,malignant,1130,92.0,23477,88.0,-1,-1
train/malignant/melanoma_7984.jpg,train,malignant,7773,84.0,9644,88.0,-1,-1
train/malignant/melanoma_7985.jpg,train,malignant,7164,86.0,27414,2.0,-1,1
train/malignant/melanoma_7986.jpg,train,malignant,1389,94.0,8410,90.0,-1,-1
train/malignant/melanoma_7987.jpg,train,malignant,2548,76.0,8116,86.0,-1,-1
train/malignant/melanoma_7988.jpg,train,malignant,3740,88.0,5606,90.0,-1,-1
train/malignant/melanoma_7989.jpg,train,malignant,1379,0.0,26459,86.0,1,-1
train/malignant/melanoma_7990.jpg,train,malignant,8656,80.0,1625,84.0,-1,-1
train/malignant/melanoma_7991.jpg,train,malignant,618,94.0,19189,86.0,-1,-1
train/malignant/melanoma_7992.jpg,train,malignant,6710,70.0,11945,84.0,-1,-1
train/malignant/melanoma_7993.jpg,train,malignant,778,92.0,19,86.0,-1,-1
train/malignant/melanoma_7994.jpg,train,malignant,1885,92.0,1309,88.0,-1,-1
train/malignant/melanoma_7995.jpg,train,malignant,4958,90.0,9657,90.0,-1,-1
train/malignant/melanoma_7996.jpg,train,malignant,7910,88.0,768,90.0,-1,-1
train/malignant/melanoma_7997.jpg,train,malignant,1038,84.0,27462,6.0,-1,1
train/malignant/melanoma_7998.jpg,train,malignant,2667,86.0,17040,82.0,-1,-1
train/malignant/melanoma_7999.jpg,train,malignant,6302,76.0,16804,82.0,-1,-1
train/malignant/melanoma_8000.jpg,train,malignant,7475,78.0,1913,82.0,-1,-1
train/malignant/melanoma_8001.jpg,train,malignant,2260,2.0,4164,62.0,1,-1
train/malignant/melanoma_8002.jpg,train,malignant,7315,86.0,10851,88.0,-1,-1
train/malignant/melanoma_8003.jpg,train,malignant,6367,86.0,20196,88.0,-1,-1
train/malignant/melanoma_8004.jpg,train,malignant,4988,94.0,27932,90.0,-1,-1
train/malignant/melanoma_8005.jpg,train,malignant,2668,90.0,14584,86.0,-1,-1
train/malignant/melanoma_8006.jpg,train,malignant,871,92.0,19189,88.0,-1,-1
train/malignant/melanoma_8007.jpg,train,malignant,9308,76.0,9267,72.0,-1,-1
train/malignant/melanoma_8008.jpg,train,malignant,3054,74.0,16804,68.0,-1,-1
train/malignant/melanoma_8009.jpg,train,malignant,3401,92.0,5234,88.0,-1,-1
train/malignant/melanoma_8010.jpg,train,malignant,122,92.0,27507,2.0,-1,1
train/malignant/melanoma_8011.jpg,train,malignant,7086,84.0,16150,84.0,-1,-1
train/malignant/melanoma_8012.jpg,train,malignant,2078,0.0,22649,90.0,1,-1
train/malignant/melanoma_8013.jpg,train,malignant,7114,84.0,9350,84.0,-1,-1
train/malignant/melanoma_8014.jpg,train,malignant,6707,86.0,17021,86.0,-1,-1
train/malignant/melanoma_8015.jpg,train,malignant,4570,82.0,3391,84.0,-1,-1
train/malignant/melanoma_8016.jpg,train,malignant,256,94.0,11908,94.0,-1,-1
train/malignant/melanoma_8017.jpg,train,malignant,90,92.0,28081,80.0,-1,-1
train/malignant/melanoma_8018.jpg,train,malignant,8730,86.0,30138,82.0,-1,-1
train/malignant/melanoma_8019.jpg,train,malignant,820,84.0,8741,88.0,-1,-1
train/malignant/melanoma_8020.jpg,train,malignant,1552,90.0,26402,80.0,-1,-1
train/malignant/melanoma_8021.jpg,train,malignant,1217,84.0,3184,88.0,-1,-1
train/malignant/melanoma_8022.jpg,train,malignant,9794,86.0,27518,6.0,-1,1
train/malignant/melanoma_8023.jpg,train,malignant,2172,6.0,15828,90.0,1,-1
train/malignant/melanoma_8024.jpg,train,malignant,7617,90.0,9522,94.0,-1,-1
train/malignant/melanoma_8025.jpg,train,malignant,7410,76.0,16134,72.0,-1,-1
train/malignant/melanoma_8026.jpg,train,malignant,69,92.0,32483,88.0,-1,-1
train/malignant/melanoma_8027.jpg,train,malignant,756,72.0,18991,84.0,-1,-1
train/malignant/melanoma_8028.jpg,train,malignant,9077,90.0,14743,84.0,-1,-1
train/malignant/melanoma_8029.jpg,train,malignant,1170,84.0,5006,76.0,-1,-1
train/malignant/melanoma_8030.jpg,train,malignant,128,82.0,8108,78.0,-1,-1
train/malignant/melanoma_8031.jpg,train,malignant,1813,88.0,4826,82.0,-1,-1
train/malignant/melanoma_8032.jpg,train,malignant,877,94.0,13581,94.0,-1,-1
train/malignant/melanoma_8033.jpg,train,malignant,329,88.0,22894,92.0,-1,-1
train/malignant/melanoma_8034.jpg,train,malignant,2196,8.0,29417,84.0,1,-1
train/malignant/melanoma_8035.jpg,train,malignant,6228,90.0,27591,6.0,-1,1
train/malignant/melanoma_8036.jpg,train,malignant,190,88.0,11200,90.0,-1,-1
train/malignant/melanoma_8037.jpg,train,malignant,939,90.0,9809,92.0,-1,-1
train/malignant/melanoma_8038.jpg,train,malignant,5252,90.0,2714,88.0,-1,-1
train/malignant/melanoma_8039.jpg,train,malignant,871,88.0,18992,76.0,-1,-1
train/malignant/melanoma_8040.jpg,train,malignant,2265,56.0,18209,56.0,-1,-1
train/malignant/melanoma_8041.jpg,train,malignant,7541,90.0,19189,90.0,-1,-1
train/malignant/melanoma_8042.jpg,train,malignant,9681,94.0,8776,90.0,-1,-1
train/malignant/melanoma_8043.jpg,train,malignant,6820,78.0,10273,80.0,-1,-1
train/malignant/melanoma_8044.jpg,train,malignant,7126,80.0,23369,76.0,-1,-1
train/malignant/melanoma_8045.jpg,train,malignant,2373,82.0,18073,92.0,-1,-1
train/malignant/melanoma_8046.jpg,train,malignant,6043,90.0,19189,82.0,-1,-1
train/malignant/melanoma_8047.jpg,train,malignant,730,84.0,27631,4.0,-1,1
train/malignant/melanoma_8048.jpg,train,malignant,1893,84.0,3181,88.0,-1,-1
train/malignant/melanoma_8049.jpg,train,malignant,4093,84.0,4651,84.0,-1,-1
train/malignant/melanoma_8050.jpg,train,malignant,1289,84.0,5074,88.0,-1,-1
train/malignant/melanoma_8051.jpg,train,malignant,167,86.0,2656,90.0,-1,-1
train/malignant/melanoma_8052.jpg,train,malignant,8002,82.0,23828,80.0,-1,-1
train/malignant/melanoma_8053.jpg,train,malignant,7289,84.0,5376,82.0,-1,-1
train/malignant/melanoma_8054.jpg,train,malignant,4179,90.0,12,94.0,-1,-1
train/malignant/melanoma_8055.jpg,train,malignant,9258,86.0,6026,92.0,-1,-1
train/malignant/melanoma_8056.jpg,train,malignant,2478,86.0,8215,88.0,-1,-1
train/malignant/melanoma_8057.jpg,train,malignant,4120,92.0,19189,86.0,-1,-1
train/malignant/melanoma_8058.jpg,train,malignant,7289,82.0,30390,80.0,-1,-1
train/malignant/melanoma_8059.jpg,train,malignant,7782,88.0,10434,4.0,-1,1
train/malignant/melanoma_8060.jpg,train,malignant,6866,80.0,6930,82.0,-1,-1
train/malignant/melanoma_8061.jpg,train,malignant,897,84.0,7717,82.0,-1,-1
train/malignant/melanoma_8062.jpg,train,malignant,3907,86.0,2508,90.0,-1,-1
train/malignant/melanoma_8063.jpg,train,malignant,627,86.0,3745,82.0,-1,-1
train/malignant/melanoma_8064.jpg,train,malignant,149,78.0,17647,74.0,-1,-1
train/malignant/melanoma_8065.jpg,train,malignant,5194,96.0,3971,90.0,-1,-1
train/malignant/melanoma_8066.jpg,train,malignant,2044,78.0,12764,80.0,-1,-1
train/malignant/melanoma_8067.jpg,train,malignant,1468,0.0,22374,60.0,1,-1
train/malignant/melanoma_8068.jpg,train,malignant,1342,82.0,10911,84.0,-1,-1
train/malignant/melanoma_8069.jpg,train,malignant,2161,76.0,18326,70.0,-1,-1
train/malignant/melanoma_8070.jpg,train,malignant,819,88.0,2812,84.0,-1,-1
train/malignant/melanoma_8071.jpg,train,malignant,7239,90.0,27733,2.0,-1,1
train/malignant/melanoma_8072.jpg,train,malignant,7138,86.0,27692,84.0,-1,-1
train/malignant/melanoma_8073.jpg,train,malignant,1780,92.0,4036,92.0,-1,-1
train/malignant/melanoma_8074.jpg,train,malignant,2502,76.0,30608,74.0,-1,-1
train/malignant/melanoma_8075.jpg,train,malignant,1461,68.0,7681,82.0,-1,-1
train/malignant/melanoma_8076.jpg,train,malignant,6915,84.0,19415,84.0,-1,-1
train/malignant/melanoma_8077.jpg,train,malignant,4597,90.0,18989,88.0,-1,-1
train/malignant/melanoma_8078.jpg,train,malignant,1793,82.0,2813,76.0,-1,-1
train/malignant/melanoma_8079.jpg,train,malignant,742,86.0,4600,90.0,-1,-1
train/malignant/melanoma_8080.jpg,train,malignant,7155,90.0,21840,90.0,-1,-1
train/malignant/melanoma_8081.jpg,train,malignant,756,90.0,12346,84.0,-1,-1
train/malignant/melanoma_8082.jpg,train,malignant,2508,82.0,12448,80.0,-1,-1
train/malignant/melanoma_8083.jpg,train,malignant,3493,94.0,12572,88.0,-1,-1
train/malignant/melanoma_8084.jpg,train,malignant,8949,42.0,10443,0.0,-1,1
train/malignant/melanoma_8085.jpg,train,malignant,4378,92.0,20838,88.0,-1,-1
train/malignant/melanoma_8086.jpg,train,malignant,2699,94.0,19189,90.0,-1,-1
train/malignant/melanoma_8087.jpg,train,malignant,7194,96.0,19189,88.0,-1,-1
train/malignant/melanoma_8088.jpg,train,malignant,5204,92.0,3194,94.0,-1,-1
train/malignant/melanoma_8089.jpg,train,malignant,7163,80.0,4329,78.0,-1,-1
train/malignant/melanoma_8090.jpg,train,malignant,2504,92.0,1249,78.0,-1,-1
train/malignant/melanoma_8091.jpg,train,malignant,1342,84.0,14640,86.0,-1,-1
train/malignant/melanoma_8092.jpg,train,malignant,339,94.0,16796,88.0,-1,-1
train/malignant/melanoma_8093.jpg,train,malignant,42,72.0,14502,78.0,-1,-1
train/malignant/melanoma_8094.jpg,train,malignant,7315,80.0,29829,84.0,-1,-1
train/malignant/melanoma_8095.jpg,train,malignant,1802,90.0,4479,88.0,-1,-1
train/malignant/melanoma_8096.jpg,train,malignant,21,82.0,10479,4.0,-1,1
train/malignant/melanoma_8097.jpg,train,malignant,4900,88.0,2508,90.0,-1,-1
train/malignant/melanoma_8098.jpg,train,malignant,34,92.0,18992,84.0,-1,-1
train/malignant/melanoma_8099.jpg,train,malignant,7843,94.0,3855,92.0,-1,-1
train/malignant/melanoma_8100.jpg,train,malignant,1943,88.0,31576,90.0,-1,-1
train/malignant/melanoma_8101.jpg,train,malignant,2394,88.0,2168,88.0,-1,-1
train/malignant/melanoma_8102.jpg,train,malignant,7363,88.0,16213,84.0,-1,-1
train/malignant/melanoma_8103.jpg,train,malignant,4471,92.0,4326,88.0,-1,-1
train/malignant/melanoma_8104.jpg,train,malignant,4052,88.0,22048,92.0,-1,-1
train/malignant/melanoma_8105.jpg,train,malignant,806,86.0,18763,88.0,-1,-1
train/malignant/melanoma_8106.jpg,train,malignant,2050,96.0,5619,96.0,-1,-1
train/malignant/melanoma_8107.jpg,train,malignant,2522,78.0,3331,76.0,-1,-1
train/malignant/melanoma_8108.jpg,train,malignant,1424,88.0,10592,2.0,-1,1
train/malignant/melanoma_8109.jpg,train,malignant,6125,76.0,24620,82.0,-1,-1
train/malignant/melanoma_8110.jpg,train,malignant,1142,88.0,3444,88.0,-1,-1
train/malignant/melanoma_8111.jpg,train,malignant,744,88.0,29444,66.0,-1,-1
train/malignant/melanoma_8112.jpg,train,malignant,6841,84.0,26325,76.0,-1,-1
train/malignant/melanoma_8113.jpg,train,malignant,8401,84.0,22549,88.0,-1,-1
train/malignant/melanoma_8114.jpg,train,malignant,1170,82.0,6286,76.0,-1,-1
train/malignant/melanoma_8115.jpg,train,malignant,147,94.0,22590,90.0,-1,-1
train/malignant/melanoma_8116.jpg,train,malignant,2127,88.0,5731,82.0,-1,-1
train/malignant/melanoma_8117.jpg,train,malignant,3511,92.0,6439,92.0,-1,-1
train/malignant/melanoma_8118.jpg,train,malignant,5082,90.0,886,90.0,-1,-1
train/malignant/melanoma_8119.jpg,train,malignant,235,96.0,11051,88.0,-1,-1
train/malignant/melanoma_8120.jpg,train,malignant,2797,88.0,18423,80.0,-1,-1
train/malignant/melanoma_8121.jpg,train,malignant,6475,80.0,10648,2.0,-1,1
train/malignant/melanoma_8122.jpg,train,malignant,8372,86.0,6704,86.0,-1,-1
train/malignant/melanoma_8123.jpg,train,malignant,3991,94.0,11506,88.0,-1,-1
train/malignant/melanoma_8124.jpg,train,malignant,833,94.0,4822,88.0,-1,-1
train/malignant/melanoma_8125.jpg,train,malignant,944,82.0,15693,78.0,-1,-1
train/malignant/melanoma_8126.jpg,train,malignant,820,76.0,7681,72.0,-1,-1
train/malignant/melanoma_8127.jpg,train,malignant,803,92.0,29444,72.0,-1,-1
train/malignant/melanoma_8128.jpg,train,malignant,1107,72.0,25300,80.0,-1,-1
train/malignant/melanoma_8129.jpg,train,malignant,6743,84.0,11276,76.0,-1,-1
train/malignant/melanoma_8130.jpg,train,malignant,3125,80.0,12475,82.0,-1,-1
train/malignant/melanoma_8131.jpg,train,malignant,2044,90.0,24434,88.0,-1,-1
train/malignant/melanoma_8132.jpg,train,malignant,281,90.0,149,90.0,-1,-1
train/malignant/melanoma_8133.jpg,train,malignant,6971,86.0,8840,2.0,-1,1
train/malignant/melanoma_8134.jpg,train,malignant,2244,84.0,5216,84.0,-1,-1
train/malignant/melanoma_8135.jpg,train,malignant,7621,84.0,10940,80.0,-1,-1
train/malignant/melanoma_8136.jpg,train,malignant,7335,82.0,29790,80.0,-1,-1
train/malignant/melanoma_8137.jpg,train,malignant,2422,92.0,18992,82.0,-1,-1
train/malignant/melanoma_8138.jpg,train,malignant,4461,86.0,15226,94.0,-1,-1
train/malignant/melanoma_8139.jpg,train,malignant,2626,88.0,17479,86.0,-1,-1
train/malignant/melanoma_8140.jpg,train,malignant,1716,96.0,8186,90.0,-1,-1
train/malignant/melanoma_8141.jpg,train,malignant,98,82.0,19177,82.0,-1,-1
train/malignant/melanoma_8142.jpg,train,malignant,2061,94.0,23141,90.0,-1,-1
train/malignant/melanoma_8143.jpg,train,malignant,5350,90.0,19716,92.0,-1,-1
train/malignant/melanoma_8144.jpg,train,malignant,4135,88.0,18450,88.0,-1,-1
train/malignant/melanoma_8145.jpg,train,malignant,5226,86.0,17574,88.0,-1,-1
train/malignant/melanoma_8146.jpg,train,malignant,9479,76.0,10723,0.0,-1,1
train/malignant/melanoma_8147.jpg,train,malignant,7109,84.0,6592,88.0,-1,-1
train/malignant/melanoma_8148.jpg,train,malignant,7024,80.0,27895,84.0,-1,-1
train/malignant/melanoma_8149.jpg,train,malignant,90,80.0,8845,88.0,-1,-1
train/malignant/melanoma_8150.jpg,train,malignant,417,94.0,28332,86.0,-1,-1
train/malignant/melanoma_8151.jpg,train,malignant,6768,86.0,19728,86.0,-1,-1
train/malignant/melanoma_8152.jpg,train,malignant,7427,92.0,22397,88.0,-1,-1
train/malignant/melanoma_8153.jpg,train,malignant,1094,86.0,18509,88.0,-1,-1
train/malignant/melanoma_8154.jpg,train,malignant,7343,88.0,29444,78.0,-1,-1
train/malignant/melanoma_8155.jpg,train,malignant,9470,80.0,2482,82.0,-1,-1
train/malignant/melanoma_8156.jpg,train,malignant,6002,84.0,9778,84.0,-1,-1
train/malignant/melanoma_8157.jpg,train,malignant,929,82.0,21341,90.0,-1,-1
train/malignant/melanoma_8158.jpg,train,malignant,849,90.0,10762,0.0,-1,1
train/malignant/melanoma_8159.jpg,train,malignant,9889,90.0,29444,76.0,-1,-1
train/malignant/melanoma_8160.jpg,train,malignant,1299,80.0,10001,78.0,-1,-1
train/malignant/melanoma_8161.jpg,train,malignant,803,86.0,10191,82.0,-1,-1
train/malignant/melanoma_8162.jpg,train,malignant,160,82.0,7883,88.0,-1,-1
train/malignant/melanoma_8163.jpg,train,malignant,7341,86.0,13785,88.0,-1,-1
train/malignant/melanoma_8164.jpg,train,malignant,2317,92.0,21519,88.0,-1,-1
train/malignant/melanoma_8165.jpg,train,malignant,102,82.0,11147,78.0,-1,-1
train/malignant/melanoma_8166.jpg,train,malignant,5,90.0,8027,88.0,-1,-1
train/malignant/melanoma_8167.jpg,train,malignant,7757,90.0,6309,86.0,-1,-1
train/malignant/melanoma_8168.jpg,train,malignant,3523,86.0,8147,90.0,-1,-1
train/malignant/melanoma_8169.jpg,train,malignant,2797,86.0,29444,64.0,-1,-1
train/malignant/melanoma_8170.jpg,train,malignant,1970,90.0,10773,0.0,-1,1
train/malignant/melanoma_8171.jpg,train,malignant,7702,80.0,32631,78.0,-1,-1
train/malignant/melanoma_8172.jpg,train,malignant,5510,92.0,24760,92.0,-1,-1
train/malignant/melanoma_8173.jpg,train,malignant,5675,96.0,24604,94.0,-1,-1
train/malignant/melanoma_8174.jpg,train,malignant,2064,94.0,6804,90.0,-1,-1
train/malignant/melanoma_8175.jpg,train,malignant,2381,94.0,14957,90.0,-1,-1
train/malignant/melanoma_8176.jpg,train,malignant,157,92.0,20843,90.0,-1,-1
train/malignant/melanoma_8177.jpg,train,malignant,5412,90.0,32274,86.0,-1,-1
train/malignant/melanoma_8178.jpg,train,malignant,606,80.0,9536,90.0,-1,-1
train/malignant/melanoma_8179.jpg,train,malignant,8385,86.0,11373,80.0,-1,-1
train/malignant/melanoma_8180.jpg,train,malignant,7865,68.0,2761,68.0,-1,-1
train/malignant/melanoma_8181.jpg,train,malignant,2104,88.0,4826,86.0,-1,-1
train/malignant/melanoma_8182.jpg,train,malignant,1644,88.0,10780,4.0,-1,1
train/malignant/melanoma_8183.jpg,train,malignant,3816,76.0,6145,82.0,-1,-1
train/malignant/melanoma_8184.jpg,train,malignant,2243,84.0,26268,92.0,-1,-1
train/malignant/melanoma_8185.jpg,train,malignant,90,94.0,29444,64.0,-1,-1
train/malignant/melanoma_8186.jpg,train,malignant,1280,90.0,18992,86.0,-1,-1
train/malignant/melanoma_8187.jpg,train,malignant,1104,78.0,992,88.0,-1,-1
train/malignant/melanoma_8188.jpg,train,malignant,203,86.0,24004,80.0,-1,-1
train/malignant/melanoma_8189.jpg,train,malignant,6799,86.0,10847,82.0,-1,-1
train/malignant/melanoma_8190.jpg,train,malignant,4179,86.0,7426,86.0,-1,-1
train/malignant/melanoma_8191.jpg,train,malignant,356,92.0,10191,82.0,-1,-1
train/malignant/melanoma_8192.jpg,train,malignant,2234,80.0,4501,80.0,-1,-1
train/malignant/melanoma_8193.jpg,train,malignant,5453,88.0,13215,88.0,-1,-1
train/malignant/melanoma_8194.jpg,train,malignant,4058,92.0,10835,4.0,-1,1
train/malignant/melanoma_8195.jpg,train,malignant,5455,86.0,27780,82.0,-1,-1
train/malignant/melanoma_8196.jpg,train,malignant,743,82.0,29167,86.0,-1,-1
train/malignant/melanoma_8197.jpg,train,malignant,1361,90.0,10591,88.0,-1,-1
train/malignant/melanoma_8198.jpg,train,malignant,4275,92.0,19189,86.0,-1,-1
train/malignant/melanoma_8199.jpg,train,malignant,8398,84.0,16650,86.0,-1,-1
train/malignant/melanoma_8200.jpg,train,malignant,6721,72.0,8684,78.0,-1,-1
train/malignant/melanoma_8201.jpg,train,malignant,7674,76.0,17259,80.0,-1,-1
train/malignant/melanoma_8202.jpg,train,malignant,1901,90.0,30592,90.0,-1,-1
train/malignant/melanoma_8203.jpg,train,malignant,907,88.0,5737,84.0,-1,-1
train/malignant/melanoma_8204.jpg,train,malignant,3087,88.0,30057,86.0,-1,-1
train/malignant/melanoma_8205.jpg,train,malignant,5791,82.0,28364,88.0,-1,-1
train/malignant/melanoma_8206.jpg,train,malignant,9119,78.0,7749,78.0,-1,-1
train/malignant/melanoma_8207.jpg,train,malignant,1711,72.0,10872,0.0,-1,1
train/malignant/melanoma_8208.jpg,train,malignant,7792,92.0,2127,90.0,-1,-1
train/malignant/melanoma_8209.jpg,train,malignant,6779,92.0,19189,84.0,-1,-1
train/malignant/melanoma_8210.jpg,train,malignant,4124,94.0,22281,94.0,-1,-1
train/malignant/melanoma_8211.jpg,train,malignant,3583,86.0,25487,76.0,-1,-1
train/malignant/melanoma_8212.jpg,train,malignant,7114,72.0,30751,72.0,-1,-1
train/malignant/melanoma_8213.jpg,train,malignant,7942,90.0,4227,92.0,-1,-1
train/malignant/melanoma_8214.jpg,train,malignant,3580,90.0,1130,94.0,-1,-1
train/malignant/melanoma_8215.jpg,train,malignant,1613,88.0,18822,88.0,-1,-1
train/malignant/melanoma_8216.jpg,train,malignant,5763,88.0,15256,86.0,-1,-1
train/malignant/melanoma_8217.jpg,train,malignant,3304,90.0,627,88.0,-1,-1
train/malignant/melanoma_8218.jpg,train,malignant,9300,86.0,878,86.0,-1,-1
train/malignant/melanoma_8219.jpg,train,malignant,683,72.0,10940,2.0,-1,1
train/malignant/melanoma_8220.jpg,train,malignant,2956,92.0,10191,82.0,-1,-1
train/malignant/melanoma_8221.jpg,train,malignant,4060,96.0,5369,88.0,-1,-1
train/malignant/melanoma_8222.jpg,train,malignant,897,82.0,27253,86.0,-1,-1
train/malignant/melanoma_8223.jpg,train,malignant,9477,84.0,2782,84.0,-1,-1
train/malignant/melanoma_8224.jpg,train,malignant,1761,80.0,3952,86.0,-1,-1
train/malignant/melanoma_8225.jpg,train,malignant,3096,94.0,3404,94.0,-1,-1
train/malignant/melanoma_8226.jpg,train,malignant,1170,86.0,3812,80.0,-1,-1
train/malignant/melanoma_8227.jpg,train,malignant,7166,84.0,4758,86.0,-1,-1
train/malignant/melanoma_8228.jpg,train,malignant,8450,76.0,21383,72.0,-1,-1
train/malignant/melanoma_8229.jpg,train,malignant,6809,84.0,5337,84.0,-1,-1
train/malignant/melanoma_8230.jpg,train,malignant,8671,90.0,15154,94.0,-1,-1
train/malignant/melanoma_8231.jpg,train,malignant,4171,80.0,14226,84.0,-1,-1
train/malignant/melanoma_8232.jpg,train,malignant,5401,92.0,10953,4.0,-1,1
train/malignant/melanoma_8233.jpg,train,malignant,3888,90.0,11700,90.0,-1,-1
train/malignant/melanoma_8234.jpg,train,malignant,8870,82.0,18060,84.0,-1,-1
train/malignant/melanoma_8235.jpg,train,malignant,1361,74.0,19180,82.0,-1,-1
train/malignant/melanoma_8236.jpg,train,malignant,7114,70.0,30751,82.0,-1,-1
train/malignant/melanoma_8237.jpg,train,malignant,20,90.0,29444,66.0,-1,-1
train/malignant/melanoma_8238.jpg,train,malignant,9257,86.0,10191,82.0,-1,-1
train/malignant/melanoma_8239.jpg,train,malignant,1834,92.0,26451,90.0,-1,-1
train/malignant/melanoma_8240.jpg,train,malignant,9182,76.0,31801,72.0,-1,-1
train/malignant/melanoma_8241.jpg,train,malignant,1170,88.0,662,84.0,-1,-1
train/malignant/melanoma_8242.jpg,train,malignant,3945,80.0,4856,76.0,-1,-1
train/malignant/melanoma_8243.jpg,train,malignant,1000,90.0,26402,72.0,-1,-1
train/malignant/melanoma_8244.jpg,train,malignant,353,88.0,10969,2.0,-1,1
train/malignant/melanoma_8245.jpg,train,malignant,2174,88.0,4345,88.0,-1,-1
train/malignant/melanoma_8246.jpg,train,malignant,3078,90.0,9177,92.0,-1,-1
train/malignant/melanoma_8247.jpg,train,malignant,349,94.0,3428,92.0,-1,-1
train/malignant/melanoma_8248.jpg,train,malignant,2465,86.0,4595,80.0,-1,-1
train/malignant/melanoma_8249.jpg,train,malignant,4050,90.0,16864,88.0,-1,-1
train/malignant/melanoma_8250.jpg,train,malignant,1769,86.0,1048,82.0,-1,-1
train/malignant/melanoma_8251.jpg,train,malignant,1908,86.0,15360,84.0,-1,-1
train/malignant/melanoma_8252.jpg,train,malignant,9818,90.0,26371,84.0,-1,-1
train/malignant/melanoma_8253.jpg,train,malignant,1428,90.0,31269,90.0,-1,-1
train/malignant/melanoma_8254.jpg,train,malignant,7439,82.0,7262,72.0,-1,-1
train/malignant/melanoma_8255.jpg,train,malignant,1575,82.0,27067,78.0,-1,-1
train/malignant/melanoma_8256.jpg,train,malignant,9348,76.0,17205,70.0,-1,-1
train/malignant/melanoma_8257.jpg,train,malignant,6808,76.0,10995,2.0,-1,1
train/malignant/melanoma_8258.jpg,train,malignant,806,74.0,14640,80.0,-1,-1
train/malignant/melanoma_8259.jpg,train,malignant,8281,88.0,11662,94.0,-1,-1
train/malignant/melanoma_8260.jpg,train,malignant,6981,64.0,24947,62.0,-1,-1
train/malignant/melanoma_8261.jpg,train,malignant,9672,82.0,653,80.0,-1,-1
train/malignant/melanoma_8262.jpg,train,malignant,3812,88.0,29487,90.0,-1,-1
train/malignant/melanoma_8263.jpg,train,malignant,307,76.0,14640,86.0,-1,-1
train/malignant/melanoma_8264.jpg,train,malignant,9443,86.0,26887,78.0,-1,-1
train/malignant/melanoma_8265.jpg,train,malignant,165,88.0,11722,88.0,-1,-1
train/malignant/melanoma_8266.jpg,train,malignant,871,94.0,5644,90.0,-1,-1
train/malignant/melanoma_8267.jpg,train,malignant,4727,86.0,31710,84.0,-1,-1
train/malignant/melanoma_8268.jpg,train,malignant,5242,90.0,8639,90.0,-1,-1
train/malignant/melanoma_8269.jpg,train,malignant,4333,82.0,8897,0.0,-1,1
train/malignant/melanoma_8270.jpg,train,malignant,5656,88.0,26572,86.0,-1,-1
train/malignant/melanoma_8271.jpg,train,malignant,8663,84.0,29652,82.0,-1,-1
train/malignant/melanoma_8272.jpg,train,malignant,141,84.0,8552,78.0,-1,-1
train/malignant/melanoma_8273.jpg,train,malignant,7916,90.0,4036,90.0,-1,-1
train/malignant/melanoma_8274.jpg,train,malignant,20,94.0,10191,84.0,-1,-1
train/malignant/melanoma_8275.jpg,train,malignant,7343,92.0,18992,82.0,-1,-1
train/malignant/melanoma_8276.jpg,train,malignant,2417,86.0,7922,86.0,-1,-1
train/malignant/melanoma_8277.jpg,train,malignant,1900,94.0,7699,88.0,-1,-1
train/malignant/melanoma_8278.jpg,train,malignant,4424,94.0,7688,90.0,-1,-1
train/malignant/melanoma_8279.jpg,train,malignant,2079,94.0,665,92.0,-1,-1
train/malignant/melanoma_8280.jpg,train,malignant,20,90.0,29444,82.0,-1,-1
train/malignant/melanoma_8281.jpg,train,malignant,8249,80.0,11022,0.0,-1,1
train/malignant/melanoma_8282.jpg,train,malignant,4701,70.0,620,76.0,-1,-1
train/malignant/melanoma_8283.jpg,train,malignant,1754,88.0,1710,88.0,-1,-1
train/malignant/melanoma_8284.jpg,train,malignant,4390,96.0,8108,94.0,-1,-1
train/malignant/melanoma_8285.jpg,train,malignant,7665,82.0,11147,86.0,-1,-1
train/malignant/melanoma_8286.jpg,train,malignant,1860,82.0,24042,88.0,-1,-1
train/malignant/melanoma_8287.jpg,train,malignant,2523,90.0,18992,84.0,-1,-1
train/malignant/melanoma_8288.jpg,train,malignant,4275,86.0,32110,86.0,-1,-1
train/malignant/melanoma_8289.jpg,train,malignant,8510,86.0,22027,84.0,-1,-1
train/malignant/melanoma_8290.jpg,train,malignant,24,88.0,24533,84.0,-1,-1
train/malignant/melanoma_8291.jpg,train,malignant,1588,80.0,15345,80.0,-1,-1
train/malignant/melanoma_8292.jpg,train,malignant,3959,94.0,25095,90.0,-1,-1
train/malignant/melanoma_8293.jpg,train,malignant,1478,88.0,11099,2.0,-1,1
train/malignant/melanoma_8294.jpg,train,malignant,1660,86.0,22229,78.0,-1,-1
train/malignant/melanoma_8295.jpg,train,malignant,2994,76.0,21919,80.0,-1,-1
train/malignant/melanoma_8296.jpg,train,malignant,950,74.0,11379,82.0,-1,-1
train/malignant/melanoma_8297.jpg,train,malignant,3683,80.0,24343,74.0,-1,-1
train/malignant/melanoma_8298.jpg,train,malignant,7865,88.0,23472,84.0,-1,-1
train/malignant/melanoma_8299.jpg,train,malignant,487,90.0,3791,88.0,-1,-1
train/malignant/melanoma_8300.jpg,train,malignant,860,78.0,16363,84.0,-1,-1
train/malignant/melanoma_8301.jpg,train,malignant,90,90.0,12197,84.0,-1,-1
train/malignant/melanoma_8302.jpg,train,malignant,823,84.0,8355,78.0,-1,-1
train/malignant/melanoma_8303.jpg,train,malignant,8994,76.0,2315,80.0,-1,-1
train/malignant/melanoma_8304.jpg,train,malignant,2671,90.0,3368,96.0,-1,-1
train/malignant/melanoma_8305.jpg,train,malignant,9634,84.0,11101,2.0,-1,1
train/malignant/melanoma_8306.jpg,train,malignant,806,76.0,21205,82.0,-1,-1
train/malignant/melanoma_8307.jpg,train,malignant,8242,90.0,3337,86.0,-1,-1
train/malignant/melanoma_8308.jpg,train,malignant,2950,86.0,22481,88.0,-1,-1
train/malignant/melanoma_8309.jpg,train,malignant,3254,80.0,20614,82.0,-1,-1
train/malignant/melanoma_8310.jpg,train,malignant,7560,84.0,5239,88.0,-1,-1
train/malignant/melanoma_8311.jpg,train,malignant,2057,84.0,736,80.0,-1,-1
train/malignant/melanoma_8312.jpg,train,malignant,886,92.0,8454,86.0,-1,-1
train/malignant/melanoma_8313.jpg,train,malignant,6826,88.0,2767,80.0,-1,-1
train/malignant/melanoma_8314.jpg,train,malignant,2299,88.0,12815,86.0,-1,-1
train/malignant/melanoma_8315.jpg,train,malignant,4057,74.0,32207,74.0,-1,-1
train/malignant/melanoma_8316.jpg,train,malignant,786,88.0,13372,88.0,-1,-1
train/malignant/melanoma_8317.jpg,train,malignant,6636,86.0,11118,4.0,-1,1
train/malignant/melanoma_8318.jpg,train,malignant,897,76.0,22325,68.0,-1,-1
train/malignant/melanoma_8319.jpg,train,malignant,7323,82.0,28081,82.0,-1,-1
train/malignant/melanoma_8320.jpg,train,malignant,4799,88.0,1740,86.0,-1,-1
train/malignant/melanoma_8321.jpg,train,malignant,5275,92.0,18576,90.0,-1,-1
train/malignant/melanoma_8322.jpg,train,malignant,5599,68.0,2070,78.0,-1,-1
train/malignant/melanoma_8323.jpg,train,malignant,2595,84.0,25664,78.0,-1,-1
train/malignant/melanoma_8324.jpg,train,malignant,5734,94.0,29499,92.0,-1,-1
train/malignant/melanoma_8325.jpg,train,malignant,1078,94.0,27932,88.0,-1,-1
train/malignant/melanoma_8326.jpg,train,malignant,1485,86.0,7995,90.0,-1,-1
train/malignant/melanoma_8327.jpg,train,malignant,7773,84.0,3920,84.0,-1,-1
train/malignant/melanoma_8328.jpg,train,malignant,388,90.0,9380,86.0,-1,-1
train/malignant/melanoma_8329.jpg,train,malignant,5266,88.0,7260,82.0,-1,-1
train/malignant/melanoma_8330.jpg,train,malignant,4424,86.0,11142,2.0,-1,1
train/malignant/melanoma_8331.jpg,train,malignant,9608,70.0,11201,0.0,-1,1
train/malignant/melanoma_8332.jpg,train,malignant,9100,80.0,11223,4.0,-1,1
train/malignant/melanoma_8333.jpg,train,malignant,198,88.0,14640,82.0,-1,-1
train/malignant/melanoma_8334.jpg,train,malignant,4384,92.0,4323,94.0,-1,-1
train/malignant/melanoma_8335.jpg,train,malignant,9635,84.0,524,82.0,-1,-1
train/malignant/melanoma_8336.jpg,train,malignant,1309,88.0,11352,4.0,-1,1
train/malignant/melanoma_8337.jpg,train,malignant,1170,80.0,11489,4.0,-1,1
train/malignant/melanoma_8338.jpg,train,malignant,3131,74.0,11583,6.0,-1,1
train/malignant/melanoma_8339.jpg,train,malignant,1142,90.0,8941,2.0,-1,1
train/malignant/melanoma_8340.jpg,train,malignant,8184,84.0,11859,6.0,-1,1
train/malignant/melanoma_8341.jpg,train,malignant,6270,88.0,11895,0.0,-1,1
train/malignant/melanoma_8342.jpg,train,malignant,8781,90.0,11944,2.0,-1,1
train/malignant/melanoma_8343.jpg,train,malignant,4486,86.0,19976,80.0,-1,-1
train/malignant/melanoma_8344.jpg,train,malignant,4040,86.0,11948,4.0,-1,1
train/malignant/melanoma_8345.jpg,train,malignant,90,92.0,12066,4.0,-1,1
train/malignant/melanoma_8346.jpg,train,malignant,8912,78.0,3151,78.0,-1,-1
train/malignant/melanoma_8347.jpg,train,malignant,1165,90.0,12087,4.0,-1,1
train/malignant/melanoma_8348.jpg,train,malignant,8837,64.0,12203,2.0,-1,1
train/malignant/melanoma_8349.jpg,train,malignant,5318,84.0,12209,6.0,-1,1
train/malignant/melanoma_8350.jpg,train,malignant,3354,94.0,12333,2.0,-1,1
train/malignant/melanoma_8351.jpg,train,malignant,4795,94.0,12344,2.0,-1,1
train/malignant/melanoma_8352.jpg,train,malignant,7870,74.0,8980,2.0,-1,1
train/malignant/melanoma_8353.jpg,train,malignant,7232,88.0,12353,4.0,-1,1
train/malignant/melanoma_8354.jpg,train,malignant,4285,74.0,12611,8.0,-1,1
train/malignant/melanoma_8355.jpg,train,malignant,6046,86.0,2710,88.0,-1,-1
train/malignant/melanoma_8356.jpg,train,malignant,7834,90.0,12635,2.0,-1,1
train/malignant/melanoma_8357.jpg,train,malignant,2401,80.0,29460,82.0,-1,-1
train/malignant/melanoma_8358.jpg,train,malignant,9508,86.0,12706,0.0,-1,1
train/malignant/melanoma_8359.jpg,train,malignant,1056,86.0,12720,2.0,-1,1
train/malignant/melanoma_8360.jpg,train,malignant,104,80.0,12733,4.0,-1,1
train/malignant/melanoma_8361.jpg,train,malignant,1170,72.0,12799,2.0,-1,1
train/malignant/melanoma_8362.jpg,train,malignant,4890,90.0,12804,2.0,-1,1
train/malignant/melanoma_8363.jpg,train,malignant,6912,90.0,12817,0.0,-1,1
train/malignant/melanoma_8364.jpg,train,malignant,9863,82.0,12847,2.0,-1,1
train/malignant/melanoma_8365.jpg,train,malignant,9428,80.0,9072,2.0,-1,1
train/malignant/melanoma_8366.jpg,train,malignant,4422,88.0,12858,4.0,-1,1
train/malignant/melanoma_8367.jpg,train,malignant,7185,90.0,11373,88.0,-1,-1
train/malignant/melanoma_8368.jpg,train,malignant,5550,70.0,3542,70.0,-1,-1
train/malignant/melanoma_8369.jpg,train,malignant,2199,86.0,12874,2.0,-1,1
train/malignant/melanoma_8370.jpg,train,malignant,9649,82.0,12902,6.0,-1,1
train/malignant/melanoma_8371.jpg,train,malignant,2135,76.0,12914,2.0,-1,1
train/malignant/melanoma_8372.jpg,train,malignant,1492,90.0,12932,2.0,-1,1
train/malignant/melanoma_8373.jpg,train,malignant,1170,72.0,12961,2.0,-1,1
train/malignant/melanoma_8374.jpg,train,malignant,5480,94.0,12964,0.0,-1,1
train/malignant/melanoma_8375.jpg,train,malignant,385,90.0,13335,0.0,-1,1
train/malignant/melanoma_8376.jpg,train,malignant,9447,62.0,13486,2.0,-1,1
train/malignant/melanoma_8377.jpg,train,malignant,2290,86.0,13511,0.0,-1,1
train/malignant/melanoma_8378.jpg,train,malignant,814,82.0,9074,2.0,-1,1
train/malignant/melanoma_8379.jpg,train,malignant,3661,86.0,25784,88.0,-1,-1
train/malignant/melanoma_8380.jpg,train,malignant,9447,78.0,27578,72.0,-1,-1
train/malignant/melanoma_8381.jpg,train,malignant,629,70.0,13671,2.0,-1,1
train/malignant/melanoma_8382.jpg,train,malignant,773,86.0,13690,2.0,-1,1
train/malignant/melanoma_8383.jpg,train,malignant,2481,92.0,13693,2.0,-1,1
train/malignant/melanoma_8384.jpg,train,malignant,359,76.0,13818,4.0,-1,1
train/malignant/melanoma_8385.jpg,train,malignant,194,90.0,13848,2.0,-1,1
train/malignant/melanoma_8386.jpg,train,malignant,4996,86.0,14075,4.0,-1,1
train/malignant/melanoma_8387.jpg,train,malignant,4293,82.0,14132,2.0,-1,1
train/malignant/melanoma_8388.jpg,train,malignant,6205,76.0,14194,2.0,-1,1
train/malignant/melanoma_8389.jpg,train,malignant,5916,90.0,14198,4.0,-1,1
train/malignant/melanoma_8390.jpg,train,malignant,6689,86.0,23452,78.0,-1,-1
train/malignant/melanoma_8391.jpg,train,malignant,141,90.0,14266,2.0,-1,1
train/malignant/melanoma_8392.jpg,train,malignant,2832,82.0,2642,86.0,-1,-1
train/malignant/melanoma_8393.jpg,train,malignant,3671,92.0,10016,90.0,-1,-1
train/malignant/melanoma_8394.jpg,train,malignant,3436,94.0,4524,92.0,-1,-1
train/malignant/melanoma_8395.jpg,train,malignant,2005,86.0,2007,86.0,-1,-1
train/malignant/melanoma_8396.jpg,train,malignant,2929,84.0,1996,80.0,-1,-1
train/malignant/melanoma_8397.jpg,train,malignant,7932,88.0,91,6.0,-1,1
train/malignant/melanoma_8398.jpg,train,malignant,469,90.0,235,2.0,-1,1
train/malignant/melanoma_8399.jpg,train,malignant,7567,66.0,314,0.0,-1,1
train/malignant/melanoma_8400.jpg,train,malignant,24,72.0,399,4.0,-1,1
train/malignant/melanoma_8401.jpg,train,malignant,596,92.0,9449,90.0,-1,-1
train/malignant/melanoma_8402.jpg,train,malignant,2630,90.0,459,4.0,-1,1
train/malignant/melanoma_8403.jpg,train,malignant,24,88.0,475,6.0,-1,1
train/malignant/melanoma_8404.jpg,train,malignant,9565,58.0,544,4.0,-1,1
train/malignant/melanoma_8405.jpg,train,malignant,7322,76.0,20700,74.0,-1,-1
train/malignant/melanoma_8406.jpg,train,malignant,96,86.0,546,4.0,-1,1
train/malignant/melanoma_8407.jpg,train,malignant,5490,88.0,551,0.0,-1,1
train/malignant/melanoma_8408.jpg,train,malignant,6768,88.0,3096,88.0,-1,-1
train/malignant/melanoma_8409.jpg,train,malignant,8840,84.0,558,2.0,-1,1
train/malignant/melanoma_8410.jpg,train,malignant,7064,88.0,580,4.0,-1,1
train/malignant/melanoma_8411.jpg,train,malignant,1363,90.0,607,2.0,-1,1
train/malignant/melanoma_8412.jpg,train,malignant,4019,88.0,14085,86.0,-1,-1
train/malignant/melanoma_8413.jpg,train,malignant,4216,84.0,747,2.0,-1,1
train/malignant/melanoma_8414.jpg,train,malignant,8110,82.0,758,2.0,-1,1
train/malignant/melanoma_8415.jpg,train,malignant,7099,74.0,774,4.0,-1,1
train/malignant/melanoma_8416.jpg,train,malignant,9249,90.0,826,2.0,-1,1
train/malignant/melanoma_8417.jpg,train,malignant,6310,78.0,14929,70.0,-1,-1
train/malignant/melanoma_8418.jpg,train,malignant,8900,92.0,886,2.0,-1,1
train/malignant/melanoma_8419.jpg,train,malignant,3344,88.0,1286,2.0,-1,1
train/malignant/melanoma_8420.jpg,train,malignant,6997,86.0,1330,0.0,-1,1
train/malignant/melanoma_8421.jpg,train,malignant,162,90.0,31070,86.0,-1,-1
train/malignant/melanoma_8422.jpg,train,malignant,3684,88.0,1333,0.0,-1,1
train/malignant/melanoma_8423.jpg,train,malignant,2548,86.0,23589,88.0,-1,-1
train/malignant/melanoma_8424.jpg,train,malignant,322,92.0,1421,0.0,-1,1
train/malignant/melanoma_8425.jpg,train,malignant,1170,82.0,1433,0.0,-1,1
train/malignant/melanoma_8426.jpg,train,malignant,7452,88.0,1518,2.0,-1,1
train/malignant/melanoma_8427.jpg,train,malignant,121,60.0,1566,6.0,-1,1
train/malignant/melanoma_8428.jpg,train,malignant,1282,78.0,1652,2.0,-1,1
train/malignant/melanoma_8429.jpg,train,malignant,2392,60.0,12652,64.0,-1,-1
train/malignant/melanoma_8430.jpg,train,malignant,2356,72.0,1740,0.0,-1,1
train/malignant/melanoma_8431.jpg,train,malignant,24,82.0,1788,2.0,-1,1
train/malignant/melanoma_8432.jpg,train,malignant,2970,78.0,1807,4.0,-1,1
train/malignant/melanoma_8433.jpg,train,malignant,8876,72.0,1815,4.0,-1,1
train/malignant/melanoma_8434.jpg,train,malignant,2922,88.0,7845,90.0,-1,-1
train/malignant/melanoma_8435.jpg,train,malignant,4570,92.0,17876,80.0,-1,-1
train/malignant/melanoma_8436.jpg,train,malignant,1096,88.0,1871,4.0,-1,1
train/malignant/melanoma_8437.jpg,train,malignant,5232,92.0,2140,0.0,-1,1
train/malignant/melanoma_8438.jpg,train,malignant,5472,86.0,2285,0.0,-1,1
train/malignant/melanoma_8439.jpg,train,malignant,2019,84.0,2453,8.0,-1,1
train/malignant/melanoma_8440.jpg,train,malignant,1170,52.0,2482,4.0,-1,1
train/malignant/melanoma_8441.jpg,train,malignant,9200,68.0,3683,66.0,-1,-1
train/malignant/melanoma_8442.jpg,train,malignant,9038,80.0,2539,4.0,-1,1
train/malignant/melanoma_8443.jpg,train,malignant,4857,82.0,2706,0.0,-1,1
train/malignant/melanoma_8444.jpg,train,malignant,685,92.0,2719,4.0,-1,1
train/malignant/melanoma_8445.jpg,train,malignant,3886,96.0,18992,80.0,-1,-1
train/malignant/melanoma_8446.jpg,train,malignant,5152,90.0,5831,92.0,-1,-1
train/malignant/melanoma_8447.jpg,train,malignant,9462,90.0,2750,4.0,-1,1
train/malignant/melanoma_8448.jpg,train,malignant,4890,76.0,2830,4.0,-1,1
train/malignant/melanoma_8449.jpg,train,malignant,1552,94.0,4928,82.0,-1,-1
train/malignant/melanoma_8450.jpg,train,malignant,2145,96.0,2849,0.0,-1,1
train/malignant/melanoma_8451.jpg,train,malignant,7776,84.0,2853,2.0,-1,1
train/malignant/melanoma_8452.jpg,train,malignant,7356,56.0,2883,2.0,-1,1
train/malignant/melanoma_8453.jpg,train,malignant,8083,82.0,2936,10.0,-1,1
train/malignant/melanoma_8454.jpg,train,malignant,1589,90.0,8505,86.0,-1,-1
train/malignant/melanoma_8455.jpg,train,malignant,7615,86.0,2959,0.0,-1,1
train/malignant/melanoma_8456.jpg,train,malignant,2554,80.0,3025,2.0,-1,1
train/malignant/melanoma_8457.jpg,train,malignant,8606,84.0,22157,80.0,-1,-1
train/malignant/melanoma_8458.jpg,train,malignant,16,82.0,3116,2.0,-1,1
train/malignant/melanoma_8459.jpg,train,malignant,6743,78.0,3201,2.0,-1,1
train/malignant/melanoma_8460.jpg,train,malignant,494,84.0,3208,2.0,-1,1
train/malignant/melanoma_8461.jpg,train,malignant,9170,68.0,3337,2.0,-1,1
train/malignant/melanoma_8462.jpg,train,malignant,315,90.0,11279,88.0,-1,-1
train/malignant/melanoma_8463.jpg,train,malignant,1355,84.0,3348,0.0,-1,1
train/malignant/melanoma_8464.jpg,train,malignant,9794,86.0,3360,4.0,-1,1
train/malignant/melanoma_8465.jpg,train,malignant,9681,68.0,3381,2.0,-1,1
train/malignant/melanoma_8466.jpg,train,malignant,2989,78.0,27441,78.0,-1,-1
train/malignant/melanoma_8467.jpg,train,malignant,1321,84.0,3406,0.0,-1,1
train/malignant/melanoma_8468.jpg,train,malignant,8338,90.0,31305,88.0,-1,-1
train/malignant/melanoma_8469.jpg,train,malignant,2587,74.0,3489,2.0,-1,1
train/malignant/melanoma_8470.jpg,train,malignant,1824,90.0,3498,2.0,-1,1
train/malignant/melanoma_8471.jpg,train,malignant,6361,86.0,3512,2.0,-1,1
train/malignant/melanoma_8472.jpg,train,malignant,5812,84.0,3568,0.0,-1,1
train/malignant/melanoma_8473.jpg,train,malignant,9600,84.0,3569,4.0,-1,1
train/malignant/melanoma_8474.jpg,train,malignant,7128,82.0,3647,0.0,-1,1
train/malignant/melanoma_8475.jpg,train,malignant,9820,90.0,10010,90.0,-1,-1
train/malignant/melanoma_8476.jpg,train,malignant,7264,78.0,3685,0.0,-1,1
train/malignant/melanoma_8477.jpg,train,malignant,5869,84.0,3742,4.0,-1,1
train/malignant/melanoma_8478.jpg,train,malignant,1508,86.0,30366,84.0,-1,-1
train/malignant/melanoma_8479.jpg,train,malignant,2359,90.0,21589,86.0,-1,-1
train/malignant/melanoma_8480.jpg,train,malignant,1170,84.0,3775,4.0,-1,1
train/malignant/melanoma_8481.jpg,train,malignant,7856,88.0,3795,0.0,-1,1
train/malignant/melanoma_8482.jpg,train,malignant,2583,80.0,3830,6.0,-1,1
train/malignant/melanoma_8483.jpg,train,malignant,1999,72.0,4067,8.0,-1,1
train/malignant/melanoma_8484.jpg,train,malignant,2003,48.0,4164,2.0,-1,1
train/malignant/melanoma_8485.jpg,train,malignant,5320,80.0,4214,0.0,-1,1
train/malignant/melanoma_8486.jpg,train,malignant,193,90.0,4229,2.0,-1,1
train/malignant/melanoma_8487.jpg,train,malignant,3943,90.0,4267,2.0,-1,1
train/malignant/melanoma_8488.jpg,train,malignant,8114,94.0,4928,90.0,-1,-1
train/malignant/melanoma_8489.jpg,train,malignant,4294,88.0,4291,2.0,-1,1
train/malignant/melanoma_8490.jpg,train,malignant,1341,88.0,5512,92.0,-1,-1
train/malignant/melanoma_8491.jpg,train,malignant,1074,88.0,27969,86.0,-1,-1
train/malignant/melanoma_8492.jpg,train,malignant,7947,70.0,4357,0.0,-1,1
train/malignant/melanoma_8493.jpg,train,malignant,1480,88.0,4444,0.0,-1,1
train/malignant/melanoma_8494.jpg,train,malignant,7356,58.0,4508,0.0,-1,1
train/malignant/melanoma_8495.jpg,train,malignant,4827,80.0,4561,4.0,-1,1
train/malignant/melanoma_8496.jpg,train,malignant,2240,90.0,4562,4.0,-1,1
train/malignant/melanoma_8497.jpg,train,malignant,6691,74.0,4602,2.0,-1,1
train/malignant/melanoma_8498.jpg,train,malignant,4252,88.0,4869,2.0,-1,1
train/malignant/melanoma_8499.jpg,train,malignant,904,94.0,4879,2.0,-1,1
train/malignant/melanoma_8500.jpg,train,malignant,770,90.0,4952,0.0,-1,1
train/malignant/melanoma_8501.jpg,train,malignant,2276,92.0,10517,90.0,-1,-1
train/malignant/melanoma_8502.jpg,train,malignant,2429,90.0,3215,92.0,-1,-1
train/malignant/melanoma_8503.jpg,train,malignant,1721,86.0,172,90.0,-1,-1
train/malignant/melanoma_8504.jpg,train,malignant,2583,64.0,5006,2.0,-1,1
train/malignant/melanoma_8505.jpg,train,malignant,5212,84.0,5038,2.0,-1,1
train/malignant/melanoma_8506.jpg,train,malignant,1893,82.0,5055,6.0,-1,1
train/malignant/melanoma_8507.jpg,train,malignant,7223,74.0,5085,0.0,-1,1
train/malignant/melanoma_8508.jpg,train,malignant,3114,88.0,5186,0.0,-1,1
train/malignant/melanoma_8509.jpg,train,malignant,3440,82.0,5293,0.0,-1,1
train/malignant/melanoma_8510.jpg,train,malignant,1324,92.0,5353,2.0,-1,1
train/malignant/melanoma_8511.jpg,train,malignant,4906,88.0,5365,2.0,-1,1
train/malignant/melanoma_8512.jpg,train,malignant,1486,88.0,15701,88.0,-1,-1
train/malignant/melanoma_8513.jpg,train,malignant,1846,86.0,5431,2.0,-1,1
train/malignant/melanoma_8514.jpg,train,malignant,9491,60.0,5434,4.0,-1,1
train/malignant/melanoma_8515.jpg,train,malignant,4778,84.0,15215,78.0,-1,-1
train/malignant/melanoma_8516.jpg,train,malignant,1103,68.0,8108,74.0,-1,-1
train/malignant/melanoma_8517.jpg,train,malignant,576,88.0,1821,86.0,-1,-1
train/malignant/melanoma_8518.jpg,train,malignant,3264,84.0,5523,6.0,-1,1
train/malignant/melanoma_8519.jpg,train,malignant,2392,88.0,5618,2.0,-1,1
train/malignant/melanoma_8520.jpg,train,malignant,7190,84.0,5658,2.0,-1,1
train/malignant/melanoma_8521.jpg,train,malignant,9537,84.0,5767,0.0,-1,1
train/malignant/melanoma_8522.jpg,train,malignant,1324,84.0,5884,0.0,-1,1
train/malignant/melanoma_8523.jpg,train,malignant,1432,94.0,15182,92.0,-1,-1
train/malignant/melanoma_8524.jpg,train,malignant,5121,62.0,5902,6.0,-1,1
train/malignant/melanoma_8525.jpg,train,malignant,7922,70.0,5936,6.0,-1,1
train/malignant/melanoma_8526.jpg,train,malignant,5277,86.0,6167,2.0,-1,1
train/malignant/melanoma_8527.jpg,train,malignant,8889,88.0,6185,2.0,-1,1
train/malignant/melanoma_8528.jpg,train,malignant,1162,70.0,97,78.0,-1,-1
train/malignant/melanoma_8529.jpg,train,malignant,1170,54.0,6194,4.0,-1,1
train/malignant/melanoma_8530.jpg,train,malignant,7541,84.0,18644,86.0,-1,-1
train/malignant/melanoma_8531.jpg,train,malignant,3893,92.0,4219,86.0,-1,-1
train/malignant/melanoma_8532.jpg,train,malignant,6255,96.0,6209,4.0,-1,1
train/malignant/melanoma_8533.jpg,train,malignant,1148,90.0,6240,6.0,-1,1
train/malignant/melanoma_8534.jpg,train,malignant,1797,90.0,16777,86.0,-1,-1
train/malignant/melanoma_8535.jpg,train,malignant,7545,58.0,6265,4.0,-1,1
train/malignant/melanoma_8536.jpg,train,malignant,4846,84.0,6439,0.0,-1,1
train/malignant/melanoma_8537.jpg,train,malignant,9928,92.0,6461,0.0,-1,1
train/malignant/melanoma_8538.jpg,train,malignant,7114,88.0,6590,0.0,-1,1
train/malignant/melanoma_8539.jpg,train,malignant,787,80.0,6591,6.0,-1,1
train/malignant/melanoma_8540.jpg,train,malignant,7697,88.0,1522,86.0,-1,-1
train/malignant/melanoma_8541.jpg,train,malignant,7002,68.0,6612,2.0,-1,1
train/malignant/melanoma_8542.jpg,train,malignant,1316,76.0,6686,4.0,-1,1
train/malignant/melanoma_8543.jpg,train,malignant,36,66.0,6698,2.0,-1,1
train/malignant/melanoma_8544.jpg,train,malignant,900,90.0,1329,86.0,-1,-1
train/malignant/melanoma_8545.jpg,train,malignant,7653,84.0,29142,82.0,-1,-1
train/malignant/melanoma_8546.jpg,train,malignant,2806,92.0,6811,0.0,-1,1
train/malignant/melanoma_8547.jpg,train,malignant,9170,88.0,6859,4.0,-1,1
train/malignant/melanoma_8548.jpg,train,malignant,7861,82.0,6860,2.0,-1,1
train/malignant/melanoma_8549.jpg,train,malignant,10007,78.0,6942,2.0,-1,1
train/malignant/melanoma_8550.jpg,train,malignant,9918,84.0,6960,4.0,-1,1
train/malignant/melanoma_8551.jpg,train,malignant,3721,80.0,7020,2.0,-1,1
train/malignant/melanoma_8552.jpg,train,malignant,8674,82.0,65,78.0,-1,-1
train/malignant/melanoma_8553.jpg,train,malignant,2373,92.0,7063,6.0,-1,1
train/malignant/melanoma_8554.jpg,train,malignant,7059,90.0,7089,0.0,-1,1
train/malignant/melanoma_8555.jpg,train,malignant,3566,90.0,7126,6.0,-1,1
train/malignant/melanoma_8556.jpg,train,malignant,3119,92.0,20799,86.0,-1,-1
train/malignant/melanoma_8557.jpg,train,malignant,2113,88.0,30352,86.0,-1,-1
train/malignant/melanoma_8558.jpg,train,malignant,243,88.0,7193,8.0,-1,1
train/malignant/melanoma_8559.jpg,train,malignant,8504,86.0,11846,82.0,-1,-1
train/malignant/melanoma_8560.jpg,train,malignant,1170,88.0,7231,4.0,-1,1
train/malignant/melanoma_8561.jpg,train,malignant,8604,72.0,7238,6.0,-1,1
train/malignant/melanoma_8562.jpg,train,malignant,1166,92.0,7361,2.0,-1,1
train/malignant/melanoma_8563.jpg,train,malignant,2905,88.0,7370,0.0,-1,1
train/malignant/melanoma_8564.jpg,train,malignant,1333,88.0,7376,0.0,-1,1
train/malignant/melanoma_8565.jpg,train,malignant,90,90.0,15806,86.0,-1,-1
train/malignant/melanoma_8566.jpg,train,malignant,5902,84.0,7405,4.0,-1,1
train/malignant/melanoma_8567.jpg,train,malignant,6092,90.0,7459,2.0,-1,1
train/malignant/melanoma_8568.jpg,train,malignant,9865,88.0,1849,88.0,-1,-1
train/malignant/melanoma_8569.jpg,train,malignant,1394,86.0,7475,2.0,-1,1
train/malignant/melanoma_8570.jpg,train,malignant,770,78.0,7476,2.0,-1,1
train/malignant/melanoma_8571.jpg,train,malignant,1868,86.0,7500,2.0,-1,1
train/malignant/melanoma_8572.jpg,train,malignant,5217,96.0,29845,88.0,-1,-1
train/malignant/melanoma_8573.jpg,train,malignant,1658,94.0,7527,2.0,-1,1
train/malignant/melanoma_8574.jpg,train,malignant,6121,92.0,7543,0.0,-1,1
train/malignant/melanoma_8575.jpg,train,malignant,6248,70.0,7696,4.0,-1,1
train/malignant/melanoma_8576.jpg,train,malignant,1388,90.0,7705,2.0,-1,1
train/malignant/melanoma_8577.jpg,train,malignant,1410,68.0,5789,80.0,-1,-1
train/malignant/melanoma_8578.jpg,train,malignant,8757,76.0,7716,4.0,-1,1
train/malignant/melanoma_8579.jpg,train,malignant,6974,54.0,2040,40.0,-1,-1
train/malignant/melanoma_8580.jpg,train,malignant,2252,88.0,7795,2.0,-1,1
train/malignant/melanoma_8581.jpg,train,malignant,7634,80.0,7826,2.0,-1,1
train/malignant/melanoma_8582.jpg,train,malignant,5068,84.0,7827,2.0,-1,1
train/malignant/melanoma_8583.jpg,train,malignant,6347,82.0,7936,2.0,-1,1
train/malignant/melanoma_8584.jpg,train,malignant,3861,90.0,8095,4.0,-1,1
train/malignant/melanoma_8585.jpg,train,malignant,114,92.0,3779,90.0,-1,-1
train/malignant/melanoma_8586.jpg,train,malignant,7569,82.0,8116,0.0,-1,1
train/malignant/melanoma_8587.jpg,train,malignant,4656,96.0,8203,0.0,-1,1
train/malignant/melanoma_8588.jpg,train,malignant,7670,68.0,8339,2.0,-1,1
train/malignant/melanoma_8589.jpg,train,malignant,1780,74.0,6120,84.0,-1,-1
train/malignant/melanoma_8590.jpg,train,malignant,8767,68.0,8026,64.0,-1,-1
train/malignant/melanoma_8591.jpg,train,malignant,1553,78.0,8342,4.0,-1,1
train/malignant/melanoma_8592.jpg,train,malignant,1059,92.0,8428,0.0,-1,1
train/malignant/melanoma_8593.jpg,train,malignant,6992,88.0,8460,4.0,-1,1
train/malignant/melanoma_8594.jpg,train,malignant,7275,84.0,8534,2.0,-1,1
train/malignant/melanoma_8595.jpg,train,malignant,820,90.0,8597,0.0,-1,1
train/malignant/melanoma_8596.jpg,train,malignant,6684,88.0,8631,2.0,-1,1
train/malignant/melanoma_8597.jpg,train,malignant,4892,82.0,8642,2.0,-1,1
train/malignant/melanoma_8598.jpg,train,malignant,582,82.0,17458,86.0,-1,-1
train/malignant/melanoma_8599.jpg,train,malignant,8239,78.0,8706,2.0,-1,1
train/malignant/melanoma_8600.jpg,train,malignant,5425,86.0,26693,92.0,-1,-1
train/malignant/melanoma_8601.jpg,train,malignant,5877,86.0,11711,84.0,-1,-1
train/malignant/melanoma_8602.jpg,train,malignant,4588,76.0,16430,78.0,-1,-1
train/malignant/melanoma_8603.jpg,train,malignant,5678,80.0,17205,82.0,-1,-1
train/malignant/melanoma_8604.jpg,train,malignant,3083,94.0,14279,90.0,-1,-1
train/malignant/melanoma_8605.jpg,train,malignant,806,78.0,14395,84.0,-1,-1
train/malignant/melanoma_8606.jpg,train,malignant,4683,90.0,6703,92.0,-1,-1
train/malignant/melanoma_8607.jpg,train,malignant,9882,78.0,7891,78.0,-1,-1
train/malignant/melanoma_8608.jpg,train,malignant,307,82.0,7857,84.0,-1,-1
train/malignant/melanoma_8609.jpg,train,malignant,9631,88.0,19189,88.0,-1,-1
train/malignant/melanoma_8610.jpg,train,malignant,1983,94.0,32672,90.0,-1,-1
train/malignant/melanoma_8611.jpg,train,malignant,1361,86.0,19816,82.0,-1,-1
train/malignant/melanoma_8612.jpg,train,malignant,7190,52.0,3226,64.0,-1,-1
train/malignant/melanoma_8613.jpg,train,malignant,9329,92.0,19189,88.0,-1,-1
train/malignant/melanoma_8614.jpg,train,malignant,7770,84.0,15907,84.0,-1,-1
train/malignant/melanoma_8615.jpg,train,malignant,4597,80.0,16250,80.0,-1,-1
train/malignant/melanoma_8616.jpg,train,malignant,6560,92.0,19189,92.0,-1,-1
train/malignant/melanoma_8617.jpg,train,malignant,4171,86.0,19802,88.0,-1,-1
train/malignant/melanoma_8618.jpg,train,malignant,4031,90.0,4568,84.0,-1,-1
train/malignant/melanoma_8619.jpg,train,malignant,950,92.0,16803,86.0,-1,-1
train/malignant/melanoma_8620.jpg,train,malignant,9145,70.0,17939,80.0,-1,-1
train/malignant/melanoma_8621.jpg,train,malignant,4535,94.0,14047,88.0,-1,-1
train/malignant/melanoma_8622.jpg,train,malignant,597,78.0,8415,78.0,-1,-1
train/malignant/melanoma_8623.jpg,train,malignant,860,76.0,2112,80.0,-1,-1
train/malignant/melanoma_8624.jpg,train,malignant,7490,82.0,8505,80.0,-1,-1
train/malignant/melanoma_8625.jpg,train,malignant,1552,90.0,28488,84.0,-1,-1
train/malignant/melanoma_8626.jpg,train,malignant,838,84.0,6189,76.0,-1,-1
train/malignant/melanoma_8627.jpg,train,malignant,1369,78.0,20843,64.0,-1,-1
train/malignant/melanoma_8628.jpg,train,malignant,90,90.0,13039,78.0,-1,-1
train/malignant/melanoma_8629.jpg,train,malignant,1579,84.0,6697,76.0,-1,-1
train/malignant/melanoma_8630.jpg,train,malignant,7589,82.0,11147,76.0,-1,-1
train/malignant/melanoma_8631.jpg,train,malignant,5,84.0,6727,86.0,-1,-1
train/malignant/melanoma_8632.jpg,train,malignant,322,94.0,27412,88.0,-1,-1
train/malignant/melanoma_8633.jpg,train,malignant,4623,92.0,28343,82.0,-1,-1
train/malignant/melanoma_8634.jpg,train,malignant,8496,76.0,2230,66.0,-1,-1
train/malignant/melanoma_8635.jpg,train,malignant,9966,92.0,7650,88.0,-1,-1
train/malignant/melanoma_8636.jpg,train,malignant,8296,84.0,3372,86.0,-1,-1
train/malignant/melanoma_8637.jpg,train,malignant,8534,84.0,4483,78.0,-1,-1
train/malignant/melanoma_8638.jpg,train,malignant,1888,82.0,11279,68.0,-1,-1
train/malignant/melanoma_8639.jpg,train,malignant,3572,84.0,93,92.0,-1,-1
train/malignant/melanoma_8640.jpg,train,malignant,2732,90.0,5582,84.0,-1,-1
train/malignant/melanoma_8641.jpg,train,malignant,7961,96.0,27451,94.0,-1,-1
train/malignant/melanoma_8642.jpg,train,malignant,1008,92.0,8623,82.0,-1,-1
train/malignant/melanoma_8643.jpg,train,malignant,1289,90.0,1616,90.0,-1,-1
train/malignant/melanoma_8644.jpg,train,malignant,7060,82.0,29766,80.0,-1,-1
train/malignant/melanoma_8645.jpg,train,malignant,7348,86.0,21524,84.0,-1,-1
train/malignant/melanoma_8646.jpg,train,malignant,442,90.0,8709,86.0,-1,-1
train/malignant/melanoma_8647.jpg,train,malignant,9460,80.0,30508,82.0,-1,-1
train/malignant/melanoma_8648.jpg,train,malignant,7128,86.0,25344,86.0,-1,-1
train/malignant/melanoma_8649.jpg,train,malignant,1926,92.0,17424,92.0,-1,-1
train/malignant/melanoma_8650.jpg,train,malignant,4573,76.0,10949,82.0,-1,-1
train/malignant/melanoma_8651.jpg,train,malignant,115,76.0,3184,84.0,-1,-1
train/malignant/melanoma_8652.jpg,train,malignant,932,90.0,23653,82.0,-1,-1
train/malignant/melanoma_8653.jpg,train,malignant,5044,94.0,25075,90.0,-1,-1
train/malignant/melanoma_8654.jpg,train,malignant,1123,90.0,5647,88.0,-1,-1
train/malignant/melanoma_8655.jpg,train,malignant,7146,86.0,8245,88.0,-1,-1
train/malignant/melanoma_8656.jpg,train,malignant,6198,76.0,21056,78.0,-1,-1
train/malignant/melanoma_8657.jpg,train,malignant,3056,90.0,31097,88.0,-1,-1
train/malignant/melanoma_8658.jpg,train,malignant,6477,92.0,18992,82.0,-1,-1
train/malignant/melanoma_8659.jpg,train,malignant,1362,92.0,28554,86.0,-1,-1
train/malignant/melanoma_8660.jpg,train,malignant,90,86.0,29444,66.0,-1,-1
train/malignant/melanoma_8661.jpg,train,malignant,5019,66.0,6182,76.0,-1,-1
train/malignant/melanoma_8662.jpg,train,malignant,127,90.0,2378,82.0,-1,-1
train/malignant/melanoma_8663.jpg,train,malignant,5805,88.0,4959,94.0,-1,-1
train/malignant/melanoma_8664.jpg,train,malignant,8196,92.0,22914,88.0,-1,-1
train/malignant/melanoma_8665.jpg,train,malignant,2004,92.0,8503,96.0,-1,-1
train/malignant/melanoma_8666.jpg,train,malignant,2063,90.0,10180,88.0,-1,-1
train/malignant/melanoma_8667.jpg,train,malignant,301,86.0,29444,82.0,-1,-1
train/malignant/melanoma_8668.jpg,train,malignant,60,88.0,4908,90.0,-1,-1
train/malignant/melanoma_8669.jpg,train,malignant,8213,84.0,31201,92.0,-1,-1
train/malignant/melanoma_8670.jpg,train,malignant,1107,84.0,12485,86.0,-1,-1
train/malignant/melanoma_8671.jpg,train,malignant,98,78.0,8771,80.0,-1,-1
train/malignant/melanoma_8672.jpg,train,malignant,4406,82.0,27029,80.0,-1,-1
train/malignant/melanoma_8673.jpg,train,malignant,823,90.0,29715,84.0,-1,-1
train/malignant/melanoma_8674.jpg,train,malignant,5383,88.0,22754,92.0,-1,-1
train/malignant/melanoma_8675.jpg,train,malignant,9667,82.0,7228,80.0,-1,-1
train/malignant/melanoma_8676.jpg,train,malignant,8070,66.0,1566,72.0,-1,-1
train/malignant/melanoma_8677.jpg,train,malignant,2837,72.0,30377,74.0,-1,-1
train/malignant/melanoma_8678.jpg,train,malignant,1012,94.0,494,92.0,-1,-1
train/malignant/melanoma_8679.jpg,train,malignant,1370,4.0,12945,64.0,1,-1
train/malignant/melanoma_8680.jpg,train,malignant,7184,84.0,547,84.0,-1,-1
train/malignant/melanoma_8681.jpg,train,malignant,1466,94.0,25557,90.0,-1,-1
train/malignant/melanoma_8682.jpg,train,malignant,474,88.0,7764,96.0,-1,-1
train/malignant/melanoma_8683.jpg,train,malignant,9420,88.0,24459,82.0,-1,-1
train/malignant/melanoma_8684.jpg,train,malignant,212,94.0,29237,92.0,-1,-1
train/malignant/melanoma_8685.jpg,train,malignant,20,92.0,29444,78.0,-1,-1
train/malignant/melanoma_8686.jpg,train,malignant,6829,84.0,11642,92.0,-1,-1
train/malignant/melanoma_8687.jpg,train,malignant,6824,86.0,1767,80.0,-1,-1
train/malignant/melanoma_8688.jpg,train,malignant,1732,86.0,22897,86.0,-1,-1
train/malignant/melanoma_8689.jpg,train,malignant,6691,82.0,4602,86.0,-1,-1
train/malignant/melanoma_8690.jpg,train,malignant,2067,2.0,30768,78.0,1,-1
train/malignant/melanoma_8691.jpg,train,malignant,6690,82.0,7963,86.0,-1,-1
train/malignant/melanoma_8692.jpg,train,malignant,3629,92.0,14754,90.0,-1,-1
train/malignant/melanoma_8693.jpg,train,malignant,409,94.0,17428,92.0,-1,-1
train/malignant/melanoma_8694.jpg,train,malignant,4752,78.0,13727,72.0,-1,-1
train/malignant/melanoma_8695.jpg,train,malignant,2265,88.0,15112,82.0,-1,-1
train/malignant/melanoma_8696.jpg,train,malignant,1602,82.0,14663,84.0,-1,-1
train/malignant/melanoma_8697.jpg,train,malignant,2946,92.0,7368,90.0,-1,-1
train/malignant/melanoma_8698.jpg,train,malignant,819,84.0,26004,82.0,-1,-1
train/malignant/melanoma_8699.jpg,train,malignant,9390,84.0,12187,86.0,-1,-1
train/malignant/melanoma_8700.jpg,train,malignant,8985,58.0,24879,58.0,-1,-1
train/malignant/melanoma_8701.jpg,train,malignant,1230,2.0,12253,64.0,1,-1
train/malignant/melanoma_8702.jpg,train,malignant,4726,94.0,12774,90.0,-1,-1
train/malignant/melanoma_8703.jpg,train,malignant,8326,94.0,28285,94.0,-1,-1
train/malignant/melanoma_8704.jpg,train,malignant,2787,88.0,13042,86.0,-1,-1
train/malignant/melanoma_8705.jpg,train,malignant,5108,88.0,24627,90.0,-1,-1
train/malignant/melanoma_8706.jpg,train,malignant,7561,88.0,3899,88.0,-1,-1
train/malignant/melanoma_8707.jpg,train,malignant,5415,84.0,22523,88.0,-1,-1
train/malignant/melanoma_8708.jpg,train,malignant,9529,72.0,29978,70.0,-1,-1
train/malignant/melanoma_8709.jpg,train,malignant,2407,82.0,3151,74.0,-1,-1
train/malignant/melanoma_8710.jpg,train,malignant,1711,80.0,7172,64.0,-1,-1
train/malignant/melanoma_8711.jpg,train,malignant,2115,80.0,16197,72.0,-1,-1
train/malignant/melanoma_8712.jpg,train,malignant,7114,82.0,16148,88.0,-1,-1
train/malignant/melanoma_8713.jpg,train,malignant,3440,78.0,5581,80.0,-1,-1
train/malignant/melanoma_8714.jpg,train,malignant,5676,80.0,3230,82.0,-1,-1
train/malignant/melanoma_8715.jpg,train,malignant,4979,80.0,2197,72.0,-1,-1
train/malignant/melanoma_8716.jpg,train,malignant,7584,78.0,529,80.0,-1,-1
train/malignant/melanoma_8717.jpg,train,malignant,1170,80.0,30136,76.0,-1,-1
train/malignant/melanoma_8718.jpg,train,malignant,8425,80.0,18603,82.0,-1,-1
train/malignant/melanoma_8719.jpg,train,malignant,9195,70.0,1013,72.0,-1,-1
train/malignant/melanoma_8720.jpg,train,malignant,7938,92.0,10008,90.0,-1,-1
train/malignant/melanoma_8721.jpg,train,malignant,6296,90.0,3652,92.0,-1,-1
train/malignant/melanoma_8722.jpg,train,malignant,383,76.0,1026,62.0,-1,-1
train/malignant/melanoma_8723.jpg,train,malignant,7943,72.0,20546,74.0,-1,-1
train/malignant/melanoma_8724.jpg,train,malignant,2375,58.0,14853,58.0,-1,-1
train/malignant/melanoma_8725.jpg,train,malignant,2161,88.0,4172,90.0,-1,-1
train/malignant/melanoma_8726.jpg,train,malignant,6487,74.0,555,68.0,-1,-1
train/malignant/melanoma_8727.jpg,train,malignant,7903,70.0,10736,68.0,-1,-1
train/malignant/melanoma_8728.jpg,train,malignant,7116,66.0,7627,66.0,-1,-1
train/malignant/melanoma_8729.jpg,train,malignant,7001,72.0,16207,76.0,-1,-1
train/malignant/melanoma_8730.jpg,train,malignant,6487,74.0,555,68.0,-1,-1
train/malignant/melanoma_8731.jpg,train,malignant,8949,56.0,27697,54.0,-1,-1
train/malignant/melanoma_8732.jpg,train,malignant,4773,80.0,1482,80.0,-1,-1
train/malignant/melanoma_8733.jpg,train,malignant,984,94.0,30484,90.0,-1,-1
train/malignant/melanoma_8734.jpg,train,malignant,1265,92.0,25965,92.0,-1,-1
train/malignant/melanoma_8735.jpg,train,malignant,8053,82.0,19700,82.0,-1,-1
train/malignant/melanoma_8736.jpg,train,malignant,5161,76.0,10444,78.0,-1,-1
train/malignant/melanoma_8737.jpg,train,malignant,1515,74.0,19852,72.0,-1,-1
train/malignant/melanoma_8738.jpg,train,malignant,383,74.0,1026,62.0,-1,-1
train/malignant/melanoma_8739.jpg,train,malignant,1563,86.0,31669,86.0,-1,-1
train/malignant/melanoma_8740.jpg,train,malignant,4324,76.0,18603,66.0,-1,-1
train/malignant/melanoma_8741.jpg,train,malignant,263,82.0,7763,82.0,-1,-1
train/malignant/melanoma_8742.jpg,train,malignant,8865,84.0,29922,80.0,-1,-1
train/malignant/melanoma_8743.jpg,train,malignant,9244,72.0,7652,74.0,-1,-1
train/malignant/melanoma_8744.jpg,train,malignant,2771,88.0,3955,84.0,-1,-1
train/malignant/melanoma_8745.jpg,train,malignant,1347,78.0,8126,84.0,-1,-1
train/malignant/melanoma_8746.jpg,train,malignant,4486,84.0,11962,88.0,-1,-1
train/malignant/melanoma_8747.jpg,train,malignant,9645,84.0,17119,82.0,-1,-1
train/malignant/melanoma_8748.jpg,train,malignant,1553,82.0,774,84.0,-1,-1
train/malignant/melanoma_8749.jpg,train,malignant,1743,86.0,995,86.0,-1,-1
train/malignant/melanoma_8750.jpg,train,malignant,2583,74.0,18571,60.0,-1,-1
train/malignant/melanoma_8751.jpg,train,malignant,3412,86.0,18019,88.0,-1,-1
train/malignant/melanoma_8752.jpg,train,malignant,1302,90.0,19885,86.0,-1,-1
train/malignant/melanoma_8753.jpg,train,malignant,217,84.0,23811,88.0,-1,-1
train/malignant/melanoma_8754.jpg,train,malignant,2583,70.0,8543,68.0,-1,-1
train/malignant/melanoma_8755.jpg,train,malignant,5022,66.0,26487,64.0,-1,-1
train/malignant/melanoma_8756.jpg,train,malignant,5927,88.0,18435,90.0,-1,-1
train/malignant/melanoma_8757.jpg,train,malignant,7098,84.0,28854,84.0,-1,-1
train/malignant/melanoma_8758.jpg,train,malignant,8249,88.0,7581,82.0,-1,-1
train/malignant/melanoma_8759.jpg,train,malignant,4922,86.0,8885,78.0,-1,-1
train/malignant/melanoma_8760.jpg,train,malignant,6765,70.0,24182,62.0,-1,-1
train/malignant/melanoma_8761.jpg,train,malignant,2181,92.0,24085,88.0,-1,-1
train/malignant/melanoma_8762.jpg,train,malignant,5959,88.0,346,88.0,-1,-1
train/malignant/melanoma_8763.jpg,train,malignant,1825,78.0,5032,66.0,-1,-1
train/malignant/melanoma_8764.jpg,train,malignant,101,92.0,22262,84.0,-1,-1
train/malignant/melanoma_8765.jpg,train,malignant,2974,84.0,21123,74.0,-1,-1
train/malignant/melanoma_8766.jpg,train,malignant,2583,80.0,8543,74.0,-1,-1
train/malignant/melanoma_8767.jpg,train,malignant,4977,92.0,2625,90.0,-1,-1
train/malignant/melanoma_8768.jpg,train,malignant,6741,76.0,17119,68.0,-1,-1
train/malignant/melanoma_8769.jpg,train,malignant,9068,78.0,19928,72.0,-1,-1
train/malignant/melanoma_8770.jpg,train,malignant,9579,70.0,522,70.0,-1,-1
train/malignant/melanoma_8771.jpg,train,malignant,5121,82.0,1673,74.0,-1,-1
train/malignant/melanoma_8772.jpg,train,malignant,7289,72.0,25664,66.0,-1,-1
train/malignant/melanoma_8773.jpg,train,malignant,2791,80.0,14898,72.0,-1,-1
train/malignant/melanoma_8774.jpg,train,malignant,1037,84.0,30160,86.0,-1,-1
train/malignant/melanoma_8775.jpg,train,malignant,145,76.0,11211,78.0,-1,-1
train/malignant/melanoma_8776.jpg,train,malignant,2398,82.0,4351,78.0,-1,-1
train/malignant/melanoma_8777.jpg,train,malignant,7021,78.0,10448,78.0,-1,-1
train/malignant/melanoma_8778.jpg,train,malignant,8949,72.0,9431,70.0,-1,-1
train/malignant/melanoma_8779.jpg,train,malignant,5510,94.0,19189,88.0,-1,-1
train/malignant/melanoma_8780.jpg,train,malignant,7265,82.0,13093,88.0,-1,-1
train/malignant/melanoma_8781.jpg,train,malignant,1746,92.0,9263,84.0,-1,-1
train/malignant/melanoma_8782.jpg,train,malignant,1538,90.0,35,88.0,-1,-1
train/malignant/melanoma_8783.jpg,train,malignant,8925,88.0,1612,82.0,-1,-1
train/malignant/melanoma_8784.jpg,train,malignant,205,88.0,5201,84.0,-1,-1
train/malignant/melanoma_8785.jpg,train,malignant,770,78.0,8543,58.0,-1,-1
train/malignant/melanoma_8786.jpg,train,malignant,7065,76.0,30884,58.0,-1,-1
train/malignant/melanoma_8787.jpg,train,malignant,7407,86.0,1314,84.0,-1,-1
train/malignant/melanoma_8788.jpg,train,malignant,1170,80.0,3955,60.0,-1,-1
train/malignant/melanoma_8789.jpg,train,malignant,6155,86.0,2953,82.0,-1,-1
train/malignant/melanoma_8790.jpg,train,malignant,3919,88.0,13651,82.0,-1,-1
train/malignant/melanoma_8791.jpg,train,malignant,597,86.0,18724,86.0,-1,-1
train/malignant/melanoma_8792.jpg,train,malignant,7348,88.0,21524,84.0,-1,-1
train/malignant/melanoma_8793.jpg,train,malignant,6943,86.0,18567,80.0,-1,-1
train/malignant/melanoma_8794.jpg,train,malignant,938,74.0,1894,72.0,-1,-1
train/malignant/melanoma_8795.jpg,train,malignant,770,76.0,2639,72.0,-1,-1
train/malignant/melanoma_8796.jpg,train,malignant,3113,86.0,10137,86.0,-1,-1
train/malignant/melanoma_8797.jpg,train,malignant,5131,80.0,1956,80.0,-1,-1
train/malignant/melanoma_8798.jpg,train,malignant,1170,74.0,15475,72.0,-1,-1
train/malignant/melanoma_8799.jpg,train,malignant,1895,94.0,4832,90.0,-1,-1
train/malignant/melanoma_8800.jpg,train,malignant,6688,82.0,4809,82.0,-1,-1
train/malignant/melanoma_8801.jpg,train,malignant,820,78.0,29618,86.0,-1,-1
train/malignant/melanoma_8802.jpg,train,malignant,7065,72.0,28337,64.0,-1,-1
train/malignant/melanoma_8803.jpg,train,malignant,3120,90.0,9866,84.0,-1,-1
train/malignant/melanoma_8804.jpg,train,malignant,2550,76.0,16187,68.0,-1,-1
train/malignant/melanoma_8805.jpg,train,malignant,7822,88.0,20794,84.0,-1,-1
train/malignant/melanoma_8806.jpg,train,malignant,2127,90.0,6189,84.0,-1,-1
train/malignant/melanoma_8807.jpg,train,malignant,11,88.0,22346,82.0,-1,-1
train/malignant/melanoma_8808.jpg,train,malignant,4246,88.0,193,92.0,-1,-1
train/malignant/melanoma_8809.jpg,train,malignant,1170,74.0,12383,60.0,-1,-1
train/malignant/melanoma_8810.jpg,train,malignant,1532,88.0,14663,86.0,-1,-1
train/malignant/melanoma_8811.jpg,train,malignant,4868,88.0,30861,86.0,-1,-1
train/malignant/melanoma_8812.jpg,train,malignant,7572,86.0,28921,88.0,-1,-1
train/malignant/melanoma_8813.jpg,train,malignant,1142,82.0,5904,72.0,-1,-1
train/malignant/melanoma_8814.jpg,train,malignant,4853,86.0,1455,82.0,-1,-1
train/malignant/melanoma_8815.jpg,train,malignant,27,86.0,11251,82.0,-1,-1
train/malignant/melanoma_8816.jpg,train,malignant,787,86.0,10766,66.0,-1,-1
train/malignant/melanoma_8817.jpg,train,malignant,1711,78.0,493,60.0,-1,-1
train/malignant/melanoma_8818.jpg,train,malignant,1170,70.0,3812,62.0,-1,-1
train/malignant/melanoma_8819.jpg,train,malignant,857,82.0,12338,78.0,-1,-1
train/malignant/melanoma_8820.jpg,train,malignant,7568,84.0,4630,82.0,-1,-1
train/malignant/melanoma_8821.jpg,train,malignant,6807,86.0,8060,82.0,-1,-1
train/malignant/melanoma_8822.jpg,train,malignant,1170,80.0,19226,76.0,-1,-1
train/malignant/melanoma_8823.jpg,train,malignant,1217,88.0,19043,84.0,-1,-1
train/malignant/melanoma_8824.jpg,train,malignant,7177,86.0,7160,90.0,-1,-1
train/malignant/melanoma_8825.jpg,train,malignant,5244,92.0,10553,94.0,-1,-1
train/malignant/melanoma_8826.jpg,train,malignant,7065,76.0,5032,62.0,-1,-1
train/malignant/melanoma_8827.jpg,train,malignant,357,90.0,6484,88.0,-1,-1
train/malignant/melanoma_8828.jpg,train,malignant,7872,74.0,29100,64.0,-1,-1
train/malignant/melanoma_8829.jpg,train,malignant,6926,92.0,30247,78.0,-1,-1
train/malignant/melanoma_8830.jpg,train,malignant,3998,84.0,31202,84.0,-1,-1
train/malignant/melanoma_8831.jpg,train,malignant,1355,90.0,6373,78.0,-1,-1
train/malignant/melanoma_8832.jpg,train,malignant,770,86.0,698,80.0,-1,-1
train/malignant/melanoma_8833.jpg,train,malignant,6793,88.0,12361,78.0,-1,-1
train/malignant/melanoma_8834.jpg,train,malignant,9017,86.0,22817,78.0,-1,-1
train/malignant/melanoma_8835.jpg,train,malignant,2394,88.0,21076,88.0,-1,-1
train/malignant/melanoma_8836.jpg,train,malignant,1764,86.0,1375,88.0,-1,-1
train/malignant/melanoma_8837.jpg,train,malignant,3347,76.0,9189,68.0,-1,-1
train/malignant/melanoma_8838.jpg,train,malignant,4865,82.0,3084,82.0,-1,-1
train/malignant/melanoma_8839.jpg,train,malignant,6361,88.0,3634,84.0,-1,-1
train/malignant/melanoma_8840.jpg,train,malignant,770,80.0,32627,68.0,-1,-1
train/malignant/melanoma_8841.jpg,train,malignant,5920,92.0,2069,88.0,-1,-1
train/malignant/melanoma_8842.jpg,train,malignant,9447,64.0,9232,58.0,-1,-1
train/malignant/melanoma_8843.jpg,train,malignant,9392,84.0,32627,78.0,-1,-1
train/malignant/melanoma_8844.jpg,train,malignant,2120,80.0,1637,62.0,-1,-1
train/malignant/melanoma_8845.jpg,train,malignant,2190,6.0,10550,78.0,1,-1
train/malignant/melanoma_8846.jpg,train,malignant,4804,74.0,29977,72.0,-1,-1
train/malignant/melanoma_8847.jpg,train,malignant,6814,82.0,31745,86.0,-1,-1
train/malignant/melanoma_8848.jpg,train,malignant,1852,78.0,14995,82.0,-1,-1
train/malignant/melanoma_8849.jpg,train,malignant,770,86.0,9028,78.0,-1,-1
train/malignant/melanoma_8850.jpg,train,malignant,2587,76.0,13015,72.0,-1,-1
train/malignant/melanoma_8851.jpg,train,malignant,9990,82.0,32627,52.0,-1,-1
train/malignant/melanoma_8852.jpg,train,malignant,1553,80.0,731,74.0,-1,-1
train/malignant/melanoma_8853.jpg,train,malignant,141,84.0,12961,62.0,-1,-1
train/malignant/melanoma_8854.jpg,train,malignant,2361,92.0,11952,90.0,-1,-1
train/malignant/melanoma_8855.jpg,train,malignant,4649,78.0,9408,78.0,-1,-1
train/malignant/melanoma_8856.jpg,train,malignant,102,82.0,95,74.0,-1,-1
train/malignant/melanoma_8857.jpg,train,malignant,1246,76.0,25967,84.0,-1,-1
train/malignant/melanoma_8858.jpg,train,malignant,9265,72.0,12779,58.0,-1,-1
train/malignant/melanoma_8859.jpg,train,malignant,8819,86.0,20900,78.0,-1,-1
train/malignant/melanoma_8860.jpg,train,malignant,8729,88.0,11745,90.0,-1,-1
train/malignant/melanoma_8861.jpg,train,malignant,36,88.0,21110,74.0,-1,-1
train/malignant/melanoma_8862.jpg,train,malignant,1553,72.0,20274,64.0,-1,-1
train/malignant/melanoma_8863.jpg,train,malignant,787,88.0,774,72.0,-1,-1
train/malignant/melanoma_8864.jpg,train,malignant,2379,88.0,25727,86.0,-1,-1
train/malignant/melanoma_8865.jpg,train,malignant,4638,76.0,21699,78.0,-1,-1
train/malignant/melanoma_8866.jpg,train,malignant,7220,86.0,9817,84.0,-1,-1
train/malignant/melanoma_8867.jpg,train,malignant,8877,94.0,23204,92.0,-1,-1
train/malignant/melanoma_8868.jpg,train,malignant,2555,92.0,16857,90.0,-1,-1
train/malignant/melanoma_8869.jpg,train,malignant,8053,84.0,29735,86.0,-1,-1
train/malignant/melanoma_8870.jpg,train,malignant,3144,94.0,21435,84.0,-1,-1
train/malignant/melanoma_8871.jpg,train,malignant,4314,84.0,5507,86.0,-1,-1
train/malignant/melanoma_8872.jpg,train,malignant,5862,80.0,5429,74.0,-1,-1
train/malignant/melanoma_8873.jpg,train,malignant,9019,76.0,13889,78.0,-1,-1
train/malignant/melanoma_8874.jpg,train,malignant,7891,88.0,5282,82.0,-1,-1
train/malignant/melanoma_8875.jpg,train,malignant,768,94.0,27888,88.0,-1,-1
train/malignant/melanoma_8876.jpg,train,malignant,5697,94.0,3280,94.0,-1,-1
train/malignant/melanoma_8877.jpg,train,malignant,2579,92.0,5032,86.0,-1,-1
train/malignant/melanoma_8878.jpg,train,malignant,4741,96.0,26563,92.0,-1,-1
train/malignant/melanoma_8879.jpg,train,malignant,2595,82.0,1245,82.0,-1,-1
train/malignant/melanoma_8880.jpg,train,malignant,7059,76.0,8444,70.0,-1,-1
train/malignant/melanoma_8881.jpg,train,malignant,2544,78.0,19768,54.0,-1,-1
train/malignant/melanoma_8882.jpg,train,malignant,856,84.0,13015,62.0,-1,-1
train/malignant/melanoma_8883.jpg,train,malignant,7244,82.0,3072,68.0,-1,-1
train/malignant/melanoma_8884.jpg,train,malignant,9441,88.0,23675,84.0,-1,-1
train/malignant/melanoma_8885.jpg,train,malignant,9329,80.0,26858,88.0,-1,-1
train/malignant/melanoma_8886.jpg,train,malignant,770,74.0,16962,74.0,-1,-1
train/malignant/melanoma_8887.jpg,train,malignant,7065,88.0,28195,84.0,-1,-1
train/malignant/melanoma_8888.jpg,train,malignant,6865,86.0,32351,82.0,-1,-1
train/malignant/melanoma_8889.jpg,train,malignant,9239,60.0,7681,70.0,-1,-1
train/malignant/melanoma_8890.jpg,train,malignant,744,94.0,20229,88.0,-1,-1
train/malignant/melanoma_8891.jpg,train,malignant,78,84.0,2144,86.0,-1,-1
train/malignant/melanoma_8892.jpg,train,malignant,2587,78.0,1673,80.0,-1,-1
train/malignant/melanoma_8893.jpg,train,malignant,773,78.0,10,76.0,-1,-1
train/malignant/melanoma_8894.jpg,train,malignant,3403,90.0,29196,90.0,-1,-1
train/malignant/melanoma_8895.jpg,train,malignant,1170,70.0,5996,58.0,-1,-1
train/malignant/melanoma_8896.jpg,train,malignant,8272,92.0,12069,90.0,-1,-1
train/malignant/melanoma_8897.jpg,train,malignant,6862,76.0,17580,70.0,-1,-1
train/malignant/melanoma_8898.jpg,train,malignant,5521,88.0,5886,82.0,-1,-1
train/malignant/melanoma_8899.jpg,train,malignant,7065,82.0,17119,58.0,-1,-1
train/malignant/melanoma_8900.jpg,train,malignant,1170,82.0,6698,70.0,-1,-1
train/malignant/melanoma_8901.jpg,train,malignant,1100,94.0,9719,90.0,-1,-1
train/malignant/melanoma_8902.jpg,train,malignant,1170,76.0,10539,70.0,-1,-1
train/malignant/melanoma_8903.jpg,train,malignant,1170,74.0,3812,64.0,-1,-1
train/malignant/melanoma_8904.jpg,train,malignant,7065,72.0,13515,66.0,-1,-1
train/malignant/melanoma_8905.jpg,train,malignant,1170,88.0,6932,74.0,-1,-1
train/malignant/melanoma_8906.jpg,train,malignant,6952,92.0,2460,84.0,-1,-1
train/malignant/melanoma_8907.jpg,train,malignant,1732,86.0,1427,90.0,-1,-1
train/malignant/melanoma_8908.jpg,train,malignant,6883,76.0,10939,70.0,-1,-1
train/malignant/melanoma_8909.jpg,train,malignant,6710,80.0,20274,70.0,-1,-1
train/malignant/melanoma_8910.jpg,train,malignant,4752,90.0,15771,86.0,-1,-1
train/malignant/melanoma_8911.jpg,train,malignant,1553,80.0,20032,76.0,-1,-1
train/malignant/melanoma_8912.jpg,train,malignant,7314,90.0,12608,84.0,-1,-1
train/malignant/melanoma_8913.jpg,train,malignant,1285,84.0,17022,80.0,-1,-1
train/malignant/melanoma_8914.jpg,train,malignant,1170,76.0,3339,68.0,-1,-1
train/malignant/melanoma_8915.jpg,train,malignant,6869,82.0,31623,72.0,-1,-1
train/malignant/melanoma_8916.jpg,train,malignant,2545,80.0,9028,78.0,-1,-1
train/malignant/melanoma_8917.jpg,train,malignant,1786,82.0,23245,70.0,-1,-1
train/malignant/melanoma_8918.jpg,train,malignant,7997,86.0,11071,84.0,-1,-1
train/malignant/melanoma_8919.jpg,train,malignant,672,84.0,29428,74.0,-1,-1
train/malignant/melanoma_8920.jpg,train,malignant,1268,80.0,6733,82.0,-1,-1
train/malignant/melanoma_8921.jpg,train,malignant,1170,74.0,3812,70.0,-1,-1
train/malignant/melanoma_8922.jpg,train,malignant,2016,80.0,27332,84.0,-1,-1
train/malignant/melanoma_8923.jpg,train,malignant,1533,72.0,14640,80.0,-1,-1
train/malignant/melanoma_8924.jpg,train,malignant,1492,88.0,13519,78.0,-1,-1
train/malignant/melanoma_8925.jpg,train,malignant,770,84.0,13979,72.0,-1,-1
train/malignant/melanoma_8926.jpg,train,malignant,120,72.0,3339,72.0,-1,-1
train/malignant/melanoma_8927.jpg,train,malignant,2583,80.0,11235,72.0,-1,-1
train/malignant/melanoma_8928.jpg,train,malignant,1170,76.0,8783,68.0,-1,-1
train/malignant/melanoma_8929.jpg,train,malignant,1553,80.0,3339,62.0,-1,-1
train/malignant/melanoma_8930.jpg,train,malignant,1170,66.0,8543,64.0,-1,-1
train/malignant/melanoma_8931.jpg,train,malignant,672,92.0,19572,82.0,-1,-1
train/malignant/melanoma_8932.jpg,train,malignant,7982,72.0,11641,66.0,-1,-1
train/malignant/melanoma_8933.jpg,train,malignant,8860,40.0,15881,50.0,-1,-1
train/malignant/melanoma_8934.jpg,train,malignant,307,90.0,12719,88.0,-1,-1
train/malignant/melanoma_8935.jpg,train,malignant,3380,84.0,21337,88.0,-1,-1
train/malignant/melanoma_8936.jpg,train,malignant,24,80.0,10216,70.0,-1,-1
train/malignant/melanoma_8937.jpg,train,malignant,7099,78.0,12023,72.0,-1,-1
train/malignant/melanoma_8938.jpg,train,malignant,5458,84.0,50,84.0,-1,-1
train/malignant/melanoma_8939.jpg,train,malignant,8035,90.0,30136,76.0,-1,-1
train/malignant/melanoma_8940.jpg,train,malignant,2583,76.0,19459,70.0,-1,-1
train/malignant/melanoma_8941.jpg,train,malignant,1553,78.0,29098,58.0,-1,-1
train/malignant/melanoma_8942.jpg,train,malignant,36,70.0,24664,52.0,-1,-1
train/malignant/melanoma_8943.jpg,train,malignant,638,84.0,23152,0.0,-1,1
train/malignant/melanoma_8944.jpg,train,malignant,2583,82.0,14718,70.0,-1,-1
train/malignant/melanoma_8945.jpg,train,malignant,98,80.0,5893,76.0,-1,-1
train/malignant/melanoma_8946.jpg,train,malignant,1553,78.0,7943,70.0,-1,-1
train/malignant/melanoma_8947.jpg,train,malignant,2988,82.0,19512,82.0,-1,-1
train/malignant/melanoma_8948.jpg,train,malignant,5925,88.0,21865,84.0,-1,-1
train/malignant/melanoma_8949.jpg,train,malignant,9669,82.0,5215,72.0,-1,-1
train/malignant/melanoma_8950.jpg,train,malignant,2587,80.0,32627,64.0,-1,-1
train/malignant/melanoma_8951.jpg,train,malignant,1553,78.0,10321,60.0,-1,-1
train/malignant/melanoma_8952.jpg,train,malignant,7150,74.0,15606,68.0,-1,-1
train/malignant/melanoma_8953.jpg,train,malignant,7099,86.0,21186,72.0,-1,-1
train/malignant/melanoma_8954.jpg,train,malignant,7099,88.0,15682,72.0,-1,-1
train/malignant/melanoma_8955.jpg,train,malignant,1167,82.0,455,76.0,-1,-1
train/malignant/melanoma_8956.jpg,train,malignant,7024,86.0,20363,88.0,-1,-1
train/malignant/melanoma_8957.jpg,train,malignant,770,78.0,7476,2.0,-1,1
train/malignant/melanoma_8958.jpg,train,malignant,1170,78.0,6932,72.0,-1,-1
train/malignant/melanoma_8959.jpg,train,malignant,8323,88.0,2032,84.0,-1,-1
train/malignant/melanoma_8960.jpg,train,malignant,7065,74.0,24918,62.0,-1,-1
train/malignant/melanoma_8961.jpg,train,malignant,3133,90.0,10348,86.0,-1,-1
train/malignant/melanoma_8962.jpg,train,malignant,770,76.0,32627,58.0,-1,-1
train/malignant/melanoma_8963.jpg,train,malignant,7099,78.0,3141,70.0,-1,-1
train/malignant/melanoma_8964.jpg,train,malignant,9035,78.0,493,74.0,-1,-1
train/malignant/melanoma_8965.jpg,train,malignant,9660,82.0,27222,4.0,-1,1
train/malignant/melanoma_8966.jpg,train,malignant,9154,72.0,29212,72.0,-1,-1
train/malignant/melanoma_8967.jpg,train,malignant,8975,84.0,20546,84.0,-1,-1
train/malignant/melanoma_8968.jpg,train,malignant,1124,76.0,5248,70.0,-1,-1
train/malignant/melanoma_8969.jpg,train,malignant,8110,82.0,758,6.0,-1,1
train/malignant/melanoma_8970.jpg,train,malignant,120,82.0,29164,66.0,-1,-1
train/malignant/melanoma_8971.jpg,train,malignant,7697,78.0,25671,86.0,-1,-1
train/malignant/melanoma_8972.jpg,train,malignant,904,90.0,19768,78.0,-1,-1
train/malignant/melanoma_8973.jpg,train,malignant,1494,68.0,3748,64.0,-1,-1
train/malignant/melanoma_8974.jpg,train,malignant,6973,66.0,10142,60.0,-1,-1
train/malignant/melanoma_8975.jpg,train,malignant,3598,90.0,19029,84.0,-1,-1
train/malignant/melanoma_8976.jpg,train,malignant,1170,66.0,22250,52.0,-1,-1
train/malignant/melanoma_8977.jpg,train,malignant,1170,60.0,3082,48.0,-1,-1
train/malignant/melanoma_8978.jpg,train,malignant,1558,2.0,16868,88.0,1,-1
train/malignant/melanoma_8979.jpg,train,malignant,7053,76.0,2850,62.0,-1,-1
train/malignant/melanoma_8980.jpg,train,malignant,2878,88.0,30845,66.0,-1,-1
train/malignant/melanoma_8981.jpg,train,malignant,1170,84.0,1612,74.0,-1,-1
train/malignant/melanoma_8982.jpg,train,malignant,8657,82.0,18457,72.0,-1,-1
train/malignant/melanoma_8983.jpg,train,malignant,4156,76.0,21856,84.0,-1,-1
train/malignant/melanoma_8984.jpg,train,malignant,5812,84.0,3568,2.0,-1,1
train/malignant/melanoma_8985.jpg,train,malignant,1170,70.0,16676,58.0,-1,-1
train/malignant/melanoma_8986.jpg,train,malignant,6993,78.0,23650,72.0,-1,-1
train/malignant/melanoma_8987.jpg,train,malignant,8865,82.0,10645,66.0,-1,-1
train/malignant/melanoma_8988.jpg,train,malignant,9137,86.0,13588,82.0,-1,-1
train/malignant/melanoma_8989.jpg,train,malignant,9298,84.0,7683,86.0,-1,-1
train/malignant/melanoma_8990.jpg,train,malignant,1170,70.0,17525,74.0,-1,-1
train/malignant/melanoma_8991.jpg,train,malignant,888,82.0,8101,68.0,-1,-1
train/malignant/melanoma_8992.jpg,train,malignant,7870,74.0,8980,2.0,-1,1
train/malignant/melanoma_8993.jpg,train,malignant,1170,80.0,11489,2.0,-1,1
train/malignant/melanoma_8994.jpg,train,malignant,2134,90.0,19921,86.0,-1,-1
train/malignant/melanoma_8995.jpg,train,malignant,2910,76.0,2124,74.0,-1,-1
train/malignant/melanoma_8996.jpg,train,malignant,1170,68.0,2263,56.0,-1,-1
train/malignant/melanoma_8997.jpg,train,malignant,2587,80.0,22817,68.0,-1,-1
train/malignant/melanoma_8998.jpg,train,malignant,2595,80.0,20274,78.0,-1,-1
train/malignant/melanoma_8999.jpg,train,malignant,1170,92.0,9018,86.0,-1,-1
train/malignant/melanoma_9000.jpg,train,malignant,2406,80.0,3488,80.0,-1,-1
train/malignant/melanoma_9001.jpg,train,malignant,20,90.0,29444,76.0,-1,-1
train/malignant/melanoma_9002.jpg,train,malignant,2583,76.0,12315,62.0,-1,-1
train/malignant/melanoma_9003.jpg,train,malignant,9684,76.0,19724,78.0,-1,-1
train/malignant/melanoma_9004.jpg,train,malignant,7514,74.0,28784,64.0,-1,-1
train/malignant/melanoma_9005.jpg,train,malignant,1170,76.0,17119,64.0,-1,-1
train/malignant/melanoma_9006.jpg,train,malignant,1170,72.0,17119,52.0,-1,-1
train/malignant/melanoma_9007.jpg,train,malignant,770,82.0,18571,62.0,-1,-1
train/malignant/melanoma_9008.jpg,train,malignant,865,74.0,4485,82.0,-1,-1
train/malignant/melanoma_9009.jpg,train,malignant,547,88.0,2692,78.0,-1,-1
train/malignant/melanoma_9010.jpg,train,malignant,9382,86.0,3733,90.0,-1,-1
train/malignant/melanoma_9011.jpg,train,malignant,1107,74.0,28884,84.0,-1,-1
train/malignant/melanoma_9012.jpg,train,malignant,1014,88.0,5527,82.0,-1,-1
train/malignant/melanoma_9013.jpg,train,malignant,4496,90.0,15050,90.0,-1,-1
train/malignant/melanoma_9014.jpg,train,malignant,3749,92.0,10191,90.0,-1,-1
train/malignant/melanoma_9015.jpg,train,malignant,3888,94.0,19189,90.0,-1,-1
train/malignant/melanoma_9016.jpg,train,malignant,743,74.0,30608,84.0,-1,-1
train/malignant/melanoma_9017.jpg,train,malignant,9586,88.0,18992,72.0,-1,-1
train/malignant/melanoma_9018.jpg,train,malignant,2164,0.0,2111,92.0,1,-1
train/malignant/melanoma_9019.jpg,train,malignant,1170,76.0,3812,72.0,-1,-1
train/malignant/melanoma_9020.jpg,train,malignant,1788,84.0,553,78.0,-1,-1
train/malignant/melanoma_9021.jpg,train,malignant,8695,76.0,23641,82.0,-1,-1
train/malignant/melanoma_9022.jpg,train,malignant,4085,84.0,4259,90.0,-1,-1
train/malignant/melanoma_9023.jpg,train,malignant,242,88.0,21402,84.0,-1,-1
train/malignant/melanoma_9024.jpg,train,malignant,1893,88.0,25064,84.0,-1,-1
train/malignant/melanoma_9025.jpg,train,malignant,463,98.0,7986,92.0,-1,-1
train/malignant/melanoma_9026.jpg,train,malignant,5607,90.0,6665,90.0,-1,-1
train/malignant/melanoma_9027.jpg,train,malignant,123,92.0,22167,86.0,-1,-1
train/malignant/melanoma_9028.jpg,train,malignant,509,92.0,6906,88.0,-1,-1
train/malignant/melanoma_9029.jpg,train,malignant,3389,86.0,14061,88.0,-1,-1
train/malignant/melanoma_9030.jpg,train,malignant,7138,76.0,20945,78.0,-1,-1
train/malignant/melanoma_9031.jpg,train,malignant,1312,0.0,2775,90.0,1,-1
train/malignant/melanoma_9032.jpg,train,malignant,6115,86.0,19000,82.0,-1,-1
train/malignant/melanoma_9033.jpg,train,malignant,7843,90.0,16164,92.0,-1,-1
train/malignant/melanoma_9034.jpg,train,malignant,1930,94.0,30184,92.0,-1,-1
train/malignant/melanoma_9035.jpg,train,malignant,4868,88.0,26284,90.0,-1,-1
train/malignant/melanoma_9036.jpg,train,malignant,3592,96.0,1045,92.0,-1,-1
train/malignant/melanoma_9037.jpg,train,malignant,6300,86.0,5445,88.0,-1,-1
train/malignant/melanoma_9038.jpg,train,malignant,3654,74.0,9156,76.0,-1,-1
train/malignant/melanoma_9039.jpg,train,malignant,1457,90.0,18992,84.0,-1,-1
train/malignant/melanoma_9040.jpg,train,malignant,7410,80.0,1192,86.0,-1,-1
train/malignant/melanoma_9041.jpg,train,malignant,8229,88.0,18301,82.0,-1,-1
train/malignant/melanoma_9042.jpg,train,malignant,1170,74.0,25180,76.0,-1,-1
train/malignant/melanoma_9043.jpg,train,malignant,322,94.0,26123,92.0,-1,-1
train/malignant/melanoma_9044.jpg,train,malignant,2114,0.0,12332,78.0,1,-1
train/malignant/melanoma_9045.jpg,train,malignant,8864,94.0,19189,84.0,-1,-1
train/malignant/melanoma_9046.jpg,train,malignant,4920,94.0,11540,90.0,-1,-1
train/malignant/melanoma_9047.jpg,train,malignant,457,88.0,20491,80.0,-1,-1
train/malignant/melanoma_9048.jpg,train,malignant,3977,92.0,5775,94.0,-1,-1
train/malignant/melanoma_9049.jpg,train,malignant,941,92.0,29018,86.0,-1,-1
train/malignant/melanoma_9050.jpg,train,malignant,5157,92.0,17633,86.0,-1,-1
train/malignant/melanoma_9051.jpg,train,malignant,9592,82.0,2101,84.0,-1,-1
train/malignant/melanoma_9052.jpg,train,malignant,1232,90.0,3246,86.0,-1,-1
train/malignant/melanoma_9053.jpg,train,malignant,1417,94.0,2578,92.0,-1,-1
train/malignant/melanoma_9054.jpg,train,malignant,7459,84.0,3192,82.0,-1,-1
train/malignant/melanoma_9055.jpg,train,malignant,1361,88.0,15185,88.0,-1,-1
train/malignant/melanoma_9056.jpg,train,malignant,7611,88.0,3419,82.0,-1,-1
train/malignant/melanoma_9057.jpg,train,malignant,3128,90.0,29493,88.0,-1,-1
train/malignant/melanoma_9058.jpg,train,malignant,1235,2.0,3226,62.0,1,-1
train/malignant/melanoma_9059.jpg,train,malignant,9540,86.0,21551,84.0,-1,-1
train/malignant/melanoma_9060.jpg,train,malignant,7656,76.0,19733,64.0,-1,-1
train/malignant/melanoma_9061.jpg,train,malignant,2279,4.0,11736,80.0,1,-1
train/malignant/melanoma_9062.jpg,train,malignant,2356,82.0,1740,82.0,-1,-1
train/malignant/melanoma_9063.jpg,train,malignant,2052,2.0,24594,84.0,1,-1
train/malignant/melanoma_9064.jpg,train,malignant,1974,4.0,3165,68.0,1,-1
train/malignant/melanoma_9065.jpg,train,malignant,2253,2.0,20045,90.0,1,-1
train/malignant/melanoma_9066.jpg,train,malignant,1866,4.0,23970,88.0,1,-1
train/malignant/melanoma_9067.jpg,train,malignant,2057,0.0,12131,82.0,1,-1
train/malignant/melanoma_9068.jpg,train,malignant,2176,0.0,9077,84.0,1,-1
train/malignant/melanoma_9069.jpg,train,malignant,2043,2.0,2798,84.0,1,-1
train/malignant/melanoma_9070.jpg,train,malignant,1263,4.0,27650,46.0,1,-1
train/malignant/melanoma_9071.jpg,train,malignant,2199,4.0,9384,86.0,1,-1
train/malignant/melanoma_9072.jpg,train,malignant,114,86.0,3182,86.0,-1,-1
train/malignant/melanoma_9073.jpg,train,malignant,8174,86.0,6349,86.0,-1,-1
train/malignant/melanoma_9074.jpg,train,malignant,2288,0.0,9686,92.0,1,-1
train/malignant/melanoma_9075.jpg,train,malignant,1213,0.0,6254,88.0,1,-1
train/malignant/melanoma_9076.jpg,train,malignant,1918,2.0,10280,84.0,1,-1
train/malignant/melanoma_9077.jpg,train,malignant,1868,2.0,20735,84.0,1,-1
train/malignant/melanoma_9078.jpg,train,malignant,1908,0.0,10348,80.0,1,-1
train/malignant/melanoma_9079.jpg,train,malignant,1367,2.0,12798,86.0,1,-1
train/malignant/melanoma_9080.jpg,train,malignant,1315,2.0,18367,82.0,1,-1
train/malignant/melanoma_9081.jpg,train,malignant,1444,0.0,19700,74.0,1,-1
train/malignant/melanoma_9082.jpg,train,malignant,1359,2.0,16314,82.0,1,-1
train/malignant/melanoma_9083.jpg,train,malignant,1392,2.0,27061,82.0,1,-1
train/malignant/melanoma_9084.jpg,train,malignant,5867,78.0,17867,84.0,-1,-1
train/malignant/melanoma_9085.jpg,train,malignant,7428,88.0,2407,86.0,-1,-1
train/malignant/melanoma_9086.jpg,train,malignant,1257,2.0,32233,82.0,1,-1
train/malignant/melanoma_9087.jpg,train,malignant,1937,4.0,6675,80.0,1,-1
train/malignant/melanoma_9088.jpg,train,malignant,1449,0.0,14799,86.0,1,-1
train/malignant/melanoma_9089.jpg,train,malignant,2025,2.0,26459,84.0,1,-1
train/malignant/melanoma_9090.jpg,train,malignant,1751,2.0,22451,88.0,1,-1
train/malignant/melanoma_9091.jpg,train,malignant,1465,4.0,6876,90.0,1,-1
train/malignant/melanoma_9092.jpg,train,malignant,1458,0.0,28664,64.0,1,-1
train/malignant/melanoma_9093.jpg,train,malignant,2058,2.0,26953,92.0,1,-1
train/malignant/melanoma_9094.jpg,train,malignant,2202,0.0,30132,80.0,1,-1
train/malignant/melanoma_9095.jpg,train,malignant,6768,82.0,20992,82.0,-1,-1
train/malignant/melanoma_9096.jpg,train,malignant,1381,2.0,2539,72.0,1,-1
train/malignant/melanoma_9097.jpg,train,malignant,6846,84.0,22495,84.0,-1,-1
train/malignant/melanoma_9098.jpg,train,malignant,2300,2.0,5879,80.0,1,-1
train/malignant/melanoma_9099.jpg,train,malignant,1403,0.0,14954,80.0,1,-1
train/malignant/melanoma_9100.jpg,train,malignant,1766,0.0,1174,70.0,1,-1
train/malignant/melanoma_9101.jpg,train,malignant,2007,2.0,1008,92.0,1,-1
train/malignant/melanoma_9102.jpg,train,malignant,2117,2.0,12939,74.0,1,-1
train/malignant/melanoma_9103.jpg,train,malignant,2127,4.0,3339,70.0,1,-1
train/malignant/melanoma_9104.jpg,train,malignant,1956,2.0,5790,88.0,1,-1
train/malignant/melanoma_9105.jpg,train,malignant,2080,0.0,9746,90.0,1,-1
train/malignant/melanoma_9106.jpg,train,malignant,7333,88.0,15760,88.0,-1,-1
train/malignant/melanoma_9107.jpg,train,malignant,2223,4.0,15913,82.0,1,-1
train/malignant/melanoma_9108.jpg,train,malignant,1355,4.0,27748,70.0,1,-1
train/malignant/melanoma_9109.jpg,train,malignant,7196,82.0,23952,84.0,-1,-1
train/malignant/melanoma_9110.jpg,train,malignant,96,88.0,524,84.0,-1,-1
train/malignant/melanoma_9111.jpg,train,malignant,2115,2.0,4983,68.0,1,-1
train/malignant/melanoma_9112.jpg,train,malignant,2236,0.0,20750,68.0,1,-1
train/malignant/melanoma_9113.jpg,train,malignant,2148,2.0,24996,74.0,1,-1
train/malignant/melanoma_9114.jpg,train,malignant,2001,4.0,32431,76.0,1,-1
train/malignant/melanoma_9115.jpg,train,malignant,2216,2.0,25049,86.0,1,-1
train/malignant/melanoma_9116.jpg,train,malignant,1992,2.0,25703,88.0,1,-1
train/malignant/melanoma_9117.jpg,train,malignant,5124,92.0,6963,92.0,-1,-1
train/malignant/melanoma_9118.jpg,train,malignant,2146,4.0,3135,90.0,1,-1
train/malignant/melanoma_9119.jpg,train,malignant,2055,0.0,12338,82.0,1,-1
train/malignant/melanoma_9120.jpg,train,malignant,2226,2.0,13258,80.0,1,-1
train/malignant/melanoma_9121.jpg,train,malignant,1445,0.0,10763,80.0,1,-1
train/malignant/melanoma_9122.jpg,train,malignant,2531,86.0,24894,68.0,-1,-1
train/malignant/melanoma_9123.jpg,train,malignant,1358,2.0,9232,64.0,1,-1
train/malignant/melanoma_9124.jpg,train,malignant,2004,2.0,4054,88.0,1,-1
train/malignant/melanoma_9125.jpg,train,malignant,1963,0.0,24979,80.0,1,-1
train/malignant/melanoma_9126.jpg,train,malignant,1365,2.0,2392,72.0,1,-1
train/malignant/melanoma_9127.jpg,train,malignant,1405,0.0,29191,76.0,1,-1
train/malignant/melanoma_9128.jpg,train,malignant,6708,92.0,22993,82.0,-1,-1
train/malignant/melanoma_9129.jpg,train,malignant,2139,2.0,2577,86.0,1,-1
train/malignant/melanoma_9130.jpg,train,malignant,1969,2.0,16689,92.0,1,-1
train/malignant/melanoma_9131.jpg,train,malignant,1988,0.0,11699,90.0,1,-1
train/malignant/melanoma_9132.jpg,train,malignant,2197,2.0,7611,74.0,1,-1
train/malignant/melanoma_9133.jpg,train,malignant,1371,4.0,15412,88.0,1,-1
train/malignant/melanoma_9134.jpg,train,malignant,2204,82.0,1305,78.0,-1,-1
train/malignant/melanoma_9135.jpg,train,malignant,2089,2.0,13385,88.0,1,-1
train/malignant/melanoma_9136.jpg,train,malignant,1408,2.0,15533,84.0,1,-1
train/malignant/melanoma_9137.jpg,train,malignant,2113,2.0,25806,86.0,1,-1
train/malignant/melanoma_9138.jpg,train,malignant,1287,0.0,30637,64.0,1,-1
train/malignant/melanoma_9139.jpg,train,malignant,6685,86.0,17039,84.0,-1,-1
train/malignant/melanoma_9140.jpg,train,malignant,1467,2.0,20735,82.0,1,-1
train/malignant/melanoma_9141.jpg,train,malignant,2009,2.0,1574,86.0,1,-1
train/malignant/melanoma_9142.jpg,train,malignant,2318,2.0,6741,50.0,1,-1
train/malignant/melanoma_9143.jpg,train,malignant,1390,4.0,20400,76.0,1,-1
train/malignant/melanoma_9144.jpg,train,malignant,2316,4.0,277,70.0,1,-1
train/malignant/melanoma_9145.jpg,train,malignant,1290,2.0,19033,72.0,1,-1
train/malignant/melanoma_9146.jpg,train,malignant,8752,84.0,5798,76.0,-1,-1
train/malignant/melanoma_9147.jpg,train,malignant,1943,2.0,7666,92.0,1,-1
train/malignant/melanoma_9148.jpg,train,malignant,2088,2.0,2531,84.0,1,-1
train/malignant/melanoma_9149.jpg,train,malignant,1232,6.0,6268,82.0,1,-1
train/malignant/melanoma_9150.jpg,train,malignant,9631,86.0,19189,78.0,-1,-1
train/malignant/melanoma_9151.jpg,train,malignant,2047,2.0,7941,72.0,1,-1
train/malignant/melanoma_9152.jpg,train,malignant,2239,2.0,297,84.0,1,-1
train/malignant/melanoma_9153.jpg,train,malignant,2157,2.0,14717,90.0,1,-1
train/malignant/melanoma_9154.jpg,train,malignant,2104,2.0,11711,82.0,1,-1
train/malignant/melanoma_9155.jpg,train,malignant,2013,2.0,22717,80.0,1,-1
train/malignant/melanoma_9156.jpg,train,malignant,2063,4.0,19359,78.0,1,-1
train/malignant/melanoma_9157.jpg,train,malignant,1349,0.0,15913,90.0,1,-1
train/malignant/melanoma_9158.jpg,train,malignant,7103,74.0,16065,66.0,-1,-1
train/malignant/melanoma_9159.jpg,train,malignant,1255,2.0,7198,80.0,1,-1
train/malignant/melanoma_9160.jpg,train,malignant,2238,2.0,12844,92.0,1,-1
train/malignant/melanoma_9161.jpg,train,malignant,214,90.0,558,90.0,-1,-1
train/malignant/melanoma_9162.jpg,train,malignant,1027,96.0,6129,86.0,-1,-1
train/malignant/melanoma_9163.jpg,train,malignant,1426,2.0,10846,58.0,1,-1
train/malignant/melanoma_9164.jpg,train,malignant,2230,2.0,22913,78.0,1,-1
train/malignant/melanoma_9165.jpg,train,malignant,1418,2.0,8505,74.0,1,-1
train/malignant/melanoma_9166.jpg,train,malignant,2054,2.0,10432,86.0,1,-1
train/malignant/melanoma_9167.jpg,train,malignant,1298,2.0,5376,72.0,1,-1
train/malignant/melanoma_9168.jpg,train,malignant,2140,0.0,4456,86.0,1,-1
train/malignant/melanoma_9169.jpg,train,malignant,1245,0.0,21098,62.0,1,-1
train/malignant/melanoma_9170.jpg,train,malignant,2302,2.0,9438,86.0,1,-1
train/malignant/melanoma_9171.jpg,train,malignant,1555,76.0,9462,78.0,-1,-1
train/malignant/melanoma_9172.jpg,train,malignant,1656,0.0,27483,90.0,1,-1
train/malignant/melanoma_9173.jpg,train,malignant,8396,86.0,766,90.0,-1,-1
train/malignant/melanoma_9174.jpg,train,malignant,1218,2.0,16356,88.0,1,-1
train/malignant/melanoma_9175.jpg,train,malignant,1215,2.0,11479,88.0,1,-1
train/malignant/melanoma_9176.jpg,train,malignant,1413,2.0,7071,68.0,1,-1
train/malignant/melanoma_9177.jpg,train,malignant,2182,2.0,7601,88.0,1,-1
train/malignant/melanoma_9178.jpg,train,malignant,1276,2.0,32509,48.0,1,-1
train/malignant/melanoma_9179.jpg,train,malignant,1987,2.0,22696,90.0,1,-1
train/malignant/melanoma_9180.jpg,train,malignant,1968,2.0,3523,86.0,1,-1
train/malignant/melanoma_9181.jpg,train,malignant,1374,2.0,3349,88.0,1,-1
train/malignant/melanoma_9182.jpg,train,malignant,1929,0.0,22747,80.0,1,-1
train/malignant/melanoma_9183.jpg,train,malignant,6105,80.0,30644,88.0,-1,-1
train/malignant/melanoma_9184.jpg,train,malignant,8230,80.0,30318,82.0,-1,-1
train/malignant/melanoma_9185.jpg,train,malignant,2257,2.0,11268,90.0,1,-1
train/malignant/melanoma_9186.jpg,train,malignant,1946,2.0,831,90.0,1,-1
train/malignant/melanoma_9187.jpg,train,malignant,1313,2.0,15726,80.0,1,-1
train/malignant/melanoma_9188.jpg,train,malignant,2209,2.0,22877,88.0,1,-1
train/malignant/melanoma_9189.jpg,train,malignant,1973,2.0,5177,72.0,1,-1
train/malignant/melanoma_9190.jpg,train,malignant,1448,2.0,25777,80.0,1,-1
train/malignant/melanoma_9191.jpg,train,malignant,1241,2.0,16444,76.0,1,-1
train/malignant/melanoma_9192.jpg,train,malignant,2203,0.0,20548,84.0,1,-1
train/malignant/melanoma_9193.jpg,train,malignant,1385,2.0,152,36.0,1,-1
train/malignant/melanoma_9194.jpg,train,malignant,2246,0.0,14504,92.0,1,-1
train/malignant/melanoma_9195.jpg,train,malignant,9215,88.0,3915,88.0,-1,-1
train/malignant/melanoma_9196.jpg,train,malignant,4559,86.0,2027,86.0,-1,-1
train/malignant/melanoma_9197.jpg,train,malignant,1885,4.0,14890,80.0,1,-1
train/malignant/melanoma_9198.jpg,train,malignant,2175,0.0,4048,86.0,1,-1
train/malignant/melanoma_9199.jpg,train,malignant,2037,0.0,1284,92.0,1,-1
train/malignant/melanoma_9200.jpg,train,malignant,2289,0.0,13805,90.0,1,-1
train/malignant/melanoma_9201.jpg,train,malignant,1260,2.0,3907,66.0,1,-1
train/malignant/melanoma_9202.jpg,train,malignant,2066,4.0,12479,84.0,1,-1
train/malignant/melanoma_9203.jpg,train,malignant,1283,0.0,19217,84.0,1,-1
train/malignant/melanoma_9204.jpg,train,malignant,2086,0.0,9816,82.0,1,-1
train/malignant/melanoma_9205.jpg,train,malignant,1438,4.0,18384,74.0,1,-1
train/malignant/melanoma_9206.jpg,train,malignant,5891,92.0,21814,92.0,-1,-1
train/malignant/melanoma_9207.jpg,train,malignant,1428,0.0,3857,78.0,1,-1
train/malignant/melanoma_9208.jpg,train,malignant,7240,80.0,12539,80.0,-1,-1
train/malignant/melanoma_9209.jpg,train,malignant,1324,4.0,11868,60.0,1,-1
train/malignant/melanoma_9210.jpg,train,malignant,2250,0.0,9355,82.0,1,-1
train/malignant/melanoma_9211.jpg,train,malignant,1237,2.0,7510,82.0,1,-1
train/malignant/melanoma_9212.jpg,train,malignant,1756,4.0,20364,78.0,1,-1
train/malignant/melanoma_9213.jpg,train,malignant,1219,2.0,2693,78.0,1,-1
train/malignant/melanoma_9214.jpg,train,malignant,1395,0.0,20815,80.0,1,-1
train/malignant/melanoma_9215.jpg,train,malignant,1417,2.0,16828,90.0,1,-1
train/malignant/melanoma_9216.jpg,train,malignant,2075,4.0,16560,88.0,1,-1
train/malignant/melanoma_9217.jpg,train,malignant,6344,92.0,28358,88.0,-1,-1
train/malignant/melanoma_9218.jpg,train,malignant,1338,0.0,24480,82.0,1,-1
train/malignant/melanoma_9219.jpg,train,malignant,1229,0.0,22702,60.0,1,-1
train/malignant/melanoma_9220.jpg,train,malignant,2014,84.0,9109,86.0,-1,-1
train/malignant/melanoma_9221.jpg,train,malignant,1664,0.0,13789,74.0,1,-1
train/malignant/melanoma_9222.jpg,train,malignant,1951,2.0,17680,92.0,1,-1
train/malignant/melanoma_9223.jpg,train,malignant,1949,2.0,19174,88.0,1,-1
train/malignant/melanoma_9224.jpg,train,malignant,1394,0.0,22741,72.0,1,-1
train/malignant/melanoma_9225.jpg,train,malignant,2021,2.0,18946,84.0,1,-1
train/malignant/melanoma_9226.jpg,train,malignant,1436,2.0,1174,66.0,1,-1
train/malignant/melanoma_9227.jpg,train,malignant,1980,4.0,30034,88.0,1,-1
train/malignant/melanoma_9228.jpg,train,malignant,8250,90.0,25187,88.0,-1,-1
train/malignant/melanoma_9229.jpg,train,malignant,2305,4.0,199,84.0,1,-1
train/malignant/melanoma_9230.jpg,train,malignant,1360,2.0,14736,86.0,1,-1
train/malignant/melanoma_9231.jpg,train,malignant,2254,0.0,28597,80.0,1,-1
train/malignant/melanoma_9232.jpg,train,malignant,4439,84.0,18594,92.0,-1,-1
train/malignant/melanoma_9233.jpg,train,malignant,6203,86.0,8719,8.0,-1,1
train/malignant/melanoma_9234.jpg,train,malignant,1450,2.0,27740,74.0,1,-1
train/malignant/melanoma_9235.jpg,train,malignant,1346,6.0,29955,82.0,1,-1
train/malignant/melanoma_9236.jpg,train,malignant,1872,2.0,31556,84.0,1,-1
train/malignant/melanoma_9237.jpg,train,malignant,2039,4.0,630,86.0,1,-1
train/malignant/melanoma_9238.jpg,train,malignant,2045,2.0,2733,90.0,1,-1
train/malignant/melanoma_9239.jpg,train,malignant,871,92.0,9972,82.0,-1,-1
train/malignant/melanoma_9240.jpg,train,malignant,2027,2.0,29282,80.0,1,-1
train/malignant/melanoma_9241.jpg,train,malignant,1411,2.0,17503,72.0,1,-1
train/malignant/melanoma_9242.jpg,train,malignant,1488,2.0,1390,88.0,1,-1
train/malignant/melanoma_9243.jpg,train,malignant,2181,0.0,23964,72.0,1,-1
train/malignant/melanoma_9244.jpg,train,malignant,1246,0.0,12954,72.0,1,-1
train/malignant/melanoma_9245.jpg,train,malignant,3429,92.0,9119,6.0,-1,1
train/malignant/melanoma_9246.jpg,train,malignant,1821,2.0,19368,82.0,1,-1
train/malignant/melanoma_9247.jpg,train,malignant,1942,4.0,25671,84.0,1,-1
train/malignant/melanoma_9248.jpg,train,malignant,1258,2.0,522,74.0,1,-1
train/malignant/melanoma_9249.jpg,train,malignant,1763,0.0,17406,88.0,1,-1
train/malignant/melanoma_9250.jpg,train,malignant,480,84.0,25613,78.0,-1,-1
train/malignant/melanoma_9251.jpg,train,malignant,2248,2.0,25165,88.0,1,-1
train/malignant/melanoma_9252.jpg,train,malignant,2138,2.0,338,84.0,1,-1
train/malignant/melanoma_9253.jpg,train,malignant,1419,2.0,5986,80.0,1,-1
train/malignant/melanoma_9254.jpg,train,malignant,2171,2.0,253,86.0,1,-1
train/malignant/melanoma_9255.jpg,train,malignant,2044,2.0,32070,70.0,1,-1
train/malignant/melanoma_9256.jpg,train,malignant,2050,2.0,9142,86.0,1,-1
train/malignant/melanoma_9257.jpg,train,malignant,5293,82.0,14282,2.0,-1,1
train/malignant/melanoma_9258.jpg,train,malignant,1491,0.0,10763,84.0,1,-1
train/malignant/melanoma_9259.jpg,train,malignant,2003,2.0,4164,48.0,1,-1
train/malignant/melanoma_9260.jpg,train,malignant,2298,4.0,30922,78.0,1,-1
train/malignant/melanoma_9261.jpg,train,malignant,1613,90.0,2008,92.0,-1,-1
train/malignant/melanoma_9262.jpg,train,malignant,2233,0.0,26044,86.0,1,-1
train/malignant/melanoma_9263.jpg,train,malignant,2102,0.0,21171,74.0,1,-1
train/malignant/melanoma_9264.jpg,train,malignant,2090,0.0,23624,86.0,1,-1
train/malignant/melanoma_9265.jpg,train,malignant,2212,0.0,23048,90.0,1,-1
train/malignant/melanoma_9266.jpg,train,malignant,1398,2.0,2157,90.0,1,-1
train/malignant/melanoma_9267.jpg,train,malignant,2256,0.0,19143,78.0,1,-1
train/malignant/melanoma_9268.jpg,train,malignant,2149,0.0,17331,86.0,1,-1
train/malignant/melanoma_9269.jpg,train,malignant,1170,80.0,14292,6.0,-1,1
train/malignant/melanoma_9270.jpg,train,malignant,2119,4.0,7506,86.0,1,-1
train/malignant/melanoma_9271.jpg,train,malignant,2032,0.0,11937,86.0,1,-1
train/malignant/melanoma_9272.jpg,train,malignant,307,74.0,32142,76.0,-1,-1
train/malignant/melanoma_9273.jpg,train,malignant,1787,84.0,16585,88.0,-1,-1
train/malignant/melanoma_9274.jpg,train,malignant,1402,2.0,29854,84.0,1,-1
train/malignant/melanoma_9275.jpg,train,malignant,1305,2.0,25835,78.0,1,-1
train/malignant/melanoma_9276.jpg,train,malignant,2292,4.0,21403,80.0,1,-1
train/malignant/melanoma_9277.jpg,train,malignant,1425,2.0,16384,82.0,1,-1
train/malignant/melanoma_9278.jpg,train,malignant,2132,0.0,7354,88.0,1,-1
train/malignant/melanoma_9279.jpg,train,malignant,2272,2.0,765,62.0,1,-1
train/malignant/melanoma_9280.jpg,train,malignant,2005,4.0,5478,90.0,1,-1
train/malignant/melanoma_9281.jpg,train,malignant,2306,2.0,5290,92.0,1,-1
train/malignant/melanoma_9282.jpg,train,malignant,7865,78.0,14342,2.0,-1,1
train/malignant/melanoma_9283.jpg,train,malignant,1437,2.0,13526,64.0,1,-1
train/malignant/melanoma_9284.jpg,train,malignant,162,78.0,1192,86.0,-1,-1
train/malignant/melanoma_9285.jpg,train,malignant,1440,2.0,3384,88.0,1,-1
train/malignant/melanoma_9286.jpg,train,malignant,1981,2.0,16680,86.0,1,-1
train/malignant/melanoma_9287.jpg,train,malignant,1268,0.0,13831,72.0,1,-1
train/malignant/melanoma_9288.jpg,train,malignant,2016,2.0,10531,68.0,1,-1
train/malignant/melanoma_9289.jpg,train,malignant,1372,2.0,1779,62.0,1,-1
train/malignant/melanoma_9290.jpg,train,malignant,2299,2.0,10825,88.0,1,-1
train/malignant/melanoma_9291.jpg,train,malignant,1234,4.0,28403,82.0,1,-1
train/malignant/melanoma_9292.jpg,train,malignant,2064,4.0,27817,86.0,1,-1
train/malignant/melanoma_9293.jpg,train,malignant,2026,2.0,1096,78.0,1,-1
train/malignant/melanoma_9294.jpg,train,malignant,2948,86.0,14344,2.0,-1,1
train/malignant/melanoma_9295.jpg,train,malignant,9533,86.0,10190,84.0,-1,-1
train/malignant/melanoma_9296.jpg,train,malignant,1238,2.0,2661,84.0,1,-1
train/malignant/melanoma_9297.jpg,train,malignant,2191,2.0,30212,80.0,1,-1
train/malignant/melanoma_9298.jpg,train,malignant,2068,4.0,29742,82.0,1,-1
train/malignant/melanoma_9299.jpg,train,malignant,1938,0.0,1747,80.0,1,-1
train/malignant/melanoma_9300.jpg,train,malignant,2251,0.0,932,90.0,1,-1
train/malignant/melanoma_9301.jpg,train,malignant,2065,4.0,28730,88.0,1,-1
train/malignant/melanoma_9302.jpg,train,malignant,2108,0.0,9987,80.0,1,-1
train/malignant/melanoma_9303.jpg,train,malignant,1317,4.0,30751,74.0,1,-1
train/malignant/melanoma_9304.jpg,train,malignant,2158,0.0,6694,80.0,1,-1
train/malignant/melanoma_9305.jpg,train,malignant,2022,2.0,13897,88.0,1,-1
train/malignant/melanoma_9306.jpg,train,malignant,6798,76.0,14640,74.0,-1,-1
train/malignant/melanoma_9307.jpg,train,malignant,3498,90.0,14394,0.0,-1,1
train/malignant/melanoma_9308.jpg,train,malignant,1596,4.0,22642,76.0,1,-1
train/malignant/melanoma_9309.jpg,train,malignant,1356,0.0,2527,88.0,1,-1
train/malignant/melanoma_9310.jpg,train,malignant,1393,2.0,27650,38.0,1,-1
train/malignant/melanoma_9311.jpg,train,malignant,1396,4.0,29642,74.0,1,-1
train/malignant/melanoma_9312.jpg,train,malignant,2137,2.0,3006,90.0,1,-1
train/malignant/melanoma_9313.jpg,train,malignant,1380,0.0,9805,86.0,1,-1
train/malignant/melanoma_9314.jpg,train,malignant,1391,2.0,2698,76.0,1,-1
train/malignant/melanoma_9315.jpg,train,malignant,1772,2.0,22776,84.0,1,-1
train/malignant/melanoma_9316.jpg,train,malignant,2229,2.0,20672,82.0,1,-1
train/malignant/melanoma_9317.jpg,train,malignant,865,76.0,9412,80.0,-1,-1
train/malignant/melanoma_9318.jpg,train,malignant,2309,0.0,24408,80.0,1,-1
train/malignant/melanoma_9319.jpg,train,malignant,1602,78.0,14482,2.0,-1,1
train/malignant/melanoma_9320.jpg,train,malignant,1247,2.0,9968,80.0,1,-1
train/malignant/melanoma_9321.jpg,train,malignant,2000,2.0,20229,92.0,1,-1
train/malignant/melanoma_9322.jpg,train,malignant,2095,2.0,24608,84.0,1,-1
train/malignant/melanoma_9323.jpg,train,malignant,1376,2.0,10713,86.0,1,-1
train/malignant/melanoma_9324.jpg,train,malignant,2290,4.0,2813,84.0,1,-1
train/malignant/melanoma_9325.jpg,train,malignant,2092,2.0,12582,90.0,1,-1
train/malignant/melanoma_9326.jpg,train,malignant,1420,2.0,2456,74.0,1,-1
train/malignant/melanoma_9327.jpg,train,malignant,2155,0.0,7692,74.0,1,-1
train/malignant/melanoma_9328.jpg,train,malignant,7311,94.0,1288,92.0,-1,-1
train/malignant/melanoma_9329.jpg,train,malignant,1542,0.0,8663,82.0,1,-1
train/malignant/melanoma_9330.jpg,train,malignant,1351,2.0,3448,88.0,1,-1
train/malignant/melanoma_9331.jpg,train,malignant,6175,88.0,14556,4.0,-1,1
train/malignant/melanoma_9332.jpg,train,malignant,1998,4.0,27447,82.0,1,-1
train/malignant/melanoma_9333.jpg,train,malignant,1446,0.0,31532,88.0,1,-1
train/malignant/melanoma_9334.jpg,train,malignant,1462,4.0,5965,68.0,1,-1
train/malignant/melanoma_9335.jpg,train,malignant,2053,2.0,17608,88.0,1,-1
train/malignant/melanoma_9336.jpg,train,malignant,1364,2.0,8501,92.0,1,-1
train/malignant/melanoma_9337.jpg,train,malignant,2074,2.0,2688,70.0,1,-1
train/malignant/melanoma_9338.jpg,train,malignant,2243,6.0,18041,66.0,1,-1
train/malignant/melanoma_9339.jpg,train,malignant,7942,78.0,23861,92.0,-1,-1
train/malignant/melanoma_9340.jpg,train,malignant,2193,4.0,14125,60.0,1,-1
train/malignant/melanoma_9341.jpg,train,malignant,1931,2.0,13495,56.0,1,-1
train/malignant/melanoma_9342.jpg,train,malignant,1231,2.0,15345,78.0,1,-1
train/malignant/melanoma_9343.jpg,train,malignant,1132,88.0,14617,4.0,-1,1
train/malignant/melanoma_9344.jpg,train,malignant,1423,2.0,25832,88.0,1,-1
train/malignant/melanoma_9345.jpg,train,malignant,1285,2.0,6264,56.0,1,-1
train/malignant/melanoma_9346.jpg,train,malignant,1322,2.0,3175,66.0,1,-1
train/malignant/melanoma_9347.jpg,train,malignant,1382,0.0,12229,84.0,1,-1
train/malignant/melanoma_9348.jpg,train,malignant,1461,4.0,27327,76.0,1,-1
train/malignant/melanoma_9349.jpg,train,malignant,2267,2.0,23385,62.0,1,-1
train/malignant/melanoma_9350.jpg,train,malignant,4981,88.0,5175,88.0,-1,-1
train/malignant/melanoma_9351.jpg,train,malignant,1936,2.0,28511,88.0,1,-1
train/malignant/melanoma_9352.jpg,train,malignant,1368,2.0,13378,66.0,1,-1
train/malignant/melanoma_9353.jpg,train,malignant,2198,0.0,1311,92.0,1,-1
train/malignant/melanoma_9354.jpg,train,malignant,1236,0.0,20604,92.0,1,-1
train/malignant/melanoma_9355.jpg,train,malignant,3236,74.0,16255,80.0,-1,-1
train/malignant/melanoma_9356.jpg,train,malignant,4648,88.0,14647,4.0,-1,1
train/malignant/melanoma_9357.jpg,train,malignant,2030,0.0,1138,92.0,1,-1
train/malignant/melanoma_9358.jpg,train,malignant,1795,4.0,12162,64.0,1,-1
train/malignant/melanoma_9359.jpg,train,malignant,1318,2.0,12461,86.0,1,-1
train/malignant/melanoma_9360.jpg,train,malignant,1586,2.0,31489,84.0,1,-1
train/malignant/melanoma_9361.jpg,train,malignant,7107,90.0,17440,90.0,-1,-1
train/malignant/melanoma_9362.jpg,train,malignant,2177,0.0,14099,86.0,1,-1
train/malignant/melanoma_9363.jpg,train,malignant,1308,2.0,21068,80.0,1,-1
train/malignant/melanoma_9364.jpg,train,malignant,2293,2.0,22113,84.0,1,-1
train/malignant/melanoma_9365.jpg,train,malignant,1256,2.0,20276,76.0,1,-1
train/malignant/melanoma_9366.jpg,train,malignant,1415,2.0,8381,72.0,1,-1
train/malignant/melanoma_9367.jpg,train,malignant,2041,2.0,9374,80.0,1,-1
train/malignant/melanoma_9368.jpg,train,malignant,4727,92.0,14662,0.0,-1,1
train/malignant/melanoma_9369.jpg,train,malignant,2218,2.0,20952,82.0,1,-1
train/malignant/melanoma_9370.jpg,train,malignant,1422,2.0,31609,86.0,1,-1
train/malignant/melanoma_9371.jpg,train,malignant,1823,2.0,5186,88.0,1,-1
train/malignant/melanoma_9372.jpg,train,malignant,8266,88.0,31428,88.0,-1,-1
train/malignant/melanoma_9373.jpg,train,malignant,2077,0.0,30779,88.0,1,-1
train/malignant/melanoma_9374.jpg,train,malignant,2121,0.0,6191,88.0,1,-1
train/malignant/melanoma_9375.jpg,train,malignant,1979,2.0,9320,90.0,1,-1
train/malignant/melanoma_9376.jpg,train,malignant,2099,4.0,13056,80.0,1,-1
train/malignant/melanoma_9377.jpg,train,malignant,2049,2.0,2887,76.0,1,-1
train/malignant/melanoma_9378.jpg,train,malignant,1344,4.0,30603,54.0,1,-1
train/malignant/melanoma_9379.jpg,train,malignant,2012,2.0,93,84.0,1,-1
train/malignant/melanoma_9380.jpg,train,malignant,9317,84.0,9141,6.0,-1,1
train/malignant/melanoma_9381.jpg,train,malignant,1401,2.0,14353,90.0,1,-1
train/malignant/melanoma_9382.jpg,train,malignant,2169,2.0,15345,84.0,1,-1
train/malignant/melanoma_9383.jpg,train,malignant,2127,76.0,9197,80.0,-1,-1
train/malignant/melanoma_9384.jpg,train,malignant,2275,84.0,21177,82.0,-1,-1
train/malignant/melanoma_9385.jpg,train,malignant,2178,4.0,2935,86.0,1,-1
train/malignant/melanoma_9386.jpg,train,malignant,1500,4.0,27307,84.0,1,-1
train/malignant/melanoma_9387.jpg,train,malignant,1288,4.0,24361,60.0,1,-1
train/malignant/melanoma_9388.jpg,train,malignant,1955,4.0,21274,90.0,1,-1
train/malignant/melanoma_9389.jpg,train,malignant,1933,2.0,20514,82.0,1,-1
train/malignant/melanoma_9390.jpg,train,malignant,2042,0.0,20594,88.0,1,-1
train/malignant/melanoma_9391.jpg,train,malignant,2150,4.0,32342,82.0,1,-1
train/malignant/melanoma_9392.jpg,train,malignant,1386,4.0,32336,42.0,1,-1
train/malignant/melanoma_9393.jpg,train,malignant,7969,88.0,14663,2.0,-1,1
train/malignant/melanoma_9394.jpg,train,malignant,2159,0.0,10789,82.0,1,-1
train/malignant/melanoma_9395.jpg,train,malignant,1217,88.0,26384,86.0,-1,-1
train/malignant/melanoma_9396.jpg,train,malignant,2228,2.0,1610,86.0,1,-1
train/malignant/melanoma_9397.jpg,train,malignant,1366,2.0,3801,72.0,1,-1
train/malignant/melanoma_9398.jpg,train,malignant,1762,2.0,12868,84.0,1,-1
train/malignant/melanoma_9399.jpg,train,malignant,2205,0.0,26298,70.0,1,-1
train/malignant/melanoma_9400.jpg,train,malignant,1997,2.0,23813,78.0,1,-1
train/malignant/melanoma_9401.jpg,train,malignant,2135,2.0,8488,66.0,1,-1
train/malignant/melanoma_9402.jpg,train,malignant,1278,0.0,9560,82.0,1,-1
train/malignant/melanoma_9403.jpg,train,malignant,1252,4.0,17376,82.0,1,-1
train/malignant/melanoma_9404.jpg,train,malignant,2227,0.0,21760,88.0,1,-1
train/malignant/melanoma_9405.jpg,train,malignant,4485,84.0,14674,4.0,-1,1
train/malignant/melanoma_9406.jpg,train,malignant,1882,90.0,19735,90.0,-1,-1
train/malignant/melanoma_9407.jpg,train,malignant,1964,2.0,31282,86.0,1,-1
train/malignant/melanoma_9408.jpg,train,malignant,1357,2.0,29164,70.0,1,-1
train/malignant/melanoma_9409.jpg,train,malignant,1334,0.0,30854,82.0,1,-1
train/malignant/melanoma_9410.jpg,train,malignant,2038,2.0,9497,78.0,1,-1
train/malignant/melanoma_9411.jpg,train,malignant,2083,0.0,6837,82.0,1,-1
train/malignant/melanoma_9412.jpg,train,malignant,1240,0.0,14182,84.0,1,-1
train/malignant/melanoma_9413.jpg,train,malignant,2275,0.0,5644,82.0,1,-1
train/malignant/melanoma_9414.jpg,train,malignant,1243,4.0,9934,70.0,1,-1
train/malignant/melanoma_9415.jpg,train,malignant,1294,4.0,9009,90.0,1,-1
train/malignant/melanoma_9416.jpg,train,malignant,1903,4.0,3602,82.0,1,-1
train/malignant/melanoma_9417.jpg,train,malignant,3264,92.0,6808,90.0,-1,-1
train/malignant/melanoma_9418.jpg,train,malignant,8050,82.0,14877,4.0,-1,1
train/malignant/melanoma_9419.jpg,train,malignant,1375,0.0,11660,64.0,1,-1
train/malignant/melanoma_9420.jpg,train,malignant,1329,0.0,505,60.0,1,-1
train/malignant/melanoma_9421.jpg,train,malignant,1282,4.0,31954,58.0,1,-1
train/malignant/melanoma_9422.jpg,train,malignant,2186,2.0,7230,88.0,1,-1
train/malignant/melanoma_9423.jpg,train,malignant,1994,0.0,14041,94.0,1,-1
train/malignant/melanoma_9424.jpg,train,malignant,2011,2.0,8428,90.0,1,-1
train/malignant/melanoma_9425.jpg,train,malignant,1279,0.0,6234,94.0,1,-1
train/malignant/melanoma_9426.jpg,train,malignant,1406,0.0,25688,86.0,1,-1
train/malignant/melanoma_9427.jpg,train,malignant,1770,4.0,4449,90.0,1,-1
train/malignant/melanoma_9428.jpg,train,malignant,7387,86.0,23146,78.0,-1,-1
train/malignant/melanoma_9429.jpg,train,malignant,2201,2.0,12705,86.0,1,-1
train/malignant/melanoma_9430.jpg,train,malignant,145,78.0,14981,0.0,-1,1
train/malignant/melanoma_9431.jpg,train,malignant,2192,4.0,2783,48.0,1,-1
train/malignant/melanoma_9432.jpg,train,malignant,2314,2.0,15894,86.0,1,-1
train/malignant/melanoma_9433.jpg,train,malignant,1353,0.0,17848,86.0,1,-1
train/malignant/melanoma_9434.jpg,train,malignant,1249,6.0,31119,66.0,1,-1
train/malignant/melanoma_9435.jpg,train,malignant,1442,2.0,8985,84.0,1,-1
train/malignant/melanoma_9436.jpg,train,malignant,1748,0.0,11722,82.0,1,-1
train/malignant/melanoma_9437.jpg,train,malignant,2006,2.0,20553,88.0,1,-1
train/malignant/melanoma_9438.jpg,train,malignant,2048,2.0,393,84.0,1,-1
train/malignant/melanoma_9439.jpg,train,malignant,800,90.0,24182,88.0,-1,-1
train/malignant/melanoma_9440.jpg,train,malignant,2019,2.0,2453,84.0,1,-1
train/malignant/melanoma_9441.jpg,train,malignant,2062,0.0,4923,90.0,1,-1
train/malignant/melanoma_9442.jpg,train,malignant,7413,82.0,14983,2.0,-1,1
train/malignant/melanoma_9443.jpg,train,malignant,1990,2.0,6356,88.0,1,-1
train/malignant/melanoma_9444.jpg,train,malignant,1767,2.0,1310,60.0,1,-1
train/malignant/melanoma_9445.jpg,train,malignant,1220,2.0,5582,84.0,1,-1
train/malignant/melanoma_9446.jpg,train,malignant,2297,2.0,13559,80.0,1,-1
train/malignant/melanoma_9447.jpg,train,malignant,2153,0.0,21525,84.0,1,-1
train/malignant/melanoma_9448.jpg,train,malignant,1432,2.0,24086,70.0,1,-1
train/malignant/melanoma_9449.jpg,train,malignant,1223,2.0,12361,82.0,1,-1
train/malignant/melanoma_9450.jpg,train,malignant,1905,88.0,1676,90.0,-1,-1
train/malignant/melanoma_9451.jpg,train,malignant,1295,2.0,19951,82.0,1,-1
train/malignant/melanoma_9452.jpg,train,malignant,1233,2.0,8302,88.0,1,-1
train/malignant/melanoma_9453.jpg,train,malignant,2059,2.0,30327,80.0,1,-1
train/malignant/melanoma_9454.jpg,train,malignant,9183,70.0,15080,4.0,-1,1
train/malignant/melanoma_9455.jpg,train,malignant,2247,2.0,14577,86.0,1,-1
train/malignant/melanoma_9456.jpg,train,malignant,2028,6.0,5128,78.0,1,-1
train/malignant/melanoma_9457.jpg,train,malignant,1354,4.0,18425,58.0,1,-1
train/malignant/melanoma_9458.jpg,train,malignant,1342,2.0,9436,76.0,1,-1
train/malignant/melanoma_9459.jpg,train,malignant,2315,4.0,15967,82.0,1,-1
train/malignant/melanoma_9460.jpg,train,malignant,1758,0.0,27841,90.0,1,-1
train/malignant/melanoma_9461.jpg,train,malignant,6962,76.0,14963,72.0,-1,-1
train/malignant/melanoma_9462.jpg,train,malignant,1421,6.0,27510,78.0,1,-1
train/malignant/melanoma_9463.jpg,train,malignant,1593,2.0,10131,90.0,1,-1
train/malignant/melanoma_9464.jpg,train,malignant,1472,2.0,27401,80.0,1,-1
train/malignant/melanoma_9465.jpg,train,malignant,2280,2.0,3934,90.0,1,-1
train/malignant/melanoma_9466.jpg,train,malignant,8558,68.0,15092,2.0,-1,1
train/malignant/melanoma_9467.jpg,train,malignant,2122,0.0,9077,88.0,1,-1
train/malignant/melanoma_9468.jpg,train,malignant,1212,4.0,1779,82.0,1,-1
train/malignant/melanoma_9469.jpg,train,malignant,2162,0.0,17953,54.0,1,-1
train/malignant/melanoma_9470.jpg,train,malignant,1457,2.0,16724,86.0,1,-1
train/malignant/melanoma_9471.jpg,train,malignant,2070,0.0,5525,76.0,1,-1
train/malignant/melanoma_9472.jpg,train,malignant,1170,86.0,19117,82.0,-1,-1
train/malignant/melanoma_9473.jpg,train,malignant,2183,0.0,16923,84.0,1,-1
train/malignant/melanoma_9474.jpg,train,malignant,1967,2.0,20541,80.0,1,-1
train/malignant/melanoma_9475.jpg,train,malignant,2100,2.0,1458,68.0,1,-1
train/malignant/melanoma_9476.jpg,train,malignant,1996,0.0,28823,84.0,1,-1
train/malignant/melanoma_9477.jpg,train,malignant,1991,2.0,14043,84.0,1,-1
train/malignant/melanoma_9478.jpg,train,malignant,3120,86.0,25634,86.0,-1,-1
train/malignant/melanoma_9479.jpg,train,malignant,1170,86.0,15170,2.0,-1,1
train/malignant/melanoma_9480.jpg,train,malignant,1310,0.0,30708,76.0,1,-1
train/malignant/melanoma_9481.jpg,train,malignant,1410,0.0,22702,74.0,1,-1
train/malignant/melanoma_9482.jpg,train,malignant,2105,2.0,5641,90.0,1,-1
train/malignant/melanoma_9483.jpg,train,malignant,1231,78.0,30608,78.0,-1,-1
train/malignant/melanoma_9484.jpg,train,malignant,2235,2.0,18494,80.0,1,-1
train/malignant/melanoma_9485.jpg,train,malignant,1296,0.0,1021,88.0,1,-1
train/malignant/melanoma_9486.jpg,train,malignant,1328,6.0,16430,74.0,1,-1
train/malignant/melanoma_9487.jpg,train,malignant,1427,0.0,31237,78.0,1,-1
train/malignant/melanoma_9488.jpg,train,malignant,1332,2.0,7103,86.0,1,-1
train/malignant/melanoma_9489.jpg,train,malignant,1469,0.0,4061,62.0,1,-1
train/malignant/melanoma_9490.jpg,train,malignant,2118,2.0,4241,70.0,1,-1
train/malignant/melanoma_9491.jpg,train,malignant,6743,70.0,15345,2.0,-1,1
train/malignant/melanoma_9492.jpg,train,malignant,1820,4.0,13981,88.0,1,-1
train/malignant/melanoma_9493.jpg,train,malignant,1303,2.0,6741,72.0,1,-1
train/malignant/melanoma_9494.jpg,train,malignant,9211,80.0,8059,72.0,-1,-1
train/malignant/melanoma_9495.jpg,train,malignant,1807,90.0,3345,90.0,-1,-1
train/malignant/melanoma_9496.jpg,train,malignant,2261,2.0,622,86.0,1,-1
train/malignant/melanoma_9497.jpg,train,malignant,2136,2.0,13929,86.0,1,-1
train/malignant/melanoma_9498.jpg,train,malignant,2274,0.0,17323,86.0,1,-1
train/malignant/melanoma_9499.jpg,train,malignant,2304,2.0,7217,86.0,1,-1
train/malignant/melanoma_9500.jpg,train,malignant,2031,2.0,5633,78.0,1,-1
train/malignant/melanoma_9501.jpg,train,malignant,2166,0.0,9152,86.0,1,-1
train/malignant/melanoma_9502.jpg,train,malignant,2270,4.0,15089,70.0,1,-1
train/malignant/melanoma_9503.jpg,train,malignant,2283,2.0,5374,84.0,1,-1
train/malignant/melanoma_9504.jpg,train,malignant,3421,86.0,15618,0.0,-1,1
train/malignant/melanoma_9505.jpg,train,malignant,1995,2.0,8908,84.0,1,-1
train/malignant/melanoma_9506.jpg,train,malignant,349,90.0,18992,82.0,-1,-1
train/malignant/melanoma_9507.jpg,train,malignant,2262,2.0,23592,84.0,1,-1
train/malignant/melanoma_9508.jpg,train,malignant,2245,0.0,2390,84.0,1,-1
train/malignant/melanoma_9509.jpg,train,malignant,1439,2.0,2355,86.0,1,-1
train/malignant/melanoma_9510.jpg,train,malignant,1214,0.0,14142,84.0,1,-1
train/malignant/melanoma_9511.jpg,train,malignant,2282,2.0,26918,72.0,1,-1
train/malignant/melanoma_9512.jpg,train,malignant,1976,2.0,13300,58.0,1,-1
train/malignant/melanoma_9513.jpg,train,malignant,2017,4.0,19414,94.0,1,-1
train/malignant/melanoma_9514.jpg,train,malignant,2287,2.0,2788,88.0,1,-1
train/malignant/melanoma_9515.jpg,train,malignant,1397,2.0,13620,86.0,1,-1
train/malignant/melanoma_9516.jpg,train,malignant,2290,94.0,9222,2.0,-1,1
train/malignant/melanoma_9517.jpg,train,malignant,2167,90.0,2007,88.0,-1,-1
train/malignant/melanoma_9518.jpg,train,malignant,1251,2.0,3151,78.0,1,-1
train/malignant/melanoma_9519.jpg,train,malignant,2106,2.0,20601,78.0,1,-1
train/malignant/melanoma_9520.jpg,train,malignant,2152,0.0,4428,80.0,1,-1
train/malignant/melanoma_9521.jpg,train,malignant,1216,2.0,1291,90.0,1,-1
train/malignant/melanoma_9522.jpg,train,malignant,1923,6.0,18968,82.0,1,-1
train/malignant/melanoma_9523.jpg,train,malignant,1377,2.0,6431,74.0,1,-1
train/malignant/melanoma_9524.jpg,train,malignant,2185,2.0,13908,80.0,1,-1
train/malignant/melanoma_9525.jpg,train,malignant,1934,4.0,21337,82.0,1,-1
train/malignant/melanoma_9526.jpg,train,malignant,1916,2.0,12131,90.0,1,-1
train/malignant/melanoma_9527.jpg,train,malignant,2111,0.0,18983,90.0,1,-1
train/malignant/melanoma_9528.jpg,train,malignant,7156,86.0,21863,84.0,-1,-1
train/malignant/melanoma_9529.jpg,train,malignant,6847,82.0,15713,2.0,-1,1
train/malignant/melanoma_9530.jpg,train,malignant,1960,2.0,12453,90.0,1,-1
train/malignant/melanoma_9531.jpg,train,malignant,2294,2.0,16315,86.0,1,-1
train/malignant/melanoma_9532.jpg,train,malignant,2285,2.0,29383,86.0,1,-1
train/malignant/melanoma_9533.jpg,train,malignant,1430,2.0,5374,86.0,1,-1
train/malignant/melanoma_9534.jpg,train,malignant,2143,0.0,24857,82.0,1,-1
train/malignant/melanoma_9535.jpg,train,malignant,2195,0.0,14753,72.0,1,-1
train/malignant/melanoma_9536.jpg,train,malignant,2263,2.0,14024,84.0,1,-1
train/malignant/melanoma_9537.jpg,train,malignant,1321,6.0,510,70.0,1,-1
train/malignant/melanoma_9538.jpg,train,malignant,2278,0.0,24635,76.0,1,-1
train/malignant/melanoma_9539.jpg,train,malignant,190,84.0,22059,84.0,-1,-1
train/malignant/melanoma_9540.jpg,train,malignant,2023,4.0,1979,88.0,1,-1
train/malignant/melanoma_9541.jpg,train,malignant,4,94.0,15738,2.0,-1,1
train/malignant/melanoma_9542.jpg,train,malignant,2273,2.0,5687,76.0,1,-1
train/malignant/melanoma_9543.jpg,train,malignant,2014,2.0,25519,84.0,1,-1
train/malignant/melanoma_9544.jpg,train,malignant,2189,2.0,14412,88.0,1,-1
train/malignant/melanoma_9545.jpg,train,malignant,1254,2.0,16218,70.0,1,-1
train/malignant/melanoma_9546.jpg,train,malignant,1971,2.0,2714,88.0,1,-1
train/malignant/melanoma_9547.jpg,train,malignant,2215,0.0,23342,92.0,1,-1
train/malignant/melanoma_9548.jpg,train,malignant,2179,2.0,31954,66.0,1,-1
train/malignant/melanoma_9549.jpg,train,malignant,1777,2.0,6352,90.0,1,-1
train/malignant/melanoma_9550.jpg,train,malignant,1895,92.0,17008,92.0,-1,-1
train/malignant/melanoma_9551.jpg,train,malignant,2085,2.0,15967,82.0,1,-1
train/malignant/melanoma_9552.jpg,train,malignant,2255,4.0,10192,78.0,1,-1
train/malignant/melanoma_9553.jpg,train,malignant,8681,84.0,15815,0.0,-1,1
train/malignant/melanoma_9554.jpg,train,malignant,1224,2.0,29564,84.0,1,-1
train/malignant/melanoma_9555.jpg,train,malignant,1348,2.0,16905,82.0,1,-1
train/malignant/melanoma_9556.jpg,train,malignant,2265,0.0,7584,42.0,1,-1
train/malignant/melanoma_9557.jpg,train,malignant,2116,6.0,8945,72.0,1,-1
train/malignant/melanoma_9558.jpg,train,malignant,2035,2.0,1896,92.0,1,-1
train/malignant/melanoma_9559.jpg,train,malignant,1384,2.0,4976,80.0,1,-1
train/malignant/melanoma_9560.jpg,train,malignant,2174,0.0,8151,76.0,1,-1
train/malignant/melanoma_9561.jpg,train,malignant,946,88.0,26242,94.0,-1,-1
train/malignant/melanoma_9562.jpg,train,malignant,1944,2.0,19681,90.0,1,-1
train/malignant/melanoma_9563.jpg,train,malignant,1301,2.0,2277,84.0,1,-1
train/malignant/melanoma_9564.jpg,train,malignant,2213,2.0,30985,88.0,1,-1
train/malignant/melanoma_9565.jpg,train,malignant,773,88.0,15944,4.0,-1,1
train/malignant/melanoma_9566.jpg,train,malignant,2024,4.0,9882,76.0,1,-1
train/malignant/melanoma_9567.jpg,train,malignant,1340,0.0,19717,78.0,1,-1
train/malignant/melanoma_9568.jpg,train,malignant,1362,4.0,17715,52.0,1,-1
train/malignant/melanoma_9569.jpg,train,malignant,1221,0.0,14164,78.0,1,-1
train/malignant/melanoma_9570.jpg,train,malignant,1261,0.0,19605,80.0,1,-1
train/malignant/melanoma_9571.jpg,train,malignant,1978,2.0,5551,92.0,1,-1
train/malignant/melanoma_9572.jpg,train,malignant,2749,92.0,9972,88.0,-1,-1
train/malignant/melanoma_9573.jpg,train,malignant,2142,4.0,6082,92.0,1,-1
train/malignant/melanoma_9574.jpg,train,malignant,1726,8.0,22845,80.0,1,-1
train/malignant/melanoma_9575.jpg,train,malignant,1266,0.0,21361,76.0,1,-1
train/malignant/melanoma_9576.jpg,train,malignant,2029,2.0,12934,80.0,1,-1
train/malignant/melanoma_9577.jpg,train,malignant,1426,84.0,16014,6.0,-1,1
train/malignant/melanoma_9578.jpg,train,malignant,1889,0.0,2644,80.0,1,-1
train/malignant/melanoma_9579.jpg,train,malignant,1339,4.0,28419,68.0,1,-1
train/malignant/melanoma_9580.jpg,train,malignant,2312,2.0,28458,78.0,1,-1
train/malignant/melanoma_9581.jpg,train,malignant,2277,4.0,25806,82.0,1,-1
train/malignant/melanoma_9582.jpg,train,malignant,1935,2.0,15380,88.0,1,-1
train/malignant/melanoma_9583.jpg,train,malignant,6335,92.0,5995,88.0,-1,-1
train/malignant/melanoma_9584.jpg,train,malignant,1337,4.0,1096,88.0,1,-1
train/malignant/melanoma_9585.jpg,train,malignant,1877,0.0,4659,78.0,1,-1
train/malignant/melanoma_9586.jpg,train,malignant,1970,2.0,23277,94.0,1,-1
train/malignant/melanoma_9587.jpg,train,malignant,2234,0.0,22017,48.0,1,-1
train/malignant/melanoma_9588.jpg,train,malignant,2317,4.0,29949,78.0,1,-1
train/malignant/melanoma_9589.jpg,train,malignant,8894,68.0,16024,4.0,-1,1
train/malignant/melanoma_9590.jpg,train,malignant,1383,0.0,20897,76.0,1,-1
train/malignant/melanoma_9591.jpg,train,malignant,2264,2.0,7898,88.0,1,-1
train/malignant/melanoma_9592.jpg,train,malignant,2160,4.0,794,82.0,1,-1
train/malignant/melanoma_9593.jpg,train,malignant,2131,2.0,23825,86.0,1,-1
train/malignant/melanoma_9594.jpg,train,malignant,168,84.0,6281,84.0,-1,-1
train/malignant/melanoma_9595.jpg,train,malignant,2224,0.0,18499,84.0,1,-1
train/malignant/melanoma_9596.jpg,train,malignant,1269,0.0,13881,64.0,1,-1
train/malignant/melanoma_9597.jpg,train,malignant,2225,0.0,8264,84.0,1,-1
train/malignant/melanoma_9598.jpg,train,malignant,1326,2.0,12291,88.0,1,-1
train/malignant/melanoma_9599.jpg,train,malignant,1253,4.0,5578,72.0,1,-1
train/malignant/melanoma_9600.jpg,train,malignant,2284,4.0,3780,84.0,1,-1
train/malignant/melanoma_9601.jpg,train,malignant,3511,86.0,956,86.0,-1,-1
train/malignant/melanoma_9602.jpg,train,malignant,994,92.0,16095,0.0,-1,1
train/malignant/melanoma_9603.jpg,train,malignant,1352,4.0,11471,84.0,1,-1
train/malignant/melanoma_9604.jpg,train,malignant,1341,2.0,15630,84.0,1,-1
