rel,split,class,HAM10000_nn_index,HAM10000_nn_dist,ISIC2020_nn_index,ISIC2020_nn_dist,ham_matched_melanoma,isic_matched_melanoma
test/benign/1.jpg,test,benign,8839,0.0,19431,38.0,0,-1
test/benign/10.jpg,test,benign,8262,2.0,17037,80.0,0,-1
test/benign/1003.jpg,test,benign,6462,2.0,10879,90.0,0,-1
test/benign/1006.jpg,test,benign,3709,6.0,6655,86.0,0,-1
test/benign/1013.jpg,test,benign,4600,2.0,18048,78.0,0,-1
test/benign/1018.jpg,test,benign,8972,6.0,30732,58.0,0,-1
test/benign/1019.jpg,test,benign,8321,0.0,524,72.0,0,-1
test/benign/1023.jpg,test,benign,4920,2.0,8851,88.0,0,-1
test/benign/1025.jpg,test,benign,8645,0.0,750,78.0,0,-1
test/benign/1029.jpg,test,benign,4467,0.0,7354,80.0,0,-1
test/benign/1033.jpg,test,benign,9274,0.0,7902,66.0,0,-1
test/benign/1034.jpg,test,benign,8439,0.0,5665,86.0,0,-1
test/benign/1042.jpg,test,benign,4055,4.0,24977,88.0,0,-1
test/benign/1044.jpg,test,benign,4119,0.0,8877,86.0,0,-1
test/benign/105.jpg,test,benign,9665,2.0,1082,76.0,0,-1
test/benign/1055.jpg,test,benign,9225,2.0,6605,62.0,0,-1
test/benign/1061.jpg,test,benign,7041,2.0,14853,58.0,0,-1
test/benign/1070.jpg,test,benign,6979,4.0,13257,80.0,0,-1
test/benign/1074.jpg,test,benign,9098,0.0,12915,54.0,0,-1
test/benign/1077.jpg,test,benign,3354,4.0,8254,70.0,0,-1
test/benign/1080.jpg,test,benign,3560,4.0,14476,78.0,0,-1
test/benign/1087.jpg,test,benign,7775,2.0,15076,86.0,0,-1
test/benign/1088.jpg,test,benign,7037,2.0,24361,60.0,0,-1
test/benign/1092.jpg,test,benign,6057,4.0,21131,76.0,0,-1
test/benign/11.jpg,test,benign,6928,4.0,922,86.0,0,-1
test/benign/1110.jpg,test,benign,3583,0.0,1953,82.0,0,-1
test/benign/1112.jpg,test,benign,7710,0.0,24389,84.0,0,-1
test/benign/1115.jpg,test,benign,9370,2.0,22229,82.0,0,-1
test/benign/1118.jpg,test,benign,3530,4.0,29978,60.0,0,-1
test/benign/1125.jpg,test,benign,5681,2.0,16481,72.0,0,-1
test/benign/1126.jpg,test,benign,9224,0.0,17532,64.0,0,-1
test/benign/1130.jpg,test,benign,3135,2.0,2057,86.0,0,-1
test/benign/1134.jpg,test,benign,8180,0.0,2419,88.0,0,-1
test/benign/1135.jpg,test,benign,4873,4.0,23711,90.0,0,-1
test/benign/1139.jpg,test,benign,6654,4.0,5293,88.0,0,-1
test/benign/1143.jpg,test,benign,4079,2.0,1766,88.0,0,-1
test/benign/1146.jpg,test,benign,4396,6.0,30312,76.0,0,-1
test/benign/1151.jpg,test,benign,6344,0.0,15671,88.0,0,-1
test/benign/1155.jpg,test,benign,3069,4.0,878,70.0,0,-1
test/benign/1166.jpg,test,benign,8309,0.0,15160,90.0,0,-1
test/benign/1170.jpg,test,benign,6028,2.0,14427,82.0,0,-1
test/benign/1173.jpg,test,benign,8760,0.0,16152,66.0,0,-1
test/benign/1177.jpg,test,benign,6364,4.0,1456,76.0,0,-1
test/benign/1180.jpg,test,benign,8333,4.0,1902,46.0,0,-1
test/benign/1183.jpg,test,benign,8798,0.0,6741,62.0,0,-1
test/benign/119.jpg,test,benign,8387,6.0,7921,86.0,0,-1
test/benign/1191.jpg,test,benign,8220,0.0,1011,88.0,0,-1
test/benign/1200.jpg,test,benign,5031,2.0,4186,84.0,0,-1
test/benign/1203.jpg,test,benign,4972,0.0,31327,88.0,0,-1
test/benign/1208.jpg,test,benign,6683,2.0,12282,52.0,0,-1
test/benign/1214.jpg,test,benign,5614,0.0,6316,84.0,0,-1
test/benign/1215.jpg,test,benign,6015,2.0,20166,86.0,0,-1
test/benign/122.jpg,test,benign,5880,0.0,4822,66.0,0,-1
test/benign/1226.jpg,test,benign,5436,2.0,4693,72.0,0,-1
test/benign/1231.jpg,test,benign,4133,4.0,7206,84.0,0,-1
test/benign/1242.jpg,test,benign,6560,0.0,2177,88.0,0,-1
test/benign/1243.jpg,test,benign,4442,6.0,22587,88.0,0,-1
test/benign/1244.jpg,test,benign,8601,0.0,1480,86.0,0,-1
test/benign/1253.jpg,test,benign,6514,2.0,24079,88.0,0,-1
test/benign/1261.jpg,test,benign,3575,0.0,21461,84.0,0,-1
test/benign/1265.jpg,test,benign,8592,2.0,28403,66.0,0,-1
test/benign/1266.jpg,test,benign,9332,0.0,16633,86.0,0,-1
test/benign/1269.jpg,test,benign,5122,2.0,1261,82.0,0,-1
test/benign/127.jpg,test,benign,6110,2.0,7457,74.0,0,-1
test/benign/1273.jpg,test,benign,3904,2.0,14434,92.0,0,-1
test/benign/1276.jpg,test,benign,3042,0.0,20600,90.0,0,-1
test/benign/1277.jpg,test,benign,5456,0.0,15513,78.0,0,-1
test/benign/1278.jpg,test,benign,6552,2.0,17637,92.0,0,-1
test/benign/1288.jpg,test,benign,8549,0.0,5495,70.0,0,-1
test/benign/1290.jpg,test,benign,5479,4.0,5760,88.0,0,-1
test/benign/1297.jpg,test,benign,8965,4.0,3753,78.0,0,-1
test/benign/1299.jpg,test,benign,3318,2.0,16408,82.0,0,-1
test/benign/1310.jpg,test,benign,6073,2.0,4367,88.0,0,-1
test/benign/1319.jpg,test,benign,6689,4.0,17343,80.0,0,-1
test/benign/1321.jpg,test,benign,4021,8.0,1689,88.0,0,-1
test/benign/1322.jpg,test,benign,4001,2.0,12997,90.0,0,-1
test/benign/1334.jpg,test,benign,5175,4.0,15810,76.0,0,-1
test/benign/1342.jpg,test,benign,9168,2.0,15005,94.0,0,-1
test/benign/1343.jpg,test,benign,6074,2.0,81,82.0,0,-1
test/benign/1350.jpg,test,benign,4835,2.0,19717,80.0,0,-1
test/benign/1354.jpg,test,benign,4363,2.0,6366,86.0,0,-1
test/benign/1357.jpg,test,benign,3568,2.0,7410,88.0,0,-1
test/benign/1359.jpg,test,benign,8187,2.0,27895,86.0,0,-1
test/benign/1362.jpg,test,benign,5609,2.0,2626,90.0,0,-1
test/benign/1365.jpg,test,benign,5666,2.0,24983,86.0,0,-1
test/benign/1367.jpg,test,benign,4041,4.0,14929,72.0,0,-1
test/benign/1373.jpg,test,benign,6882,0.0,26291,38.0,0,-1
test/benign/1376.jpg,test,benign,3729,0.0,1230,88.0,0,-1
test/benign/1377.jpg,test,benign,3011,2.0,32263,82.0,0,-1
test/benign/1378.jpg,test,benign,5169,0.0,3921,90.0,0,-1
test/benign/1381.jpg,test,benign,4326,2.0,2606,82.0,0,-1
test/benign/1393.jpg,test,benign,9244,2.0,3857,52.0,0,-1
test/benign/140.jpg,test,benign,6107,2.0,31561,80.0,0,-1
test/benign/1400.jpg,test,benign,4852,4.0,14418,82.0,0,-1
test/benign/1401.jpg,test,benign,8427,2.0,25605,80.0,0,-1
test/benign/1409.jpg,test,benign,7077,0.0,3226,62.0,0,-1
test/benign/1412.jpg,test,benign,6992,2.0,9113,72.0,0,-1
test/benign/1415.jpg,test,benign,4422,0.0,11134,84.0,0,-1
test/benign/144.jpg,test,benign,5297,4.0,530,94.0,0,-1
test/benign/1441.jpg,test,benign,4668,4.0,7384,82.0,0,-1
test/benign/1443.jpg,test,benign,9424,4.0,7230,86.0,0,-1
test/benign/1445.jpg,test,benign,6264,0.0,26416,90.0,0,-1
test/benign/1448.jpg,test,benign,4539,6.0,23688,84.0,0,-1
test/benign/1466.jpg,test,benign,4966,0.0,11019,92.0,0,-1
test/benign/1468.jpg,test,benign,3902,2.0,373,90.0,0,-1
test/benign/147.jpg,test,benign,6857,6.0,14869,76.0,0,-1
test/benign/1471.jpg,test,benign,4197,2.0,23955,92.0,0,-1
test/benign/1473.jpg,test,benign,5545,0.0,7967,58.0,0,-1
test/benign/1479.jpg,test,benign,8248,2.0,32132,76.0,0,-1
test/benign/1481.jpg,test,benign,8619,0.0,14502,88.0,0,-1
test/benign/1483.jpg,test,benign,8523,2.0,20803,64.0,0,-1
test/benign/1485.jpg,test,benign,8491,0.0,100,78.0,0,-1
test/benign/1488.jpg,test,benign,8872,0.0,13093,68.0,0,-1
test/benign/1492.jpg,test,benign,8975,0.0,10012,76.0,0,-1
test/benign/1499.jpg,test,benign,6419,4.0,28290,84.0,0,-1
test/benign/15.jpg,test,benign,4241,4.0,1823,88.0,0,-1
test/benign/1502.jpg,test,benign,6556,4.0,10112,88.0,0,-1
test/benign/1514.jpg,test,benign,6711,4.0,30320,80.0,0,-1
test/benign/1516.jpg,test,benign,4009,2.0,221,88.0,0,-1
test/benign/1519.jpg,test,benign,4460,4.0,24456,90.0,0,-1
test/benign/1521.jpg,test,benign,8642,6.0,32061,82.0,0,-1
test/benign/1530.jpg,test,benign,5852,0.0,6602,84.0,0,-1
test/benign/1537.jpg,test,benign,8503,0.0,19629,78.0,0,-1
test/benign/1538.jpg,test,benign,5900,2.0,7617,84.0,0,-1
test/benign/154.jpg,test,benign,3184,2.0,15662,82.0,0,-1
test/benign/1545.jpg,test,benign,3007,2.0,12674,86.0,0,-1
test/benign/1559.jpg,test,benign,3419,4.0,23220,82.0,0,-1
test/benign/1576.jpg,test,benign,8459,4.0,1075,70.0,0,-1
test/benign/1578.jpg,test,benign,8629,0.0,11974,70.0,0,-1
test/benign/1579.jpg,test,benign,5750,2.0,7245,88.0,0,-1
test/benign/1592.jpg,test,benign,8740,0.0,677,68.0,0,-1
test/benign/16.jpg,test,benign,3807,2.0,15218,90.0,0,-1
test/benign/1602.jpg,test,benign,8669,2.0,14956,88.0,0,-1
test/benign/1607.jpg,test,benign,4069,4.0,24645,90.0,0,-1
test/benign/161.jpg,test,benign,9653,0.0,18856,54.0,0,-1
test/benign/1610.jpg,test,benign,4903,2.0,13526,80.0,0,-1
test/benign/1611.jpg,test,benign,5084,2.0,2452,86.0,0,-1
test/benign/1628.jpg,test,benign,4134,6.0,30395,80.0,0,-1
test/benign/1632.jpg,test,benign,6666,0.0,19092,84.0,0,-1
test/benign/1634.jpg,test,benign,6787,0.0,8642,86.0,0,-1
test/benign/1637.jpg,test,benign,4448,6.0,19372,70.0,0,-1
test/benign/1642.jpg,test,benign,7108,2.0,3414,68.0,0,-1
test/benign/1646.jpg,test,benign,8779,4.0,7762,78.0,0,-1
test/benign/1648.jpg,test,benign,6777,2.0,2940,56.0,0,-1
test/benign/1655.jpg,test,benign,4093,2.0,1300,86.0,0,-1
test/benign/1657.jpg,test,benign,6467,0.0,19646,80.0,0,-1
test/benign/1672.jpg,test,benign,4834,0.0,1137,80.0,0,-1
test/benign/1682.jpg,test,benign,6508,0.0,5916,84.0,0,-1
test/benign/1687.jpg,test,benign,9206,2.0,2074,66.0,0,-1
test/benign/1696.jpg,test,benign,6485,2.0,22920,78.0,0,-1
test/benign/1701.jpg,test,benign,9105,0.0,415,76.0,0,-1
test/benign/1704.jpg,test,benign,3279,0.0,6927,78.0,0,-1
test/benign/1710.jpg,test,benign,6915,0.0,32380,82.0,0,-1
test/benign/1711.jpg,test,benign,7095,2.0,1976,70.0,0,-1
test/benign/1714.jpg,test,benign,6176,4.0,6024,90.0,0,-1
test/benign/1719.jpg,test,benign,5487,4.0,27616,76.0,0,-1
test/benign/1721.jpg,test,benign,6717,4.0,30751,66.0,0,-1
test/benign/1731.jpg,test,benign,9155,2.0,6705,72.0,0,-1
test/benign/1737.jpg,test,benign,4863,2.0,13552,74.0,0,-1
test/benign/1745.jpg,test,benign,9253,2.0,30751,62.0,0,-1
test/benign/1747.jpg,test,benign,4909,2.0,32678,84.0,0,-1
test/benign/1748.jpg,test,benign,3673,0.0,12192,68.0,0,-1
test/benign/1756.jpg,test,benign,5714,4.0,28432,80.0,0,-1
test/benign/1757.jpg,test,benign,8649,0.0,1308,74.0,0,-1
test/benign/1758.jpg,test,benign,5450,4.0,18834,76.0,0,-1
test/benign/1764.jpg,test,benign,6353,2.0,2981,68.0,0,-1
test/benign/1768.jpg,test,benign,6340,0.0,20877,86.0,0,-1
test/benign/1773.jpg,test,benign,5552,0.0,27447,84.0,0,-1
test/benign/1797.jpg,test,benign,5398,2.0,27108,82.0,0,-1
test/benign/1798.jpg,test,benign,8701,2.0,26770,72.0,0,-1
test/benign/18.jpg,test,benign,3433,2.0,30538,84.0,0,-1
test/benign/1800.jpg,test,benign,2998,0.0,18980,68.0,0,-1
test/benign/185.jpg,test,benign,3722,2.0,9030,90.0,0,-1
test/benign/186.jpg,test,benign,4128,2.0,11528,76.0,0,-1
test/benign/2.jpg,test,benign,6743,0.0,28278,48.0,0,-1
test/benign/205.jpg,test,benign,5352,2.0,18063,70.0,0,-1
test/benign/211.jpg,test,benign,5357,4.0,29446,70.0,0,-1
test/benign/215.jpg,test,benign,6486,0.0,9462,72.0,0,-1
test/benign/216.jpg,test,benign,6403,2.0,9802,62.0,0,-1
test/benign/224.jpg,test,benign,8728,2.0,13093,66.0,0,-1
test/benign/226.jpg,test,benign,4940,2.0,6367,90.0,0,-1
test/benign/237.jpg,test,benign,9238,8.0,3113,70.0,0,-1
test/benign/245.jpg,test,benign,9091,2.0,29356,56.0,0,-1
test/benign/250.jpg,test,benign,4843,2.0,31379,72.0,0,-1
test/benign/251.jpg,test,benign,6466,2.0,26199,82.0,0,-1
test/benign/253.jpg,test,benign,9232,2.0,23610,68.0,0,-1
test/benign/256.jpg,test,benign,3590,4.0,27143,82.0,0,-1
test/benign/259.jpg,test,benign,3918,2.0,19284,78.0,0,-1
test/benign/267.jpg,test,benign,4404,2.0,12220,82.0,0,-1
test/benign/268.jpg,test,benign,6990,0.0,195,88.0,0,-1
test/benign/273.jpg,test,benign,9070,0.0,27659,90.0,0,-1
test/benign/284.jpg,test,benign,4020,2.0,11265,86.0,0,-1
test/benign/287.jpg,test,benign,3640,4.0,99,82.0,0,-1
test/benign/289.jpg,test,benign,3704,4.0,23454,64.0,0,-1
test/benign/291.jpg,test,benign,4951,2.0,11754,66.0,0,-1
test/benign/300.jpg,test,benign,3748,0.0,15050,78.0,0,-1
test/benign/303.jpg,test,benign,4127,2.0,13210,86.0,0,-1
test/benign/304.jpg,test,benign,7251,2.0,29949,68.0,0,-1
test/benign/31.jpg,test,benign,8463,2.0,21323,66.0,0,-1
test/benign/311.jpg,test,benign,6821,0.0,32102,76.0,0,-1
test/benign/313.jpg,test,benign,5490,4.0,17896,84.0,0,-1
test/benign/317.jpg,test,benign,6612,2.0,9930,82.0,0,-1
test/benign/322.jpg,test,benign,6788,2.0,18367,66.0,0,-1
test/benign/323.jpg,test,benign,5676,0.0,464,58.0,0,-1
test/benign/330.jpg,test,benign,5262,2.0,7090,72.0,0,-1
test/benign/332.jpg,test,benign,4195,2.0,29730,76.0,0,-1
test/benign/335.jpg,test,benign,8327,0.0,5765,92.0,0,-1
test/benign/344.jpg,test,benign,9327,4.0,24730,46.0,0,-1
test/benign/348.jpg,test,benign,6732,0.0,9633,64.0,0,-1
test/benign/354.jpg,test,benign,6199,4.0,23855,88.0,0,-1
test/benign/356.jpg,test,benign,4028,0.0,13303,88.0,0,-1
test/benign/367.jpg,test,benign,5351,2.0,15925,80.0,0,-1
test/benign/369.jpg,test,benign,6204,6.0,22818,84.0,0,-1
test/benign/37.jpg,test,benign,6942,2.0,27168,76.0,0,-1
test/benign/378.jpg,test,benign,3365,4.0,32268,92.0,0,-1
test/benign/379.jpg,test,benign,3566,2.0,22847,84.0,0,-1
test/benign/385.jpg,test,benign,4065,4.0,15298,94.0,0,-1
test/benign/388.jpg,test,benign,6510,2.0,19751,90.0,0,-1
test/benign/389.jpg,test,benign,6609,0.0,21919,88.0,0,-1
test/benign/394.jpg,test,benign,9038,2.0,22741,66.0,0,-1
test/benign/404.jpg,test,benign,4216,2.0,15359,78.0,0,-1
test/benign/407.jpg,test,benign,3110,2.0,2387,94.0,0,-1
test/benign/414.jpg,test,benign,5508,2.0,20911,90.0,0,-1
test/benign/419.jpg,test,benign,3289,2.0,8472,92.0,0,-1
test/benign/427.jpg,test,benign,3394,2.0,27108,78.0,0,-1
test/benign/428.jpg,test,benign,6428,0.0,3847,94.0,0,-1
test/benign/433.jpg,test,benign,7068,2.0,28723,80.0,0,-1
test/benign/436.jpg,test,benign,6698,0.0,11486,72.0,0,-1
test/benign/437.jpg,test,benign,4300,2.0,26715,86.0,0,-1
test/benign/44.jpg,test,benign,3484,2.0,29151,86.0,0,-1
test/benign/444.jpg,test,benign,3715,0.0,5064,86.0,0,-1
test/benign/449.jpg,test,benign,8478,2.0,23456,74.0,0,-1
test/benign/45.jpg,test,benign,6053,6.0,28756,80.0,0,-1
test/benign/454.jpg,test,benign,3746,2.0,24566,58.0,0,-1
test/benign/457.jpg,test,benign,4564,2.0,21285,88.0,0,-1
test/benign/462.jpg,test,benign,5712,0.0,3817,90.0,0,-1
test/benign/475.jpg,test,benign,3769,2.0,6226,80.0,0,-1
test/benign/479.jpg,test,benign,5846,2.0,1068,80.0,0,-1
test/benign/484.jpg,test,benign,9003,0.0,14828,80.0,0,-1
test/benign/495.jpg,test,benign,4984,4.0,27859,82.0,0,-1
test/benign/5.jpg,test,benign,8519,2.0,15881,68.0,0,-1
test/benign/520.jpg,test,benign,3944,6.0,3950,82.0,0,-1
test/benign/527.jpg,test,benign,5448,4.0,7188,86.0,0,-1
test/benign/532.jpg,test,benign,6801,2.0,629,76.0,0,-1
test/benign/535.jpg,test,benign,4996,2.0,2409,66.0,0,-1
test/benign/536.jpg,test,benign,4158,2.0,20265,78.0,0,-1
test/benign/54.jpg,test,benign,6013,6.0,10050,82.0,0,-1
test/benign/545.jpg,test,benign,5949,4.0,15418,84.0,0,-1
test/benign/548.jpg,test,benign,9208,0.0,6157,70.0,0,-1
test/benign/552.jpg,test,benign,5146,2.0,200,90.0,0,-1
test/benign/558.jpg,test,benign,4025,2.0,7721,88.0,0,-1
test/benign/559.jpg,test,benign,8882,0.0,9189,70.0,0,-1
test/benign/560.jpg,test,benign,6160,4.0,19647,82.0,0,-1
test/benign/561.jpg,test,benign,3369,2.0,12865,84.0,0,-1
test/benign/562.jpg,test,benign,4022,2.0,5128,80.0,0,-1
test/benign/566.jpg,test,benign,8758,2.0,4164,62.0,0,-1
test/benign/57.jpg,test,benign,4787,6.0,6316,88.0,0,-1
test/benign/572.jpg,test,benign,5445,2.0,19237,76.0,0,-1
test/benign/573.jpg,test,benign,9271,2.0,765,60.0,0,-1
test/benign/574.jpg,test,benign,3443,2.0,7643,90.0,0,-1
test/benign/575.jpg,test,benign,7038,6.0,6749,54.0,0,-1
test/benign/580.jpg,test,benign,6408,0.0,22399,88.0,0,-1
test/benign/588.jpg,test,benign,6048,4.0,18125,84.0,0,-1
test/benign/596.jpg,test,benign,4803,4.0,21517,82.0,0,-1
test/benign/603.jpg,test,benign,5270,0.0,1330,92.0,0,-1
test/benign/61.jpg,test,benign,3062,2.0,15373,88.0,0,-1
test/benign/612.jpg,test,benign,3343,4.0,8059,78.0,0,-1
test/benign/623.jpg,test,benign,8706,2.0,13378,66.0,0,-1
test/benign/624.jpg,test,benign,6616,2.0,18099,90.0,0,-1
test/benign/626.jpg,test,benign,6792,2.0,6872,72.0,0,-1
test/benign/63.jpg,test,benign,3917,4.0,17036,82.0,0,-1
test/benign/631.jpg,test,benign,5761,4.0,361,92.0,0,-1
test/benign/634.jpg,test,benign,8425,2.0,27074,68.0,0,-1
test/benign/635.jpg,test,benign,6217,2.0,7381,84.0,0,-1
test/benign/636.jpg,test,benign,9420,0.0,3798,80.0,0,-1
test/benign/642.jpg,test,benign,3848,4.0,18082,78.0,0,-1
test/benign/644.jpg,test,benign,8832,2.0,24154,84.0,0,-1
test/benign/647.jpg,test,benign,8851,4.0,17203,84.0,0,-1
test/benign/658.jpg,test,benign,3280,2.0,5267,88.0,0,-1
test/benign/659.jpg,test,benign,5734,4.0,26376,80.0,0,-1
test/benign/660.jpg,test,benign,8703,4.0,8051,84.0,0,-1
test/benign/663.jpg,test,benign,8914,2.0,20836,78.0,0,-1
test/benign/664.jpg,test,benign,5062,0.0,19665,82.0,0,-1
test/benign/668.jpg,test,benign,8504,2.0,7876,76.0,0,-1
test/benign/670.jpg,test,benign,7246,0.0,30535,84.0,0,-1
test/benign/676.jpg,test,benign,8901,2.0,22406,80.0,0,-1
test/benign/678.jpg,test,benign,7050,2.0,31373,80.0,0,-1
test/benign/681.jpg,test,benign,4428,2.0,11532,90.0,0,-1
test/benign/689.jpg,test,benign,4646,0.0,3338,70.0,0,-1
test/benign/690.jpg,test,benign,4518,2.0,298,76.0,0,-1
test/benign/700.jpg,test,benign,6014,4.0,2163,74.0,0,-1
test/benign/71.jpg,test,benign,8470,2.0,1840,64.0,0,-1
test/benign/712.jpg,test,benign,4292,4.0,3243,88.0,0,-1
test/benign/717.jpg,test,benign,8056,2.0,14237,84.0,0,-1
test/benign/720.jpg,test,benign,4299,2.0,654,86.0,0,-1
test/benign/721.jpg,test,benign,6225,4.0,27295,82.0,0,-1
test/benign/724.jpg,test,benign,8072,0.0,30770,62.0,0,-1
test/benign/725.jpg,test,benign,6441,0.0,18844,90.0,0,-1
test/benign/74.jpg,test,benign,4090,0.0,20174,80.0,0,-1
test/benign/751.jpg,test,benign,5514,2.0,24969,90.0,0,-1
test/benign/758.jpg,test,benign,4711,0.0,30706,88.0,0,-1
test/benign/762.jpg,test,benign,4393,2.0,24324,82.0,0,-1
test/benign/763.jpg,test,benign,6343,2.0,25109,88.0,0,-1
test/benign/768.jpg,test,benign,3454,4.0,5578,76.0,0,-1
test/benign/770.jpg,test,benign,8938,2.0,10071,80.0,0,-1
test/benign/773.jpg,test,benign,8346,2.0,23060,90.0,0,-1
test/benign/774.jpg,test,benign,4715,0.0,27809,88.0,0,-1
test/benign/778.jpg,test,benign,6868,4.0,26017,62.0,0,-1
test/benign/790.jpg,test,benign,4253,2.0,18267,72.0,0,-1
test/benign/8.jpg,test,benign,4097,4.0,31235,68.0,0,-1
test/benign/802.jpg,test,benign,9669,0.0,30858,54.0,0,-1
test/benign/805.jpg,test,benign,5915,2.0,22444,60.0,0,-1
test/benign/806.jpg,test,benign,3892,2.0,24135,70.0,0,-1
test/benign/813.jpg,test,benign,6661,4.0,9138,76.0,0,-1
test/benign/819.jpg,test,benign,8117,0.0,4923,84.0,0,-1
test/benign/820.jpg,test,benign,3562,4.0,6646,86.0,0,-1
test/benign/823.jpg,test,benign,8085,2.0,4812,80.0,0,-1
test/benign/824.jpg,test,benign,6766,0.0,15380,74.0,0,-1
test/benign/825.jpg,test,benign,4955,2.0,28650,82.0,0,-1
test/benign/826.jpg,test,benign,5696,4.0,10400,80.0,0,-1
test/benign/828.jpg,test,benign,6351,2.0,11798,88.0,0,-1
test/benign/83.jpg,test,benign,5583,2.0,23454,66.0,0,-1
test/benign/830.jpg,test,benign,6507,0.0,7206,86.0,0,-1
test/benign/84.jpg,test,benign,6298,0.0,30107,88.0,0,-1
test/benign/840.jpg,test,benign,6548,2.0,8039,94.0,0,-1
test/benign/854.jpg,test,benign,5592,2.0,15714,84.0,0,-1
test/benign/869.jpg,test,benign,4700,4.0,17551,80.0,0,-1
test/benign/874.jpg,test,benign,2980,0.0,2415,90.0,0,-1
test/benign/878.jpg,test,benign,7046,2.0,3508,70.0,0,-1
test/benign/88.jpg,test,benign,3542,0.0,3936,70.0,0,-1
test/benign/880.jpg,test,benign,8152,2.0,9987,76.0,0,-1
test/benign/887.jpg,test,benign,3398,2.0,15204,86.0,0,-1
test/benign/888.jpg,test,benign,8222,4.0,18804,76.0,0,-1
test/benign/892.jpg,test,benign,8646,4.0,1729,78.0,0,-1
test/benign/893.jpg,test,benign,6187,2.0,5612,64.0,0,-1
test/benign/894.jpg,test,benign,9239,2.0,30751,62.0,0,-1
test/benign/895.jpg,test,benign,6148,4.0,298,88.0,0,-1
test/benign/9.jpg,test,benign,6108,4.0,18510,84.0,0,-1
test/benign/90.jpg,test,benign,4831,2.0,4819,72.0,0,-1
test/benign/903.jpg,test,benign,8131,0.0,16361,86.0,0,-1
test/benign/906.jpg,test,benign,6725,2.0,14031,66.0,0,-1
test/benign/909.jpg,test,benign,8166,2.0,28764,80.0,0,-1
test/benign/912.jpg,test,benign,8920,2.0,4929,78.0,0,-1
test/benign/916.jpg,test,benign,8932,0.0,1949,92.0,0,-1
test/benign/919.jpg,test,benign,9213,4.0,3672,88.0,0,-1
test/benign/925.jpg,test,benign,8962,4.0,20604,84.0,0,-1
test/benign/936.jpg,test,benign,4284,2.0,30258,84.0,0,-1
test/benign/943.jpg,test,benign,5951,4.0,18142,78.0,0,-1
test/benign/944.jpg,test,benign,5835,4.0,23637,78.0,0,-1
test/benign/946.jpg,test,benign,6274,2.0,5369,88.0,0,-1
test/benign/95.jpg,test,benign,5729,8.0,1111,72.0,0,-1
test/benign/958.jpg,test,benign,8361,2.0,7058,90.0,0,-1
test/benign/962.jpg,test,benign,6392,4.0,6896,90.0,0,-1
test/benign/964.jpg,test,benign,9376,2.0,5597,88.0,0,-1
test/benign/97.jpg,test,benign,3623,4.0,23846,90.0,0,-1
test/benign/972.jpg,test,benign,6054,4.0,4543,78.0,0,-1
test/benign/98.jpg,test,benign,3628,2.0,12814,90.0,0,-1
test/benign/982.jpg,test,benign,7552,4.0,1387,86.0,0,-1
test/benign/993.jpg,test,benign,6410,2.0,980,92.0,0,-1
test/benign/998.jpg,test,benign,5292,2.0,3722,90.0,0,-1
test/malignant/1.jpg,test,malignant,819,86.0,9923,78.0,-1,-1
test/malignant/1003.jpg,test,malignant,2147,0.0,18559,78.0,1,-1
test/malignant/1005.jpg,test,malignant,2112,0.0,759,90.0,1,-1
test/malignant/1007.jpg,test,malignant,2103,2.0,6435,92.0,1,-1
test/malignant/1009.jpg,test,malignant,2161,0.0,1566,72.0,1,-1
test/malignant/1012.jpg,test,malignant,2200,2.0,9968,84.0,1,-1
test/malignant/1019.jpg,test,malignant,1456,2.0,26487,56.0,1,-1
test/malignant/1022.jpg,test,malignant,1389,2.0,28615,90.0,1,-1
test/malignant/1026.jpg,test,malignant,2036,0.0,11921,84.0,1,-1
test/malignant/1027.jpg,test,malignant,2286,0.0,5527,72.0,1,-1
test/malignant/1037.jpg,test,malignant,2279,2.0,11736,78.0,1,-1
test/malignant/1038.jpg,test,malignant,2052,2.0,24594,82.0,1,-1
test/malignant/1046.jpg,test,malignant,2288,0.0,28240,92.0,1,-1
test/malignant/1049.jpg,test,malignant,1868,0.0,20735,84.0,1,-1
test/malignant/1056.jpg,test,malignant,1937,0.0,25752,80.0,1,-1
test/malignant/1058.jpg,test,malignant,2025,0.0,26459,82.0,1,-1
test/malignant/1065.jpg,test,malignant,1403,0.0,14954,80.0,1,-1
test/malignant/1074.jpg,test,malignant,2236,0.0,20750,68.0,1,-1
test/malignant/1080.jpg,test,malignant,2226,2.0,13258,80.0,1,-1
test/malignant/1083.jpg,test,malignant,2004,0.0,20660,88.0,1,-1
test/malignant/1089.jpg,test,malignant,1988,0.0,11699,90.0,1,-1
test/malignant/1091.jpg,test,malignant,2089,0.0,22947,88.0,1,-1
test/malignant/1094.jpg,test,malignant,1287,0.0,1322,64.0,1,-1
test/malignant/110.jpg,test,malignant,1256,86.0,4358,80.0,-1,-1
test/malignant/1112.jpg,test,malignant,2230,2.0,22913,78.0,1,-1
test/malignant/1113.jpg,test,malignant,1418,2.0,12433,74.0,1,-1
test/malignant/1119.jpg,test,malignant,1656,2.0,27483,90.0,1,-1
test/malignant/1120.jpg,test,malignant,1215,2.0,17324,86.0,1,-1
test/malignant/1128.jpg,test,malignant,2257,2.0,10784,90.0,1,-1
test/malignant/1135.jpg,test,malignant,2246,0.0,17301,92.0,1,-1
test/malignant/1141.jpg,test,malignant,1283,0.0,21866,82.0,1,-1
test/malignant/1150.jpg,test,malignant,1417,0.0,16828,88.0,1,-1
test/malignant/1151.jpg,test,malignant,2075,0.0,24701,88.0,1,-1
test/malignant/1155.jpg,test,malignant,1951,2.0,11577,94.0,1,-1
test/malignant/1156.jpg,test,malignant,1949,2.0,19174,88.0,1,-1
test/malignant/1160.jpg,test,malignant,2305,2.0,16902,84.0,1,-1
test/malignant/1164.jpg,test,malignant,1346,4.0,29955,82.0,1,-1
test/malignant/1166.jpg,test,malignant,2039,2.0,630,86.0,1,-1
test/malignant/1170.jpg,test,malignant,2181,0.0,23964,70.0,1,-1
test/malignant/1173.jpg,test,malignant,1942,2.0,25671,84.0,1,-1
test/malignant/1176.jpg,test,malignant,2248,0.0,25165,88.0,1,-1
test/malignant/1185.jpg,test,malignant,2102,2.0,21171,72.0,1,-1
test/malignant/1186.jpg,test,malignant,2090,0.0,21600,88.0,1,-1
test/malignant/1187.jpg,test,malignant,2212,2.0,23048,90.0,1,-1
test/malignant/1189.jpg,test,malignant,2256,0.0,19143,80.0,1,-1
test/malignant/1194.jpg,test,malignant,2292,2.0,16714,80.0,1,-1
test/malignant/1197.jpg,test,malignant,2272,0.0,765,62.0,1,-1
test/malignant/1198.jpg,test,malignant,2005,4.0,14827,88.0,1,-1
test/malignant/1211.jpg,test,malignant,1420,0.0,2456,74.0,1,-1
test/malignant/1215.jpg,test,malignant,1998,4.0,27447,82.0,1,-1
test/malignant/1216.jpg,test,malignant,1446,2.0,31532,88.0,1,-1
test/malignant/1218.jpg,test,malignant,2053,0.0,17608,88.0,1,-1
test/malignant/1220.jpg,test,malignant,2243,2.0,18041,64.0,1,-1
test/malignant/1221.jpg,test,malignant,2193,4.0,14125,58.0,1,-1
test/malignant/1227.jpg,test,malignant,1382,4.0,3995,86.0,1,-1
test/malignant/1228.jpg,test,malignant,1461,0.0,27327,74.0,1,-1
test/malignant/1229.jpg,test,malignant,2267,2.0,2574,64.0,1,-1
test/malignant/1234.jpg,test,malignant,1795,2.0,22702,64.0,1,-1
test/malignant/1238.jpg,test,malignant,1308,0.0,21068,84.0,1,-1
test/malignant/1242.jpg,test,malignant,2218,0.0,20952,82.0,1,-1
test/malignant/1251.jpg,test,malignant,1401,0.0,14353,88.0,1,-1
test/malignant/1254.jpg,test,malignant,1500,0.0,27307,86.0,1,-1
test/malignant/1256.jpg,test,malignant,1955,2.0,21274,90.0,1,-1
test/malignant/1262.jpg,test,malignant,1366,2.0,3801,72.0,1,-1
test/malignant/1266.jpg,test,malignant,2135,2.0,8488,68.0,1,-1
test/malignant/1267.jpg,test,malignant,1278,0.0,9560,84.0,1,-1
test/malignant/1268.jpg,test,malignant,1252,0.0,17376,82.0,1,-1
test/malignant/1280.jpg,test,malignant,1282,2.0,31954,58.0,1,-1
test/malignant/1286.jpg,test,malignant,1770,0.0,14434,90.0,1,-1
test/malignant/1289.jpg,test,malignant,2314,2.0,15894,84.0,1,-1
test/malignant/129.jpg,test,malignant,4173,90.0,16412,90.0,-1,-1
test/malignant/1292.jpg,test,malignant,1748,0.0,11722,82.0,1,-1
test/malignant/1295.jpg,test,malignant,2019,0.0,2453,82.0,1,-1
test/malignant/1297.jpg,test,malignant,1990,2.0,6356,88.0,1,-1
test/malignant/13.jpg,test,malignant,666,82.0,390,80.0,-1,-1
test/malignant/1300.jpg,test,malignant,2153,0.0,21525,82.0,1,-1
test/malignant/1310.jpg,test,malignant,1421,2.0,681,80.0,1,-1
test/malignant/1320.jpg,test,malignant,2100,2.0,1458,70.0,1,-1
test/malignant/1322.jpg,test,malignant,1991,2.0,14043,84.0,1,-1
test/malignant/1330.jpg,test,malignant,1469,0.0,4061,62.0,1,-1
test/malignant/1333.jpg,test,malignant,1303,0.0,26887,70.0,1,-1
test/malignant/1336.jpg,test,malignant,2274,0.0,4829,86.0,1,-1
test/malignant/1339.jpg,test,malignant,2166,0.0,9152,86.0,1,-1
test/malignant/1342.jpg,test,malignant,2262,2.0,23592,88.0,1,-1
test/malignant/1347.jpg,test,malignant,1976,0.0,13300,58.0,1,-1
test/malignant/1354.jpg,test,malignant,1923,2.0,18968,82.0,1,-1
test/malignant/1355.jpg,test,malignant,1377,2.0,6431,74.0,1,-1
test/malignant/1358.jpg,test,malignant,1916,4.0,12131,90.0,1,-1
test/malignant/1359.jpg,test,malignant,2111,2.0,1091,92.0,1,-1
test/malignant/1364.jpg,test,malignant,2195,0.0,26487,70.0,1,-1
test/malignant/1366.jpg,test,malignant,1321,0.0,510,70.0,1,-1
test/malignant/1370.jpg,test,malignant,2189,2.0,30040,88.0,1,-1
test/malignant/1374.jpg,test,malignant,2179,0.0,31954,64.0,1,-1
test/malignant/1378.jpg,test,malignant,1224,0.0,29564,84.0,1,-1
test/malignant/1379.jpg,test,malignant,1348,0.0,15183,82.0,1,-1
test/malignant/1380.jpg,test,malignant,2116,2.0,8945,74.0,1,-1
test/malignant/1382.jpg,test,malignant,1384,0.0,571,82.0,1,-1
test/malignant/1383.jpg,test,malignant,2174,0.0,8151,76.0,1,-1
test/malignant/139.jpg,test,malignant,1579,92.0,1458,86.0,-1,-1
test/malignant/1395.jpg,test,malignant,2029,2.0,12934,82.0,1,-1
test/malignant/1401.jpg,test,malignant,1877,0.0,14280,78.0,1,-1
test/malignant/1402.jpg,test,malignant,1970,2.0,10773,94.0,1,-1
test/malignant/1417.jpg,test,malignant,1509,4.0,3296,86.0,1,-1
test/malignant/1422.jpg,test,malignant,2096,2.0,31320,90.0,1,-1
test/malignant/1425.jpg,test,malignant,1707,4.0,6638,90.0,1,-1
test/malignant/1427.jpg,test,malignant,1306,2.0,24016,84.0,1,-1
test/malignant/1430.jpg,test,malignant,2220,4.0,1911,90.0,1,-1
test/malignant/1436.jpg,test,malignant,1982,2.0,21769,92.0,1,-1
test/malignant/1438.jpg,test,malignant,2219,0.0,12251,66.0,1,-1
test/malignant/1443.jpg,test,malignant,1304,0.0,26099,84.0,1,-1
test/malignant/1447.jpg,test,malignant,1291,2.0,17298,86.0,1,-1
test/malignant/1451.jpg,test,malignant,1286,2.0,18029,78.0,1,-1
test/malignant/1461.jpg,test,malignant,2145,2.0,2146,86.0,1,-1
test/malignant/1464.jpg,test,malignant,1512,4.0,2678,84.0,1,-1
test/malignant/1484.jpg,test,malignant,1902,4.0,11075,74.0,1,-1
test/malignant/1489.jpg,test,malignant,1834,2.0,4808,88.0,1,-1
test/malignant/1495.jpg,test,malignant,1489,2.0,25808,86.0,1,-1
test/malignant/1499.jpg,test,malignant,1782,4.0,11251,76.0,1,-1
test/malignant/156.jpg,test,malignant,6721,70.0,8684,78.0,-1,-1
test/malignant/161.jpg,test,malignant,2174,88.0,25781,86.0,-1,-1
test/malignant/17.jpg,test,malignant,8871,86.0,20834,84.0,-1,-1
test/malignant/173.jpg,test,malignant,7791,92.0,1519,88.0,-1,-1
test/malignant/179.jpg,test,malignant,6487,74.0,22763,72.0,-1,-1
test/malignant/182.jpg,test,malignant,580,88.0,8108,88.0,-1,-1
test/malignant/184.jpg,test,malignant,1678,94.0,25037,92.0,-1,-1
test/malignant/185.jpg,test,malignant,8233,86.0,2138,86.0,-1,-1
test/malignant/186.jpg,test,malignant,6817,74.0,18310,58.0,-1,-1
test/malignant/190.jpg,test,malignant,959,76.0,14895,84.0,-1,-1
test/malignant/193.jpg,test,malignant,8278,90.0,25410,84.0,-1,-1
test/malignant/195.jpg,test,malignant,2819,92.0,13621,88.0,-1,-1
test/malignant/196.jpg,test,malignant,9998,82.0,24216,82.0,-1,-1
test/malignant/200.jpg,test,malignant,3661,88.0,25784,88.0,-1,-1
test/malignant/208.jpg,test,malignant,8606,86.0,22157,78.0,-1,-1
test/malignant/231.jpg,test,malignant,9568,90.0,180,84.0,-1,-1
test/malignant/232.jpg,test,malignant,6026,88.0,3424,90.0,-1,-1
test/malignant/237.jpg,test,malignant,5569,80.0,863,80.0,-1,-1
test/malignant/238.jpg,test,malignant,593,78.0,2904,80.0,-1,-1
test/malignant/24.jpg,test,malignant,7500,78.0,15195,74.0,-1,-1
test/malignant/247.jpg,test,malignant,885,92.0,32108,90.0,-1,-1
test/malignant/256.jpg,test,malignant,937,88.0,5443,90.0,-1,-1
test/malignant/257.jpg,test,malignant,2812,90.0,19348,88.0,-1,-1
test/malignant/258.jpg,test,malignant,1941,80.0,16055,88.0,-1,-1
test/malignant/260.jpg,test,malignant,7570,82.0,9373,88.0,-1,-1
test/malignant/275.jpg,test,malignant,1890,92.0,844,88.0,-1,-1
test/malignant/276.jpg,test,malignant,3309,84.0,15197,84.0,-1,-1
test/malignant/3.jpg,test,malignant,5632,86.0,5548,88.0,-1,-1
test/malignant/303.jpg,test,malignant,7757,76.0,1074,80.0,-1,-1
test/malignant/307.jpg,test,malignant,6728,90.0,15641,90.0,-1,-1
test/malignant/310.jpg,test,malignant,4,88.0,4076,88.0,-1,-1
test/malignant/317.jpg,test,malignant,256,88.0,5238,80.0,-1,-1
test/malignant/318.jpg,test,malignant,7704,86.0,13567,88.0,-1,-1
test/malignant/322.jpg,test,malignant,4374,90.0,5642,86.0,-1,-1
test/malignant/33.jpg,test,malignant,942,82.0,477,84.0,-1,-1
test/malignant/338.jpg,test,malignant,700,84.0,16847,90.0,-1,-1
test/malignant/342.jpg,test,malignant,3454,78.0,449,74.0,-1,-1
test/malignant/343.jpg,test,malignant,4422,86.0,2949,88.0,-1,-1
test/malignant/348.jpg,test,malignant,1713,86.0,9078,84.0,-1,-1
test/malignant/355.jpg,test,malignant,2617,86.0,21068,84.0,-1,-1
test/malignant/356.jpg,test,malignant,9232,80.0,24556,80.0,-1,-1
test/malignant/360.jpg,test,malignant,8883,92.0,299,92.0,-1,-1
test/malignant/364.jpg,test,malignant,1100,96.0,893,94.0,-1,-1
test/malignant/375.jpg,test,malignant,8031,82.0,5597,90.0,-1,-1
test/malignant/381.jpg,test,malignant,98,88.0,20735,84.0,-1,-1
test/malignant/382.jpg,test,malignant,8003,66.0,22913,70.0,-1,-1
test/malignant/384.jpg,test,malignant,3269,80.0,24507,74.0,-1,-1
test/malignant/389.jpg,test,malignant,3343,92.0,30778,90.0,-1,-1
test/malignant/39.jpg,test,malignant,8743,92.0,8385,90.0,-1,-1
test/malignant/390.jpg,test,malignant,4639,86.0,3633,86.0,-1,-1
test/malignant/394.jpg,test,malignant,926,88.0,18134,88.0,-1,-1
test/malignant/399.jpg,test,malignant,3963,82.0,17911,82.0,-1,-1
test/malignant/4.jpg,test,malignant,2263,96.0,22770,92.0,-1,-1
test/malignant/402.jpg,test,malignant,6768,72.0,5201,80.0,-1,-1
test/malignant/405.jpg,test,malignant,6690,90.0,29574,90.0,-1,-1
test/malignant/407.jpg,test,malignant,4422,88.0,715,92.0,-1,-1
test/malignant/409.jpg,test,malignant,7669,86.0,11602,84.0,-1,-1
test/malignant/419.jpg,test,malignant,4126,82.0,1541,80.0,-1,-1
test/malignant/421.jpg,test,malignant,6542,82.0,2392,78.0,-1,-1
test/malignant/424.jpg,test,malignant,9151,80.0,12129,78.0,-1,-1
test/malignant/426.jpg,test,malignant,5122,86.0,155,84.0,-1,-1
test/malignant/428.jpg,test,malignant,8080,74.0,12568,80.0,-1,-1
test/malignant/430.jpg,test,malignant,1395,84.0,14061,80.0,-1,-1
test/malignant/436.jpg,test,malignant,7190,52.0,3226,62.0,-1,-1
test/malignant/437.jpg,test,malignant,860,80.0,4090,80.0,-1,-1
test/malignant/44.jpg,test,malignant,1538,88.0,1453,88.0,-1,-1
test/malignant/445.jpg,test,malignant,9529,76.0,29978,72.0,-1,-1
test/malignant/450.jpg,test,malignant,4979,80.0,2197,72.0,-1,-1
test/malignant/459.jpg,test,malignant,7903,72.0,10736,66.0,-1,-1
test/malignant/46.jpg,test,malignant,8719,88.0,8700,88.0,-1,-1
test/malignant/463.jpg,test,malignant,4773,82.0,25933,78.0,-1,-1
test/malignant/474.jpg,test,malignant,4486,86.0,11962,88.0,-1,-1
test/malignant/479.jpg,test,malignant,1302,90.0,19885,88.0,-1,-1
test/malignant/483.jpg,test,malignant,1451,88.0,7581,84.0,-1,-1
test/malignant/501.jpg,test,malignant,1827,90.0,1612,84.0,-1,-1
test/malignant/504.jpg,test,malignant,1170,80.0,3955,60.0,-1,-1
test/malignant/507.jpg,test,malignant,7348,86.0,21524,84.0,-1,-1
test/malignant/508.jpg,test,malignant,3746,88.0,18567,80.0,-1,-1
test/malignant/511.jpg,test,malignant,1124,88.0,3955,86.0,-1,-1
test/malignant/519.jpg,test,malignant,679,84.0,22346,82.0,-1,-1
test/malignant/52.jpg,test,malignant,4772,82.0,9337,82.0,-1,-1
test/malignant/528.jpg,test,malignant,857,82.0,12338,78.0,-1,-1
test/malignant/536.jpg,test,malignant,3998,86.0,31202,84.0,-1,-1
test/malignant/54.jpg,test,malignant,9514,78.0,19366,86.0,-1,-1
test/malignant/546.jpg,test,malignant,2120,80.0,1637,62.0,-1,-1
test/malignant/554.jpg,test,malignant,7580,76.0,464,78.0,-1,-1
test/malignant/556.jpg,test,malignant,2331,70.0,12779,56.0,-1,-1
test/malignant/562.jpg,test,malignant,1436,88.0,25143,82.0,-1,-1
test/malignant/568.jpg,test,malignant,7891,88.0,9117,80.0,-1,-1
test/malignant/57.jpg,test,malignant,5200,92.0,27568,92.0,-1,-1
test/malignant/570.jpg,test,malignant,5697,94.0,17226,92.0,-1,-1
test/malignant/572.jpg,test,malignant,7059,74.0,30171,68.0,-1,-1
test/malignant/573.jpg,test,malignant,2544,76.0,19768,54.0,-1,-1
test/malignant/575.jpg,test,malignant,7244,82.0,3072,66.0,-1,-1
test/malignant/58.jpg,test,malignant,9873,94.0,3488,96.0,-1,-1
test/malignant/590.jpg,test,malignant,1619,88.0,477,76.0,-1,-1
test/malignant/592.jpg,test,malignant,6883,76.0,10939,70.0,-1,-1
test/malignant/593.jpg,test,malignant,6710,80.0,20274,68.0,-1,-1
test/malignant/596.jpg,test,malignant,1170,76.0,7703,66.0,-1,-1
test/malignant/602.jpg,test,malignant,9669,82.0,5215,72.0,-1,-1
test/malignant/603.jpg,test,malignant,2587,80.0,10321,62.0,-1,-1
test/malignant/614.jpg,test,malignant,9035,80.0,493,74.0,-1,-1
test/malignant/615.jpg,test,malignant,9660,80.0,27222,4.0,-1,1
test/malignant/619.jpg,test,malignant,120,80.0,29164,66.0,-1,-1
test/malignant/62.jpg,test,malignant,7077,84.0,32081,78.0,-1,-1
test/malignant/628.jpg,test,malignant,5812,84.0,3568,2.0,-1,1
test/malignant/638.jpg,test,malignant,2587,80.0,15475,70.0,-1,-1
test/malignant/641.jpg,test,malignant,2583,76.0,12315,62.0,-1,-1
test/malignant/643.jpg,test,malignant,1170,78.0,17119,62.0,-1,-1
test/malignant/65.jpg,test,malignant,2362,86.0,2970,84.0,-1,-1
test/malignant/653.jpg,test,malignant,9332,90.0,12293,88.0,-1,-1
test/malignant/658.jpg,test,malignant,255,92.0,2871,94.0,-1,-1
test/malignant/66.jpg,test,malignant,246,90.0,7501,86.0,-1,-1
test/malignant/660.jpg,test,malignant,1027,90.0,9001,94.0,-1,-1
test/malignant/667.jpg,test,malignant,1899,92.0,11098,86.0,-1,-1
test/malignant/670.jpg,test,malignant,4917,86.0,4755,90.0,-1,-1
test/malignant/674.jpg,test,malignant,9133,70.0,28015,76.0,-1,-1
test/malignant/679.jpg,test,malignant,7321,80.0,10050,86.0,-1,-1
test/malignant/68.jpg,test,malignant,2117,90.0,24734,88.0,-1,-1
test/malignant/686.jpg,test,malignant,9591,90.0,13374,86.0,-1,-1
test/malignant/694.jpg,test,malignant,4156,80.0,12216,84.0,-1,-1
test/malignant/696.jpg,test,malignant,472,92.0,1830,86.0,-1,-1
test/malignant/706.jpg,test,malignant,9643,90.0,18322,76.0,-1,-1
test/malignant/709.jpg,test,malignant,3355,90.0,30197,90.0,-1,-1
test/malignant/713.jpg,test,malignant,118,86.0,18233,86.0,-1,-1
test/malignant/73.jpg,test,malignant,7307,88.0,14578,88.0,-1,-1
test/malignant/735.jpg,test,malignant,65,92.0,22942,90.0,-1,-1
test/malignant/739.jpg,test,malignant,7899,82.0,7638,90.0,-1,-1
test/malignant/74.jpg,test,malignant,7595,74.0,12560,80.0,-1,-1
test/malignant/744.jpg,test,malignant,2334,86.0,21241,82.0,-1,-1
test/malignant/747.jpg,test,malignant,6510,90.0,13537,84.0,-1,-1
test/malignant/749.jpg,test,malignant,11,92.0,6914,92.0,-1,-1
test/malignant/757.jpg,test,malignant,6973,72.0,23385,70.0,-1,-1
test/malignant/759.jpg,test,malignant,6965,86.0,7172,82.0,-1,-1
test/malignant/762.jpg,test,malignant,3337,82.0,17457,88.0,-1,-1
test/malignant/763.jpg,test,malignant,6906,84.0,15281,84.0,-1,-1
test/malignant/771.jpg,test,malignant,3672,86.0,7874,84.0,-1,-1
test/malignant/773.jpg,test,malignant,9338,82.0,14708,78.0,-1,-1
test/malignant/778.jpg,test,malignant,8362,90.0,28666,82.0,-1,-1
test/malignant/792.jpg,test,malignant,5951,90.0,5216,88.0,-1,-1
test/malignant/794.jpg,test,malignant,7135,88.0,17650,80.0,-1,-1
test/malignant/797.jpg,test,malignant,6291,86.0,26372,80.0,-1,-1
test/malignant/8.jpg,test,malignant,7239,84.0,28529,72.0,-1,-1
test/malignant/804.jpg,test,malignant,8475,84.0,11781,82.0,-1,-1
test/malignant/808.jpg,test,malignant,7034,84.0,2426,76.0,-1,-1
test/malignant/81.jpg,test,malignant,2620,88.0,17852,86.0,-1,-1
test/malignant/817.jpg,test,malignant,2241,2.0,20616,86.0,1,-1
test/malignant/822.jpg,test,malignant,1958,2.0,10288,94.0,1,-1
test/malignant/826.jpg,test,malignant,1416,2.0,3979,78.0,1,-1
test/malignant/832.jpg,test,malignant,1966,0.0,21635,84.0,1,-1
test/malignant/836.jpg,test,malignant,1319,4.0,18816,84.0,1,-1
test/malignant/838.jpg,test,malignant,1952,2.0,8982,90.0,1,-1
test/malignant/839.jpg,test,malignant,2034,4.0,26187,84.0,1,-1
test/malignant/85.jpg,test,malignant,4258,82.0,4352,76.0,-1,-1
test/malignant/852.jpg,test,malignant,1460,4.0,13978,88.0,1,-1
test/malignant/859.jpg,test,malignant,2276,4.0,13115,90.0,1,-1
test/malignant/864.jpg,test,malignant,1630,4.0,2336,70.0,1,-1
test/malignant/866.jpg,test,malignant,2258,4.0,2940,72.0,1,-1
test/malignant/868.jpg,test,malignant,1957,0.0,12376,84.0,1,-1
test/malignant/87.jpg,test,malignant,3544,88.0,6748,80.0,-1,-1
test/malignant/871.jpg,test,malignant,1333,2.0,11670,74.0,1,-1
test/malignant/874.jpg,test,malignant,2091,4.0,16302,86.0,1,-1
test/malignant/881.jpg,test,malignant,1466,0.0,16276,78.0,1,-1
test/malignant/887.jpg,test,malignant,2094,2.0,4060,80.0,1,-1
test/malignant/893.jpg,test,malignant,2308,2.0,741,90.0,1,-1
test/malignant/894.jpg,test,malignant,2167,2.0,28595,88.0,1,-1
test/malignant/905.jpg,test,malignant,2110,2.0,9329,84.0,1,-1
test/malignant/91.jpg,test,malignant,2177,94.0,6808,88.0,-1,-1
test/malignant/92.jpg,test,malignant,1399,90.0,2567,92.0,-1,-1
test/malignant/927.jpg,test,malignant,2078,2.0,1901,92.0,1,-1
test/malignant/93.jpg,test,malignant,1088,70.0,13051,64.0,-1,-1
test/malignant/934.jpg,test,malignant,2315,4.0,15967,82.0,1,-1
test/malignant/937.jpg,test,malignant,1211,2.0,9929,42.0,1,-1
test/malignant/940.jpg,test,malignant,2067,2.0,30768,76.0,1,-1
test/malignant/947.jpg,test,malignant,1290,2.0,19033,74.0,1,-1
test/malignant/948.jpg,test,malignant,1255,2.0,25276,80.0,1,-1
test/malignant/949.jpg,test,malignant,1218,0.0,16356,88.0,1,-1
test/malignant/953.jpg,test,malignant,1980,2.0,30034,88.0,1,-1
test/malignant/985.jpg,test,malignant,1323,2.0,29787,86.0,1,-1
test/malignant/992.jpg,test,malignant,2249,0.0,15090,86.0,1,-1
test/malignant/994.jpg,test,malignant,1520,2.0,5503,82.0,1,-1
test/malignant/995.jpg,test,malignant,2133,0.0,14929,72.0,1,-1
train/benign/100.jpg,train,benign,8298,2.0,903,54.0,0,-1
train/benign/1000.jpg,train,benign,3793,4.0,14445,78.0,0,-1
train/benign/1001.jpg,train,benign,5572,0.0,2830,86.0,0,-1
train/benign/1002.jpg,train,benign,8497,0.0,19146,70.0,0,-1
train/benign/1004.jpg,train,benign,5087,2.0,31631,86.0,0,-1
train/benign/1005.jpg,train,benign,9317,2.0,18608,60.0,0,-1
train/benign/1007.jpg,train,benign,5558,2.0,8929,78.0,0,-1
train/benign/1008.jpg,train,benign,8403,0.0,23359,82.0,0,-1
train/benign/1009.jpg,train,benign,6662,2.0,14672,72.0,0,-1
train/benign/101.jpg,train,benign,3161,2.0,17459,86.0,0,-1
train/benign/1010.jpg,train,benign,5273,6.0,24217,80.0,0,-1
train/benign/1011.jpg,train,benign,6262,2.0,15772,82.0,0,-1
train/benign/1012.jpg,train,benign,3014,2.0,25671,80.0,0,-1
train/benign/1014.jpg,train,benign,4275,2.0,331,86.0,0,-1
train/benign/1015.jpg,train,benign,6656,4.0,11440,86.0,0,-1
train/benign/1016.jpg,train,benign,5840,2.0,26343,82.0,0,-1
train/benign/1017.jpg,train,benign,8108,2.0,2209,82.0,0,-1
train/benign/102.jpg,train,benign,5688,0.0,23029,78.0,0,-1
train/benign/1020.jpg,train,benign,6229,4.0,6013,84.0,0,-1
train/benign/1021.jpg,train,benign,5038,4.0,8840,88.0,0,-1
train/benign/1022.jpg,train,benign,4395,4.0,1920,80.0,0,-1
train/benign/1024.jpg,train,benign,6205,0.0,13618,62.0,0,-1
train/benign/1026.jpg,train,benign,3984,0.0,14264,84.0,0,-1
train/benign/1027.jpg,train,benign,4829,4.0,3803,86.0,0,-1
train/benign/1028.jpg,train,benign,7082,2.0,27671,90.0,0,-1
train/benign/103.jpg,train,benign,6189,2.0,4960,76.0,0,-1
train/benign/1030.jpg,train,benign,5116,2.0,28059,76.0,0,-1
train/benign/1031.jpg,train,benign,6195,0.0,16207,66.0,0,-1
train/benign/1032.jpg,train,benign,6703,2.0,5570,78.0,0,-1
train/benign/1035.jpg,train,benign,8424,0.0,15560,92.0,0,-1
train/benign/1036.jpg,train,benign,6994,0.0,2534,90.0,0,-1
train/benign/1037.jpg,train,benign,9040,2.0,16818,68.0,0,-1
train/benign/1038.jpg,train,benign,6025,6.0,13378,58.0,0,-1
train/benign/1039.jpg,train,benign,9229,2.0,10923,80.0,0,-1
train/benign/104.jpg,train,benign,5312,2.0,19481,94.0,0,-1
train/benign/1040.jpg,train,benign,8677,2.0,30807,78.0,0,-1
train/benign/1041.jpg,train,benign,3339,2.0,10876,70.0,0,-1
train/benign/1043.jpg,train,benign,3903,0.0,15621,86.0,0,-1
train/benign/1045.jpg,train,benign,4298,4.0,15983,74.0,0,-1
train/benign/1046.jpg,train,benign,3532,4.0,7876,84.0,0,-1
train/benign/1047.jpg,train,benign,5958,2.0,31957,78.0,0,-1
train/benign/1048.jpg,train,benign,4664,2.0,16935,86.0,0,-1
train/benign/1049.jpg,train,benign,3137,2.0,989,86.0,0,-1
train/benign/1050.jpg,train,benign,7261,0.0,11252,70.0,0,-1
train/benign/1051.jpg,train,benign,5158,2.0,22210,80.0,0,-1
train/benign/1052.jpg,train,benign,4740,2.0,27342,86.0,0,-1
train/benign/1053.jpg,train,benign,6259,2.0,25849,78.0,0,-1
train/benign/1054.jpg,train,benign,5891,2.0,16738,94.0,0,-1
train/benign/1056.jpg,train,benign,3947,4.0,14292,86.0,0,-1
train/benign/1057.jpg,train,benign,9042,4.0,1283,80.0,0,-1
train/benign/1058.jpg,train,benign,5045,2.0,23475,82.0,0,-1
train/benign/1059.jpg,train,benign,3677,0.0,17282,84.0,0,-1
train/benign/106.jpg,train,benign,9057,2.0,14280,90.0,0,-1
train/benign/1060.jpg,train,benign,6695,4.0,22597,62.0,0,-1
train/benign/1062.jpg,train,benign,5298,4.0,4787,70.0,0,-1
train/benign/1063.jpg,train,benign,4708,4.0,15095,58.0,0,-1
train/benign/1064.jpg,train,benign,3894,2.0,25298,86.0,0,-1
train/benign/1065.jpg,train,benign,5603,2.0,41,80.0,0,-1
train/benign/1066.jpg,train,benign,7276,4.0,30843,66.0,0,-1
train/benign/1067.jpg,train,benign,5550,4.0,17875,78.0,0,-1
train/benign/1068.jpg,train,benign,5778,4.0,1740,86.0,0,-1
train/benign/1069.jpg,train,benign,6752,2.0,22445,66.0,0,-1
train/benign/107.jpg,train,benign,2990,4.0,26451,74.0,0,-1
train/benign/1071.jpg,train,benign,3347,4.0,2301,74.0,0,-1
train/benign/1072.jpg,train,benign,5080,4.0,27295,86.0,0,-1
train/benign/1073.jpg,train,benign,8694,4.0,14493,80.0,0,-1
train/benign/1075.jpg,train,benign,6956,0.0,5159,76.0,0,-1
train/benign/1076.jpg,train,benign,5308,4.0,4521,88.0,0,-1
train/benign/1078.jpg,train,benign,3635,2.0,28529,84.0,0,-1
train/benign/1079.jpg,train,benign,3802,2.0,6253,92.0,0,-1
train/benign/108.jpg,train,benign,8145,0.0,26529,96.0,0,-1
train/benign/1081.jpg,train,benign,3712,0.0,31461,92.0,0,-1
train/benign/1082.jpg,train,benign,7072,2.0,25123,56.0,0,-1
train/benign/1083.jpg,train,benign,4961,2.0,8567,88.0,0,-1
train/benign/1084.jpg,train,benign,8446,2.0,5661,80.0,0,-1
train/benign/1085.jpg,train,benign,3324,2.0,8699,74.0,0,-1
train/benign/1086.jpg,train,benign,6506,4.0,23637,84.0,0,-1
train/benign/1089.jpg,train,benign,6290,0.0,13021,90.0,0,-1
train/benign/109.jpg,train,benign,4616,2.0,13000,86.0,0,-1
train/benign/1090.jpg,train,benign,3664,2.0,22916,78.0,0,-1
train/benign/1091.jpg,train,benign,9389,0.0,4561,84.0,0,-1
train/benign/1093.jpg,train,benign,3601,2.0,3006,72.0,0,-1
train/benign/1094.jpg,train,benign,5860,2.0,25147,82.0,0,-1
train/benign/1095.jpg,train,benign,5916,6.0,23303,88.0,0,-1
train/benign/1096.jpg,train,benign,4672,2.0,31561,84.0,0,-1
train/benign/1097.jpg,train,benign,6006,2.0,32699,70.0,0,-1
train/benign/1098.jpg,train,benign,7029,4.0,22622,60.0,0,-1
train/benign/1099.jpg,train,benign,6221,2.0,23488,90.0,0,-1
train/benign/110.jpg,train,benign,9050,2.0,7206,72.0,0,-1
train/benign/1100.jpg,train,benign,6387,4.0,6271,86.0,0,-1
train/benign/1101.jpg,train,benign,3264,0.0,4100,84.0,0,-1
train/benign/1102.jpg,train,benign,9065,4.0,32144,50.0,0,-1
train/benign/1103.jpg,train,benign,4584,0.0,32224,82.0,0,-1
train/benign/1104.jpg,train,benign,6931,2.0,32678,78.0,0,-1
train/benign/1105.jpg,train,benign,6044,0.0,21274,82.0,0,-1
train/benign/1106.jpg,train,benign,4397,2.0,16926,56.0,0,-1
train/benign/1107.jpg,train,benign,4794,4.0,2239,86.0,0,-1
train/benign/1108.jpg,train,benign,8707,2.0,19335,72.0,0,-1
train/benign/1109.jpg,train,benign,8643,0.0,22983,82.0,0,-1
train/benign/111.jpg,train,benign,4278,2.0,31009,88.0,0,-1
train/benign/1111.jpg,train,benign,3265,0.0,14238,78.0,0,-1
train/benign/1113.jpg,train,benign,3382,2.0,7709,86.0,0,-1
train/benign/1114.jpg,train,benign,9111,6.0,28902,72.0,0,-1
train/benign/1116.jpg,train,benign,5332,2.0,3032,66.0,0,-1
train/benign/1117.jpg,train,benign,8176,2.0,1532,80.0,0,-1
train/benign/1119.jpg,train,benign,8907,0.0,15193,78.0,0,-1
train/benign/112.jpg,train,benign,3491,4.0,3246,88.0,0,-1
train/benign/1120.jpg,train,benign,9041,0.0,22395,88.0,0,-1
train/benign/1121.jpg,train,benign,8931,2.0,25744,86.0,0,-1
train/benign/1122.jpg,train,benign,4656,2.0,9359,88.0,0,-1
train/benign/1123.jpg,train,benign,3066,4.0,32560,86.0,0,-1
train/benign/1124.jpg,train,benign,9046,6.0,22207,84.0,0,-1
train/benign/1127.jpg,train,benign,5112,0.0,838,78.0,0,-1
train/benign/1128.jpg,train,benign,8936,0.0,7837,86.0,0,-1
train/benign/1129.jpg,train,benign,3342,0.0,8917,92.0,0,-1
train/benign/113.jpg,train,benign,4048,2.0,30979,78.0,0,-1
train/benign/1131.jpg,train,benign,9209,0.0,5444,82.0,0,-1
train/benign/1132.jpg,train,benign,5272,0.0,14665,86.0,0,-1
train/benign/1133.jpg,train,benign,5365,2.0,10363,80.0,0,-1
train/benign/1136.jpg,train,benign,4548,2.0,3704,84.0,0,-1
train/benign/1137.jpg,train,benign,4261,0.0,4600,84.0,0,-1
train/benign/1138.jpg,train,benign,9329,4.0,8918,86.0,0,-1
train/benign/114.jpg,train,benign,6816,0.0,23011,68.0,0,-1
train/benign/1140.jpg,train,benign,8801,2.0,1221,64.0,0,-1
train/benign/1141.jpg,train,benign,3952,2.0,15743,90.0,0,-1
train/benign/1142.jpg,train,benign,4673,2.0,10023,86.0,0,-1
train/benign/1144.jpg,train,benign,9310,2.0,27741,84.0,0,-1
train/benign/1145.jpg,train,benign,6601,2.0,18564,70.0,0,-1
train/benign/1147.jpg,train,benign,3901,2.0,27994,82.0,0,-1
train/benign/1148.jpg,train,benign,6678,6.0,10894,88.0,0,-1
train/benign/1149.jpg,train,benign,3142,0.0,13940,86.0,0,-1
train/benign/115.jpg,train,benign,8884,0.0,6107,80.0,0,-1
train/benign/1150.jpg,train,benign,6733,4.0,26955,54.0,0,-1
train/benign/1152.jpg,train,benign,3517,2.0,27541,82.0,0,-1
train/benign/1153.jpg,train,benign,5886,2.0,12329,86.0,0,-1
train/benign/1154.jpg,train,benign,8719,0.0,29949,66.0,0,-1
train/benign/1156.jpg,train,benign,4427,2.0,2936,90.0,0,-1
train/benign/1157.jpg,train,benign,3188,2.0,14217,94.0,0,-1
train/benign/1158.jpg,train,benign,3490,2.0,8018,90.0,0,-1
train/benign/1159.jpg,train,benign,4201,2.0,11621,92.0,0,-1
train/benign/116.jpg,train,benign,6998,0.0,18086,88.0,0,-1
train/benign/1160.jpg,train,benign,3512,0.0,3866,86.0,0,-1
train/benign/1161.jpg,train,benign,3961,0.0,2356,90.0,0,-1
train/benign/1162.jpg,train,benign,9219,2.0,30751,76.0,0,-1
train/benign/1163.jpg,train,benign,3697,2.0,1422,80.0,0,-1
train/benign/1164.jpg,train,benign,5598,4.0,5162,80.0,0,-1
train/benign/1165.jpg,train,benign,4828,2.0,20953,84.0,0,-1
train/benign/1167.jpg,train,benign,9029,0.0,11113,74.0,0,-1
train/benign/1168.jpg,train,benign,6437,4.0,4425,70.0,0,-1
train/benign/1169.jpg,train,benign,9167,2.0,29458,76.0,0,-1
train/benign/117.jpg,train,benign,4929,2.0,7185,72.0,0,-1
train/benign/1171.jpg,train,benign,5711,0.0,1823,94.0,0,-1
train/benign/1172.jpg,train,benign,6572,2.0,21415,78.0,0,-1
train/benign/1174.jpg,train,benign,6289,6.0,21380,88.0,0,-1
train/benign/1175.jpg,train,benign,4687,2.0,13585,86.0,0,-1
train/benign/1176.jpg,train,benign,6417,2.0,16428,88.0,0,-1
train/benign/1178.jpg,train,benign,8213,0.0,1086,88.0,0,-1
train/benign/1179.jpg,train,benign,6193,0.0,21571,90.0,0,-1
train/benign/118.jpg,train,benign,6378,0.0,20002,80.0,0,-1
train/benign/1181.jpg,train,benign,7034,4.0,32270,62.0,0,-1
train/benign/1182.jpg,train,benign,3295,4.0,28680,84.0,0,-1
train/benign/1184.jpg,train,benign,6929,2.0,28390,60.0,0,-1
train/benign/1185.jpg,train,benign,3441,2.0,8816,82.0,0,-1
train/benign/1186.jpg,train,benign,6764,2.0,8122,58.0,0,-1
train/benign/1187.jpg,train,benign,5996,0.0,15197,88.0,0,-1
train/benign/1188.jpg,train,benign,3392,2.0,19361,66.0,0,-1
train/benign/1189.jpg,train,benign,4559,2.0,7455,82.0,0,-1
train/benign/1190.jpg,train,benign,4094,2.0,14130,90.0,0,-1
train/benign/1192.jpg,train,benign,8961,2.0,7299,80.0,0,-1
train/benign/1193.jpg,train,benign,8636,2.0,9832,82.0,0,-1
train/benign/1194.jpg,train,benign,3655,2.0,27489,68.0,0,-1
train/benign/1195.jpg,train,benign,4807,0.0,1958,84.0,0,-1
train/benign/1196.jpg,train,benign,8930,0.0,28664,74.0,0,-1
train/benign/1197.jpg,train,benign,6692,2.0,20734,52.0,0,-1
train/benign/1198.jpg,train,benign,4574,4.0,19304,84.0,0,-1
train/benign/1199.jpg,train,benign,8709,2.0,25565,64.0,0,-1
train/benign/12.jpg,train,benign,9230,2.0,14568,62.0,0,-1
train/benign/120.jpg,train,benign,4623,4.0,28529,76.0,0,-1
train/benign/1201.jpg,train,benign,6164,2.0,4448,84.0,0,-1
train/benign/1202.jpg,train,benign,9673,0.0,13247,68.0,0,-1
train/benign/1204.jpg,train,benign,3267,2.0,13778,82.0,0,-1
train/benign/1205.jpg,train,benign,6775,2.0,10641,56.0,0,-1
train/benign/1206.jpg,train,benign,8591,2.0,7752,82.0,0,-1
train/benign/1207.jpg,train,benign,4839,2.0,31003,88.0,0,-1
train/benign/1209.jpg,train,benign,4446,2.0,17921,88.0,0,-1
train/benign/121.jpg,train,benign,6646,6.0,30629,92.0,0,-1
train/benign/1210.jpg,train,benign,8791,2.0,2310,82.0,0,-1
train/benign/1211.jpg,train,benign,9279,2.0,31397,44.0,0,-1
train/benign/1212.jpg,train,benign,4554,4.0,3687,90.0,0,-1
train/benign/1213.jpg,train,benign,4921,0.0,17063,86.0,0,-1
train/benign/1216.jpg,train,benign,6246,4.0,28798,68.0,0,-1
train/benign/1217.jpg,train,benign,6412,2.0,9839,80.0,0,-1
train/benign/1218.jpg,train,benign,6452,2.0,27645,78.0,0,-1
train/benign/1219.jpg,train,benign,4615,0.0,25960,86.0,0,-1
train/benign/1220.jpg,train,benign,6748,2.0,6277,58.0,0,-1
train/benign/1221.jpg,train,benign,4716,0.0,28939,86.0,0,-1
train/benign/1222.jpg,train,benign,4500,0.0,4014,74.0,0,-1
train/benign/1223.jpg,train,benign,8935,2.0,2509,86.0,0,-1
train/benign/1224.jpg,train,benign,5359,2.0,18721,84.0,0,-1
train/benign/1225.jpg,train,benign,6371,6.0,11420,76.0,0,-1
train/benign/1227.jpg,train,benign,9025,0.0,2606,70.0,0,-1
train/benign/1228.jpg,train,benign,4511,4.0,23840,58.0,0,-1
train/benign/1229.jpg,train,benign,3775,2.0,19674,82.0,0,-1
train/benign/123.jpg,train,benign,4817,2.0,16046,88.0,0,-1
train/benign/1230.jpg,train,benign,4841,2.0,4330,70.0,0,-1
train/benign/1232.jpg,train,benign,4085,4.0,28038,82.0,0,-1
train/benign/1233.jpg,train,benign,4636,4.0,13923,86.0,0,-1
train/benign/1234.jpg,train,benign,9336,2.0,12251,40.0,0,-1
train/benign/1235.jpg,train,benign,6736,2.0,2606,70.0,0,-1
train/benign/1236.jpg,train,benign,8927,0.0,5894,68.0,0,-1
train/benign/1237.jpg,train,benign,6223,0.0,31679,76.0,0,-1
train/benign/1238.jpg,train,benign,5741,0.0,6703,88.0,0,-1
train/benign/1239.jpg,train,benign,6442,4.0,453,88.0,0,-1
train/benign/124.jpg,train,benign,3584,4.0,14578,82.0,0,-1
train/benign/1240.jpg,train,benign,4588,0.0,13137,56.0,0,-1
train/benign/1241.jpg,train,benign,6822,4.0,17085,58.0,0,-1
train/benign/1245.jpg,train,benign,6102,2.0,25243,84.0,0,-1
train/benign/1246.jpg,train,benign,3678,4.0,11722,88.0,0,-1
train/benign/1247.jpg,train,benign,3220,0.0,1308,72.0,0,-1
train/benign/1248.jpg,train,benign,5107,2.0,25262,86.0,0,-1
train/benign/1249.jpg,train,benign,5727,4.0,27427,86.0,0,-1
train/benign/125.jpg,train,benign,3466,0.0,16558,76.0,0,-1
train/benign/1250.jpg,train,benign,4015,6.0,9987,82.0,0,-1
train/benign/1251.jpg,train,benign,3395,2.0,6051,88.0,0,-1
train/benign/1252.jpg,train,benign,9062,2.0,835,86.0,0,-1
train/benign/1254.jpg,train,benign,8521,0.0,4680,92.0,0,-1
train/benign/1255.jpg,train,benign,4855,2.0,32052,82.0,0,-1
train/benign/1256.jpg,train,benign,5635,8.0,19415,86.0,0,-1
train/benign/1257.jpg,train,benign,4293,2.0,2356,74.0,0,-1
train/benign/1258.jpg,train,benign,8720,0.0,6138,80.0,0,-1
train/benign/1259.jpg,train,benign,4122,2.0,32046,88.0,0,-1
train/benign/126.jpg,train,benign,4630,0.0,12003,86.0,0,-1
train/benign/1260.jpg,train,benign,5165,2.0,13768,88.0,0,-1
train/benign/1262.jpg,train,benign,5658,4.0,31146,82.0,0,-1
train/benign/1263.jpg,train,benign,5145,2.0,24211,72.0,0,-1
train/benign/1264.jpg,train,benign,4761,4.0,4196,86.0,0,-1
train/benign/1267.jpg,train,benign,3582,0.0,25118,80.0,0,-1
train/benign/1268.jpg,train,benign,9670,2.0,16214,70.0,0,-1
train/benign/1270.jpg,train,benign,9115,4.0,7389,88.0,0,-1
train/benign/1271.jpg,train,benign,4096,2.0,32093,82.0,0,-1
train/benign/1272.jpg,train,benign,3097,2.0,25668,88.0,0,-1
train/benign/1274.jpg,train,benign,5486,4.0,3494,84.0,0,-1
train/benign/1275.jpg,train,benign,9542,2.0,11422,70.0,0,-1
train/benign/1279.jpg,train,benign,4665,0.0,17935,86.0,0,-1
train/benign/128.jpg,train,benign,4379,4.0,29442,82.0,0,-1
train/benign/1280.jpg,train,benign,5099,2.0,7944,74.0,0,-1
train/benign/1281.jpg,train,benign,6275,2.0,1779,78.0,0,-1
train/benign/1282.jpg,train,benign,8729,0.0,23745,80.0,0,-1
train/benign/1283.jpg,train,benign,8512,0.0,2810,84.0,0,-1
train/benign/1284.jpg,train,benign,6282,2.0,11251,76.0,0,-1
train/benign/1285.jpg,train,benign,5519,0.0,12329,78.0,0,-1
train/benign/1286.jpg,train,benign,4006,2.0,17457,82.0,0,-1
train/benign/1287.jpg,train,benign,4304,2.0,1740,90.0,0,-1
train/benign/1289.jpg,train,benign,4455,2.0,15826,84.0,0,-1
train/benign/129.jpg,train,benign,9085,0.0,5192,70.0,0,-1
train/benign/1291.jpg,train,benign,8906,2.0,1991,86.0,0,-1
train/benign/1292.jpg,train,benign,4876,2.0,28744,80.0,0,-1
train/benign/1293.jpg,train,benign,5494,2.0,4742,90.0,0,-1
train/benign/1294.jpg,train,benign,7097,2.0,16639,80.0,0,-1
train/benign/1295.jpg,train,benign,5442,6.0,8908,88.0,0,-1
train/benign/1296.jpg,train,benign,3979,0.0,8221,82.0,0,-1
train/benign/1298.jpg,train,benign,8558,4.0,10810,62.0,0,-1
train/benign/13.jpg,train,benign,3371,2.0,3291,94.0,0,-1
train/benign/130.jpg,train,benign,4806,0.0,567,80.0,0,-1
train/benign/1300.jpg,train,benign,6036,0.0,14736,84.0,0,-1
train/benign/1301.jpg,train,benign,5163,2.0,798,80.0,0,-1
train/benign/1302.jpg,train,benign,7052,2.0,22240,54.0,0,-1
train/benign/1303.jpg,train,benign,8246,0.0,1697,78.0,0,-1
train/benign/1304.jpg,train,benign,3939,0.0,27504,74.0,0,-1
train/benign/1305.jpg,train,benign,6697,2.0,6605,74.0,0,-1
train/benign/1306.jpg,train,benign,8741,6.0,16711,72.0,0,-1
train/benign/1307.jpg,train,benign,6996,2.0,3547,42.0,0,-1
train/benign/1308.jpg,train,benign,8305,2.0,19372,92.0,0,-1
train/benign/1309.jpg,train,benign,8550,0.0,22702,66.0,0,-1
train/benign/131.jpg,train,benign,5771,4.0,8989,84.0,0,-1
train/benign/1311.jpg,train,benign,8377,2.0,23257,84.0,0,-1
train/benign/1312.jpg,train,benign,6496,6.0,3718,92.0,0,-1
train/benign/1313.jpg,train,benign,8623,6.0,7035,92.0,0,-1
train/benign/1314.jpg,train,benign,6651,2.0,14824,92.0,0,-1
train/benign/1315.jpg,train,benign,4853,2.0,5177,62.0,0,-1
train/benign/1316.jpg,train,benign,5330,4.0,17909,78.0,0,-1
train/benign/1317.jpg,train,benign,9207,0.0,1259,62.0,0,-1
train/benign/1318.jpg,train,benign,3525,2.0,9373,86.0,0,-1
train/benign/132.jpg,train,benign,8723,2.0,11660,54.0,0,-1
train/benign/1320.jpg,train,benign,8345,0.0,4276,94.0,0,-1
train/benign/1323.jpg,train,benign,8994,2.0,1087,78.0,0,-1
train/benign/1324.jpg,train,benign,8130,6.0,24031,80.0,0,-1
train/benign/1325.jpg,train,benign,6948,4.0,14078,90.0,0,-1
train/benign/1326.jpg,train,benign,6497,2.0,6640,86.0,0,-1
train/benign/1327.jpg,train,benign,4523,2.0,10265,92.0,0,-1
train/benign/1328.jpg,train,benign,4192,2.0,23289,86.0,0,-1
train/benign/1329.jpg,train,benign,5173,2.0,30683,78.0,0,-1
train/benign/133.jpg,train,benign,5406,8.0,31704,82.0,0,-1
train/benign/1330.jpg,train,benign,6118,0.0,8766,94.0,0,-1
train/benign/1331.jpg,train,benign,9308,0.0,12598,70.0,0,-1
train/benign/1332.jpg,train,benign,5343,4.0,31117,82.0,0,-1
train/benign/1333.jpg,train,benign,6591,2.0,31487,82.0,0,-1
train/benign/1335.jpg,train,benign,3205,2.0,7167,88.0,0,-1
train/benign/1336.jpg,train,benign,4981,2.0,1437,80.0,0,-1
train/benign/1337.jpg,train,benign,5648,2.0,17876,70.0,0,-1
train/benign/1338.jpg,train,benign,5918,4.0,13615,92.0,0,-1
train/benign/1339.jpg,train,benign,4373,2.0,6625,88.0,0,-1
train/benign/134.jpg,train,benign,3798,2.0,14955,84.0,0,-1
train/benign/1340.jpg,train,benign,9242,0.0,23774,80.0,0,-1
train/benign/1341.jpg,train,benign,6008,0.0,16567,84.0,0,-1
train/benign/1344.jpg,train,benign,6947,0.0,17277,84.0,0,-1
train/benign/1345.jpg,train,benign,6308,2.0,2698,88.0,0,-1
train/benign/1346.jpg,train,benign,5627,0.0,6984,86.0,0,-1
train/benign/1347.jpg,train,benign,8224,2.0,15405,88.0,0,-1
train/benign/1348.jpg,train,benign,3224,0.0,19630,92.0,0,-1
train/benign/1349.jpg,train,benign,6385,2.0,15356,78.0,0,-1
train/benign/135.jpg,train,benign,5385,2.0,3118,88.0,0,-1
train/benign/1351.jpg,train,benign,5296,4.0,14677,74.0,0,-1
train/benign/1352.jpg,train,benign,4125,2.0,19205,76.0,0,-1
train/benign/1353.jpg,train,benign,3675,0.0,30185,92.0,0,-1
train/benign/1355.jpg,train,benign,8382,0.0,9592,80.0,0,-1
train/benign/1356.jpg,train,benign,3152,2.0,26589,84.0,0,-1
train/benign/1358.jpg,train,benign,5347,2.0,6733,76.0,0,-1
train/benign/136.jpg,train,benign,3311,2.0,4854,90.0,0,-1
train/benign/1360.jpg,train,benign,8432,4.0,25043,84.0,0,-1
train/benign/1361.jpg,train,benign,5679,0.0,2700,94.0,0,-1
train/benign/1363.jpg,train,benign,5216,6.0,99,78.0,0,-1
train/benign/1364.jpg,train,benign,5331,4.0,11439,72.0,0,-1
train/benign/1366.jpg,train,benign,8655,2.0,12618,84.0,0,-1
train/benign/1368.jpg,train,benign,3222,0.0,26827,84.0,0,-1
train/benign/1369.jpg,train,benign,5845,2.0,13378,60.0,0,-1
train/benign/137.jpg,train,benign,8422,0.0,16913,88.0,0,-1
train/benign/1370.jpg,train,benign,3179,0.0,1004,86.0,0,-1
train/benign/1371.jpg,train,benign,6600,2.0,15881,64.0,0,-1
train/benign/1372.jpg,train,benign,6021,4.0,7643,84.0,0,-1
train/benign/1374.jpg,train,benign,8564,2.0,22497,68.0,0,-1
train/benign/1375.jpg,train,benign,4763,2.0,18772,80.0,0,-1
train/benign/1379.jpg,train,benign,3624,0.0,16694,90.0,0,-1
train/benign/138.jpg,train,benign,5011,2.0,1463,80.0,0,-1
train/benign/1380.jpg,train,benign,8052,2.0,541,84.0,0,-1
train/benign/1382.jpg,train,benign,6576,2.0,27374,64.0,0,-1
train/benign/1383.jpg,train,benign,4026,2.0,9988,86.0,0,-1
train/benign/1384.jpg,train,benign,8227,0.0,20136,64.0,0,-1
train/benign/1385.jpg,train,benign,5892,4.0,26843,88.0,0,-1
train/benign/1386.jpg,train,benign,3409,2.0,13714,82.0,0,-1
train/benign/1387.jpg,train,benign,5230,2.0,15342,90.0,0,-1
train/benign/1388.jpg,train,benign,4212,4.0,21701,76.0,0,-1
train/benign/1389.jpg,train,benign,4439,4.0,18284,74.0,0,-1
train/benign/139.jpg,train,benign,4266,0.0,12446,84.0,0,-1
train/benign/1390.jpg,train,benign,5205,6.0,7313,78.0,0,-1
train/benign/1391.jpg,train,benign,5978,2.0,23369,86.0,0,-1
train/benign/1392.jpg,train,benign,5783,6.0,15913,86.0,0,-1
train/benign/1394.jpg,train,benign,3916,4.0,3976,82.0,0,-1
train/benign/1395.jpg,train,benign,9093,0.0,547,64.0,0,-1
train/benign/1396.jpg,train,benign,6534,4.0,9911,88.0,0,-1
train/benign/1397.jpg,train,benign,8148,2.0,29531,84.0,0,-1
train/benign/1398.jpg,train,benign,3665,2.0,25210,84.0,0,-1
train/benign/1399.jpg,train,benign,3230,2.0,22270,84.0,0,-1
train/benign/14.jpg,train,benign,8455,0.0,6891,88.0,0,-1
train/benign/1402.jpg,train,benign,9104,2.0,29993,54.0,0,-1
train/benign/1403.jpg,train,benign,3817,2.0,5993,92.0,0,-1
train/benign/1404.jpg,train,benign,3013,2.0,24557,86.0,0,-1
train/benign/1405.jpg,train,benign,7285,0.0,31704,66.0,0,-1
train/benign/1406.jpg,train,benign,8593,4.0,26319,76.0,0,-1
train/benign/1407.jpg,train,benign,6579,4.0,1018,88.0,0,-1
train/benign/1408.jpg,train,benign,3048,2.0,15305,92.0,0,-1
train/benign/141.jpg,train,benign,5444,4.0,1803,72.0,0,-1
train/benign/1410.jpg,train,benign,9632,2.0,19667,68.0,0,-1
train/benign/1411.jpg,train,benign,6423,0.0,585,86.0,0,-1
train/benign/1413.jpg,train,benign,8244,2.0,24059,84.0,0,-1
train/benign/1414.jpg,train,benign,5322,2.0,2310,84.0,0,-1
train/benign/1416.jpg,train,benign,4897,2.0,7591,86.0,0,-1
train/benign/1417.jpg,train,benign,6812,2.0,26665,86.0,0,-1
train/benign/1418.jpg,train,benign,3869,2.0,17560,92.0,0,-1
train/benign/1419.jpg,train,benign,9648,4.0,593,70.0,0,-1
train/benign/142.jpg,train,benign,8006,0.0,8929,88.0,0,-1
train/benign/1420.jpg,train,benign,8608,2.0,11783,74.0,0,-1
train/benign/1421.jpg,train,benign,3120,6.0,26451,84.0,0,-1
train/benign/1422.jpg,train,benign,6758,2.0,11548,68.0,0,-1
train/benign/1423.jpg,train,benign,5153,2.0,14573,92.0,0,-1
train/benign/1424.jpg,train,benign,5930,4.0,29356,86.0,0,-1
train/benign/1425.jpg,train,benign,4356,0.0,4329,88.0,0,-1
train/benign/1426.jpg,train,benign,4519,6.0,4067,74.0,0,-1
train/benign/1427.jpg,train,benign,4938,2.0,6793,80.0,0,-1
train/benign/1428.jpg,train,benign,4949,2.0,14368,76.0,0,-1
train/benign/1429.jpg,train,benign,3684,4.0,5071,80.0,0,-1
train/benign/143.jpg,train,benign,8204,2.0,31019,60.0,0,-1
train/benign/1430.jpg,train,benign,8359,4.0,9299,86.0,0,-1
train/benign/1431.jpg,train,benign,4620,0.0,17023,78.0,0,-1
train/benign/1432.jpg,train,benign,3377,0.0,14955,68.0,0,-1
train/benign/1433.jpg,train,benign,3432,4.0,20864,84.0,0,-1
train/benign/1434.jpg,train,benign,4203,4.0,9854,76.0,0,-1
train/benign/1435.jpg,train,benign,3843,0.0,24347,86.0,0,-1
train/benign/1436.jpg,train,benign,6833,2.0,2994,76.0,0,-1
train/benign/1437.jpg,train,benign,9114,2.0,2726,72.0,0,-1
train/benign/1438.jpg,train,benign,8051,4.0,7342,78.0,0,-1
train/benign/1439.jpg,train,benign,6585,0.0,9854,86.0,0,-1
train/benign/1440.jpg,train,benign,4805,0.0,12437,74.0,0,-1
train/benign/1442.jpg,train,benign,6311,0.0,5174,80.0,0,-1
train/benign/1444.jpg,train,benign,6989,2.0,19294,56.0,0,-1
train/benign/1446.jpg,train,benign,7254,2.0,12960,80.0,0,-1
train/benign/1447.jpg,train,benign,5853,2.0,32618,74.0,0,-1
train/benign/1449.jpg,train,benign,6904,4.0,25734,62.0,0,-1
train/benign/145.jpg,train,benign,3926,2.0,17786,92.0,0,-1
train/benign/1450.jpg,train,benign,3434,2.0,28979,70.0,0,-1
train/benign/1451.jpg,train,benign,6557,2.0,31502,82.0,0,-1
train/benign/1452.jpg,train,benign,4737,0.0,1246,92.0,0,-1
train/benign/1453.jpg,train,benign,6494,2.0,32490,90.0,0,-1
train/benign/1454.jpg,train,benign,6271,4.0,16430,66.0,0,-1
train/benign/1455.jpg,train,benign,4487,4.0,3632,94.0,0,-1
train/benign/1456.jpg,train,benign,5267,2.0,2435,88.0,0,-1
train/benign/1457.jpg,train,benign,7106,0.0,6919,68.0,0,-1
train/benign/1458.jpg,train,benign,4331,2.0,25898,66.0,0,-1
train/benign/1459.jpg,train,benign,6064,2.0,31253,76.0,0,-1
train/benign/146.jpg,train,benign,8612,0.0,32157,84.0,0,-1
train/benign/1460.jpg,train,benign,3662,2.0,3184,86.0,0,-1
train/benign/1461.jpg,train,benign,5097,0.0,18535,80.0,0,-1
train/benign/1462.jpg,train,benign,5975,0.0,4434,88.0,0,-1
train/benign/1463.jpg,train,benign,6837,2.0,8586,68.0,0,-1
train/benign/1464.jpg,train,benign,8167,0.0,8313,78.0,0,-1
train/benign/1465.jpg,train,benign,8681,0.0,26887,56.0,0,-1
train/benign/1467.jpg,train,benign,7047,2.0,24424,62.0,0,-1
train/benign/1469.jpg,train,benign,5611,2.0,19551,86.0,0,-1
train/benign/1470.jpg,train,benign,8496,0.0,31291,70.0,0,-1
train/benign/1472.jpg,train,benign,9116,0.0,27074,78.0,0,-1
train/benign/1474.jpg,train,benign,5492,6.0,15162,86.0,0,-1
train/benign/1475.jpg,train,benign,5926,0.0,21035,88.0,0,-1
train/benign/1476.jpg,train,benign,4948,0.0,16362,88.0,0,-1
train/benign/1477.jpg,train,benign,6438,2.0,3315,86.0,0,-1
train/benign/1478.jpg,train,benign,4220,2.0,903,76.0,0,-1
train/benign/148.jpg,train,benign,6129,6.0,4668,88.0,0,-1
train/benign/1480.jpg,train,benign,5136,0.0,11857,68.0,0,-1
train/benign/1482.jpg,train,benign,4074,2.0,1326,84.0,0,-1
train/benign/1484.jpg,train,benign,4634,2.0,5443,84.0,0,-1
train/benign/1486.jpg,train,benign,5955,2.0,31417,78.0,0,-1
train/benign/1487.jpg,train,benign,3278,4.0,6431,74.0,0,-1
train/benign/1489.jpg,train,benign,4770,2.0,1766,82.0,0,-1
train/benign/149.jpg,train,benign,3898,4.0,14996,86.0,0,-1
train/benign/1490.jpg,train,benign,5925,2.0,16739,76.0,0,-1
train/benign/1491.jpg,train,benign,3488,2.0,6870,90.0,0,-1
train/benign/1493.jpg,train,benign,3755,2.0,28779,78.0,0,-1
train/benign/1494.jpg,train,benign,6893,4.0,5326,94.0,0,-1
train/benign/1495.jpg,train,benign,9097,0.0,18931,78.0,0,-1
train/benign/1496.jpg,train,benign,5576,0.0,5545,88.0,0,-1
train/benign/1497.jpg,train,benign,4887,2.0,30247,86.0,0,-1
train/benign/1498.jpg,train,benign,8916,0.0,4427,86.0,0,-1
train/benign/150.jpg,train,benign,6753,2.0,3567,70.0,0,-1
train/benign/1500.jpg,train,benign,8393,2.0,2920,86.0,0,-1
train/benign/1501.jpg,train,benign,4415,4.0,18062,86.0,0,-1
train/benign/1503.jpg,train,benign,8307,0.0,1409,88.0,0,-1
train/benign/1504.jpg,train,benign,4388,0.0,11360,90.0,0,-1
train/benign/1505.jpg,train,benign,6588,4.0,20695,82.0,0,-1
train/benign/1506.jpg,train,benign,4720,2.0,14672,78.0,0,-1
train/benign/1507.jpg,train,benign,3213,4.0,21511,86.0,0,-1
train/benign/1508.jpg,train,benign,3052,0.0,4061,56.0,0,-1
train/benign/1509.jpg,train,benign,8492,0.0,497,86.0,0,-1
train/benign/151.jpg,train,benign,6932,2.0,19964,70.0,0,-1
train/benign/1510.jpg,train,benign,6035,2.0,14056,84.0,0,-1
train/benign/1511.jpg,train,benign,8879,2.0,5208,80.0,0,-1
train/benign/1512.jpg,train,benign,8060,2.0,10591,82.0,0,-1
train/benign/1513.jpg,train,benign,4628,2.0,5598,80.0,0,-1
train/benign/1515.jpg,train,benign,5430,4.0,4397,86.0,0,-1
train/benign/1517.jpg,train,benign,9385,2.0,7681,82.0,0,-1
train/benign/1518.jpg,train,benign,3068,2.0,6852,86.0,0,-1
train/benign/152.jpg,train,benign,4354,2.0,22278,88.0,0,-1
train/benign/1520.jpg,train,benign,6946,6.0,21799,84.0,0,-1
train/benign/1522.jpg,train,benign,3982,2.0,2153,68.0,0,-1
train/benign/1523.jpg,train,benign,5571,6.0,6959,60.0,0,-1
train/benign/1524.jpg,train,benign,5407,0.0,15197,86.0,0,-1
train/benign/1525.jpg,train,benign,7165,2.0,7426,68.0,0,-1
train/benign/1526.jpg,train,benign,8885,6.0,24739,84.0,0,-1
train/benign/1527.jpg,train,benign,4355,6.0,9329,88.0,0,-1
train/benign/1528.jpg,train,benign,9191,0.0,9847,80.0,0,-1
train/benign/1529.jpg,train,benign,3261,2.0,3991,80.0,0,-1
train/benign/153.jpg,train,benign,6938,2.0,15085,66.0,0,-1
train/benign/1531.jpg,train,benign,8236,4.0,25624,90.0,0,-1
train/benign/1532.jpg,train,benign,3047,0.0,2987,92.0,0,-1
train/benign/1533.jpg,train,benign,8194,2.0,2644,84.0,0,-1
train/benign/1534.jpg,train,benign,8583,2.0,4357,78.0,0,-1
train/benign/1535.jpg,train,benign,6202,2.0,22128,82.0,0,-1
train/benign/1536.jpg,train,benign,8098,4.0,27091,84.0,0,-1
train/benign/1539.jpg,train,benign,5032,2.0,9094,88.0,0,-1
train/benign/1540.jpg,train,benign,4882,0.0,1991,86.0,0,-1
train/benign/1541.jpg,train,benign,8457,0.0,21399,82.0,0,-1
train/benign/1542.jpg,train,benign,5134,4.0,24102,70.0,0,-1
train/benign/1543.jpg,train,benign,9366,4.0,28737,84.0,0,-1
train/benign/1544.jpg,train,benign,4950,0.0,7333,82.0,0,-1
train/benign/1546.jpg,train,benign,4479,4.0,14061,74.0,0,-1
train/benign/1547.jpg,train,benign,8663,0.0,30537,76.0,0,-1
train/benign/1548.jpg,train,benign,3899,4.0,17723,86.0,0,-1
train/benign/1549.jpg,train,benign,6389,2.0,16071,84.0,0,-1
train/benign/155.jpg,train,benign,8223,0.0,21551,78.0,0,-1
train/benign/1550.jpg,train,benign,3440,0.0,5293,82.0,0,-1
train/benign/1551.jpg,train,benign,4764,2.0,12147,86.0,0,-1
train/benign/1552.jpg,train,benign,5528,2.0,32226,80.0,0,-1
train/benign/1553.jpg,train,benign,8380,2.0,6447,86.0,0,-1
train/benign/1554.jpg,train,benign,4916,2.0,65,86.0,0,-1
train/benign/1555.jpg,train,benign,8751,0.0,11636,60.0,0,-1
train/benign/1556.jpg,train,benign,6848,2.0,2644,72.0,0,-1
train/benign/1557.jpg,train,benign,5256,2.0,41,78.0,0,-1
train/benign/1558.jpg,train,benign,3493,0.0,6186,88.0,0,-1
train/benign/156.jpg,train,benign,5776,2.0,2981,80.0,0,-1
train/benign/1560.jpg,train,benign,5573,2.0,16093,90.0,0,-1
train/benign/1561.jpg,train,benign,4632,0.0,23905,88.0,0,-1
train/benign/1562.jpg,train,benign,4878,2.0,31556,86.0,0,-1
train/benign/1563.jpg,train,benign,5828,2.0,7854,92.0,0,-1
train/benign/1564.jpg,train,benign,2992,2.0,2014,88.0,0,-1
train/benign/1565.jpg,train,benign,5047,4.0,19904,80.0,0,-1
train/benign/1566.jpg,train,benign,4874,2.0,4941,86.0,0,-1
train/benign/1567.jpg,train,benign,3615,4.0,18810,78.0,0,-1
train/benign/1568.jpg,train,benign,5392,6.0,22222,78.0,0,-1
train/benign/1569.jpg,train,benign,5076,2.0,17633,76.0,0,-1
train/benign/157.jpg,train,benign,6379,4.0,11420,66.0,0,-1
train/benign/1570.jpg,train,benign,3359,2.0,23141,88.0,0,-1
train/benign/1571.jpg,train,benign,6158,0.0,24509,82.0,0,-1
train/benign/1572.jpg,train,benign,7277,0.0,18884,56.0,0,-1
train/benign/1573.jpg,train,benign,3080,4.0,16750,80.0,0,-1
train/benign/1574.jpg,train,benign,3985,4.0,12956,78.0,0,-1
train/benign/1575.jpg,train,benign,8316,0.0,7559,94.0,0,-1
train/benign/1577.jpg,train,benign,5973,2.0,10744,88.0,0,-1
train/benign/158.jpg,train,benign,9215,0.0,24801,90.0,0,-1
train/benign/1580.jpg,train,benign,5138,2.0,14094,88.0,0,-1
train/benign/1581.jpg,train,benign,4778,0.0,14816,74.0,0,-1
train/benign/1582.jpg,train,benign,9252,4.0,28772,48.0,0,-1
train/benign/1583.jpg,train,benign,6757,8.0,28723,74.0,0,-1
train/benign/1584.jpg,train,benign,8057,2.0,6431,78.0,0,-1
train/benign/1585.jpg,train,benign,7252,2.0,15084,64.0,0,-1
train/benign/1586.jpg,train,benign,6676,4.0,17786,86.0,0,-1
train/benign/1587.jpg,train,benign,6143,0.0,4872,92.0,0,-1
train/benign/1588.jpg,train,benign,8381,2.0,25831,88.0,0,-1
train/benign/1589.jpg,train,benign,7273,2.0,6592,74.0,0,-1
train/benign/159.jpg,train,benign,3263,2.0,11930,94.0,0,-1
train/benign/1590.jpg,train,benign,4676,2.0,12364,90.0,0,-1
train/benign/1591.jpg,train,benign,8185,2.0,20203,62.0,0,-1
train/benign/1593.jpg,train,benign,8326,0.0,16211,94.0,0,-1
train/benign/1594.jpg,train,benign,8235,2.0,20803,66.0,0,-1
train/benign/1595.jpg,train,benign,9322,4.0,11660,72.0,0,-1
train/benign/1596.jpg,train,benign,6429,2.0,1155,80.0,0,-1
train/benign/1597.jpg,train,benign,9037,2.0,3488,80.0,0,-1
train/benign/1598.jpg,train,benign,5945,2.0,10582,86.0,0,-1
train/benign/1599.jpg,train,benign,5994,2.0,21529,82.0,0,-1
train/benign/160.jpg,train,benign,4332,2.0,16416,82.0,0,-1
train/benign/1600.jpg,train,benign,3435,0.0,13249,66.0,0,-1
train/benign/1601.jpg,train,benign,6384,0.0,19372,78.0,0,-1
train/benign/1603.jpg,train,benign,5054,2.0,7266,80.0,0,-1
train/benign/1604.jpg,train,benign,4541,2.0,11265,84.0,0,-1
train/benign/1605.jpg,train,benign,3114,4.0,24188,82.0,0,-1
train/benign/1606.jpg,train,benign,6608,0.0,3113,88.0,0,-1
train/benign/1608.jpg,train,benign,3893,2.0,29562,86.0,0,-1
train/benign/1609.jpg,train,benign,5303,2.0,23049,78.0,0,-1
train/benign/1612.jpg,train,benign,8511,2.0,13978,78.0,0,-1
train/benign/1613.jpg,train,benign,6489,2.0,26567,92.0,0,-1
train/benign/1614.jpg,train,benign,4145,2.0,24608,90.0,0,-1
train/benign/1615.jpg,train,benign,8710,4.0,5430,84.0,0,-1
train/benign/1616.jpg,train,benign,3718,2.0,20950,76.0,0,-1
train/benign/1617.jpg,train,benign,3602,0.0,7528,64.0,0,-1
train/benign/1618.jpg,train,benign,6114,0.0,14799,80.0,0,-1
train/benign/1619.jpg,train,benign,3393,2.0,32041,80.0,0,-1
train/benign/162.jpg,train,benign,7015,0.0,15141,92.0,0,-1
train/benign/1620.jpg,train,benign,4318,4.0,18061,82.0,0,-1
train/benign/1621.jpg,train,benign,3520,0.0,8992,92.0,0,-1
train/benign/1622.jpg,train,benign,8104,4.0,1905,82.0,0,-1
train/benign/1623.jpg,train,benign,3981,2.0,31048,88.0,0,-1
train/benign/1624.jpg,train,benign,5876,0.0,19479,82.0,0,-1
train/benign/1625.jpg,train,benign,3773,4.0,7230,80.0,0,-1
train/benign/1626.jpg,train,benign,5232,6.0,10654,88.0,0,-1
train/benign/1627.jpg,train,benign,4801,4.0,11362,72.0,0,-1
train/benign/1629.jpg,train,benign,5790,2.0,22942,80.0,0,-1
train/benign/163.jpg,train,benign,3247,2.0,16679,88.0,0,-1
train/benign/1630.jpg,train,benign,4386,2.0,6128,88.0,0,-1
train/benign/1631.jpg,train,benign,5871,2.0,7958,86.0,0,-1
train/benign/1633.jpg,train,benign,5355,2.0,24154,80.0,0,-1
train/benign/1635.jpg,train,benign,6961,2.0,28342,52.0,0,-1
train/benign/1636.jpg,train,benign,4252,0.0,31378,82.0,0,-1
train/benign/1638.jpg,train,benign,4629,0.0,1506,78.0,0,-1
train/benign/1639.jpg,train,benign,8317,0.0,21977,90.0,0,-1
train/benign/164.jpg,train,benign,8319,0.0,31298,76.0,0,-1
train/benign/1640.jpg,train,benign,6963,0.0,19705,58.0,0,-1
train/benign/1641.jpg,train,benign,6268,2.0,28711,80.0,0,-1
train/benign/1643.jpg,train,benign,3338,2.0,8672,72.0,0,-1
train/benign/1644.jpg,train,benign,8115,0.0,6326,88.0,0,-1
train/benign/1645.jpg,train,benign,4858,4.0,32070,82.0,0,-1
train/benign/1647.jpg,train,benign,5457,2.0,30538,72.0,0,-1
train/benign/1649.jpg,train,benign,8538,2.0,7223,76.0,0,-1
train/benign/165.jpg,train,benign,5651,2.0,31527,78.0,0,-1
train/benign/1650.jpg,train,benign,6100,4.0,23867,92.0,0,-1
train/benign/1651.jpg,train,benign,5020,2.0,28330,72.0,0,-1
train/benign/1652.jpg,train,benign,6476,2.0,25798,82.0,0,-1
train/benign/1653.jpg,train,benign,6139,4.0,16034,76.0,0,-1
train/benign/1654.jpg,train,benign,8245,4.0,14925,80.0,0,-1
train/benign/1656.jpg,train,benign,8982,2.0,16114,70.0,0,-1
train/benign/1658.jpg,train,benign,3436,2.0,7271,90.0,0,-1
train/benign/1659.jpg,train,benign,6742,2.0,765,66.0,0,-1
train/benign/166.jpg,train,benign,3206,2.0,18977,82.0,0,-1
train/benign/1660.jpg,train,benign,5874,0.0,5121,88.0,0,-1
train/benign/1661.jpg,train,benign,5077,4.0,1309,76.0,0,-1
train/benign/1662.jpg,train,benign,6825,2.0,26576,48.0,0,-1
train/benign/1663.jpg,train,benign,4719,6.0,5892,88.0,0,-1
train/benign/1664.jpg,train,benign,4580,4.0,6710,74.0,0,-1
train/benign/1665.jpg,train,benign,9297,0.0,3508,50.0,0,-1
train/benign/1666.jpg,train,benign,6046,2.0,8895,80.0,0,-1
train/benign/1667.jpg,train,benign,4578,4.0,532,70.0,0,-1
train/benign/1668.jpg,train,benign,6425,0.0,17370,84.0,0,-1
train/benign/1669.jpg,train,benign,5404,0.0,23971,72.0,0,-1
train/benign/167.jpg,train,benign,6850,0.0,17369,74.0,0,-1
train/benign/1670.jpg,train,benign,5254,4.0,25262,84.0,0,-1
train/benign/1671.jpg,train,benign,4733,4.0,4615,80.0,0,-1
train/benign/1673.jpg,train,benign,5248,2.0,13532,80.0,0,-1
train/benign/1674.jpg,train,benign,9088,2.0,11149,70.0,0,-1
train/benign/1675.jpg,train,benign,4040,4.0,27868,82.0,0,-1
train/benign/1676.jpg,train,benign,8622,2.0,2627,76.0,0,-1
train/benign/1677.jpg,train,benign,6644,2.0,23090,82.0,0,-1
train/benign/1678.jpg,train,benign,8070,0.0,28969,76.0,0,-1
train/benign/1679.jpg,train,benign,6279,2.0,2712,84.0,0,-1
train/benign/168.jpg,train,benign,3231,2.0,25493,86.0,0,-1
train/benign/1680.jpg,train,benign,4774,2.0,24599,80.0,0,-1
train/benign/1681.jpg,train,benign,3358,0.0,1515,76.0,0,-1
train/benign/1683.jpg,train,benign,9358,2.0,15759,88.0,0,-1
train/benign/1684.jpg,train,benign,5521,0.0,13103,84.0,0,-1
train/benign/1685.jpg,train,benign,4469,4.0,12130,82.0,0,-1
train/benign/1686.jpg,train,benign,6726,2.0,6315,80.0,0,-1
train/benign/1688.jpg,train,benign,9291,0.0,3265,84.0,0,-1
train/benign/1689.jpg,train,benign,4250,2.0,27035,90.0,0,-1
train/benign/169.jpg,train,benign,5453,8.0,25579,76.0,0,-1
train/benign/1690.jpg,train,benign,5792,4.0,22270,80.0,0,-1
train/benign/1691.jpg,train,benign,6086,0.0,26715,88.0,0,-1
train/benign/1692.jpg,train,benign,3993,2.0,10700,90.0,0,-1
train/benign/1693.jpg,train,benign,6500,0.0,1554,92.0,0,-1
train/benign/1694.jpg,train,benign,5769,0.0,427,78.0,0,-1
train/benign/1695.jpg,train,benign,8867,2.0,1579,72.0,0,-1
train/benign/1697.jpg,train,benign,4437,0.0,1743,86.0,0,-1
train/benign/1698.jpg,train,benign,5488,4.0,12479,80.0,0,-1
train/benign/1699.jpg,train,benign,9417,2.0,1337,80.0,0,-1
train/benign/17.jpg,train,benign,4343,2.0,17528,78.0,0,-1
train/benign/170.jpg,train,benign,9387,2.0,19343,56.0,0,-1
train/benign/1700.jpg,train,benign,8105,0.0,16825,82.0,0,-1
train/benign/1702.jpg,train,benign,6331,4.0,15478,86.0,0,-1
train/benign/1703.jpg,train,benign,8099,2.0,27259,88.0,0,-1
train/benign/1705.jpg,train,benign,4547,2.0,27614,70.0,0,-1
train/benign/1706.jpg,train,benign,5903,2.0,1456,62.0,0,-1
train/benign/1707.jpg,train,benign,5503,4.0,27955,76.0,0,-1
train/benign/1708.jpg,train,benign,6606,2.0,24502,78.0,0,-1
train/benign/1709.jpg,train,benign,3373,4.0,15744,74.0,0,-1
train/benign/171.jpg,train,benign,7244,4.0,15428,36.0,0,-1
train/benign/1712.jpg,train,benign,2978,0.0,957,88.0,0,-1
train/benign/1713.jpg,train,benign,3093,0.0,28260,88.0,0,-1
train/benign/1715.jpg,train,benign,8969,0.0,12896,88.0,0,-1
train/benign/1716.jpg,train,benign,6091,2.0,19861,70.0,0,-1
train/benign/1717.jpg,train,benign,8270,2.0,16095,90.0,0,-1
train/benign/1718.jpg,train,benign,9254,2.0,4693,92.0,0,-1
train/benign/172.jpg,train,benign,4583,0.0,20582,84.0,0,-1
train/benign/1720.jpg,train,benign,4161,2.0,8160,94.0,0,-1
train/benign/1722.jpg,train,benign,6995,4.0,18146,74.0,0,-1
train/benign/1723.jpg,train,benign,3653,2.0,32394,72.0,0,-1
train/benign/1724.jpg,train,benign,6017,2.0,3704,88.0,0,-1
train/benign/1725.jpg,train,benign,4816,4.0,1566,76.0,0,-1
train/benign/1726.jpg,train,benign,5209,4.0,5900,86.0,0,-1
train/benign/1727.jpg,train,benign,6842,2.0,4645,68.0,0,-1
train/benign/1728.jpg,train,benign,8878,2.0,600,84.0,0,-1
train/benign/1729.jpg,train,benign,4648,2.0,6273,78.0,0,-1
train/benign/173.jpg,train,benign,4063,2.0,322,90.0,0,-1
train/benign/1730.jpg,train,benign,8260,0.0,11190,72.0,0,-1
train/benign/1732.jpg,train,benign,5530,2.0,5188,80.0,0,-1
train/benign/1733.jpg,train,benign,4368,2.0,19864,88.0,0,-1
train/benign/1734.jpg,train,benign,8290,2.0,29754,84.0,0,-1
train/benign/1735.jpg,train,benign,4638,2.0,28934,66.0,0,-1
train/benign/1736.jpg,train,benign,8449,0.0,154,80.0,0,-1
train/benign/1738.jpg,train,benign,6669,4.0,8549,90.0,0,-1
train/benign/1739.jpg,train,benign,3100,0.0,30854,88.0,0,-1
train/benign/174.jpg,train,benign,4522,0.0,7666,90.0,0,-1
train/benign/1740.jpg,train,benign,4053,2.0,16934,86.0,0,-1
train/benign/1741.jpg,train,benign,6137,2.0,1760,86.0,0,-1
train/benign/1742.jpg,train,benign,4515,2.0,1371,70.0,0,-1
train/benign/1743.jpg,train,benign,6650,2.0,7771,86.0,0,-1
train/benign/1744.jpg,train,benign,3390,2.0,12665,82.0,0,-1
train/benign/1746.jpg,train,benign,8687,2.0,4354,84.0,0,-1
train/benign/1749.jpg,train,benign,6652,2.0,21705,74.0,0,-1
train/benign/175.jpg,train,benign,3721,0.0,7020,80.0,0,-1
train/benign/1750.jpg,train,benign,5821,2.0,6138,78.0,0,-1
train/benign/1751.jpg,train,benign,3143,2.0,6773,84.0,0,-1
train/benign/1752.jpg,train,benign,5854,4.0,30497,72.0,0,-1
train/benign/1753.jpg,train,benign,3258,2.0,15994,84.0,0,-1
train/benign/1754.jpg,train,benign,6894,4.0,1007,82.0,0,-1
train/benign/1755.jpg,train,benign,9374,2.0,654,74.0,0,-1
train/benign/1759.jpg,train,benign,7262,2.0,30751,60.0,0,-1
train/benign/176.jpg,train,benign,5393,4.0,1841,82.0,0,-1
train/benign/1760.jpg,train,benign,4527,0.0,17366,88.0,0,-1
train/benign/1761.jpg,train,benign,8110,2.0,18977,54.0,0,-1
train/benign/1762.jpg,train,benign,8838,2.0,3151,80.0,0,-1
train/benign/1763.jpg,train,benign,4301,0.0,9938,82.0,0,-1
train/benign/1765.jpg,train,benign,6135,0.0,6299,80.0,0,-1
train/benign/1766.jpg,train,benign,5632,2.0,5249,84.0,0,-1
train/benign/1767.jpg,train,benign,3123,6.0,1609,90.0,0,-1
train/benign/1769.jpg,train,benign,3383,2.0,19365,80.0,0,-1
train/benign/177.jpg,train,benign,5438,4.0,790,66.0,0,-1
train/benign/1770.jpg,train,benign,9313,2.0,24311,62.0,0,-1
train/benign/1771.jpg,train,benign,4639,6.0,12838,90.0,0,-1
train/benign/1772.jpg,train,benign,4970,2.0,3444,88.0,0,-1
train/benign/1774.jpg,train,benign,4649,2.0,4589,72.0,0,-1
train/benign/1775.jpg,train,benign,8499,2.0,9208,46.0,0,-1
train/benign/1776.jpg,train,benign,6123,4.0,5372,84.0,0,-1
train/benign/1777.jpg,train,benign,5283,2.0,12162,70.0,0,-1
train/benign/1778.jpg,train,benign,5156,2.0,7221,88.0,0,-1
train/benign/1779.jpg,train,benign,6081,2.0,24639,84.0,0,-1
train/benign/178.jpg,train,benign,6718,2.0,593,70.0,0,-1
train/benign/1780.jpg,train,benign,8303,0.0,7696,92.0,0,-1
train/benign/1781.jpg,train,benign,5947,4.0,1200,84.0,0,-1
train/benign/1782.jpg,train,benign,3946,2.0,23321,88.0,0,-1
train/benign/1783.jpg,train,benign,4899,4.0,1740,88.0,0,-1
train/benign/1784.jpg,train,benign,5694,2.0,28979,60.0,0,-1
train/benign/1785.jpg,train,benign,3260,4.0,9644,78.0,0,-1
train/benign/1786.jpg,train,benign,4505,0.0,5528,78.0,0,-1
train/benign/1787.jpg,train,benign,6954,0.0,3692,68.0,0,-1
train/benign/1788.jpg,train,benign,5909,4.0,19124,86.0,0,-1
train/benign/1789.jpg,train,benign,4960,4.0,11420,80.0,0,-1
train/benign/179.jpg,train,benign,6105,0.0,20553,88.0,0,-1
train/benign/1790.jpg,train,benign,4823,2.0,2531,84.0,0,-1
train/benign/1791.jpg,train,benign,3534,4.0,16828,74.0,0,-1
train/benign/1792.jpg,train,benign,5931,2.0,2436,88.0,0,-1
train/benign/1793.jpg,train,benign,7166,0.0,6973,86.0,0,-1
train/benign/1794.jpg,train,benign,6096,0.0,3814,94.0,0,-1
train/benign/1795.jpg,train,benign,6542,2.0,11660,70.0,0,-1
train/benign/1796.jpg,train,benign,4534,0.0,32545,82.0,0,-1
train/benign/1799.jpg,train,benign,5183,0.0,4600,82.0,0,-1
train/benign/180.jpg,train,benign,5700,2.0,29781,84.0,0,-1
train/benign/181.jpg,train,benign,5649,2.0,5395,78.0,0,-1
train/benign/182.jpg,train,benign,5177,2.0,27331,90.0,0,-1
train/benign/183.jpg,train,benign,5323,2.0,3953,86.0,0,-1
train/benign/184.jpg,train,benign,4003,0.0,29144,82.0,0,-1
train/benign/187.jpg,train,benign,7000,2.0,2620,68.0,0,-1
train/benign/188.jpg,train,benign,5060,4.0,8151,86.0,0,-1
train/benign/189.jpg,train,benign,4702,4.0,31797,78.0,0,-1
train/benign/19.jpg,train,benign,3104,2.0,16472,82.0,0,-1
train/benign/190.jpg,train,benign,8808,4.0,21480,84.0,0,-1
train/benign/191.jpg,train,benign,6872,2.0,24410,72.0,0,-1
train/benign/192.jpg,train,benign,6242,2.0,31905,74.0,0,-1
train/benign/193.jpg,train,benign,5895,2.0,19877,86.0,0,-1
train/benign/194.jpg,train,benign,8711,0.0,1658,80.0,0,-1
train/benign/195.jpg,train,benign,3526,0.0,15863,84.0,0,-1
train/benign/196.jpg,train,benign,9086,4.0,32650,76.0,0,-1
train/benign/197.jpg,train,benign,8762,0.0,20594,82.0,0,-1
train/benign/198.jpg,train,benign,8598,4.0,13378,70.0,0,-1
train/benign/199.jpg,train,benign,3616,2.0,16947,90.0,0,-1
train/benign/20.jpg,train,benign,6533,0.0,15531,82.0,0,-1
train/benign/200.jpg,train,benign,4390,2.0,21668,92.0,0,-1
train/benign/201.jpg,train,benign,9089,2.0,4776,64.0,0,-1
train/benign/202.jpg,train,benign,4589,2.0,21046,78.0,0,-1
train/benign/203.jpg,train,benign,4115,2.0,1803,88.0,0,-1
train/benign/204.jpg,train,benign,3034,0.0,5927,74.0,0,-1
train/benign/206.jpg,train,benign,3641,0.0,4450,84.0,0,-1
train/benign/207.jpg,train,benign,5036,6.0,7384,66.0,0,-1
train/benign/208.jpg,train,benign,5362,2.0,19487,82.0,0,-1
train/benign/209.jpg,train,benign,3626,2.0,7364,86.0,0,-1
train/benign/21.jpg,train,benign,6582,4.0,4107,90.0,0,-1
train/benign/210.jpg,train,benign,8513,0.0,7989,74.0,0,-1
train/benign/212.jpg,train,benign,8662,2.0,1210,78.0,0,-1
train/benign/213.jpg,train,benign,4308,0.0,3226,74.0,0,-1
train/benign/214.jpg,train,benign,9637,6.0,3547,60.0,0,-1
train/benign/217.jpg,train,benign,8502,2.0,11195,84.0,0,-1
train/benign/218.jpg,train,benign,4577,0.0,5892,76.0,0,-1
train/benign/219.jpg,train,benign,6889,0.0,315,74.0,0,-1
train/benign/22.jpg,train,benign,8458,0.0,19563,72.0,0,-1
train/benign/220.jpg,train,benign,8987,2.0,4534,78.0,0,-1
train/benign/221.jpg,train,benign,5642,2.0,16178,88.0,0,-1
train/benign/222.jpg,train,benign,4555,0.0,16460,82.0,0,-1
train/benign/223.jpg,train,benign,6696,0.0,12972,44.0,0,-1
train/benign/225.jpg,train,benign,8112,2.0,8595,88.0,0,-1
train/benign/227.jpg,train,benign,8297,4.0,26910,78.0,0,-1
train/benign/228.jpg,train,benign,5301,2.0,154,88.0,0,-1
train/benign/229.jpg,train,benign,9179,2.0,11586,78.0,0,-1
train/benign/23.jpg,train,benign,4285,4.0,12611,80.0,0,-1
train/benign/230.jpg,train,benign,8358,2.0,3438,84.0,0,-1
train/benign/231.jpg,train,benign,6577,8.0,24476,68.0,0,-1
train/benign/232.jpg,train,benign,6131,2.0,6674,92.0,0,-1
train/benign/233.jpg,train,benign,4677,2.0,32249,82.0,0,-1
train/benign/234.jpg,train,benign,8241,4.0,8617,68.0,0,-1
train/benign/235.jpg,train,benign,6249,4.0,4923,82.0,0,-1
train/benign/236.jpg,train,benign,5119,4.0,9447,94.0,0,-1
train/benign/238.jpg,train,benign,5293,6.0,14282,78.0,0,-1
train/benign/239.jpg,train,benign,9638,0.0,4164,66.0,0,-1
train/benign/24.jpg,train,benign,8255,4.0,9875,84.0,0,-1
train/benign/240.jpg,train,benign,6682,2.0,2917,62.0,0,-1
train/benign/241.jpg,train,benign,5659,6.0,18283,80.0,0,-1
train/benign/242.jpg,train,benign,4351,2.0,13666,92.0,0,-1
train/benign/243.jpg,train,benign,9009,2.0,19356,76.0,0,-1
train/benign/244.jpg,train,benign,6830,2.0,5495,50.0,0,-1
train/benign/246.jpg,train,benign,3975,2.0,32346,86.0,0,-1
train/benign/247.jpg,train,benign,8696,2.0,3184,86.0,0,-1
train/benign/248.jpg,train,benign,3914,2.0,4095,84.0,0,-1
train/benign/249.jpg,train,benign,4270,4.0,6273,88.0,0,-1
train/benign/25.jpg,train,benign,3632,2.0,23667,82.0,0,-1
train/benign/252.jpg,train,benign,7032,2.0,22406,68.0,0,-1
train/benign/254.jpg,train,benign,5819,2.0,1740,82.0,0,-1
train/benign/255.jpg,train,benign,4036,4.0,6377,90.0,0,-1
train/benign/257.jpg,train,benign,5110,2.0,982,82.0,0,-1
train/benign/258.jpg,train,benign,5491,2.0,15933,80.0,0,-1
train/benign/26.jpg,train,benign,4560,0.0,2260,82.0,0,-1
train/benign/260.jpg,train,benign,9290,4.0,20881,62.0,0,-1
train/benign/261.jpg,train,benign,3469,0.0,24345,88.0,0,-1
train/benign/262.jpg,train,benign,6407,0.0,4786,88.0,0,-1
train/benign/263.jpg,train,benign,3732,2.0,1519,68.0,0,-1
train/benign/264.jpg,train,benign,8159,0.0,6030,88.0,0,-1
train/benign/265.jpg,train,benign,8668,0.0,26125,78.0,0,-1
train/benign/266.jpg,train,benign,8576,2.0,22875,76.0,0,-1
train/benign/269.jpg,train,benign,3370,2.0,26469,82.0,0,-1
train/benign/27.jpg,train,benign,4174,0.0,6944,90.0,0,-1
train/benign/270.jpg,train,benign,8237,2.0,1065,62.0,0,-1
train/benign/271.jpg,train,benign,3736,2.0,22218,84.0,0,-1
train/benign/272.jpg,train,benign,3310,0.0,15918,86.0,0,-1
train/benign/274.jpg,train,benign,3969,2.0,28066,88.0,0,-1
train/benign/275.jpg,train,benign,5833,2.0,2739,92.0,0,-1
train/benign/276.jpg,train,benign,8084,4.0,19003,88.0,0,-1
train/benign/277.jpg,train,benign,5822,4.0,453,70.0,0,-1
train/benign/278.jpg,train,benign,3139,2.0,5490,90.0,0,-1
train/benign/279.jpg,train,benign,5334,6.0,10957,88.0,0,-1
train/benign/28.jpg,train,benign,4352,0.0,17766,90.0,0,-1
train/benign/280.jpg,train,benign,6333,0.0,26478,84.0,0,-1
train/benign/281.jpg,train,benign,4290,2.0,8970,86.0,0,-1
train/benign/282.jpg,train,benign,3509,8.0,20546,84.0,0,-1
train/benign/283.jpg,train,benign,4691,6.0,17180,74.0,0,-1
train/benign/285.jpg,train,benign,5318,2.0,24910,78.0,0,-1
train/benign/286.jpg,train,benign,8332,0.0,2040,46.0,0,-1
train/benign/288.jpg,train,benign,4997,2.0,12935,78.0,0,-1
train/benign/29.jpg,train,benign,5730,2.0,7989,80.0,0,-1
train/benign/290.jpg,train,benign,4799,4.0,31030,82.0,0,-1
train/benign/292.jpg,train,benign,3805,2.0,5196,90.0,0,-1
train/benign/293.jpg,train,benign,9353,0.0,17512,80.0,0,-1
train/benign/294.jpg,train,benign,3890,0.0,2014,94.0,0,-1
train/benign/295.jpg,train,benign,4994,2.0,5264,86.0,0,-1
train/benign/296.jpg,train,benign,9175,2.0,18596,68.0,0,-1
train/benign/297.jpg,train,benign,4126,2.0,3859,74.0,0,-1
train/benign/298.jpg,train,benign,5167,0.0,12063,86.0,0,-1
train/benign/299.jpg,train,benign,5124,2.0,8524,90.0,0,-1
train/benign/3.jpg,train,benign,6400,4.0,29786,94.0,0,-1
train/benign/30.jpg,train,benign,6773,4.0,24050,70.0,0,-1
train/benign/301.jpg,train,benign,3643,2.0,12756,84.0,0,-1
train/benign/302.jpg,train,benign,4870,2.0,23895,78.0,0,-1
train/benign/305.jpg,train,benign,4813,2.0,24338,86.0,0,-1
train/benign/306.jpg,train,benign,5056,4.0,28767,88.0,0,-1
train/benign/307.jpg,train,benign,3625,0.0,8961,86.0,0,-1
train/benign/308.jpg,train,benign,8348,4.0,5347,90.0,0,-1
train/benign/309.jpg,train,benign,4605,4.0,100,76.0,0,-1
train/benign/310.jpg,train,benign,3481,4.0,14613,82.0,0,-1
train/benign/312.jpg,train,benign,6019,4.0,27557,82.0,0,-1
train/benign/314.jpg,train,benign,8389,2.0,1579,80.0,0,-1
train/benign/315.jpg,train,benign,8163,2.0,5723,84.0,0,-1
train/benign/316.jpg,train,benign,8534,2.0,25620,72.0,0,-1
train/benign/318.jpg,train,benign,5378,4.0,6307,86.0,0,-1
train/benign/319.jpg,train,benign,6814,2.0,9127,74.0,0,-1
train/benign/32.jpg,train,benign,8524,2.0,8363,76.0,0,-1
train/benign/320.jpg,train,benign,4449,2.0,26227,72.0,0,-1
train/benign/321.jpg,train,benign,5587,0.0,3686,90.0,0,-1
train/benign/324.jpg,train,benign,4685,8.0,1237,90.0,0,-1
train/benign/325.jpg,train,benign,4905,2.0,24574,92.0,0,-1
train/benign/326.jpg,train,benign,8995,2.0,1894,50.0,0,-1
train/benign/327.jpg,train,benign,9545,4.0,26174,78.0,0,-1
train/benign/328.jpg,train,benign,6529,2.0,30091,88.0,0,-1
train/benign/329.jpg,train,benign,3344,0.0,29212,82.0,0,-1
train/benign/33.jpg,train,benign,6796,0.0,11483,76.0,0,-1
train/benign/331.jpg,train,benign,5255,4.0,19963,88.0,0,-1
train/benign/333.jpg,train,benign,4603,0.0,18813,80.0,0,-1
train/benign/334.jpg,train,benign,7044,2.0,7341,68.0,0,-1
train/benign/336.jpg,train,benign,5399,2.0,154,78.0,0,-1
train/benign/337.jpg,train,benign,5647,2.0,17661,82.0,0,-1
train/benign/338.jpg,train,benign,3172,0.0,12329,84.0,0,-1
train/benign/339.jpg,train,benign,5068,2.0,8109,64.0,0,-1
train/benign/34.jpg,train,benign,6245,2.0,6164,84.0,0,-1
train/benign/340.jpg,train,benign,8318,4.0,7559,88.0,0,-1
train/benign/341.jpg,train,benign,7023,2.0,5927,84.0,0,-1
train/benign/342.jpg,train,benign,9164,2.0,542,84.0,0,-1
train/benign/343.jpg,train,benign,3992,0.0,3936,78.0,0,-1
train/benign/345.jpg,train,benign,8240,2.0,8706,78.0,0,-1
train/benign/346.jpg,train,benign,6303,2.0,4357,86.0,0,-1
train/benign/347.jpg,train,benign,3181,2.0,18228,92.0,0,-1
train/benign/349.jpg,train,benign,4538,4.0,27072,78.0,0,-1
train/benign/35.jpg,train,benign,8829,4.0,11195,84.0,0,-1
train/benign/350.jpg,train,benign,4046,2.0,2555,82.0,0,-1
train/benign/351.jpg,train,benign,8544,0.0,15924,84.0,0,-1
train/benign/352.jpg,train,benign,3024,2.0,11052,90.0,0,-1
train/benign/353.jpg,train,benign,5718,0.0,14890,80.0,0,-1
train/benign/355.jpg,train,benign,9249,4.0,32667,82.0,0,-1
train/benign/357.jpg,train,benign,4105,4.0,23177,76.0,0,-1
train/benign/358.jpg,train,benign,3189,0.0,2780,78.0,0,-1
train/benign/359.jpg,train,benign,6286,4.0,6001,82.0,0,-1
train/benign/36.jpg,train,benign,5190,2.0,4819,80.0,0,-1
train/benign/360.jpg,train,benign,6819,0.0,17570,84.0,0,-1
train/benign/361.jpg,train,benign,3889,0.0,910,92.0,0,-1
train/benign/362.jpg,train,benign,6887,4.0,19405,56.0,0,-1
train/benign/363.jpg,train,benign,4400,2.0,8114,90.0,0,-1
train/benign/364.jpg,train,benign,5551,2.0,20514,92.0,0,-1
train/benign/365.jpg,train,benign,5194,2.0,31094,80.0,0,-1
train/benign/366.jpg,train,benign,5125,0.0,28597,88.0,0,-1
train/benign/368.jpg,train,benign,4947,2.0,14061,78.0,0,-1
train/benign/370.jpg,train,benign,8404,0.0,3188,74.0,0,-1
train/benign/371.jpg,train,benign,3155,2.0,1167,80.0,0,-1
train/benign/372.jpg,train,benign,8078,0.0,16450,86.0,0,-1
train/benign/373.jpg,train,benign,9066,2.0,1446,52.0,0,-1
train/benign/374.jpg,train,benign,6693,2.0,13165,52.0,0,-1
train/benign/375.jpg,train,benign,3724,4.0,15590,74.0,0,-1
train/benign/376.jpg,train,benign,5320,2.0,24338,78.0,0,-1
train/benign/377.jpg,train,benign,5631,0.0,26985,78.0,0,-1
train/benign/38.jpg,train,benign,4784,0.0,31970,80.0,0,-1
train/benign/380.jpg,train,benign,3852,2.0,1760,78.0,0,-1
train/benign/381.jpg,train,benign,8939,4.0,6409,78.0,0,-1
train/benign/382.jpg,train,benign,6937,4.0,32254,70.0,0,-1
train/benign/383.jpg,train,benign,6913,2.0,13881,62.0,0,-1
train/benign/384.jpg,train,benign,6206,0.0,22813,92.0,0,-1
train/benign/386.jpg,train,benign,5277,2.0,24592,80.0,0,-1
train/benign/387.jpg,train,benign,6380,6.0,7032,74.0,0,-1
train/benign/39.jpg,train,benign,8073,2.0,11836,80.0,0,-1
train/benign/390.jpg,train,benign,9198,0.0,26576,58.0,0,-1
train/benign/391.jpg,train,benign,3128,2.0,11405,78.0,0,-1
train/benign/392.jpg,train,benign,4570,4.0,22846,62.0,0,-1
train/benign/393.jpg,train,benign,5703,4.0,6043,88.0,0,-1
train/benign/395.jpg,train,benign,6645,0.0,21209,90.0,0,-1
train/benign/396.jpg,train,benign,5429,2.0,20936,82.0,0,-1
train/benign/397.jpg,train,benign,5241,2.0,12562,88.0,0,-1
train/benign/398.jpg,train,benign,9118,2.0,3749,76.0,0,-1
train/benign/399.jpg,train,benign,4194,2.0,6733,84.0,0,-1
train/benign/4.jpg,train,benign,4289,2.0,11315,80.0,0,-1
train/benign/40.jpg,train,benign,4461,4.0,21133,84.0,0,-1
train/benign/400.jpg,train,benign,8247,0.0,20386,74.0,0,-1
train/benign/401.jpg,train,benign,6040,4.0,4229,90.0,0,-1
train/benign/402.jpg,train,benign,5022,0.0,11251,44.0,0,-1
train/benign/403.jpg,train,benign,6421,4.0,28910,84.0,0,-1
train/benign/405.jpg,train,benign,3149,2.0,3394,92.0,0,-1
train/benign/406.jpg,train,benign,5524,2.0,21788,88.0,0,-1
train/benign/408.jpg,train,benign,6924,2.0,9108,44.0,0,-1
train/benign/409.jpg,train,benign,4008,2.0,19429,84.0,0,-1
train/benign/41.jpg,train,benign,8158,0.0,4579,82.0,0,-1
train/benign/410.jpg,train,benign,3325,2.0,19776,82.0,0,-1
train/benign/411.jpg,train,benign,5752,0.0,2656,94.0,0,-1
train/benign/412.jpg,train,benign,5746,0.0,12113,86.0,0,-1
train/benign/413.jpg,train,benign,8239,0.0,10012,72.0,0,-1
train/benign/415.jpg,train,benign,4991,0.0,38,94.0,0,-1
train/benign/416.jpg,train,benign,8310,2.0,4794,92.0,0,-1
train/benign/417.jpg,train,benign,5441,4.0,9823,74.0,0,-1
train/benign/418.jpg,train,benign,4644,4.0,8635,86.0,0,-1
train/benign/42.jpg,train,benign,6755,0.0,378,62.0,0,-1
train/benign/420.jpg,train,benign,5513,2.0,32492,92.0,0,-1
train/benign/421.jpg,train,benign,3216,2.0,28011,72.0,0,-1
train/benign/422.jpg,train,benign,7833,2.0,21884,88.0,0,-1
train/benign/423.jpg,train,benign,6749,4.0,20803,62.0,0,-1
train/benign/424.jpg,train,benign,8979,0.0,5059,88.0,0,-1
train/benign/425.jpg,train,benign,5437,4.0,8262,68.0,0,-1
train/benign/426.jpg,train,benign,6273,2.0,297,82.0,0,-1
train/benign/429.jpg,train,benign,5579,4.0,7359,80.0,0,-1
train/benign/43.jpg,train,benign,7238,2.0,21886,54.0,0,-1
train/benign/430.jpg,train,benign,7257,0.0,7341,42.0,0,-1
train/benign/431.jpg,train,benign,6763,2.0,10753,54.0,0,-1
train/benign/432.jpg,train,benign,9192,2.0,18907,80.0,0,-1
train/benign/434.jpg,train,benign,8266,0.0,23879,88.0,0,-1
train/benign/435.jpg,train,benign,3154,2.0,2228,76.0,0,-1
train/benign/438.jpg,train,benign,6386,4.0,13608,86.0,0,-1
train/benign/439.jpg,train,benign,6901,2.0,17576,82.0,0,-1
train/benign/440.jpg,train,benign,5977,4.0,1568,82.0,0,-1
train/benign/441.jpg,train,benign,5405,2.0,21812,78.0,0,-1
train/benign/442.jpg,train,benign,6278,2.0,20265,84.0,0,-1
train/benign/443.jpg,train,benign,9295,4.0,13769,80.0,0,-1
train/benign/445.jpg,train,benign,3725,0.0,9462,76.0,0,-1
train/benign/446.jpg,train,benign,6120,2.0,5753,88.0,0,-1
train/benign/447.jpg,train,benign,3854,2.0,3155,78.0,0,-1
train/benign/448.jpg,train,benign,9127,4.0,32222,68.0,0,-1
train/benign/450.jpg,train,benign,6093,2.0,24708,88.0,0,-1
train/benign/451.jpg,train,benign,6885,2.0,26291,56.0,0,-1
train/benign/452.jpg,train,benign,4879,2.0,3471,88.0,0,-1
train/benign/453.jpg,train,benign,5353,4.0,8087,88.0,0,-1
train/benign/455.jpg,train,benign,6125,0.0,15405,88.0,0,-1
train/benign/456.jpg,train,benign,8692,0.0,1175,80.0,0,-1
train/benign/458.jpg,train,benign,3374,2.0,631,84.0,0,-1
train/benign/459.jpg,train,benign,8249,2.0,16430,76.0,0,-1
train/benign/46.jpg,train,benign,8919,2.0,19548,82.0,0,-1
train/benign/460.jpg,train,benign,8811,0.0,20249,74.0,0,-1
train/benign/461.jpg,train,benign,5302,0.0,6710,86.0,0,-1
train/benign/463.jpg,train,benign,3921,2.0,3931,88.0,0,-1
train/benign/464.jpg,train,benign,6211,4.0,5064,92.0,0,-1
train/benign/465.jpg,train,benign,4347,6.0,3213,86.0,0,-1
train/benign/466.jpg,train,benign,8420,0.0,28764,78.0,0,-1
train/benign/467.jpg,train,benign,6727,0.0,1342,74.0,0,-1
train/benign/468.jpg,train,benign,6563,0.0,2512,90.0,0,-1
train/benign/469.jpg,train,benign,4110,2.0,8231,84.0,0,-1
train/benign/47.jpg,train,benign,4305,6.0,31227,86.0,0,-1
train/benign/470.jpg,train,benign,8254,2.0,9875,82.0,0,-1
train/benign/471.jpg,train,benign,5354,4.0,4791,82.0,0,-1
train/benign/472.jpg,train,benign,6943,2.0,16612,66.0,0,-1
train/benign/473.jpg,train,benign,9012,2.0,12589,80.0,0,-1
train/benign/474.jpg,train,benign,8133,2.0,5838,90.0,0,-1
train/benign/476.jpg,train,benign,6844,4.0,16168,72.0,0,-1
train/benign/477.jpg,train,benign,3259,2.0,32680,76.0,0,-1
train/benign/478.jpg,train,benign,5061,2.0,4776,58.0,0,-1
train/benign/48.jpg,train,benign,8210,0.0,21598,92.0,0,-1
train/benign/480.jpg,train,benign,8674,0.0,28254,82.0,0,-1
train/benign/481.jpg,train,benign,5477,2.0,32680,72.0,0,-1
train/benign/482.jpg,train,benign,3455,0.0,15480,86.0,0,-1
train/benign/483.jpg,train,benign,6628,2.0,2372,86.0,0,-1
train/benign/485.jpg,train,benign,5215,4.0,14350,66.0,0,-1
train/benign/486.jpg,train,benign,9682,0.0,9643,82.0,0,-1
train/benign/487.jpg,train,benign,8215,0.0,19473,88.0,0,-1
train/benign/488.jpg,train,benign,6250,6.0,25589,84.0,0,-1
train/benign/489.jpg,train,benign,4254,2.0,25712,88.0,0,-1
train/benign/49.jpg,train,benign,4353,2.0,8636,76.0,0,-1
train/benign/490.jpg,train,benign,8683,2.0,134,66.0,0,-1
train/benign/491.jpg,train,benign,6401,2.0,30004,82.0,0,-1
train/benign/492.jpg,train,benign,7278,2.0,7121,60.0,0,-1
train/benign/493.jpg,train,benign,3376,0.0,1368,90.0,0,-1
train/benign/494.jpg,train,benign,8151,2.0,9987,82.0,0,-1
train/benign/496.jpg,train,benign,3698,2.0,2188,78.0,0,-1
train/benign/497.jpg,train,benign,4168,2.0,3068,90.0,0,-1
train/benign/498.jpg,train,benign,3682,4.0,30171,64.0,0,-1
train/benign/499.jpg,train,benign,3417,0.0,17270,90.0,0,-1
train/benign/50.jpg,train,benign,9133,0.0,4600,60.0,0,-1
train/benign/500.jpg,train,benign,4796,2.0,11250,64.0,0,-1
train/benign/501.jpg,train,benign,4162,2.0,15308,84.0,0,-1
train/benign/502.jpg,train,benign,8171,0.0,4073,88.0,0,-1
train/benign/503.jpg,train,benign,4663,2.0,6030,86.0,0,-1
train/benign/504.jpg,train,benign,3039,4.0,26896,84.0,0,-1
train/benign/505.jpg,train,benign,9181,2.0,14736,84.0,0,-1
train/benign/506.jpg,train,benign,6480,2.0,4354,82.0,0,-1
train/benign/507.jpg,train,benign,6524,0.0,7392,88.0,0,-1
train/benign/508.jpg,train,benign,9361,4.0,4721,56.0,0,-1
train/benign/509.jpg,train,benign,8733,2.0,8457,80.0,0,-1
train/benign/51.jpg,train,benign,6739,2.0,22191,58.0,0,-1
train/benign/510.jpg,train,benign,4054,4.0,16567,86.0,0,-1
train/benign/511.jpg,train,benign,6456,2.0,1874,80.0,0,-1
train/benign/512.jpg,train,benign,4913,2.0,20064,76.0,0,-1
train/benign/513.jpg,train,benign,9158,2.0,18283,66.0,0,-1
train/benign/514.jpg,train,benign,9372,0.0,9369,90.0,0,-1
train/benign/515.jpg,train,benign,4321,0.0,6531,90.0,0,-1
train/benign/516.jpg,train,benign,8595,2.0,2241,90.0,0,-1
train/benign/517.jpg,train,benign,5540,2.0,13585,82.0,0,-1
train/benign/518.jpg,train,benign,6288,4.0,14356,80.0,0,-1
train/benign/519.jpg,train,benign,9341,4.0,27206,60.0,0,-1
train/benign/52.jpg,train,benign,9650,2.0,24321,56.0,0,-1
train/benign/521.jpg,train,benign,5547,4.0,6797,84.0,0,-1
train/benign/522.jpg,train,benign,3084,0.0,1044,74.0,0,-1
train/benign/523.jpg,train,benign,6227,2.0,24189,86.0,0,-1
train/benign/524.jpg,train,benign,5517,2.0,19318,86.0,0,-1
train/benign/525.jpg,train,benign,8453,0.0,22533,80.0,0,-1
train/benign/526.jpg,train,benign,5662,2.0,1328,86.0,0,-1
train/benign/528.jpg,train,benign,4401,2.0,20067,86.0,0,-1
train/benign/529.jpg,train,benign,9147,0.0,16179,92.0,0,-1
train/benign/53.jpg,train,benign,9293,0.0,10056,72.0,0,-1
train/benign/530.jpg,train,benign,5810,2.0,6331,78.0,0,-1
train/benign/531.jpg,train,benign,6451,4.0,14726,84.0,0,-1
train/benign/533.jpg,train,benign,8569,4.0,27295,78.0,0,-1
train/benign/534.jpg,train,benign,5588,4.0,14927,88.0,0,-1
train/benign/537.jpg,train,benign,6145,2.0,31886,88.0,0,-1
train/benign/538.jpg,train,benign,9059,0.0,1714,84.0,0,-1
train/benign/539.jpg,train,benign,9052,2.0,7575,70.0,0,-1
train/benign/540.jpg,train,benign,4983,2.0,31717,74.0,0,-1
train/benign/541.jpg,train,benign,6302,2.0,2644,66.0,0,-1
train/benign/542.jpg,train,benign,5345,2.0,1083,88.0,0,-1
train/benign/543.jpg,train,benign,6647,4.0,5953,84.0,0,-1
train/benign/544.jpg,train,benign,6445,2.0,25124,76.0,0,-1
train/benign/546.jpg,train,benign,3334,4.0,8039,80.0,0,-1
train/benign/547.jpg,train,benign,9667,4.0,23882,66.0,0,-1
train/benign/549.jpg,train,benign,6778,2.0,29511,50.0,0,-1
train/benign/55.jpg,train,benign,3132,2.0,862,96.0,0,-1
train/benign/550.jpg,train,benign,6166,4.0,28842,76.0,0,-1
train/benign/551.jpg,train,benign,6626,2.0,5457,90.0,0,-1
train/benign/553.jpg,train,benign,9645,2.0,2894,80.0,0,-1
train/benign/554.jpg,train,benign,6983,2.0,3472,58.0,0,-1
train/benign/555.jpg,train,benign,9099,2.0,4379,82.0,0,-1
train/benign/556.jpg,train,benign,5782,2.0,20838,90.0,0,-1
train/benign/557.jpg,train,benign,5787,2.0,15883,88.0,0,-1
train/benign/56.jpg,train,benign,8875,4.0,18596,72.0,0,-1
train/benign/563.jpg,train,benign,5922,0.0,27366,88.0,0,-1
train/benign/564.jpg,train,benign,8405,2.0,29978,68.0,0,-1
train/benign/565.jpg,train,benign,6449,2.0,10309,90.0,0,-1
train/benign/567.jpg,train,benign,3229,0.0,2680,90.0,0,-1
train/benign/568.jpg,train,benign,4837,0.0,396,92.0,0,-1
train/benign/569.jpg,train,benign,6210,2.0,25358,76.0,0,-1
train/benign/570.jpg,train,benign,5923,2.0,9660,62.0,0,-1
train/benign/571.jpg,train,benign,6043,4.0,14873,64.0,0,-1
train/benign/576.jpg,train,benign,4933,4.0,21435,82.0,0,-1
train/benign/577.jpg,train,benign,6071,6.0,8488,68.0,0,-1
train/benign/578.jpg,train,benign,3637,6.0,1626,90.0,0,-1
train/benign/579.jpg,train,benign,6255,2.0,5790,88.0,0,-1
train/benign/58.jpg,train,benign,4654,0.0,23696,90.0,0,-1
train/benign/581.jpg,train,benign,3268,2.0,2904,82.0,0,-1
train/benign/582.jpg,train,benign,4846,0.0,10411,82.0,0,-1
train/benign/583.jpg,train,benign,8281,0.0,12206,88.0,0,-1
train/benign/584.jpg,train,benign,3823,2.0,28347,76.0,0,-1
train/benign/585.jpg,train,benign,8083,0.0,16214,70.0,0,-1
train/benign/586.jpg,train,benign,6473,4.0,26985,88.0,0,-1
train/benign/587.jpg,train,benign,3691,0.0,3988,94.0,0,-1
train/benign/589.jpg,train,benign,9523,0.0,16122,88.0,0,-1
train/benign/59.jpg,train,benign,4768,4.0,3225,82.0,0,-1
train/benign/590.jpg,train,benign,9282,0.0,26487,62.0,0,-1
train/benign/591.jpg,train,benign,6519,6.0,20339,82.0,0,-1
train/benign/592.jpg,train,benign,5006,2.0,28008,72.0,0,-1
train/benign/593.jpg,train,benign,4372,2.0,6158,72.0,0,-1
train/benign/594.jpg,train,benign,5188,4.0,1170,86.0,0,-1
train/benign/595.jpg,train,benign,6367,4.0,23438,80.0,0,-1
train/benign/597.jpg,train,benign,3574,2.0,10286,92.0,0,-1
train/benign/598.jpg,train,benign,6184,0.0,10484,76.0,0,-1
train/benign/599.jpg,train,benign,4572,4.0,1774,90.0,0,-1
train/benign/6.jpg,train,benign,9087,2.0,10171,84.0,0,-1
train/benign/60.jpg,train,benign,3421,4.0,28979,66.0,0,-1
train/benign/600.jpg,train,benign,4068,2.0,31217,90.0,0,-1
train/benign/601.jpg,train,benign,9156,2.0,18301,74.0,0,-1
train/benign/602.jpg,train,benign,5463,2.0,13185,82.0,0,-1
train/benign/604.jpg,train,benign,8988,0.0,25642,76.0,0,-1
train/benign/605.jpg,train,benign,6432,6.0,31933,80.0,0,-1
train/benign/606.jpg,train,benign,8763,2.0,9040,80.0,0,-1
train/benign/607.jpg,train,benign,9145,4.0,26955,56.0,0,-1
train/benign/608.jpg,train,benign,4114,2.0,23860,90.0,0,-1
train/benign/609.jpg,train,benign,5070,0.0,21165,82.0,0,-1
train/benign/610.jpg,train,benign,8493,2.0,21493,66.0,0,-1
train/benign/611.jpg,train,benign,3252,4.0,9011,92.0,0,-1
train/benign/613.jpg,train,benign,5516,0.0,19005,88.0,0,-1
train/benign/614.jpg,train,benign,8893,2.0,15026,64.0,0,-1
train/benign/615.jpg,train,benign,4751,4.0,25486,72.0,0,-1
train/benign/616.jpg,train,benign,9119,0.0,12458,70.0,0,-1
train/benign/617.jpg,train,benign,3504,0.0,4941,84.0,0,-1
train/benign/618.jpg,train,benign,4240,0.0,23147,84.0,0,-1
train/benign/619.jpg,train,benign,5804,2.0,28837,82.0,0,-1
train/benign/62.jpg,train,benign,5971,8.0,18388,76.0,0,-1
train/benign/620.jpg,train,benign,7022,2.0,31324,74.0,0,-1
train/benign/621.jpg,train,benign,6329,0.0,26602,74.0,0,-1
train/benign/622.jpg,train,benign,8792,0.0,20695,78.0,0,-1
train/benign/625.jpg,train,benign,5538,4.0,19967,74.0,0,-1
train/benign/627.jpg,train,benign,4494,4.0,28565,86.0,0,-1
train/benign/628.jpg,train,benign,7289,2.0,3812,62.0,0,-1
train/benign/629.jpg,train,benign,3711,2.0,14525,76.0,0,-1
train/benign/630.jpg,train,benign,4943,2.0,18047,86.0,0,-1
train/benign/632.jpg,train,benign,3101,0.0,3420,92.0,0,-1
train/benign/633.jpg,train,benign,8863,2.0,7268,84.0,0,-1
train/benign/637.jpg,train,benign,5422,2.0,11416,78.0,0,-1
train/benign/638.jpg,train,benign,6322,8.0,4976,82.0,0,-1
train/benign/639.jpg,train,benign,8617,2.0,15009,80.0,0,-1
train/benign/64.jpg,train,benign,6828,0.0,21687,72.0,0,-1
train/benign/640.jpg,train,benign,3460,2.0,4131,84.0,0,-1
train/benign/641.jpg,train,benign,5078,2.0,1094,84.0,0,-1
train/benign/643.jpg,train,benign,6505,4.0,3664,86.0,0,-1
train/benign/645.jpg,train,benign,5089,4.0,27043,88.0,0,-1
train/benign/646.jpg,train,benign,4173,0.0,8956,92.0,0,-1
train/benign/648.jpg,train,benign,3645,0.0,28552,86.0,0,-1
train/benign/649.jpg,train,benign,3064,0.0,5169,92.0,0,-1
train/benign/65.jpg,train,benign,8168,0.0,8257,88.0,0,-1
train/benign/650.jpg,train,benign,8633,0.0,7921,80.0,0,-1
train/benign/651.jpg,train,benign,4808,2.0,22026,86.0,0,-1
train/benign/652.jpg,train,benign,5287,2.0,18305,90.0,0,-1
train/benign/653.jpg,train,benign,6062,4.0,1168,82.0,0,-1
train/benign/654.jpg,train,benign,4420,0.0,11836,84.0,0,-1
train/benign/655.jpg,train,benign,4346,2.0,13663,90.0,0,-1
train/benign/656.jpg,train,benign,6760,2.0,21244,76.0,0,-1
train/benign/657.jpg,train,benign,7070,2.0,4585,58.0,0,-1
train/benign/66.jpg,train,benign,5893,4.0,23029,86.0,0,-1
train/benign/661.jpg,train,benign,5092,6.0,1958,86.0,0,-1
train/benign/662.jpg,train,benign,4889,0.0,29786,86.0,0,-1
train/benign/665.jpg,train,benign,4510,4.0,13041,90.0,0,-1
train/benign/666.jpg,train,benign,4010,4.0,1354,82.0,0,-1
train/benign/667.jpg,train,benign,8059,4.0,5652,88.0,0,-1
train/benign/669.jpg,train,benign,6640,6.0,31532,84.0,0,-1
train/benign/67.jpg,train,benign,6067,8.0,23191,78.0,0,-1
train/benign/671.jpg,train,benign,8434,0.0,4610,82.0,0,-1
train/benign/672.jpg,train,benign,8565,0.0,25209,84.0,0,-1
train/benign/673.jpg,train,benign,4225,0.0,22754,90.0,0,-1
train/benign/674.jpg,train,benign,7016,0.0,15045,92.0,0,-1
train/benign/675.jpg,train,benign,9171,2.0,9035,62.0,0,-1
train/benign/677.jpg,train,benign,6602,0.0,403,80.0,0,-1
train/benign/679.jpg,train,benign,2981,2.0,2872,88.0,0,-1
train/benign/68.jpg,train,benign,4917,2.0,17956,88.0,0,-1
train/benign/680.jpg,train,benign,5887,4.0,3999,86.0,0,-1
train/benign/682.jpg,train,benign,3495,4.0,9429,88.0,0,-1
train/benign/683.jpg,train,benign,9015,4.0,8739,88.0,0,-1
train/benign/684.jpg,train,benign,5238,2.0,17563,88.0,0,-1
train/benign/685.jpg,train,benign,4674,4.0,17644,78.0,0,-1
train/benign/686.jpg,train,benign,4183,0.0,1573,84.0,0,-1
train/benign/687.jpg,train,benign,6691,0.0,23882,64.0,0,-1
train/benign/688.jpg,train,benign,4565,6.0,14042,84.0,0,-1
train/benign/69.jpg,train,benign,3431,0.0,7616,86.0,0,-1
train/benign/691.jpg,train,benign,5594,2.0,28634,84.0,0,-1
train/benign/692.jpg,train,benign,9419,0.0,18785,82.0,0,-1
train/benign/693.jpg,train,benign,6630,4.0,12586,90.0,0,-1
train/benign/694.jpg,train,benign,6890,2.0,24458,86.0,0,-1
train/benign/695.jpg,train,benign,4988,0.0,12661,88.0,0,-1
train/benign/696.jpg,train,benign,6087,2.0,25702,88.0,0,-1
train/benign/697.jpg,train,benign,5072,2.0,22099,76.0,0,-1
train/benign/698.jpg,train,benign,3403,2.0,27426,84.0,0,-1
train/benign/699.jpg,train,benign,9007,0.0,24123,90.0,0,-1
train/benign/7.jpg,train,benign,4599,0.0,18513,72.0,0,-1
train/benign/70.jpg,train,benign,5408,2.0,10928,76.0,0,-1
train/benign/701.jpg,train,benign,8256,0.0,8070,72.0,0,-1
train/benign/702.jpg,train,benign,8280,0.0,299,94.0,0,-1
train/benign/703.jpg,train,benign,3009,2.0,3338,84.0,0,-1
train/benign/704.jpg,train,benign,6196,4.0,22006,86.0,0,-1
train/benign/705.jpg,train,benign,5420,4.0,19246,84.0,0,-1
train/benign/706.jpg,train,benign,5179,0.0,12561,94.0,0,-1
train/benign/707.jpg,train,benign,3309,2.0,15405,86.0,0,-1
train/benign/708.jpg,train,benign,8338,0.0,17945,88.0,0,-1
train/benign/709.jpg,train,benign,9263,2.0,31029,62.0,0,-1
train/benign/710.jpg,train,benign,5400,2.0,25554,86.0,0,-1
train/benign/711.jpg,train,benign,5176,2.0,31650,88.0,0,-1
train/benign/713.jpg,train,benign,9080,6.0,10115,68.0,0,-1
train/benign/714.jpg,train,benign,4440,4.0,7944,76.0,0,-1
train/benign/715.jpg,train,benign,4902,4.0,1969,86.0,0,-1
train/benign/716.jpg,train,benign,4076,2.0,5238,90.0,0,-1
train/benign/718.jpg,train,benign,8903,2.0,14816,74.0,0,-1
train/benign/719.jpg,train,benign,3250,4.0,25323,78.0,0,-1
train/benign/72.jpg,train,benign,4861,2.0,922,82.0,0,-1
train/benign/722.jpg,train,benign,7113,0.0,13378,68.0,0,-1
train/benign/723.jpg,train,benign,3106,4.0,10457,84.0,0,-1
train/benign/726.jpg,train,benign,6735,2.0,19066,66.0,0,-1
train/benign/727.jpg,train,benign,6355,6.0,23454,76.0,0,-1
train/benign/728.jpg,train,benign,5885,2.0,11218,88.0,0,-1
train/benign/729.jpg,train,benign,8610,2.0,31406,76.0,0,-1
train/benign/73.jpg,train,benign,9005,2.0,27084,82.0,0,-1
train/benign/730.jpg,train,benign,3025,2.0,10152,84.0,0,-1
train/benign/731.jpg,train,benign,3647,2.0,4387,90.0,0,-1
train/benign/732.jpg,train,benign,6313,0.0,10281,88.0,0,-1
train/benign/733.jpg,train,benign,4283,4.0,7989,78.0,0,-1
train/benign/734.jpg,train,benign,3140,2.0,14643,82.0,0,-1
train/benign/735.jpg,train,benign,8488,2.0,31146,88.0,0,-1
train/benign/736.jpg,train,benign,8626,2.0,19605,66.0,0,-1
train/benign/737.jpg,train,benign,8744,2.0,16671,72.0,0,-1
train/benign/738.jpg,train,benign,8899,0.0,14227,66.0,0,-1
train/benign/739.jpg,train,benign,5956,4.0,4429,92.0,0,-1
train/benign/740.jpg,train,benign,5526,0.0,21277,84.0,0,-1
train/benign/741.jpg,train,benign,4619,4.0,27947,86.0,0,-1
train/benign/742.jpg,train,benign,6580,2.0,13272,82.0,0,-1
train/benign/743.jpg,train,benign,4109,2.0,7718,86.0,0,-1
train/benign/744.jpg,train,benign,3586,2.0,29672,74.0,0,-1
train/benign/745.jpg,train,benign,5709,4.0,22655,70.0,0,-1
train/benign/746.jpg,train,benign,5380,4.0,20059,80.0,0,-1
train/benign/747.jpg,train,benign,4513,4.0,23230,82.0,0,-1
train/benign/748.jpg,train,benign,4622,2.0,622,74.0,0,-1
train/benign/749.jpg,train,benign,6416,2.0,27,88.0,0,-1
train/benign/75.jpg,train,benign,3380,2.0,30263,80.0,0,-1
train/benign/750.jpg,train,benign,6464,2.0,3525,70.0,0,-1
train/benign/752.jpg,train,benign,6797,0.0,14833,90.0,0,-1
train/benign/753.jpg,train,benign,5426,2.0,30028,78.0,0,-1
train/benign/754.jpg,train,benign,6454,2.0,23253,90.0,0,-1
train/benign/755.jpg,train,benign,3572,0.0,18535,80.0,0,-1
train/benign/756.jpg,train,benign,9662,2.0,18283,66.0,0,-1
train/benign/757.jpg,train,benign,3162,2.0,11066,86.0,0,-1
train/benign/759.jpg,train,benign,6562,2.0,32490,88.0,0,-1
train/benign/76.jpg,train,benign,4303,2.0,24295,80.0,0,-1
train/benign/760.jpg,train,benign,6482,8.0,32053,76.0,0,-1
train/benign/761.jpg,train,benign,9130,2.0,28549,76.0,0,-1
train/benign/764.jpg,train,benign,3687,0.0,4094,88.0,0,-1
train/benign/765.jpg,train,benign,6174,0.0,25187,86.0,0,-1
train/benign/766.jpg,train,benign,3238,2.0,21851,86.0,0,-1
train/benign/767.jpg,train,benign,8816,4.0,30328,76.0,0,-1
train/benign/769.jpg,train,benign,8615,0.0,22942,88.0,0,-1
train/benign/77.jpg,train,benign,6731,0.0,15153,68.0,0,-1
train/benign/771.jpg,train,benign,3129,2.0,16284,88.0,0,-1
train/benign/772.jpg,train,benign,8259,0.0,17462,74.0,0,-1
train/benign/775.jpg,train,benign,8650,2.0,18556,78.0,0,-1
train/benign/776.jpg,train,benign,3474,2.0,31846,82.0,0,-1
train/benign/777.jpg,train,benign,6113,2.0,32226,82.0,0,-1
train/benign/779.jpg,train,benign,7028,0.0,23519,76.0,0,-1
train/benign/78.jpg,train,benign,3810,2.0,1536,84.0,0,-1
train/benign/780.jpg,train,benign,5597,2.0,20429,72.0,0,-1
train/benign/781.jpg,train,benign,6891,4.0,16114,78.0,0,-1
train/benign/782.jpg,train,benign,6916,2.0,32074,82.0,0,-1
train/benign/783.jpg,train,benign,5063,2.0,3448,70.0,0,-1
train/benign/784.jpg,train,benign,3751,6.0,8876,78.0,0,-1
train/benign/785.jpg,train,benign,3768,2.0,10444,84.0,0,-1
train/benign/786.jpg,train,benign,8678,4.0,17755,78.0,0,-1
train/benign/787.jpg,train,benign,6023,2.0,22135,74.0,0,-1
train/benign/788.jpg,train,benign,9681,4.0,3121,54.0,0,-1
train/benign/789.jpg,train,benign,4934,0.0,25159,78.0,0,-1
train/benign/79.jpg,train,benign,8589,0.0,30214,88.0,0,-1
train/benign/791.jpg,train,benign,9234,4.0,31558,80.0,0,-1
train/benign/792.jpg,train,benign,6856,4.0,13800,72.0,0,-1
train/benign/793.jpg,train,benign,4507,4.0,6014,82.0,0,-1
train/benign/794.jpg,train,benign,8376,0.0,31949,88.0,0,-1
train/benign/795.jpg,train,benign,4833,2.0,28144,84.0,0,-1
train/benign/796.jpg,train,benign,4184,2.0,21743,86.0,0,-1
train/benign/797.jpg,train,benign,4904,0.0,21809,80.0,0,-1
train/benign/798.jpg,train,benign,3200,0.0,1463,88.0,0,-1
train/benign/799.jpg,train,benign,6076,2.0,4448,90.0,0,-1
train/benign/80.jpg,train,benign,3945,2.0,3718,72.0,0,-1
train/benign/800.jpg,train,benign,4024,2.0,10591,86.0,0,-1
train/benign/801.jpg,train,benign,4894,6.0,30858,78.0,0,-1
train/benign/803.jpg,train,benign,8772,2.0,11542,76.0,0,-1
train/benign/804.jpg,train,benign,6866,0.0,10131,68.0,0,-1
train/benign/807.jpg,train,benign,5034,2.0,6592,76.0,0,-1
train/benign/808.jpg,train,benign,4759,2.0,3214,86.0,0,-1
train/benign/809.jpg,train,benign,8551,4.0,26783,70.0,0,-1
train/benign/81.jpg,train,benign,9347,2.0,17574,88.0,0,-1
train/benign/810.jpg,train,benign,4701,2.0,7384,60.0,0,-1
train/benign/811.jpg,train,benign,6740,2.0,14568,68.0,0,-1
train/benign/812.jpg,train,benign,5081,2.0,1429,80.0,0,-1
train/benign/814.jpg,train,benign,8559,0.0,1324,78.0,0,-1
train/benign/815.jpg,train,benign,5924,2.0,22980,82.0,0,-1
train/benign/816.jpg,train,benign,4244,4.0,23898,90.0,0,-1
train/benign/817.jpg,train,benign,6714,2.0,8023,66.0,0,-1
train/benign/818.jpg,train,benign,3183,4.0,1982,88.0,0,-1
train/benign/82.jpg,train,benign,6838,2.0,24777,70.0,0,-1
train/benign/821.jpg,train,benign,4227,2.0,30127,92.0,0,-1
train/benign/822.jpg,train,benign,3580,2.0,29902,86.0,0,-1
train/benign/827.jpg,train,benign,5384,2.0,4613,92.0,0,-1
train/benign/829.jpg,train,benign,7272,0.0,26007,68.0,0,-1
train/benign/831.jpg,train,benign,9679,0.0,273,64.0,0,-1
train/benign/832.jpg,train,benign,6624,2.0,15089,84.0,0,-1
train/benign/833.jpg,train,benign,6566,4.0,9217,86.0,0,-1
train/benign/834.jpg,train,benign,8825,0.0,23725,84.0,0,-1
train/benign/835.jpg,train,benign,3610,2.0,28015,84.0,0,-1
train/benign/836.jpg,train,benign,6511,2.0,9142,86.0,0,-1
train/benign/837.jpg,train,benign,3053,2.0,8262,60.0,0,-1
train/benign/838.jpg,train,benign,9022,2.0,4287,86.0,0,-1
train/benign/839.jpg,train,benign,8423,2.0,23892,74.0,0,-1
train/benign/841.jpg,train,benign,6791,2.0,243,78.0,0,-1
train/benign/842.jpg,train,benign,8340,2.0,522,76.0,0,-1
train/benign/843.jpg,train,benign,3016,2.0,22017,82.0,0,-1
train/benign/844.jpg,train,benign,6571,6.0,6667,88.0,0,-1
train/benign/845.jpg,train,benign,5622,2.0,12565,80.0,0,-1
train/benign/846.jpg,train,benign,4151,6.0,2713,86.0,0,-1
train/benign/847.jpg,train,benign,6785,2.0,5029,74.0,0,-1
train/benign/848.jpg,train,benign,3351,4.0,27240,78.0,0,-1
train/benign/849.jpg,train,benign,9112,2.0,7941,70.0,0,-1
train/benign/85.jpg,train,benign,3015,2.0,15852,76.0,0,-1
train/benign/850.jpg,train,benign,3508,4.0,13206,76.0,0,-1
train/benign/851.jpg,train,benign,9139,2.0,32422,76.0,0,-1
train/benign/852.jpg,train,benign,5278,0.0,5199,74.0,0,-1
train/benign/853.jpg,train,benign,4967,0.0,16967,92.0,0,-1
train/benign/855.jpg,train,benign,8976,2.0,25099,78.0,0,-1
train/benign/856.jpg,train,benign,4100,2.0,15253,76.0,0,-1
train/benign/857.jpg,train,benign,6167,4.0,26457,80.0,0,-1
train/benign/858.jpg,train,benign,8782,0.0,21171,78.0,0,-1
train/benign/859.jpg,train,benign,9261,2.0,19431,36.0,0,-1
train/benign/86.jpg,train,benign,3203,0.0,16724,80.0,0,-1
train/benign/860.jpg,train,benign,8790,0.0,631,84.0,0,-1
train/benign/861.jpg,train,benign,3043,4.0,17921,88.0,0,-1
train/benign/862.jpg,train,benign,3228,2.0,2025,90.0,0,-1
train/benign/863.jpg,train,benign,4782,4.0,7172,90.0,0,-1
train/benign/864.jpg,train,benign,8468,0.0,903,64.0,0,-1
train/benign/865.jpg,train,benign,5055,0.0,2868,82.0,0,-1
train/benign/866.jpg,train,benign,8129,2.0,14491,82.0,0,-1
train/benign/867.jpg,train,benign,6950,2.0,29270,86.0,0,-1
train/benign/868.jpg,train,benign,4956,2.0,15852,70.0,0,-1
train/benign/87.jpg,train,benign,4017,4.0,7107,82.0,0,-1
train/benign/870.jpg,train,benign,8330,2.0,12299,88.0,0,-1
train/benign/871.jpg,train,benign,9187,0.0,18533,80.0,0,-1
train/benign/872.jpg,train,benign,7279,2.0,10939,66.0,0,-1
train/benign/873.jpg,train,benign,4532,2.0,26985,84.0,0,-1
train/benign/875.jpg,train,benign,9154,0.0,4164,50.0,0,-1
train/benign/876.jpg,train,benign,4987,0.0,21171,88.0,0,-1
train/benign/877.jpg,train,benign,8621,0.0,28772,74.0,0,-1
train/benign/879.jpg,train,benign,8398,2.0,19728,78.0,0,-1
train/benign/881.jpg,train,benign,4333,4.0,21844,68.0,0,-1
train/benign/882.jpg,train,benign,3201,2.0,3375,78.0,0,-1
train/benign/883.jpg,train,benign,4735,2.0,31237,80.0,0,-1
train/benign/884.jpg,train,benign,8395,0.0,24594,74.0,0,-1
train/benign/885.jpg,train,benign,4964,2.0,8745,72.0,0,-1
train/benign/886.jpg,train,benign,5798,0.0,1392,78.0,0,-1
train/benign/889.jpg,train,benign,6352,4.0,31849,84.0,0,-1
train/benign/89.jpg,train,benign,9241,4.0,8957,66.0,0,-1
train/benign/890.jpg,train,benign,6941,2.0,20214,90.0,0,-1
train/benign/891.jpg,train,benign,6953,2.0,6447,88.0,0,-1
train/benign/896.jpg,train,benign,6338,2.0,3110,88.0,0,-1
train/benign/897.jpg,train,benign,7007,4.0,20626,82.0,0,-1
train/benign/898.jpg,train,benign,4178,2.0,11857,74.0,0,-1
train/benign/899.jpg,train,benign,6126,2.0,11918,92.0,0,-1
train/benign/900.jpg,train,benign,8119,0.0,6007,86.0,0,-1
train/benign/901.jpg,train,benign,9077,2.0,9909,78.0,0,-1
train/benign/902.jpg,train,benign,3486,2.0,15185,88.0,0,-1
train/benign/904.jpg,train,benign,6461,4.0,2868,78.0,0,-1
train/benign/905.jpg,train,benign,5959,2.0,15992,82.0,0,-1
train/benign/907.jpg,train,benign,8806,2.0,24242,90.0,0,-1
train/benign/908.jpg,train,benign,8787,2.0,13378,76.0,0,-1
train/benign/91.jpg,train,benign,6018,2.0,7163,86.0,0,-1
train/benign/910.jpg,train,benign,9672,0.0,26298,78.0,0,-1
train/benign/911.jpg,train,benign,9257,2.0,31486,86.0,0,-1
train/benign/913.jpg,train,benign,8680,2.0,32059,70.0,0,-1
train/benign/914.jpg,train,benign,6293,2.0,18252,86.0,0,-1
train/benign/915.jpg,train,benign,7931,0.0,1746,88.0,0,-1
train/benign/917.jpg,train,benign,3275,2.0,11022,92.0,0,-1
train/benign/918.jpg,train,benign,4492,2.0,2903,86.0,0,-1
train/benign/92.jpg,train,benign,8441,0.0,25964,78.0,0,-1
train/benign/920.jpg,train,benign,3449,2.0,7967,84.0,0,-1
train/benign/921.jpg,train,benign,8475,4.0,4061,60.0,0,-1
train/benign/922.jpg,train,benign,8673,2.0,5382,78.0,0,-1
train/benign/923.jpg,train,benign,8761,0.0,6568,82.0,0,-1
train/benign/924.jpg,train,benign,5604,2.0,9968,86.0,0,-1
train/benign/926.jpg,train,benign,4309,6.0,5216,78.0,0,-1
train/benign/927.jpg,train,benign,5695,6.0,9854,88.0,0,-1
train/benign/928.jpg,train,benign,6374,4.0,7678,74.0,0,-1
train/benign/929.jpg,train,benign,5289,2.0,16214,74.0,0,-1
train/benign/93.jpg,train,benign,3090,2.0,9654,90.0,0,-1
train/benign/930.jpg,train,benign,9140,2.0,3006,80.0,0,-1
train/benign/931.jpg,train,benign,3872,2.0,788,74.0,0,-1
train/benign/932.jpg,train,benign,8257,2.0,8070,70.0,0,-1
train/benign/933.jpg,train,benign,4246,0.0,31714,76.0,0,-1
train/benign/934.jpg,train,benign,3505,2.0,12233,82.0,0,-1
train/benign/935.jpg,train,benign,6372,2.0,1365,88.0,0,-1
train/benign/937.jpg,train,benign,5785,4.0,11379,80.0,0,-1
train/benign/938.jpg,train,benign,9663,0.0,16782,78.0,0,-1
train/benign/939.jpg,train,benign,5803,2.0,11641,80.0,0,-1
train/benign/94.jpg,train,benign,4327,2.0,12471,86.0,0,-1
train/benign/940.jpg,train,benign,8363,0.0,2130,64.0,0,-1
train/benign/941.jpg,train,benign,5259,0.0,3054,88.0,0,-1
train/benign/942.jpg,train,benign,8141,0.0,16214,80.0,0,-1
train/benign/945.jpg,train,benign,6172,0.0,5429,72.0,0,-1
train/benign/947.jpg,train,benign,8661,2.0,30538,82.0,0,-1
train/benign/948.jpg,train,benign,9384,2.0,13073,88.0,0,-1
train/benign/949.jpg,train,benign,6770,2.0,10845,84.0,0,-1
train/benign/950.jpg,train,benign,4986,0.0,9852,90.0,0,-1
train/benign/951.jpg,train,benign,9307,2.0,30751,76.0,0,-1
train/benign/952.jpg,train,benign,6918,0.0,5431,92.0,0,-1
train/benign/953.jpg,train,benign,8613,2.0,14791,88.0,0,-1
train/benign/954.jpg,train,benign,5451,0.0,21273,84.0,0,-1
train/benign/955.jpg,train,benign,3251,0.0,12126,90.0,0,-1
train/benign/956.jpg,train,benign,5839,2.0,15162,80.0,0,-1
train/benign/957.jpg,train,benign,8999,2.0,3560,80.0,0,-1
train/benign/959.jpg,train,benign,3976,0.0,1406,82.0,0,-1
train/benign/96.jpg,train,benign,5189,2.0,21798,86.0,0,-1
train/benign/960.jpg,train,benign,8777,0.0,30377,44.0,0,-1
train/benign/961.jpg,train,benign,9142,2.0,18715,72.0,0,-1
train/benign/963.jpg,train,benign,5411,4.0,8457,84.0,0,-1
train/benign/965.jpg,train,benign,3606,2.0,6360,74.0,0,-1
train/benign/966.jpg,train,benign,4780,4.0,31334,80.0,0,-1
train/benign/967.jpg,train,benign,5768,2.0,5605,74.0,0,-1
train/benign/968.jpg,train,benign,6144,2.0,19716,82.0,0,-1
train/benign/969.jpg,train,benign,9320,4.0,2565,72.0,0,-1
train/benign/970.jpg,train,benign,4475,2.0,11387,84.0,0,-1
train/benign/971.jpg,train,benign,3299,0.0,17209,82.0,0,-1
train/benign/973.jpg,train,benign,5220,6.0,4645,84.0,0,-1
train/benign/974.jpg,train,benign,9123,2.0,1225,62.0,0,-1
train/benign/975.jpg,train,benign,4385,4.0,26618,84.0,0,-1
train/benign/976.jpg,train,benign,8602,4.0,26138,76.0,0,-1
train/benign/977.jpg,train,benign,5851,2.0,17874,86.0,0,-1
train/benign/978.jpg,train,benign,8349,2.0,5347,86.0,0,-1
train/benign/979.jpg,train,benign,8529,0.0,2453,92.0,0,-1
train/benign/980.jpg,train,benign,3219,4.0,30171,86.0,0,-1
train/benign/981.jpg,train,benign,4239,4.0,11315,84.0,0,-1
train/benign/983.jpg,train,benign,9190,2.0,5506,72.0,0,-1
train/benign/984.jpg,train,benign,8705,0.0,8876,84.0,0,-1
train/benign/985.jpg,train,benign,3232,2.0,10418,84.0,0,-1
train/benign/986.jpg,train,benign,4936,2.0,24476,84.0,0,-1
train/benign/987.jpg,train,benign,8183,2.0,20910,66.0,0,-1
train/benign/988.jpg,train,benign,3384,0.0,7475,92.0,0,-1
train/benign/989.jpg,train,benign,4247,4.0,1080,82.0,0,-1
train/benign/99.jpg,train,benign,5957,2.0,315,90.0,0,-1
train/benign/990.jpg,train,benign,5360,2.0,25162,82.0,0,-1
train/benign/991.jpg,train,benign,9109,2.0,17042,84.0,0,-1
train/benign/992.jpg,train,benign,3496,2.0,19885,86.0,0,-1
train/benign/994.jpg,train,benign,5387,2.0,5500,74.0,0,-1
train/benign/995.jpg,train,benign,6335,0.0,1932,92.0,0,-1
train/benign/996.jpg,train,benign,3531,2.0,30836,76.0,0,-1
train/benign/997.jpg,train,benign,8386,2.0,16745,84.0,0,-1
train/benign/999.jpg,train,benign,3881,2.0,15579,86.0,0,-1
train/malignant/10.jpg,train,malignant,6512,80.0,15922,84.0,-1,-1
train/malignant/100.jpg,train,malignant,1179,80.0,9529,82.0,-1,-1
train/malignant/1000.jpg,train,malignant,2237,0.0,5177,82.0,1,-1
train/malignant/1001.jpg,train,malignant,2098,0.0,9117,92.0,1,-1
train/malignant/1002.jpg,train,malignant,2303,2.0,9995,88.0,1,-1
train/malignant/1004.jpg,train,malignant,2173,0.0,32510,90.0,1,-1
train/malignant/1006.jpg,train,malignant,2207,0.0,18422,78.0,1,-1
train/malignant/1008.jpg,train,malignant,1280,2.0,290,68.0,1,-1
train/malignant/101.jpg,train,malignant,8062,80.0,1574,80.0,-1,-1
train/malignant/1010.jpg,train,malignant,1289,4.0,15187,86.0,1,-1
train/malignant/1011.jpg,train,malignant,2087,0.0,24470,80.0,1,-1
train/malignant/1013.jpg,train,malignant,1388,4.0,17087,84.0,1,-1
train/malignant/1014.jpg,train,malignant,2002,2.0,23421,90.0,1,-1
train/malignant/1015.jpg,train,malignant,1447,2.0,5346,70.0,1,-1
train/malignant/1016.jpg,train,malignant,1597,0.0,23456,86.0,1,-1
train/malignant/1017.jpg,train,malignant,2010,4.0,1184,94.0,1,-1
train/malignant/1018.jpg,train,malignant,1217,0.0,1566,78.0,1,-1
train/malignant/102.jpg,train,malignant,8018,60.0,26250,56.0,-1,-1
train/malignant/1020.jpg,train,malignant,2144,0.0,7958,88.0,1,-1
train/malignant/1021.jpg,train,malignant,2069,2.0,354,86.0,1,-1
train/malignant/1023.jpg,train,malignant,1262,2.0,9322,74.0,1,-1
train/malignant/1024.jpg,train,malignant,1325,2.0,28107,80.0,1,-1
train/malignant/1025.jpg,train,malignant,1272,0.0,10012,80.0,1,-1
train/malignant/1028.jpg,train,malignant,1930,4.0,10048,92.0,1,-1
train/malignant/1029.jpg,train,malignant,2120,0.0,5006,70.0,1,-1
train/malignant/103.jpg,train,malignant,2373,84.0,8169,92.0,-1,-1
train/malignant/1030.jpg,train,malignant,1230,0.0,629,64.0,1,-1
train/malignant/1031.jpg,train,malignant,2190,4.0,10550,78.0,1,-1
train/malignant/1032.jpg,train,malignant,1558,4.0,16868,86.0,1,-1
train/malignant/1033.jpg,train,malignant,2164,0.0,20508,92.0,1,-1
train/malignant/1034.jpg,train,malignant,1312,0.0,2775,90.0,1,-1
train/malignant/1035.jpg,train,malignant,2114,4.0,7678,76.0,1,-1
train/malignant/1036.jpg,train,malignant,1235,0.0,3226,64.0,1,-1
train/malignant/1039.jpg,train,malignant,1974,6.0,3165,68.0,1,-1
train/malignant/104.jpg,train,malignant,9986,90.0,15334,92.0,-1,-1
train/malignant/1040.jpg,train,malignant,1866,2.0,27201,86.0,1,-1
train/malignant/1041.jpg,train,malignant,2057,0.0,12131,82.0,1,-1
train/malignant/1042.jpg,train,malignant,2176,0.0,9077,84.0,1,-1
train/malignant/1043.jpg,train,malignant,2043,2.0,4923,84.0,1,-1
train/malignant/1044.jpg,train,malignant,1263,2.0,23432,48.0,1,-1
train/malignant/1045.jpg,train,malignant,2199,2.0,12874,84.0,1,-1
train/malignant/1047.jpg,train,malignant,1213,0.0,10504,88.0,1,-1
train/malignant/1048.jpg,train,malignant,1918,2.0,10280,84.0,1,-1
train/malignant/105.jpg,train,malignant,2224,92.0,25308,88.0,-1,-1
train/malignant/1050.jpg,train,malignant,1367,2.0,12798,84.0,1,-1
train/malignant/1051.jpg,train,malignant,1315,2.0,18367,82.0,1,-1
train/malignant/1052.jpg,train,malignant,1444,0.0,19700,74.0,1,-1
train/malignant/1053.jpg,train,malignant,1359,2.0,16314,82.0,1,-1
train/malignant/1054.jpg,train,malignant,1392,0.0,31556,80.0,1,-1
train/malignant/1055.jpg,train,malignant,1257,0.0,32233,82.0,1,-1
train/malignant/1057.jpg,train,malignant,1449,0.0,14799,86.0,1,-1
train/malignant/1059.jpg,train,malignant,1751,0.0,23488,86.0,1,-1
train/malignant/106.jpg,train,malignant,3968,88.0,7762,86.0,-1,-1
train/malignant/1060.jpg,train,malignant,1458,0.0,28664,66.0,1,-1
train/malignant/1061.jpg,train,malignant,2058,2.0,17501,94.0,1,-1
train/malignant/1062.jpg,train,malignant,2202,0.0,30132,78.0,1,-1
train/malignant/1063.jpg,train,malignant,1381,4.0,2539,76.0,1,-1
train/malignant/1064.jpg,train,malignant,2300,0.0,5879,78.0,1,-1
train/malignant/1066.jpg,train,malignant,1766,2.0,13703,70.0,1,-1
train/malignant/1067.jpg,train,malignant,2007,0.0,4703,92.0,1,-1
train/malignant/1068.jpg,train,malignant,2117,0.0,12939,74.0,1,-1
train/malignant/1069.jpg,train,malignant,2127,2.0,25068,70.0,1,-1
train/malignant/107.jpg,train,malignant,667,88.0,1865,84.0,-1,-1
train/malignant/1070.jpg,train,malignant,2080,0.0,9746,90.0,1,-1
train/malignant/1071.jpg,train,malignant,2223,2.0,15913,80.0,1,-1
train/malignant/1072.jpg,train,malignant,1355,2.0,27748,68.0,1,-1
train/malignant/1073.jpg,train,malignant,2115,0.0,4983,70.0,1,-1
train/malignant/1075.jpg,train,malignant,2148,2.0,24996,74.0,1,-1
train/malignant/1076.jpg,train,malignant,2001,2.0,32431,76.0,1,-1
train/malignant/1077.jpg,train,malignant,2216,2.0,25049,86.0,1,-1
train/malignant/1078.jpg,train,malignant,1992,2.0,20017,90.0,1,-1
train/malignant/1079.jpg,train,malignant,2146,4.0,12924,90.0,1,-1
train/malignant/108.jpg,train,malignant,610,80.0,22696,70.0,-1,-1
train/malignant/1081.jpg,train,malignant,1445,0.0,19936,78.0,1,-1
train/malignant/1082.jpg,train,malignant,1358,2.0,22465,64.0,1,-1
train/malignant/1084.jpg,train,malignant,1963,0.0,24979,80.0,1,-1
train/malignant/1085.jpg,train,malignant,1365,2.0,2392,70.0,1,-1
train/malignant/1086.jpg,train,malignant,1405,0.0,14843,76.0,1,-1
train/malignant/1087.jpg,train,malignant,2139,2.0,2577,84.0,1,-1
train/malignant/1088.jpg,train,malignant,1969,2.0,11815,92.0,1,-1
train/malignant/109.jpg,train,malignant,226,90.0,15913,86.0,-1,-1
train/malignant/1090.jpg,train,malignant,1371,4.0,15412,86.0,1,-1
train/malignant/1092.jpg,train,malignant,1408,2.0,15533,84.0,1,-1
train/malignant/1093.jpg,train,malignant,2113,2.0,12134,86.0,1,-1
train/malignant/1095.jpg,train,malignant,1467,2.0,4908,82.0,1,-1
train/malignant/1096.jpg,train,malignant,2009,2.0,654,84.0,1,-1
train/malignant/1097.jpg,train,malignant,2318,0.0,6741,52.0,1,-1
train/malignant/1098.jpg,train,malignant,1390,2.0,20400,74.0,1,-1
train/malignant/1099.jpg,train,malignant,2316,2.0,277,74.0,1,-1
train/malignant/11.jpg,train,malignant,1671,86.0,3560,88.0,-1,-1
train/malignant/1100.jpg,train,malignant,1943,2.0,10328,90.0,1,-1
train/malignant/1101.jpg,train,malignant,2088,0.0,2531,84.0,1,-1
train/malignant/1102.jpg,train,malignant,1232,6.0,6268,82.0,1,-1
train/malignant/1103.jpg,train,malignant,2047,4.0,11707,72.0,1,-1
train/malignant/1104.jpg,train,malignant,2239,0.0,22840,82.0,1,-1
train/malignant/1105.jpg,train,malignant,2157,0.0,14717,90.0,1,-1
train/malignant/1106.jpg,train,malignant,2104,2.0,5201,82.0,1,-1
train/malignant/1107.jpg,train,malignant,2013,2.0,22717,82.0,1,-1
train/malignant/1108.jpg,train,malignant,2063,2.0,5236,80.0,1,-1
train/malignant/1109.jpg,train,malignant,1349,0.0,15913,90.0,1,-1
train/malignant/111.jpg,train,malignant,3553,88.0,10878,84.0,-1,-1
train/malignant/1110.jpg,train,malignant,2238,0.0,11953,92.0,1,-1
train/malignant/1111.jpg,train,malignant,1426,0.0,10846,60.0,1,-1
train/malignant/1114.jpg,train,malignant,2054,2.0,10432,86.0,1,-1
train/malignant/1115.jpg,train,malignant,1298,2.0,5376,72.0,1,-1
train/malignant/1116.jpg,train,malignant,2140,0.0,7954,86.0,1,-1
train/malignant/1117.jpg,train,malignant,1245,0.0,21098,62.0,1,-1
train/malignant/1118.jpg,train,malignant,2302,0.0,9438,86.0,1,-1
train/malignant/112.jpg,train,malignant,3494,94.0,7998,90.0,-1,-1
train/malignant/1121.jpg,train,malignant,1413,0.0,7071,66.0,1,-1
train/malignant/1122.jpg,train,malignant,2182,0.0,30711,88.0,1,-1
train/malignant/1123.jpg,train,malignant,1276,2.0,32509,48.0,1,-1
train/malignant/1124.jpg,train,malignant,1987,0.0,22696,90.0,1,-1
train/malignant/1125.jpg,train,malignant,1968,0.0,9528,86.0,1,-1
train/malignant/1126.jpg,train,malignant,1374,0.0,3349,88.0,1,-1
train/malignant/1127.jpg,train,malignant,1929,0.0,22747,80.0,1,-1
train/malignant/1129.jpg,train,malignant,1946,2.0,831,92.0,1,-1
train/malignant/113.jpg,train,malignant,6858,88.0,22190,84.0,-1,-1
train/malignant/1130.jpg,train,malignant,1973,0.0,21506,70.0,1,-1
train/malignant/1131.jpg,train,malignant,1448,2.0,25777,80.0,1,-1
train/malignant/1132.jpg,train,malignant,1241,2.0,16444,76.0,1,-1
train/malignant/1133.jpg,train,malignant,2203,0.0,27953,82.0,1,-1
train/malignant/1134.jpg,train,malignant,1385,0.0,152,38.0,1,-1
train/malignant/1136.jpg,train,malignant,1885,2.0,1579,82.0,1,-1
train/malignant/1137.jpg,train,malignant,2175,0.0,13584,84.0,1,-1
train/malignant/1138.jpg,train,malignant,2037,0.0,1284,92.0,1,-1
train/malignant/1139.jpg,train,malignant,2289,2.0,13805,90.0,1,-1
train/malignant/114.jpg,train,malignant,3618,92.0,26554,88.0,-1,-1
train/malignant/1140.jpg,train,malignant,2066,2.0,12479,84.0,1,-1
train/malignant/1142.jpg,train,malignant,2086,0.0,9816,82.0,1,-1
train/malignant/1143.jpg,train,malignant,1438,4.0,18384,72.0,1,-1
train/malignant/1144.jpg,train,malignant,1428,2.0,3857,78.0,1,-1
train/malignant/1145.jpg,train,malignant,1324,2.0,11868,60.0,1,-1
train/malignant/1146.jpg,train,malignant,2250,0.0,9355,82.0,1,-1
train/malignant/1147.jpg,train,malignant,1237,0.0,7510,82.0,1,-1
train/malignant/1148.jpg,train,malignant,1756,2.0,4552,80.0,1,-1
train/malignant/1149.jpg,train,malignant,1219,0.0,21699,78.0,1,-1
train/malignant/115.jpg,train,malignant,2507,80.0,477,74.0,-1,-1
train/malignant/1152.jpg,train,malignant,1338,0.0,24480,84.0,1,-1
train/malignant/1153.jpg,train,malignant,1229,0.0,22702,60.0,1,-1
train/malignant/1154.jpg,train,malignant,1664,0.0,17023,74.0,1,-1
train/malignant/1157.jpg,train,malignant,1394,2.0,22741,68.0,1,-1
train/malignant/1158.jpg,train,malignant,2021,2.0,18946,84.0,1,-1
train/malignant/1159.jpg,train,malignant,1436,2.0,532,66.0,1,-1
train/malignant/116.jpg,train,malignant,1379,86.0,6676,88.0,-1,-1
train/malignant/1161.jpg,train,malignant,1360,0.0,14736,84.0,1,-1
train/malignant/1162.jpg,train,malignant,2254,0.0,28597,80.0,1,-1
train/malignant/1163.jpg,train,malignant,1450,2.0,27740,74.0,1,-1
train/malignant/1165.jpg,train,malignant,1872,2.0,31556,84.0,1,-1
train/malignant/1167.jpg,train,malignant,2045,2.0,2733,90.0,1,-1
train/malignant/1168.jpg,train,malignant,2027,2.0,29282,80.0,1,-1
train/malignant/1169.jpg,train,malignant,1411,2.0,17503,72.0,1,-1
train/malignant/117.jpg,train,malignant,2818,90.0,20594,84.0,-1,-1
train/malignant/1171.jpg,train,malignant,1246,2.0,12954,72.0,1,-1
train/malignant/1172.jpg,train,malignant,1821,2.0,19368,82.0,1,-1
train/malignant/1174.jpg,train,malignant,1258,2.0,522,74.0,1,-1
train/malignant/1175.jpg,train,malignant,1763,0.0,17406,88.0,1,-1
train/malignant/1177.jpg,train,malignant,2138,2.0,338,84.0,1,-1
train/malignant/1178.jpg,train,malignant,1419,4.0,5986,80.0,1,-1
train/malignant/1179.jpg,train,malignant,2171,0.0,253,86.0,1,-1
train/malignant/118.jpg,train,malignant,988,88.0,9046,90.0,-1,-1
train/malignant/1180.jpg,train,malignant,2050,0.0,9142,88.0,1,-1
train/malignant/1181.jpg,train,malignant,1491,0.0,9987,84.0,1,-1
train/malignant/1182.jpg,train,malignant,2003,0.0,4164,48.0,1,-1
train/malignant/1183.jpg,train,malignant,2298,0.0,30922,80.0,1,-1
train/malignant/1184.jpg,train,malignant,2233,0.0,26044,86.0,1,-1
train/malignant/1188.jpg,train,malignant,1398,2.0,2415,88.0,1,-1
train/malignant/119.jpg,train,malignant,733,94.0,2649,90.0,-1,-1
train/malignant/1190.jpg,train,malignant,2119,0.0,7506,86.0,1,-1
train/malignant/1191.jpg,train,malignant,2032,0.0,8992,88.0,1,-1
train/malignant/1192.jpg,train,malignant,1402,0.0,29854,84.0,1,-1
train/malignant/1193.jpg,train,malignant,1305,0.0,25835,74.0,1,-1
train/malignant/1195.jpg,train,malignant,1425,0.0,16384,82.0,1,-1
train/malignant/1196.jpg,train,malignant,2132,0.0,7354,88.0,1,-1
train/malignant/1199.jpg,train,malignant,2306,0.0,11898,90.0,1,-1
train/malignant/12.jpg,train,malignant,458,88.0,5292,84.0,-1,-1
train/malignant/120.jpg,train,malignant,2194,90.0,13706,84.0,-1,-1
train/malignant/1200.jpg,train,malignant,1440,2.0,3384,88.0,1,-1
train/malignant/1201.jpg,train,malignant,2137,2.0,3006,92.0,1,-1
train/malignant/1202.jpg,train,malignant,1380,0.0,5215,86.0,1,-1
train/malignant/1203.jpg,train,malignant,1391,2.0,2698,78.0,1,-1
train/malignant/1204.jpg,train,malignant,1772,2.0,22776,84.0,1,-1
train/malignant/1205.jpg,train,malignant,2229,0.0,20672,84.0,1,-1
train/malignant/1206.jpg,train,malignant,2309,2.0,24408,82.0,1,-1
train/malignant/1207.jpg,train,malignant,1247,2.0,9968,78.0,1,-1
train/malignant/1208.jpg,train,malignant,2000,0.0,27859,92.0,1,-1
train/malignant/1209.jpg,train,malignant,2095,2.0,24608,88.0,1,-1
train/malignant/121.jpg,train,malignant,969,90.0,6489,88.0,-1,-1
train/malignant/1210.jpg,train,malignant,2092,0.0,12582,86.0,1,-1
train/malignant/1212.jpg,train,malignant,2155,0.0,7692,76.0,1,-1
train/malignant/1213.jpg,train,malignant,1542,2.0,8663,82.0,1,-1
train/malignant/1214.jpg,train,malignant,1351,2.0,20492,88.0,1,-1
train/malignant/1217.jpg,train,malignant,1462,4.0,5965,64.0,1,-1
train/malignant/1219.jpg,train,malignant,1364,2.0,10248,90.0,1,-1
train/malignant/122.jpg,train,malignant,8594,82.0,8876,72.0,-1,-1
train/malignant/1222.jpg,train,malignant,1931,0.0,2865,60.0,1,-1
train/malignant/1223.jpg,train,malignant,1231,2.0,10332,78.0,1,-1
train/malignant/1224.jpg,train,malignant,1423,2.0,9711,88.0,1,-1
train/malignant/1225.jpg,train,malignant,1285,0.0,6264,56.0,1,-1
train/malignant/1226.jpg,train,malignant,1322,2.0,3175,66.0,1,-1
train/malignant/123.jpg,train,malignant,7920,78.0,13051,70.0,-1,-1
train/malignant/1230.jpg,train,malignant,1368,2.0,13378,68.0,1,-1
train/malignant/1231.jpg,train,malignant,2198,0.0,1311,92.0,1,-1
train/malignant/1232.jpg,train,malignant,1236,0.0,20604,92.0,1,-1
train/malignant/1233.jpg,train,malignant,2030,0.0,1138,92.0,1,-1
train/malignant/1235.jpg,train,malignant,1318,0.0,12461,88.0,1,-1
train/malignant/1236.jpg,train,malignant,1586,4.0,31489,82.0,1,-1
train/malignant/1237.jpg,train,malignant,2177,0.0,14099,86.0,1,-1
train/malignant/1239.jpg,train,malignant,2293,2.0,22113,84.0,1,-1
train/malignant/124.jpg,train,malignant,9809,92.0,31438,86.0,-1,-1
train/malignant/1240.jpg,train,malignant,1415,0.0,8381,70.0,1,-1
train/malignant/1241.jpg,train,malignant,2041,0.0,1989,80.0,1,-1
train/malignant/1243.jpg,train,malignant,1422,0.0,31609,86.0,1,-1
train/malignant/1244.jpg,train,malignant,1823,0.0,5186,88.0,1,-1
train/malignant/1245.jpg,train,malignant,2077,0.0,30779,88.0,1,-1
train/malignant/1246.jpg,train,malignant,2121,0.0,24501,88.0,1,-1
train/malignant/1247.jpg,train,malignant,1979,2.0,9320,90.0,1,-1
train/malignant/1248.jpg,train,malignant,2099,4.0,1566,82.0,1,-1
train/malignant/1249.jpg,train,malignant,2049,2.0,2887,76.0,1,-1
train/malignant/125.jpg,train,malignant,4683,86.0,9239,88.0,-1,-1
train/malignant/1250.jpg,train,malignant,2012,0.0,93,84.0,1,-1
train/malignant/1252.jpg,train,malignant,2169,2.0,9087,86.0,1,-1
train/malignant/1253.jpg,train,malignant,2178,0.0,15602,86.0,1,-1
train/malignant/1255.jpg,train,malignant,1288,4.0,24361,58.0,1,-1
train/malignant/1257.jpg,train,malignant,1933,2.0,20514,82.0,1,-1
train/malignant/1258.jpg,train,malignant,2042,0.0,20594,88.0,1,-1
train/malignant/1259.jpg,train,malignant,2150,2.0,32342,82.0,1,-1
train/malignant/126.jpg,train,malignant,3379,86.0,995,84.0,-1,-1
train/malignant/1260.jpg,train,malignant,2159,0.0,10789,82.0,1,-1
train/malignant/1261.jpg,train,malignant,2228,2.0,15852,84.0,1,-1
train/malignant/1263.jpg,train,malignant,1762,2.0,12868,84.0,1,-1
train/malignant/1264.jpg,train,malignant,2205,2.0,26298,70.0,1,-1
train/malignant/1265.jpg,train,malignant,1997,2.0,23813,80.0,1,-1
train/malignant/1269.jpg,train,malignant,2227,0.0,21760,88.0,1,-1
train/malignant/127.jpg,train,malignant,1130,86.0,5139,84.0,-1,-1
train/malignant/1270.jpg,train,malignant,1357,0.0,55,72.0,1,-1
train/malignant/1271.jpg,train,malignant,1334,0.0,30854,82.0,1,-1
train/malignant/1272.jpg,train,malignant,2038,2.0,9497,78.0,1,-1
train/malignant/1273.jpg,train,malignant,2083,0.0,6837,82.0,1,-1
train/malignant/1274.jpg,train,malignant,1240,2.0,15798,84.0,1,-1
train/malignant/1275.jpg,train,malignant,2275,0.0,5644,82.0,1,-1
train/malignant/1276.jpg,train,malignant,1243,4.0,9934,70.0,1,-1
train/malignant/1277.jpg,train,malignant,1294,2.0,9681,90.0,1,-1
train/malignant/1278.jpg,train,malignant,1903,2.0,3602,82.0,1,-1
train/malignant/1279.jpg,train,malignant,1375,0.0,11660,64.0,1,-1
train/malignant/128.jpg,train,malignant,7134,72.0,4048,78.0,-1,-1
train/malignant/1281.jpg,train,malignant,2186,4.0,26069,86.0,1,-1
train/malignant/1282.jpg,train,malignant,1994,0.0,14041,94.0,1,-1
train/malignant/1283.jpg,train,malignant,2011,2.0,8428,92.0,1,-1
train/malignant/1284.jpg,train,malignant,1279,0.0,16949,92.0,1,-1
train/malignant/1285.jpg,train,malignant,1406,0.0,25688,88.0,1,-1
train/malignant/1287.jpg,train,malignant,2201,0.0,12705,86.0,1,-1
train/malignant/1288.jpg,train,malignant,2192,2.0,2783,50.0,1,-1
train/malignant/1290.jpg,train,malignant,1249,2.0,31119,66.0,1,-1
train/malignant/1291.jpg,train,malignant,1442,2.0,5473,84.0,1,-1
train/malignant/1293.jpg,train,malignant,2006,2.0,20553,90.0,1,-1
train/malignant/1294.jpg,train,malignant,2048,2.0,393,86.0,1,-1
train/malignant/1296.jpg,train,malignant,2062,2.0,4923,90.0,1,-1
train/malignant/1298.jpg,train,malignant,1767,2.0,1310,60.0,1,-1
train/malignant/1299.jpg,train,malignant,1220,0.0,5582,84.0,1,-1
train/malignant/130.jpg,train,malignant,8909,66.0,14537,66.0,-1,-1
train/malignant/1301.jpg,train,malignant,1432,0.0,24086,70.0,1,-1
train/malignant/1302.jpg,train,malignant,1223,2.0,6245,82.0,1,-1
train/malignant/1303.jpg,train,malignant,1295,2.0,3580,82.0,1,-1
train/malignant/1304.jpg,train,malignant,1233,0.0,8302,88.0,1,-1
train/malignant/1305.jpg,train,malignant,2059,2.0,30327,80.0,1,-1
train/malignant/1306.jpg,train,malignant,2247,2.0,12263,86.0,1,-1
train/malignant/1307.jpg,train,malignant,2028,4.0,5128,80.0,1,-1
train/malignant/1308.jpg,train,malignant,1354,4.0,18425,58.0,1,-1
train/malignant/1309.jpg,train,malignant,1342,2.0,9436,78.0,1,-1
train/malignant/131.jpg,train,malignant,122,92.0,31946,92.0,-1,-1
train/malignant/1311.jpg,train,malignant,1593,2.0,10131,90.0,1,-1
train/malignant/1312.jpg,train,malignant,1472,0.0,27401,80.0,1,-1
train/malignant/1313.jpg,train,malignant,2280,2.0,3934,90.0,1,-1
train/malignant/1314.jpg,train,malignant,2122,2.0,9077,88.0,1,-1
train/malignant/1315.jpg,train,malignant,1212,2.0,2565,82.0,1,-1
train/malignant/1316.jpg,train,malignant,2162,0.0,17953,54.0,1,-1
train/malignant/1317.jpg,train,malignant,1457,0.0,16724,86.0,1,-1
train/malignant/1318.jpg,train,malignant,2070,0.0,5525,78.0,1,-1
train/malignant/1319.jpg,train,malignant,2183,0.0,16923,84.0,1,-1
train/malignant/132.jpg,train,malignant,7725,62.0,26627,70.0,-1,-1
train/malignant/1321.jpg,train,malignant,1996,0.0,28823,84.0,1,-1
train/malignant/1323.jpg,train,malignant,1310,0.0,30708,76.0,1,-1
train/malignant/1324.jpg,train,malignant,1410,2.0,13346,74.0,1,-1
train/malignant/1325.jpg,train,malignant,2105,0.0,15718,90.0,1,-1
train/malignant/1326.jpg,train,malignant,2235,0.0,16235,80.0,1,-1
train/malignant/1327.jpg,train,malignant,1296,0.0,1021,88.0,1,-1
train/malignant/1328.jpg,train,malignant,1328,4.0,16430,74.0,1,-1
train/malignant/1329.jpg,train,malignant,1427,2.0,31237,78.0,1,-1
train/malignant/133.jpg,train,malignant,584,90.0,18882,88.0,-1,-1
train/malignant/1331.jpg,train,malignant,2118,0.0,4241,70.0,1,-1
train/malignant/1332.jpg,train,malignant,1820,2.0,13981,88.0,1,-1
train/malignant/1334.jpg,train,malignant,2261,2.0,622,88.0,1,-1
train/malignant/1335.jpg,train,malignant,2136,0.0,13929,88.0,1,-1
train/malignant/1337.jpg,train,malignant,2304,0.0,31009,84.0,1,-1
train/malignant/1338.jpg,train,malignant,2031,2.0,5633,78.0,1,-1
train/malignant/134.jpg,train,malignant,1103,88.0,8108,88.0,-1,-1
train/malignant/1340.jpg,train,malignant,2283,2.0,5374,84.0,1,-1
train/malignant/1341.jpg,train,malignant,1995,0.0,8908,84.0,1,-1
train/malignant/1343.jpg,train,malignant,2245,0.0,19024,84.0,1,-1
train/malignant/1344.jpg,train,malignant,1439,2.0,2355,86.0,1,-1
train/malignant/1345.jpg,train,malignant,1214,0.0,22467,82.0,1,-1
train/malignant/1346.jpg,train,malignant,2282,2.0,10603,74.0,1,-1
train/malignant/1348.jpg,train,malignant,2017,4.0,18752,96.0,1,-1
train/malignant/1349.jpg,train,malignant,2287,0.0,670,88.0,1,-1
train/malignant/135.jpg,train,malignant,2511,88.0,399,80.0,-1,-1
train/malignant/1350.jpg,train,malignant,1251,0.0,3151,78.0,1,-1
train/malignant/1351.jpg,train,malignant,2106,2.0,8070,78.0,1,-1
train/malignant/1352.jpg,train,malignant,2152,0.0,4428,80.0,1,-1
train/malignant/1353.jpg,train,malignant,1216,0.0,1291,90.0,1,-1
train/malignant/1356.jpg,train,malignant,2185,4.0,13908,80.0,1,-1
train/malignant/1357.jpg,train,malignant,1934,4.0,21337,82.0,1,-1
train/malignant/136.jpg,train,malignant,9165,70.0,21609,64.0,-1,-1
train/malignant/1360.jpg,train,malignant,2294,2.0,16315,84.0,1,-1
train/malignant/1361.jpg,train,malignant,2285,2.0,29383,82.0,1,-1
train/malignant/1362.jpg,train,malignant,1430,0.0,23634,84.0,1,-1
train/malignant/1363.jpg,train,malignant,2143,2.0,24857,82.0,1,-1
train/malignant/1365.jpg,train,malignant,2263,2.0,14024,84.0,1,-1
train/malignant/1367.jpg,train,malignant,2278,2.0,4930,76.0,1,-1
train/malignant/1368.jpg,train,malignant,2023,2.0,1237,90.0,1,-1
train/malignant/1369.jpg,train,malignant,2273,0.0,5687,76.0,1,-1
train/malignant/137.jpg,train,malignant,1170,84.0,7703,72.0,-1,-1
train/malignant/1371.jpg,train,malignant,1254,0.0,16218,70.0,1,-1
train/malignant/1372.jpg,train,malignant,1971,2.0,2714,88.0,1,-1
train/malignant/1373.jpg,train,malignant,2215,0.0,23342,92.0,1,-1
train/malignant/1375.jpg,train,malignant,1777,0.0,6352,88.0,1,-1
train/malignant/1376.jpg,train,malignant,2085,2.0,26378,82.0,1,-1
train/malignant/1377.jpg,train,malignant,2255,0.0,10192,78.0,1,-1
train/malignant/138.jpg,train,malignant,420,94.0,1689,90.0,-1,-1
train/malignant/1381.jpg,train,malignant,2035,0.0,1896,94.0,1,-1
train/malignant/1384.jpg,train,malignant,1944,0.0,19681,90.0,1,-1
train/malignant/1385.jpg,train,malignant,1301,2.0,2277,82.0,1,-1
train/malignant/1386.jpg,train,malignant,2213,0.0,30985,88.0,1,-1
train/malignant/1387.jpg,train,malignant,2024,4.0,9882,76.0,1,-1
train/malignant/1388.jpg,train,malignant,1340,2.0,19717,78.0,1,-1
train/malignant/1389.jpg,train,malignant,1362,2.0,17715,52.0,1,-1
train/malignant/1390.jpg,train,malignant,1261,2.0,19605,80.0,1,-1
train/malignant/1391.jpg,train,malignant,1978,2.0,5551,92.0,1,-1
train/malignant/1392.jpg,train,malignant,2142,0.0,6712,92.0,1,-1
train/malignant/1393.jpg,train,malignant,1726,2.0,22845,82.0,1,-1
train/malignant/1394.jpg,train,malignant,1266,0.0,30171,76.0,1,-1
train/malignant/1396.jpg,train,malignant,1889,2.0,2644,82.0,1,-1
train/malignant/1397.jpg,train,malignant,1339,2.0,28419,66.0,1,-1
train/malignant/1398.jpg,train,malignant,2312,0.0,28458,78.0,1,-1
train/malignant/1399.jpg,train,malignant,2277,2.0,25806,82.0,1,-1
train/malignant/14.jpg,train,malignant,350,92.0,6273,82.0,-1,-1
train/malignant/140.jpg,train,malignant,7546,82.0,23576,80.0,-1,-1
train/malignant/1400.jpg,train,malignant,1337,4.0,17200,86.0,1,-1
train/malignant/1403.jpg,train,malignant,2234,0.0,22017,46.0,1,-1
train/malignant/1404.jpg,train,malignant,2317,2.0,29949,76.0,1,-1
train/malignant/1405.jpg,train,malignant,1383,0.0,20897,76.0,1,-1
train/malignant/1406.jpg,train,malignant,2264,0.0,7898,86.0,1,-1
train/malignant/1407.jpg,train,malignant,2160,0.0,794,84.0,1,-1
train/malignant/1408.jpg,train,malignant,2131,2.0,23825,84.0,1,-1
train/malignant/1409.jpg,train,malignant,2224,0.0,18499,84.0,1,-1
train/malignant/141.jpg,train,malignant,3899,92.0,18108,82.0,-1,-1
train/malignant/1410.jpg,train,malignant,1326,4.0,31448,88.0,1,-1
train/malignant/1411.jpg,train,malignant,1253,0.0,5578,70.0,1,-1
train/malignant/1412.jpg,train,malignant,2284,2.0,18132,82.0,1,-1
train/malignant/1413.jpg,train,malignant,1352,2.0,11471,84.0,1,-1
train/malignant/1414.jpg,train,malignant,1341,2.0,15630,82.0,1,-1
train/malignant/1415.jpg,train,malignant,1343,2.0,1779,86.0,1,-1
train/malignant/1416.jpg,train,malignant,2018,2.0,30057,60.0,1,-1
train/malignant/1418.jpg,train,malignant,1299,2.0,17622,78.0,1,-1
train/malignant/1419.jpg,train,malignant,2033,0.0,2937,90.0,1,-1
train/malignant/142.jpg,train,malignant,3770,92.0,26640,92.0,-1,-1
train/malignant/1420.jpg,train,malignant,1309,0.0,2594,86.0,1,-1
train/malignant/1421.jpg,train,malignant,1316,0.0,3812,68.0,1,-1
train/malignant/1423.jpg,train,malignant,1631,2.0,31508,80.0,1,-1
train/malignant/1424.jpg,train,malignant,1259,2.0,5893,78.0,1,-1
train/malignant/1426.jpg,train,malignant,2232,2.0,19180,76.0,1,-1
train/malignant/1428.jpg,train,malignant,1959,0.0,6557,90.0,1,-1
train/malignant/1429.jpg,train,malignant,1986,2.0,22696,88.0,1,-1
train/malignant/143.jpg,train,malignant,9091,66.0,7904,56.0,-1,-1
train/malignant/1431.jpg,train,malignant,1896,2.0,8936,80.0,1,-1
train/malignant/1432.jpg,train,malignant,1407,0.0,24482,86.0,1,-1
train/malignant/1433.jpg,train,malignant,1517,0.0,1697,84.0,1,-1
train/malignant/1434.jpg,train,malignant,1378,0.0,23488,86.0,1,-1
train/malignant/1435.jpg,train,malignant,2125,0.0,11336,86.0,1,-1
train/malignant/1437.jpg,train,malignant,2231,4.0,2644,68.0,1,-1
train/malignant/1439.jpg,train,malignant,1244,0.0,11307,88.0,1,-1
train/malignant/144.jpg,train,malignant,5221,92.0,12509,86.0,-1,-1
train/malignant/1440.jpg,train,malignant,2093,2.0,1481,90.0,1,-1
train/malignant/1441.jpg,train,malignant,1373,0.0,31881,64.0,1,-1
train/malignant/1442.jpg,train,malignant,2244,0.0,26838,64.0,1,-1
train/malignant/1444.jpg,train,malignant,2020,0.0,15918,84.0,1,-1
train/malignant/1445.jpg,train,malignant,1228,0.0,14382,88.0,1,-1
train/malignant/1446.jpg,train,malignant,10014,2.0,13609,68.0,1,-1
train/malignant/1448.jpg,train,malignant,2194,0.0,10064,88.0,1,-1
train/malignant/1449.jpg,train,malignant,2259,2.0,25123,48.0,1,-1
train/malignant/145.jpg,train,malignant,7241,92.0,14545,84.0,-1,-1
train/malignant/1450.jpg,train,malignant,1292,0.0,9568,84.0,1,-1
train/malignant/1452.jpg,train,malignant,1273,0.0,401,72.0,1,-1
train/malignant/1453.jpg,train,malignant,2128,2.0,27705,76.0,1,-1
train/malignant/1454.jpg,train,malignant,2310,2.0,9925,84.0,1,-1
train/malignant/1455.jpg,train,malignant,1222,0.0,5289,88.0,1,-1
train/malignant/1456.jpg,train,malignant,1274,0.0,1665,66.0,1,-1
train/malignant/1457.jpg,train,malignant,1431,0.0,7712,88.0,1,-1
train/malignant/1458.jpg,train,malignant,2072,2.0,23787,84.0,1,-1
train/malignant/1459.jpg,train,malignant,1941,2.0,2605,90.0,1,-1
train/malignant/146.jpg,train,malignant,3125,78.0,6829,76.0,-1,-1
train/malignant/1460.jpg,train,malignant,2079,2.0,24239,86.0,1,-1
train/malignant/1462.jpg,train,malignant,2222,4.0,24544,84.0,1,-1
train/malignant/1463.jpg,train,malignant,1441,2.0,434,72.0,1,-1
train/malignant/1465.jpg,train,malignant,1314,0.0,2482,88.0,1,-1
train/malignant/1466.jpg,train,malignant,1773,2.0,11155,84.0,1,-1
train/malignant/1467.jpg,train,malignant,1948,2.0,32545,82.0,1,-1
train/malignant/1468.jpg,train,malignant,2151,0.0,2711,74.0,1,-1
train/malignant/1469.jpg,train,malignant,2156,2.0,11029,90.0,1,-1
train/malignant/147.jpg,train,malignant,7163,78.0,4329,76.0,-1,-1
train/malignant/1470.jpg,train,malignant,1825,4.0,25421,68.0,1,-1
train/malignant/1471.jpg,train,malignant,1635,0.0,25206,88.0,1,-1
train/malignant/1472.jpg,train,malignant,1727,2.0,2386,74.0,1,-1
train/malignant/1473.jpg,train,malignant,1609,0.0,9968,88.0,1,-1
train/malignant/1474.jpg,train,malignant,1780,2.0,8567,80.0,1,-1
train/malignant/1475.jpg,train,malignant,1764,0.0,1919,88.0,1,-1
train/malignant/1476.jpg,train,malignant,1481,0.0,22966,86.0,1,-1
train/malignant/1477.jpg,train,malignant,1627,2.0,31511,68.0,1,-1
train/malignant/1478.jpg,train,malignant,1705,0.0,9957,86.0,1,-1
train/malignant/1479.jpg,train,malignant,1582,2.0,7656,74.0,1,-1
train/malignant/148.jpg,train,malignant,1943,90.0,31576,90.0,-1,-1
train/malignant/1480.jpg,train,malignant,1602,0.0,14482,78.0,1,-1
train/malignant/1481.jpg,train,malignant,1687,0.0,766,86.0,1,-1
train/malignant/1482.jpg,train,malignant,1486,4.0,8368,74.0,1,-1
train/malignant/1483.jpg,train,malignant,1787,2.0,9446,76.0,1,-1
train/malignant/1485.jpg,train,malignant,1535,2.0,16859,88.0,1,-1
train/malignant/1486.jpg,train,malignant,1560,2.0,27356,84.0,1,-1
train/malignant/1487.jpg,train,malignant,1515,0.0,5585,74.0,1,-1
train/malignant/1488.jpg,train,malignant,1585,0.0,23197,86.0,1,-1
train/malignant/149.jpg,train,malignant,1276,84.0,26325,78.0,-1,-1
train/malignant/1490.jpg,train,malignant,1715,2.0,6960,82.0,1,-1
train/malignant/1491.jpg,train,malignant,1799,0.0,25412,90.0,1,-1
train/malignant/1492.jpg,train,malignant,1624,0.0,20758,80.0,1,-1
train/malignant/1493.jpg,train,malignant,1567,2.0,8099,86.0,1,-1
train/malignant/1494.jpg,train,malignant,1644,0.0,18592,56.0,1,-1
train/malignant/1496.jpg,train,malignant,1737,2.0,9834,66.0,1,-1
train/malignant/1497.jpg,train,malignant,1682,0.0,3931,82.0,1,-1
train/malignant/1498.jpg,train,malignant,1661,0.0,27504,76.0,1,-1
train/malignant/15.jpg,train,malignant,3565,92.0,19071,90.0,-1,-1
train/malignant/150.jpg,train,malignant,3991,94.0,11506,90.0,-1,-1
train/malignant/1500.jpg,train,malignant,1855,2.0,15050,84.0,1,-1
train/malignant/151.jpg,train,malignant,753,88.0,7569,84.0,-1,-1
train/malignant/152.jpg,train,malignant,5226,86.0,17574,86.0,-1,-1
train/malignant/153.jpg,train,malignant,6002,84.0,9778,86.0,-1,-1
train/malignant/154.jpg,train,malignant,7757,90.0,6309,86.0,-1,-1
train/malignant/155.jpg,train,malignant,6799,86.0,10847,82.0,-1,-1
train/malignant/157.jpg,train,malignant,4219,86.0,25487,76.0,-1,-1
train/malignant/158.jpg,train,malignant,6842,86.0,2782,84.0,-1,-1
train/malignant/159.jpg,train,malignant,8870,84.0,18060,84.0,-1,-1
train/malignant/16.jpg,train,malignant,5664,84.0,16459,82.0,-1,-1
train/malignant/160.jpg,train,malignant,1170,86.0,8916,82.0,-1,-1
train/malignant/162.jpg,train,malignant,4260,78.0,7068,72.0,-1,-1
train/malignant/163.jpg,train,malignant,4175,84.0,14625,76.0,-1,-1
train/malignant/164.jpg,train,malignant,1057,92.0,22561,88.0,-1,-1
train/malignant/165.jpg,train,malignant,4424,94.0,7688,90.0,-1,-1
train/malignant/166.jpg,train,malignant,8510,86.0,22027,86.0,-1,-1
train/malignant/167.jpg,train,malignant,2057,84.0,736,82.0,-1,-1
train/malignant/168.jpg,train,malignant,5599,66.0,13093,78.0,-1,-1
train/malignant/169.jpg,train,malignant,9635,84.0,524,82.0,-1,-1
train/malignant/170.jpg,train,malignant,8912,78.0,19534,76.0,-1,-1
train/malignant/171.jpg,train,malignant,95,90.0,268,92.0,-1,-1
train/malignant/172.jpg,train,malignant,2401,78.0,29460,82.0,-1,-1
train/malignant/174.jpg,train,malignant,2603,94.0,6737,90.0,-1,-1
train/malignant/175.jpg,train,malignant,5219,94.0,11931,90.0,-1,-1
train/malignant/176.jpg,train,malignant,971,92.0,23878,88.0,-1,-1
train/malignant/177.jpg,train,malignant,6927,78.0,7642,68.0,-1,-1
train/malignant/178.jpg,train,malignant,5023,86.0,4049,86.0,-1,-1
train/malignant/18.jpg,train,malignant,6117,90.0,6034,90.0,-1,-1
train/malignant/180.jpg,train,malignant,787,86.0,1106,82.0,-1,-1
train/malignant/181.jpg,train,malignant,5550,70.0,3542,70.0,-1,-1
train/malignant/183.jpg,train,malignant,6735,86.0,1618,86.0,-1,-1
train/malignant/187.jpg,train,malignant,4245,86.0,24530,88.0,-1,-1
train/malignant/188.jpg,train,malignant,9312,90.0,29910,86.0,-1,-1
train/malignant/189.jpg,train,malignant,9066,86.0,29279,80.0,-1,-1
train/malignant/19.jpg,train,malignant,467,96.0,14847,92.0,-1,-1
train/malignant/191.jpg,train,malignant,5678,74.0,28664,78.0,-1,-1
train/malignant/192.jpg,train,malignant,8790,90.0,16425,90.0,-1,-1
train/malignant/194.jpg,train,malignant,3474,86.0,1279,84.0,-1,-1
train/malignant/197.jpg,train,malignant,1941,92.0,11774,88.0,-1,-1
train/malignant/198.jpg,train,malignant,8462,88.0,18049,82.0,-1,-1
train/malignant/199.jpg,train,malignant,2995,94.0,8789,94.0,-1,-1
train/malignant/2.jpg,train,malignant,2609,88.0,17300,78.0,-1,-1
train/malignant/20.jpg,train,malignant,5064,78.0,4061,76.0,-1,-1
train/malignant/201.jpg,train,malignant,6689,88.0,23452,78.0,-1,-1
train/malignant/202.jpg,train,malignant,1643,86.0,1119,82.0,-1,-1
train/malignant/203.jpg,train,malignant,9004,88.0,14085,86.0,-1,-1
train/malignant/204.jpg,train,malignant,2922,88.0,22330,88.0,-1,-1
train/malignant/205.jpg,train,malignant,5152,88.0,17512,90.0,-1,-1
train/malignant/206.jpg,train,malignant,2412,88.0,6716,80.0,-1,-1
train/malignant/207.jpg,train,malignant,1614,84.0,20544,82.0,-1,-1
train/malignant/209.jpg,train,malignant,8338,92.0,32216,88.0,-1,-1
train/malignant/21.jpg,train,malignant,9230,92.0,15252,90.0,-1,-1
train/malignant/210.jpg,train,malignant,2359,90.0,23660,88.0,-1,-1
train/malignant/211.jpg,train,malignant,1417,86.0,8840,90.0,-1,-1
train/malignant/212.jpg,train,malignant,6819,90.0,10517,90.0,-1,-1
train/malignant/213.jpg,train,malignant,7572,82.0,21930,92.0,-1,-1
train/malignant/214.jpg,train,malignant,7778,88.0,12595,86.0,-1,-1
train/malignant/215.jpg,train,malignant,1486,88.0,3209,88.0,-1,-1
train/malignant/216.jpg,train,malignant,3209,96.0,16142,90.0,-1,-1
train/malignant/217.jpg,train,malignant,160,92.0,22610,92.0,-1,-1
train/malignant/218.jpg,train,malignant,1709,88.0,16671,88.0,-1,-1
train/malignant/219.jpg,train,malignant,1456,92.0,4961,90.0,-1,-1
train/malignant/22.jpg,train,malignant,2401,78.0,14111,74.0,-1,-1
train/malignant/220.jpg,train,malignant,4,96.0,14860,92.0,-1,-1
train/malignant/221.jpg,train,malignant,4868,94.0,9912,90.0,-1,-1
train/malignant/222.jpg,train,malignant,2374,92.0,16636,90.0,-1,-1
train/malignant/223.jpg,train,malignant,2113,88.0,30352,86.0,-1,-1
train/malignant/224.jpg,train,malignant,3806,90.0,28721,86.0,-1,-1
train/malignant/225.jpg,train,malignant,5643,90.0,1849,88.0,-1,-1
train/malignant/226.jpg,train,malignant,803,86.0,6031,84.0,-1,-1
train/malignant/227.jpg,train,malignant,4255,86.0,3363,92.0,-1,-1
train/malignant/228.jpg,train,malignant,4539,92.0,5216,92.0,-1,-1
train/malignant/229.jpg,train,malignant,8961,74.0,5987,82.0,-1,-1
train/malignant/23.jpg,train,malignant,1317,76.0,5006,70.0,-1,-1
train/malignant/230.jpg,train,malignant,708,94.0,12314,94.0,-1,-1
train/malignant/233.jpg,train,malignant,836,94.0,6631,92.0,-1,-1
train/malignant/234.jpg,train,malignant,3291,96.0,11160,94.0,-1,-1
train/malignant/235.jpg,train,malignant,8151,88.0,11233,88.0,-1,-1
train/malignant/236.jpg,train,malignant,1433,88.0,26471,88.0,-1,-1
train/malignant/239.jpg,train,malignant,9580,82.0,11846,86.0,-1,-1
train/malignant/240.jpg,train,malignant,7810,84.0,19252,90.0,-1,-1
train/malignant/241.jpg,train,malignant,4892,88.0,2814,84.0,-1,-1
train/malignant/242.jpg,train,malignant,9771,88.0,22854,80.0,-1,-1
train/malignant/243.jpg,train,malignant,2910,84.0,26129,80.0,-1,-1
train/malignant/244.jpg,train,malignant,9018,86.0,26129,80.0,-1,-1
train/malignant/245.jpg,train,malignant,3604,88.0,16298,84.0,-1,-1
train/malignant/246.jpg,train,malignant,7697,86.0,23740,84.0,-1,-1
train/malignant/248.jpg,train,malignant,1902,90.0,11352,92.0,-1,-1
train/malignant/249.jpg,train,malignant,1051,94.0,27491,90.0,-1,-1
train/malignant/25.jpg,train,malignant,7048,76.0,9078,68.0,-1,-1
train/malignant/250.jpg,train,malignant,8156,60.0,7624,66.0,-1,-1
train/malignant/251.jpg,train,malignant,5884,88.0,14294,88.0,-1,-1
train/malignant/252.jpg,train,malignant,9120,90.0,12016,86.0,-1,-1
train/malignant/253.jpg,train,malignant,1609,90.0,16356,86.0,-1,-1
train/malignant/254.jpg,train,malignant,2838,84.0,5695,80.0,-1,-1
train/malignant/255.jpg,train,malignant,123,84.0,4476,82.0,-1,-1
train/malignant/259.jpg,train,malignant,3597,82.0,1219,84.0,-1,-1
train/malignant/26.jpg,train,malignant,2735,92.0,13735,94.0,-1,-1
train/malignant/261.jpg,train,malignant,1988,92.0,11401,94.0,-1,-1
train/malignant/262.jpg,train,malignant,3036,86.0,24295,84.0,-1,-1
train/malignant/263.jpg,train,malignant,1630,84.0,9986,78.0,-1,-1
train/malignant/264.jpg,train,malignant,1751,86.0,21884,92.0,-1,-1
train/malignant/265.jpg,train,malignant,7639,84.0,14434,88.0,-1,-1
train/malignant/266.jpg,train,malignant,400,86.0,12741,88.0,-1,-1
train/malignant/267.jpg,train,malignant,7392,84.0,582,80.0,-1,-1
train/malignant/268.jpg,train,malignant,1600,92.0,12824,90.0,-1,-1
train/malignant/269.jpg,train,malignant,1184,92.0,27980,90.0,-1,-1
train/malignant/27.jpg,train,malignant,8471,88.0,15485,86.0,-1,-1
train/malignant/270.jpg,train,malignant,23,90.0,6313,90.0,-1,-1
train/malignant/271.jpg,train,malignant,8028,84.0,9920,88.0,-1,-1
train/malignant/272.jpg,train,malignant,1070,94.0,21274,88.0,-1,-1
train/malignant/273.jpg,train,malignant,6038,82.0,9396,72.0,-1,-1
train/malignant/274.jpg,train,malignant,3455,92.0,7658,90.0,-1,-1
train/malignant/277.jpg,train,malignant,3309,78.0,15197,86.0,-1,-1
train/malignant/278.jpg,train,malignant,5778,88.0,14230,88.0,-1,-1
train/malignant/279.jpg,train,malignant,1944,88.0,2935,90.0,-1,-1
train/malignant/28.jpg,train,malignant,1038,88.0,4991,86.0,-1,-1
train/malignant/280.jpg,train,malignant,2509,86.0,14520,92.0,-1,-1
train/malignant/281.jpg,train,malignant,1436,74.0,8262,78.0,-1,-1
train/malignant/282.jpg,train,malignant,6542,76.0,4630,80.0,-1,-1
train/malignant/283.jpg,train,malignant,6366,86.0,14848,92.0,-1,-1
train/malignant/284.jpg,train,malignant,1783,92.0,1156,92.0,-1,-1
train/malignant/285.jpg,train,malignant,5828,90.0,10592,90.0,-1,-1
train/malignant/286.jpg,train,malignant,474,92.0,30994,92.0,-1,-1
train/malignant/287.jpg,train,malignant,9411,92.0,9722,94.0,-1,-1
train/malignant/288.jpg,train,malignant,3142,96.0,2307,90.0,-1,-1
train/malignant/289.jpg,train,malignant,1571,80.0,21292,78.0,-1,-1
train/malignant/29.jpg,train,malignant,1167,82.0,3972,80.0,-1,-1
train/malignant/290.jpg,train,malignant,4156,76.0,5425,86.0,-1,-1
train/malignant/291.jpg,train,malignant,6843,86.0,1873,86.0,-1,-1
train/malignant/292.jpg,train,malignant,1475,82.0,17736,84.0,-1,-1
train/malignant/293.jpg,train,malignant,7978,84.0,7385,86.0,-1,-1
train/malignant/294.jpg,train,malignant,7389,82.0,22036,82.0,-1,-1
train/malignant/295.jpg,train,malignant,9138,84.0,6475,82.0,-1,-1
train/malignant/296.jpg,train,malignant,8953,84.0,6475,80.0,-1,-1
train/malignant/297.jpg,train,malignant,8980,86.0,17459,86.0,-1,-1
train/malignant/298.jpg,train,malignant,7768,82.0,12216,80.0,-1,-1
train/malignant/299.jpg,train,malignant,9242,86.0,184,88.0,-1,-1
train/malignant/30.jpg,train,malignant,5764,84.0,15184,82.0,-1,-1
train/malignant/300.jpg,train,malignant,9043,86.0,24321,92.0,-1,-1
train/malignant/301.jpg,train,malignant,1050,90.0,17949,84.0,-1,-1
train/malignant/302.jpg,train,malignant,4220,86.0,16369,86.0,-1,-1
train/malignant/304.jpg,train,malignant,8364,80.0,3000,76.0,-1,-1
train/malignant/305.jpg,train,malignant,967,90.0,3525,84.0,-1,-1
train/malignant/306.jpg,train,malignant,7152,70.0,17058,86.0,-1,-1
train/malignant/308.jpg,train,malignant,4056,78.0,5180,84.0,-1,-1
train/malignant/309.jpg,train,malignant,9814,84.0,26340,82.0,-1,-1
train/malignant/31.jpg,train,malignant,8546,90.0,218,92.0,-1,-1
train/malignant/311.jpg,train,malignant,7081,86.0,9893,90.0,-1,-1
train/malignant/312.jpg,train,malignant,2578,86.0,5238,86.0,-1,-1
train/malignant/313.jpg,train,malignant,4374,88.0,23372,86.0,-1,-1
train/malignant/314.jpg,train,malignant,3939,90.0,30208,86.0,-1,-1
train/malignant/315.jpg,train,malignant,3917,90.0,5661,88.0,-1,-1
train/malignant/316.jpg,train,malignant,7704,86.0,23372,86.0,-1,-1
train/malignant/319.jpg,train,malignant,7704,86.0,23689,86.0,-1,-1
train/malignant/32.jpg,train,malignant,6809,76.0,233,72.0,-1,-1
train/malignant/320.jpg,train,malignant,7704,80.0,12879,90.0,-1,-1
train/malignant/321.jpg,train,malignant,7704,80.0,12879,90.0,-1,-1
train/malignant/323.jpg,train,malignant,4015,90.0,3418,90.0,-1,-1
train/malignant/324.jpg,train,malignant,9395,88.0,18099,90.0,-1,-1
train/malignant/325.jpg,train,malignant,588,94.0,10699,90.0,-1,-1
train/malignant/326.jpg,train,malignant,261,94.0,4043,92.0,-1,-1
train/malignant/327.jpg,train,malignant,4390,94.0,16910,82.0,-1,-1
train/malignant/328.jpg,train,malignant,7321,80.0,13585,88.0,-1,-1
train/malignant/329.jpg,train,malignant,7502,84.0,9462,82.0,-1,-1
train/malignant/330.jpg,train,malignant,6458,90.0,2241,88.0,-1,-1
train/malignant/331.jpg,train,malignant,259,92.0,11947,90.0,-1,-1
train/malignant/332.jpg,train,malignant,1613,96.0,8966,90.0,-1,-1
train/malignant/333.jpg,train,malignant,8349,90.0,32313,92.0,-1,-1
train/malignant/334.jpg,train,malignant,3100,94.0,21362,92.0,-1,-1
train/malignant/335.jpg,train,malignant,1067,84.0,28631,84.0,-1,-1
train/malignant/336.jpg,train,malignant,2459,84.0,29128,84.0,-1,-1
train/malignant/337.jpg,train,malignant,1371,86.0,15616,86.0,-1,-1
train/malignant/339.jpg,train,malignant,2902,88.0,22581,78.0,-1,-1
train/malignant/34.jpg,train,malignant,4775,90.0,4072,92.0,-1,-1
train/malignant/340.jpg,train,malignant,1613,88.0,2856,92.0,-1,-1
train/malignant/341.jpg,train,malignant,1572,92.0,6384,86.0,-1,-1
train/malignant/344.jpg,train,malignant,3652,88.0,672,88.0,-1,-1
train/malignant/345.jpg,train,malignant,8401,90.0,19589,90.0,-1,-1
train/malignant/346.jpg,train,malignant,3807,90.0,4467,90.0,-1,-1
train/malignant/347.jpg,train,malignant,1887,92.0,3264,90.0,-1,-1
train/malignant/349.jpg,train,malignant,4019,86.0,20932,86.0,-1,-1
train/malignant/35.jpg,train,malignant,3736,86.0,2287,88.0,-1,-1
train/malignant/350.jpg,train,malignant,6126,84.0,27511,80.0,-1,-1
train/malignant/351.jpg,train,malignant,5329,90.0,11499,92.0,-1,-1
train/malignant/352.jpg,train,malignant,4352,84.0,15918,90.0,-1,-1
train/malignant/353.jpg,train,malignant,1776,86.0,21337,82.0,-1,-1
train/malignant/354.jpg,train,malignant,7748,82.0,20767,80.0,-1,-1
train/malignant/357.jpg,train,malignant,456,80.0,11734,80.0,-1,-1
train/malignant/358.jpg,train,malignant,2998,82.0,15716,84.0,-1,-1
train/malignant/359.jpg,train,malignant,1384,80.0,18404,80.0,-1,-1
train/malignant/36.jpg,train,malignant,4928,86.0,7771,90.0,-1,-1
train/malignant/361.jpg,train,malignant,1228,88.0,29106,90.0,-1,-1
train/malignant/362.jpg,train,malignant,6658,88.0,6377,92.0,-1,-1
train/malignant/363.jpg,train,malignant,4245,74.0,14735,68.0,-1,-1
train/malignant/365.jpg,train,malignant,6883,86.0,947,94.0,-1,-1
train/malignant/366.jpg,train,malignant,7561,78.0,30950,78.0,-1,-1
train/malignant/367.jpg,train,malignant,8421,88.0,19051,86.0,-1,-1
train/malignant/368.jpg,train,malignant,8421,80.0,10712,82.0,-1,-1
train/malignant/369.jpg,train,malignant,9364,76.0,427,78.0,-1,-1
train/malignant/37.jpg,train,malignant,9859,90.0,12185,90.0,-1,-1
train/malignant/370.jpg,train,malignant,3542,82.0,10126,68.0,-1,-1
train/malignant/371.jpg,train,malignant,913,84.0,19692,82.0,-1,-1
train/malignant/372.jpg,train,malignant,3242,86.0,21693,84.0,-1,-1
train/malignant/373.jpg,train,malignant,5331,84.0,25243,88.0,-1,-1
train/malignant/374.jpg,train,malignant,8031,92.0,28115,92.0,-1,-1
train/malignant/376.jpg,train,malignant,8031,84.0,6007,86.0,-1,-1
train/malignant/377.jpg,train,malignant,807,90.0,740,88.0,-1,-1
train/malignant/378.jpg,train,malignant,1114,90.0,23488,84.0,-1,-1
train/malignant/379.jpg,train,malignant,7889,84.0,16211,86.0,-1,-1
train/malignant/38.jpg,train,malignant,1291,92.0,3808,90.0,-1,-1
train/malignant/380.jpg,train,malignant,3397,80.0,6215,86.0,-1,-1
train/malignant/383.jpg,train,malignant,2453,90.0,12299,84.0,-1,-1
train/malignant/385.jpg,train,malignant,3327,84.0,28254,82.0,-1,-1
train/malignant/386.jpg,train,malignant,1885,74.0,15364,84.0,-1,-1
train/malignant/387.jpg,train,malignant,1277,92.0,4594,90.0,-1,-1
train/malignant/388.jpg,train,malignant,4278,88.0,29019,86.0,-1,-1
train/malignant/391.jpg,train,malignant,9254,90.0,32252,88.0,-1,-1
train/malignant/392.jpg,train,malignant,5290,88.0,11265,90.0,-1,-1
train/malignant/393.jpg,train,malignant,5562,94.0,7895,92.0,-1,-1
train/malignant/395.jpg,train,malignant,276,88.0,12804,90.0,-1,-1
train/malignant/396.jpg,train,malignant,8163,82.0,287,84.0,-1,-1
train/malignant/397.jpg,train,malignant,3963,86.0,21061,86.0,-1,-1
train/malignant/398.jpg,train,malignant,3963,84.0,21732,86.0,-1,-1
train/malignant/40.jpg,train,malignant,5644,70.0,11449,72.0,-1,-1
train/malignant/400.jpg,train,malignant,4507,82.0,14995,82.0,-1,-1
train/malignant/401.jpg,train,malignant,1852,78.0,13417,82.0,-1,-1
train/malignant/403.jpg,train,malignant,9134,80.0,5201,84.0,-1,-1
train/malignant/404.jpg,train,malignant,1961,92.0,12455,90.0,-1,-1
train/malignant/406.jpg,train,malignant,7516,84.0,17825,82.0,-1,-1
train/malignant/408.jpg,train,malignant,1114,94.0,5716,94.0,-1,-1
train/malignant/41.jpg,train,malignant,6768,86.0,17347,86.0,-1,-1
train/malignant/410.jpg,train,malignant,1252,78.0,17381,74.0,-1,-1
train/malignant/411.jpg,train,malignant,4344,92.0,28212,88.0,-1,-1
train/malignant/412.jpg,train,malignant,3290,90.0,18926,92.0,-1,-1
train/malignant/413.jpg,train,malignant,6866,80.0,9456,84.0,-1,-1
train/malignant/414.jpg,train,malignant,2595,88.0,12315,72.0,-1,-1
train/malignant/415.jpg,train,malignant,2770,90.0,13847,90.0,-1,-1
train/malignant/416.jpg,train,malignant,8944,90.0,7093,88.0,-1,-1
train/malignant/417.jpg,train,malignant,9255,84.0,505,84.0,-1,-1
train/malignant/418.jpg,train,malignant,8585,90.0,8578,92.0,-1,-1
train/malignant/42.jpg,train,malignant,1012,90.0,24284,88.0,-1,-1
train/malignant/420.jpg,train,malignant,6542,80.0,2392,78.0,-1,-1
train/malignant/422.jpg,train,malignant,9119,82.0,12129,80.0,-1,-1
train/malignant/423.jpg,train,malignant,2571,84.0,13218,78.0,-1,-1
train/malignant/425.jpg,train,malignant,7555,78.0,12728,80.0,-1,-1
train/malignant/427.jpg,train,malignant,6695,92.0,9459,88.0,-1,-1
train/malignant/429.jpg,train,malignant,7173,84.0,30043,84.0,-1,-1
train/malignant/43.jpg,train,malignant,1780,84.0,12220,88.0,-1,-1
train/malignant/431.jpg,train,malignant,1668,86.0,19262,84.0,-1,-1
train/malignant/432.jpg,train,malignant,8508,90.0,27854,92.0,-1,-1
train/malignant/433.jpg,train,malignant,9195,54.0,2040,40.0,-1,-1
train/malignant/434.jpg,train,malignant,8767,66.0,20757,64.0,-1,-1
train/malignant/435.jpg,train,malignant,5877,86.0,11711,84.0,-1,-1
train/malignant/438.jpg,train,malignant,8496,78.0,2230,64.0,-1,-1
train/malignant/439.jpg,train,malignant,7348,86.0,21524,84.0,-1,-1
train/malignant/440.jpg,train,malignant,6198,78.0,21056,76.0,-1,-1
train/malignant/441.jpg,train,malignant,1088,88.0,13042,86.0,-1,-1
train/malignant/442.jpg,train,malignant,5108,88.0,4203,94.0,-1,-1
train/malignant/443.jpg,train,malignant,7561,86.0,3899,86.0,-1,-1
train/malignant/444.jpg,train,malignant,5415,82.0,17654,90.0,-1,-1
train/malignant/446.jpg,train,malignant,6183,82.0,3151,74.0,-1,-1
train/malignant/447.jpg,train,malignant,1711,80.0,7172,64.0,-1,-1
train/malignant/448.jpg,train,malignant,2115,80.0,16197,74.0,-1,-1
train/malignant/449.jpg,train,malignant,5676,80.0,3230,82.0,-1,-1
train/malignant/45.jpg,train,malignant,2732,78.0,9339,72.0,-1,-1
train/malignant/451.jpg,train,malignant,1170,82.0,2293,76.0,-1,-1
train/malignant/452.jpg,train,malignant,6921,82.0,18603,84.0,-1,-1
train/malignant/453.jpg,train,malignant,6974,70.0,1013,70.0,-1,-1
train/malignant/454.jpg,train,malignant,5716,92.0,25740,90.0,-1,-1
train/malignant/455.jpg,train,malignant,6296,90.0,8001,90.0,-1,-1
train/malignant/456.jpg,train,malignant,383,74.0,10645,60.0,-1,-1
train/malignant/457.jpg,train,malignant,5932,54.0,14853,58.0,-1,-1
train/malignant/458.jpg,train,malignant,6487,74.0,555,68.0,-1,-1
train/malignant/460.jpg,train,malignant,7116,68.0,7627,64.0,-1,-1
train/malignant/461.jpg,train,malignant,6487,74.0,555,68.0,-1,-1
train/malignant/462.jpg,train,malignant,8949,56.0,27697,54.0,-1,-1
train/malignant/464.jpg,train,malignant,984,94.0,25757,92.0,-1,-1
train/malignant/465.jpg,train,malignant,2929,86.0,430,84.0,-1,-1
train/malignant/466.jpg,train,malignant,5161,76.0,10444,76.0,-1,-1
train/malignant/467.jpg,train,malignant,383,72.0,1026,60.0,-1,-1
train/malignant/468.jpg,train,malignant,1563,86.0,31669,86.0,-1,-1
train/malignant/469.jpg,train,malignant,4324,76.0,29882,66.0,-1,-1
train/malignant/47.jpg,train,malignant,2629,92.0,12595,86.0,-1,-1
train/malignant/470.jpg,train,malignant,263,82.0,7763,82.0,-1,-1
train/malignant/471.jpg,train,malignant,9244,72.0,7652,74.0,-1,-1
train/malignant/472.jpg,train,malignant,2771,88.0,11297,84.0,-1,-1
train/malignant/473.jpg,train,malignant,6226,80.0,32627,72.0,-1,-1
train/malignant/475.jpg,train,malignant,9645,84.0,17119,82.0,-1,-1
train/malignant/476.jpg,train,malignant,1553,80.0,32627,82.0,-1,-1
train/malignant/477.jpg,train,malignant,2583,74.0,18571,60.0,-1,-1
train/malignant/478.jpg,train,malignant,3412,88.0,31928,86.0,-1,-1
train/malignant/48.jpg,train,malignant,8405,88.0,3388,90.0,-1,-1
train/malignant/480.jpg,train,malignant,217,86.0,23811,88.0,-1,-1
train/malignant/481.jpg,train,malignant,2583,70.0,8543,70.0,-1,-1
train/malignant/482.jpg,train,malignant,7289,84.0,28854,84.0,-1,-1
train/malignant/484.jpg,train,malignant,638,86.0,24397,76.0,-1,-1
train/malignant/485.jpg,train,malignant,6765,70.0,24182,60.0,-1,-1
train/malignant/486.jpg,train,malignant,1825,78.0,5032,64.0,-1,-1
train/malignant/487.jpg,train,malignant,101,90.0,125,84.0,-1,-1
train/malignant/488.jpg,train,malignant,2974,84.0,21123,74.0,-1,-1
train/malignant/489.jpg,train,malignant,2583,80.0,8543,74.0,-1,-1
train/malignant/49.jpg,train,malignant,8783,86.0,7845,82.0,-1,-1
train/malignant/490.jpg,train,malignant,1170,80.0,17119,68.0,-1,-1
train/malignant/491.jpg,train,malignant,9068,76.0,19928,70.0,-1,-1
train/malignant/492.jpg,train,malignant,5121,82.0,1673,74.0,-1,-1
train/malignant/493.jpg,train,malignant,7289,70.0,25664,68.0,-1,-1
train/malignant/494.jpg,train,malignant,2791,80.0,14898,74.0,-1,-1
train/malignant/495.jpg,train,malignant,145,76.0,11211,78.0,-1,-1
train/malignant/496.jpg,train,malignant,6487,82.0,4351,78.0,-1,-1
train/malignant/497.jpg,train,malignant,435,78.0,6824,76.0,-1,-1
train/malignant/498.jpg,train,malignant,7265,84.0,13093,88.0,-1,-1
train/malignant/499.jpg,train,malignant,923,92.0,9263,84.0,-1,-1
train/malignant/5.jpg,train,malignant,5095,88.0,13042,86.0,-1,-1
train/malignant/50.jpg,train,malignant,241,88.0,31949,86.0,-1,-1
train/malignant/500.jpg,train,malignant,6758,88.0,35,90.0,-1,-1
train/malignant/502.jpg,train,malignant,1170,78.0,8543,58.0,-1,-1
train/malignant/503.jpg,train,malignant,7065,78.0,30884,62.0,-1,-1
train/malignant/505.jpg,train,malignant,6155,84.0,2953,80.0,-1,-1
train/malignant/506.jpg,train,malignant,597,86.0,25633,86.0,-1,-1
train/malignant/509.jpg,train,malignant,8995,72.0,2981,72.0,-1,-1
train/malignant/51.jpg,train,malignant,929,82.0,4149,82.0,-1,-1
train/malignant/510.jpg,train,malignant,770,76.0,2639,68.0,-1,-1
train/malignant/512.jpg,train,malignant,1170,74.0,698,74.0,-1,-1
train/malignant/513.jpg,train,malignant,6688,82.0,26556,78.0,-1,-1
train/malignant/514.jpg,train,malignant,7065,70.0,28337,66.0,-1,-1
train/malignant/515.jpg,train,malignant,3120,90.0,26584,84.0,-1,-1
train/malignant/516.jpg,train,malignant,2550,76.0,1026,70.0,-1,-1
train/malignant/517.jpg,train,malignant,2316,88.0,20794,84.0,-1,-1
train/malignant/518.jpg,train,malignant,2127,90.0,6189,84.0,-1,-1
train/malignant/520.jpg,train,malignant,4246,88.0,16033,92.0,-1,-1
train/malignant/521.jpg,train,malignant,1170,74.0,12383,58.0,-1,-1
train/malignant/522.jpg,train,malignant,1142,84.0,5904,74.0,-1,-1
train/malignant/523.jpg,train,malignant,4853,84.0,1455,82.0,-1,-1
train/malignant/524.jpg,train,malignant,27,84.0,11251,80.0,-1,-1
train/malignant/525.jpg,train,malignant,787,84.0,10766,66.0,-1,-1
train/malignant/526.jpg,train,malignant,7103,78.0,493,64.0,-1,-1
train/malignant/527.jpg,train,malignant,1170,68.0,14898,62.0,-1,-1
train/malignant/529.jpg,train,malignant,7568,84.0,4630,82.0,-1,-1
train/malignant/53.jpg,train,malignant,215,92.0,195,92.0,-1,-1
train/malignant/530.jpg,train,malignant,6807,86.0,8060,84.0,-1,-1
train/malignant/531.jpg,train,malignant,1170,80.0,23245,74.0,-1,-1
train/malignant/532.jpg,train,malignant,7065,76.0,5032,62.0,-1,-1
train/malignant/533.jpg,train,malignant,199,90.0,12787,88.0,-1,-1
train/malignant/534.jpg,train,malignant,2416,76.0,29100,64.0,-1,-1
train/malignant/535.jpg,train,malignant,8500,94.0,30247,78.0,-1,-1
train/malignant/537.jpg,train,malignant,1355,90.0,6373,76.0,-1,-1
train/malignant/538.jpg,train,malignant,770,86.0,698,78.0,-1,-1
train/malignant/539.jpg,train,malignant,6793,88.0,12361,80.0,-1,-1
train/malignant/540.jpg,train,malignant,1735,88.0,21076,86.0,-1,-1
train/malignant/541.jpg,train,malignant,5142,74.0,9189,68.0,-1,-1
train/malignant/542.jpg,train,malignant,770,82.0,8101,68.0,-1,-1
train/malignant/543.jpg,train,malignant,848,94.0,2069,90.0,-1,-1
train/malignant/544.jpg,train,malignant,9447,66.0,9232,58.0,-1,-1
train/malignant/545.jpg,train,malignant,9392,86.0,32627,78.0,-1,-1
train/malignant/547.jpg,train,malignant,4804,76.0,11690,72.0,-1,-1
train/malignant/548.jpg,train,malignant,6814,84.0,31745,86.0,-1,-1
train/malignant/549.jpg,train,malignant,770,86.0,9028,78.0,-1,-1
train/malignant/55.jpg,train,malignant,9063,86.0,2208,84.0,-1,-1
train/malignant/550.jpg,train,malignant,2587,76.0,13015,72.0,-1,-1
train/malignant/551.jpg,train,malignant,9990,84.0,32627,54.0,-1,-1
train/malignant/552.jpg,train,malignant,141,82.0,3082,62.0,-1,-1
train/malignant/553.jpg,train,malignant,3428,92.0,2559,90.0,-1,-1
train/malignant/555.jpg,train,malignant,1246,78.0,25967,84.0,-1,-1
train/malignant/557.jpg,train,malignant,8819,86.0,20900,78.0,-1,-1
train/malignant/558.jpg,train,malignant,383,86.0,25442,76.0,-1,-1
train/malignant/559.jpg,train,malignant,1553,74.0,20274,66.0,-1,-1
train/malignant/56.jpg,train,malignant,5153,92.0,12917,90.0,-1,-1
train/malignant/560.jpg,train,malignant,1553,88.0,7943,74.0,-1,-1
train/malignant/561.jpg,train,malignant,2379,88.0,25727,86.0,-1,-1
train/malignant/563.jpg,train,malignant,5225,92.0,23058,88.0,-1,-1
train/malignant/564.jpg,train,malignant,8053,84.0,7501,88.0,-1,-1
train/malignant/565.jpg,train,malignant,3144,92.0,21435,82.0,-1,-1
train/malignant/566.jpg,train,malignant,4314,84.0,5507,86.0,-1,-1
train/malignant/567.jpg,train,malignant,9019,76.0,25369,76.0,-1,-1
train/malignant/569.jpg,train,malignant,1441,94.0,14732,88.0,-1,-1
train/malignant/571.jpg,train,malignant,2579,88.0,24724,82.0,-1,-1
train/malignant/574.jpg,train,malignant,856,82.0,13015,62.0,-1,-1
train/malignant/576.jpg,train,malignant,770,76.0,16962,74.0,-1,-1
train/malignant/577.jpg,train,malignant,672,88.0,28195,84.0,-1,-1
train/malignant/578.jpg,train,malignant,6865,86.0,32351,82.0,-1,-1
train/malignant/579.jpg,train,malignant,78,84.0,2144,86.0,-1,-1
train/malignant/580.jpg,train,malignant,904,80.0,524,82.0,-1,-1
train/malignant/581.jpg,train,malignant,773,82.0,10,76.0,-1,-1
train/malignant/582.jpg,train,malignant,1170,68.0,5996,56.0,-1,-1
train/malignant/583.jpg,train,malignant,3669,94.0,12069,88.0,-1,-1
train/malignant/584.jpg,train,malignant,6862,76.0,4361,70.0,-1,-1
train/malignant/585.jpg,train,malignant,1170,82.0,17119,56.0,-1,-1
train/malignant/586.jpg,train,malignant,1170,82.0,6698,70.0,-1,-1
train/malignant/587.jpg,train,malignant,1170,76.0,10539,70.0,-1,-1
train/malignant/588.jpg,train,malignant,1170,76.0,3812,68.0,-1,-1
train/malignant/589.jpg,train,malignant,1492,72.0,20491,66.0,-1,-1
train/malignant/59.jpg,train,malignant,2647,90.0,8252,86.0,-1,-1
train/malignant/591.jpg,train,malignant,6952,92.0,2460,84.0,-1,-1
train/malignant/594.jpg,train,malignant,1553,80.0,22667,76.0,-1,-1
train/malignant/595.jpg,train,malignant,1285,84.0,17022,80.0,-1,-1
train/malignant/597.jpg,train,malignant,6409,82.0,31623,72.0,-1,-1
train/malignant/598.jpg,train,malignant,2545,80.0,9028,78.0,-1,-1
train/malignant/599.jpg,train,malignant,1786,82.0,23245,68.0,-1,-1
train/malignant/6.jpg,train,malignant,8860,84.0,749,82.0,-1,-1
train/malignant/60.jpg,train,malignant,8873,86.0,29384,86.0,-1,-1
train/malignant/600.jpg,train,malignant,7997,86.0,11071,86.0,-1,-1
train/malignant/601.jpg,train,malignant,1553,78.0,7943,70.0,-1,-1
train/malignant/604.jpg,train,malignant,801,82.0,10321,62.0,-1,-1
train/malignant/605.jpg,train,malignant,3796,74.0,9028,68.0,-1,-1
train/malignant/606.jpg,train,malignant,7099,84.0,21186,72.0,-1,-1
train/malignant/607.jpg,train,malignant,7099,88.0,15682,72.0,-1,-1
train/malignant/608.jpg,train,malignant,1167,82.0,455,76.0,-1,-1
train/malignant/609.jpg,train,malignant,770,78.0,7476,0.0,-1,1
train/malignant/61.jpg,train,malignant,4836,94.0,3906,92.0,-1,-1
train/malignant/610.jpg,train,malignant,1170,78.0,6932,72.0,-1,-1
train/malignant/611.jpg,train,malignant,7065,74.0,24918,60.0,-1,-1
train/malignant/612.jpg,train,malignant,770,76.0,32627,60.0,-1,-1
train/malignant/613.jpg,train,malignant,7099,76.0,3141,72.0,-1,-1
train/malignant/616.jpg,train,malignant,9154,72.0,29212,72.0,-1,-1
train/malignant/617.jpg,train,malignant,1124,76.0,477,70.0,-1,-1
train/malignant/618.jpg,train,malignant,8110,82.0,758,4.0,-1,1
train/malignant/620.jpg,train,malignant,904,92.0,19768,76.0,-1,-1
train/malignant/621.jpg,train,malignant,1494,72.0,3748,64.0,-1,-1
train/malignant/622.jpg,train,malignant,1170,66.0,3082,52.0,-1,-1
train/malignant/623.jpg,train,malignant,1170,62.0,3082,48.0,-1,-1
train/malignant/624.jpg,train,malignant,7053,78.0,2850,66.0,-1,-1
train/malignant/625.jpg,train,malignant,6871,86.0,30845,66.0,-1,-1
train/malignant/626.jpg,train,malignant,1170,86.0,1612,76.0,-1,-1
train/malignant/627.jpg,train,malignant,8657,80.0,18457,70.0,-1,-1
train/malignant/629.jpg,train,malignant,1170,70.0,16676,58.0,-1,-1
train/malignant/63.jpg,train,malignant,7102,90.0,13885,84.0,-1,-1
train/malignant/630.jpg,train,malignant,6993,78.0,3141,72.0,-1,-1
train/malignant/631.jpg,train,malignant,8865,82.0,32627,68.0,-1,-1
train/malignant/632.jpg,train,malignant,1170,72.0,17525,72.0,-1,-1
train/malignant/633.jpg,train,malignant,888,84.0,5972,68.0,-1,-1
train/malignant/634.jpg,train,malignant,7870,74.0,8980,2.0,-1,1
train/malignant/635.jpg,train,malignant,1170,78.0,11489,4.0,-1,1
train/malignant/636.jpg,train,malignant,1038,92.0,19921,84.0,-1,-1
train/malignant/637.jpg,train,malignant,1170,68.0,2263,56.0,-1,-1
train/malignant/639.jpg,train,malignant,2595,82.0,20274,78.0,-1,-1
train/malignant/64.jpg,train,malignant,2359,90.0,4925,90.0,-1,-1
train/malignant/640.jpg,train,malignant,6516,90.0,9018,88.0,-1,-1
train/malignant/642.jpg,train,malignant,7514,72.0,32634,60.0,-1,-1
train/malignant/644.jpg,train,malignant,1170,72.0,17119,52.0,-1,-1
train/malignant/645.jpg,train,malignant,770,82.0,18571,62.0,-1,-1
train/malignant/646.jpg,train,malignant,904,82.0,11809,76.0,-1,-1
train/malignant/647.jpg,train,malignant,1142,80.0,15682,78.0,-1,-1
train/malignant/648.jpg,train,malignant,2199,88.0,9499,88.0,-1,-1
train/malignant/649.jpg,train,malignant,2470,90.0,1047,86.0,-1,-1
train/malignant/650.jpg,train,malignant,197,96.0,23086,84.0,-1,-1
train/malignant/651.jpg,train,malignant,2922,86.0,19206,86.0,-1,-1
train/malignant/652.jpg,train,malignant,7484,86.0,15263,84.0,-1,-1
train/malignant/654.jpg,train,malignant,4062,86.0,2418,90.0,-1,-1
train/malignant/655.jpg,train,malignant,2007,90.0,30132,90.0,-1,-1
train/malignant/656.jpg,train,malignant,1631,84.0,26340,84.0,-1,-1
train/malignant/657.jpg,train,malignant,8765,86.0,10145,88.0,-1,-1
train/malignant/659.jpg,train,malignant,5315,76.0,15744,76.0,-1,-1
train/malignant/661.jpg,train,malignant,6586,90.0,14011,84.0,-1,-1
train/malignant/662.jpg,train,malignant,3008,86.0,29033,82.0,-1,-1
train/malignant/663.jpg,train,malignant,5688,84.0,6865,82.0,-1,-1
train/malignant/664.jpg,train,malignant,1764,86.0,1375,86.0,-1,-1
train/malignant/665.jpg,train,malignant,7713,88.0,24178,86.0,-1,-1
train/malignant/666.jpg,train,malignant,7916,94.0,18526,88.0,-1,-1
train/malignant/668.jpg,train,malignant,5225,94.0,2746,94.0,-1,-1
train/malignant/669.jpg,train,malignant,1998,84.0,23931,88.0,-1,-1
train/malignant/67.jpg,train,malignant,925,92.0,4836,84.0,-1,-1
train/malignant/671.jpg,train,malignant,7054,74.0,15275,76.0,-1,-1
train/malignant/672.jpg,train,malignant,9216,86.0,7159,84.0,-1,-1
train/malignant/673.jpg,train,malignant,7860,66.0,20879,66.0,-1,-1
train/malignant/675.jpg,train,malignant,4688,90.0,4729,88.0,-1,-1
train/malignant/676.jpg,train,malignant,8597,74.0,22694,70.0,-1,-1
train/malignant/677.jpg,train,malignant,5497,86.0,3744,92.0,-1,-1
train/malignant/678.jpg,train,malignant,4833,78.0,11937,84.0,-1,-1
train/malignant/680.jpg,train,malignant,7696,90.0,7810,88.0,-1,-1
train/malignant/681.jpg,train,malignant,2209,96.0,28354,88.0,-1,-1
train/malignant/682.jpg,train,malignant,6122,90.0,18330,90.0,-1,-1
train/malignant/683.jpg,train,malignant,9425,92.0,1943,92.0,-1,-1
train/malignant/684.jpg,train,malignant,436,88.0,7279,82.0,-1,-1
train/malignant/685.jpg,train,malignant,5393,88.0,10023,86.0,-1,-1
train/malignant/687.jpg,train,malignant,3982,78.0,1228,74.0,-1,-1
train/malignant/688.jpg,train,malignant,5110,92.0,25088,88.0,-1,-1
train/malignant/689.jpg,train,malignant,513,90.0,7223,88.0,-1,-1
train/malignant/69.jpg,train,malignant,8017,82.0,7426,84.0,-1,-1
train/malignant/690.jpg,train,malignant,7924,76.0,2761,68.0,-1,-1
train/malignant/691.jpg,train,malignant,7852,86.0,12582,86.0,-1,-1
train/malignant/692.jpg,train,malignant,4467,90.0,7137,88.0,-1,-1
train/malignant/693.jpg,train,malignant,5891,92.0,31847,88.0,-1,-1
train/malignant/695.jpg,train,malignant,3584,86.0,15308,80.0,-1,-1
train/malignant/697.jpg,train,malignant,4145,86.0,28522,88.0,-1,-1
train/malignant/698.jpg,train,malignant,7697,80.0,25391,90.0,-1,-1
train/malignant/699.jpg,train,malignant,1066,88.0,30186,88.0,-1,-1
train/malignant/7.jpg,train,malignant,6751,82.0,159,80.0,-1,-1
train/malignant/70.jpg,train,malignant,3066,92.0,15094,86.0,-1,-1
train/malignant/700.jpg,train,malignant,618,90.0,2256,94.0,-1,-1
train/malignant/701.jpg,train,malignant,3380,86.0,21337,88.0,-1,-1
train/malignant/702.jpg,train,malignant,3829,76.0,15982,80.0,-1,-1
train/malignant/703.jpg,train,malignant,1900,82.0,23811,82.0,-1,-1
train/malignant/704.jpg,train,malignant,93,84.0,3977,86.0,-1,-1
train/malignant/705.jpg,train,malignant,1284,86.0,30096,86.0,-1,-1
train/malignant/707.jpg,train,malignant,2300,90.0,9925,84.0,-1,-1
train/malignant/708.jpg,train,malignant,1913,90.0,8307,92.0,-1,-1
train/malignant/71.jpg,train,malignant,3362,92.0,17213,90.0,-1,-1
train/malignant/710.jpg,train,malignant,106,86.0,23224,88.0,-1,-1
train/malignant/711.jpg,train,malignant,8729,88.0,9078,84.0,-1,-1
train/malignant/712.jpg,train,malignant,2434,92.0,15630,88.0,-1,-1
train/malignant/714.jpg,train,malignant,6502,88.0,8545,86.0,-1,-1
train/malignant/715.jpg,train,malignant,167,82.0,21605,88.0,-1,-1
train/malignant/716.jpg,train,malignant,286,92.0,31388,88.0,-1,-1
train/malignant/717.jpg,train,malignant,1836,84.0,2430,84.0,-1,-1
train/malignant/718.jpg,train,malignant,5499,88.0,10686,82.0,-1,-1
train/malignant/719.jpg,train,malignant,29,86.0,11439,88.0,-1,-1
train/malignant/72.jpg,train,malignant,7923,78.0,14843,76.0,-1,-1
train/malignant/720.jpg,train,malignant,570,96.0,6856,92.0,-1,-1
train/malignant/721.jpg,train,malignant,1631,90.0,22352,92.0,-1,-1
train/malignant/722.jpg,train,malignant,8421,86.0,27494,88.0,-1,-1
train/malignant/723.jpg,train,malignant,5830,90.0,27808,90.0,-1,-1
train/malignant/724.jpg,train,malignant,4647,90.0,6158,88.0,-1,-1
train/malignant/725.jpg,train,malignant,4915,88.0,21323,86.0,-1,-1
train/malignant/726.jpg,train,malignant,2265,66.0,8109,56.0,-1,-1
train/malignant/727.jpg,train,malignant,2400,86.0,13015,88.0,-1,-1
train/malignant/728.jpg,train,malignant,6807,80.0,26994,80.0,-1,-1
train/malignant/729.jpg,train,malignant,4244,90.0,10016,88.0,-1,-1
train/malignant/730.jpg,train,malignant,1295,90.0,10905,86.0,-1,-1
train/malignant/731.jpg,train,malignant,7453,88.0,7555,82.0,-1,-1
train/malignant/732.jpg,train,malignant,1681,96.0,617,96.0,-1,-1
train/malignant/733.jpg,train,malignant,1942,90.0,1120,86.0,-1,-1
train/malignant/734.jpg,train,malignant,871,90.0,14801,80.0,-1,-1
train/malignant/736.jpg,train,malignant,9561,86.0,8150,88.0,-1,-1
train/malignant/737.jpg,train,malignant,6962,82.0,16911,76.0,-1,-1
train/malignant/738.jpg,train,malignant,1521,92.0,17892,88.0,-1,-1
train/malignant/740.jpg,train,malignant,8972,88.0,7363,88.0,-1,-1
train/malignant/741.jpg,train,malignant,563,94.0,6859,86.0,-1,-1
train/malignant/742.jpg,train,malignant,2200,86.0,10050,90.0,-1,-1
train/malignant/743.jpg,train,malignant,7191,84.0,21147,84.0,-1,-1
train/malignant/745.jpg,train,malignant,809,90.0,21698,88.0,-1,-1
train/malignant/746.jpg,train,malignant,9182,82.0,21902,78.0,-1,-1
train/malignant/748.jpg,train,malignant,3315,94.0,13342,90.0,-1,-1
train/malignant/75.jpg,train,malignant,822,88.0,7106,82.0,-1,-1
train/malignant/750.jpg,train,malignant,6757,90.0,32009,86.0,-1,-1
train/malignant/751.jpg,train,malignant,1647,62.0,3714,56.0,-1,-1
train/malignant/752.jpg,train,malignant,8789,84.0,7263,86.0,-1,-1
train/malignant/753.jpg,train,malignant,4644,84.0,9645,86.0,-1,-1
train/malignant/754.jpg,train,malignant,1753,94.0,13441,90.0,-1,-1
train/malignant/755.jpg,train,malignant,9283,86.0,23715,88.0,-1,-1
train/malignant/756.jpg,train,malignant,1616,88.0,16203,84.0,-1,-1
train/malignant/758.jpg,train,malignant,9632,94.0,22680,90.0,-1,-1
train/malignant/76.jpg,train,malignant,7055,74.0,5724,82.0,-1,-1
train/malignant/760.jpg,train,malignant,9228,74.0,26254,76.0,-1,-1
train/malignant/761.jpg,train,malignant,8185,88.0,18085,86.0,-1,-1
train/malignant/764.jpg,train,malignant,2416,62.0,10094,68.0,-1,-1
train/malignant/765.jpg,train,malignant,4955,74.0,3494,76.0,-1,-1
train/malignant/766.jpg,train,malignant,3028,86.0,11196,82.0,-1,-1
train/malignant/768.jpg,train,malignant,178,96.0,17211,88.0,-1,-1
train/malignant/769.jpg,train,malignant,178,96.0,17211,88.0,-1,-1
train/malignant/77.jpg,train,malignant,3327,84.0,28023,82.0,-1,-1
train/malignant/770.jpg,train,malignant,7181,84.0,12449,80.0,-1,-1
train/malignant/772.jpg,train,malignant,9438,82.0,2894,86.0,-1,-1
train/malignant/774.jpg,train,malignant,8447,82.0,2447,86.0,-1,-1
train/malignant/775.jpg,train,malignant,68,56.0,13409,54.0,-1,-1
train/malignant/777.jpg,train,malignant,7139,90.0,13039,80.0,-1,-1
train/malignant/779.jpg,train,malignant,1605,92.0,2572,90.0,-1,-1
train/malignant/78.jpg,train,malignant,6820,74.0,14623,74.0,-1,-1
train/malignant/780.jpg,train,malignant,4087,88.0,31085,88.0,-1,-1
train/malignant/781.jpg,train,malignant,1264,88.0,19446,82.0,-1,-1
train/malignant/782.jpg,train,malignant,283,96.0,24243,92.0,-1,-1
train/malignant/783.jpg,train,malignant,7624,94.0,31366,92.0,-1,-1
train/malignant/784.jpg,train,malignant,7622,90.0,22858,84.0,-1,-1
train/malignant/785.jpg,train,malignant,3982,92.0,5330,86.0,-1,-1
train/malignant/786.jpg,train,malignant,4219,82.0,22305,78.0,-1,-1
train/malignant/787.jpg,train,malignant,8440,82.0,18077,70.0,-1,-1
train/malignant/789.jpg,train,malignant,8862,90.0,15444,84.0,-1,-1
train/malignant/79.jpg,train,malignant,6222,82.0,5216,84.0,-1,-1
train/malignant/790.jpg,train,malignant,87,96.0,30334,90.0,-1,-1
train/malignant/791.jpg,train,malignant,7374,90.0,19543,84.0,-1,-1
train/malignant/793.jpg,train,malignant,97,94.0,23837,88.0,-1,-1
train/malignant/795.jpg,train,malignant,7246,90.0,10191,86.0,-1,-1
train/malignant/796.jpg,train,malignant,9241,92.0,2881,88.0,-1,-1
train/malignant/798.jpg,train,malignant,9206,84.0,16152,86.0,-1,-1
train/malignant/799.jpg,train,malignant,3871,86.0,6505,76.0,-1,-1
train/malignant/80.jpg,train,malignant,7124,62.0,765,56.0,-1,-1
train/malignant/800.jpg,train,malignant,5391,92.0,802,90.0,-1,-1
train/malignant/801.jpg,train,malignant,761,88.0,12559,82.0,-1,-1
train/malignant/802.jpg,train,malignant,3555,92.0,10259,90.0,-1,-1
train/malignant/803.jpg,train,malignant,9244,80.0,23690,76.0,-1,-1
train/malignant/805.jpg,train,malignant,5075,80.0,3165,78.0,-1,-1
train/malignant/806.jpg,train,malignant,2901,70.0,15424,60.0,-1,-1
train/malignant/807.jpg,train,malignant,9261,56.0,21586,50.0,-1,-1
train/malignant/809.jpg,train,malignant,7244,80.0,7420,72.0,-1,-1
train/malignant/810.jpg,train,malignant,9343,82.0,28426,80.0,-1,-1
train/malignant/811.jpg,train,malignant,8368,92.0,25482,88.0,-1,-1
train/malignant/812.jpg,train,malignant,7046,90.0,2395,84.0,-1,-1
train/malignant/813.jpg,train,malignant,1451,2.0,24419,84.0,1,-1
train/malignant/814.jpg,train,malignant,2130,0.0,3539,68.0,1,-1
train/malignant/815.jpg,train,malignant,1327,2.0,32264,76.0,1,-1
train/malignant/816.jpg,train,malignant,2126,2.0,30195,90.0,1,-1
train/malignant/818.jpg,train,malignant,2082,2.0,20815,88.0,1,-1
train/malignant/819.jpg,train,malignant,1248,0.0,12945,78.0,1,-1
train/malignant/82.jpg,train,malignant,7538,88.0,11846,86.0,-1,-1
train/malignant/820.jpg,train,malignant,1400,2.0,7839,78.0,1,-1
train/malignant/821.jpg,train,malignant,2271,0.0,29226,76.0,1,-1
train/malignant/823.jpg,train,malignant,1932,2.0,19897,90.0,1,-1
train/malignant/824.jpg,train,malignant,1250,6.0,29306,50.0,1,-1
train/malignant/825.jpg,train,malignant,1674,0.0,12346,88.0,1,-1
train/malignant/827.jpg,train,malignant,2071,2.0,24015,82.0,1,-1
train/malignant/828.jpg,train,malignant,2061,0.0,23394,86.0,1,-1
train/malignant/829.jpg,train,malignant,1429,2.0,32263,80.0,1,-1
train/malignant/83.jpg,train,malignant,1313,76.0,9276,76.0,-1,-1
train/malignant/830.jpg,train,malignant,1275,2.0,31227,90.0,1,-1
train/malignant/831.jpg,train,malignant,2060,4.0,24683,86.0,1,-1
train/malignant/833.jpg,train,malignant,2184,4.0,2768,84.0,1,-1
train/malignant/834.jpg,train,malignant,2056,4.0,22918,88.0,1,-1
train/malignant/835.jpg,train,malignant,1226,2.0,10939,60.0,1,-1
train/malignant/837.jpg,train,malignant,2240,4.0,4324,88.0,1,-1
train/malignant/84.jpg,train,malignant,47,92.0,8726,86.0,-1,-1
train/malignant/840.jpg,train,malignant,2180,2.0,3856,86.0,1,-1
train/malignant/841.jpg,train,malignant,2154,2.0,9929,82.0,1,-1
train/malignant/842.jpg,train,malignant,1369,2.0,22445,68.0,1,-1
train/malignant/843.jpg,train,malignant,2187,0.0,1061,86.0,1,-1
train/malignant/844.jpg,train,malignant,1965,0.0,31282,86.0,1,-1
train/malignant/845.jpg,train,malignant,2008,0.0,13592,88.0,1,-1
train/malignant/846.jpg,train,malignant,1989,4.0,12284,90.0,1,-1
train/malignant/847.jpg,train,malignant,1335,0.0,30053,78.0,1,-1
train/malignant/848.jpg,train,malignant,1265,0.0,5125,80.0,1,-1
train/malignant/849.jpg,train,malignant,1433,0.0,1371,84.0,1,-1
train/malignant/850.jpg,train,malignant,2221,2.0,17851,88.0,1,-1
train/malignant/851.jpg,train,malignant,2307,2.0,46,92.0,1,-1
train/malignant/853.jpg,train,malignant,1347,2.0,14640,82.0,1,-1
train/malignant/854.jpg,train,malignant,1302,2.0,6257,86.0,1,-1
train/malignant/855.jpg,train,malignant,2204,0.0,10628,76.0,1,-1
train/malignant/856.jpg,train,malignant,1940,2.0,15175,88.0,1,-1
train/malignant/857.jpg,train,malignant,1954,0.0,1763,86.0,1,-1
train/malignant/858.jpg,train,malignant,1424,0.0,10592,86.0,1,-1
train/malignant/86.jpg,train,malignant,5206,86.0,28412,86.0,-1,-1
train/malignant/860.jpg,train,malignant,1454,0.0,9412,78.0,1,-1
train/malignant/861.jpg,train,malignant,1387,2.0,26156,66.0,1,-1
train/malignant/862.jpg,train,malignant,1311,0.0,15434,82.0,1,-1
train/malignant/863.jpg,train,malignant,1284,2.0,31439,88.0,1,-1
train/malignant/865.jpg,train,malignant,1404,2.0,13343,68.0,1,-1
train/malignant/867.jpg,train,malignant,1928,0.0,27464,90.0,1,-1
train/malignant/869.jpg,train,malignant,2242,2.0,1779,78.0,1,-1
train/malignant/870.jpg,train,malignant,2081,0.0,9407,86.0,1,-1
train/malignant/872.jpg,train,malignant,2109,2.0,17207,84.0,1,-1
train/malignant/873.jpg,train,malignant,2281,2.0,3448,88.0,1,-1
train/malignant/875.jpg,train,malignant,1953,2.0,8830,84.0,1,-1
train/malignant/876.jpg,train,malignant,1350,2.0,1803,80.0,1,-1
train/malignant/877.jpg,train,malignant,1336,2.0,19627,84.0,1,-1
train/malignant/878.jpg,train,malignant,1281,0.0,4791,80.0,1,-1
train/malignant/879.jpg,train,malignant,1962,0.0,17550,92.0,1,-1
train/malignant/88.jpg,train,malignant,9148,86.0,12149,86.0,-1,-1
train/malignant/880.jpg,train,malignant,1345,6.0,8089,62.0,1,-1
train/malignant/882.jpg,train,malignant,1293,2.0,5585,70.0,1,-1
train/malignant/883.jpg,train,malignant,1975,2.0,12975,72.0,1,-1
train/malignant/884.jpg,train,malignant,1977,2.0,29526,88.0,1,-1
train/malignant/885.jpg,train,malignant,2211,2.0,970,88.0,1,-1
train/malignant/886.jpg,train,malignant,1985,0.0,20514,92.0,1,-1
train/malignant/888.jpg,train,malignant,2252,4.0,17553,58.0,1,-1
train/malignant/889.jpg,train,malignant,2084,2.0,31575,84.0,1,-1
train/malignant/89.jpg,train,malignant,8701,86.0,31717,82.0,-1,-1
train/malignant/890.jpg,train,malignant,2015,0.0,21144,94.0,1,-1
train/malignant/891.jpg,train,malignant,1361,2.0,32070,72.0,1,-1
train/malignant/892.jpg,train,malignant,1300,2.0,2128,80.0,1,-1
train/malignant/895.jpg,train,malignant,1331,0.0,1160,76.0,1,-1
train/malignant/896.jpg,train,malignant,1267,0.0,3438,88.0,1,-1
train/malignant/897.jpg,train,malignant,2291,6.0,30642,82.0,1,-1
train/malignant/898.jpg,train,malignant,2040,2.0,23522,76.0,1,-1
train/malignant/899.jpg,train,malignant,2073,0.0,6674,90.0,1,-1
train/malignant/9.jpg,train,malignant,1456,82.0,1594,76.0,-1,-1
train/malignant/90.jpg,train,malignant,441,90.0,8681,84.0,-1,-1
train/malignant/900.jpg,train,malignant,1435,2.0,31669,62.0,1,-1
train/malignant/901.jpg,train,malignant,1947,2.0,1748,88.0,1,-1
train/malignant/902.jpg,train,malignant,1983,0.0,9298,92.0,1,-1
train/malignant/903.jpg,train,malignant,1736,2.0,7180,86.0,1,-1
train/malignant/904.jpg,train,malignant,2206,0.0,25726,90.0,1,-1
train/malignant/906.jpg,train,malignant,2268,2.0,22168,76.0,1,-1
train/malignant/907.jpg,train,malignant,2217,2.0,15112,88.0,1,-1
train/malignant/908.jpg,train,malignant,1459,4.0,8402,70.0,1,-1
train/malignant/909.jpg,train,malignant,1786,2.0,29387,46.0,1,-1
train/malignant/910.jpg,train,malignant,1307,0.0,27780,80.0,1,-1
train/malignant/911.jpg,train,malignant,2319,2.0,22216,84.0,1,-1
train/malignant/912.jpg,train,malignant,2301,2.0,20642,84.0,1,-1
train/malignant/913.jpg,train,malignant,2046,0.0,18075,90.0,1,-1
train/malignant/914.jpg,train,malignant,2210,2.0,2896,82.0,1,-1
train/malignant/915.jpg,train,malignant,1320,2.0,15179,82.0,1,-1
train/malignant/916.jpg,train,malignant,1939,0.0,18532,86.0,1,-1
train/malignant/917.jpg,train,malignant,2311,0.0,15942,90.0,1,-1
train/malignant/918.jpg,train,malignant,2266,4.0,15193,70.0,1,-1
train/malignant/919.jpg,train,malignant,2165,0.0,299,88.0,1,-1
train/malignant/920.jpg,train,malignant,1239,0.0,5295,86.0,1,-1
train/malignant/921.jpg,train,malignant,2051,2.0,18349,84.0,1,-1
train/malignant/922.jpg,train,malignant,1270,0.0,5047,74.0,1,-1
train/malignant/923.jpg,train,malignant,2107,0.0,27295,82.0,1,-1
train/malignant/924.jpg,train,malignant,2214,0.0,15252,80.0,1,-1
train/malignant/925.jpg,train,malignant,1379,2.0,26459,86.0,1,-1
train/malignant/926.jpg,train,malignant,2260,0.0,4164,62.0,1,-1
train/malignant/928.jpg,train,malignant,2172,4.0,15828,90.0,1,-1
train/malignant/929.jpg,train,malignant,2196,2.0,134,84.0,1,-1
train/malignant/930.jpg,train,malignant,1468,0.0,22374,60.0,1,-1
train/malignant/931.jpg,train,malignant,1370,2.0,3454,64.0,1,-1
train/malignant/932.jpg,train,malignant,1313,0.0,5871,80.0,1,-1
train/malignant/933.jpg,train,malignant,1376,2.0,10713,86.0,1,-1
train/malignant/935.jpg,train,malignant,1269,0.0,13881,64.0,1,-1
train/malignant/936.jpg,train,malignant,1984,0.0,11146,90.0,1,-1
train/malignant/938.jpg,train,malignant,1508,0.0,10131,74.0,1,-1
train/malignant/939.jpg,train,malignant,1330,2.0,15759,92.0,1,-1
train/malignant/94.jpg,train,malignant,2948,82.0,19961,80.0,-1,-1
train/malignant/941.jpg,train,malignant,2253,0.0,1544,92.0,1,-1
train/malignant/942.jpg,train,malignant,1908,0.0,10348,80.0,1,-1
train/malignant/943.jpg,train,malignant,1465,0.0,6876,90.0,1,-1
train/malignant/944.jpg,train,malignant,1956,2.0,5790,88.0,1,-1
train/malignant/945.jpg,train,malignant,2055,0.0,12338,82.0,1,-1
train/malignant/946.jpg,train,malignant,2197,2.0,7611,74.0,1,-1
train/malignant/95.jpg,train,malignant,7109,76.0,17525,80.0,-1,-1
train/malignant/950.jpg,train,malignant,2209,0.0,6569,90.0,1,-1
train/malignant/951.jpg,train,malignant,1260,0.0,1991,66.0,1,-1
train/malignant/952.jpg,train,malignant,1395,2.0,20815,80.0,1,-1
train/malignant/954.jpg,train,malignant,1488,2.0,1390,88.0,1,-1
train/malignant/955.jpg,train,malignant,2044,2.0,32070,70.0,1,-1
train/malignant/956.jpg,train,malignant,2149,2.0,17331,86.0,1,-1
train/malignant/957.jpg,train,malignant,1437,4.0,11884,64.0,1,-1
train/malignant/958.jpg,train,malignant,2191,2.0,30212,78.0,1,-1
train/malignant/959.jpg,train,malignant,1393,2.0,2040,38.0,1,-1
train/malignant/96.jpg,train,malignant,8234,70.0,11660,76.0,-1,-1
train/malignant/960.jpg,train,malignant,2290,4.0,7468,82.0,1,-1
train/malignant/961.jpg,train,malignant,2074,2.0,2688,70.0,1,-1
train/malignant/962.jpg,train,malignant,1936,2.0,28511,88.0,1,-1
train/malignant/963.jpg,train,malignant,1256,2.0,20276,76.0,1,-1
train/malignant/964.jpg,train,malignant,1344,4.0,30603,54.0,1,-1
train/malignant/965.jpg,train,malignant,1386,2.0,32336,44.0,1,-1
train/malignant/966.jpg,train,malignant,1964,0.0,31282,86.0,1,-1
train/malignant/967.jpg,train,malignant,1329,0.0,505,60.0,1,-1
train/malignant/968.jpg,train,malignant,1353,0.0,17848,86.0,1,-1
train/malignant/969.jpg,train,malignant,2297,0.0,13559,80.0,1,-1
train/malignant/97.jpg,train,malignant,2015,92.0,19681,94.0,-1,-1
train/malignant/970.jpg,train,malignant,1758,0.0,27841,90.0,1,-1
train/malignant/971.jpg,train,malignant,1967,2.0,20541,80.0,1,-1
train/malignant/972.jpg,train,malignant,1332,2.0,7103,86.0,1,-1
train/malignant/973.jpg,train,malignant,2270,4.0,15089,70.0,1,-1
train/malignant/974.jpg,train,malignant,1397,0.0,13620,88.0,1,-1
train/malignant/975.jpg,train,malignant,1960,0.0,12453,88.0,1,-1
train/malignant/976.jpg,train,malignant,2014,2.0,25519,84.0,1,-1
train/malignant/977.jpg,train,malignant,2265,0.0,31416,42.0,1,-1
train/malignant/978.jpg,train,malignant,1221,0.0,14164,78.0,1,-1
train/malignant/979.jpg,train,malignant,1935,2.0,15380,88.0,1,-1
train/malignant/98.jpg,train,malignant,9052,80.0,2555,80.0,-1,-1
train/malignant/980.jpg,train,malignant,2225,0.0,12978,84.0,1,-1
train/malignant/981.jpg,train,malignant,2141,0.0,20514,88.0,1,-1
train/malignant/982.jpg,train,malignant,2163,0.0,5001,88.0,1,-1
train/malignant/983.jpg,train,malignant,1297,2.0,14961,82.0,1,-1
train/malignant/984.jpg,train,malignant,2101,2.0,16973,88.0,1,-1
train/malignant/986.jpg,train,malignant,2295,2.0,8108,80.0,1,-1
train/malignant/987.jpg,train,malignant,2168,4.0,8137,94.0,1,-1
train/malignant/988.jpg,train,malignant,1414,2.0,4600,80.0,1,-1
train/malignant/989.jpg,train,malignant,2188,4.0,28431,88.0,1,-1
train/malignant/99.jpg,train,malignant,9491,54.0,1328,58.0,-1,-1
train/malignant/990.jpg,train,malignant,2129,2.0,9931,80.0,1,-1
train/malignant/991.jpg,train,malignant,1409,2.0,16884,86.0,1,-1
train/malignant/993.jpg,train,malignant,2208,2.0,6720,88.0,1,-1
train/malignant/996.jpg,train,malignant,1271,2.0,25190,84.0,1,-1
train/malignant/997.jpg,train,malignant,1950,0.0,5732,88.0,1,-1
train/malignant/998.jpg,train,malignant,2134,2.0,3538,84.0,1,-1
train/malignant/999.jpg,train,malignant,2097,4.0,18021,84.0,1,-1
