rel,split,class,HAM10000_nn_index,HAM10000_nn_dist,ISIC2020_nn_index,ISIC2020_nn_dist,ham_matched_melanoma,isic_matched_melanoma
Test/actinic keratosis/ISIC_0010512.jpg,test,actinic keratosis,1747,92.0,1700,88.0,-1,-1
Test/actinic keratosis/ISIC_0010889.jpg,test,actinic keratosis,432,92.0,2078,92.0,-1,-1
Test/actinic keratosis/ISIC_0024468.jpg,test,actinic keratosis,9925,0.0,735,90.0,0,-1
Test/actinic keratosis/ISIC_0024470.jpg,test,actinic keratosis,9917,2.0,7168,90.0,0,-1
Test/actinic keratosis/ISIC_0024511.jpg,test,actinic keratosis,9982,0.0,27460,80.0,0,-1
Test/actinic keratosis/ISIC_0024646.jpg,test,actinic keratosis,9918,2.0,6960,90.0,0,-1
Test/actinic keratosis/ISIC_0024654.jpg,test,actinic keratosis,9974,4.0,28013,78.0,0,-1
Test/actinic keratosis/ISIC_0024707.jpg,test,actinic keratosis,9777,2.0,2928,92.0,0,-1
Test/actinic keratosis/ISIC_0024763.jpg,test,actinic keratosis,9922,4.0,14340,92.0,0,-1
Test/actinic keratosis/ISIC_0024771.jpg,test,actinic keratosis,9796,0.0,30525,88.0,0,-1
Test/actinic keratosis/ISIC_0024800.jpg,test,actinic keratosis,9942,2.0,1762,88.0,0,-1
Test/actinic keratosis/ISIC_0024913.jpg,test,actinic keratosis,9703,2.0,20367,86.0,0,-1
Test/actinic keratosis/ISIC_0024948.jpg,test,actinic keratosis,10006,2.0,4365,88.0,0,-1
Test/actinic keratosis/ISIC_0025368.jpg,test,actinic keratosis,9979,2.0,23441,80.0,0,-1
Test/actinic keratosis/ISIC_0025427.jpg,test,actinic keratosis,9955,2.0,11458,94.0,0,-1
Test/actinic keratosis/ISIC_0025605.jpg,test,actinic keratosis,9941,2.0,571,78.0,0,-1
Test/basal cell carcinoma/ISIC_0024331.jpg,test,basal cell carcinoma,2723,2.0,2085,90.0,0,-1
Test/basal cell carcinoma/ISIC_0024332.jpg,test,basal cell carcinoma,2735,0.0,8567,88.0,0,-1
Test/basal cell carcinoma/ISIC_0024345.jpg,test,basal cell carcinoma,2869,4.0,124,84.0,0,-1
Test/basal cell carcinoma/ISIC_0024360.jpg,test,basal cell carcinoma,2554,2.0,3798,72.0,0,-1
Test/basal cell carcinoma/ISIC_0024403.jpg,test,basal cell carcinoma,2744,2.0,19653,80.0,0,-1
Test/basal cell carcinoma/ISIC_0024411.jpg,test,basal cell carcinoma,2962,2.0,31881,64.0,0,-1
Test/basal cell carcinoma/ISIC_0024431.jpg,test,basal cell carcinoma,2471,0.0,14640,70.0,0,-1
Test/basal cell carcinoma/ISIC_0024432.jpg,test,basal cell carcinoma,2809,0.0,6976,84.0,0,-1
Test/basal cell carcinoma/ISIC_0024436.jpg,test,basal cell carcinoma,2905,2.0,19605,80.0,0,-1
Test/basal cell carcinoma/ISIC_0024443.jpg,test,basal cell carcinoma,2917,2.0,25273,62.0,0,-1
Test/basal cell carcinoma/ISIC_0024448.jpg,test,basal cell carcinoma,2779,2.0,6798,84.0,0,-1
Test/basal cell carcinoma/ISIC_0024452.jpg,test,basal cell carcinoma,2781,2.0,30447,82.0,0,-1
Test/basal cell carcinoma/ISIC_0024454.jpg,test,basal cell carcinoma,2739,0.0,21568,86.0,0,-1
Test/basal cell carcinoma/ISIC_0024457.jpg,test,basal cell carcinoma,2468,0.0,24056,86.0,0,-1
Test/basal cell carcinoma/ISIC_0024461.jpg,test,basal cell carcinoma,2859,0.0,370,84.0,0,-1
Test/basal cell carcinoma/ISIC_0024472.jpg,test,basal cell carcinoma,2789,0.0,2872,86.0,0,-1
Test/dermatofibroma/ISIC_0001114.jpg,test,dermatofibroma,7375,82.0,6171,74.0,-1,-1
Test/dermatofibroma/ISIC_0001130.jpg,test,dermatofibroma,1170,48.0,2460,52.0,-1,-1
Test/dermatofibroma/ISIC_0011410.jpg,test,dermatofibroma,5773,84.0,30799,78.0,-1,-1
Test/dermatofibroma/ISIC_0011433.jpg,test,dermatofibroma,7822,90.0,30368,88.0,-1,-1
Test/dermatofibroma/ISIC_0011478.jpg,test,dermatofibroma,3919,84.0,14258,78.0,-1,-1
Test/dermatofibroma/ISIC_0011677.jpg,test,dermatofibroma,1291,86.0,4735,92.0,-1,-1
Test/dermatofibroma/ISIC_0011865.jpg,test,dermatofibroma,8511,78.0,20028,78.0,-1,-1
Test/dermatofibroma/ISIC_0024318.jpg,test,dermatofibroma,1159,2.0,14329,86.0,0,-1
Test/dermatofibroma/ISIC_0024330.jpg,test,dermatofibroma,1161,2.0,24909,88.0,0,-1
Test/dermatofibroma/ISIC_0024386.jpg,test,dermatofibroma,1196,4.0,4080,92.0,0,-1
Test/dermatofibroma/ISIC_0024396.jpg,test,dermatofibroma,1160,2.0,330,74.0,0,-1
Test/dermatofibroma/ISIC_0024553.jpg,test,dermatofibroma,1183,2.0,32490,88.0,0,-1
Test/dermatofibroma/ISIC_0024845.jpg,test,dermatofibroma,1164,2.0,302,84.0,0,-1
Test/dermatofibroma/ISIC_0024973.jpg,test,dermatofibroma,1137,0.0,16186,84.0,0,-1
Test/dermatofibroma/ISIC_0024994.jpg,test,dermatofibroma,1180,4.0,1043,92.0,0,-1
Test/dermatofibroma/ISIC_0025154.jpg,test,dermatofibroma,1147,2.0,899,82.0,0,-1
Test/melanoma/ISIC_0000002.jpg,test,melanoma,9242,84.0,6855,84.0,-1,-1
Test/melanoma/ISIC_0000004.jpg,test,melanoma,7697,88.0,1522,86.0,-1,-1
Test/melanoma/ISIC_0000013.jpg,test,melanoma,8070,64.0,1566,74.0,-1,-1
Test/melanoma/ISIC_0000022.jpg,test,melanoma,4868,88.0,8184,88.0,-1,-1
Test/melanoma/ISIC_0000026.jpg,test,melanoma,2988,82.0,19512,82.0,-1,-1
Test/melanoma/ISIC_0000029.jpg,test,melanoma,77,68.0,29786,82.0,-1,-1
Test/melanoma/ISIC_0000030.jpg,test,melanoma,7768,84.0,5451,86.0,-1,-1
Test/melanoma/ISIC_0000031.jpg,test,melanoma,7653,84.0,29142,82.0,-1,-1
Test/melanoma/ISIC_0000035.jpg,test,melanoma,6846,84.0,22495,86.0,-1,-1
Test/melanoma/ISIC_0000036.jpg,test,melanoma,9862,88.0,837,84.0,-1,-1
Test/melanoma/ISIC_0000040.jpg,test,melanoma,9634,74.0,293,76.0,-1,-1
Test/melanoma/ISIC_0000043.jpg,test,melanoma,7915,88.0,22032,86.0,-1,-1
Test/melanoma/ISIC_0000046.jpg,test,melanoma,1551,88.0,18760,86.0,-1,-1
Test/melanoma/ISIC_0000049.jpg,test,melanoma,5266,88.0,7260,82.0,-1,-1
Test/melanoma/ISIC_0000054.jpg,test,melanoma,2989,80.0,32426,76.0,-1,-1
Test/melanoma/ISIC_0000056.jpg,test,melanoma,2240,88.0,10154,86.0,-1,-1
Test/nevus/ISIC_0000000.jpg,test,nevus,77,84.0,16097,90.0,-1,-1
Test/nevus/ISIC_0000001.jpg,test,nevus,7515,50.0,13378,58.0,-1,-1
Test/nevus/ISIC_0000003.jpg,test,nevus,1277,84.0,25073,84.0,-1,-1
Test/nevus/ISIC_0000005.jpg,test,nevus,1280,84.0,10191,78.0,-1,-1
Test/nevus/ISIC_0000006.jpg,test,nevus,7106,78.0,1807,80.0,-1,-1
Test/nevus/ISIC_0000007.jpg,test,nevus,2502,74.0,870,76.0,-1,-1
Test/nevus/ISIC_0000008.jpg,test,nevus,959,82.0,1156,80.0,-1,-1
Test/nevus/ISIC_0000009.jpg,test,nevus,7109,72.0,2125,82.0,-1,-1
Test/nevus/ISIC_0000010.jpg,test,nevus,1976,80.0,9193,78.0,-1,-1
Test/nevus/ISIC_0000011.jpg,test,nevus,1103,76.0,32394,80.0,-1,-1
Test/nevus/ISIC_0000012.jpg,test,nevus,6716,74.0,6741,68.0,-1,-1
Test/nevus/ISIC_0000014.jpg,test,nevus,9325,80.0,14113,82.0,-1,-1
Test/nevus/ISIC_0000015.jpg,test,nevus,8887,78.0,8070,74.0,-1,-1
Test/nevus/ISIC_0000016.jpg,test,nevus,1960,84.0,1442,82.0,-1,-1
Test/nevus/ISIC_0000017.jpg,test,nevus,7918,72.0,12925,76.0,-1,-1
Test/nevus/ISIC_0000018.jpg,test,nevus,1713,78.0,18047,78.0,-1,-1
Test/pigmented benign keratosis/ISIC_0024312.jpg,test,pigmented benign keratosis,700,2.0,26247,82.0,0,-1
Test/pigmented benign keratosis/ISIC_0024324.jpg,test,pigmented benign keratosis,35,2.0,22066,74.0,0,-1
Test/pigmented benign keratosis/ISIC_0024336.jpg,test,pigmented benign keratosis,664,2.0,5201,82.0,0,-1
Test/pigmented benign keratosis/ISIC_0024337.jpg,test,pigmented benign keratosis,997,6.0,24972,90.0,0,-1
Test/pigmented benign keratosis/ISIC_0024338.jpg,test,pigmented benign keratosis,686,0.0,8558,86.0,0,-1
Test/pigmented benign keratosis/ISIC_0024358.jpg,test,pigmented benign keratosis,382,0.0,12216,76.0,0,-1
Test/pigmented benign keratosis/ISIC_0024371.jpg,test,pigmented benign keratosis,597,2.0,27070,62.0,0,-1
Test/pigmented benign keratosis/ISIC_0024381.jpg,test,pigmented benign keratosis,474,0.0,2285,90.0,0,-1
Test/pigmented benign keratosis/ISIC_0024382.jpg,test,pigmented benign keratosis,827,0.0,7259,88.0,0,-1
Test/pigmented benign keratosis/ISIC_0024383.jpg,test,pigmented benign keratosis,1001,0.0,8503,88.0,0,-1
Test/pigmented benign keratosis/ISIC_0024408.jpg,test,pigmented benign keratosis,897,0.0,30537,66.0,0,-1
Test/pigmented benign keratosis/ISIC_0024409.jpg,test,pigmented benign keratosis,870,2.0,8126,80.0,0,-1
Test/pigmented benign keratosis/ISIC_0024412.jpg,test,pigmented benign keratosis,374,2.0,1912,86.0,0,-1
Test/pigmented benign keratosis/ISIC_0024420.jpg,test,pigmented benign keratosis,647,0.0,32219,82.0,0,-1
Test/pigmented benign keratosis/ISIC_0024422.jpg,test,pigmented benign keratosis,492,2.0,22915,88.0,0,-1
Test/pigmented benign keratosis/ISIC_0024426.jpg,test,pigmented benign keratosis,476,0.0,14841,86.0,0,-1
Test/seborrheic keratosis/ISIC_0010803.jpg,test,seborrheic keratosis,1088,68.0,13051,62.0,-1,-1
Test/seborrheic keratosis/ISIC_0010808.jpg,test,seborrheic keratosis,2948,82.0,19961,80.0,-1,-1
Test/seborrheic keratosis/ISIC_0010809.jpg,test,seborrheic keratosis,7109,76.0,17525,78.0,-1,-1
Test/squamous cell carcinoma/ISIC_0011593.jpg,test,squamous cell carcinoma,7646,78.0,7835,86.0,-1,-1
Test/squamous cell carcinoma/ISIC_0011726.jpg,test,squamous cell carcinoma,261,94.0,26126,92.0,-1,-1
Test/squamous cell carcinoma/ISIC_0011750.jpg,test,squamous cell carcinoma,2804,84.0,3587,86.0,-1,-1
Test/squamous cell carcinoma/ISIC_0011751.jpg,test,squamous cell carcinoma,2459,84.0,29128,84.0,-1,-1
Test/squamous cell carcinoma/ISIC_0012079.jpg,test,squamous cell carcinoma,7173,84.0,30043,84.0,-1,-1
Test/squamous cell carcinoma/ISIC_0024329.jpg,test,squamous cell carcinoma,9931,0.0,13230,80.0,0,-1
Test/squamous cell carcinoma/ISIC_0024372.jpg,test,squamous cell carcinoma,9776,2.0,16530,88.0,0,-1
Test/squamous cell carcinoma/ISIC_0024418.jpg,test,squamous cell carcinoma,9827,2.0,30060,58.0,0,-1
Test/squamous cell carcinoma/ISIC_0024450.jpg,test,squamous cell carcinoma,9793,0.0,28884,78.0,0,-1
Test/squamous cell carcinoma/ISIC_0024463.jpg,test,squamous cell carcinoma,9859,0.0,15206,88.0,0,-1
Test/squamous cell carcinoma/ISIC_0024517.jpg,test,squamous cell carcinoma,9785,0.0,31931,82.0,0,-1
Test/squamous cell carcinoma/ISIC_0024522.jpg,test,squamous cell carcinoma,9852,2.0,16282,82.0,0,-1
Test/squamous cell carcinoma/ISIC_0024539.jpg,test,squamous cell carcinoma,9949,2.0,32518,86.0,0,-1
Test/squamous cell carcinoma/ISIC_0024562.jpg,test,squamous cell carcinoma,9711,2.0,12147,84.0,0,-1
Test/squamous cell carcinoma/ISIC_0024575.jpg,test,squamous cell carcinoma,9803,2.0,30655,82.0,0,-1
Test/squamous cell carcinoma/ISIC_0024579.jpg,test,squamous cell carcinoma,9900,2.0,22454,84.0,0,-1
Test/vascular lesion/ISIC_0024370.jpg,test,vascular lesion,2438,2.0,7979,78.0,0,-1
Test/vascular lesion/ISIC_0024375.jpg,test,vascular lesion,2443,2.0,14234,44.0,0,-1
Test/vascular lesion/ISIC_0024402.jpg,test,vascular lesion,2398,4.0,4721,54.0,0,-1
Train/actinic keratosis/ISIC_0025780.jpg,train,actinic keratosis,9957,0.0,14216,90.0,0,-1
Train/actinic keratosis/ISIC_0025803.jpg,train,actinic keratosis,9910,2.0,15359,92.0,0,-1
Train/actinic keratosis/ISIC_0025825.jpg,train,actinic keratosis,9786,0.0,20532,86.0,0,-1
Train/actinic keratosis/ISIC_0025953.jpg,train,actinic keratosis,9833,4.0,7850,92.0,0,-1
Train/actinic keratosis/ISIC_0025957.jpg,train,actinic keratosis,9938,2.0,21146,82.0,0,-1
Train/actinic keratosis/ISIC_0025992.jpg,train,actinic keratosis,9874,0.0,15184,86.0,0,-1
Train/actinic keratosis/ISIC_0026040.jpg,train,actinic keratosis,9983,4.0,21293,84.0,0,-1
Train/actinic keratosis/ISIC_0026149.jpg,train,actinic keratosis,9873,0.0,1739,88.0,0,-1
Train/actinic keratosis/ISIC_0026171.jpg,train,actinic keratosis,9945,0.0,19467,82.0,0,-1
Train/actinic keratosis/ISIC_0026194.jpg,train,actinic keratosis,9980,0.0,16809,82.0,0,-1
Train/actinic keratosis/ISIC_0026212.jpg,train,actinic keratosis,9837,2.0,14754,88.0,0,-1
Train/actinic keratosis/ISIC_0026457.jpg,train,actinic keratosis,9946,0.0,31338,90.0,0,-1
Train/actinic keratosis/ISIC_0026468.jpg,train,actinic keratosis,9961,2.0,4503,92.0,0,-1
Train/actinic keratosis/ISIC_0026525.jpg,train,actinic keratosis,9879,2.0,2871,92.0,0,-1
Train/actinic keratosis/ISIC_0026575.jpg,train,actinic keratosis,9692,2.0,14234,82.0,0,-1
Train/actinic keratosis/ISIC_0026625.jpg,train,actinic keratosis,9765,2.0,24580,88.0,0,-1
Train/actinic keratosis/ISIC_0026626.jpg,train,actinic keratosis,9907,2.0,23101,86.0,0,-1
Train/actinic keratosis/ISIC_0026650.jpg,train,actinic keratosis,9993,0.0,6073,90.0,0,-1
Train/actinic keratosis/ISIC_0026702.jpg,train,actinic keratosis,9962,2.0,20232,90.0,0,-1
Train/actinic keratosis/ISIC_0026709.jpg,train,actinic keratosis,9880,2.0,13529,88.0,0,-1
Train/actinic keratosis/ISIC_0026729.jpg,train,actinic keratosis,9762,0.0,13451,84.0,0,-1
Train/actinic keratosis/ISIC_0026765.jpg,train,actinic keratosis,9981,2.0,1746,78.0,0,-1
Train/actinic keratosis/ISIC_0026848.jpg,train,actinic keratosis,9947,2.0,8619,90.0,0,-1
Train/actinic keratosis/ISIC_0026857.jpg,train,actinic keratosis,9968,0.0,5876,86.0,0,-1
Train/actinic keratosis/ISIC_0026905.jpg,train,actinic keratosis,9916,2.0,14493,90.0,0,-1
Train/actinic keratosis/ISIC_0026984.jpg,train,actinic keratosis,9964,0.0,9855,84.0,0,-1
Train/actinic keratosis/ISIC_0027172.jpg,train,actinic keratosis,9829,2.0,11625,84.0,0,-1
Train/actinic keratosis/ISIC_0027254.jpg,train,actinic keratosis,9978,0.0,19133,68.0,0,-1
Train/actinic keratosis/ISIC_0027334.jpg,train,actinic keratosis,9990,2.0,26868,84.0,0,-1
Train/actinic keratosis/ISIC_0027447.jpg,train,actinic keratosis,9896,0.0,4583,90.0,0,-1
Train/actinic keratosis/ISIC_0027452.jpg,train,actinic keratosis,9963,2.0,2388,86.0,0,-1
Train/actinic keratosis/ISIC_0027536.jpg,train,actinic keratosis,9897,2.0,28261,82.0,0,-1
Train/actinic keratosis/ISIC_0027562.jpg,train,actinic keratosis,9948,0.0,20110,90.0,0,-1
Train/actinic keratosis/ISIC_0027580.jpg,train,actinic keratosis,9909,0.0,8048,88.0,0,-1
Train/actinic keratosis/ISIC_0027615.jpg,train,actinic keratosis,9996,2.0,13081,88.0,0,-1
Train/actinic keratosis/ISIC_0027650.jpg,train,actinic keratosis,9783,2.0,10253,88.0,0,-1
Train/actinic keratosis/ISIC_0027668.jpg,train,actinic keratosis,9954,2.0,29179,80.0,0,-1
Train/actinic keratosis/ISIC_0027802.jpg,train,actinic keratosis,9930,0.0,13146,90.0,0,-1
Train/actinic keratosis/ISIC_0027829.jpg,train,actinic keratosis,9976,2.0,6040,88.0,0,-1
Train/actinic keratosis/ISIC_0027884.jpg,train,actinic keratosis,9985,2.0,11502,84.0,0,-1
Train/actinic keratosis/ISIC_0027896.jpg,train,actinic keratosis,9758,0.0,20119,88.0,0,-1
Train/actinic keratosis/ISIC_0027950.jpg,train,actinic keratosis,9995,2.0,2576,90.0,0,-1
Train/actinic keratosis/ISIC_0027958.jpg,train,actinic keratosis,9757,0.0,13948,90.0,0,-1
Train/actinic keratosis/ISIC_0028063.jpg,train,actinic keratosis,9928,0.0,18676,84.0,0,-1
Train/actinic keratosis/ISIC_0028076.jpg,train,actinic keratosis,9923,2.0,18897,86.0,0,-1
Train/actinic keratosis/ISIC_0028190.jpg,train,actinic keratosis,9809,2.0,1771,90.0,0,-1
Train/actinic keratosis/ISIC_0028314.jpg,train,actinic keratosis,9810,2.0,16062,86.0,0,-1
Train/actinic keratosis/ISIC_0028370.jpg,train,actinic keratosis,9971,2.0,5230,90.0,0,-1
Train/actinic keratosis/ISIC_0028393.jpg,train,actinic keratosis,10005,2.0,6520,88.0,0,-1
Train/actinic keratosis/ISIC_0028517.jpg,train,actinic keratosis,9986,2.0,22857,86.0,0,-1
Train/actinic keratosis/ISIC_0028558.jpg,train,actinic keratosis,9857,4.0,29666,84.0,0,-1
Train/actinic keratosis/ISIC_0028820.jpg,train,actinic keratosis,9975,2.0,24611,82.0,0,-1
Train/actinic keratosis/ISIC_0028854.jpg,train,actinic keratosis,9766,2.0,16113,90.0,0,-1
Train/actinic keratosis/ISIC_0028941.jpg,train,actinic keratosis,9958,2.0,14312,88.0,0,-1
Train/actinic keratosis/ISIC_0028990.jpg,train,actinic keratosis,9997,0.0,30562,82.0,0,-1
Train/actinic keratosis/ISIC_0029025.jpg,train,actinic keratosis,9989,2.0,21376,86.0,0,-1
Train/actinic keratosis/ISIC_0029041.jpg,train,actinic keratosis,9696,0.0,10657,88.0,0,-1
Train/actinic keratosis/ISIC_0029133.jpg,train,actinic keratosis,9951,2.0,30343,88.0,0,-1
Train/actinic keratosis/ISIC_0029141.jpg,train,actinic keratosis,10003,2.0,24166,68.0,0,-1
Train/actinic keratosis/ISIC_0029210.jpg,train,actinic keratosis,9846,0.0,13018,90.0,0,-1
Train/actinic keratosis/ISIC_0029309.jpg,train,actinic keratosis,10004,0.0,16497,86.0,0,-1
Train/actinic keratosis/ISIC_0029460.jpg,train,actinic keratosis,9933,4.0,19132,80.0,0,-1
Train/actinic keratosis/ISIC_0029500.jpg,train,actinic keratosis,9936,0.0,28275,88.0,0,-1
Train/actinic keratosis/ISIC_0029659.jpg,train,actinic keratosis,9691,0.0,5132,90.0,0,-1
Train/actinic keratosis/ISIC_0029713.jpg,train,actinic keratosis,9970,0.0,27034,84.0,0,-1
Train/actinic keratosis/ISIC_0029781.jpg,train,actinic keratosis,9878,2.0,20730,88.0,0,-1
Train/actinic keratosis/ISIC_0029827.jpg,train,actinic keratosis,9960,2.0,10305,78.0,0,-1
Train/actinic keratosis/ISIC_0029830.jpg,train,actinic keratosis,9984,2.0,6778,88.0,0,-1
Train/actinic keratosis/ISIC_0029840.jpg,train,actinic keratosis,9843,2.0,6649,92.0,0,-1
Train/actinic keratosis/ISIC_0029900.jpg,train,actinic keratosis,9914,2.0,1921,92.0,0,-1
Train/actinic keratosis/ISIC_0029915.jpg,train,actinic keratosis,9688,0.0,31352,74.0,0,-1
Train/actinic keratosis/ISIC_0029930.jpg,train,actinic keratosis,9748,0.0,9632,90.0,0,-1
Train/actinic keratosis/ISIC_0030036.jpg,train,actinic keratosis,9973,6.0,3285,94.0,0,-1
Train/actinic keratosis/ISIC_0030133.jpg,train,actinic keratosis,9991,0.0,14351,90.0,0,-1
Train/actinic keratosis/ISIC_0030142.jpg,train,actinic keratosis,9924,2.0,12070,88.0,0,-1
Train/actinic keratosis/ISIC_0030143.jpg,train,actinic keratosis,9845,2.0,23106,78.0,0,-1
Train/actinic keratosis/ISIC_0030242.jpg,train,actinic keratosis,9709,0.0,1838,94.0,0,-1
Train/actinic keratosis/ISIC_0030344.jpg,train,actinic keratosis,9943,0.0,18848,86.0,0,-1
Train/actinic keratosis/ISIC_0030408.jpg,train,actinic keratosis,9701,2.0,5191,84.0,0,-1
Train/actinic keratosis/ISIC_0030463.jpg,train,actinic keratosis,9959,2.0,16401,92.0,0,-1
Train/actinic keratosis/ISIC_0030491.jpg,train,actinic keratosis,9780,0.0,26518,88.0,0,-1
Train/actinic keratosis/ISIC_0030586.jpg,train,actinic keratosis,9693,2.0,10939,70.0,0,-1
Train/actinic keratosis/ISIC_0030655.jpg,train,actinic keratosis,9999,4.0,25807,74.0,0,-1
Train/actinic keratosis/ISIC_0030730.jpg,train,actinic keratosis,9886,2.0,3976,80.0,0,-1
Train/actinic keratosis/ISIC_0030825.jpg,train,actinic keratosis,9969,4.0,29409,88.0,0,-1
Train/actinic keratosis/ISIC_0030826.jpg,train,actinic keratosis,9773,4.0,15262,90.0,0,-1
Train/actinic keratosis/ISIC_0030877.jpg,train,actinic keratosis,9994,0.0,151,82.0,0,-1
Train/actinic keratosis/ISIC_0031040.jpg,train,actinic keratosis,9697,0.0,7205,90.0,0,-1
Train/actinic keratosis/ISIC_0031108.jpg,train,actinic keratosis,9987,2.0,25198,86.0,0,-1
Train/actinic keratosis/ISIC_0031228.jpg,train,actinic keratosis,9921,2.0,22900,90.0,0,-1
Train/actinic keratosis/ISIC_0031292.jpg,train,actinic keratosis,9821,4.0,15673,92.0,0,-1
Train/actinic keratosis/ISIC_0031335.jpg,train,actinic keratosis,9804,2.0,26242,88.0,0,-1
Train/actinic keratosis/ISIC_0031381.jpg,train,actinic keratosis,9854,2.0,4848,84.0,0,-1
Train/actinic keratosis/ISIC_0031430.jpg,train,actinic keratosis,10009,2.0,12917,84.0,0,-1
Train/actinic keratosis/ISIC_0031506.jpg,train,actinic keratosis,9977,4.0,31460,86.0,0,-1
Train/actinic keratosis/ISIC_0031609.jpg,train,actinic keratosis,9771,0.0,29374,82.0,0,-1
Train/actinic keratosis/ISIC_0031823.jpg,train,actinic keratosis,9927,4.0,2529,84.0,0,-1
Train/actinic keratosis/ISIC_0031922.jpg,train,actinic keratosis,10001,2.0,21052,84.0,0,-1
Train/actinic keratosis/ISIC_0031993.jpg,train,actinic keratosis,9935,4.0,13206,92.0,0,-1
Train/actinic keratosis/ISIC_0032135.jpg,train,actinic keratosis,9956,0.0,31890,88.0,0,-1
Train/actinic keratosis/ISIC_0032199.jpg,train,actinic keratosis,9966,0.0,4100,88.0,0,-1
Train/actinic keratosis/ISIC_0032206.jpg,train,actinic keratosis,9965,0.0,8839,84.0,0,-1
Train/actinic keratosis/ISIC_0032404.jpg,train,actinic keratosis,9937,0.0,14382,94.0,0,-1
Train/actinic keratosis/ISIC_0032422.jpg,train,actinic keratosis,9772,4.0,10239,90.0,0,-1
Train/actinic keratosis/ISIC_0032437.jpg,train,actinic keratosis,9729,0.0,31448,90.0,0,-1
Train/actinic keratosis/ISIC_0032854.jpg,train,actinic keratosis,10013,2.0,5026,86.0,0,-1
Train/actinic keratosis/ISIC_0033151.jpg,train,actinic keratosis,10000,2.0,23377,80.0,0,-1
Train/actinic keratosis/ISIC_0033358.jpg,train,actinic keratosis,9998,2.0,782,86.0,0,-1
Train/actinic keratosis/ISIC_0033413.jpg,train,actinic keratosis,9841,0.0,15018,86.0,0,-1
Train/actinic keratosis/ISIC_0033456.jpg,train,actinic keratosis,9700,0.0,14541,88.0,0,-1
Train/actinic keratosis/ISIC_0033494.jpg,train,actinic keratosis,9836,2.0,24028,76.0,0,-1
Train/actinic keratosis/ISIC_0033705.jpg,train,actinic keratosis,10008,2.0,9523,88.0,0,-1
Train/actinic keratosis/ISIC_0033811.jpg,train,actinic keratosis,9992,2.0,25572,72.0,0,-1
Train/actinic keratosis/ISIC_0033866.jpg,train,actinic keratosis,9972,0.0,30751,74.0,0,-1
Train/basal cell carcinoma/ISIC_0024504.jpg,train,basal cell carcinoma,2558,0.0,28686,88.0,0,-1
Train/basal cell carcinoma/ISIC_0024515.jpg,train,basal cell carcinoma,2676,2.0,23320,86.0,0,-1
Train/basal cell carcinoma/ISIC_0024550.jpg,train,basal cell carcinoma,2878,2.0,20548,76.0,0,-1
Train/basal cell carcinoma/ISIC_0024564.jpg,train,basal cell carcinoma,2882,4.0,24483,86.0,0,-1
Train/basal cell carcinoma/ISIC_0024572.jpg,train,basal cell carcinoma,2569,4.0,30581,86.0,0,-1
Train/basal cell carcinoma/ISIC_0024573.jpg,train,basal cell carcinoma,2567,4.0,9353,76.0,0,-1
Train/basal cell carcinoma/ISIC_0024582.jpg,train,basal cell carcinoma,2785,0.0,22277,78.0,0,-1
Train/basal cell carcinoma/ISIC_0024590.jpg,train,basal cell carcinoma,2487,2.0,4057,86.0,0,-1
Train/basal cell carcinoma/ISIC_0024595.jpg,train,basal cell carcinoma,2732,2.0,14234,68.0,0,-1
Train/basal cell carcinoma/ISIC_0024632.jpg,train,basal cell carcinoma,2704,0.0,16997,86.0,0,-1
Train/basal cell carcinoma/ISIC_0024634.jpg,train,basal cell carcinoma,2750,0.0,28578,82.0,0,-1
Train/basal cell carcinoma/ISIC_0024665.jpg,train,basal cell carcinoma,2734,4.0,2940,82.0,0,-1
Train/basal cell carcinoma/ISIC_0024666.jpg,train,basal cell carcinoma,2644,2.0,29982,72.0,0,-1
Train/basal cell carcinoma/ISIC_0024673.jpg,train,basal cell carcinoma,2482,0.0,1975,74.0,0,-1
Train/basal cell carcinoma/ISIC_0024743.jpg,train,basal cell carcinoma,2821,0.0,10679,88.0,0,-1
Train/basal cell carcinoma/ISIC_0024787.jpg,train,basal cell carcinoma,2896,4.0,20581,86.0,0,-1
Train/basal cell carcinoma/ISIC_0024795.jpg,train,basal cell carcinoma,2582,2.0,5729,90.0,0,-1
Train/basal cell carcinoma/ISIC_0024799.jpg,train,basal cell carcinoma,2799,2.0,28480,84.0,0,-1
Train/basal cell carcinoma/ISIC_0024829.jpg,train,basal cell carcinoma,2956,2.0,2314,76.0,0,-1
Train/basal cell carcinoma/ISIC_0024833.jpg,train,basal cell carcinoma,2885,0.0,2045,78.0,0,-1
Train/basal cell carcinoma/ISIC_0024848.jpg,train,basal cell carcinoma,2681,2.0,13399,88.0,0,-1
Train/basal cell carcinoma/ISIC_0024885.jpg,train,basal cell carcinoma,2592,2.0,8708,80.0,0,-1
Train/basal cell carcinoma/ISIC_0024897.jpg,train,basal cell carcinoma,2808,0.0,21435,76.0,0,-1
Train/basal cell carcinoma/ISIC_0024931.jpg,train,basal cell carcinoma,2961,0.0,29904,70.0,0,-1
Train/basal cell carcinoma/ISIC_0024949.jpg,train,basal cell carcinoma,2825,2.0,8918,84.0,0,-1
Train/basal cell carcinoma/ISIC_0024984.jpg,train,basal cell carcinoma,2948,2.0,17482,56.0,0,-1
Train/basal cell carcinoma/ISIC_0025019.jpg,train,basal cell carcinoma,2942,0.0,14526,90.0,0,-1
Train/basal cell carcinoma/ISIC_0025031.jpg,train,basal cell carcinoma,2959,6.0,14794,84.0,0,-1
Train/basal cell carcinoma/ISIC_0025046.jpg,train,basal cell carcinoma,2733,2.0,25735,78.0,0,-1
Train/basal cell carcinoma/ISIC_0025102.jpg,train,basal cell carcinoma,2661,2.0,1135,88.0,0,-1
Train/basal cell carcinoma/ISIC_0025144.jpg,train,basal cell carcinoma,2702,2.0,28336,86.0,0,-1
Train/basal cell carcinoma/ISIC_0025260.jpg,train,basal cell carcinoma,2972,2.0,14640,74.0,0,-1
Train/basal cell carcinoma/ISIC_0025266.jpg,train,basal cell carcinoma,2774,0.0,22262,76.0,0,-1
Train/basal cell carcinoma/ISIC_0025285.jpg,train,basal cell carcinoma,2950,4.0,12831,88.0,0,-1
Train/basal cell carcinoma/ISIC_0025299.jpg,train,basal cell carcinoma,2726,0.0,20766,84.0,0,-1
Train/basal cell carcinoma/ISIC_0025301.jpg,train,basal cell carcinoma,2706,2.0,3574,88.0,0,-1
Train/basal cell carcinoma/ISIC_0025322.jpg,train,basal cell carcinoma,2883,2.0,2896,86.0,0,-1
Train/basal cell carcinoma/ISIC_0025362.jpg,train,basal cell carcinoma,2815,2.0,6124,82.0,0,-1
Train/basal cell carcinoma/ISIC_0025383.jpg,train,basal cell carcinoma,2563,2.0,29655,82.0,0,-1
Train/basal cell carcinoma/ISIC_0025417.jpg,train,basal cell carcinoma,2710,0.0,14521,82.0,0,-1
Train/basal cell carcinoma/ISIC_0025433.jpg,train,basal cell carcinoma,2740,2.0,370,84.0,0,-1
Train/basal cell carcinoma/ISIC_0025467.jpg,train,basal cell carcinoma,2480,0.0,23867,86.0,0,-1
Train/basal cell carcinoma/ISIC_0025509.jpg,train,basal cell carcinoma,2916,2.0,21392,52.0,0,-1
Train/basal cell carcinoma/ISIC_0025513.jpg,train,basal cell carcinoma,2564,0.0,28953,72.0,0,-1
Train/basal cell carcinoma/ISIC_0025530.jpg,train,basal cell carcinoma,2861,2.0,27375,88.0,0,-1
Train/basal cell carcinoma/ISIC_0025557.jpg,train,basal cell carcinoma,2560,4.0,3800,84.0,0,-1
Train/basal cell carcinoma/ISIC_0025576.jpg,train,basal cell carcinoma,2688,4.0,27204,86.0,0,-1
Train/basal cell carcinoma/ISIC_0025601.jpg,train,basal cell carcinoma,2811,2.0,12235,86.0,0,-1
Train/basal cell carcinoma/ISIC_0025617.jpg,train,basal cell carcinoma,2669,2.0,5134,92.0,0,-1
Train/basal cell carcinoma/ISIC_0025630.jpg,train,basal cell carcinoma,2863,4.0,4817,76.0,0,-1
Train/basal cell carcinoma/ISIC_0025644.jpg,train,basal cell carcinoma,2634,2.0,413,82.0,0,-1
Train/basal cell carcinoma/ISIC_0025650.jpg,train,basal cell carcinoma,2719,2.0,29475,84.0,0,-1
Train/basal cell carcinoma/ISIC_0025691.jpg,train,basal cell carcinoma,2501,2.0,28884,68.0,0,-1
Train/basal cell carcinoma/ISIC_0025700.jpg,train,basal cell carcinoma,2573,2.0,13628,84.0,0,-1
Train/basal cell carcinoma/ISIC_0025711.jpg,train,basal cell carcinoma,2805,0.0,21699,78.0,0,-1
Train/basal cell carcinoma/ISIC_0025718.jpg,train,basal cell carcinoma,2474,2.0,13686,78.0,0,-1
Train/basal cell carcinoma/ISIC_0025731.jpg,train,basal cell carcinoma,2512,0.0,4542,78.0,0,-1
Train/basal cell carcinoma/ISIC_0025752.jpg,train,basal cell carcinoma,2646,2.0,15050,88.0,0,-1
Train/basal cell carcinoma/ISIC_0025793.jpg,train,basal cell carcinoma,2511,2.0,6000,74.0,0,-1
Train/basal cell carcinoma/ISIC_0025818.jpg,train,basal cell carcinoma,2910,0.0,4694,80.0,0,-1
Train/basal cell carcinoma/ISIC_0025824.jpg,train,basal cell carcinoma,2502,0.0,10743,80.0,0,-1
Train/basal cell carcinoma/ISIC_0025826.jpg,train,basal cell carcinoma,2796,4.0,17554,80.0,0,-1
Train/basal cell carcinoma/ISIC_0025932.jpg,train,basal cell carcinoma,2488,0.0,3006,60.0,0,-1
Train/basal cell carcinoma/ISIC_0025940.jpg,train,basal cell carcinoma,2757,0.0,22413,90.0,0,-1
Train/basal cell carcinoma/ISIC_0025971.jpg,train,basal cell carcinoma,2717,2.0,11245,88.0,0,-1
Train/basal cell carcinoma/ISIC_0025975.jpg,train,basal cell carcinoma,2751,2.0,24611,76.0,0,-1
Train/basal cell carcinoma/ISIC_0026056.jpg,train,basal cell carcinoma,2759,0.0,12072,86.0,0,-1
Train/basal cell carcinoma/ISIC_0026074.jpg,train,basal cell carcinoma,2754,2.0,20102,62.0,0,-1
Train/basal cell carcinoma/ISIC_0026090.jpg,train,basal cell carcinoma,2949,0.0,22253,86.0,0,-1
Train/basal cell carcinoma/ISIC_0026091.jpg,train,basal cell carcinoma,2584,2.0,10570,82.0,0,-1
Train/basal cell carcinoma/ISIC_0026117.jpg,train,basal cell carcinoma,2773,4.0,29899,62.0,0,-1
Train/basal cell carcinoma/ISIC_0026118.jpg,train,basal cell carcinoma,2844,2.0,25529,88.0,0,-1
Train/basal cell carcinoma/ISIC_0026154.jpg,train,basal cell carcinoma,2933,2.0,16989,86.0,0,-1
Train/basal cell carcinoma/ISIC_0026192.jpg,train,basal cell carcinoma,2708,2.0,1322,70.0,0,-1
Train/basal cell carcinoma/ISIC_0026213.jpg,train,basal cell carcinoma,2714,4.0,7530,86.0,0,-1
Train/basal cell carcinoma/ISIC_0026230.jpg,train,basal cell carcinoma,2556,4.0,15281,80.0,0,-1
Train/basal cell carcinoma/ISIC_0026275.jpg,train,basal cell carcinoma,2566,2.0,31163,78.0,0,-1
Train/basal cell carcinoma/ISIC_0026282.jpg,train,basal cell carcinoma,2523,2.0,3334,78.0,0,-1
Train/basal cell carcinoma/ISIC_0026321.jpg,train,basal cell carcinoma,2479,0.0,16838,88.0,0,-1
Train/basal cell carcinoma/ISIC_0026324.jpg,train,basal cell carcinoma,2572,2.0,14218,90.0,0,-1
Train/basal cell carcinoma/ISIC_0026337.jpg,train,basal cell carcinoma,2770,2.0,239,90.0,0,-1
Train/basal cell carcinoma/ISIC_0026343.jpg,train,basal cell carcinoma,2535,2.0,32362,76.0,0,-1
Train/basal cell carcinoma/ISIC_0026350.jpg,train,basal cell carcinoma,2671,4.0,11732,88.0,0,-1
Train/basal cell carcinoma/ISIC_0026395.jpg,train,basal cell carcinoma,2557,2.0,18428,58.0,0,-1
Train/basal cell carcinoma/ISIC_0026433.jpg,train,basal cell carcinoma,2834,0.0,3448,74.0,0,-1
Train/basal cell carcinoma/ISIC_0026439.jpg,train,basal cell carcinoma,2578,0.0,530,88.0,0,-1
Train/basal cell carcinoma/ISIC_0026442.jpg,train,basal cell carcinoma,2715,0.0,9875,88.0,0,-1
Train/basal cell carcinoma/ISIC_0026453.jpg,train,basal cell carcinoma,2586,0.0,30244,80.0,0,-1
Train/basal cell carcinoma/ISIC_0026496.jpg,train,basal cell carcinoma,2738,0.0,3280,86.0,0,-1
Train/basal cell carcinoma/ISIC_0026528.jpg,train,basal cell carcinoma,2673,0.0,11377,86.0,0,-1
Train/basal cell carcinoma/ISIC_0026574.jpg,train,basal cell carcinoma,2483,0.0,5611,88.0,0,-1
Train/basal cell carcinoma/ISIC_0026593.jpg,train,basal cell carcinoma,2539,0.0,27073,88.0,0,-1
Train/basal cell carcinoma/ISIC_0026643.jpg,train,basal cell carcinoma,2519,0.0,28089,78.0,0,-1
Train/basal cell carcinoma/ISIC_0026656.jpg,train,basal cell carcinoma,2472,0.0,9200,88.0,0,-1
Train/basal cell carcinoma/ISIC_0026668.jpg,train,basal cell carcinoma,2705,0.0,3095,92.0,0,-1
Train/basal cell carcinoma/ISIC_0026687.jpg,train,basal cell carcinoma,2831,0.0,12250,80.0,0,-1
Train/basal cell carcinoma/ISIC_0026716.jpg,train,basal cell carcinoma,2716,0.0,14991,80.0,0,-1
Train/basal cell carcinoma/ISIC_0026760.jpg,train,basal cell carcinoma,2473,0.0,4379,72.0,0,-1
Train/basal cell carcinoma/ISIC_0026766.jpg,train,basal cell carcinoma,2544,0.0,3812,70.0,0,-1
Train/basal cell carcinoma/ISIC_0026798.jpg,train,basal cell carcinoma,2767,2.0,9620,88.0,0,-1
Train/basal cell carcinoma/ISIC_0026829.jpg,train,basal cell carcinoma,2920,4.0,9851,74.0,0,-1
Train/basal cell carcinoma/ISIC_0026831.jpg,train,basal cell carcinoma,2575,0.0,5323,78.0,0,-1
Train/basal cell carcinoma/ISIC_0026845.jpg,train,basal cell carcinoma,2777,2.0,4976,88.0,0,-1
Train/basal cell carcinoma/ISIC_0026855.jpg,train,basal cell carcinoma,2748,0.0,4639,84.0,0,-1
Train/basal cell carcinoma/ISIC_0026865.jpg,train,basal cell carcinoma,2827,2.0,28189,84.0,0,-1
Train/basal cell carcinoma/ISIC_0026902.jpg,train,basal cell carcinoma,2771,2.0,11235,76.0,0,-1
Train/basal cell carcinoma/ISIC_0026940.jpg,train,basal cell carcinoma,2906,2.0,30594,88.0,0,-1
Train/basal cell carcinoma/ISIC_0026952.jpg,train,basal cell carcinoma,2724,0.0,11716,80.0,0,-1
Train/basal cell carcinoma/ISIC_0026968.jpg,train,basal cell carcinoma,2749,0.0,9964,74.0,0,-1
Train/basal cell carcinoma/ISIC_0026970.jpg,train,basal cell carcinoma,2857,2.0,14402,86.0,0,-1
Train/basal cell carcinoma/ISIC_0026978.jpg,train,basal cell carcinoma,2776,0.0,16344,80.0,0,-1
Train/basal cell carcinoma/ISIC_0026988.jpg,train,basal cell carcinoma,2699,2.0,30049,86.0,0,-1
Train/basal cell carcinoma/ISIC_0026995.jpg,train,basal cell carcinoma,2888,4.0,544,82.0,0,-1
Train/basal cell carcinoma/ISIC_0027004.jpg,train,basal cell carcinoma,2833,0.0,10324,80.0,0,-1
Train/basal cell carcinoma/ISIC_0027038.jpg,train,basal cell carcinoma,2874,2.0,7734,92.0,0,-1
Train/basal cell carcinoma/ISIC_0027046.jpg,train,basal cell carcinoma,2840,2.0,29668,72.0,0,-1
Train/basal cell carcinoma/ISIC_0027057.jpg,train,basal cell carcinoma,2499,0.0,10536,72.0,0,-1
Train/basal cell carcinoma/ISIC_0027058.jpg,train,basal cell carcinoma,2593,0.0,14797,72.0,0,-1
Train/basal cell carcinoma/ISIC_0027090.jpg,train,basal cell carcinoma,2670,2.0,20574,76.0,0,-1
Train/basal cell carcinoma/ISIC_0027093.jpg,train,basal cell carcinoma,2816,2.0,9108,74.0,0,-1
Train/basal cell carcinoma/ISIC_0027117.jpg,train,basal cell carcinoma,2531,2.0,543,64.0,0,-1
Train/basal cell carcinoma/ISIC_0027120.jpg,train,basal cell carcinoma,2937,2.0,28303,86.0,0,-1
Train/basal cell carcinoma/ISIC_0027135.jpg,train,basal cell carcinoma,2475,0.0,15956,78.0,0,-1
Train/basal cell carcinoma/ISIC_0027146.jpg,train,basal cell carcinoma,2467,2.0,29672,70.0,0,-1
Train/basal cell carcinoma/ISIC_0027175.jpg,train,basal cell carcinoma,2871,4.0,12070,90.0,0,-1
Train/basal cell carcinoma/ISIC_0027189.jpg,train,basal cell carcinoma,2772,4.0,2653,90.0,0,-1
Train/basal cell carcinoma/ISIC_0027229.jpg,train,basal cell carcinoma,2832,0.0,2642,86.0,0,-1
Train/basal cell carcinoma/ISIC_0027281.jpg,train,basal cell carcinoma,2897,2.0,215,84.0,0,-1
Train/basal cell carcinoma/ISIC_0027291.jpg,train,basal cell carcinoma,2898,0.0,16825,84.0,0,-1
Train/basal cell carcinoma/ISIC_0027297.jpg,train,basal cell carcinoma,2588,2.0,31934,76.0,0,-1
Train/basal cell carcinoma/ISIC_0027337.jpg,train,basal cell carcinoma,2829,0.0,18895,88.0,0,-1
Train/basal cell carcinoma/ISIC_0027371.jpg,train,basal cell carcinoma,2713,4.0,25545,72.0,0,-1
Train/basal cell carcinoma/ISIC_0027425.jpg,train,basal cell carcinoma,2851,2.0,6274,86.0,0,-1
Train/basal cell carcinoma/ISIC_0027433.jpg,train,basal cell carcinoma,2516,0.0,10048,90.0,0,-1
Train/basal cell carcinoma/ISIC_0027473.jpg,train,basal cell carcinoma,2814,2.0,19656,78.0,0,-1
Train/basal cell carcinoma/ISIC_0027478.jpg,train,basal cell carcinoma,2565,2.0,13937,72.0,0,-1
Train/basal cell carcinoma/ISIC_0027525.jpg,train,basal cell carcinoma,2877,0.0,25150,78.0,0,-1
Train/basal cell carcinoma/ISIC_0027526.jpg,train,basal cell carcinoma,2470,2.0,12956,86.0,0,-1
Train/basal cell carcinoma/ISIC_0027531.jpg,train,basal cell carcinoma,2722,0.0,8938,90.0,0,-1
Train/basal cell carcinoma/ISIC_0027544.jpg,train,basal cell carcinoma,2608,0.0,3414,70.0,0,-1
Train/basal cell carcinoma/ISIC_0027545.jpg,train,basal cell carcinoma,2528,0.0,21134,82.0,0,-1
Train/basal cell carcinoma/ISIC_0027546.jpg,train,basal cell carcinoma,2886,2.0,10253,84.0,0,-1
Train/basal cell carcinoma/ISIC_0027595.jpg,train,basal cell carcinoma,2932,2.0,29904,68.0,0,-1
Train/basal cell carcinoma/ISIC_0027601.jpg,train,basal cell carcinoma,2692,0.0,1579,86.0,0,-1
Train/basal cell carcinoma/ISIC_0027609.jpg,train,basal cell carcinoma,2529,2.0,17974,90.0,0,-1
Train/basal cell carcinoma/ISIC_0027629.jpg,train,basal cell carcinoma,2862,2.0,21083,74.0,0,-1
Train/basal cell carcinoma/ISIC_0027631.jpg,train,basal cell carcinoma,2695,2.0,23191,82.0,0,-1
Train/basal cell carcinoma/ISIC_0027675.jpg,train,basal cell carcinoma,2946,2.0,22116,86.0,0,-1
Train/basal cell carcinoma/ISIC_0027677.jpg,train,basal cell carcinoma,2884,2.0,31169,78.0,0,-1
Train/basal cell carcinoma/ISIC_0027704.jpg,train,basal cell carcinoma,2741,0.0,4157,86.0,0,-1
Train/basal cell carcinoma/ISIC_0027722.jpg,train,basal cell carcinoma,2846,2.0,19252,84.0,0,-1
Train/basal cell carcinoma/ISIC_0027744.jpg,train,basal cell carcinoma,2524,2.0,5770,88.0,0,-1
Train/basal cell carcinoma/ISIC_0027759.jpg,train,basal cell carcinoma,2943,2.0,28700,78.0,0,-1
Train/basal cell carcinoma/ISIC_0027774.jpg,train,basal cell carcinoma,2540,4.0,4426,74.0,0,-1
Train/basal cell carcinoma/ISIC_0027786.jpg,train,basal cell carcinoma,2614,2.0,22589,82.0,0,-1
Train/basal cell carcinoma/ISIC_0027788.jpg,train,basal cell carcinoma,2952,4.0,14171,74.0,0,-1
Train/basal cell carcinoma/ISIC_0027814.jpg,train,basal cell carcinoma,2675,2.0,12079,80.0,0,-1
Train/basal cell carcinoma/ISIC_0027819.jpg,train,basal cell carcinoma,2837,4.0,8464,58.0,0,-1
Train/basal cell carcinoma/ISIC_0027825.jpg,train,basal cell carcinoma,2795,2.0,17740,78.0,0,-1
Train/basal cell carcinoma/ISIC_0027846.jpg,train,basal cell carcinoma,2755,2.0,1108,70.0,0,-1
Train/basal cell carcinoma/ISIC_0027851.jpg,train,basal cell carcinoma,2570,4.0,5785,62.0,0,-1
Train/basal cell carcinoma/ISIC_0027858.jpg,train,basal cell carcinoma,2515,0.0,18588,90.0,0,-1
Train/basal cell carcinoma/ISIC_0027865.jpg,train,basal cell carcinoma,2509,0.0,4858,86.0,0,-1
Train/basal cell carcinoma/ISIC_0027915.jpg,train,basal cell carcinoma,2769,0.0,3339,86.0,0,-1
Train/basal cell carcinoma/ISIC_0027920.jpg,train,basal cell carcinoma,2951,0.0,31436,88.0,0,-1
Train/basal cell carcinoma/ISIC_0027966.jpg,train,basal cell carcinoma,2778,2.0,6852,82.0,0,-1
Train/basal cell carcinoma/ISIC_0027976.jpg,train,basal cell carcinoma,2476,2.0,14611,70.0,0,-1
Train/basal cell carcinoma/ISIC_0027998.jpg,train,basal cell carcinoma,2541,0.0,4029,86.0,0,-1
Train/basal cell carcinoma/ISIC_0028035.jpg,train,basal cell carcinoma,2711,2.0,1882,76.0,0,-1
Train/basal cell carcinoma/ISIC_0028050.jpg,train,basal cell carcinoma,2836,2.0,10708,82.0,0,-1
Train/basal cell carcinoma/ISIC_0028059.jpg,train,basal cell carcinoma,2687,0.0,32475,60.0,0,-1
Train/basal cell carcinoma/ISIC_0028079.jpg,train,basal cell carcinoma,2542,6.0,22935,78.0,0,-1
Train/basal cell carcinoma/ISIC_0028084.jpg,train,basal cell carcinoma,2856,0.0,22818,84.0,0,-1
Train/basal cell carcinoma/ISIC_0028085.jpg,train,basal cell carcinoma,2500,6.0,26955,84.0,0,-1
Train/basal cell carcinoma/ISIC_0028095.jpg,train,basal cell carcinoma,2549,2.0,12158,80.0,0,-1
Train/basal cell carcinoma/ISIC_0028106.jpg,train,basal cell carcinoma,2538,2.0,14228,76.0,0,-1
Train/basal cell carcinoma/ISIC_0028107.jpg,train,basal cell carcinoma,2768,2.0,29916,88.0,0,-1
Train/basal cell carcinoma/ISIC_0028113.jpg,train,basal cell carcinoma,2762,0.0,7559,84.0,0,-1
Train/basal cell carcinoma/ISIC_0028122.jpg,train,basal cell carcinoma,2931,2.0,13586,78.0,0,-1
Train/basal cell carcinoma/ISIC_0028147.jpg,train,basal cell carcinoma,2900,2.0,3085,92.0,0,-1
Train/basal cell carcinoma/ISIC_0028155.jpg,train,basal cell carcinoma,2462,0.0,23467,78.0,0,-1
Train/basal cell carcinoma/ISIC_0028168.jpg,train,basal cell carcinoma,2842,4.0,10560,80.0,0,-1
Train/basal cell carcinoma/ISIC_0028197.jpg,train,basal cell carcinoma,2866,0.0,2270,82.0,0,-1
Train/basal cell carcinoma/ISIC_0028238.jpg,train,basal cell carcinoma,2477,0.0,2115,84.0,0,-1
Train/basal cell carcinoma/ISIC_0028283.jpg,train,basal cell carcinoma,2870,0.0,18091,90.0,0,-1
Train/basal cell carcinoma/ISIC_0028303.jpg,train,basal cell carcinoma,2858,2.0,4543,84.0,0,-1
Train/basal cell carcinoma/ISIC_0028316.jpg,train,basal cell carcinoma,2696,2.0,1132,84.0,0,-1
Train/basal cell carcinoma/ISIC_0028323.jpg,train,basal cell carcinoma,2561,0.0,20290,86.0,0,-1
Train/basal cell carcinoma/ISIC_0028329.jpg,train,basal cell carcinoma,2818,0.0,620,78.0,0,-1
Train/basal cell carcinoma/ISIC_0028350.jpg,train,basal cell carcinoma,2914,0.0,3210,86.0,0,-1
Train/basal cell carcinoma/ISIC_0028419.jpg,train,basal cell carcinoma,2909,2.0,16997,72.0,0,-1
Train/basal cell carcinoma/ISIC_0028457.jpg,train,basal cell carcinoma,2525,2.0,26062,80.0,0,-1
Train/basal cell carcinoma/ISIC_0028486.jpg,train,basal cell carcinoma,2712,0.0,5798,80.0,0,-1
Train/basal cell carcinoma/ISIC_0028495.jpg,train,basal cell carcinoma,2484,2.0,12329,76.0,0,-1
Train/basal cell carcinoma/ISIC_0028542.jpg,train,basal cell carcinoma,2971,0.0,695,68.0,0,-1
Train/basal cell carcinoma/ISIC_0028556.jpg,train,basal cell carcinoma,2788,4.0,7784,88.0,0,-1
Train/basal cell carcinoma/ISIC_0028568.jpg,train,basal cell carcinoma,2926,2.0,22157,86.0,0,-1
Train/basal cell carcinoma/ISIC_0028570.jpg,train,basal cell carcinoma,2697,4.0,21681,76.0,0,-1
Train/basal cell carcinoma/ISIC_0028577.jpg,train,basal cell carcinoma,2919,2.0,1468,86.0,0,-1
Train/basal cell carcinoma/ISIC_0028583.jpg,train,basal cell carcinoma,2743,0.0,4405,84.0,0,-1
Train/basal cell carcinoma/ISIC_0028652.jpg,train,basal cell carcinoma,2873,2.0,8936,88.0,0,-1
Train/basal cell carcinoma/ISIC_0028653.jpg,train,basal cell carcinoma,2954,4.0,22702,84.0,0,-1
Train/basal cell carcinoma/ISIC_0028670.jpg,train,basal cell carcinoma,2513,2.0,24231,82.0,0,-1
Train/basal cell carcinoma/ISIC_0028671.jpg,train,basal cell carcinoma,2963,0.0,4074,88.0,0,-1
Train/basal cell carcinoma/ISIC_0028677.jpg,train,basal cell carcinoma,2685,2.0,29005,90.0,0,-1
Train/basal cell carcinoma/ISIC_0028687.jpg,train,basal cell carcinoma,2936,2.0,5798,84.0,0,-1
Train/basal cell carcinoma/ISIC_0028688.jpg,train,basal cell carcinoma,2684,0.0,24424,86.0,0,-1
Train/basal cell carcinoma/ISIC_0028693.jpg,train,basal cell carcinoma,2493,0.0,7678,72.0,0,-1
Train/basal cell carcinoma/ISIC_0028719.jpg,train,basal cell carcinoma,2839,0.0,1792,76.0,0,-1
Train/basal cell carcinoma/ISIC_0028728.jpg,train,basal cell carcinoma,2975,2.0,24988,88.0,0,-1
Train/basal cell carcinoma/ISIC_0028739.jpg,train,basal cell carcinoma,2727,4.0,14237,86.0,0,-1
Train/basal cell carcinoma/ISIC_0028747.jpg,train,basal cell carcinoma,2489,2.0,15106,76.0,0,-1
Train/basal cell carcinoma/ISIC_0028765.jpg,train,basal cell carcinoma,2721,4.0,29123,84.0,0,-1
Train/basal cell carcinoma/ISIC_0028807.jpg,train,basal cell carcinoma,2481,0.0,27214,66.0,0,-1
Train/basal cell carcinoma/ISIC_0028814.jpg,train,basal cell carcinoma,2915,0.0,24120,80.0,0,-1
Train/basal cell carcinoma/ISIC_0028815.jpg,train,basal cell carcinoma,2792,2.0,13249,78.0,0,-1
Train/basal cell carcinoma/ISIC_0028818.jpg,train,basal cell carcinoma,2686,0.0,2636,84.0,0,-1
Train/basal cell carcinoma/ISIC_0028858.jpg,train,basal cell carcinoma,2571,2.0,1453,80.0,0,-1
Train/basal cell carcinoma/ISIC_0028871.jpg,train,basal cell carcinoma,2667,2.0,6574,84.0,0,-1
Train/basal cell carcinoma/ISIC_0028877.jpg,train,basal cell carcinoma,2849,2.0,10512,80.0,0,-1
Train/basal cell carcinoma/ISIC_0028890.jpg,train,basal cell carcinoma,2645,0.0,16585,76.0,0,-1
Train/basal cell carcinoma/ISIC_0028928.jpg,train,basal cell carcinoma,2880,2.0,13087,80.0,0,-1
Train/basal cell carcinoma/ISIC_0028937.jpg,train,basal cell carcinoma,2761,0.0,32011,88.0,0,-1
Train/basal cell carcinoma/ISIC_0028964.jpg,train,basal cell carcinoma,2923,2.0,784,86.0,0,-1
Train/basal cell carcinoma/ISIC_0028973.jpg,train,basal cell carcinoma,2806,4.0,7442,74.0,0,-1
Train/basal cell carcinoma/ISIC_0028978.jpg,train,basal cell carcinoma,2974,6.0,22520,74.0,0,-1
Train/basal cell carcinoma/ISIC_0028980.jpg,train,basal cell carcinoma,2589,2.0,6976,66.0,0,-1
Train/basal cell carcinoma/ISIC_0028989.jpg,train,basal cell carcinoma,2787,4.0,14281,84.0,0,-1
Train/basal cell carcinoma/ISIC_0028994.jpg,train,basal cell carcinoma,2496,0.0,23327,78.0,0,-1
Train/basal cell carcinoma/ISIC_0029020.jpg,train,basal cell carcinoma,2595,0.0,16384,64.0,0,-1
Train/basal cell carcinoma/ISIC_0029034.jpg,train,basal cell carcinoma,2532,2.0,3824,90.0,0,-1
Train/basal cell carcinoma/ISIC_0029035.jpg,train,basal cell carcinoma,2810,0.0,22935,84.0,0,-1
Train/basal cell carcinoma/ISIC_0029053.jpg,train,basal cell carcinoma,2903,0.0,8920,90.0,0,-1
Train/basal cell carcinoma/ISIC_0029082.jpg,train,basal cell carcinoma,2807,2.0,14032,74.0,0,-1
Train/basal cell carcinoma/ISIC_0029083.jpg,train,basal cell carcinoma,2720,2.0,12165,86.0,0,-1
Train/basal cell carcinoma/ISIC_0029123.jpg,train,basal cell carcinoma,2889,2.0,14882,88.0,0,-1
Train/basal cell carcinoma/ISIC_0029129.jpg,train,basal cell carcinoma,2736,2.0,27332,88.0,0,-1
Train/basal cell carcinoma/ISIC_0029192.jpg,train,basal cell carcinoma,2659,0.0,31548,82.0,0,-1
Train/basal cell carcinoma/ISIC_0029193.jpg,train,basal cell carcinoma,2469,0.0,14577,72.0,0,-1
Train/basal cell carcinoma/ISIC_0029201.jpg,train,basal cell carcinoma,2577,2.0,10012,78.0,0,-1
Train/basal cell carcinoma/ISIC_0029220.jpg,train,basal cell carcinoma,2912,0.0,3809,78.0,0,-1
Train/basal cell carcinoma/ISIC_0029230.jpg,train,basal cell carcinoma,2464,2.0,24167,76.0,0,-1
Train/basal cell carcinoma/ISIC_0029263.jpg,train,basal cell carcinoma,2830,2.0,402,90.0,0,-1
Train/basal cell carcinoma/ISIC_0029278.jpg,train,basal cell carcinoma,2703,2.0,4617,90.0,0,-1
Train/basal cell carcinoma/ISIC_0029323.jpg,train,basal cell carcinoma,2852,2.0,5942,88.0,0,-1
Train/basal cell carcinoma/ISIC_0029331.jpg,train,basal cell carcinoma,2689,2.0,24416,84.0,0,-1
Train/basal cell carcinoma/ISIC_0029337.jpg,train,basal cell carcinoma,2864,2.0,16779,92.0,0,-1
Train/basal cell carcinoma/ISIC_0029341.jpg,train,basal cell carcinoma,2536,0.0,1894,82.0,0,-1
Train/basal cell carcinoma/ISIC_0029342.jpg,train,basal cell carcinoma,2918,4.0,22135,82.0,0,-1
Train/basal cell carcinoma/ISIC_0029352.jpg,train,basal cell carcinoma,2930,2.0,9454,76.0,0,-1
Train/basal cell carcinoma/ISIC_0029372.jpg,train,basal cell carcinoma,2890,4.0,19366,90.0,0,-1
Train/basal cell carcinoma/ISIC_0029391.jpg,train,basal cell carcinoma,2730,4.0,30799,80.0,0,-1
Train/basal cell carcinoma/ISIC_0029392.jpg,train,basal cell carcinoma,2691,2.0,29660,90.0,0,-1
Train/basal cell carcinoma/ISIC_0029412.jpg,train,basal cell carcinoma,2742,2.0,7583,90.0,0,-1
Train/basal cell carcinoma/ISIC_0029466.jpg,train,basal cell carcinoma,2498,2.0,18428,66.0,0,-1
Train/basal cell carcinoma/ISIC_0029489.jpg,train,basal cell carcinoma,2764,2.0,18655,88.0,0,-1
Train/basal cell carcinoma/ISIC_0029501.jpg,train,basal cell carcinoma,2938,2.0,16569,90.0,0,-1
Train/basal cell carcinoma/ISIC_0029515.jpg,train,basal cell carcinoma,2517,0.0,4390,78.0,0,-1
Train/basal cell carcinoma/ISIC_0029524.jpg,train,basal cell carcinoma,2835,2.0,17288,74.0,0,-1
Train/basal cell carcinoma/ISIC_0029539.jpg,train,basal cell carcinoma,2782,4.0,5896,80.0,0,-1
Train/basal cell carcinoma/ISIC_0029545.jpg,train,basal cell carcinoma,2925,0.0,13713,92.0,0,-1
Train/basal cell carcinoma/ISIC_0029546.jpg,train,basal cell carcinoma,2690,2.0,13229,86.0,0,-1
Train/basal cell carcinoma/ISIC_0029564.jpg,train,basal cell carcinoma,2674,0.0,23682,78.0,0,-1
Train/basal cell carcinoma/ISIC_0029602.jpg,train,basal cell carcinoma,2899,2.0,24493,86.0,0,-1
Train/basal cell carcinoma/ISIC_0029644.jpg,train,basal cell carcinoma,2847,2.0,6572,86.0,0,-1
Train/basal cell carcinoma/ISIC_0029647.jpg,train,basal cell carcinoma,2514,0.0,22196,82.0,0,-1
Train/basal cell carcinoma/ISIC_0029655.jpg,train,basal cell carcinoma,2786,2.0,1140,82.0,0,-1
Train/basal cell carcinoma/ISIC_0029669.jpg,train,basal cell carcinoma,2580,0.0,3109,88.0,0,-1
Train/basal cell carcinoma/ISIC_0029680.jpg,train,basal cell carcinoma,2921,2.0,2872,90.0,0,-1
Train/basal cell carcinoma/ISIC_0029745.jpg,train,basal cell carcinoma,2908,0.0,21435,76.0,0,-1
Train/basal cell carcinoma/ISIC_0029747.jpg,train,basal cell carcinoma,2504,0.0,12390,78.0,0,-1
Train/basal cell carcinoma/ISIC_0029755.jpg,train,basal cell carcinoma,2478,0.0,14640,72.0,0,-1
Train/basal cell carcinoma/ISIC_0029779.jpg,train,basal cell carcinoma,2579,2.0,2151,74.0,0,-1
Train/basal cell carcinoma/ISIC_0029805.jpg,train,basal cell carcinoma,2737,0.0,9111,82.0,0,-1
Train/basal cell carcinoma/ISIC_0029820.jpg,train,basal cell carcinoma,2845,4.0,3909,92.0,0,-1
Train/basal cell carcinoma/ISIC_0029831.jpg,train,basal cell carcinoma,2867,4.0,24352,84.0,0,-1
Train/basal cell carcinoma/ISIC_0029847.jpg,train,basal cell carcinoma,2507,2.0,3812,54.0,0,-1
Train/basal cell carcinoma/ISIC_0029856.jpg,train,basal cell carcinoma,2798,2.0,11230,92.0,0,-1
Train/basal cell carcinoma/ISIC_0029857.jpg,train,basal cell carcinoma,2953,0.0,532,60.0,0,-1
Train/basal cell carcinoma/ISIC_0029899.jpg,train,basal cell carcinoma,2555,2.0,9860,84.0,0,-1
Train/basal cell carcinoma/ISIC_0029917.jpg,train,basal cell carcinoma,2935,0.0,17381,70.0,0,-1
Train/basal cell carcinoma/ISIC_0029919.jpg,train,basal cell carcinoma,2879,2.0,9392,74.0,0,-1
Train/basal cell carcinoma/ISIC_0029951.jpg,train,basal cell carcinoma,2945,2.0,3950,86.0,0,-1
Train/basal cell carcinoma/ISIC_0029974.jpg,train,basal cell carcinoma,2765,2.0,6014,90.0,0,-1
Train/basal cell carcinoma/ISIC_0030010.jpg,train,basal cell carcinoma,2574,2.0,27070,68.0,0,-1
Train/basal cell carcinoma/ISIC_0030094.jpg,train,basal cell carcinoma,2904,0.0,30780,88.0,0,-1
Train/basal cell carcinoma/ISIC_0030096.jpg,train,basal cell carcinoma,2865,4.0,30051,88.0,0,-1
Train/basal cell carcinoma/ISIC_0030114.jpg,train,basal cell carcinoma,2594,2.0,2624,78.0,0,-1
Train/basal cell carcinoma/ISIC_0030138.jpg,train,basal cell carcinoma,2939,4.0,860,76.0,0,-1
Train/basal cell carcinoma/ISIC_0030145.jpg,train,basal cell carcinoma,2552,0.0,5894,84.0,0,-1
Train/basal cell carcinoma/ISIC_0030177.jpg,train,basal cell carcinoma,2546,2.0,3006,64.0,0,-1
Train/basal cell carcinoma/ISIC_0030181.jpg,train,basal cell carcinoma,2817,0.0,4464,90.0,0,-1
Train/basal cell carcinoma/ISIC_0030197.jpg,train,basal cell carcinoma,2784,0.0,8945,90.0,0,-1
Train/basal cell carcinoma/ISIC_0030230.jpg,train,basal cell carcinoma,2802,0.0,20803,64.0,0,-1
Train/basal cell carcinoma/ISIC_0030233.jpg,train,basal cell carcinoma,2683,0.0,922,86.0,0,-1
Train/basal cell carcinoma/ISIC_0030249.jpg,train,basal cell carcinoma,2928,2.0,6920,86.0,0,-1
Train/basal cell carcinoma/ISIC_0030261.jpg,train,basal cell carcinoma,2495,0.0,9938,80.0,0,-1
Train/basal cell carcinoma/ISIC_0030271.jpg,train,basal cell carcinoma,2518,0.0,30751,74.0,0,-1
Train/basal cell carcinoma/ISIC_0030314.jpg,train,basal cell carcinoma,2635,0.0,10500,92.0,0,-1
Train/basal cell carcinoma/ISIC_0030335.jpg,train,basal cell carcinoma,2510,0.0,28219,78.0,0,-1
Train/basal cell carcinoma/ISIC_0030339.jpg,train,basal cell carcinoma,2922,4.0,15673,82.0,0,-1
Train/basal cell carcinoma/ISIC_0030349.jpg,train,basal cell carcinoma,2583,2.0,8543,62.0,0,-1
Train/basal cell carcinoma/ISIC_0030352.jpg,train,basal cell carcinoma,2907,2.0,18330,76.0,0,-1
Train/basal cell carcinoma/ISIC_0030403.jpg,train,basal cell carcinoma,2731,2.0,14577,76.0,0,-1
Train/basal cell carcinoma/ISIC_0030452.jpg,train,basal cell carcinoma,2822,0.0,25067,78.0,0,-1
Train/basal cell carcinoma/ISIC_0030511.jpg,train,basal cell carcinoma,2746,2.0,5338,68.0,0,-1
Train/basal cell carcinoma/ISIC_0030514.jpg,train,basal cell carcinoma,2868,2.0,776,90.0,0,-1
Train/basal cell carcinoma/ISIC_0030526.jpg,train,basal cell carcinoma,2860,0.0,9671,78.0,0,-1
Train/basal cell carcinoma/ISIC_0030528.jpg,train,basal cell carcinoma,2745,0.0,19054,84.0,0,-1
Train/basal cell carcinoma/ISIC_0030574.jpg,train,basal cell carcinoma,2485,2.0,16323,72.0,0,-1
Train/basal cell carcinoma/ISIC_0030594.jpg,train,basal cell carcinoma,2747,2.0,4850,84.0,0,-1
Train/basal cell carcinoma/ISIC_0030644.jpg,train,basal cell carcinoma,2709,2.0,27416,86.0,0,-1
Train/basal cell carcinoma/ISIC_0030659.jpg,train,basal cell carcinoma,2562,2.0,6515,80.0,0,-1
Train/basal cell carcinoma/ISIC_0030690.jpg,train,basal cell carcinoma,2813,2.0,23202,82.0,0,-1
Train/basal cell carcinoma/ISIC_0030712.jpg,train,basal cell carcinoma,2663,0.0,32475,80.0,0,-1
Train/basal cell carcinoma/ISIC_0030737.jpg,train,basal cell carcinoma,2718,0.0,18892,86.0,0,-1
Train/basal cell carcinoma/ISIC_0030746.jpg,train,basal cell carcinoma,2911,0.0,8286,70.0,0,-1
Train/basal cell carcinoma/ISIC_0030755.jpg,train,basal cell carcinoma,2791,2.0,19042,78.0,0,-1
Train/basal cell carcinoma/ISIC_0030766.jpg,train,basal cell carcinoma,2530,0.0,7871,66.0,0,-1
Train/basal cell carcinoma/ISIC_0030767.jpg,train,basal cell carcinoma,2967,2.0,10426,80.0,0,-1
Train/basal cell carcinoma/ISIC_0030778.jpg,train,basal cell carcinoma,2505,0.0,31914,84.0,0,-1
Train/basal cell carcinoma/ISIC_0030782.jpg,train,basal cell carcinoma,2891,0.0,29509,90.0,0,-1
Train/basal cell carcinoma/ISIC_0030800.jpg,train,basal cell carcinoma,2533,2.0,30708,76.0,0,-1
Train/basal cell carcinoma/ISIC_0030813.jpg,train,basal cell carcinoma,2753,0.0,152,82.0,0,-1
Train/basal cell carcinoma/ISIC_0030868.jpg,train,basal cell carcinoma,2887,2.0,29812,82.0,0,-1
Train/basal cell carcinoma/ISIC_0030893.jpg,train,basal cell carcinoma,2494,0.0,11474,82.0,0,-1
Train/basal cell carcinoma/ISIC_0030915.jpg,train,basal cell carcinoma,2892,0.0,23065,80.0,0,-1
Train/basal cell carcinoma/ISIC_0030954.jpg,train,basal cell carcinoma,2901,4.0,1677,50.0,0,-1
Train/basal cell carcinoma/ISIC_0030964.jpg,train,basal cell carcinoma,2819,2.0,19441,88.0,0,-1
Train/basal cell carcinoma/ISIC_0031007.jpg,train,basal cell carcinoma,2800,0.0,10061,84.0,0,-1
Train/basal cell carcinoma/ISIC_0031009.jpg,train,basal cell carcinoma,2820,0.0,22785,84.0,0,-1
Train/basal cell carcinoma/ISIC_0031026.jpg,train,basal cell carcinoma,2679,2.0,1373,80.0,0,-1
Train/basal cell carcinoma/ISIC_0031041.jpg,train,basal cell carcinoma,2958,0.0,31354,92.0,0,-1
Train/basal cell carcinoma/ISIC_0031056.jpg,train,basal cell carcinoma,2843,0.0,16528,82.0,0,-1
Train/basal cell carcinoma/ISIC_0031057.jpg,train,basal cell carcinoma,2828,2.0,12375,86.0,0,-1
Train/basal cell carcinoma/ISIC_0031062.jpg,train,basal cell carcinoma,2902,2.0,15977,70.0,0,-1
Train/basal cell carcinoma/ISIC_0031063.jpg,train,basal cell carcinoma,2848,2.0,10351,84.0,0,-1
Train/basal cell carcinoma/ISIC_0031095.jpg,train,basal cell carcinoma,2824,4.0,24415,84.0,0,-1
Train/basal cell carcinoma/ISIC_0031122.jpg,train,basal cell carcinoma,2794,2.0,24847,82.0,0,-1
Train/basal cell carcinoma/ISIC_0031140.jpg,train,basal cell carcinoma,2520,0.0,32432,72.0,0,-1
Train/basal cell carcinoma/ISIC_0031154.jpg,train,basal cell carcinoma,2841,2.0,30110,76.0,0,-1
Train/basal cell carcinoma/ISIC_0031166.jpg,train,basal cell carcinoma,2492,4.0,19547,76.0,0,-1
Train/basal cell carcinoma/ISIC_0031169.jpg,train,basal cell carcinoma,2581,2.0,605,82.0,0,-1
Train/basal cell carcinoma/ISIC_0031171.jpg,train,basal cell carcinoma,2854,2.0,354,92.0,0,-1
Train/basal cell carcinoma/ISIC_0031175.jpg,train,basal cell carcinoma,2790,0.0,26819,84.0,0,-1
Train/basal cell carcinoma/ISIC_0031225.jpg,train,basal cell carcinoma,2677,2.0,6102,84.0,0,-1
Train/basal cell carcinoma/ISIC_0031236.jpg,train,basal cell carcinoma,2752,2.0,14522,70.0,0,-1
Train/basal cell carcinoma/ISIC_0031243.jpg,train,basal cell carcinoma,2522,2.0,16017,84.0,0,-1
Train/basal cell carcinoma/ISIC_0031245.jpg,train,basal cell carcinoma,2694,2.0,5134,90.0,0,-1
Train/basal cell carcinoma/ISIC_0031258.jpg,train,basal cell carcinoma,2783,2.0,1357,82.0,0,-1
Train/basal cell carcinoma/ISIC_0031266.jpg,train,basal cell carcinoma,2758,2.0,403,82.0,0,-1
Train/basal cell carcinoma/ISIC_0031272.jpg,train,basal cell carcinoma,2568,2.0,15432,64.0,0,-1
Train/basal cell carcinoma/ISIC_0031284.jpg,train,basal cell carcinoma,2547,4.0,8397,82.0,0,-1
Train/basal cell carcinoma/ISIC_0031294.jpg,train,basal cell carcinoma,2838,0.0,5192,80.0,0,-1
Train/basal cell carcinoma/ISIC_0031298.jpg,train,basal cell carcinoma,2927,2.0,3238,88.0,0,-1
Train/basal cell carcinoma/ISIC_0031318.jpg,train,basal cell carcinoma,2893,4.0,18314,86.0,0,-1
Train/basal cell carcinoma/ISIC_0031351.jpg,train,basal cell carcinoma,2698,2.0,25452,80.0,0,-1
Train/basal cell carcinoma/ISIC_0031378.jpg,train,basal cell carcinoma,2881,8.0,25082,88.0,0,-1
Train/basal cell carcinoma/ISIC_0031384.jpg,train,basal cell carcinoma,2725,4.0,30323,82.0,0,-1
Train/basal cell carcinoma/ISIC_0031400.jpg,train,basal cell carcinoma,2503,2.0,13053,80.0,0,-1
Train/basal cell carcinoma/ISIC_0031407.jpg,train,basal cell carcinoma,2872,0.0,3994,88.0,0,-1
Train/basal cell carcinoma/ISIC_0031413.jpg,train,basal cell carcinoma,2700,2.0,3941,78.0,0,-1
Train/basal cell carcinoma/ISIC_0031442.jpg,train,basal cell carcinoma,2543,0.0,25732,82.0,0,-1
Train/basal cell carcinoma/ISIC_0031450.jpg,train,basal cell carcinoma,2678,0.0,2683,88.0,0,-1
Train/basal cell carcinoma/ISIC_0031470.jpg,train,basal cell carcinoma,2894,2.0,14713,88.0,0,-1
Train/basal cell carcinoma/ISIC_0031489.jpg,train,basal cell carcinoma,2587,2.0,6282,66.0,0,-1
Train/basal cell carcinoma/ISIC_0031513.jpg,train,basal cell carcinoma,2465,4.0,1891,64.0,0,-1
Train/basal cell carcinoma/ISIC_0031520.jpg,train,basal cell carcinoma,2853,0.0,15186,88.0,0,-1
Train/basal cell carcinoma/ISIC_0031526.jpg,train,basal cell carcinoma,2804,0.0,29949,72.0,0,-1
Train/basal cell carcinoma/ISIC_0031531.jpg,train,basal cell carcinoma,2973,0.0,6838,72.0,0,-1
Train/basal cell carcinoma/ISIC_0031539.jpg,train,basal cell carcinoma,2682,4.0,518,90.0,0,-1
Train/basal cell carcinoma/ISIC_0031552.jpg,train,basal cell carcinoma,2855,2.0,30334,78.0,0,-1
Train/basal cell carcinoma/ISIC_0031569.jpg,train,basal cell carcinoma,2672,2.0,12263,84.0,0,-1
Train/basal cell carcinoma/ISIC_0031585.jpg,train,basal cell carcinoma,2486,2.0,7878,86.0,0,-1
Train/basal cell carcinoma/ISIC_0031597.jpg,train,basal cell carcinoma,2766,0.0,22259,82.0,0,-1
Train/basal cell carcinoma/ISIC_0031614.jpg,train,basal cell carcinoma,2947,2.0,8429,80.0,0,-1
Train/dermatofibroma/ISIC_0025223.jpg,train,dermatofibroma,1157,0.0,104,92.0,0,-1
Train/dermatofibroma/ISIC_0025302.jpg,train,dermatofibroma,1121,0.0,3809,84.0,0,-1
Train/dermatofibroma/ISIC_0025314.jpg,train,dermatofibroma,1204,0.0,9023,94.0,0,-1
Train/dermatofibroma/ISIC_0025373.jpg,train,dermatofibroma,1205,4.0,31812,84.0,0,-1
Train/dermatofibroma/ISIC_0025504.jpg,train,dermatofibroma,1123,4.0,8368,90.0,0,-1
Train/dermatofibroma/ISIC_0025594.jpg,train,dermatofibroma,1184,6.0,3397,94.0,0,-1
Train/dermatofibroma/ISIC_0025622.jpg,train,dermatofibroma,1151,4.0,7411,80.0,0,-1
Train/dermatofibroma/ISIC_0025668.jpg,train,dermatofibroma,1108,0.0,29122,86.0,0,-1
Train/dermatofibroma/ISIC_0025771.jpg,train,dermatofibroma,1206,0.0,9933,92.0,0,-1
Train/dermatofibroma/ISIC_0025903.jpg,train,dermatofibroma,1191,2.0,14359,90.0,0,-1
Train/dermatofibroma/ISIC_0025911.jpg,train,dermatofibroma,1185,2.0,27483,86.0,0,-1
Train/dermatofibroma/ISIC_0025954.jpg,train,dermatofibroma,1131,2.0,860,82.0,0,-1
Train/dermatofibroma/ISIC_0025980.jpg,train,dermatofibroma,1189,0.0,1867,88.0,0,-1
Train/dermatofibroma/ISIC_0026254.jpg,train,dermatofibroma,1186,6.0,4865,86.0,0,-1
Train/dermatofibroma/ISIC_0026313.jpg,train,dermatofibroma,1153,2.0,28011,80.0,0,-1
Train/dermatofibroma/ISIC_0026417.jpg,train,dermatofibroma,1154,0.0,31808,80.0,0,-1
Train/dermatofibroma/ISIC_0026471.jpg,train,dermatofibroma,1187,2.0,8596,88.0,0,-1
Train/dermatofibroma/ISIC_0026473.jpg,train,dermatofibroma,1142,2.0,19355,80.0,0,-1
Train/dermatofibroma/ISIC_0026629.jpg,train,dermatofibroma,1197,2.0,19949,86.0,0,-1
Train/dermatofibroma/ISIC_0026789.jpg,train,dermatofibroma,1144,4.0,14406,78.0,0,-1
Train/dermatofibroma/ISIC_0027008.jpg,train,dermatofibroma,1095,0.0,23853,78.0,0,-1
Train/dermatofibroma/ISIC_0027044.jpg,train,dermatofibroma,1202,4.0,17317,88.0,0,-1
Train/dermatofibroma/ISIC_0027107.jpg,train,dermatofibroma,1125,4.0,32671,80.0,0,-1
Train/dermatofibroma/ISIC_0027141.jpg,train,dermatofibroma,1194,4.0,1585,90.0,0,-1
Train/dermatofibroma/ISIC_0027216.jpg,train,dermatofibroma,1209,2.0,2550,92.0,0,-1
Train/dermatofibroma/ISIC_0027488.jpg,train,dermatofibroma,1176,0.0,17323,88.0,0,-1
Train/dermatofibroma/ISIC_0027598.jpg,train,dermatofibroma,1199,2.0,14891,80.0,0,-1
Train/dermatofibroma/ISIC_0027613.jpg,train,dermatofibroma,1101,2.0,5006,70.0,0,-1
Train/dermatofibroma/ISIC_0027626.jpg,train,dermatofibroma,1136,2.0,725,90.0,0,-1
Train/dermatofibroma/ISIC_0027648.jpg,train,dermatofibroma,1126,4.0,21185,82.0,0,-1
Train/dermatofibroma/ISIC_0027745.jpg,train,dermatofibroma,1182,2.0,7607,92.0,0,-1
Train/dermatofibroma/ISIC_0027876.jpg,train,dermatofibroma,1128,2.0,26514,88.0,0,-1
Train/dermatofibroma/ISIC_0028346.jpg,train,dermatofibroma,1146,2.0,9801,84.0,0,-1
Train/dermatofibroma/ISIC_0028651.jpg,train,dermatofibroma,1192,2.0,28564,88.0,0,-1
Train/dermatofibroma/ISIC_0028735.jpg,train,dermatofibroma,1155,2.0,188,72.0,0,-1
Train/dermatofibroma/ISIC_0028790.jpg,train,dermatofibroma,1096,0.0,12941,86.0,0,-1
Train/dermatofibroma/ISIC_0028880.jpg,train,dermatofibroma,1097,0.0,2894,74.0,0,-1
Train/dermatofibroma/ISIC_0028926.jpg,train,dermatofibroma,1130,0.0,18095,74.0,0,-1
Train/dermatofibroma/ISIC_0029039.jpg,train,dermatofibroma,1122,2.0,17248,78.0,0,-1
Train/dermatofibroma/ISIC_0029052.jpg,train,dermatofibroma,1188,4.0,29217,84.0,0,-1
Train/dermatofibroma/ISIC_0029130.jpg,train,dermatofibroma,1201,2.0,6678,88.0,0,-1
Train/dermatofibroma/ISIC_0029177.jpg,train,dermatofibroma,1203,4.0,3173,88.0,0,-1
Train/dermatofibroma/ISIC_0029248.jpg,train,dermatofibroma,1116,0.0,31051,88.0,0,-1
Train/dermatofibroma/ISIC_0029297.jpg,train,dermatofibroma,1208,4.0,27940,84.0,0,-1
Train/dermatofibroma/ISIC_0029578.jpg,train,dermatofibroma,1133,0.0,8515,90.0,0,-1
Train/dermatofibroma/ISIC_0029783.jpg,train,dermatofibroma,1132,2.0,8383,84.0,0,-1
Train/dermatofibroma/ISIC_0029824.jpg,train,dermatofibroma,1150,0.0,7011,82.0,0,-1
Train/dermatofibroma/ISIC_0029891.jpg,train,dermatofibroma,1138,4.0,11540,94.0,0,-1
Train/dermatofibroma/ISIC_0029962.jpg,train,dermatofibroma,1148,0.0,6240,88.0,0,-1
Train/dermatofibroma/ISIC_0029967.jpg,train,dermatofibroma,1127,2.0,2672,82.0,0,-1
Train/dermatofibroma/ISIC_0029973.jpg,train,dermatofibroma,1198,6.0,9136,90.0,0,-1
Train/dermatofibroma/ISIC_0030011.jpg,train,dermatofibroma,1134,2.0,21635,90.0,0,-1
Train/dermatofibroma/ISIC_0030015.jpg,train,dermatofibroma,1158,2.0,18928,74.0,0,-1
Train/dermatofibroma/ISIC_0030021.jpg,train,dermatofibroma,1099,2.0,29949,78.0,0,-1
Train/dermatofibroma/ISIC_0030321.jpg,train,dermatofibroma,1120,0.0,20817,80.0,0,-1
Train/dermatofibroma/ISIC_0030427.jpg,train,dermatofibroma,1135,2.0,13248,86.0,0,-1
Train/dermatofibroma/ISIC_0030442.jpg,train,dermatofibroma,1117,2.0,9876,88.0,0,-1
Train/dermatofibroma/ISIC_0030555.jpg,train,dermatofibroma,1104,0.0,23307,86.0,0,-1
Train/dermatofibroma/ISIC_0030579.jpg,train,dermatofibroma,1110,2.0,3238,92.0,0,-1
Train/dermatofibroma/ISIC_0030665.jpg,train,dermatofibroma,1193,0.0,639,90.0,0,-1
Train/dermatofibroma/ISIC_0030757.jpg,train,dermatofibroma,1139,2.0,6972,88.0,0,-1
Train/dermatofibroma/ISIC_0030830.jpg,train,dermatofibroma,1181,2.0,15329,88.0,0,-1
Train/dermatofibroma/ISIC_0030870.jpg,train,dermatofibroma,1207,0.0,6769,88.0,0,-1
Train/dermatofibroma/ISIC_0031257.jpg,train,dermatofibroma,1195,0.0,6703,90.0,0,-1
Train/dermatofibroma/ISIC_0031271.jpg,train,dermatofibroma,1190,0.0,2009,92.0,0,-1
Train/dermatofibroma/ISIC_0031309.jpg,train,dermatofibroma,1098,2.0,4345,74.0,0,-1
Train/dermatofibroma/ISIC_0031344.jpg,train,dermatofibroma,1145,0.0,10380,84.0,0,-1
Train/dermatofibroma/ISIC_0031358.jpg,train,dermatofibroma,1140,2.0,16955,86.0,0,-1
Train/dermatofibroma/ISIC_0031372.jpg,train,dermatofibroma,1152,0.0,2876,82.0,0,-1
Train/dermatofibroma/ISIC_0031429.jpg,train,dermatofibroma,1119,0.0,11352,88.0,0,-1
Train/dermatofibroma/ISIC_0031443.jpg,train,dermatofibroma,1156,2.0,24397,80.0,0,-1
Train/dermatofibroma/ISIC_0031457.jpg,train,dermatofibroma,1149,0.0,20,82.0,0,-1
Train/dermatofibroma/ISIC_0031735.jpg,train,dermatofibroma,1141,4.0,2353,88.0,0,-1
Train/dermatofibroma/ISIC_0031799.jpg,train,dermatofibroma,1200,2.0,4132,94.0,0,-1
Train/dermatofibroma/ISIC_0031827.jpg,train,dermatofibroma,1106,0.0,29592,90.0,0,-1
Train/dermatofibroma/ISIC_0032114.jpg,train,dermatofibroma,1143,2.0,21961,94.0,0,-1
Train/dermatofibroma/ISIC_0032138.jpg,train,dermatofibroma,1129,0.0,20873,88.0,0,-1
Train/dermatofibroma/ISIC_0032247.jpg,train,dermatofibroma,1118,4.0,29219,88.0,0,-1
Train/dermatofibroma/ISIC_0032468.jpg,train,dermatofibroma,1102,2.0,9840,86.0,0,-1
Train/dermatofibroma/ISIC_0032613.jpg,train,dermatofibroma,1165,0.0,5597,90.0,0,-1
Train/dermatofibroma/ISIC_0032642.jpg,train,dermatofibroma,1113,0.0,23249,84.0,0,-1
Train/dermatofibroma/ISIC_0032941.jpg,train,dermatofibroma,1112,0.0,7985,68.0,0,-1
Train/dermatofibroma/ISIC_0033005.jpg,train,dermatofibroma,1174,2.0,10939,74.0,0,-1
Train/dermatofibroma/ISIC_0033554.jpg,train,dermatofibroma,1171,4.0,1628,82.0,0,-1
Train/dermatofibroma/ISIC_0033626.jpg,train,dermatofibroma,1168,6.0,23225,80.0,0,-1
Train/dermatofibroma/ISIC_0033675.jpg,train,dermatofibroma,1115,4.0,16138,86.0,0,-1
Train/dermatofibroma/ISIC_0033695.jpg,train,dermatofibroma,1173,2.0,297,88.0,0,-1
Train/dermatofibroma/ISIC_0033780.jpg,train,dermatofibroma,1169,4.0,297,86.0,0,-1
Train/dermatofibroma/ISIC_0033790.jpg,train,dermatofibroma,1114,0.0,9500,90.0,0,-1
Train/dermatofibroma/ISIC_0033808.jpg,train,dermatofibroma,1177,2.0,16990,82.0,0,-1
Train/dermatofibroma/ISIC_0033810.jpg,train,dermatofibroma,1172,4.0,1593,86.0,0,-1
Train/dermatofibroma/ISIC_0033847.jpg,train,dermatofibroma,1178,2.0,5382,90.0,0,-1
Train/dermatofibroma/ISIC_0033860.jpg,train,dermatofibroma,1179,2.0,18137,74.0,0,-1
Train/dermatofibroma/ISIC_0033891.jpg,train,dermatofibroma,1170,4.0,3812,50.0,0,-1
Train/dermatofibroma/ISIC_0034135.jpg,train,dermatofibroma,1167,2.0,2442,68.0,0,-1
Train/melanoma/ISIC_0000139.jpg,train,melanoma,8674,82.0,65,78.0,-1,-1
Train/melanoma/ISIC_0000141.jpg,train,melanoma,1410,68.0,5789,80.0,-1,-1
Train/melanoma/ISIC_0000142.jpg,train,melanoma,1780,74.0,14491,84.0,-1,-1
Train/melanoma/ISIC_0000143.jpg,train,melanoma,4588,74.0,16430,76.0,-1,-1
Train/melanoma/ISIC_0000144.jpg,train,melanoma,7852,82.0,3388,88.0,-1,-1
Train/melanoma/ISIC_0000145.jpg,train,melanoma,8580,84.0,15907,84.0,-1,-1
Train/melanoma/ISIC_0000146.jpg,train,melanoma,1625,84.0,6189,78.0,-1,-1
Train/melanoma/ISIC_0000147.jpg,train,melanoma,2660,88.0,93,92.0,-1,-1
Train/melanoma/ISIC_0000148.jpg,train,melanoma,115,76.0,12758,84.0,-1,-1
Train/melanoma/ISIC_0000149.jpg,train,melanoma,5805,88.0,4959,92.0,-1,-1
Train/melanoma/ISIC_0000150.jpg,train,melanoma,1732,86.0,22897,86.0,-1,-1
Train/melanoma/ISIC_0000151.jpg,train,melanoma,8985,60.0,24879,54.0,-1,-1
Train/melanoma/ISIC_0000152.jpg,train,melanoma,3440,78.0,5581,80.0,-1,-1
Train/melanoma/ISIC_0000153.jpg,train,melanoma,264,90.0,18133,88.0,-1,-1
Train/melanoma/ISIC_0000154.jpg,train,melanoma,1515,74.0,19852,72.0,-1,-1
Train/melanoma/ISIC_0000155.jpg,train,melanoma,3804,84.0,995,88.0,-1,-1
Train/melanoma/ISIC_0000156.jpg,train,melanoma,3421,90.0,346,90.0,-1,-1
Train/melanoma/ISIC_0000157.jpg,train,melanoma,1037,82.0,30160,88.0,-1,-1
Train/melanoma/ISIC_0000158.jpg,train,melanoma,6161,88.0,20838,88.0,-1,-1
Train/melanoma/ISIC_0000159.jpg,train,melanoma,8407,86.0,1314,82.0,-1,-1
Train/melanoma/ISIC_0000160.jpg,train,melanoma,5743,92.0,1609,90.0,-1,-1
Train/melanoma/ISIC_0000161.jpg,train,melanoma,1751,88.0,7160,92.0,-1,-1
Train/melanoma/ISIC_0000162.jpg,train,melanoma,1764,86.0,1375,88.0,-1,-1
Train/melanoma/ISIC_0000163.jpg,train,melanoma,1852,76.0,7047,84.0,-1,-1
Train/melanoma/ISIC_0000164.jpg,train,melanoma,9112,88.0,11745,90.0,-1,-1
Train/melanoma/ISIC_0000165.jpg,train,melanoma,5862,80.0,5429,74.0,-1,-1
Train/melanoma/ISIC_0000166.jpg,train,melanoma,9329,80.0,6676,88.0,-1,-1
Train/melanoma/ISIC_0000167.jpg,train,melanoma,5521,88.0,5886,82.0,-1,-1
Train/melanoma/ISIC_0000168.jpg,train,melanoma,2054,86.0,16589,88.0,-1,-1
Train/melanoma/ISIC_0000169.jpg,train,melanoma,1900,90.0,24646,86.0,-1,-1
Train/melanoma/ISIC_0000170.jpg,train,melanoma,2016,80.0,27332,82.0,-1,-1
Train/melanoma/ISIC_0000171.jpg,train,melanoma,3380,84.0,21337,88.0,-1,-1
Train/melanoma/ISIC_0000172.jpg,train,melanoma,8323,88.0,2032,86.0,-1,-1
Train/melanoma/ISIC_0000173.jpg,train,melanoma,7697,78.0,14915,86.0,-1,-1
Train/melanoma/ISIC_0000174.jpg,train,melanoma,4156,74.0,21856,84.0,-1,-1
Train/melanoma/ISIC_0000175.jpg,train,melanoma,8871,76.0,30697,72.0,-1,-1
Train/melanoma/ISIC_0000176.jpg,train,melanoma,2447,84.0,9854,78.0,-1,-1
Train/melanoma/ISIC_0000278.jpg,train,melanoma,2708,90.0,23820,80.0,-1,-1
Train/melanoma/ISIC_0000279.jpg,train,melanoma,5174,90.0,30673,88.0,-1,-1
Train/melanoma/ISIC_0000280.jpg,train,melanoma,5174,90.0,30673,88.0,-1,-1
Train/melanoma/ISIC_0000285.jpg,train,melanoma,8143,88.0,20759,88.0,-1,-1
Train/melanoma/ISIC_0000288.jpg,train,melanoma,4078,90.0,16001,92.0,-1,-1
Train/melanoma/ISIC_0000289.jpg,train,melanoma,8663,86.0,14572,90.0,-1,-1
Train/melanoma/ISIC_0000291.jpg,train,melanoma,3040,82.0,23375,80.0,-1,-1
Train/melanoma/ISIC_0000292.jpg,train,melanoma,3491,90.0,25946,86.0,-1,-1
Train/melanoma/ISIC_0000293.jpg,train,melanoma,9948,88.0,5246,86.0,-1,-1
Train/melanoma/ISIC_0000294.jpg,train,melanoma,6455,92.0,28337,90.0,-1,-1
Train/melanoma/ISIC_0000295.jpg,train,melanoma,1113,76.0,14640,84.0,-1,-1
Train/melanoma/ISIC_0000296.jpg,train,melanoma,743,68.0,14640,72.0,-1,-1
Train/melanoma/ISIC_0000297.jpg,train,melanoma,307,72.0,31277,80.0,-1,-1
Train/melanoma/ISIC_0000298.jpg,train,melanoma,828,86.0,3388,82.0,-1,-1
Train/melanoma/ISIC_0000299.jpg,train,melanoma,7687,82.0,7683,90.0,-1,-1
Train/melanoma/ISIC_0000300.jpg,train,melanoma,1415,80.0,6689,86.0,-1,-1
Train/melanoma/ISIC_0000301.jpg,train,melanoma,887,86.0,476,80.0,-1,-1
Train/melanoma/ISIC_0000302.jpg,train,melanoma,2478,86.0,8215,88.0,-1,-1
Train/melanoma/ISIC_0000303.jpg,train,melanoma,606,80.0,9536,88.0,-1,-1
Train/melanoma/ISIC_0000304.jpg,train,melanoma,806,68.0,14640,58.0,-1,-1
Train/melanoma/ISIC_0000305.jpg,train,melanoma,2478,70.0,14640,80.0,-1,-1
Train/melanoma/ISIC_0000306.jpg,train,melanoma,860,80.0,16363,84.0,-1,-1
Train/melanoma/ISIC_0000307.jpg,train,melanoma,2548,86.0,23589,88.0,-1,-1
Train/melanoma/ISIC_0000308.jpg,train,melanoma,307,70.0,14640,76.0,-1,-1
Train/melanoma/ISIC_0000309.jpg,train,melanoma,841,88.0,9771,88.0,-1,-1
Train/melanoma/ISIC_0000310.jpg,train,melanoma,60,90.0,4908,90.0,-1,-1
Train/melanoma/ISIC_0000311.jpg,train,melanoma,820,78.0,19105,90.0,-1,-1
Train/melanoma/ISIC_0000312.jpg,train,melanoma,162,90.0,5235,90.0,-1,-1
Train/melanoma/ISIC_0000313.jpg,train,melanoma,1533,70.0,14640,78.0,-1,-1
Train/melanoma/ISIC_0000314.jpg,train,melanoma,1107,76.0,28884,84.0,-1,-1
Train/melanoma/ISIC_0000390.jpg,train,melanoma,242,88.0,21402,84.0,-1,-1
Train/melanoma/ISIC_0000393.jpg,train,melanoma,2472,90.0,4888,92.0,-1,-1
Train/melanoma/ISIC_0000394.jpg,train,melanoma,787,86.0,527,84.0,-1,-1
Train/melanoma/ISIC_0000395.jpg,train,melanoma,1553,86.0,20491,82.0,-1,-1
Train/melanoma/ISIC_0000398.jpg,train,melanoma,7597,84.0,17538,84.0,-1,-1
Train/melanoma/ISIC_0000399.jpg,train,melanoma,5230,78.0,386,92.0,-1,-1
Train/melanoma/ISIC_0000400.jpg,train,melanoma,1098,90.0,11065,90.0,-1,-1
Train/melanoma/ISIC_0000401.jpg,train,melanoma,5743,96.0,7050,90.0,-1,-1
Train/melanoma/ISIC_0000402.jpg,train,melanoma,9180,90.0,19338,90.0,-1,-1
Train/melanoma/ISIC_0000404.jpg,train,melanoma,7326,90.0,9889,86.0,-1,-1
Train/melanoma/ISIC_0000405.jpg,train,melanoma,7453,90.0,29928,84.0,-1,-1
Train/melanoma/ISIC_0000406.jpg,train,melanoma,3347,86.0,16997,80.0,-1,-1
Train/melanoma/ISIC_0000410.jpg,train,melanoma,7656,76.0,19733,68.0,-1,-1
Train/melanoma/ISIC_0000411.jpg,train,melanoma,3996,92.0,7374,88.0,-1,-1
Train/melanoma/ISIC_0000412.jpg,train,melanoma,114,86.0,3182,86.0,-1,-1
Train/melanoma/ISIC_0000413.jpg,train,melanoma,883,88.0,23232,86.0,-1,-1
Train/melanoma/ISIC_0000414.jpg,train,melanoma,8975,86.0,21077,90.0,-1,-1
Train/melanoma/ISIC_0000415.jpg,train,melanoma,7018,88.0,8614,84.0,-1,-1
Train/melanoma/ISIC_0000417.jpg,train,melanoma,1620,88.0,6066,78.0,-1,-1
Train/melanoma/ISIC_0000420.jpg,train,melanoma,8826,84.0,24894,72.0,-1,-1
Train/melanoma/ISIC_0000428.jpg,train,melanoma,2350,80.0,12411,78.0,-1,-1
Train/melanoma/ISIC_0000432.jpg,train,melanoma,8955,86.0,5534,88.0,-1,-1
Train/melanoma/ISIC_0000434.jpg,train,melanoma,7028,78.0,1305,76.0,-1,-1
Train/melanoma/ISIC_0000440.jpg,train,melanoma,4993,90.0,4296,90.0,-1,-1
Train/melanoma/ISIC_0000441.jpg,train,melanoma,639,90.0,10478,88.0,-1,-1
Train/melanoma/ISIC_0000444.jpg,train,melanoma,9038,82.0,5798,74.0,-1,-1
Train/melanoma/ISIC_0000445.jpg,train,melanoma,7103,74.0,16065,68.0,-1,-1
Train/melanoma/ISIC_0000446.jpg,train,melanoma,4076,88.0,1453,84.0,-1,-1
Train/melanoma/ISIC_0000450.jpg,train,melanoma,1606,92.0,18633,90.0,-1,-1
Train/melanoma/ISIC_0000459.jpg,train,melanoma,1351,88.0,18053,80.0,-1,-1
Train/melanoma/ISIC_0000462.jpg,train,melanoma,6563,90.0,29114,90.0,-1,-1
Train/melanoma/ISIC_0000463.jpg,train,melanoma,1555,76.0,9462,78.0,-1,-1
Train/melanoma/ISIC_0000466.jpg,train,melanoma,4462,80.0,30644,86.0,-1,-1
Train/melanoma/ISIC_0000469.jpg,train,melanoma,9065,82.0,3352,84.0,-1,-1
Train/melanoma/ISIC_0000482.jpg,train,melanoma,3261,82.0,12539,82.0,-1,-1
Train/melanoma/ISIC_0000484.jpg,train,melanoma,2014,84.0,9109,88.0,-1,-1
Train/melanoma/ISIC_0000487.jpg,train,melanoma,3996,84.0,5059,86.0,-1,-1
Train/melanoma/ISIC_0000502.jpg,train,melanoma,1172,86.0,2057,86.0,-1,-1
Train/melanoma/ISIC_0000511.jpg,train,melanoma,5814,90.0,17654,94.0,-1,-1
Train/melanoma/ISIC_0000513.jpg,train,melanoma,7191,82.0,11455,84.0,-1,-1
Train/melanoma/ISIC_0000516.jpg,train,melanoma,2832,80.0,28799,82.0,-1,-1
Train/melanoma/ISIC_0000517.jpg,train,melanoma,4778,80.0,15215,80.0,-1,-1
Train/melanoma/ISIC_0000518.jpg,train,melanoma,7567,80.0,11279,70.0,-1,-1
Train/melanoma/ISIC_0000519.jpg,train,melanoma,2460,92.0,2018,90.0,-1,-1
Train/melanoma/ISIC_0000520.jpg,train,melanoma,502,90.0,23675,84.0,-1,-1
Train/melanoma/ISIC_0000521.jpg,train,melanoma,3379,86.0,995,86.0,-1,-1
Train/melanoma/ISIC_0000522.jpg,train,melanoma,9241,84.0,23320,82.0,-1,-1
Train/melanoma/ISIC_0000526.jpg,train,melanoma,8630,84.0,2466,86.0,-1,-1
Train/melanoma/ISIC_0000531.jpg,train,melanoma,3919,86.0,26592,80.0,-1,-1
Train/melanoma/ISIC_0000533.jpg,train,melanoma,3892,82.0,7961,84.0,-1,-1
Train/melanoma/ISIC_0000547.jpg,train,melanoma,4439,88.0,15773,92.0,-1,-1
Train/melanoma/ISIC_0000548.jpg,train,melanoma,3236,74.0,16255,80.0,-1,-1
Train/melanoma/ISIC_0000549.jpg,train,melanoma,3120,88.0,8538,88.0,-1,-1
Train/melanoma/ISIC_0000550.jpg,train,melanoma,3511,86.0,956,86.0,-1,-1
Train/melanoma/ISIC_0000551.jpg,train,melanoma,8112,92.0,6301,92.0,-1,-1
Train/melanoma/ISIC_0000552.jpg,train,melanoma,1669,84.0,4444,88.0,-1,-1
Train/melanoma/ISIC_0000553.jpg,train,melanoma,4853,84.0,15364,86.0,-1,-1
Train/melanoma/ISIC_0000554.jpg,train,melanoma,7008,86.0,14583,80.0,-1,-1
Train/melanoma/ISIC_0000555.jpg,train,melanoma,8033,84.0,1913,84.0,-1,-1
Train/melanoma/ISIC_0001101.jpg,train,melanoma,429,90.0,8430,82.0,-1,-1
Train/melanoma/ISIC_0001102.jpg,train,melanoma,3625,82.0,11315,76.0,-1,-1
Train/melanoma/ISIC_0001103.jpg,train,melanoma,9183,78.0,22243,74.0,-1,-1
Train/melanoma/ISIC_0001105.jpg,train,melanoma,1167,58.0,31538,74.0,-1,-1
Train/melanoma/ISIC_0001106.jpg,train,melanoma,1261,86.0,5514,84.0,-1,-1
Train/melanoma/ISIC_0001108.jpg,train,melanoma,8495,90.0,5649,86.0,-1,-1
Train/melanoma/ISIC_0001110.jpg,train,melanoma,122,90.0,431,92.0,-1,-1
Train/melanoma/ISIC_0001112.jpg,train,melanoma,2643,88.0,11012,86.0,-1,-1
Train/melanoma/ISIC_0001116.jpg,train,melanoma,434,86.0,854,78.0,-1,-1
Train/melanoma/ISIC_0001118.jpg,train,melanoma,1000,82.0,1237,82.0,-1,-1
Train/melanoma/ISIC_0001119.jpg,train,melanoma,1324,72.0,31621,68.0,-1,-1
Train/melanoma/ISIC_0001121.jpg,train,melanoma,8575,76.0,26969,78.0,-1,-1
Train/melanoma/ISIC_0001124.jpg,train,melanoma,5230,78.0,7897,92.0,-1,-1
Train/melanoma/ISIC_0001125.jpg,train,melanoma,2223,88.0,9736,86.0,-1,-1
Train/melanoma/ISIC_0001126.jpg,train,melanoma,5982,86.0,14200,84.0,-1,-1
Train/melanoma/ISIC_0001127.jpg,train,melanoma,8000,92.0,30956,90.0,-1,-1
Train/melanoma/ISIC_0001128.jpg,train,melanoma,7374,80.0,28170,74.0,-1,-1
Train/melanoma/ISIC_0001132.jpg,train,melanoma,289,86.0,30751,84.0,-1,-1
Train/melanoma/ISIC_0001134.jpg,train,melanoma,8894,66.0,12368,60.0,-1,-1
Train/melanoma/ISIC_0001135.jpg,train,melanoma,6318,76.0,8744,82.0,-1,-1
Train/melanoma/ISIC_0001137.jpg,train,melanoma,7428,82.0,20523,80.0,-1,-1
Train/melanoma/ISIC_0001138.jpg,train,melanoma,2471,76.0,8130,86.0,-1,-1
Train/melanoma/ISIC_0001140.jpg,train,melanoma,9371,76.0,27741,64.0,-1,-1
Train/melanoma/ISIC_0001141.jpg,train,melanoma,1281,92.0,22782,86.0,-1,-1
Train/melanoma/ISIC_0001142.jpg,train,melanoma,7568,74.0,19235,82.0,-1,-1
Train/melanoma/ISIC_0001143.jpg,train,melanoma,5656,88.0,555,84.0,-1,-1
Train/melanoma/ISIC_0001148.jpg,train,melanoma,4677,84.0,4514,88.0,-1,-1
Train/melanoma/ISIC_0001151.jpg,train,melanoma,8680,82.0,24084,84.0,-1,-1
Train/melanoma/ISIC_0001152.jpg,train,melanoma,103,92.0,22443,84.0,-1,-1
Train/melanoma/ISIC_0001154.jpg,train,melanoma,2755,84.0,11419,84.0,-1,-1
Train/melanoma/ISIC_0001157.jpg,train,melanoma,4012,92.0,10402,90.0,-1,-1
Train/melanoma/ISIC_0009868.jpg,train,melanoma,8237,78.0,25949,78.0,-1,-1
Train/melanoma/ISIC_0009882.jpg,train,melanoma,5767,80.0,13990,82.0,-1,-1
Train/melanoma/ISIC_0009886.jpg,train,melanoma,2946,94.0,3590,92.0,-1,-1
Train/melanoma/ISIC_0009890.jpg,train,melanoma,1655,90.0,11226,86.0,-1,-1
Train/melanoma/ISIC_0009897.jpg,train,melanoma,3493,92.0,12572,88.0,-1,-1
Train/melanoma/ISIC_0009898.jpg,train,melanoma,9119,78.0,30684,78.0,-1,-1
Train/melanoma/ISIC_0009905.jpg,train,melanoma,4486,86.0,19976,80.0,-1,-1
Train/melanoma/ISIC_0009908.jpg,train,melanoma,776,86.0,8726,86.0,-1,-1
Train/melanoma/ISIC_0009910.jpg,train,melanoma,6046,86.0,2710,88.0,-1,-1
Train/melanoma/ISIC_0009913.jpg,train,melanoma,9204,80.0,15596,76.0,-1,-1
Train/melanoma/ISIC_0009916.jpg,train,melanoma,9658,82.0,12687,76.0,-1,-1
Train/melanoma/ISIC_0009918.jpg,train,melanoma,7185,88.0,11373,88.0,-1,-1
Train/melanoma/ISIC_0009927.jpg,train,melanoma,9447,78.0,27578,72.0,-1,-1
Train/melanoma/ISIC_0009934.jpg,train,melanoma,3671,92.0,6898,92.0,-1,-1
Train/melanoma/ISIC_0009950.jpg,train,melanoma,7322,76.0,20700,72.0,-1,-1
Train/melanoma/ISIC_0009955.jpg,train,melanoma,6310,78.0,242,72.0,-1,-1
Train/melanoma/ISIC_0009960.jpg,train,melanoma,2392,58.0,9681,62.0,-1,-1
Train/melanoma/ISIC_0009971.jpg,train,melanoma,9200,68.0,6041,64.0,-1,-1
Train/melanoma/ISIC_0009984.jpg,train,melanoma,690,90.0,29453,88.0,-1,-1
Train/melanoma/ISIC_0009989.jpg,train,melanoma,8550,84.0,15110,82.0,-1,-1
Train/melanoma/ISIC_0009992.jpg,train,melanoma,2878,90.0,8505,86.0,-1,-1
Train/melanoma/ISIC_0009993.jpg,train,melanoma,846,86.0,16152,86.0,-1,-1
Train/melanoma/ISIC_0010000.jpg,train,melanoma,286,96.0,12774,90.0,-1,-1
Train/melanoma/ISIC_0010007.jpg,train,melanoma,855,88.0,9768,88.0,-1,-1
Train/melanoma/ISIC_0010011.jpg,train,melanoma,4865,84.0,3084,82.0,-1,-1
Train/melanoma/ISIC_0010016.jpg,train,melanoma,6973,66.0,11349,58.0,-1,-1
Train/melanoma/ISIC_0010023.jpg,train,melanoma,4585,74.0,17945,80.0,-1,-1
Train/melanoma/ISIC_0010024.jpg,train,melanoma,7647,62.0,18209,56.0,-1,-1
Train/melanoma/ISIC_0010029.jpg,train,melanoma,2244,86.0,22846,82.0,-1,-1
Train/melanoma/ISIC_0010034.jpg,train,melanoma,4391,86.0,8913,86.0,-1,-1
Train/melanoma/ISIC_0010036.jpg,train,melanoma,596,92.0,9449,90.0,-1,-1
Train/melanoma/ISIC_0010039.jpg,train,melanoma,9360,86.0,1697,86.0,-1,-1
Train/melanoma/ISIC_0010049.jpg,train,melanoma,678,90.0,11032,84.0,-1,-1
Train/melanoma/ISIC_0010050.jpg,train,melanoma,6299,90.0,25872,86.0,-1,-1
Train/melanoma/ISIC_0010054.jpg,train,melanoma,1797,88.0,14505,86.0,-1,-1
Train/melanoma/ISIC_0010056.jpg,train,melanoma,3376,96.0,17208,96.0,-1,-1
Train/melanoma/ISIC_0010067.jpg,train,melanoma,3386,80.0,529,80.0,-1,-1
Train/melanoma/ISIC_0010080.jpg,train,melanoma,7001,74.0,16207,74.0,-1,-1
Train/melanoma/ISIC_0010081.jpg,train,melanoma,7279,86.0,29922,82.0,-1,-1
Train/melanoma/ISIC_0010089.jpg,train,melanoma,9290,66.0,26487,62.0,-1,-1
Train/melanoma/ISIC_0010094.jpg,train,melanoma,4431,70.0,522,72.0,-1,-1
Train/melanoma/ISIC_0010106.jpg,train,melanoma,3751,82.0,19202,78.0,-1,-1
Train/melanoma/ISIC_0010119.jpg,train,melanoma,7584,74.0,9505,68.0,-1,-1
Train/melanoma/ISIC_0010120.jpg,train,melanoma,1397,90.0,19736,84.0,-1,-1
Train/melanoma/ISIC_0010131.jpg,train,melanoma,2297,94.0,6847,90.0,-1,-1
Train/melanoma/ISIC_0010137.jpg,train,melanoma,7059,66.0,13606,52.0,-1,-1
Train/melanoma/ISIC_0010140.jpg,train,melanoma,8017,78.0,1371,82.0,-1,-1
Train/melanoma/ISIC_0010143.jpg,train,melanoma,505,88.0,11913,80.0,-1,-1
Train/melanoma/ISIC_0010145.jpg,train,melanoma,8731,74.0,2644,76.0,-1,-1
Train/melanoma/ISIC_0010148.jpg,train,melanoma,1022,90.0,3146,90.0,-1,-1
Train/melanoma/ISIC_0010156.jpg,train,melanoma,4451,72.0,18310,72.0,-1,-1
Train/melanoma/ISIC_0010162.jpg,train,melanoma,4969,90.0,2281,92.0,-1,-1
Train/melanoma/ISIC_0010164.jpg,train,melanoma,584,86.0,13308,86.0,-1,-1
Train/melanoma/ISIC_0010165.jpg,train,melanoma,1226,78.0,22622,76.0,-1,-1
Train/melanoma/ISIC_0010171.jpg,train,melanoma,2119,86.0,5201,82.0,-1,-1
Train/melanoma/ISIC_0010174.jpg,train,melanoma,5131,80.0,1956,80.0,-1,-1
Train/melanoma/ISIC_0010175.jpg,train,melanoma,1532,88.0,14663,86.0,-1,-1
Train/melanoma/ISIC_0010189.jpg,train,melanoma,5244,92.0,16503,94.0,-1,-1
Train/melanoma/ISIC_0010194.jpg,train,melanoma,6361,88.0,3634,84.0,-1,-1
Train/melanoma/ISIC_0010207.jpg,train,melanoma,1553,80.0,731,76.0,-1,-1
Train/melanoma/ISIC_0010208.jpg,train,melanoma,909,78.0,21253,82.0,-1,-1
Train/melanoma/ISIC_0010209.jpg,train,melanoma,4,90.0,11818,82.0,-1,-1
Train/melanoma/ISIC_0010210.jpg,train,melanoma,4176,90.0,15977,88.0,-1,-1
Train/melanoma/ISIC_0010217.jpg,train,melanoma,5373,94.0,12175,88.0,-1,-1
Train/melanoma/ISIC_0010225.jpg,train,melanoma,4638,76.0,21699,80.0,-1,-1
Train/melanoma/ISIC_0010231.jpg,train,melanoma,2595,82.0,3812,80.0,-1,-1
Train/melanoma/ISIC_0010235.jpg,train,melanoma,3403,90.0,1135,90.0,-1,-1
Train/melanoma/ISIC_0010240.jpg,train,melanoma,1732,84.0,1427,90.0,-1,-1
Train/melanoma/ISIC_0010241.jpg,train,melanoma,1268,80.0,6733,84.0,-1,-1
Train/melanoma/ISIC_0010245.jpg,train,melanoma,2418,90.0,30203,84.0,-1,-1
Train/melanoma/ISIC_0010251.jpg,train,melanoma,8860,40.0,15881,50.0,-1,-1
Train/melanoma/ISIC_0010265.jpg,train,melanoma,1384,88.0,21865,86.0,-1,-1
Train/melanoma/ISIC_0010267.jpg,train,melanoma,4297,90.0,10348,86.0,-1,-1
Train/melanoma/ISIC_0010271.jpg,train,melanoma,3713,90.0,7233,88.0,-1,-1
Train/melanoma/ISIC_0010278.jpg,train,melanoma,5678,76.0,4501,74.0,-1,-1
Train/melanoma/ISIC_0010280.jpg,train,melanoma,8549,78.0,590,70.0,-1,-1
Train/melanoma/ISIC_0010283.jpg,train,melanoma,2834,72.0,27398,78.0,-1,-1
Train/melanoma/ISIC_0010288.jpg,train,melanoma,4881,90.0,28081,88.0,-1,-1
Train/melanoma/ISIC_0010289.jpg,train,melanoma,5632,92.0,4868,86.0,-1,-1
Train/melanoma/ISIC_0010295.jpg,train,melanoma,2233,90.0,6868,86.0,-1,-1
Train/melanoma/ISIC_0010299.jpg,train,melanoma,8003,72.0,1314,82.0,-1,-1
Train/melanoma/ISIC_0010302.jpg,train,melanoma,9441,88.0,23675,84.0,-1,-1
Train/melanoma/ISIC_0010313.jpg,train,melanoma,434,66.0,20277,66.0,-1,-1
Train/melanoma/ISIC_0010319.jpg,train,melanoma,3598,90.0,19029,84.0,-1,-1
Train/melanoma/ISIC_0010321.jpg,train,melanoma,9137,88.0,5677,82.0,-1,-1
Train/melanoma/ISIC_0010322.jpg,train,melanoma,9684,74.0,19724,78.0,-1,-1
Train/melanoma/ISIC_0010329.jpg,train,melanoma,2226,92.0,1627,90.0,-1,-1
Train/melanoma/ISIC_0010349.jpg,train,melanoma,8316,92.0,19787,92.0,-1,-1
Train/melanoma/ISIC_0010350.jpg,train,melanoma,7260,86.0,2138,84.0,-1,-1
Train/melanoma/ISIC_0010355.jpg,train,melanoma,3589,96.0,27138,92.0,-1,-1
Train/melanoma/ISIC_0010358.jpg,train,melanoma,7857,80.0,21721,78.0,-1,-1
Train/melanoma/ISIC_0010359.jpg,train,melanoma,3081,94.0,1887,90.0,-1,-1
Train/melanoma/ISIC_0010360.jpg,train,melanoma,7149,80.0,7927,80.0,-1,-1
Train/melanoma/ISIC_0010364.jpg,train,melanoma,2639,76.0,7994,80.0,-1,-1
Train/melanoma/ISIC_0010366.jpg,train,melanoma,3441,92.0,1326,90.0,-1,-1
Train/melanoma/ISIC_0010372.jpg,train,melanoma,8691,88.0,20990,80.0,-1,-1
Train/melanoma/ISIC_0010376.jpg,train,melanoma,1918,86.0,2113,84.0,-1,-1
Train/melanoma/ISIC_0010379.jpg,train,melanoma,775,84.0,8966,80.0,-1,-1
Train/melanoma/ISIC_0010380.jpg,train,melanoma,5325,80.0,3329,74.0,-1,-1
Train/melanoma/ISIC_0010385.jpg,train,melanoma,2362,86.0,25600,86.0,-1,-1
Train/melanoma/ISIC_0010388.jpg,train,melanoma,5873,92.0,8512,90.0,-1,-1
Train/melanoma/ISIC_0010391.jpg,train,melanoma,5153,94.0,3021,86.0,-1,-1
Train/melanoma/ISIC_0010392.jpg,train,melanoma,5945,90.0,7543,92.0,-1,-1
Train/melanoma/ISIC_0010393.jpg,train,melanoma,8336,86.0,23725,84.0,-1,-1
Train/melanoma/ISIC_0010394.jpg,train,melanoma,8921,78.0,21973,80.0,-1,-1
Train/melanoma/ISIC_0010396.jpg,train,melanoma,770,86.0,22875,76.0,-1,-1
Train/melanoma/ISIC_0010397.jpg,train,melanoma,1571,76.0,7384,78.0,-1,-1
Train/melanoma/ISIC_0010398.jpg,train,melanoma,686,90.0,5594,88.0,-1,-1
Train/melanoma/ISIC_0010400.jpg,train,melanoma,4559,84.0,15563,84.0,-1,-1
Train/melanoma/ISIC_0010401.jpg,train,melanoma,3180,86.0,15759,90.0,-1,-1
Train/melanoma/ISIC_0010402.jpg,train,melanoma,7470,82.0,1288,84.0,-1,-1
Train/melanoma/ISIC_0010407.jpg,train,melanoma,2495,84.0,24616,88.0,-1,-1
Train/melanoma/ISIC_0010410.jpg,train,melanoma,2447,84.0,5710,84.0,-1,-1
Train/melanoma/ISIC_0010413.jpg,train,melanoma,6864,94.0,2114,92.0,-1,-1
Train/melanoma/ISIC_0010414.jpg,train,melanoma,819,86.0,9923,78.0,-1,-1
Train/melanoma/ISIC_0010415.jpg,train,melanoma,141,90.0,17300,78.0,-1,-1
Train/melanoma/ISIC_0010416.jpg,train,melanoma,3183,86.0,20220,88.0,-1,-1
Train/melanoma/ISIC_0010417.jpg,train,melanoma,1581,96.0,22770,92.0,-1,-1
Train/melanoma/ISIC_0010423.jpg,train,melanoma,1789,88.0,13042,84.0,-1,-1
Train/melanoma/ISIC_0010426.jpg,train,melanoma,8860,84.0,749,80.0,-1,-1
Train/melanoma/ISIC_0010432.jpg,train,melanoma,6751,82.0,159,78.0,-1,-1
Train/melanoma/ISIC_0010441.jpg,train,melanoma,7239,84.0,28529,72.0,-1,-1
Train/melanoma/ISIC_0010466.jpg,train,melanoma,3529,82.0,1594,76.0,-1,-1
Train/melanoma/ISIC_0010468.jpg,train,melanoma,6512,80.0,15922,84.0,-1,-1
Train/melanoma/ISIC_0010469.jpg,train,melanoma,8673,86.0,3560,88.0,-1,-1
Train/melanoma/ISIC_0010470.jpg,train,melanoma,458,88.0,5292,84.0,-1,-1
Train/melanoma/ISIC_0010476.jpg,train,melanoma,8110,82.0,390,82.0,-1,-1
Train/melanoma/ISIC_0010478.jpg,train,melanoma,695,92.0,17978,80.0,-1,-1
Train/melanoma/ISIC_0010482.jpg,train,melanoma,3565,92.0,19071,90.0,-1,-1
Train/melanoma/ISIC_0010485.jpg,train,melanoma,5664,84.0,16459,82.0,-1,-1
Train/melanoma/ISIC_0010486.jpg,train,melanoma,8871,86.0,20834,82.0,-1,-1
Train/melanoma/ISIC_0010503.jpg,train,melanoma,467,96.0,14847,92.0,-1,-1
Train/melanoma/ISIC_0010514.jpg,train,melanoma,2162,80.0,4061,76.0,-1,-1
Train/melanoma/ISIC_0010516.jpg,train,melanoma,6110,92.0,15252,90.0,-1,-1
Train/melanoma/ISIC_0010527.jpg,train,melanoma,3982,76.0,14111,72.0,-1,-1
Train/melanoma/ISIC_0010532.jpg,train,melanoma,1317,74.0,2482,72.0,-1,-1
Train/melanoma/ISIC_0010533.jpg,train,melanoma,7500,78.0,15195,74.0,-1,-1
Train/melanoma/ISIC_0010534.jpg,train,melanoma,1290,76.0,9078,68.0,-1,-1
Train/melanoma/ISIC_0010536.jpg,train,melanoma,2735,92.0,3512,94.0,-1,-1
Train/melanoma/ISIC_0010537.jpg,train,melanoma,8471,88.0,8794,86.0,-1,-1
Train/melanoma/ISIC_0010543.jpg,train,melanoma,1038,86.0,4991,86.0,-1,-1
Train/melanoma/ISIC_0010546.jpg,train,melanoma,1167,80.0,3972,80.0,-1,-1
Train/melanoma/ISIC_0010548.jpg,train,melanoma,5764,84.0,15184,82.0,-1,-1
Train/melanoma/ISIC_0010550.jpg,train,melanoma,8546,90.0,14829,90.0,-1,-1
Train/melanoma/ISIC_0010551.jpg,train,melanoma,6809,76.0,233,74.0,-1,-1
Train/melanoma/ISIC_0010555.jpg,train,melanoma,942,82.0,477,84.0,-1,-1
Train/melanoma/ISIC_0010559.jpg,train,melanoma,4459,90.0,2165,92.0,-1,-1
Train/melanoma/ISIC_0010564.jpg,train,melanoma,3736,88.0,1263,90.0,-1,-1
Train/melanoma/ISIC_0010576.jpg,train,melanoma,4928,88.0,7771,90.0,-1,-1
Train/melanoma/ISIC_0010579.jpg,train,melanoma,9859,90.0,12185,90.0,-1,-1
Train/melanoma/ISIC_0010580.jpg,train,melanoma,1291,92.0,3808,90.0,-1,-1
Train/melanoma/ISIC_0010583.jpg,train,melanoma,8743,92.0,7478,92.0,-1,-1
Train/melanoma/ISIC_0010587.jpg,train,melanoma,5644,70.0,11449,72.0,-1,-1
Train/melanoma/ISIC_0010591.jpg,train,melanoma,2139,88.0,17347,86.0,-1,-1
Train/melanoma/ISIC_0010596.jpg,train,melanoma,1012,90.0,24284,88.0,-1,-1
Train/melanoma/ISIC_0010597.jpg,train,melanoma,1780,84.0,19797,88.0,-1,-1
Train/melanoma/ISIC_0010608.jpg,train,melanoma,7773,88.0,1453,88.0,-1,-1
Train/melanoma/ISIC_0010609.jpg,train,melanoma,2732,78.0,9339,70.0,-1,-1
Train/melanoma/ISIC_0010610.jpg,train,melanoma,8719,88.0,17758,88.0,-1,-1
Train/melanoma/ISIC_0010611.jpg,train,melanoma,2629,92.0,12595,86.0,-1,-1
Train/melanoma/ISIC_0010629.jpg,train,melanoma,8405,88.0,3388,90.0,-1,-1
Train/melanoma/ISIC_0010630.jpg,train,melanoma,8783,86.0,7845,80.0,-1,-1
Train/melanoma/ISIC_0010631.jpg,train,melanoma,1987,88.0,31949,88.0,-1,-1
Train/melanoma/ISIC_0010644.jpg,train,melanoma,929,82.0,26841,82.0,-1,-1
Train/melanoma/ISIC_0010648.jpg,train,melanoma,4772,84.0,9337,82.0,-1,-1
Train/melanoma/ISIC_0010652.jpg,train,melanoma,215,90.0,12391,92.0,-1,-1
Train/melanoma/ISIC_0010653.jpg,train,melanoma,9514,76.0,10869,86.0,-1,-1
Train/melanoma/ISIC_0010655.jpg,train,melanoma,9063,86.0,2208,82.0,-1,-1
Train/melanoma/ISIC_0010663.jpg,train,melanoma,8804,92.0,12917,90.0,-1,-1
Train/melanoma/ISIC_0010690.jpg,train,melanoma,3063,94.0,18874,94.0,-1,-1
Train/melanoma/ISIC_0010707.jpg,train,melanoma,9350,90.0,5254,86.0,-1,-1
Train/melanoma/ISIC_0010714.jpg,train,melanoma,8873,86.0,18496,86.0,-1,-1
Train/melanoma/ISIC_0010719.jpg,train,melanoma,4836,94.0,26929,90.0,-1,-1
Train/melanoma/ISIC_0010723.jpg,train,melanoma,7077,84.0,32081,78.0,-1,-1
Train/melanoma/ISIC_0010728.jpg,train,melanoma,307,92.0,13885,82.0,-1,-1
Train/melanoma/ISIC_0010729.jpg,train,melanoma,2359,90.0,4925,92.0,-1,-1
Train/melanoma/ISIC_0010730.jpg,train,melanoma,2362,84.0,2970,84.0,-1,-1
Train/melanoma/ISIC_0010737.jpg,train,melanoma,7021,90.0,7501,84.0,-1,-1
Train/melanoma/ISIC_0010741.jpg,train,melanoma,925,92.0,4836,86.0,-1,-1
Train/melanoma/ISIC_0010746.jpg,train,melanoma,2117,90.0,540,86.0,-1,-1
Train/melanoma/ISIC_0010749.jpg,train,melanoma,8017,82.0,7426,82.0,-1,-1
Train/melanoma/ISIC_0010750.jpg,train,melanoma,3066,90.0,11296,88.0,-1,-1
Train/melanoma/ISIC_0010754.jpg,train,melanoma,3938,90.0,17213,90.0,-1,-1
Train/melanoma/ISIC_0010757.jpg,train,melanoma,7923,74.0,14843,76.0,-1,-1
Train/melanoma/ISIC_0010759.jpg,train,melanoma,7307,86.0,6031,88.0,-1,-1
Train/melanoma/ISIC_0010765.jpg,train,melanoma,822,90.0,7106,84.0,-1,-1
Train/melanoma/ISIC_0010766.jpg,train,melanoma,7055,74.0,15958,80.0,-1,-1
Train/melanoma/ISIC_0010767.jpg,train,melanoma,3327,82.0,28023,82.0,-1,-1
Train/melanoma/ISIC_0010770.jpg,train,melanoma,12,76.0,14623,74.0,-1,-1
Train/melanoma/ISIC_0010772.jpg,train,melanoma,6222,82.0,5216,86.0,-1,-1
Train/melanoma/ISIC_0010777.jpg,train,melanoma,7037,62.0,765,58.0,-1,-1
Train/melanoma/ISIC_0010778.jpg,train,melanoma,2511,88.0,6098,86.0,-1,-1
Train/melanoma/ISIC_0010782.jpg,train,melanoma,7538,88.0,11846,86.0,-1,-1
Train/melanoma/ISIC_0010783.jpg,train,melanoma,1313,74.0,9276,76.0,-1,-1
Train/melanoma/ISIC_0010784.jpg,train,melanoma,47,92.0,8726,88.0,-1,-1
Train/melanoma/ISIC_0010785.jpg,train,melanoma,7322,80.0,4352,78.0,-1,-1
Train/melanoma/ISIC_0010789.jpg,train,melanoma,5206,84.0,28412,86.0,-1,-1
Train/melanoma/ISIC_0010790.jpg,train,melanoma,1405,90.0,6748,78.0,-1,-1
Train/melanoma/ISIC_0010791.jpg,train,melanoma,9148,86.0,12149,84.0,-1,-1
Train/melanoma/ISIC_0010792.jpg,train,melanoma,9056,84.0,31717,82.0,-1,-1
Train/melanoma/ISIC_0010796.jpg,train,melanoma,9824,88.0,8681,84.0,-1,-1
Train/melanoma/ISIC_0010797.jpg,train,melanoma,2177,94.0,6808,88.0,-1,-1
Train/melanoma/ISIC_0010799.jpg,train,melanoma,1399,90.0,10667,90.0,-1,-1
Train/melanoma/ISIC_0010803.jpg,train,melanoma,1088,68.0,13051,62.0,-1,-1
Train/melanoma/ISIC_0010808.jpg,train,melanoma,2948,82.0,19961,80.0,-1,-1
Train/melanoma/ISIC_0010809.jpg,train,melanoma,7109,76.0,17525,78.0,-1,-1
Train/melanoma/ISIC_0010810.jpg,train,melanoma,4154,68.0,11660,74.0,-1,-1
Train/melanoma/ISIC_0010812.jpg,train,melanoma,2015,94.0,19681,94.0,-1,-1
Train/melanoma/ISIC_0010834.jpg,train,melanoma,9052,80.0,2555,78.0,-1,-1
Train/melanoma/ISIC_0010852.jpg,train,melanoma,7223,58.0,17815,58.0,-1,-1
Train/melanoma/ISIC_0010860.jpg,train,melanoma,8062,78.0,15662,80.0,-1,-1
Train/melanoma/ISIC_0010862.jpg,train,melanoma,8018,60.0,26183,56.0,-1,-1
Train/melanoma/ISIC_0010863.jpg,train,melanoma,2373,84.0,8169,92.0,-1,-1
Train/melanoma/ISIC_0010866.jpg,train,melanoma,9986,90.0,15334,92.0,-1,-1
Train/melanoma/ISIC_0010872.jpg,train,melanoma,2224,92.0,27353,88.0,-1,-1
Train/melanoma/ISIC_0010876.jpg,train,melanoma,3968,88.0,7762,86.0,-1,-1
Train/melanoma/ISIC_0010878.jpg,train,melanoma,667,88.0,23211,84.0,-1,-1
Train/melanoma/ISIC_0010883.jpg,train,melanoma,3746,78.0,22696,70.0,-1,-1
Train/melanoma/ISIC_0010890.jpg,train,melanoma,5776,90.0,15913,86.0,-1,-1
Train/melanoma/ISIC_0010898.jpg,train,melanoma,1256,86.0,4358,80.0,-1,-1
Train/melanoma/ISIC_0010900.jpg,train,melanoma,3553,88.0,10878,84.0,-1,-1
Train/melanoma/ISIC_0010909.jpg,train,melanoma,7886,94.0,7998,90.0,-1,-1
Train/melanoma/ISIC_0010912.jpg,train,melanoma,6858,88.0,22190,84.0,-1,-1
Train/melanoma/ISIC_0010917.jpg,train,melanoma,119,92.0,25437,88.0,-1,-1
Train/melanoma/ISIC_0010923.jpg,train,melanoma,2507,80.0,477,74.0,-1,-1
Train/melanoma/ISIC_0010925.jpg,train,melanoma,1379,86.0,6676,86.0,-1,-1
Train/melanoma/ISIC_0010934.jpg,train,melanoma,1823,90.0,20594,84.0,-1,-1
Train/melanoma/ISIC_0010938.jpg,train,melanoma,988,88.0,9046,88.0,-1,-1
Train/melanoma/ISIC_0010942.jpg,train,melanoma,733,94.0,2649,90.0,-1,-1
Train/melanoma/ISIC_0010965.jpg,train,melanoma,2194,88.0,13706,84.0,-1,-1
Train/melanoma/ISIC_0010971.jpg,train,melanoma,969,90.0,6489,90.0,-1,-1
Train/melanoma/ISIC_0010977.jpg,train,melanoma,8594,80.0,8876,72.0,-1,-1
Train/melanoma/ISIC_0010978.jpg,train,melanoma,7920,78.0,13051,66.0,-1,-1
Train/melanoma/ISIC_0010979.jpg,train,melanoma,476,92.0,29120,86.0,-1,-1
Train/melanoma/ISIC_0010982.jpg,train,melanoma,4683,90.0,7499,90.0,-1,-1
Train/melanoma/ISIC_0010990.jpg,train,melanoma,3379,86.0,995,86.0,-1,-1
Train/melanoma/ISIC_0010993.jpg,train,melanoma,1130,86.0,5139,84.0,-1,-1
Train/melanoma/ISIC_0010995.jpg,train,melanoma,7134,72.0,4048,76.0,-1,-1
Train/melanoma/ISIC_0011007.jpg,train,melanoma,4173,92.0,16412,88.0,-1,-1
Train/melanoma/ISIC_0011012.jpg,train,melanoma,8909,66.0,14537,66.0,-1,-1
Train/melanoma/ISIC_0011013.jpg,train,melanoma,122,92.0,31946,92.0,-1,-1
Train/melanoma/ISIC_0011030.jpg,train,melanoma,7725,60.0,4210,72.0,-1,-1
Train/melanoma/ISIC_0011031.jpg,train,melanoma,584,90.0,29399,88.0,-1,-1
Train/melanoma/ISIC_0011032.jpg,train,melanoma,1103,88.0,8108,90.0,-1,-1
Train/melanoma/ISIC_0011039.jpg,train,melanoma,2511,88.0,399,80.0,-1,-1
Train/melanoma/ISIC_0011040.jpg,train,melanoma,9165,72.0,21609,64.0,-1,-1
Train/melanoma/ISIC_0011042.jpg,train,melanoma,1170,84.0,7703,72.0,-1,-1
Train/melanoma/ISIC_0011043.jpg,train,melanoma,341,94.0,10874,88.0,-1,-1
Train/melanoma/ISIC_0011045.jpg,train,melanoma,7546,82.0,23576,80.0,-1,-1
Train/melanoma/ISIC_0011052.jpg,train,melanoma,6260,92.0,11732,84.0,-1,-1
Train/melanoma/ISIC_0011056.jpg,train,melanoma,3770,92.0,26640,92.0,-1,-1
Train/melanoma/ISIC_0011057.jpg,train,melanoma,9091,66.0,7479,60.0,-1,-1
Train/melanoma/ISIC_0011077.jpg,train,melanoma,5221,92.0,28940,86.0,-1,-1
Train/melanoma/ISIC_0011094.jpg,train,melanoma,9038,90.0,14545,82.0,-1,-1
Train/melanoma/ISIC_0011095.jpg,train,melanoma,3125,80.0,6829,76.0,-1,-1
Train/melanoma/ISIC_0011099.jpg,train,melanoma,7163,78.0,4329,78.0,-1,-1
Train/melanoma/ISIC_0011112.jpg,train,melanoma,1943,88.0,31576,90.0,-1,-1
Train/melanoma/ISIC_0011121.jpg,train,melanoma,6374,92.0,11506,90.0,-1,-1
Train/melanoma/ISIC_0011125.jpg,train,melanoma,5226,86.0,17574,86.0,-1,-1
Train/melanoma/ISIC_0011128.jpg,train,melanoma,4831,90.0,6309,86.0,-1,-1
Train/melanoma/ISIC_0011130.jpg,train,melanoma,6799,86.0,10847,80.0,-1,-1
Train/melanoma/ISIC_0011132.jpg,train,melanoma,6721,70.0,8684,78.0,-1,-1
Train/melanoma/ISIC_0011135.jpg,train,melanoma,4219,86.0,25487,76.0,-1,-1
Train/melanoma/ISIC_0011136.jpg,train,melanoma,6842,86.0,2782,84.0,-1,-1
Train/melanoma/ISIC_0011137.jpg,train,melanoma,8870,82.0,18060,84.0,-1,-1
Train/melanoma/ISIC_0011138.jpg,train,melanoma,2766,86.0,8916,82.0,-1,-1
Train/melanoma/ISIC_0011139.jpg,train,melanoma,2174,90.0,25781,86.0,-1,-1
Train/melanoma/ISIC_0011140.jpg,train,melanoma,4260,78.0,17205,70.0,-1,-1
Train/melanoma/ISIC_0011151.jpg,train,melanoma,4253,94.0,7688,88.0,-1,-1
Train/melanoma/ISIC_0011158.jpg,train,melanoma,8510,88.0,22027,86.0,-1,-1
Train/melanoma/ISIC_0011161.jpg,train,melanoma,7947,86.0,736,80.0,-1,-1
Train/melanoma/ISIC_0011163.jpg,train,melanoma,5599,68.0,2070,78.0,-1,-1
Train/melanoma/ISIC_0011166.jpg,train,melanoma,2333,84.0,524,82.0,-1,-1
Train/melanoma/ISIC_0011169.jpg,train,melanoma,8912,78.0,3151,78.0,-1,-1
Train/melanoma/ISIC_0011174.jpg,train,melanoma,95,88.0,22661,90.0,-1,-1
Train/melanoma/ISIC_0011176.jpg,train,melanoma,2401,78.0,29460,82.0,-1,-1
Train/melanoma/ISIC_0011178.jpg,train,melanoma,7791,92.0,1519,88.0,-1,-1
Train/melanoma/ISIC_0011181.jpg,train,melanoma,2603,94.0,6737,90.0,-1,-1
Train/melanoma/ISIC_0011185.jpg,train,melanoma,8377,92.0,11931,90.0,-1,-1
Train/melanoma/ISIC_0011187.jpg,train,melanoma,971,92.0,23878,88.0,-1,-1
Train/melanoma/ISIC_0011193.jpg,train,melanoma,6927,78.0,7642,70.0,-1,-1
Train/nevus/ISIC_0000019.jpg,train,nevus,7392,82.0,20758,82.0,-1,-1
Train/nevus/ISIC_0000020.jpg,train,nevus,9506,82.0,26269,80.0,-1,-1
Train/nevus/ISIC_0000021.jpg,train,nevus,9724,82.0,6694,86.0,-1,-1
Train/nevus/ISIC_0000023.jpg,train,nevus,1286,86.0,8997,82.0,-1,-1
Train/nevus/ISIC_0000024.jpg,train,nevus,7862,90.0,15772,86.0,-1,-1
Train/nevus/ISIC_0000025.jpg,train,nevus,7786,82.0,20089,82.0,-1,-1
Train/nevus/ISIC_0000027.jpg,train,nevus,5660,80.0,6838,80.0,-1,-1
Train/nevus/ISIC_0000028.jpg,train,nevus,207,74.0,32239,82.0,-1,-1
Train/nevus/ISIC_0000032.jpg,train,nevus,1897,94.0,18239,92.0,-1,-1
Train/nevus/ISIC_0000033.jpg,train,nevus,663,80.0,13367,74.0,-1,-1
Train/nevus/ISIC_0000034.jpg,train,nevus,1508,64.0,10131,70.0,-1,-1
Train/nevus/ISIC_0000037.jpg,train,nevus,916,90.0,5487,82.0,-1,-1
Train/nevus/ISIC_0000038.jpg,train,nevus,1682,88.0,5214,88.0,-1,-1
Train/nevus/ISIC_0000039.jpg,train,nevus,6768,70.0,5201,54.0,-1,-1
Train/nevus/ISIC_0000041.jpg,train,nevus,1253,70.0,3936,66.0,-1,-1
Train/nevus/ISIC_0000042.jpg,train,nevus,9516,78.0,20716,88.0,-1,-1
Train/nevus/ISIC_0000047.jpg,train,nevus,8123,82.0,6388,80.0,-1,-1
Train/nevus/ISIC_0000050.jpg,train,nevus,7401,80.0,26269,80.0,-1,-1
Train/nevus/ISIC_0000051.jpg,train,nevus,7959,82.0,297,76.0,-1,-1
Train/nevus/ISIC_0000052.jpg,train,nevus,5782,82.0,25315,86.0,-1,-1
Train/nevus/ISIC_0000053.jpg,train,nevus,1475,84.0,24107,88.0,-1,-1
Train/nevus/ISIC_0000055.jpg,train,nevus,4682,90.0,18323,86.0,-1,-1
Train/nevus/ISIC_0000057.jpg,train,nevus,7346,74.0,17367,74.0,-1,-1
Train/nevus/ISIC_0000058.jpg,train,nevus,3470,86.0,21586,82.0,-1,-1
Train/nevus/ISIC_0000059.jpg,train,nevus,1692,88.0,15585,84.0,-1,-1
Train/nevus/ISIC_0000060.jpg,train,nevus,4601,82.0,818,80.0,-1,-1
Train/nevus/ISIC_0000061.jpg,train,nevus,2108,84.0,3370,86.0,-1,-1
Train/nevus/ISIC_0000062.jpg,train,nevus,4057,80.0,870,78.0,-1,-1
Train/nevus/ISIC_0000063.jpg,train,nevus,5308,78.0,18728,74.0,-1,-1
Train/nevus/ISIC_0000064.jpg,train,nevus,1780,82.0,5038,84.0,-1,-1
Train/nevus/ISIC_0000065.jpg,train,nevus,9324,74.0,6793,74.0,-1,-1
Train/nevus/ISIC_0000066.jpg,train,nevus,3939,88.0,921,90.0,-1,-1
Train/nevus/ISIC_0000067.jpg,train,nevus,3481,86.0,15516,90.0,-1,-1
Train/nevus/ISIC_0000068.jpg,train,nevus,5486,84.0,6120,82.0,-1,-1
Train/nevus/ISIC_0000073.jpg,train,nevus,7572,70.0,16356,72.0,-1,-1
Train/nevus/ISIC_0000079.jpg,train,nevus,9658,70.0,9935,78.0,-1,-1
Train/nevus/ISIC_0000080.jpg,train,nevus,1615,74.0,24594,68.0,-1,-1
Train/nevus/ISIC_0000081.jpg,train,nevus,152,82.0,16777,74.0,-1,-1
Train/nevus/ISIC_0000082.jpg,train,nevus,303,84.0,19227,86.0,-1,-1
Train/nevus/ISIC_0000083.jpg,train,nevus,7790,72.0,9227,74.0,-1,-1
Train/nevus/ISIC_0000084.jpg,train,nevus,3654,70.0,3866,68.0,-1,-1
Train/nevus/ISIC_0000085.jpg,train,nevus,8299,82.0,21282,82.0,-1,-1
Train/nevus/ISIC_0000086.jpg,train,nevus,8340,82.0,6865,84.0,-1,-1
Train/nevus/ISIC_0000087.jpg,train,nevus,7564,86.0,1062,90.0,-1,-1
Train/nevus/ISIC_0000088.jpg,train,nevus,4648,74.0,16804,78.0,-1,-1
Train/nevus/ISIC_0000089.jpg,train,nevus,9374,78.0,28180,76.0,-1,-1
Train/nevus/ISIC_0000091.jpg,train,nevus,7114,78.0,4595,82.0,-1,-1
Train/nevus/ISIC_0000092.jpg,train,nevus,7614,60.0,25486,68.0,-1,-1
Train/nevus/ISIC_0000093.jpg,train,nevus,7970,54.0,29122,62.0,-1,-1
Train/nevus/ISIC_0000094.jpg,train,nevus,8542,84.0,4973,84.0,-1,-1
Train/nevus/ISIC_0000095.jpg,train,nevus,3732,88.0,424,88.0,-1,-1
Train/nevus/ISIC_0000096.jpg,train,nevus,5542,82.0,2336,76.0,-1,-1
Train/nevus/ISIC_0000097.jpg,train,nevus,1217,82.0,25876,78.0,-1,-1
Train/nevus/ISIC_0000099.jpg,train,nevus,2043,82.0,8236,86.0,-1,-1
Train/nevus/ISIC_0000219.jpg,train,nevus,154,86.0,12162,90.0,-1,-1
Train/nevus/ISIC_0000220.jpg,train,nevus,7220,76.0,27835,76.0,-1,-1
Train/nevus/ISIC_0000221.jpg,train,nevus,8830,66.0,9396,72.0,-1,-1
Train/nevus/ISIC_0000222.jpg,train,nevus,3861,88.0,14099,92.0,-1,-1
Train/nevus/ISIC_0000223.jpg,train,nevus,3424,86.0,30636,90.0,-1,-1
Train/nevus/ISIC_0000224.jpg,train,nevus,2020,92.0,23868,92.0,-1,-1
Train/nevus/ISIC_0000225.jpg,train,nevus,5063,74.0,15530,68.0,-1,-1
Train/nevus/ISIC_0000226.jpg,train,nevus,2071,86.0,24015,86.0,-1,-1
Train/nevus/ISIC_0000227.jpg,train,nevus,7186,64.0,8684,70.0,-1,-1
Train/nevus/ISIC_0000228.jpg,train,nevus,2988,86.0,21360,84.0,-1,-1
Train/nevus/ISIC_0000229.jpg,train,nevus,2746,92.0,18164,90.0,-1,-1
Train/nevus/ISIC_0000230.jpg,train,nevus,6227,90.0,3739,90.0,-1,-1
Train/nevus/ISIC_0000231.jpg,train,nevus,948,76.0,24566,86.0,-1,-1
Train/nevus/ISIC_0000232.jpg,train,nevus,4097,66.0,29591,74.0,-1,-1
Train/nevus/ISIC_0000233.jpg,train,nevus,8662,88.0,9298,92.0,-1,-1
Train/nevus/ISIC_0000234.jpg,train,nevus,4459,86.0,1003,90.0,-1,-1
Train/nevus/ISIC_0000235.jpg,train,nevus,4213,86.0,25143,88.0,-1,-1
Train/nevus/ISIC_0000236.jpg,train,nevus,7770,78.0,19846,88.0,-1,-1
Train/nevus/ISIC_0000237.jpg,train,nevus,1815,80.0,10679,84.0,-1,-1
Train/nevus/ISIC_0000238.jpg,train,nevus,315,74.0,28754,76.0,-1,-1
Train/nevus/ISIC_0000239.jpg,train,nevus,1395,86.0,27231,90.0,-1,-1
Train/nevus/ISIC_0000240.jpg,train,nevus,9112,70.0,26033,70.0,-1,-1
Train/nevus/ISIC_0000241.jpg,train,nevus,8973,88.0,31373,86.0,-1,-1
Train/nevus/ISIC_0000243.jpg,train,nevus,167,86.0,992,84.0,-1,-1
Train/nevus/ISIC_0000244.jpg,train,nevus,7064,80.0,9456,86.0,-1,-1
Train/nevus/ISIC_0000245.jpg,train,nevus,141,88.0,29598,82.0,-1,-1
Train/nevus/ISIC_0000246.jpg,train,nevus,2597,88.0,28126,82.0,-1,-1
Train/nevus/ISIC_0000248.jpg,train,nevus,864,92.0,11719,86.0,-1,-1
Train/nevus/ISIC_0000250.jpg,train,nevus,8444,86.0,29033,84.0,-1,-1
Train/nevus/ISIC_0000256.jpg,train,nevus,2333,70.0,21699,70.0,-1,-1
Train/nevus/ISIC_0000258.jpg,train,nevus,8332,88.0,14329,84.0,-1,-1
Train/nevus/ISIC_0000259.jpg,train,nevus,1165,92.0,12913,92.0,-1,-1
Train/nevus/ISIC_0000260.jpg,train,nevus,6603,76.0,14983,82.0,-1,-1
Train/nevus/ISIC_0000261.jpg,train,nevus,4588,62.0,30043,64.0,-1,-1
Train/nevus/ISIC_0000262.jpg,train,nevus,2375,72.0,10758,64.0,-1,-1
Train/nevus/ISIC_0000263.jpg,train,nevus,1973,72.0,29688,72.0,-1,-1
Train/nevus/ISIC_0000264.jpg,train,nevus,7495,86.0,12220,88.0,-1,-1
Train/nevus/ISIC_0000265.jpg,train,nevus,6719,78.0,21452,78.0,-1,-1
Train/nevus/ISIC_0000266.jpg,train,nevus,3234,84.0,3759,88.0,-1,-1
Train/nevus/ISIC_0000267.jpg,train,nevus,865,80.0,2771,84.0,-1,-1
Train/nevus/ISIC_0000268.jpg,train,nevus,993,90.0,18935,86.0,-1,-1
Train/nevus/ISIC_0000270.jpg,train,nevus,7556,64.0,3626,62.0,-1,-1
Train/nevus/ISIC_0000271.jpg,train,nevus,8003,70.0,2894,74.0,-1,-1
Train/nevus/ISIC_0000272.jpg,train,nevus,3815,88.0,1291,86.0,-1,-1
Train/nevus/ISIC_0000273.jpg,train,nevus,2587,90.0,5642,82.0,-1,-1
Train/nevus/ISIC_0000315.jpg,train,nevus,60,74.0,20687,82.0,-1,-1
Train/nevus/ISIC_0000316.jpg,train,nevus,307,66.0,14640,70.0,-1,-1
Train/nevus/ISIC_0000317.jpg,train,nevus,806,70.0,14640,66.0,-1,-1
Train/nevus/ISIC_0000318.jpg,train,nevus,307,74.0,434,82.0,-1,-1
Train/nevus/ISIC_0000319.jpg,train,nevus,156,82.0,14713,84.0,-1,-1
Train/nevus/ISIC_0000320.jpg,train,nevus,12,72.0,14640,84.0,-1,-1
Train/nevus/ISIC_0000321.jpg,train,nevus,7055,76.0,13628,82.0,-1,-1
Train/nevus/ISIC_0000322.jpg,train,nevus,860,74.0,1822,84.0,-1,-1
Train/nevus/ISIC_0000323.jpg,train,nevus,2478,70.0,32105,76.0,-1,-1
Train/nevus/ISIC_0000324.jpg,train,nevus,307,76.0,3785,82.0,-1,-1
Train/nevus/ISIC_0000325.jpg,train,nevus,775,80.0,8908,86.0,-1,-1
Train/nevus/ISIC_0000326.jpg,train,nevus,1095,84.0,5287,78.0,-1,-1
Train/nevus/ISIC_0000327.jpg,train,nevus,1313,76.0,17399,74.0,-1,-1
Train/nevus/ISIC_0000328.jpg,train,nevus,2471,72.0,8126,76.0,-1,-1
Train/nevus/ISIC_0000329.jpg,train,nevus,778,78.0,24762,80.0,-1,-1
Train/nevus/ISIC_0000330.jpg,train,nevus,1868,82.0,8792,82.0,-1,-1
Train/nevus/ISIC_0000331.jpg,train,nevus,7106,78.0,2536,82.0,-1,-1
Train/nevus/ISIC_0000332.jpg,train,nevus,307,72.0,14640,78.0,-1,-1
Train/nevus/ISIC_0000333.jpg,train,nevus,820,72.0,14640,82.0,-1,-1
Train/nevus/ISIC_0000334.jpg,train,nevus,8768,68.0,14640,76.0,-1,-1
Train/nevus/ISIC_0000335.jpg,train,nevus,2478,80.0,27859,86.0,-1,-1
Train/nevus/ISIC_0000336.jpg,train,nevus,307,74.0,14640,78.0,-1,-1
Train/nevus/ISIC_0000337.jpg,train,nevus,743,84.0,29034,86.0,-1,-1
Train/nevus/ISIC_0000338.jpg,train,nevus,2471,78.0,26208,78.0,-1,-1
Train/nevus/ISIC_0000339.jpg,train,nevus,307,76.0,4409,84.0,-1,-1
Train/nevus/ISIC_0000340.jpg,train,nevus,198,76.0,32639,80.0,-1,-1
Train/nevus/ISIC_0000341.jpg,train,nevus,7114,80.0,928,86.0,-1,-1
Train/nevus/ISIC_0000342.jpg,train,nevus,307,80.0,11434,84.0,-1,-1
Train/nevus/ISIC_0000343.jpg,train,nevus,307,78.0,30914,74.0,-1,-1
Train/nevus/ISIC_0000344.jpg,train,nevus,2878,84.0,10383,84.0,-1,-1
Train/nevus/ISIC_0000345.jpg,train,nevus,1107,74.0,7717,72.0,-1,-1
Train/nevus/ISIC_0000346.jpg,train,nevus,307,76.0,18301,86.0,-1,-1
Train/nevus/ISIC_0000347.jpg,train,nevus,2478,66.0,14640,72.0,-1,-1
Train/nevus/ISIC_0000348.jpg,train,nevus,307,82.0,16200,86.0,-1,-1
Train/nevus/ISIC_0000349.jpg,train,nevus,842,72.0,30914,68.0,-1,-1
Train/nevus/ISIC_0000350.jpg,train,nevus,870,76.0,5862,80.0,-1,-1
Train/nevus/ISIC_0000351.jpg,train,nevus,7353,80.0,20193,80.0,-1,-1
Train/nevus/ISIC_0000352.jpg,train,nevus,7120,74.0,22057,78.0,-1,-1
Train/nevus/ISIC_0000353.jpg,train,nevus,7687,76.0,3025,80.0,-1,-1
Train/nevus/ISIC_0000354.jpg,train,nevus,6435,86.0,1237,84.0,-1,-1
Train/nevus/ISIC_0000355.jpg,train,nevus,870,70.0,14640,76.0,-1,-1
Train/nevus/ISIC_0000356.jpg,train,nevus,1103,80.0,8278,80.0,-1,-1
Train/nevus/ISIC_0000357.jpg,train,nevus,1107,74.0,6601,76.0,-1,-1
Train/nevus/ISIC_0000358.jpg,train,nevus,2471,74.0,14640,74.0,-1,-1
Train/nevus/ISIC_0000359.jpg,train,nevus,8768,82.0,14640,88.0,-1,-1
Train/nevus/ISIC_0000360.jpg,train,nevus,2391,78.0,30914,76.0,-1,-1
Train/nevus/ISIC_0000361.jpg,train,nevus,811,86.0,550,90.0,-1,-1
Train/nevus/ISIC_0000362.jpg,train,nevus,307,72.0,14640,78.0,-1,-1
Train/nevus/ISIC_0000363.jpg,train,nevus,860,84.0,414,80.0,-1,-1
Train/nevus/ISIC_0000364.jpg,train,nevus,164,78.0,30914,82.0,-1,-1
Train/nevus/ISIC_0000365.jpg,train,nevus,1107,74.0,6130,80.0,-1,-1
Train/nevus/ISIC_0000366.jpg,train,nevus,860,76.0,7717,76.0,-1,-1
Train/nevus/ISIC_0000367.jpg,train,nevus,842,72.0,434,84.0,-1,-1
Train/nevus/ISIC_0000368.jpg,train,nevus,378,92.0,16750,86.0,-1,-1
Train/nevus/ISIC_0000369.jpg,train,nevus,2471,86.0,14640,90.0,-1,-1
Train/nevus/ISIC_0000370.jpg,train,nevus,743,80.0,4538,86.0,-1,-1
Train/nevus/ISIC_0000371.jpg,train,nevus,307,78.0,956,88.0,-1,-1
Train/nevus/ISIC_0000372.jpg,train,nevus,8768,72.0,14640,84.0,-1,-1
Train/nevus/ISIC_0000373.jpg,train,nevus,778,80.0,18583,80.0,-1,-1
Train/nevus/ISIC_0000374.jpg,train,nevus,9298,74.0,8415,78.0,-1,-1
Train/nevus/ISIC_0000375.jpg,train,nevus,96,86.0,25420,80.0,-1,-1
Train/nevus/ISIC_0000376.jpg,train,nevus,7557,68.0,3749,68.0,-1,-1
Train/nevus/ISIC_0000377.jpg,train,nevus,1286,76.0,3331,78.0,-1,-1
Train/nevus/ISIC_0000378.jpg,train,nevus,5528,80.0,2490,84.0,-1,-1
Train/nevus/ISIC_0000379.jpg,train,nevus,4159,86.0,15701,86.0,-1,-1
Train/nevus/ISIC_0000380.jpg,train,nevus,1546,90.0,24916,88.0,-1,-1
Train/nevus/ISIC_0000381.jpg,train,nevus,8914,80.0,298,78.0,-1,-1
Train/nevus/ISIC_0000382.jpg,train,nevus,2278,90.0,356,86.0,-1,-1
Train/nevus/ISIC_0000383.jpg,train,nevus,7371,84.0,7514,84.0,-1,-1
Train/nevus/ISIC_0000384.jpg,train,nevus,3216,68.0,26923,64.0,-1,-1
Train/nevus/ISIC_0000385.jpg,train,nevus,8204,74.0,1739,78.0,-1,-1
Train/nevus/ISIC_0000386.jpg,train,nevus,8258,82.0,3774,80.0,-1,-1
Train/nevus/ISIC_0000387.jpg,train,nevus,1426,72.0,11075,72.0,-1,-1
Train/nevus/ISIC_0000388.jpg,train,nevus,8030,74.0,22702,68.0,-1,-1
Train/nevus/ISIC_0000389.jpg,train,nevus,69,98.0,31052,92.0,-1,-1
Train/nevus/ISIC_0000391.jpg,train,nevus,3886,88.0,21969,84.0,-1,-1
Train/nevus/ISIC_0000392.jpg,train,nevus,1212,78.0,13137,80.0,-1,-1
Train/nevus/ISIC_0000396.jpg,train,nevus,8854,80.0,31097,72.0,-1,-1
Train/nevus/ISIC_0000397.jpg,train,nevus,6321,78.0,5177,76.0,-1,-1
Train/nevus/ISIC_0000403.jpg,train,nevus,7736,76.0,4279,78.0,-1,-1
Train/nevus/ISIC_0000407.jpg,train,nevus,4952,84.0,23373,86.0,-1,-1
Train/nevus/ISIC_0000408.jpg,train,nevus,7695,94.0,3170,94.0,-1,-1
Train/nevus/ISIC_0000409.jpg,train,nevus,7438,68.0,32295,68.0,-1,-1
Train/nevus/ISIC_0000416.jpg,train,nevus,8884,76.0,12370,70.0,-1,-1
Train/nevus/ISIC_0000418.jpg,train,nevus,7638,82.0,3599,84.0,-1,-1
Train/nevus/ISIC_0000419.jpg,train,nevus,3581,82.0,4052,88.0,-1,-1
Train/nevus/ISIC_0000421.jpg,train,nevus,8921,74.0,5612,80.0,-1,-1
Train/nevus/ISIC_0000422.jpg,train,nevus,2731,84.0,2682,72.0,-1,-1
Train/nevus/ISIC_0000423.jpg,train,nevus,2361,78.0,8908,78.0,-1,-1
Train/nevus/ISIC_0000424.jpg,train,nevus,1507,86.0,17707,88.0,-1,-1
Train/nevus/ISIC_0000425.jpg,train,nevus,9516,80.0,399,76.0,-1,-1
Train/nevus/ISIC_0000426.jpg,train,nevus,980,88.0,22501,86.0,-1,-1
Train/nevus/ISIC_0000427.jpg,train,nevus,309,86.0,27215,84.0,-1,-1
Train/nevus/ISIC_0000430.jpg,train,nevus,1374,90.0,30381,86.0,-1,-1
Train/nevus/ISIC_0000431.jpg,train,nevus,4588,68.0,11821,72.0,-1,-1
Train/nevus/ISIC_0000433.jpg,train,nevus,4301,88.0,3438,88.0,-1,-1
Train/nevus/ISIC_0000435.jpg,train,nevus,6287,82.0,4067,74.0,-1,-1
Train/nevus/ISIC_0000436.jpg,train,nevus,7535,82.0,9299,78.0,-1,-1
Train/nevus/ISIC_0000437.jpg,train,nevus,6814,86.0,2039,74.0,-1,-1
Train/nevus/ISIC_0000439.jpg,train,nevus,6773,72.0,3193,66.0,-1,-1
Train/nevus/ISIC_0000442.jpg,train,nevus,7799,78.0,17708,78.0,-1,-1
Train/nevus/ISIC_0000443.jpg,train,nevus,2027,78.0,17858,76.0,-1,-1
Train/nevus/ISIC_0000447.jpg,train,nevus,6312,72.0,16712,70.0,-1,-1
Train/nevus/ISIC_0000448.jpg,train,nevus,4638,78.0,3193,80.0,-1,-1
Train/nevus/ISIC_0000449.jpg,train,nevus,7061,60.0,15432,48.0,-1,-1
Train/nevus/ISIC_0000451.jpg,train,nevus,5325,74.0,28762,74.0,-1,-1
Train/nevus/ISIC_0000452.jpg,train,nevus,8703,86.0,6098,86.0,-1,-1
Train/nevus/ISIC_0000453.jpg,train,nevus,5320,78.0,23358,82.0,-1,-1
Train/nevus/ISIC_0000455.jpg,train,nevus,2399,84.0,11267,82.0,-1,-1
Train/nevus/ISIC_0000456.jpg,train,nevus,6768,84.0,15662,84.0,-1,-1
Train/nevus/ISIC_0000457.jpg,train,nevus,1379,86.0,4990,86.0,-1,-1
Train/nevus/ISIC_0000458.jpg,train,nevus,9160,82.0,23441,82.0,-1,-1
Train/nevus/ISIC_0000460.jpg,train,nevus,3657,72.0,31638,66.0,-1,-1
Train/nevus/ISIC_0000461.jpg,train,nevus,2988,78.0,2366,82.0,-1,-1
Train/nevus/ISIC_0000464.jpg,train,nevus,2669,90.0,1950,92.0,-1,-1
Train/nevus/ISIC_0000465.jpg,train,nevus,8082,84.0,19403,88.0,-1,-1
Train/nevus/ISIC_0000467.jpg,train,nevus,6130,86.0,18840,88.0,-1,-1
Train/nevus/ISIC_0000468.jpg,train,nevus,1901,94.0,15835,92.0,-1,-1
Train/nevus/ISIC_0000470.jpg,train,nevus,9251,70.0,5525,80.0,-1,-1
Train/nevus/ISIC_0000471.jpg,train,nevus,8465,86.0,20910,84.0,-1,-1
Train/nevus/ISIC_0000472.jpg,train,nevus,1212,90.0,31050,84.0,-1,-1
Train/nevus/ISIC_0000473.jpg,train,nevus,8055,86.0,29386,86.0,-1,-1
Train/nevus/ISIC_0000474.jpg,train,nevus,5846,90.0,15731,84.0,-1,-1
Train/nevus/ISIC_0000475.jpg,train,nevus,4098,82.0,21061,84.0,-1,-1
Train/nevus/ISIC_0000476.jpg,train,nevus,2751,86.0,30416,88.0,-1,-1
Train/nevus/ISIC_0000477.jpg,train,nevus,2333,92.0,8370,92.0,-1,-1
Train/nevus/ISIC_0000478.jpg,train,nevus,166,92.0,5597,86.0,-1,-1
Train/nevus/ISIC_0000479.jpg,train,nevus,8126,86.0,30748,88.0,-1,-1
Train/nevus/ISIC_0000480.jpg,train,nevus,7545,76.0,6599,80.0,-1,-1
Train/nevus/ISIC_0000481.jpg,train,nevus,1353,88.0,12302,92.0,-1,-1
Train/nevus/ISIC_0000483.jpg,train,nevus,7155,80.0,11326,86.0,-1,-1
Train/nevus/ISIC_0000485.jpg,train,nevus,2408,90.0,18890,88.0,-1,-1
Train/nevus/ISIC_0000486.jpg,train,nevus,7372,74.0,670,76.0,-1,-1
Train/nevus/ISIC_0000488.jpg,train,nevus,229,82.0,15940,80.0,-1,-1
Train/nevus/ISIC_0000489.jpg,train,nevus,2266,88.0,4776,82.0,-1,-1
Train/nevus/ISIC_0000490.jpg,train,nevus,1732,88.0,10550,86.0,-1,-1
Train/nevus/ISIC_0000491.jpg,train,nevus,354,88.0,10628,92.0,-1,-1
Train/nevus/ISIC_0000492.jpg,train,nevus,3682,88.0,19035,86.0,-1,-1
Train/nevus/ISIC_0000493.jpg,train,nevus,3335,86.0,16129,92.0,-1,-1
Train/nevus/ISIC_0000494.jpg,train,nevus,2179,80.0,3337,82.0,-1,-1
Train/nevus/ISIC_0000495.jpg,train,nevus,7183,76.0,5995,78.0,-1,-1
Train/nevus/ISIC_0000496.jpg,train,nevus,2266,86.0,31773,78.0,-1,-1
Train/nevus/ISIC_0000497.jpg,train,nevus,2003,74.0,4780,74.0,-1,-1
Train/nevus/ISIC_0000498.jpg,train,nevus,1594,78.0,16259,84.0,-1,-1
Train/nevus/ISIC_0000499.jpg,train,nevus,8018,70.0,11925,66.0,-1,-1
Train/nevus/ISIC_0000500.jpg,train,nevus,6766,80.0,28795,84.0,-1,-1
Train/nevus/ISIC_0000501.jpg,train,nevus,8494,72.0,25620,78.0,-1,-1
Train/nevus/ISIC_0000503.jpg,train,nevus,6285,76.0,15826,82.0,-1,-1
Train/nevus/ISIC_0000504.jpg,train,nevus,7904,84.0,21806,76.0,-1,-1
Train/nevus/ISIC_0000505.jpg,train,nevus,9594,82.0,6828,80.0,-1,-1
Train/nevus/ISIC_0000506.jpg,train,nevus,76,70.0,100,70.0,-1,-1
Train/nevus/ISIC_0000507.jpg,train,nevus,9538,82.0,31980,80.0,-1,-1
Train/nevus/ISIC_0000508.jpg,train,nevus,5681,84.0,12412,80.0,-1,-1
Train/nevus/ISIC_0000509.jpg,train,nevus,4406,80.0,5317,86.0,-1,-1
Train/nevus/ISIC_0000510.jpg,train,nevus,1038,80.0,3345,84.0,-1,-1
Train/nevus/ISIC_0000512.jpg,train,nevus,2333,92.0,8370,92.0,-1,-1
Train/nevus/ISIC_0000514.jpg,train,nevus,6862,76.0,4556,78.0,-1,-1
Train/nevus/ISIC_0000515.jpg,train,nevus,465,82.0,522,82.0,-1,-1
Train/nevus/ISIC_0000523.jpg,train,nevus,7556,74.0,24436,66.0,-1,-1
Train/nevus/ISIC_0000524.jpg,train,nevus,3572,84.0,1368,88.0,-1,-1
Train/nevus/ISIC_0000525.jpg,train,nevus,610,86.0,3440,86.0,-1,-1
Train/nevus/ISIC_0000527.jpg,train,nevus,8943,86.0,6994,86.0,-1,-1
Train/nevus/ISIC_0000528.jpg,train,nevus,5378,84.0,25763,86.0,-1,-1
Train/nevus/ISIC_0000529.jpg,train,nevus,396,82.0,28569,86.0,-1,-1
Train/nevus/ISIC_0000530.jpg,train,nevus,7855,74.0,18793,72.0,-1,-1
Train/nevus/ISIC_0000532.jpg,train,nevus,7332,72.0,5342,68.0,-1,-1
Train/nevus/ISIC_0000534.jpg,train,nevus,5201,78.0,14736,88.0,-1,-1
Train/nevus/ISIC_0000535.jpg,train,nevus,2989,74.0,3165,74.0,-1,-1
Train/nevus/ISIC_0000536.jpg,train,nevus,7223,66.0,23454,62.0,-1,-1
Train/nevus/ISIC_0000537.jpg,train,nevus,8283,88.0,6251,88.0,-1,-1
Train/nevus/ISIC_0000538.jpg,train,nevus,1793,80.0,13853,80.0,-1,-1
Train/nevus/ISIC_0000539.jpg,train,nevus,1293,88.0,3049,90.0,-1,-1
Train/nevus/ISIC_0000540.jpg,train,nevus,1353,86.0,6435,90.0,-1,-1
Train/nevus/ISIC_0000541.jpg,train,nevus,3901,82.0,16356,84.0,-1,-1
Train/nevus/ISIC_0000542.jpg,train,nevus,6394,82.0,28348,84.0,-1,-1
Train/nevus/ISIC_0000543.jpg,train,nevus,8158,80.0,9601,78.0,-1,-1
Train/nevus/ISIC_0000544.jpg,train,nevus,7713,74.0,25146,74.0,-1,-1
Train/nevus/ISIC_0000545.jpg,train,nevus,8434,84.0,9586,86.0,-1,-1
Train/nevus/ISIC_0000546.jpg,train,nevus,9558,86.0,11269,86.0,-1,-1
Train/nevus/ISIC_0000556.jpg,train,nevus,1989,92.0,7251,88.0,-1,-1
Train/nevus/ISIC_0010512.jpg,train,nevus,1747,92.0,1700,88.0,-1,-1
Train/nevus/ISIC_0010889.jpg,train,nevus,432,92.0,2078,92.0,-1,-1
Train/nevus/ISIC_0024468.jpg,train,nevus,9925,0.0,735,90.0,0,-1
Train/nevus/ISIC_0024470.jpg,train,nevus,9917,2.0,7168,90.0,0,-1
Train/nevus/ISIC_0024511.jpg,train,nevus,9982,0.0,27460,80.0,0,-1
Train/nevus/ISIC_0024646.jpg,train,nevus,9918,2.0,6960,90.0,0,-1
Train/nevus/ISIC_0024707.jpg,train,nevus,9777,2.0,2928,92.0,0,-1
Train/nevus/ISIC_0024763.jpg,train,nevus,9922,4.0,14340,92.0,0,-1
Train/nevus/ISIC_0024771.jpg,train,nevus,9796,0.0,30525,88.0,0,-1
Train/nevus/ISIC_0024800.jpg,train,nevus,9942,2.0,1762,88.0,0,-1
Train/nevus/ISIC_0024913.jpg,train,nevus,9703,2.0,20367,86.0,0,-1
Train/nevus/ISIC_0024948.jpg,train,nevus,10006,2.0,4365,88.0,0,-1
Train/nevus/ISIC_0025368.jpg,train,nevus,9979,2.0,23441,80.0,0,-1
Train/nevus/ISIC_0025427.jpg,train,nevus,9955,2.0,11458,94.0,0,-1
Train/nevus/ISIC_0025605.jpg,train,nevus,9941,2.0,571,78.0,0,-1
Train/nevus/ISIC_0025780.jpg,train,nevus,9957,0.0,14216,90.0,0,-1
Train/nevus/ISIC_0025803.jpg,train,nevus,9910,2.0,15359,92.0,0,-1
Train/nevus/ISIC_0025825.jpg,train,nevus,9786,0.0,20532,86.0,0,-1
Train/nevus/ISIC_0025953.jpg,train,nevus,9833,4.0,7850,92.0,0,-1
Train/nevus/ISIC_0025957.jpg,train,nevus,9938,2.0,21146,82.0,0,-1
Train/nevus/ISIC_0025992.jpg,train,nevus,9874,0.0,15184,86.0,0,-1
Train/nevus/ISIC_0026040.jpg,train,nevus,9983,4.0,21293,84.0,0,-1
Train/nevus/ISIC_0026149.jpg,train,nevus,9873,0.0,1739,88.0,0,-1
Train/nevus/ISIC_0026171.jpg,train,nevus,9945,0.0,19467,82.0,0,-1
Train/nevus/ISIC_0026194.jpg,train,nevus,9980,0.0,16809,82.0,0,-1
Train/nevus/ISIC_0026212.jpg,train,nevus,9837,2.0,14754,88.0,0,-1
Train/nevus/ISIC_0026457.jpg,train,nevus,9946,0.0,31338,90.0,0,-1
Train/nevus/ISIC_0026468.jpg,train,nevus,9961,2.0,4503,92.0,0,-1
Train/nevus/ISIC_0026525.jpg,train,nevus,9879,2.0,2871,92.0,0,-1
Train/nevus/ISIC_0026575.jpg,train,nevus,9692,2.0,14234,82.0,0,-1
Train/nevus/ISIC_0026625.jpg,train,nevus,9765,2.0,24580,88.0,0,-1
Train/nevus/ISIC_0026626.jpg,train,nevus,9907,2.0,23101,86.0,0,-1
Train/nevus/ISIC_0026650.jpg,train,nevus,9993,0.0,6073,90.0,0,-1
Train/nevus/ISIC_0026702.jpg,train,nevus,9962,2.0,20232,90.0,0,-1
Train/nevus/ISIC_0026709.jpg,train,nevus,9880,2.0,13529,88.0,0,-1
Train/nevus/ISIC_0026729.jpg,train,nevus,9762,0.0,13451,84.0,0,-1
Train/nevus/ISIC_0026765.jpg,train,nevus,9981,2.0,1746,78.0,0,-1
Train/nevus/ISIC_0026848.jpg,train,nevus,9947,2.0,8619,90.0,0,-1
Train/nevus/ISIC_0026857.jpg,train,nevus,9968,0.0,5876,86.0,0,-1
Train/nevus/ISIC_0026905.jpg,train,nevus,9916,2.0,14493,90.0,0,-1
Train/nevus/ISIC_0026984.jpg,train,nevus,9964,0.0,9855,84.0,0,-1
Train/nevus/ISIC_0027172.jpg,train,nevus,9829,2.0,11625,84.0,0,-1
Train/nevus/ISIC_0027254.jpg,train,nevus,9978,0.0,19133,68.0,0,-1
Train/nevus/ISIC_0027334.jpg,train,nevus,9990,2.0,26868,84.0,0,-1
Train/nevus/ISIC_0027447.jpg,train,nevus,9896,0.0,4583,90.0,0,-1
Train/nevus/ISIC_0027452.jpg,train,nevus,9963,2.0,2388,86.0,0,-1
Train/nevus/ISIC_0027536.jpg,train,nevus,9897,2.0,28261,82.0,0,-1
Train/nevus/ISIC_0027562.jpg,train,nevus,9948,0.0,20110,90.0,0,-1
Train/nevus/ISIC_0027580.jpg,train,nevus,9909,0.0,8048,88.0,0,-1
Train/nevus/ISIC_0027615.jpg,train,nevus,9996,2.0,13081,88.0,0,-1
Train/nevus/ISIC_0027650.jpg,train,nevus,9783,2.0,10253,88.0,0,-1
Train/nevus/ISIC_0027668.jpg,train,nevus,9954,2.0,29179,80.0,0,-1
Train/nevus/ISIC_0027802.jpg,train,nevus,9930,0.0,13146,90.0,0,-1
Train/nevus/ISIC_0027829.jpg,train,nevus,9976,2.0,6040,88.0,0,-1
Train/nevus/ISIC_0027884.jpg,train,nevus,9985,2.0,11502,84.0,0,-1
Train/nevus/ISIC_0027896.jpg,train,nevus,9758,0.0,20119,88.0,0,-1
Train/nevus/ISIC_0027950.jpg,train,nevus,9995,2.0,2576,90.0,0,-1
Train/nevus/ISIC_0027958.jpg,train,nevus,9757,0.0,13948,90.0,0,-1
Train/nevus/ISIC_0028063.jpg,train,nevus,9928,0.0,18676,84.0,0,-1
Train/nevus/ISIC_0028076.jpg,train,nevus,9923,2.0,18897,86.0,0,-1
Train/nevus/ISIC_0028190.jpg,train,nevus,9809,2.0,1771,90.0,0,-1
Train/nevus/ISIC_0028314.jpg,train,nevus,9810,2.0,16062,86.0,0,-1
Train/nevus/ISIC_0028370.jpg,train,nevus,9971,2.0,5230,90.0,0,-1
Train/nevus/ISIC_0028393.jpg,train,nevus,10005,2.0,6520,88.0,0,-1
Train/nevus/ISIC_0028517.jpg,train,nevus,9986,2.0,22857,86.0,0,-1
Train/nevus/ISIC_0028558.jpg,train,nevus,9857,4.0,29666,84.0,0,-1
Train/nevus/ISIC_0028619.jpg,train,nevus,10007,2.0,6942,82.0,0,-1
Train/nevus/ISIC_0028820.jpg,train,nevus,9975,2.0,24611,82.0,0,-1
Train/nevus/ISIC_0028854.jpg,train,nevus,9766,2.0,16113,90.0,0,-1
Train/nevus/ISIC_0028941.jpg,train,nevus,9958,2.0,14312,88.0,0,-1
Train/nevus/ISIC_0028990.jpg,train,nevus,9997,0.0,30562,82.0,0,-1
Train/nevus/ISIC_0029025.jpg,train,nevus,9989,2.0,21376,86.0,0,-1
Train/nevus/ISIC_0029041.jpg,train,nevus,9696,0.0,10657,88.0,0,-1
Train/nevus/ISIC_0029133.jpg,train,nevus,9951,2.0,30343,88.0,0,-1
Train/nevus/ISIC_0029141.jpg,train,nevus,10003,2.0,24166,68.0,0,-1
Train/nevus/ISIC_0029210.jpg,train,nevus,9846,0.0,13018,90.0,0,-1
Train/nevus/ISIC_0029309.jpg,train,nevus,10004,0.0,16497,86.0,0,-1
Train/nevus/ISIC_0029460.jpg,train,nevus,9933,4.0,19132,80.0,0,-1
Train/pigmented benign keratosis/ISIC_0024435.jpg,train,pigmented benign keratosis,856,2.0,7581,68.0,0,-1
Train/pigmented benign keratosis/ISIC_0024445.jpg,train,pigmented benign keratosis,398,0.0,6040,76.0,0,-1
Train/pigmented benign keratosis/ISIC_0024446.jpg,train,pigmented benign keratosis,681,0.0,4498,90.0,0,-1
Train/pigmented benign keratosis/ISIC_0024453.jpg,train,pigmented benign keratosis,413,0.0,14402,88.0,0,-1
Train/pigmented benign keratosis/ISIC_0024471.jpg,train,pigmented benign keratosis,541,2.0,25521,88.0,0,-1
Train/pigmented benign keratosis/ISIC_0024477.jpg,train,pigmented benign keratosis,568,0.0,13257,86.0,0,-1
Train/pigmented benign keratosis/ISIC_0024489.jpg,train,pigmented benign keratosis,776,4.0,4090,80.0,0,-1
Train/pigmented benign keratosis/ISIC_0024490.jpg,train,pigmented benign keratosis,841,0.0,2942,78.0,0,-1
Train/pigmented benign keratosis/ISIC_0024494.jpg,train,pigmented benign keratosis,396,2.0,14434,80.0,0,-1
Train/pigmented benign keratosis/ISIC_0024495.jpg,train,pigmented benign keratosis,629,2.0,29704,58.0,0,-1
Train/pigmented benign keratosis/ISIC_0024498.jpg,train,pigmented benign keratosis,903,2.0,30751,72.0,0,-1
Train/pigmented benign keratosis/ISIC_0024505.jpg,train,pigmented benign keratosis,334,2.0,30204,80.0,0,-1
Train/pigmented benign keratosis/ISIC_0024547.jpg,train,pigmented benign keratosis,503,2.0,5922,88.0,0,-1
Train/pigmented benign keratosis/ISIC_0024581.jpg,train,pigmented benign keratosis,307,2.0,15958,80.0,0,-1
Train/pigmented benign keratosis/ISIC_0024592.jpg,train,pigmented benign keratosis,322,2.0,418,84.0,0,-1
Train/pigmented benign keratosis/ISIC_0024602.jpg,train,pigmented benign keratosis,885,0.0,13881,68.0,0,-1
Train/pigmented benign keratosis/ISIC_0024612.jpg,train,pigmented benign keratosis,652,4.0,25102,54.0,0,-1
Train/pigmented benign keratosis/ISIC_0024623.jpg,train,pigmented benign keratosis,113,0.0,22545,88.0,0,-1
Train/pigmented benign keratosis/ISIC_0024626.jpg,train,pigmented benign keratosis,337,0.0,5612,92.0,0,-1
Train/pigmented benign keratosis/ISIC_0024635.jpg,train,pigmented benign keratosis,91,2.0,3211,84.0,0,-1
Train/pigmented benign keratosis/ISIC_0024643.jpg,train,pigmented benign keratosis,990,4.0,8257,86.0,0,-1
Train/pigmented benign keratosis/ISIC_0024672.jpg,train,pigmented benign keratosis,301,0.0,8938,90.0,0,-1
Train/pigmented benign keratosis/ISIC_0024676.jpg,train,pigmented benign keratosis,404,4.0,16362,90.0,0,-1
Train/pigmented benign keratosis/ISIC_0024696.jpg,train,pigmented benign keratosis,603,2.0,22744,82.0,0,-1
Train/pigmented benign keratosis/ISIC_0024705.jpg,train,pigmented benign keratosis,799,2.0,21520,84.0,0,-1
Train/pigmented benign keratosis/ISIC_0024708.jpg,train,pigmented benign keratosis,332,2.0,24135,84.0,0,-1
Train/pigmented benign keratosis/ISIC_0024709.jpg,train,pigmented benign keratosis,753,0.0,28364,88.0,0,-1
Train/pigmented benign keratosis/ISIC_0024711.jpg,train,pigmented benign keratosis,309,2.0,30666,80.0,0,-1
Train/pigmented benign keratosis/ISIC_0024726.jpg,train,pigmented benign keratosis,486,2.0,13997,80.0,0,-1
Train/pigmented benign keratosis/ISIC_0024740.jpg,train,pigmented benign keratosis,480,2.0,6835,78.0,0,-1
Train/pigmented benign keratosis/ISIC_0024741.jpg,train,pigmented benign keratosis,463,2.0,1779,88.0,0,-1
Train/pigmented benign keratosis/ISIC_0024748.jpg,train,pigmented benign keratosis,390,0.0,29237,88.0,0,-1
Train/pigmented benign keratosis/ISIC_0024758.jpg,train,pigmented benign keratosis,506,0.0,17188,82.0,0,-1
Train/pigmented benign keratosis/ISIC_0024760.jpg,train,pigmented benign keratosis,510,4.0,28495,76.0,0,-1
Train/pigmented benign keratosis/ISIC_0024761.jpg,train,pigmented benign keratosis,583,2.0,2596,80.0,0,-1
Train/pigmented benign keratosis/ISIC_0024770.jpg,train,pigmented benign keratosis,888,0.0,28884,78.0,0,-1
Train/pigmented benign keratosis/ISIC_0024772.jpg,train,pigmented benign keratosis,532,4.0,2542,82.0,0,-1
Train/pigmented benign keratosis/ISIC_0024773.jpg,train,pigmented benign keratosis,378,0.0,4390,80.0,0,-1
Train/pigmented benign keratosis/ISIC_0024774.jpg,train,pigmented benign keratosis,802,4.0,12882,88.0,0,-1
Train/pigmented benign keratosis/ISIC_0024782.jpg,train,pigmented benign keratosis,850,0.0,14929,62.0,0,-1
Train/pigmented benign keratosis/ISIC_0024786.jpg,train,pigmented benign keratosis,760,2.0,5896,88.0,0,-1
Train/pigmented benign keratosis/ISIC_0024814.jpg,train,pigmented benign keratosis,810,0.0,13529,90.0,0,-1
Train/pigmented benign keratosis/ISIC_0024825.jpg,train,pigmented benign keratosis,712,2.0,27643,90.0,0,-1
Train/pigmented benign keratosis/ISIC_0024839.jpg,train,pigmented benign keratosis,599,0.0,6363,88.0,0,-1
Train/pigmented benign keratosis/ISIC_0024850.jpg,train,pigmented benign keratosis,1036,4.0,24759,88.0,0,-1
Train/pigmented benign keratosis/ISIC_0024851.jpg,train,pigmented benign keratosis,676,0.0,2295,86.0,0,-1
Train/pigmented benign keratosis/ISIC_0024871.jpg,train,pigmented benign keratosis,702,2.0,845,84.0,0,-1
Train/pigmented benign keratosis/ISIC_0024877.jpg,train,pigmented benign keratosis,791,2.0,29724,86.0,0,-1
Train/pigmented benign keratosis/ISIC_0024880.jpg,train,pigmented benign keratosis,465,2.0,23908,82.0,0,-1
Train/pigmented benign keratosis/ISIC_0024881.jpg,train,pigmented benign keratosis,716,2.0,26023,84.0,0,-1
Train/pigmented benign keratosis/ISIC_0024883.jpg,train,pigmented benign keratosis,376,4.0,12251,50.0,0,-1
Train/pigmented benign keratosis/ISIC_0024890.jpg,train,pigmented benign keratosis,317,0.0,15173,88.0,0,-1
Train/pigmented benign keratosis/ISIC_0024909.jpg,train,pigmented benign keratosis,878,0.0,7645,76.0,0,-1
Train/pigmented benign keratosis/ISIC_0024910.jpg,train,pigmented benign keratosis,608,2.0,18338,86.0,0,-1
Train/pigmented benign keratosis/ISIC_0024915.jpg,train,pigmented benign keratosis,869,4.0,30751,68.0,0,-1
Train/pigmented benign keratosis/ISIC_0024943.jpg,train,pigmented benign keratosis,886,2.0,30914,80.0,0,-1
Train/pigmented benign keratosis/ISIC_0024947.jpg,train,pigmented benign keratosis,680,0.0,20367,68.0,0,-1
Train/pigmented benign keratosis/ISIC_0024970.jpg,train,pigmented benign keratosis,512,2.0,21657,84.0,0,-1
Train/pigmented benign keratosis/ISIC_0024971.jpg,train,pigmented benign keratosis,349,0.0,27489,72.0,0,-1
Train/pigmented benign keratosis/ISIC_0024981.jpg,train,pigmented benign keratosis,33,4.0,21134,72.0,0,-1
Train/pigmented benign keratosis/ISIC_0024982.jpg,train,pigmented benign keratosis,585,6.0,893,92.0,0,-1
Train/pigmented benign keratosis/ISIC_0024997.jpg,train,pigmented benign keratosis,582,2.0,29642,68.0,0,-1
Train/pigmented benign keratosis/ISIC_0025005.jpg,train,pigmented benign keratosis,904,2.0,3339,80.0,0,-1
Train/pigmented benign keratosis/ISIC_0025016.jpg,train,pigmented benign keratosis,51,2.0,25361,76.0,0,-1
Train/pigmented benign keratosis/ISIC_0025030.jpg,train,pigmented benign keratosis,1,0.0,23746,80.0,0,-1
Train/pigmented benign keratosis/ISIC_0025032.jpg,train,pigmented benign keratosis,356,0.0,371,90.0,0,-1
Train/pigmented benign keratosis/ISIC_0025033.jpg,train,pigmented benign keratosis,21,0.0,4363,74.0,0,-1
Train/pigmented benign keratosis/ISIC_0025038.jpg,train,pigmented benign keratosis,769,2.0,32344,86.0,0,-1
Train/pigmented benign keratosis/ISIC_0025040.jpg,train,pigmented benign keratosis,662,0.0,6593,36.0,0,-1
Train/pigmented benign keratosis/ISIC_0025063.jpg,train,pigmented benign keratosis,101,0.0,13772,74.0,0,-1
Train/pigmented benign keratosis/ISIC_0025064.jpg,train,pigmented benign keratosis,549,2.0,19395,58.0,0,-1
Train/pigmented benign keratosis/ISIC_0025066.jpg,train,pigmented benign keratosis,730,2.0,27631,84.0,0,-1
Train/pigmented benign keratosis/ISIC_0025068.jpg,train,pigmented benign keratosis,691,0.0,15918,86.0,0,-1
Train/pigmented benign keratosis/ISIC_0025075.jpg,train,pigmented benign keratosis,443,0.0,8637,86.0,0,-1
Train/pigmented benign keratosis/ISIC_0025076.jpg,train,pigmented benign keratosis,43,0.0,23096,80.0,0,-1
Train/pigmented benign keratosis/ISIC_0025083.jpg,train,pigmented benign keratosis,695,2.0,23349,78.0,0,-1
Train/pigmented benign keratosis/ISIC_0025086.jpg,train,pigmented benign keratosis,538,2.0,5163,88.0,0,-1
Train/pigmented benign keratosis/ISIC_0025099.jpg,train,pigmented benign keratosis,67,2.0,12851,76.0,0,-1
Train/pigmented benign keratosis/ISIC_0025103.jpg,train,pigmented benign keratosis,842,2.0,15958,86.0,0,-1
Train/pigmented benign keratosis/ISIC_0025113.jpg,train,pigmented benign keratosis,735,2.0,4647,88.0,0,-1
Train/pigmented benign keratosis/ISIC_0025131.jpg,train,pigmented benign keratosis,1059,0.0,28038,88.0,0,-1
Train/pigmented benign keratosis/ISIC_0025136.jpg,train,pigmented benign keratosis,279,2.0,27086,94.0,0,-1
Train/pigmented benign keratosis/ISIC_0025140.jpg,train,pigmented benign keratosis,73,2.0,7696,80.0,0,-1
Train/pigmented benign keratosis/ISIC_0025157.jpg,train,pigmented benign keratosis,270,0.0,18937,82.0,0,-1
Train/pigmented benign keratosis/ISIC_0025180.jpg,train,pigmented benign keratosis,216,2.0,8472,86.0,0,-1
Train/pigmented benign keratosis/ISIC_0025199.jpg,train,pigmented benign keratosis,692,2.0,2228,84.0,0,-1
Train/pigmented benign keratosis/ISIC_0025209.jpg,train,pigmented benign keratosis,9,0.0,13132,86.0,0,-1
Train/pigmented benign keratosis/ISIC_0025222.jpg,train,pigmented benign keratosis,534,0.0,12797,86.0,0,-1
Train/pigmented benign keratosis/ISIC_0025275.jpg,train,pigmented benign keratosis,434,0.0,30193,64.0,0,-1
Train/pigmented benign keratosis/ISIC_0025276.jpg,train,pigmented benign keratosis,10,0.0,7088,80.0,0,-1
Train/pigmented benign keratosis/ISIC_0025286.jpg,train,pigmented benign keratosis,59,0.0,3126,76.0,0,-1
Train/pigmented benign keratosis/ISIC_0025292.jpg,train,pigmented benign keratosis,698,2.0,5453,84.0,0,-1
Train/pigmented benign keratosis/ISIC_0025297.jpg,train,pigmented benign keratosis,403,2.0,24189,88.0,0,-1
Train/pigmented benign keratosis/ISIC_0025312.jpg,train,pigmented benign keratosis,816,2.0,6914,78.0,0,-1
Train/pigmented benign keratosis/ISIC_0025326.jpg,train,pigmented benign keratosis,314,2.0,18897,86.0,0,-1
Train/pigmented benign keratosis/ISIC_0025330.jpg,train,pigmented benign keratosis,1047,4.0,17833,88.0,0,-1
Train/pigmented benign keratosis/ISIC_0025337.jpg,train,pigmented benign keratosis,339,0.0,26102,78.0,0,-1
Train/pigmented benign keratosis/ISIC_0025339.jpg,train,pigmented benign keratosis,829,0.0,14401,82.0,0,-1
Train/pigmented benign keratosis/ISIC_0025345.jpg,train,pigmented benign keratosis,708,0.0,20532,88.0,0,-1
Train/pigmented benign keratosis/ISIC_0025351.jpg,train,pigmented benign keratosis,515,0.0,11957,90.0,0,-1
Train/pigmented benign keratosis/ISIC_0025366.jpg,train,pigmented benign keratosis,3326,2.0,12547,86.0,0,-1
Train/pigmented benign keratosis/ISIC_0025374.jpg,train,pigmented benign keratosis,616,2.0,10125,84.0,0,-1
Train/pigmented benign keratosis/ISIC_0025376.jpg,train,pigmented benign keratosis,484,2.0,7992,66.0,0,-1
Train/pigmented benign keratosis/ISIC_0025378.jpg,train,pigmented benign keratosis,807,6.0,14570,80.0,0,-1
Train/pigmented benign keratosis/ISIC_0025387.jpg,train,pigmented benign keratosis,1083,2.0,9995,86.0,0,-1
Train/pigmented benign keratosis/ISIC_0025388.jpg,train,pigmented benign keratosis,97,4.0,14954,82.0,0,-1
Train/pigmented benign keratosis/ISIC_0025389.jpg,train,pigmented benign keratosis,632,2.0,21842,88.0,0,-1
Train/pigmented benign keratosis/ISIC_0025392.jpg,train,pigmented benign keratosis,1039,0.0,19728,78.0,0,-1
Train/pigmented benign keratosis/ISIC_0025419.jpg,train,pigmented benign keratosis,49,2.0,20430,84.0,0,-1
Train/pigmented benign keratosis/ISIC_0025431.jpg,train,pigmented benign keratosis,1075,0.0,16373,76.0,0,-1
Train/pigmented benign keratosis/ISIC_0025434.jpg,train,pigmented benign keratosis,747,2.0,10713,90.0,0,-1
Train/pigmented benign keratosis/ISIC_0025454.jpg,train,pigmented benign keratosis,1065,2.0,16461,84.0,0,-1
Train/pigmented benign keratosis/ISIC_0025465.jpg,train,pigmented benign keratosis,775,2.0,30751,78.0,0,-1
Train/pigmented benign keratosis/ISIC_0025466.jpg,train,pigmented benign keratosis,846,0.0,24359,82.0,0,-1
Train/pigmented benign keratosis/ISIC_0025470.jpg,train,pigmented benign keratosis,796,2.0,26337,76.0,0,-1
Train/pigmented benign keratosis/ISIC_0025484.jpg,train,pigmented benign keratosis,1087,2.0,609,92.0,0,-1
Train/pigmented benign keratosis/ISIC_0025485.jpg,train,pigmented benign keratosis,350,2.0,13649,86.0,0,-1
Train/pigmented benign keratosis/ISIC_0025507.jpg,train,pigmented benign keratosis,318,2.0,28236,88.0,0,-1
Train/pigmented benign keratosis/ISIC_0025510.jpg,train,pigmented benign keratosis,87,2.0,9216,72.0,0,-1
Train/pigmented benign keratosis/ISIC_0025515.jpg,train,pigmented benign keratosis,838,0.0,3812,80.0,0,-1
Train/pigmented benign keratosis/ISIC_0025519.jpg,train,pigmented benign keratosis,589,0.0,2682,88.0,0,-1
Train/pigmented benign keratosis/ISIC_0025526.jpg,train,pigmented benign keratosis,855,2.0,1637,82.0,0,-1
Train/pigmented benign keratosis/ISIC_0025529.jpg,train,pigmented benign keratosis,441,0.0,16560,82.0,0,-1
Train/pigmented benign keratosis/ISIC_0025548.jpg,train,pigmented benign keratosis,103,2.0,16804,76.0,0,-1
Train/pigmented benign keratosis/ISIC_0025554.jpg,train,pigmented benign keratosis,74,0.0,16975,80.0,0,-1
Train/pigmented benign keratosis/ISIC_0025567.jpg,train,pigmented benign keratosis,28,2.0,5002,86.0,0,-1
Train/pigmented benign keratosis/ISIC_0025575.jpg,train,pigmented benign keratosis,501,4.0,4615,84.0,0,-1
Train/pigmented benign keratosis/ISIC_0025583.jpg,train,pigmented benign keratosis,381,2.0,21450,86.0,0,-1
Train/pigmented benign keratosis/ISIC_0025623.jpg,train,pigmented benign keratosis,749,4.0,4843,82.0,0,-1
Train/pigmented benign keratosis/ISIC_0025627.jpg,train,pigmented benign keratosis,546,0.0,9078,86.0,0,-1
Train/pigmented benign keratosis/ISIC_0025642.jpg,train,pigmented benign keratosis,45,0.0,29831,80.0,0,-1
Train/pigmented benign keratosis/ISIC_0025654.jpg,train,pigmented benign keratosis,1082,2.0,22017,88.0,0,-1
Train/pigmented benign keratosis/ISIC_0025656.jpg,train,pigmented benign keratosis,305,2.0,29474,84.0,0,-1
Train/pigmented benign keratosis/ISIC_0025659.jpg,train,pigmented benign keratosis,466,0.0,11283,82.0,0,-1
Train/pigmented benign keratosis/ISIC_0025661.jpg,train,pigmented benign keratosis,3,0.0,14005,82.0,0,-1
Train/pigmented benign keratosis/ISIC_0025693.jpg,train,pigmented benign keratosis,522,0.0,6257,84.0,0,-1
Train/pigmented benign keratosis/ISIC_0025699.jpg,train,pigmented benign keratosis,593,6.0,1236,80.0,0,-1
Train/pigmented benign keratosis/ISIC_0025703.jpg,train,pigmented benign keratosis,406,0.0,7955,92.0,0,-1
Train/pigmented benign keratosis/ISIC_0025710.jpg,train,pigmented benign keratosis,843,2.0,18785,80.0,0,-1
Train/pigmented benign keratosis/ISIC_0025716.jpg,train,pigmented benign keratosis,540,2.0,28388,90.0,0,-1
Train/pigmented benign keratosis/ISIC_0025719.jpg,train,pigmented benign keratosis,573,2.0,29474,86.0,0,-1
Train/pigmented benign keratosis/ISIC_0025743.jpg,train,pigmented benign keratosis,335,0.0,4030,90.0,0,-1
Train/pigmented benign keratosis/ISIC_0025746.jpg,train,pigmented benign keratosis,494,0.0,11199,74.0,0,-1
Train/pigmented benign keratosis/ISIC_0025753.jpg,train,pigmented benign keratosis,824,0.0,31915,76.0,0,-1
Train/pigmented benign keratosis/ISIC_0025758.jpg,train,pigmented benign keratosis,1038,2.0,21429,82.0,0,-1
Train/pigmented benign keratosis/ISIC_0025767.jpg,train,pigmented benign keratosis,13,4.0,21346,74.0,0,-1
Train/pigmented benign keratosis/ISIC_0025777.jpg,train,pigmented benign keratosis,298,0.0,28859,78.0,0,-1
Train/pigmented benign keratosis/ISIC_0025781.jpg,train,pigmented benign keratosis,502,0.0,24951,84.0,0,-1
Train/pigmented benign keratosis/ISIC_0025799.jpg,train,pigmented benign keratosis,765,0.0,28416,86.0,0,-1
Train/pigmented benign keratosis/ISIC_0025804.jpg,train,pigmented benign keratosis,1049,2.0,12287,92.0,0,-1
Train/pigmented benign keratosis/ISIC_0025805.jpg,train,pigmented benign keratosis,453,4.0,28569,80.0,0,-1
Train/pigmented benign keratosis/ISIC_0025810.jpg,train,pigmented benign keratosis,895,4.0,24405,88.0,0,-1
Train/pigmented benign keratosis/ISIC_0025819.jpg,train,pigmented benign keratosis,46,2.0,3971,82.0,0,-1
Train/pigmented benign keratosis/ISIC_0025830.jpg,train,pigmented benign keratosis,420,0.0,5146,76.0,0,-1
Train/pigmented benign keratosis/ISIC_0025837.jpg,train,pigmented benign keratosis,8,0.0,26016,76.0,0,-1
Train/pigmented benign keratosis/ISIC_0025838.jpg,train,pigmented benign keratosis,320,0.0,21643,88.0,0,-1
Train/pigmented benign keratosis/ISIC_0025842.jpg,train,pigmented benign keratosis,355,0.0,5804,88.0,0,-1
Train/pigmented benign keratosis/ISIC_0025851.jpg,train,pigmented benign keratosis,905,0.0,19418,78.0,0,-1
Train/pigmented benign keratosis/ISIC_0025856.jpg,train,pigmented benign keratosis,1040,6.0,26839,74.0,0,-1
Train/pigmented benign keratosis/ISIC_0025867.jpg,train,pigmented benign keratosis,288,2.0,2771,88.0,0,-1
Train/pigmented benign keratosis/ISIC_0025874.jpg,train,pigmented benign keratosis,351,4.0,5943,90.0,0,-1
Train/pigmented benign keratosis/ISIC_0025876.jpg,train,pigmented benign keratosis,100,0.0,21312,84.0,0,-1
Train/pigmented benign keratosis/ISIC_0025879.jpg,train,pigmented benign keratosis,1066,2.0,14491,86.0,0,-1
Train/pigmented benign keratosis/ISIC_0025883.jpg,train,pigmented benign keratosis,579,0.0,2746,88.0,0,-1
Train/pigmented benign keratosis/ISIC_0025885.jpg,train,pigmented benign keratosis,304,0.0,22974,88.0,0,-1
Train/pigmented benign keratosis/ISIC_0025906.jpg,train,pigmented benign keratosis,117,6.0,547,72.0,0,-1
Train/pigmented benign keratosis/ISIC_0025915.jpg,train,pigmented benign keratosis,16,2.0,10653,56.0,0,-1
Train/pigmented benign keratosis/ISIC_0025928.jpg,train,pigmented benign keratosis,445,0.0,24845,80.0,0,-1
Train/pigmented benign keratosis/ISIC_0025937.jpg,train,pigmented benign keratosis,24,0.0,19567,72.0,0,-1
Train/pigmented benign keratosis/ISIC_0025939.jpg,train,pigmented benign keratosis,621,2.0,17100,84.0,0,-1
Train/pigmented benign keratosis/ISIC_0025973.jpg,train,pigmented benign keratosis,537,4.0,32400,80.0,0,-1
Train/pigmented benign keratosis/ISIC_0025982.jpg,train,pigmented benign keratosis,311,0.0,12235,90.0,0,-1
Train/pigmented benign keratosis/ISIC_0025984.jpg,train,pigmented benign keratosis,12,0.0,19667,72.0,0,-1
Train/pigmented benign keratosis/ISIC_0025985.jpg,train,pigmented benign keratosis,418,4.0,28069,90.0,0,-1
Train/pigmented benign keratosis/ISIC_0025986.jpg,train,pigmented benign keratosis,436,2.0,21046,70.0,0,-1
Train/pigmented benign keratosis/ISIC_0026015.jpg,train,pigmented benign keratosis,740,2.0,5998,90.0,0,-1
Train/pigmented benign keratosis/ISIC_0026016.jpg,train,pigmented benign keratosis,805,4.0,4229,92.0,0,-1
Train/pigmented benign keratosis/ISIC_0026018.jpg,train,pigmented benign keratosis,455,4.0,18939,84.0,0,-1
Train/pigmented benign keratosis/ISIC_0026042.jpg,train,pigmented benign keratosis,1091,2.0,23136,92.0,0,-1
Train/pigmented benign keratosis/ISIC_0026044.jpg,train,pigmented benign keratosis,478,4.0,5001,76.0,0,-1
Train/pigmented benign keratosis/ISIC_0026046.jpg,train,pigmented benign keratosis,1008,2.0,9012,86.0,0,-1
Train/pigmented benign keratosis/ISIC_0026060.jpg,train,pigmented benign keratosis,291,2.0,1424,90.0,0,-1
Train/pigmented benign keratosis/ISIC_0026069.jpg,train,pigmented benign keratosis,812,6.0,13935,84.0,0,-1
Train/pigmented benign keratosis/ISIC_0026070.jpg,train,pigmented benign keratosis,612,2.0,8111,90.0,0,-1
Train/pigmented benign keratosis/ISIC_0026072.jpg,train,pigmented benign keratosis,620,4.0,5747,86.0,0,-1
Train/pigmented benign keratosis/ISIC_0026085.jpg,train,pigmented benign keratosis,209,0.0,11636,88.0,0,-1
Train/pigmented benign keratosis/ISIC_0026104.jpg,train,pigmented benign keratosis,66,4.0,25146,68.0,0,-1
Train/pigmented benign keratosis/ISIC_0026107.jpg,train,pigmented benign keratosis,217,0.0,29224,80.0,0,-1
Train/pigmented benign keratosis/ISIC_0026135.jpg,train,pigmented benign keratosis,1055,2.0,24662,90.0,0,-1
Train/pigmented benign keratosis/ISIC_0026139.jpg,train,pigmented benign keratosis,684,2.0,5934,88.0,0,-1
Train/pigmented benign keratosis/ISIC_0026142.jpg,train,pigmented benign keratosis,670,4.0,24756,88.0,0,-1
Train/pigmented benign keratosis/ISIC_0026153.jpg,train,pigmented benign keratosis,99,0.0,4310,82.0,0,-1
Train/pigmented benign keratosis/ISIC_0026159.jpg,train,pigmented benign keratosis,387,0.0,4273,86.0,0,-1
Train/pigmented benign keratosis/ISIC_0026174.jpg,train,pigmented benign keratosis,900,0.0,8128,80.0,0,-1
Train/pigmented benign keratosis/ISIC_0026205.jpg,train,pigmented benign keratosis,992,2.0,30130,88.0,0,-1
Train/pigmented benign keratosis/ISIC_0026219.jpg,train,pigmented benign keratosis,533,2.0,14234,82.0,0,-1
Train/pigmented benign keratosis/ISIC_0026245.jpg,train,pigmented benign keratosis,555,0.0,10628,90.0,0,-1
Train/pigmented benign keratosis/ISIC_0026248.jpg,train,pigmented benign keratosis,803,2.0,932,84.0,0,-1
Train/pigmented benign keratosis/ISIC_0026249.jpg,train,pigmented benign keratosis,797,2.0,7982,72.0,0,-1
Train/pigmented benign keratosis/ISIC_0026262.jpg,train,pigmented benign keratosis,1072,2.0,13047,88.0,0,-1
Train/pigmented benign keratosis/ISIC_0026263.jpg,train,pigmented benign keratosis,790,2.0,29049,82.0,0,-1
Train/pigmented benign keratosis/ISIC_0026265.jpg,train,pigmented benign keratosis,475,0.0,12753,90.0,0,-1
Train/pigmented benign keratosis/ISIC_0026273.jpg,train,pigmented benign keratosis,42,0.0,16058,82.0,0,-1
Train/pigmented benign keratosis/ISIC_0026276.jpg,train,pigmented benign keratosis,777,4.0,3304,86.0,0,-1
Train/pigmented benign keratosis/ISIC_0026277.jpg,train,pigmented benign keratosis,781,2.0,12315,86.0,0,-1
Train/pigmented benign keratosis/ISIC_0026280.jpg,train,pigmented benign keratosis,793,0.0,2846,86.0,0,-1
Train/pigmented benign keratosis/ISIC_0026286.jpg,train,pigmented benign keratosis,464,0.0,22840,74.0,0,-1
Train/pigmented benign keratosis/ISIC_0026290.jpg,train,pigmented benign keratosis,580,4.0,14046,88.0,0,-1
Train/pigmented benign keratosis/ISIC_0026291.jpg,train,pigmented benign keratosis,1013,2.0,1195,90.0,0,-1
Train/pigmented benign keratosis/ISIC_0026298.jpg,train,pigmented benign keratosis,292,2.0,32083,86.0,0,-1
Train/pigmented benign keratosis/ISIC_0026301.jpg,train,pigmented benign keratosis,361,0.0,3351,82.0,0,-1
Train/pigmented benign keratosis/ISIC_0026311.jpg,train,pigmented benign keratosis,858,4.0,14269,84.0,0,-1
Train/pigmented benign keratosis/ISIC_0026316.jpg,train,pigmented benign keratosis,601,2.0,13867,80.0,0,-1
Train/pigmented benign keratosis/ISIC_0026335.jpg,train,pigmented benign keratosis,610,2.0,4425,86.0,0,-1
Train/pigmented benign keratosis/ISIC_0026351.jpg,train,pigmented benign keratosis,864,0.0,7034,76.0,0,-1
Train/pigmented benign keratosis/ISIC_0026365.jpg,train,pigmented benign keratosis,623,4.0,23838,70.0,0,-1
Train/pigmented benign keratosis/ISIC_0026378.jpg,train,pigmented benign keratosis,559,6.0,12119,90.0,0,-1
Train/pigmented benign keratosis/ISIC_0026409.jpg,train,pigmented benign keratosis,707,2.0,17059,88.0,0,-1
Train/pigmented benign keratosis/ISIC_0026416.jpg,train,pigmented benign keratosis,1073,2.0,3548,84.0,0,-1
Train/pigmented benign keratosis/ISIC_0026422.jpg,train,pigmented benign keratosis,1014,2.0,4376,76.0,0,-1
Train/pigmented benign keratosis/ISIC_0026441.jpg,train,pigmented benign keratosis,1019,2.0,9046,88.0,0,-1
Train/pigmented benign keratosis/ISIC_0026443.jpg,train,pigmented benign keratosis,408,4.0,23390,72.0,0,-1
Train/pigmented benign keratosis/ISIC_0026444.jpg,train,pigmented benign keratosis,491,0.0,6134,92.0,0,-1
Train/pigmented benign keratosis/ISIC_0026446.jpg,train,pigmented benign keratosis,1071,2.0,15899,86.0,0,-1
Train/pigmented benign keratosis/ISIC_0026477.jpg,train,pigmented benign keratosis,456,0.0,6171,62.0,0,-1
Train/pigmented benign keratosis/ISIC_0026493.jpg,train,pigmented benign keratosis,569,0.0,28906,86.0,0,-1
Train/pigmented benign keratosis/ISIC_0026511.jpg,train,pigmented benign keratosis,984,0.0,16356,84.0,0,-1
Train/pigmented benign keratosis/ISIC_0026514.jpg,train,pigmented benign keratosis,558,0.0,8266,94.0,0,-1
Train/pigmented benign keratosis/ISIC_0026523.jpg,train,pigmented benign keratosis,669,0.0,12923,90.0,0,-1
Train/pigmented benign keratosis/ISIC_0026524.jpg,train,pigmented benign keratosis,813,2.0,11149,86.0,0,-1
Train/pigmented benign keratosis/ISIC_0026526.jpg,train,pigmented benign keratosis,483,2.0,7299,88.0,0,-1
Train/pigmented benign keratosis/ISIC_0026530.jpg,train,pigmented benign keratosis,868,4.0,6719,88.0,0,-1
Train/pigmented benign keratosis/ISIC_0026532.jpg,train,pigmented benign keratosis,81,4.0,14927,88.0,0,-1
Train/pigmented benign keratosis/ISIC_0026538.jpg,train,pigmented benign keratosis,509,0.0,8034,84.0,0,-1
Train/pigmented benign keratosis/ISIC_0026539.jpg,train,pigmented benign keratosis,721,2.0,4600,84.0,0,-1
Train/pigmented benign keratosis/ISIC_0026553.jpg,train,pigmented benign keratosis,675,2.0,15335,78.0,0,-1
Train/pigmented benign keratosis/ISIC_0026556.jpg,train,pigmented benign keratosis,1079,0.0,28321,92.0,0,-1
Train/pigmented benign keratosis/ISIC_0026566.jpg,train,pigmented benign keratosis,999,2.0,5897,78.0,0,-1
Train/pigmented benign keratosis/ISIC_0026567.jpg,train,pigmented benign keratosis,771,2.0,9233,80.0,0,-1
Train/pigmented benign keratosis/ISIC_0026576.jpg,train,pigmented benign keratosis,705,0.0,22885,84.0,0,-1
Train/pigmented benign keratosis/ISIC_0026590.jpg,train,pigmented benign keratosis,857,0.0,23010,80.0,0,-1
Train/pigmented benign keratosis/ISIC_0026606.jpg,train,pigmented benign keratosis,435,2.0,28953,62.0,0,-1
Train/pigmented benign keratosis/ISIC_0026607.jpg,train,pigmented benign keratosis,344,0.0,7501,80.0,0,-1
Train/pigmented benign keratosis/ISIC_0026614.jpg,train,pigmented benign keratosis,565,0.0,8427,88.0,0,-1
Train/pigmented benign keratosis/ISIC_0026623.jpg,train,pigmented benign keratosis,294,0.0,1220,92.0,0,-1
Train/pigmented benign keratosis/ISIC_0026631.jpg,train,pigmented benign keratosis,840,2.0,9923,82.0,0,-1
Train/pigmented benign keratosis/ISIC_0026634.jpg,train,pigmented benign keratosis,369,2.0,15021,86.0,0,-1
Train/pigmented benign keratosis/ISIC_0026637.jpg,train,pigmented benign keratosis,54,4.0,1463,68.0,0,-1
Train/pigmented benign keratosis/ISIC_0026644.jpg,train,pigmented benign keratosis,415,2.0,24323,72.0,0,-1
Train/pigmented benign keratosis/ISIC_0026661.jpg,train,pigmented benign keratosis,451,0.0,31621,88.0,0,-1
Train/pigmented benign keratosis/ISIC_0026663.jpg,train,pigmented benign keratosis,728,2.0,6994,86.0,0,-1
Train/pigmented benign keratosis/ISIC_0026675.jpg,train,pigmented benign keratosis,609,0.0,1850,84.0,0,-1
Train/pigmented benign keratosis/ISIC_0026679.jpg,train,pigmented benign keratosis,467,0.0,8505,90.0,0,-1
Train/pigmented benign keratosis/ISIC_0026704.jpg,train,pigmented benign keratosis,665,2.0,123,84.0,0,-1
Train/pigmented benign keratosis/ISIC_0026714.jpg,train,pigmented benign keratosis,439,0.0,5361,78.0,0,-1
Train/pigmented benign keratosis/ISIC_0026717.jpg,train,pigmented benign keratosis,893,0.0,9621,84.0,0,-1
Train/pigmented benign keratosis/ISIC_0026728.jpg,train,pigmented benign keratosis,352,0.0,8151,76.0,0,-1
Train/pigmented benign keratosis/ISIC_0026737.jpg,train,pigmented benign keratosis,640,0.0,14579,84.0,0,-1
Train/pigmented benign keratosis/ISIC_0026744.jpg,train,pigmented benign keratosis,729,0.0,11796,86.0,0,-1
Train/pigmented benign keratosis/ISIC_0026769.jpg,train,pigmented benign keratosis,2,0.0,15719,80.0,0,-1
Train/pigmented benign keratosis/ISIC_0026775.jpg,train,pigmented benign keratosis,373,2.0,6627,82.0,0,-1
Train/pigmented benign keratosis/ISIC_0026783.jpg,train,pigmented benign keratosis,1043,0.0,17093,84.0,0,-1
Train/pigmented benign keratosis/ISIC_0026787.jpg,train,pigmented benign keratosis,554,0.0,29949,78.0,0,-1
Train/pigmented benign keratosis/ISIC_0026790.jpg,train,pigmented benign keratosis,979,0.0,4415,86.0,0,-1
Train/pigmented benign keratosis/ISIC_0026794.jpg,train,pigmented benign keratosis,120,0.0,3414,72.0,0,-1
Train/pigmented benign keratosis/ISIC_0026803.jpg,train,pigmented benign keratosis,800,0.0,12250,62.0,0,-1
Train/pigmented benign keratosis/ISIC_0026827.jpg,train,pigmented benign keratosis,302,0.0,16671,76.0,0,-1
Train/pigmented benign keratosis/ISIC_0026835.jpg,train,pigmented benign keratosis,30,0.0,16792,78.0,0,-1
Train/pigmented benign keratosis/ISIC_0026842.jpg,train,pigmented benign keratosis,490,0.0,24474,90.0,0,-1
Train/pigmented benign keratosis/ISIC_0026843.jpg,train,pigmented benign keratosis,588,2.0,7473,70.0,0,-1
Train/pigmented benign keratosis/ISIC_0026844.jpg,train,pigmented benign keratosis,300,4.0,32437,76.0,0,-1
Train/pigmented benign keratosis/ISIC_0026846.jpg,train,pigmented benign keratosis,1018,2.0,16560,90.0,0,-1
Train/pigmented benign keratosis/ISIC_0026849.jpg,train,pigmented benign keratosis,527,0.0,24744,82.0,0,-1
Train/pigmented benign keratosis/ISIC_0026861.jpg,train,pigmented benign keratosis,419,2.0,17422,88.0,0,-1
Train/pigmented benign keratosis/ISIC_0026867.jpg,train,pigmented benign keratosis,1021,2.0,22668,92.0,0,-1
Train/pigmented benign keratosis/ISIC_0026871.jpg,train,pigmented benign keratosis,725,2.0,7932,84.0,0,-1
Train/pigmented benign keratosis/ISIC_0026893.jpg,train,pigmented benign keratosis,297,2.0,13996,88.0,0,-1
Train/pigmented benign keratosis/ISIC_0026895.jpg,train,pigmented benign keratosis,539,0.0,860,88.0,0,-1
Train/pigmented benign keratosis/ISIC_0026907.jpg,train,pigmented benign keratosis,1020,2.0,7121,82.0,0,-1
Train/pigmented benign keratosis/ISIC_0026912.jpg,train,pigmented benign keratosis,778,2.0,1567,86.0,0,-1
Train/pigmented benign keratosis/ISIC_0026923.jpg,train,pigmented benign keratosis,397,4.0,4785,88.0,0,-1
Train/pigmented benign keratosis/ISIC_0026941.jpg,train,pigmented benign keratosis,1081,4.0,32311,82.0,0,-1
Train/pigmented benign keratosis/ISIC_0026947.jpg,train,pigmented benign keratosis,598,0.0,925,82.0,0,-1
Train/pigmented benign keratosis/ISIC_0026955.jpg,train,pigmented benign keratosis,57,0.0,5996,76.0,0,-1
Train/pigmented benign keratosis/ISIC_0026958.jpg,train,pigmented benign keratosis,83,2.0,6832,88.0,0,-1
Train/pigmented benign keratosis/ISIC_0026959.jpg,train,pigmented benign keratosis,1032,0.0,31464,92.0,0,-1
Train/pigmented benign keratosis/ISIC_0026961.jpg,train,pigmented benign keratosis,645,2.0,3076,88.0,0,-1
Train/pigmented benign keratosis/ISIC_0026967.jpg,train,pigmented benign keratosis,1058,2.0,20514,94.0,0,-1
Train/pigmented benign keratosis/ISIC_0027006.jpg,train,pigmented benign keratosis,513,2.0,25315,88.0,0,-1
Train/pigmented benign keratosis/ISIC_0027017.jpg,train,pigmented benign keratosis,696,0.0,31569,88.0,0,-1
Train/pigmented benign keratosis/ISIC_0027018.jpg,train,pigmented benign keratosis,630,2.0,24678,86.0,0,-1
Train/pigmented benign keratosis/ISIC_0027023.jpg,train,pigmented benign keratosis,95,2.0,20832,76.0,0,-1
Train/pigmented benign keratosis/ISIC_0027025.jpg,train,pigmented benign keratosis,1027,0.0,2213,96.0,0,-1
Train/pigmented benign keratosis/ISIC_0027026.jpg,train,pigmented benign keratosis,364,2.0,14629,86.0,0,-1
Train/pigmented benign keratosis/ISIC_0027027.jpg,train,pigmented benign keratosis,1084,2.0,3693,88.0,0,-1
Train/pigmented benign keratosis/ISIC_0027037.jpg,train,pigmented benign keratosis,340,2.0,6674,84.0,0,-1
Train/pigmented benign keratosis/ISIC_0027041.jpg,train,pigmented benign keratosis,1030,0.0,24535,90.0,0,-1
Train/pigmented benign keratosis/ISIC_0027042.jpg,train,pigmented benign keratosis,325,2.0,24944,92.0,0,-1
Train/pigmented benign keratosis/ISIC_0027053.jpg,train,pigmented benign keratosis,38,0.0,2644,78.0,0,-1
Train/pigmented benign keratosis/ISIC_0027064.jpg,train,pigmented benign keratosis,654,0.0,755,88.0,0,-1
Train/pigmented benign keratosis/ISIC_0027068.jpg,train,pigmented benign keratosis,328,2.0,18528,78.0,0,-1
Train/pigmented benign keratosis/ISIC_0027083.jpg,train,pigmented benign keratosis,880,2.0,14005,80.0,0,-1
Train/pigmented benign keratosis/ISIC_0027094.jpg,train,pigmented benign keratosis,717,2.0,24668,90.0,0,-1
Train/pigmented benign keratosis/ISIC_0027139.jpg,train,pigmented benign keratosis,293,4.0,29224,92.0,0,-1
Train/pigmented benign keratosis/ISIC_0027142.jpg,train,pigmented benign keratosis,986,2.0,1448,92.0,0,-1
Train/pigmented benign keratosis/ISIC_0027151.jpg,train,pigmented benign keratosis,118,2.0,6873,42.0,0,-1
Train/pigmented benign keratosis/ISIC_0027154.jpg,train,pigmented benign keratosis,773,2.0,3788,70.0,0,-1
Train/pigmented benign keratosis/ISIC_0027162.jpg,train,pigmented benign keratosis,814,4.0,2653,82.0,0,-1
Train/pigmented benign keratosis/ISIC_0027167.jpg,train,pigmented benign keratosis,1033,4.0,112,82.0,0,-1
Train/pigmented benign keratosis/ISIC_0027192.jpg,train,pigmented benign keratosis,561,0.0,19451,80.0,0,-1
Train/pigmented benign keratosis/ISIC_0027194.jpg,train,pigmented benign keratosis,804,2.0,17525,82.0,0,-1
Train/pigmented benign keratosis/ISIC_0027202.jpg,train,pigmented benign keratosis,876,2.0,25480,86.0,0,-1
Train/pigmented benign keratosis/ISIC_0027218.jpg,train,pigmented benign keratosis,281,0.0,1579,82.0,0,-1
Train/pigmented benign keratosis/ISIC_0027219.jpg,train,pigmented benign keratosis,472,2.0,2352,90.0,0,-1
Train/pigmented benign keratosis/ISIC_0027239.jpg,train,pigmented benign keratosis,742,0.0,12070,88.0,0,-1
Train/pigmented benign keratosis/ISIC_0027270.jpg,train,pigmented benign keratosis,818,4.0,11868,90.0,0,-1
Train/pigmented benign keratosis/ISIC_0027275.jpg,train,pigmented benign keratosis,1050,0.0,29704,80.0,0,-1
Train/pigmented benign keratosis/ISIC_0027279.jpg,train,pigmented benign keratosis,901,2.0,16207,84.0,0,-1
Train/pigmented benign keratosis/ISIC_0027287.jpg,train,pigmented benign keratosis,395,0.0,5238,86.0,0,-1
Train/pigmented benign keratosis/ISIC_0027295.jpg,train,pigmented benign keratosis,379,2.0,16347,84.0,0,-1
Train/pigmented benign keratosis/ISIC_0027310.jpg,train,pigmented benign keratosis,22,2.0,7959,82.0,0,-1
Train/pigmented benign keratosis/ISIC_0027320.jpg,train,pigmented benign keratosis,432,4.0,26841,82.0,0,-1
Train/pigmented benign keratosis/ISIC_0027326.jpg,train,pigmented benign keratosis,1093,4.0,29155,86.0,0,-1
Train/pigmented benign keratosis/ISIC_0027332.jpg,train,pigmented benign keratosis,1076,2.0,16716,90.0,0,-1
Train/pigmented benign keratosis/ISIC_0027335.jpg,train,pigmented benign keratosis,622,2.0,18946,82.0,0,-1
Train/pigmented benign keratosis/ISIC_0027344.jpg,train,pigmented benign keratosis,385,0.0,14043,90.0,0,-1
Train/pigmented benign keratosis/ISIC_0027354.jpg,train,pigmented benign keratosis,754,0.0,19644,88.0,0,-1
Train/pigmented benign keratosis/ISIC_0027355.jpg,train,pigmented benign keratosis,552,0.0,5645,88.0,0,-1
Train/pigmented benign keratosis/ISIC_0027367.jpg,train,pigmented benign keratosis,388,2.0,1427,86.0,0,-1
Train/pigmented benign keratosis/ISIC_0027370.jpg,train,pigmented benign keratosis,998,2.0,14258,88.0,0,-1
Train/pigmented benign keratosis/ISIC_0027374.jpg,train,pigmented benign keratosis,315,0.0,12807,74.0,0,-1
Train/pigmented benign keratosis/ISIC_0027388.jpg,train,pigmented benign keratosis,755,2.0,4875,86.0,0,-1
Train/pigmented benign keratosis/ISIC_0027392.jpg,train,pigmented benign keratosis,763,2.0,1409,90.0,0,-1
Train/pigmented benign keratosis/ISIC_0027394.jpg,train,pigmented benign keratosis,377,2.0,5171,88.0,0,-1
Train/pigmented benign keratosis/ISIC_0027419.jpg,train,pigmented benign keratosis,0,0.0,3456,82.0,0,-1
Train/pigmented benign keratosis/ISIC_0027428.jpg,train,pigmented benign keratosis,1070,2.0,22005,84.0,0,-1
Train/pigmented benign keratosis/ISIC_0027435.jpg,train,pigmented benign keratosis,779,4.0,5803,82.0,0,-1
Train/pigmented benign keratosis/ISIC_0027437.jpg,train,pigmented benign keratosis,562,2.0,7599,80.0,0,-1
Train/pigmented benign keratosis/ISIC_0027451.jpg,train,pigmented benign keratosis,524,0.0,19864,92.0,0,-1
Train/pigmented benign keratosis/ISIC_0027454.jpg,train,pigmented benign keratosis,371,2.0,32572,86.0,0,-1
Train/pigmented benign keratosis/ISIC_0027455.jpg,train,pigmented benign keratosis,116,2.0,3174,62.0,0,-1
Train/pigmented benign keratosis/ISIC_0027463.jpg,train,pigmented benign keratosis,894,4.0,7411,78.0,0,-1
Train/pigmented benign keratosis/ISIC_0027470.jpg,train,pigmented benign keratosis,605,6.0,16622,74.0,0,-1
Train/pigmented benign keratosis/ISIC_0027504.jpg,train,pigmented benign keratosis,706,0.0,2336,78.0,0,-1
Train/pigmented benign keratosis/ISIC_0027509.jpg,train,pigmented benign keratosis,719,0.0,16602,90.0,0,-1
Train/pigmented benign keratosis/ISIC_0027513.jpg,train,pigmented benign keratosis,273,2.0,26190,82.0,0,-1
Train/pigmented benign keratosis/ISIC_0027527.jpg,train,pigmented benign keratosis,518,0.0,21636,88.0,0,-1
Train/pigmented benign keratosis/ISIC_0027533.jpg,train,pigmented benign keratosis,110,0.0,30834,82.0,0,-1
Train/pigmented benign keratosis/ISIC_0027559.jpg,train,pigmented benign keratosis,896,2.0,10555,88.0,0,-1
Train/pigmented benign keratosis/ISIC_0027584.jpg,train,pigmented benign keratosis,368,2.0,18238,90.0,0,-1
Train/pigmented benign keratosis/ISIC_0027606.jpg,train,pigmented benign keratosis,405,0.0,23601,90.0,0,-1
Train/pigmented benign keratosis/ISIC_0027608.jpg,train,pigmented benign keratosis,815,6.0,6749,90.0,0,-1
Train/pigmented benign keratosis/ISIC_0027612.jpg,train,pigmented benign keratosis,1067,4.0,19157,86.0,0,-1
Train/pigmented benign keratosis/ISIC_0027649.jpg,train,pigmented benign keratosis,343,0.0,3109,84.0,0,-1
Train/pigmented benign keratosis/ISIC_0027652.jpg,train,pigmented benign keratosis,280,0.0,27247,84.0,0,-1
Train/pigmented benign keratosis/ISIC_0027680.jpg,train,pigmented benign keratosis,303,0.0,20265,88.0,0,-1
Train/pigmented benign keratosis/ISIC_0027681.jpg,train,pigmented benign keratosis,659,0.0,11961,84.0,0,-1
Train/pigmented benign keratosis/ISIC_0027706.jpg,train,pigmented benign keratosis,479,6.0,7520,76.0,0,-1
Train/pigmented benign keratosis/ISIC_0027710.jpg,train,pigmented benign keratosis,1051,2.0,20838,88.0,0,-1
Train/pigmented benign keratosis/ISIC_0027713.jpg,train,pigmented benign keratosis,290,2.0,12261,90.0,0,-1
Train/pigmented benign keratosis/ISIC_0027735.jpg,train,pigmented benign keratosis,809,2.0,8645,72.0,0,-1
Train/pigmented benign keratosis/ISIC_0027737.jpg,train,pigmented benign keratosis,801,4.0,16301,72.0,0,-1
Train/pigmented benign keratosis/ISIC_0027739.jpg,train,pigmented benign keratosis,299,0.0,7988,74.0,0,-1
Train/pigmented benign keratosis/ISIC_0027747.jpg,train,pigmented benign keratosis,988,2.0,9106,90.0,0,-1
Train/pigmented benign keratosis/ISIC_0027754.jpg,train,pigmented benign keratosis,462,0.0,9860,88.0,0,-1
Train/pigmented benign keratosis/ISIC_0027760.jpg,train,pigmented benign keratosis,508,2.0,1311,80.0,0,-1
Train/pigmented benign keratosis/ISIC_0027770.jpg,train,pigmented benign keratosis,752,0.0,9847,86.0,0,-1
Train/pigmented benign keratosis/ISIC_0027771.jpg,train,pigmented benign keratosis,384,0.0,19012,82.0,0,-1
Train/pigmented benign keratosis/ISIC_0027780.jpg,train,pigmented benign keratosis,321,0.0,474,86.0,0,-1
Train/pigmented benign keratosis/ISIC_0027781.jpg,train,pigmented benign keratosis,316,0.0,3113,84.0,0,-1
Train/pigmented benign keratosis/ISIC_0027796.jpg,train,pigmented benign keratosis,336,2.0,28495,66.0,0,-1
Train/pigmented benign keratosis/ISIC_0027801.jpg,train,pigmented benign keratosis,481,2.0,15535,84.0,0,-1
Train/pigmented benign keratosis/ISIC_0027806.jpg,train,pigmented benign keratosis,499,0.0,1774,90.0,0,-1
Train/pigmented benign keratosis/ISIC_0027811.jpg,train,pigmented benign keratosis,794,2.0,21509,76.0,0,-1
Train/pigmented benign keratosis/ISIC_0027820.jpg,train,pigmented benign keratosis,882,2.0,16306,82.0,0,-1
Train/pigmented benign keratosis/ISIC_0027826.jpg,train,pigmented benign keratosis,862,4.0,17486,88.0,0,-1
Train/pigmented benign keratosis/ISIC_0027828.jpg,train,pigmented benign keratosis,25,0.0,14717,76.0,0,-1
Train/pigmented benign keratosis/ISIC_0027831.jpg,train,pigmented benign keratosis,884,2.0,32351,80.0,0,-1
Train/pigmented benign keratosis/ISIC_0027850.jpg,train,pigmented benign keratosis,5,0.0,24388,86.0,0,-1
Train/pigmented benign keratosis/ISIC_0027859.jpg,train,pigmented benign keratosis,726,4.0,17220,88.0,0,-1
Train/pigmented benign keratosis/ISIC_0027875.jpg,train,pigmented benign keratosis,1009,2.0,5503,82.0,0,-1
Train/pigmented benign keratosis/ISIC_0027893.jpg,train,pigmented benign keratosis,637,0.0,4562,86.0,0,-1
Train/pigmented benign keratosis/ISIC_0027905.jpg,train,pigmented benign keratosis,873,4.0,14936,62.0,0,-1
Train/pigmented benign keratosis/ISIC_0027916.jpg,train,pigmented benign keratosis,615,0.0,19158,84.0,0,-1
Train/pigmented benign keratosis/ISIC_0027953.jpg,train,pigmented benign keratosis,667,4.0,10549,86.0,0,-1
Train/pigmented benign keratosis/ISIC_0027954.jpg,train,pigmented benign keratosis,1035,2.0,14691,86.0,0,-1
Train/pigmented benign keratosis/ISIC_0027957.jpg,train,pigmented benign keratosis,107,2.0,23470,58.0,0,-1
Train/pigmented benign keratosis/ISIC_0027960.jpg,train,pigmented benign keratosis,56,0.0,7708,94.0,0,-1
Train/pigmented benign keratosis/ISIC_0027967.jpg,train,pigmented benign keratosis,685,2.0,745,94.0,0,-1
Train/pigmented benign keratosis/ISIC_0027969.jpg,train,pigmented benign keratosis,448,2.0,12023,62.0,0,-1
Train/pigmented benign keratosis/ISIC_0027973.jpg,train,pigmented benign keratosis,628,2.0,290,88.0,0,-1
Train/pigmented benign keratosis/ISIC_0027982.jpg,train,pigmented benign keratosis,638,2.0,1026,76.0,0,-1
Train/pigmented benign keratosis/ISIC_0027989.jpg,train,pigmented benign keratosis,278,0.0,2682,84.0,0,-1
Train/pigmented benign keratosis/ISIC_0027990.jpg,train,pigmented benign keratosis,578,0.0,15466,84.0,0,-1
Train/pigmented benign keratosis/ISIC_0027991.jpg,train,pigmented benign keratosis,543,0.0,13170,86.0,0,-1
Train/pigmented benign keratosis/ISIC_0027996.jpg,train,pigmented benign keratosis,412,2.0,23275,84.0,0,-1
Train/pigmented benign keratosis/ISIC_0028020.jpg,train,pigmented benign keratosis,284,4.0,995,90.0,0,-1
Train/pigmented benign keratosis/ISIC_0028043.jpg,train,pigmented benign keratosis,556,2.0,28843,90.0,0,-1
Train/pigmented benign keratosis/ISIC_0028052.jpg,train,pigmented benign keratosis,58,0.0,8972,78.0,0,-1
Train/pigmented benign keratosis/ISIC_0028080.jpg,train,pigmented benign keratosis,98,0.0,2046,76.0,0,-1
Train/pigmented benign keratosis/ISIC_0028094.jpg,train,pigmented benign keratosis,844,0.0,2,76.0,0,-1
Train/pigmented benign keratosis/ISIC_0028100.jpg,train,pigmented benign keratosis,488,2.0,8526,86.0,0,-1
Train/pigmented benign keratosis/ISIC_0028104.jpg,train,pigmented benign keratosis,602,2.0,17715,80.0,0,-1
Train/pigmented benign keratosis/ISIC_0028120.jpg,train,pigmented benign keratosis,312,2.0,10783,84.0,0,-1
Train/pigmented benign keratosis/ISIC_0028121.jpg,train,pigmented benign keratosis,737,2.0,16683,86.0,0,-1
Train/pigmented benign keratosis/ISIC_0028123.jpg,train,pigmented benign keratosis,892,0.0,10876,82.0,0,-1
Train/pigmented benign keratosis/ISIC_0028124.jpg,train,pigmented benign keratosis,743,0.0,30608,74.0,0,-1
Train/pigmented benign keratosis/ISIC_0028165.jpg,train,pigmented benign keratosis,748,4.0,29663,86.0,0,-1
Train/pigmented benign keratosis/ISIC_0028180.jpg,train,pigmented benign keratosis,780,4.0,19377,80.0,0,-1
Train/pigmented benign keratosis/ISIC_0028200.jpg,train,pigmented benign keratosis,393,2.0,903,82.0,0,-1
Train/pigmented benign keratosis/ISIC_0028201.jpg,train,pigmented benign keratosis,563,0.0,7918,84.0,0,-1
Train/pigmented benign keratosis/ISIC_0028209.jpg,train,pigmented benign keratosis,889,4.0,23753,80.0,0,-1
Train/pigmented benign keratosis/ISIC_0028223.jpg,train,pigmented benign keratosis,564,0.0,19247,80.0,0,-1
Train/pigmented benign keratosis/ISIC_0028229.jpg,train,pigmented benign keratosis,690,0.0,21289,80.0,0,-1
Train/pigmented benign keratosis/ISIC_0028233.jpg,train,pigmented benign keratosis,346,0.0,15381,90.0,0,-1
Train/pigmented benign keratosis/ISIC_0028236.jpg,train,pigmented benign keratosis,731,4.0,31146,90.0,0,-1
Train/pigmented benign keratosis/ISIC_0028237.jpg,train,pigmented benign keratosis,576,0.0,22691,82.0,0,-1
Train/pigmented benign keratosis/ISIC_0028254.jpg,train,pigmented benign keratosis,430,2.0,11479,90.0,0,-1
Train/pigmented benign keratosis/ISIC_0028258.jpg,train,pigmented benign keratosis,879,4.0,14491,82.0,0,-1
Train/pigmented benign keratosis/ISIC_0028264.jpg,train,pigmented benign keratosis,854,2.0,5120,84.0,0,-1
Train/pigmented benign keratosis/ISIC_0028294.jpg,train,pigmented benign keratosis,787,0.0,21110,74.0,0,-1
Train/pigmented benign keratosis/ISIC_0028308.jpg,train,pigmented benign keratosis,331,2.0,26105,76.0,0,-1
Train/pigmented benign keratosis/ISIC_0028309.jpg,train,pigmented benign keratosis,872,2.0,23618,84.0,0,-1
Train/pigmented benign keratosis/ISIC_0028331.jpg,train,pigmented benign keratosis,1042,0.0,6608,92.0,0,-1
Train/pigmented benign keratosis/ISIC_0028336.jpg,train,pigmented benign keratosis,319,0.0,17724,90.0,0,-1
Train/pigmented benign keratosis/ISIC_0028343.jpg,train,pigmented benign keratosis,733,2.0,1898,88.0,0,-1
Train/pigmented benign keratosis/ISIC_0028347.jpg,train,pigmented benign keratosis,906,2.0,14065,80.0,0,-1
Train/pigmented benign keratosis/ISIC_0028354.jpg,train,pigmented benign keratosis,333,2.0,2269,90.0,0,-1
Train/pigmented benign keratosis/ISIC_0028376.jpg,train,pigmented benign keratosis,704,0.0,29360,84.0,0,-1
Train/pigmented benign keratosis/ISIC_0028386.jpg,train,pigmented benign keratosis,1045,6.0,31019,78.0,0,-1
Train/pigmented benign keratosis/ISIC_0028388.jpg,train,pigmented benign keratosis,497,0.0,21591,90.0,0,-1
Train/pigmented benign keratosis/ISIC_0028389.jpg,train,pigmented benign keratosis,548,0.0,18863,76.0,0,-1
Train/pigmented benign keratosis/ISIC_0028404.jpg,train,pigmented benign keratosis,694,2.0,23755,88.0,0,-1
Train/pigmented benign keratosis/ISIC_0028411.jpg,train,pigmented benign keratosis,918,4.0,5394,86.0,0,-1
Train/pigmented benign keratosis/ISIC_0028414.jpg,train,pigmented benign keratosis,720,0.0,1849,90.0,0,-1
Train/pigmented benign keratosis/ISIC_0028448.jpg,train,pigmented benign keratosis,1022,2.0,12440,82.0,0,-1
Train/pigmented benign keratosis/ISIC_0028449.jpg,train,pigmented benign keratosis,891,2.0,17457,86.0,0,-1
Train/pigmented benign keratosis/ISIC_0028451.jpg,train,pigmented benign keratosis,727,0.0,21392,78.0,0,-1
Train/pigmented benign keratosis/ISIC_0028473.jpg,train,pigmented benign keratosis,440,2.0,29217,78.0,0,-1
Train/pigmented benign keratosis/ISIC_0028479.jpg,train,pigmented benign keratosis,887,2.0,23581,82.0,0,-1
Train/pigmented benign keratosis/ISIC_0028490.jpg,train,pigmented benign keratosis,828,0.0,20735,70.0,0,-1
Train/pigmented benign keratosis/ISIC_0028496.jpg,train,pigmented benign keratosis,370,0.0,2614,90.0,0,-1
Train/pigmented benign keratosis/ISIC_0028497.jpg,train,pigmented benign keratosis,1016,0.0,1368,86.0,0,-1
Train/pigmented benign keratosis/ISIC_0028503.jpg,train,pigmented benign keratosis,1023,0.0,6868,84.0,0,-1
Train/pigmented benign keratosis/ISIC_0028511.jpg,train,pigmented benign keratosis,438,0.0,11245,82.0,0,-1
Train/pigmented benign keratosis/ISIC_0028525.jpg,train,pigmented benign keratosis,1034,4.0,20038,82.0,0,-1
Train/pigmented benign keratosis/ISIC_0028550.jpg,train,pigmented benign keratosis,567,4.0,2709,86.0,0,-1
Train/pigmented benign keratosis/ISIC_0028555.jpg,train,pigmented benign keratosis,427,2.0,13991,88.0,0,-1
Train/pigmented benign keratosis/ISIC_0028560.jpg,train,pigmented benign keratosis,39,4.0,31029,68.0,0,-1
Train/pigmented benign keratosis/ISIC_0028587.jpg,train,pigmented benign keratosis,1012,4.0,5238,84.0,0,-1
Train/pigmented benign keratosis/ISIC_0028593.jpg,train,pigmented benign keratosis,644,2.0,19005,90.0,0,-1
Train/pigmented benign keratosis/ISIC_0028607.jpg,train,pigmented benign keratosis,112,2.0,25190,70.0,0,-1
Train/pigmented benign keratosis/ISIC_0028611.jpg,train,pigmented benign keratosis,715,4.0,15739,84.0,0,-1
Train/pigmented benign keratosis/ISIC_0028615.jpg,train,pigmented benign keratosis,822,4.0,29349,78.0,0,-1
Train/pigmented benign keratosis/ISIC_0028622.jpg,train,pigmented benign keratosis,785,0.0,30861,76.0,0,-1
Train/pigmented benign keratosis/ISIC_0028623.jpg,train,pigmented benign keratosis,837,4.0,5691,84.0,0,-1
Train/pigmented benign keratosis/ISIC_0028628.jpg,train,pigmented benign keratosis,718,2.0,20582,86.0,0,-1
Train/pigmented benign keratosis/ISIC_0028640.jpg,train,pigmented benign keratosis,557,0.0,30473,90.0,0,-1
Train/pigmented benign keratosis/ISIC_0028646.jpg,train,pigmented benign keratosis,119,4.0,21266,72.0,0,-1
Train/pigmented benign keratosis/ISIC_0028650.jpg,train,pigmented benign keratosis,627,2.0,30608,80.0,0,-1
Train/pigmented benign keratosis/ISIC_0028656.jpg,train,pigmented benign keratosis,624,2.0,19739,86.0,0,-1
Train/pigmented benign keratosis/ISIC_0028662.jpg,train,pigmented benign keratosis,788,0.0,11045,86.0,0,-1
Train/seborrheic keratosis/ISIC_0010810.jpg,train,seborrheic keratosis,4154,68.0,11660,74.0,-1,-1
Train/seborrheic keratosis/ISIC_0010812.jpg,train,seborrheic keratosis,2015,94.0,19681,94.0,-1,-1
Train/seborrheic keratosis/ISIC_0010834.jpg,train,seborrheic keratosis,9052,80.0,2555,78.0,-1,-1
Train/seborrheic keratosis/ISIC_0010852.jpg,train,seborrheic keratosis,7223,58.0,17815,58.0,-1,-1
Train/seborrheic keratosis/ISIC_0010860.jpg,train,seborrheic keratosis,8062,78.0,15662,80.0,-1,-1
Train/seborrheic keratosis/ISIC_0010862.jpg,train,seborrheic keratosis,8018,60.0,26183,56.0,-1,-1
Train/seborrheic keratosis/ISIC_0010863.jpg,train,seborrheic keratosis,2373,84.0,8169,92.0,-1,-1
Train/seborrheic keratosis/ISIC_0010866.jpg,train,seborrheic keratosis,9986,90.0,15334,92.0,-1,-1
Train/seborrheic keratosis/ISIC_0010872.jpg,train,seborrheic keratosis,2224,92.0,27353,88.0,-1,-1
Train/seborrheic keratosis/ISIC_0010876.jpg,train,seborrheic keratosis,3968,88.0,7762,86.0,-1,-1
Train/seborrheic keratosis/ISIC_0010878.jpg,train,seborrheic keratosis,667,88.0,23211,84.0,-1,-1
Train/seborrheic keratosis/ISIC_0010883.jpg,train,seborrheic keratosis,3746,78.0,22696,70.0,-1,-1
Train/seborrheic keratosis/ISIC_0010890.jpg,train,seborrheic keratosis,5776,90.0,15913,86.0,-1,-1
Train/seborrheic keratosis/ISIC_0010898.jpg,train,seborrheic keratosis,1256,86.0,4358,80.0,-1,-1
Train/seborrheic keratosis/ISIC_0010900.jpg,train,seborrheic keratosis,3553,88.0,10878,84.0,-1,-1
Train/seborrheic keratosis/ISIC_0010909.jpg,train,seborrheic keratosis,7886,94.0,7998,90.0,-1,-1
Train/seborrheic keratosis/ISIC_0010912.jpg,train,seborrheic keratosis,6858,88.0,22190,84.0,-1,-1
Train/seborrheic keratosis/ISIC_0010917.jpg,train,seborrheic keratosis,119,92.0,25437,88.0,-1,-1
Train/seborrheic keratosis/ISIC_0010923.jpg,train,seborrheic keratosis,2507,80.0,477,74.0,-1,-1
Train/seborrheic keratosis/ISIC_0010925.jpg,train,seborrheic keratosis,1379,86.0,6676,86.0,-1,-1
Train/seborrheic keratosis/ISIC_0010934.jpg,train,seborrheic keratosis,1823,90.0,20594,84.0,-1,-1
Train/seborrheic keratosis/ISIC_0010938.jpg,train,seborrheic keratosis,988,88.0,9046,88.0,-1,-1
Train/seborrheic keratosis/ISIC_0010942.jpg,train,seborrheic keratosis,733,94.0,2649,90.0,-1,-1
Train/seborrheic keratosis/ISIC_0010965.jpg,train,seborrheic keratosis,2194,88.0,13706,84.0,-1,-1
Train/seborrheic keratosis/ISIC_0010971.jpg,train,seborrheic keratosis,969,90.0,6489,90.0,-1,-1
Train/seborrheic keratosis/ISIC_0010977.jpg,train,seborrheic keratosis,8594,80.0,8876,72.0,-1,-1
Train/seborrheic keratosis/ISIC_0010978.jpg,train,seborrheic keratosis,7920,78.0,13051,66.0,-1,-1
Train/seborrheic keratosis/ISIC_0010979.jpg,train,seborrheic keratosis,476,92.0,29120,86.0,-1,-1
Train/seborrheic keratosis/ISIC_0010982.jpg,train,seborrheic keratosis,4683,90.0,7499,90.0,-1,-1
Train/seborrheic keratosis/ISIC_0010990.jpg,train,seborrheic keratosis,3379,86.0,995,86.0,-1,-1
Train/seborrheic keratosis/ISIC_0010993.jpg,train,seborrheic keratosis,1130,86.0,5139,84.0,-1,-1
Train/seborrheic keratosis/ISIC_0010995.jpg,train,seborrheic keratosis,7134,72.0,4048,76.0,-1,-1
Train/seborrheic keratosis/ISIC_0011007.jpg,train,seborrheic keratosis,4173,92.0,16412,88.0,-1,-1
Train/seborrheic keratosis/ISIC_0011012.jpg,train,seborrheic keratosis,8909,66.0,14537,66.0,-1,-1
Train/seborrheic keratosis/ISIC_0011013.jpg,train,seborrheic keratosis,122,92.0,31946,92.0,-1,-1
Train/seborrheic keratosis/ISIC_0011030.jpg,train,seborrheic keratosis,7725,60.0,4210,72.0,-1,-1
Train/seborrheic keratosis/ISIC_0011031.jpg,train,seborrheic keratosis,584,90.0,29399,88.0,-1,-1
Train/seborrheic keratosis/ISIC_0011032.jpg,train,seborrheic keratosis,1103,88.0,8108,90.0,-1,-1
Train/seborrheic keratosis/ISIC_0011039.jpg,train,seborrheic keratosis,2511,88.0,399,80.0,-1,-1
Train/seborrheic keratosis/ISIC_0011040.jpg,train,seborrheic keratosis,9165,72.0,21609,64.0,-1,-1
Train/seborrheic keratosis/ISIC_0011042.jpg,train,seborrheic keratosis,1170,84.0,7703,72.0,-1,-1
Train/seborrheic keratosis/ISIC_0011043.jpg,train,seborrheic keratosis,341,94.0,10874,88.0,-1,-1
Train/seborrheic keratosis/ISIC_0011045.jpg,train,seborrheic keratosis,7546,82.0,23576,80.0,-1,-1
Train/seborrheic keratosis/ISIC_0011052.jpg,train,seborrheic keratosis,6260,92.0,11732,84.0,-1,-1
Train/seborrheic keratosis/ISIC_0011056.jpg,train,seborrheic keratosis,3770,92.0,26640,92.0,-1,-1
Train/seborrheic keratosis/ISIC_0011057.jpg,train,seborrheic keratosis,9091,66.0,7479,60.0,-1,-1
Train/seborrheic keratosis/ISIC_0011077.jpg,train,seborrheic keratosis,5221,92.0,28940,86.0,-1,-1
Train/seborrheic keratosis/ISIC_0011094.jpg,train,seborrheic keratosis,9038,90.0,14545,82.0,-1,-1
Train/seborrheic keratosis/ISIC_0011095.jpg,train,seborrheic keratosis,3125,80.0,6829,76.0,-1,-1
Train/seborrheic keratosis/ISIC_0011099.jpg,train,seborrheic keratosis,7163,78.0,4329,78.0,-1,-1
Train/seborrheic keratosis/ISIC_0011112.jpg,train,seborrheic keratosis,1943,88.0,31576,90.0,-1,-1
Train/seborrheic keratosis/ISIC_0011118.jpg,train,seborrheic keratosis,6841,82.0,26325,78.0,-1,-1
Train/seborrheic keratosis/ISIC_0011121.jpg,train,seborrheic keratosis,6374,92.0,11506,90.0,-1,-1
Train/seborrheic keratosis/ISIC_0011125.jpg,train,seborrheic keratosis,5226,86.0,17574,86.0,-1,-1
Train/seborrheic keratosis/ISIC_0011126.jpg,train,seborrheic keratosis,6002,84.0,9778,86.0,-1,-1
Train/seborrheic keratosis/ISIC_0011128.jpg,train,seborrheic keratosis,4831,90.0,6309,86.0,-1,-1
Train/seborrheic keratosis/ISIC_0011130.jpg,train,seborrheic keratosis,6799,86.0,10847,80.0,-1,-1
Train/seborrheic keratosis/ISIC_0011132.jpg,train,seborrheic keratosis,6721,70.0,8684,78.0,-1,-1
Train/seborrheic keratosis/ISIC_0011135.jpg,train,seborrheic keratosis,4219,86.0,25487,76.0,-1,-1
Train/seborrheic keratosis/ISIC_0011136.jpg,train,seborrheic keratosis,6842,86.0,2782,84.0,-1,-1
Train/seborrheic keratosis/ISIC_0011137.jpg,train,seborrheic keratosis,8870,82.0,18060,84.0,-1,-1
Train/seborrheic keratosis/ISIC_0011138.jpg,train,seborrheic keratosis,2766,86.0,8916,82.0,-1,-1
Train/seborrheic keratosis/ISIC_0011139.jpg,train,seborrheic keratosis,2174,90.0,25781,86.0,-1,-1
Train/seborrheic keratosis/ISIC_0011140.jpg,train,seborrheic keratosis,4260,78.0,17205,70.0,-1,-1
Train/seborrheic keratosis/ISIC_0011151.jpg,train,seborrheic keratosis,4253,94.0,7688,88.0,-1,-1
Train/seborrheic keratosis/ISIC_0011158.jpg,train,seborrheic keratosis,8510,88.0,22027,86.0,-1,-1
Train/seborrheic keratosis/ISIC_0011161.jpg,train,seborrheic keratosis,7947,86.0,736,80.0,-1,-1
Train/seborrheic keratosis/ISIC_0011163.jpg,train,seborrheic keratosis,5599,68.0,2070,78.0,-1,-1
Train/seborrheic keratosis/ISIC_0011166.jpg,train,seborrheic keratosis,2333,84.0,524,82.0,-1,-1
Train/seborrheic keratosis/ISIC_0011169.jpg,train,seborrheic keratosis,8912,78.0,3151,78.0,-1,-1
Train/seborrheic keratosis/ISIC_0011174.jpg,train,seborrheic keratosis,95,88.0,22661,90.0,-1,-1
Train/seborrheic keratosis/ISIC_0011176.jpg,train,seborrheic keratosis,2401,78.0,29460,82.0,-1,-1
Train/seborrheic keratosis/ISIC_0011178.jpg,train,seborrheic keratosis,7791,92.0,1519,88.0,-1,-1
Train/seborrheic keratosis/ISIC_0011181.jpg,train,seborrheic keratosis,2603,94.0,6737,90.0,-1,-1
Train/seborrheic keratosis/ISIC_0011185.jpg,train,seborrheic keratosis,8377,92.0,11931,90.0,-1,-1
Train/seborrheic keratosis/ISIC_0011187.jpg,train,seborrheic keratosis,971,92.0,23878,88.0,-1,-1
Train/seborrheic keratosis/ISIC_0011193.jpg,train,seborrheic keratosis,6927,78.0,7642,70.0,-1,-1
Train/squamous cell carcinoma/ISIC_0024710.jpg,train,squamous cell carcinoma,9790,2.0,1697,86.0,0,-1
Train/squamous cell carcinoma/ISIC_0024843.jpg,train,squamous cell carcinoma,9725,2.0,9355,88.0,0,-1
Train/squamous cell carcinoma/ISIC_0024923.jpg,train,squamous cell carcinoma,9906,0.0,27519,86.0,0,-1
Train/squamous cell carcinoma/ISIC_0024925.jpg,train,squamous cell carcinoma,9932,2.0,19597,80.0,0,-1
Train/squamous cell carcinoma/ISIC_0024946.jpg,train,squamous cell carcinoma,9814,2.0,16207,84.0,0,-1
Train/squamous cell carcinoma/ISIC_0025029.jpg,train,squamous cell carcinoma,9902,0.0,1915,88.0,0,-1
Train/squamous cell carcinoma/ISIC_0025069.jpg,train,squamous cell carcinoma,9730,0.0,16214,82.0,0,-1
Train/squamous cell carcinoma/ISIC_0025089.jpg,train,squamous cell carcinoma,9807,0.0,27259,88.0,0,-1
Train/squamous cell carcinoma/ISIC_0025130.jpg,train,squamous cell carcinoma,9733,0.0,13559,90.0,0,-1
Train/squamous cell carcinoma/ISIC_0025178.jpg,train,squamous cell carcinoma,9694,0.0,30940,82.0,0,-1
Train/squamous cell carcinoma/ISIC_0025182.jpg,train,squamous cell carcinoma,9824,0.0,9120,86.0,0,-1
Train/squamous cell carcinoma/ISIC_0025196.jpg,train,squamous cell carcinoma,9819,0.0,2460,84.0,0,-1
Train/squamous cell carcinoma/ISIC_0025247.jpg,train,squamous cell carcinoma,9888,0.0,10673,90.0,0,-1
Train/squamous cell carcinoma/ISIC_0025264.jpg,train,squamous cell carcinoma,9944,0.0,13821,86.0,0,-1
Train/squamous cell carcinoma/ISIC_0025331.jpg,train,squamous cell carcinoma,9742,2.0,29835,84.0,0,-1
Train/squamous cell carcinoma/ISIC_0025350.jpg,train,squamous cell carcinoma,9862,0.0,30516,86.0,0,-1
Train/squamous cell carcinoma/ISIC_0025358.jpg,train,squamous cell carcinoma,9769,0.0,13768,86.0,0,-1
Train/squamous cell carcinoma/ISIC_0025411.jpg,train,squamous cell carcinoma,9732,2.0,1204,84.0,0,-1
Train/squamous cell carcinoma/ISIC_0025471.jpg,train,squamous cell carcinoma,9926,4.0,29308,84.0,0,-1
Train/squamous cell carcinoma/ISIC_0025539.jpg,train,squamous cell carcinoma,9739,0.0,29904,76.0,0,-1
Train/squamous cell carcinoma/ISIC_0025577.jpg,train,squamous cell carcinoma,9898,0.0,17758,82.0,0,-1
Train/squamous cell carcinoma/ISIC_0025637.jpg,train,squamous cell carcinoma,9831,0.0,16065,82.0,0,-1
Train/squamous cell carcinoma/ISIC_0025696.jpg,train,squamous cell carcinoma,9744,2.0,19454,90.0,0,-1
Train/squamous cell carcinoma/ISIC_0025712.jpg,train,squamous cell carcinoma,9768,4.0,11373,84.0,0,-1
Train/squamous cell carcinoma/ISIC_0025790.jpg,train,squamous cell carcinoma,9905,2.0,15172,82.0,0,-1
Train/squamous cell carcinoma/ISIC_0025808.jpg,train,squamous cell carcinoma,9787,2.0,5330,88.0,0,-1
Train/squamous cell carcinoma/ISIC_0025811.jpg,train,squamous cell carcinoma,9835,2.0,31053,86.0,0,-1
Train/squamous cell carcinoma/ISIC_0025831.jpg,train,squamous cell carcinoma,9722,6.0,7109,90.0,0,-1
Train/squamous cell carcinoma/ISIC_0025948.jpg,train,squamous cell carcinoma,9708,0.0,12939,88.0,0,-1
Train/squamous cell carcinoma/ISIC_0026083.jpg,train,squamous cell carcinoma,9822,0.0,1976,86.0,0,-1
Train/squamous cell carcinoma/ISIC_0026100.jpg,train,squamous cell carcinoma,9850,2.0,3031,80.0,0,-1
Train/squamous cell carcinoma/ISIC_0026132.jpg,train,squamous cell carcinoma,9904,2.0,30799,88.0,0,-1
Train/squamous cell carcinoma/ISIC_0026138.jpg,train,squamous cell carcinoma,9811,2.0,12377,88.0,0,-1
Train/squamous cell carcinoma/ISIC_0026152.jpg,train,squamous cell carcinoma,9690,0.0,4238,92.0,0,-1
Train/squamous cell carcinoma/ISIC_0026178.jpg,train,squamous cell carcinoma,9890,2.0,15516,90.0,0,-1
Train/squamous cell carcinoma/ISIC_0026203.jpg,train,squamous cell carcinoma,9834,2.0,21227,48.0,0,-1
Train/squamous cell carcinoma/ISIC_0026206.jpg,train,squamous cell carcinoma,9883,0.0,8413,80.0,0,-1
Train/squamous cell carcinoma/ISIC_0026319.jpg,train,squamous cell carcinoma,9884,0.0,2482,88.0,0,-1
Train/squamous cell carcinoma/ISIC_0026327.jpg,train,squamous cell carcinoma,9749,0.0,13158,84.0,0,-1
Train/squamous cell carcinoma/ISIC_0026362.jpg,train,squamous cell carcinoma,9712,2.0,4467,88.0,0,-1
Train/squamous cell carcinoma/ISIC_0026388.jpg,train,squamous cell carcinoma,9903,2.0,958,86.0,0,-1
Train/squamous cell carcinoma/ISIC_0026411.jpg,train,squamous cell carcinoma,9718,2.0,8553,86.0,0,-1
Train/squamous cell carcinoma/ISIC_0026466.jpg,train,squamous cell carcinoma,9799,0.0,10228,84.0,0,-1
Train/squamous cell carcinoma/ISIC_0026492.jpg,train,squamous cell carcinoma,9798,2.0,18519,88.0,0,-1
Train/squamous cell carcinoma/ISIC_0026522.jpg,train,squamous cell carcinoma,9795,2.0,24145,90.0,0,-1
Train/squamous cell carcinoma/ISIC_0026549.jpg,train,squamous cell carcinoma,9848,0.0,20965,86.0,0,-1
Train/squamous cell carcinoma/ISIC_0026645.jpg,train,squamous cell carcinoma,9789,2.0,16838,82.0,0,-1
Train/squamous cell carcinoma/ISIC_0026720.jpg,train,squamous cell carcinoma,9867,0.0,10941,84.0,0,-1
Train/squamous cell carcinoma/ISIC_0026872.jpg,train,squamous cell carcinoma,9706,4.0,29020,92.0,0,-1
Train/squamous cell carcinoma/ISIC_0026927.jpg,train,squamous cell carcinoma,9738,4.0,18340,80.0,0,-1
Train/squamous cell carcinoma/ISIC_0026981.jpg,train,squamous cell carcinoma,9911,0.0,21192,82.0,0,-1
Train/squamous cell carcinoma/ISIC_0026992.jpg,train,squamous cell carcinoma,9778,2.0,23155,94.0,0,-1
Train/squamous cell carcinoma/ISIC_0027047.jpg,train,squamous cell carcinoma,9844,0.0,3589,88.0,0,-1
Train/squamous cell carcinoma/ISIC_0027084.jpg,train,squamous cell carcinoma,9714,2.0,2075,78.0,0,-1
Train/squamous cell carcinoma/ISIC_0027178.jpg,train,squamous cell carcinoma,9808,2.0,362,80.0,0,-1
Train/squamous cell carcinoma/ISIC_0027184.jpg,train,squamous cell carcinoma,9892,2.0,15175,90.0,0,-1
Train/squamous cell carcinoma/ISIC_0027231.jpg,train,squamous cell carcinoma,9723,0.0,544,84.0,0,-1
Train/squamous cell carcinoma/ISIC_0027294.jpg,train,squamous cell carcinoma,9953,0.0,7950,78.0,0,-1
Train/squamous cell carcinoma/ISIC_0027303.jpg,train,squamous cell carcinoma,9788,0.0,27578,86.0,0,-1
Train/squamous cell carcinoma/ISIC_0027343.jpg,train,squamous cell carcinoma,9828,0.0,17908,48.0,0,-1
Train/squamous cell carcinoma/ISIC_0027506.jpg,train,squamous cell carcinoma,9764,4.0,6693,92.0,0,-1
Train/squamous cell carcinoma/ISIC_0027529.jpg,train,squamous cell carcinoma,9858,2.0,14443,92.0,0,-1
Train/squamous cell carcinoma/ISIC_0027550.jpg,train,squamous cell carcinoma,9940,0.0,21489,80.0,0,-1
Train/squamous cell carcinoma/ISIC_0027577.jpg,train,squamous cell carcinoma,9743,0.0,31315,88.0,0,-1
Train/squamous cell carcinoma/ISIC_0027678.jpg,train,squamous cell carcinoma,9750,2.0,7520,88.0,0,-1
Train/squamous cell carcinoma/ISIC_0027700.jpg,train,squamous cell carcinoma,9731,2.0,31844,84.0,0,-1
Train/squamous cell carcinoma/ISIC_0027708.jpg,train,squamous cell carcinoma,9753,0.0,23066,82.0,0,-1
Train/squamous cell carcinoma/ISIC_0027719.jpg,train,squamous cell carcinoma,9724,2.0,27985,90.0,0,-1
Train/squamous cell carcinoma/ISIC_0027753.jpg,train,squamous cell carcinoma,9797,2.0,29409,88.0,0,-1
Train/squamous cell carcinoma/ISIC_0027767.jpg,train,squamous cell carcinoma,9952,0.0,10224,84.0,0,-1
Train/squamous cell carcinoma/ISIC_0027795.jpg,train,squamous cell carcinoma,9702,2.0,27730,92.0,0,-1
Train/squamous cell carcinoma/ISIC_0027930.jpg,train,squamous cell carcinoma,9929,2.0,9456,86.0,0,-1
Train/squamous cell carcinoma/ISIC_0028132.jpg,train,squamous cell carcinoma,9754,0.0,24719,82.0,0,-1
Train/squamous cell carcinoma/ISIC_0028158.jpg,train,squamous cell carcinoma,9716,2.0,22293,66.0,0,-1
Train/squamous cell carcinoma/ISIC_0028224.jpg,train,squamous cell carcinoma,9881,2.0,3301,88.0,0,-1
Train/squamous cell carcinoma/ISIC_0028231.jpg,train,squamous cell carcinoma,9717,2.0,23832,84.0,0,-1
Train/squamous cell carcinoma/ISIC_0028232.jpg,train,squamous cell carcinoma,9736,0.0,24835,86.0,0,-1
Train/squamous cell carcinoma/ISIC_0028335.jpg,train,squamous cell carcinoma,9908,2.0,7717,84.0,0,-1
Train/squamous cell carcinoma/ISIC_0028372.jpg,train,squamous cell carcinoma,9763,2.0,11836,88.0,0,-1
Train/squamous cell carcinoma/ISIC_0028381.jpg,train,squamous cell carcinoma,9726,0.0,14000,92.0,0,-1
Train/squamous cell carcinoma/ISIC_0028499.jpg,train,squamous cell carcinoma,9894,2.0,8904,82.0,0,-1
Train/squamous cell carcinoma/ISIC_0028644.jpg,train,squamous cell carcinoma,9830,2.0,714,88.0,0,-1
Train/squamous cell carcinoma/ISIC_0028659.jpg,train,squamous cell carcinoma,9825,0.0,31496,86.0,0,-1
Train/squamous cell carcinoma/ISIC_0028730.jpg,train,squamous cell carcinoma,9695,2.0,28484,78.0,0,-1
Train/squamous cell carcinoma/ISIC_0028763.jpg,train,squamous cell carcinoma,9950,6.0,5691,82.0,0,-1
Train/squamous cell carcinoma/ISIC_0028795.jpg,train,squamous cell carcinoma,9860,2.0,15235,90.0,0,-1
Train/squamous cell carcinoma/ISIC_0028816.jpg,train,squamous cell carcinoma,9735,2.0,4243,86.0,0,-1
Train/squamous cell carcinoma/ISIC_0028872.jpg,train,squamous cell carcinoma,9817,2.0,28253,84.0,0,-1
Train/squamous cell carcinoma/ISIC_0029002.jpg,train,squamous cell carcinoma,9877,0.0,10070,68.0,0,-1
Train/squamous cell carcinoma/ISIC_0029043.jpg,train,squamous cell carcinoma,9889,2.0,6940,84.0,0,-1
Train/squamous cell carcinoma/ISIC_0029059.jpg,train,squamous cell carcinoma,9823,2.0,22270,84.0,0,-1
Train/squamous cell carcinoma/ISIC_0029067.jpg,train,squamous cell carcinoma,9737,0.0,12005,86.0,0,-1
Train/squamous cell carcinoma/ISIC_0029268.jpg,train,squamous cell carcinoma,9875,2.0,3976,82.0,0,-1
Train/squamous cell carcinoma/ISIC_0029279.jpg,train,squamous cell carcinoma,9856,0.0,16713,88.0,0,-1
Train/squamous cell carcinoma/ISIC_0029315.jpg,train,squamous cell carcinoma,9791,2.0,27057,74.0,0,-1
Train/squamous cell carcinoma/ISIC_0029362.jpg,train,squamous cell carcinoma,9752,2.0,10561,82.0,0,-1
Train/squamous cell carcinoma/ISIC_0029371.jpg,train,squamous cell carcinoma,9812,2.0,23930,84.0,0,-1
Train/squamous cell carcinoma/ISIC_0029462.jpg,train,squamous cell carcinoma,9893,0.0,16309,90.0,0,-1
Train/squamous cell carcinoma/ISIC_0029533.jpg,train,squamous cell carcinoma,9775,0.0,17538,84.0,0,-1
Train/squamous cell carcinoma/ISIC_0029541.jpg,train,squamous cell carcinoma,9756,0.0,21154,86.0,0,-1
Train/squamous cell carcinoma/ISIC_0029549.jpg,train,squamous cell carcinoma,9915,2.0,1009,94.0,0,-1
Train/squamous cell carcinoma/ISIC_0029563.jpg,train,squamous cell carcinoma,9779,2.0,23400,76.0,0,-1
Train/squamous cell carcinoma/ISIC_0029567.jpg,train,squamous cell carcinoma,9851,0.0,3398,86.0,0,-1
Train/squamous cell carcinoma/ISIC_0029573.jpg,train,squamous cell carcinoma,9861,2.0,29942,88.0,0,-1
Train/squamous cell carcinoma/ISIC_0029582.jpg,train,squamous cell carcinoma,9761,0.0,5355,80.0,0,-1
Train/squamous cell carcinoma/ISIC_0029598.jpg,train,squamous cell carcinoma,9876,2.0,15120,66.0,0,-1
Train/squamous cell carcinoma/ISIC_0029610.jpg,train,squamous cell carcinoma,9840,2.0,16650,78.0,0,-1
Train/squamous cell carcinoma/ISIC_0029634.jpg,train,squamous cell carcinoma,9719,2.0,7018,90.0,0,-1
Train/squamous cell carcinoma/ISIC_0029638.jpg,train,squamous cell carcinoma,9901,0.0,18088,84.0,0,-1
Train/squamous cell carcinoma/ISIC_0029715.jpg,train,squamous cell carcinoma,9781,0.0,28307,80.0,0,-1
Train/squamous cell carcinoma/ISIC_0029811.jpg,train,squamous cell carcinoma,9792,2.0,22830,94.0,0,-1
Train/squamous cell carcinoma/ISIC_0029851.jpg,train,squamous cell carcinoma,9855,2.0,30229,90.0,0,-1
Train/squamous cell carcinoma/ISIC_0029860.jpg,train,squamous cell carcinoma,9782,0.0,32671,86.0,0,-1
Train/squamous cell carcinoma/ISIC_0029932.jpg,train,squamous cell carcinoma,9800,0.0,26684,82.0,0,-1
Train/squamous cell carcinoma/ISIC_0030076.jpg,train,squamous cell carcinoma,9734,0.0,12005,84.0,0,-1
Train/squamous cell carcinoma/ISIC_0030158.jpg,train,squamous cell carcinoma,9913,0.0,15805,92.0,0,-1
Train/squamous cell carcinoma/ISIC_0030175.jpg,train,squamous cell carcinoma,9802,0.0,10655,90.0,0,-1
Train/squamous cell carcinoma/ISIC_0030191.jpg,train,squamous cell carcinoma,9740,0.0,93,86.0,0,-1
Train/squamous cell carcinoma/ISIC_0030245.jpg,train,squamous cell carcinoma,9866,0.0,9586,82.0,0,-1
Train/squamous cell carcinoma/ISIC_0030280.jpg,train,squamous cell carcinoma,9863,0.0,12847,80.0,0,-1
Train/squamous cell carcinoma/ISIC_0030297.jpg,train,squamous cell carcinoma,9713,2.0,21566,84.0,0,-1
Train/squamous cell carcinoma/ISIC_0030341.jpg,train,squamous cell carcinoma,9784,0.0,5152,86.0,0,-1
Train/squamous cell carcinoma/ISIC_0030375.jpg,train,squamous cell carcinoma,9801,0.0,22243,86.0,0,-1
Train/squamous cell carcinoma/ISIC_0030387.jpg,train,squamous cell carcinoma,9853,6.0,16282,82.0,0,-1
Train/squamous cell carcinoma/ISIC_0030487.jpg,train,squamous cell carcinoma,9868,2.0,1970,92.0,0,-1
Train/squamous cell carcinoma/ISIC_0030549.jpg,train,squamous cell carcinoma,9887,0.0,11134,82.0,0,-1
Train/squamous cell carcinoma/ISIC_0030591.jpg,train,squamous cell carcinoma,9899,4.0,28950,88.0,0,-1
Train/squamous cell carcinoma/ISIC_0030602.jpg,train,squamous cell carcinoma,9727,2.0,20386,82.0,0,-1
Train/squamous cell carcinoma/ISIC_0030707.jpg,train,squamous cell carcinoma,9815,0.0,10628,88.0,0,-1
Train/squamous cell carcinoma/ISIC_0030714.jpg,train,squamous cell carcinoma,9715,0.0,4016,90.0,0,-1
Train/squamous cell carcinoma/ISIC_0030785.jpg,train,squamous cell carcinoma,9842,2.0,1875,92.0,0,-1
Train/squamous cell carcinoma/ISIC_0030794.jpg,train,squamous cell carcinoma,9746,2.0,3866,92.0,0,-1
Train/squamous cell carcinoma/ISIC_0030803.jpg,train,squamous cell carcinoma,9721,0.0,23263,88.0,0,-1
Train/squamous cell carcinoma/ISIC_0030821.jpg,train,squamous cell carcinoma,9820,0.0,21859,82.0,0,-1
Train/squamous cell carcinoma/ISIC_0030827.jpg,train,squamous cell carcinoma,9759,0.0,9581,84.0,0,-1
Train/squamous cell carcinoma/ISIC_0030844.jpg,train,squamous cell carcinoma,9934,0.0,4833,90.0,0,-1
Train/squamous cell carcinoma/ISIC_0030953.jpg,train,squamous cell carcinoma,9818,0.0,7642,84.0,0,-1
Train/squamous cell carcinoma/ISIC_0030986.jpg,train,squamous cell carcinoma,9871,0.0,16892,88.0,0,-1
Train/squamous cell carcinoma/ISIC_0030991.jpg,train,squamous cell carcinoma,9755,2.0,26666,86.0,0,-1
Train/squamous cell carcinoma/ISIC_0031012.jpg,train,squamous cell carcinoma,9774,2.0,4303,90.0,0,-1
Train/squamous cell carcinoma/ISIC_0031043.jpg,train,squamous cell carcinoma,9741,2.0,3769,84.0,0,-1
Train/squamous cell carcinoma/ISIC_0031044.jpg,train,squamous cell carcinoma,9767,4.0,13563,90.0,0,-1
Train/squamous cell carcinoma/ISIC_0031119.jpg,train,squamous cell carcinoma,9710,0.0,24502,86.0,0,-1
Train/squamous cell carcinoma/ISIC_0031191.jpg,train,squamous cell carcinoma,9707,2.0,12512,74.0,0,-1
Train/squamous cell carcinoma/ISIC_0031198.jpg,train,squamous cell carcinoma,9705,2.0,193,90.0,0,-1
Train/squamous cell carcinoma/ISIC_0031211.jpg,train,squamous cell carcinoma,9816,0.0,19885,84.0,0,-1
Train/squamous cell carcinoma/ISIC_0031286.jpg,train,squamous cell carcinoma,9912,2.0,8587,88.0,0,-1
Train/squamous cell carcinoma/ISIC_0031421.jpg,train,squamous cell carcinoma,9895,2.0,28883,88.0,0,-1
Train/squamous cell carcinoma/ISIC_0031431.jpg,train,squamous cell carcinoma,9872,4.0,9855,88.0,0,-1
Train/squamous cell carcinoma/ISIC_0031570.jpg,train,squamous cell carcinoma,9826,0.0,24269,86.0,0,-1
Train/squamous cell carcinoma/ISIC_0031578.jpg,train,squamous cell carcinoma,9864,0.0,15005,90.0,0,-1
Train/squamous cell carcinoma/ISIC_0031659.jpg,train,squamous cell carcinoma,9813,2.0,15443,82.0,0,-1
Train/squamous cell carcinoma/ISIC_0031672.jpg,train,squamous cell carcinoma,9870,2.0,24129,84.0,0,-1
Train/squamous cell carcinoma/ISIC_0031692.jpg,train,squamous cell carcinoma,9805,2.0,4976,86.0,0,-1
Train/squamous cell carcinoma/ISIC_0031738.jpg,train,squamous cell carcinoma,9747,0.0,15910,90.0,0,-1
Train/squamous cell carcinoma/ISIC_0031743.jpg,train,squamous cell carcinoma,9794,0.0,7411,78.0,0,-1
Train/squamous cell carcinoma/ISIC_0031852.jpg,train,squamous cell carcinoma,9770,2.0,14557,84.0,0,-1
Train/squamous cell carcinoma/ISIC_0031874.jpg,train,squamous cell carcinoma,9728,2.0,7004,92.0,0,-1
Train/squamous cell carcinoma/ISIC_0031918.jpg,train,squamous cell carcinoma,9720,0.0,2368,86.0,0,-1
Train/squamous cell carcinoma/ISIC_0031927.jpg,train,squamous cell carcinoma,9939,2.0,11793,92.0,0,-1
Train/squamous cell carcinoma/ISIC_0031929.jpg,train,squamous cell carcinoma,9698,2.0,1947,84.0,0,-1
Train/squamous cell carcinoma/ISIC_0031940.jpg,train,squamous cell carcinoma,9760,4.0,12241,78.0,0,-1
Train/squamous cell carcinoma/ISIC_0032014.jpg,train,squamous cell carcinoma,9891,2.0,5041,92.0,0,-1
Train/squamous cell carcinoma/ISIC_0032154.jpg,train,squamous cell carcinoma,9847,2.0,10736,80.0,0,-1
Train/squamous cell carcinoma/ISIC_0032173.jpg,train,squamous cell carcinoma,9699,4.0,10399,88.0,0,-1
Train/squamous cell carcinoma/ISIC_0032203.jpg,train,squamous cell carcinoma,9806,2.0,3646,84.0,0,-1
Train/squamous cell carcinoma/ISIC_0032238.jpg,train,squamous cell carcinoma,9869,0.0,5173,96.0,0,-1
Train/squamous cell carcinoma/ISIC_0032277.jpg,train,squamous cell carcinoma,9832,0.0,3274,88.0,0,-1
Train/squamous cell carcinoma/ISIC_0032329.jpg,train,squamous cell carcinoma,9704,0.0,20347,86.0,0,-1
Train/squamous cell carcinoma/ISIC_0032349.jpg,train,squamous cell carcinoma,9751,0.0,6365,80.0,0,-1
Train/squamous cell carcinoma/ISIC_0032356.jpg,train,squamous cell carcinoma,9849,2.0,30435,88.0,0,-1
Train/squamous cell carcinoma/ISIC_0032371.jpg,train,squamous cell carcinoma,9839,4.0,8706,88.0,0,-1
Train/squamous cell carcinoma/ISIC_0032397.jpg,train,squamous cell carcinoma,9865,2.0,27440,88.0,0,-1
Train/squamous cell carcinoma/ISIC_0032455.jpg,train,squamous cell carcinoma,9745,0.0,1349,82.0,0,-1
Train/squamous cell carcinoma/ISIC_0032897.jpg,train,squamous cell carcinoma,9882,2.0,7439,72.0,0,-1
Train/squamous cell carcinoma/ISIC_0032947.jpg,train,squamous cell carcinoma,10002,2.0,3320,82.0,0,-1
Train/squamous cell carcinoma/ISIC_0033000.jpg,train,squamous cell carcinoma,9919,0.0,25050,86.0,0,-1
Train/squamous cell carcinoma/ISIC_0033084.jpg,train,squamous cell carcinoma,10010,2.0,27910,86.0,0,-1
Train/squamous cell carcinoma/ISIC_0033295.jpg,train,squamous cell carcinoma,9920,4.0,25821,88.0,0,-1
Train/squamous cell carcinoma/ISIC_0033536.jpg,train,squamous cell carcinoma,10012,0.0,5097,88.0,0,-1
Train/squamous cell carcinoma/ISIC_0033869.jpg,train,squamous cell carcinoma,9967,4.0,2596,88.0,0,-1
Train/vascular lesion/ISIC_0024475.jpg,train,vascular lesion,2413,0.0,8096,88.0,0,-1
Train/vascular lesion/ISIC_0024662.jpg,train,vascular lesion,2430,2.0,18695,92.0,0,-1
Train/vascular lesion/ISIC_0024669.jpg,train,vascular lesion,2331,4.0,7473,44.0,0,-1
Train/vascular lesion/ISIC_0024706.jpg,train,vascular lesion,2453,2.0,17655,70.0,0,-1
Train/vascular lesion/ISIC_0024747.jpg,train,vascular lesion,2390,4.0,2306,76.0,0,-1
Train/vascular lesion/ISIC_0024867.jpg,train,vascular lesion,2450,2.0,10846,76.0,0,-1
Train/vascular lesion/ISIC_0024904.jpg,train,vascular lesion,2329,4.0,6321,72.0,0,-1
Train/vascular lesion/ISIC_0025197.jpg,train,vascular lesion,2416,0.0,5116,62.0,0,-1
Train/vascular lesion/ISIC_0025244.jpg,train,vascular lesion,2419,2.0,21144,92.0,0,-1
Train/vascular lesion/ISIC_0025249.jpg,train,vascular lesion,2446,6.0,14102,84.0,0,-1
Train/vascular lesion/ISIC_0025250.jpg,train,vascular lesion,2442,2.0,28480,76.0,0,-1
Train/vascular lesion/ISIC_0025321.jpg,train,vascular lesion,2325,0.0,28884,68.0,0,-1
Train/vascular lesion/ISIC_0025425.jpg,train,vascular lesion,2452,2.0,26408,78.0,0,-1
Train/vascular lesion/ISIC_0025452.jpg,train,vascular lesion,2459,2.0,505,66.0,0,-1
Train/vascular lesion/ISIC_0025578.jpg,train,vascular lesion,2334,4.0,26250,50.0,0,-1
Train/vascular lesion/ISIC_0025596.jpg,train,vascular lesion,2420,2.0,9355,68.0,0,-1
Train/vascular lesion/ISIC_0025599.jpg,train,vascular lesion,2333,2.0,12158,60.0,0,-1
Train/vascular lesion/ISIC_0025606.jpg,train,vascular lesion,2439,0.0,22281,80.0,0,-1
Train/vascular lesion/ISIC_0025612.jpg,train,vascular lesion,2424,2.0,1037,72.0,0,-1
Train/vascular lesion/ISIC_0025628.jpg,train,vascular lesion,2427,4.0,16363,80.0,0,-1
Train/vascular lesion/ISIC_0025677.jpg,train,vascular lesion,2414,4.0,17617,88.0,0,-1
Train/vascular lesion/ISIC_0025680.jpg,train,vascular lesion,2457,2.0,14799,72.0,0,-1
Train/vascular lesion/ISIC_0025707.jpg,train,vascular lesion,2422,2.0,6431,88.0,0,-1
Train/vascular lesion/ISIC_0025807.jpg,train,vascular lesion,2349,0.0,15387,74.0,0,-1
Train/vascular lesion/ISIC_0025873.jpg,train,vascular lesion,2415,2.0,1566,80.0,0,-1
Train/vascular lesion/ISIC_0025924.jpg,train,vascular lesion,2393,0.0,1037,72.0,0,-1
Train/vascular lesion/ISIC_0026068.jpg,train,vascular lesion,2458,4.0,11806,64.0,0,-1
Train/vascular lesion/ISIC_0026092.jpg,train,vascular lesion,2328,2.0,28878,78.0,0,-1
Train/vascular lesion/ISIC_0026163.jpg,train,vascular lesion,2348,6.0,23256,60.0,0,-1
Train/vascular lesion/ISIC_0026336.jpg,train,vascular lesion,2408,2.0,17806,64.0,0,-1
Train/vascular lesion/ISIC_0026349.jpg,train,vascular lesion,2460,2.0,15964,86.0,0,-1
Train/vascular lesion/ISIC_0026393.jpg,train,vascular lesion,2428,2.0,298,64.0,0,-1
Train/vascular lesion/ISIC_0026456.jpg,train,vascular lesion,2354,0.0,11695,92.0,0,-1
Train/vascular lesion/ISIC_0026467.jpg,train,vascular lesion,2455,2.0,7902,74.0,0,-1
Train/vascular lesion/ISIC_0026490.jpg,train,vascular lesion,2435,4.0,897,76.0,0,-1
Train/vascular lesion/ISIC_0026693.jpg,train,vascular lesion,2338,2.0,10813,76.0,0,-1
Train/vascular lesion/ISIC_0026713.jpg,train,vascular lesion,2447,2.0,32466,66.0,0,-1
Train/vascular lesion/ISIC_0026876.jpg,train,vascular lesion,2388,4.0,5742,86.0,0,-1
Train/vascular lesion/ISIC_0027159.jpg,train,vascular lesion,2385,2.0,29972,88.0,0,-1
Train/vascular lesion/ISIC_0027210.jpg,train,vascular lesion,2392,0.0,25102,40.0,0,-1
Train/vascular lesion/ISIC_0027256.jpg,train,vascular lesion,2399,4.0,1574,76.0,0,-1
Train/vascular lesion/ISIC_0027269.jpg,train,vascular lesion,2461,0.0,14193,86.0,0,-1
Train/vascular lesion/ISIC_0027385.jpg,train,vascular lesion,2344,0.0,12735,52.0,0,-1
Train/vascular lesion/ISIC_0027522.jpg,train,vascular lesion,2425,0.0,31882,70.0,0,-1
Train/vascular lesion/ISIC_0027563.jpg,train,vascular lesion,2421,2.0,26627,72.0,0,-1
Train/vascular lesion/ISIC_0027665.jpg,train,vascular lesion,2454,2.0,2281,74.0,0,-1
Train/vascular lesion/ISIC_0027672.jpg,train,vascular lesion,2347,2.0,28403,76.0,0,-1
Train/vascular lesion/ISIC_0027790.jpg,train,vascular lesion,2436,0.0,26875,90.0,0,-1
Train/vascular lesion/ISIC_0027856.jpg,train,vascular lesion,2432,2.0,11230,74.0,0,-1
Train/vascular lesion/ISIC_0027888.jpg,train,vascular lesion,2437,2.0,26358,58.0,0,-1
Train/vascular lesion/ISIC_0027903.jpg,train,vascular lesion,2353,0.0,23794,78.0,0,-1
Train/vascular lesion/ISIC_0027937.jpg,train,vascular lesion,2451,0.0,19955,78.0,0,-1
Train/vascular lesion/ISIC_0027983.jpg,train,vascular lesion,2339,0.0,18556,66.0,0,-1
Train/vascular lesion/ISIC_0028146.jpg,train,vascular lesion,2384,6.0,27560,78.0,0,-1
Train/vascular lesion/ISIC_0028163.jpg,train,vascular lesion,2330,2.0,9460,52.0,0,-1
Train/vascular lesion/ISIC_0028188.jpg,train,vascular lesion,2386,4.0,12876,76.0,0,-1
Train/vascular lesion/ISIC_0028406.jpg,train,vascular lesion,2426,4.0,5160,70.0,0,-1
Train/vascular lesion/ISIC_0028431.jpg,train,vascular lesion,2433,0.0,1094,78.0,0,-1
Train/vascular lesion/ISIC_0028680.jpg,train,vascular lesion,2418,2.0,18823,66.0,0,-1
Train/vascular lesion/ISIC_0028714.jpg,train,vascular lesion,2336,4.0,26956,70.0,0,-1
Train/vascular lesion/ISIC_0028885.jpg,train,vascular lesion,2449,0.0,28979,70.0,0,-1
Train/vascular lesion/ISIC_0029099.jpg,train,vascular lesion,2444,2.0,695,30.0,0,-1
Train/vascular lesion/ISIC_0029404.jpg,train,vascular lesion,2326,0.0,14430,66.0,0,-1
Train/vascular lesion/ISIC_0029439.jpg,train,vascular lesion,2409,2.0,17462,66.0,0,-1
Train/vascular lesion/ISIC_0029448.jpg,train,vascular lesion,2335,4.0,11416,78.0,0,-1
Train/vascular lesion/ISIC_0029486.jpg,train,vascular lesion,2322,0.0,28403,84.0,0,-1
Train/vascular lesion/ISIC_0029514.jpg,train,vascular lesion,2346,2.0,23650,62.0,0,-1
Train/vascular lesion/ISIC_0029608.jpg,train,vascular lesion,2397,4.0,6722,70.0,0,-1
Train/vascular lesion/ISIC_0029742.jpg,train,vascular lesion,2423,0.0,28403,70.0,0,-1
Train/vascular lesion/ISIC_0029877.jpg,train,vascular lesion,2429,2.0,16207,88.0,0,-1
Train/vascular lesion/ISIC_0029889.jpg,train,vascular lesion,2343,2.0,30765,60.0,0,-1
Train/vascular lesion/ISIC_0030070.jpg,train,vascular lesion,2395,0.0,23256,52.0,0,-1
Train/vascular lesion/ISIC_0030104.jpg,train,vascular lesion,2434,4.0,20628,70.0,0,-1
Train/vascular lesion/ISIC_0030275.jpg,train,vascular lesion,2327,2.0,22738,52.0,0,-1
Train/vascular lesion/ISIC_0030283.jpg,train,vascular lesion,2411,8.0,29337,82.0,0,-1
Train/vascular lesion/ISIC_0030606.jpg,train,vascular lesion,2389,2.0,584,58.0,0,-1
Train/vascular lesion/ISIC_0030722.jpg,train,vascular lesion,2387,2.0,14218,82.0,0,-1
Train/vascular lesion/ISIC_0030770.jpg,train,vascular lesion,2340,2.0,273,56.0,0,-1
Train/vascular lesion/ISIC_0030882.jpg,train,vascular lesion,2345,2.0,25043,78.0,0,-1
Train/vascular lesion/ISIC_0030956.jpg,train,vascular lesion,2337,0.0,13878,82.0,0,-1
Train/vascular lesion/ISIC_0031065.jpg,train,vascular lesion,2441,2.0,15460,68.0,0,-1
Train/vascular lesion/ISIC_0031090.jpg,train,vascular lesion,2381,2.0,17835,88.0,0,-1
Train/vascular lesion/ISIC_0031093.jpg,train,vascular lesion,2396,2.0,17895,56.0,0,-1
Train/vascular lesion/ISIC_0031103.jpg,train,vascular lesion,2440,2.0,12023,60.0,0,-1
Train/vascular lesion/ISIC_0031197.jpg,train,vascular lesion,2320,0.0,903,78.0,0,-1
Train/vascular lesion/ISIC_0031201.jpg,train,vascular lesion,2410,2.0,29688,68.0,0,-1
Train/vascular lesion/ISIC_0031215.jpg,train,vascular lesion,2431,0.0,7313,88.0,0,-1
Train/vascular lesion/ISIC_0031217.jpg,train,vascular lesion,2332,6.0,22293,72.0,0,-1
Train/vascular lesion/ISIC_0031270.jpg,train,vascular lesion,2321,0.0,7750,70.0,0,-1
Train/vascular lesion/ISIC_0031276.jpg,train,vascular lesion,2448,0.0,10772,62.0,0,-1
Train/vascular lesion/ISIC_0031346.jpg,train,vascular lesion,2391,0.0,23939,70.0,0,-1
Train/vascular lesion/ISIC_0031648.jpg,train,vascular lesion,2373,0.0,5515,86.0,0,-1
Train/vascular lesion/ISIC_0031706.jpg,train,vascular lesion,2412,2.0,22702,74.0,0,-1
Train/vascular lesion/ISIC_0031719.jpg,train,vascular lesion,2394,2.0,20936,62.0,0,-1
Train/vascular lesion/ISIC_0031759.jpg,train,vascular lesion,2342,4.0,32557,58.0,0,-1
Train/vascular lesion/ISIC_0031901.jpg,train,vascular lesion,2323,2.0,25738,78.0,0,-1
Train/vascular lesion/ISIC_0031950.jpg,train,vascular lesion,2383,2.0,30060,52.0,0,-1
Train/vascular lesion/ISIC_0031955.jpg,train,vascular lesion,2445,2.0,4708,80.0,0,-1
Train/vascular lesion/ISIC_0031996.jpg,train,vascular lesion,2405,0.0,9143,86.0,0,-1
Train/vascular lesion/ISIC_0032057.jpg,train,vascular lesion,2456,0.0,15731,70.0,0,-1
Train/vascular lesion/ISIC_0032076.jpg,train,vascular lesion,2324,0.0,5633,64.0,0,-1
Train/vascular lesion/ISIC_0032240.jpg,train,vascular lesion,2341,2.0,25308,72.0,0,-1
Train/vascular lesion/ISIC_0032270.jpg,train,vascular lesion,2382,2.0,1566,68.0,0,-1
Train/vascular lesion/ISIC_0032409.jpg,train,vascular lesion,2417,2.0,2644,62.0,0,-1
Train/vascular lesion/ISIC_0032538.jpg,train,vascular lesion,2371,2.0,1364,72.0,0,-1
Train/vascular lesion/ISIC_0032545.jpg,train,vascular lesion,2359,2.0,8017,82.0,0,-1
Train/vascular lesion/ISIC_0032557.jpg,train,vascular lesion,2351,4.0,23311,82.0,0,-1
Train/vascular lesion/ISIC_0032614.jpg,train,vascular lesion,2366,0.0,4589,70.0,0,-1
Train/vascular lesion/ISIC_0032692.jpg,train,vascular lesion,2360,0.0,12561,90.0,0,-1
Train/vascular lesion/ISIC_0032715.jpg,train,vascular lesion,2400,0.0,28026,64.0,0,-1
Train/vascular lesion/ISIC_0032745.jpg,train,vascular lesion,2350,0.0,8769,80.0,0,-1
Train/vascular lesion/ISIC_0032775.jpg,train,vascular lesion,2364,4.0,29450,86.0,0,-1
Train/vascular lesion/ISIC_0032839.jpg,train,vascular lesion,2403,2.0,2644,80.0,0,-1
Train/vascular lesion/ISIC_0032866.jpg,train,vascular lesion,2369,4.0,19998,86.0,0,-1
Train/vascular lesion/ISIC_0032867.jpg,train,vascular lesion,2358,2.0,5362,60.0,0,-1
Train/vascular lesion/ISIC_0032890.jpg,train,vascular lesion,2406,2.0,362,78.0,0,-1
Train/vascular lesion/ISIC_0032919.jpg,train,vascular lesion,2368,2.0,2263,62.0,0,-1
Train/vascular lesion/ISIC_0032932.jpg,train,vascular lesion,2404,4.0,7198,78.0,0,-1
Train/vascular lesion/ISIC_0033031.jpg,train,vascular lesion,2363,6.0,6208,82.0,0,-1
Train/vascular lesion/ISIC_0033092.jpg,train,vascular lesion,2352,2.0,5754,88.0,0,-1
Train/vascular lesion/ISIC_0033123.jpg,train,vascular lesion,2375,2.0,6157,58.0,0,-1
Train/vascular lesion/ISIC_0033135.jpg,train,vascular lesion,2370,0.0,4865,80.0,0,-1
Train/vascular lesion/ISIC_0033158.jpg,train,vascular lesion,2357,2.0,17771,76.0,0,-1
Train/vascular lesion/ISIC_0033230.jpg,train,vascular lesion,2376,0.0,2407,72.0,0,-1
Train/vascular lesion/ISIC_0033254.jpg,train,vascular lesion,2356,2.0,1740,76.0,0,-1
Train/vascular lesion/ISIC_0033349.jpg,train,vascular lesion,2367,2.0,32203,78.0,0,-1
Train/vascular lesion/ISIC_0033450.jpg,train,vascular lesion,2355,2.0,4324,76.0,0,-1
Train/vascular lesion/ISIC_0033458.jpg,train,vascular lesion,2365,0.0,17715,68.0,0,-1
Train/vascular lesion/ISIC_0033565.jpg,train,vascular lesion,2374,0.0,15118,78.0,0,-1
Train/vascular lesion/ISIC_0033591.jpg,train,vascular lesion,2372,2.0,4784,76.0,0,-1
Train/vascular lesion/ISIC_0033608.jpg,train,vascular lesion,2361,0.0,14491,80.0,0,-1
Train/vascular lesion/ISIC_0033749.jpg,train,vascular lesion,2379,0.0,26457,60.0,0,-1
Train/vascular lesion/ISIC_0033762.jpg,train,vascular lesion,2377,0.0,24388,90.0,0,-1
Train/vascular lesion/ISIC_0033817.jpg,train,vascular lesion,2402,0.0,7639,54.0,0,-1
Train/vascular lesion/ISIC_0033844.jpg,train,vascular lesion,2407,2.0,2448,76.0,0,-1
Train/vascular lesion/ISIC_0033969.jpg,train,vascular lesion,2362,2.0,30597,80.0,0,-1
Train/vascular lesion/ISIC_0033991.jpg,train,vascular lesion,2401,2.0,14496,72.0,0,-1
Train/vascular lesion/ISIC_0034196.jpg,train,vascular lesion,2380,0.0,16430,72.0,0,-1
Train/vascular lesion/ISIC_0034214.jpg,train,vascular lesion,2378,2.0,19806,78.0,0,-1
