rel,split,class,HAM10000_nn_index,HAM10000_nn_dist,ISIC2020_nn_index,ISIC2020_nn_dist,ham_matched_melanoma,isic_matched_melanoma
test_set/benign/ISIC_0191734_640x360.jpg,test,benign,1223,86.0,247,2.0,-1,0
test_set/benign/ISIC_0192893_640x478.jpg,test,benign,7923,76.0,253,2.0,-1,0
test_set/benign/ISIC_0193785_640x427.jpg,test,benign,7150,76.0,255,2.0,-1,0
test_set/benign/ISIC_0196403_640x425.jpg,test,benign,2420,86.0,265,2.0,-1,0
test_set/benign/ISIC_0196694_640x360.jpg,test,benign,7598,80.0,268,4.0,-1,0
test_set/benign/ISIC_0197873_640x427.jpg,test,benign,1362,86.0,272,2.0,-1,0
test_set/benign/ISIC_0200153_640x427.jpg,test,benign,4557,72.0,283,2.0,-1,0
test_set/benign/ISIC_0200174_640x427.jpg,test,benign,6807,62.0,284,2.0,-1,0
test_set/benign/ISIC_0202120_640x427.jpg,test,benign,4499,82.0,293,4.0,-1,0
test_set/benign/ISIC_0202808_640x427.jpg,test,benign,2428,68.0,298,2.0,-1,0
test_set/benign/ISIC_0204355_640x427.jpg,test,benign,7443,78.0,302,0.0,-1,0
test_set/benign/ISIC_0204580_640x478.jpg,test,benign,862,92.0,303,0.0,-1,0
test_set/benign/ISIC_0204819_640x428.jpg,test,benign,925,78.0,304,2.0,-1,0
test_set/benign/ISIC_0208378_640x360.jpg,test,benign,1432,74.0,317,0.0,-1,0
test_set/benign/ISIC_0210282_640x427.jpg,test,benign,847,70.0,320,2.0,-1,0
test_set/benign/ISIC_0210423_640x360.jpg,test,benign,7042,90.0,322,2.0,-1,0
test_set/benign/ISIC_0214037_640x480.jpg,test,benign,4941,80.0,331,2.0,-1,0
test_set/benign/ISIC_0214186_640x427.jpg,test,benign,6960,68.0,332,2.0,-1,0
test_set/benign/ISIC_0214335_640x427.jpg,test,benign,2219,88.0,333,2.0,-1,0
test_set/benign/ISIC_0219493_640x427.jpg,test,benign,7244,66.0,350,0.0,-1,0
test_set/benign/ISIC_0219948_640x427.jpg,test,benign,8477,80.0,351,2.0,-1,0
test_set/benign/ISIC_0222150_640x360.jpg,test,benign,2160,90.0,358,4.0,-1,0
test_set/benign/ISIC_0224300_640x360.jpg,test,benign,7996,82.0,362,2.0,-1,0
test_set/benign/ISIC_0228772_640x360.jpg,test,benign,3863,86.0,380,4.0,-1,0
test_set/benign/ISIC_0229832_640x360.jpg,test,benign,3111,86.0,388,6.0,-1,0
test_set/benign/ISIC_0230209_480x480.jpg,test,benign,910,90.0,391,4.0,-1,0
test_set/benign/ISIC_0230332_640x360.jpg,test,benign,2886,86.0,392,6.0,-1,0
test_set/benign/ISIC_0230564_640x427.jpg,test,benign,8812,88.0,394,0.0,-1,0
test_set/benign/ISIC_0231465_640x360.jpg,test,benign,4837,92.0,396,2.0,-1,0
test_set/benign/ISIC_0235728_640x478.jpg,test,benign,2296,92.0,412,0.0,-1,0
test_set/benign/ISIC_0236261_640x480.jpg,test,benign,7157,84.0,414,2.0,-1,0
test_set/benign/ISIC_0238491_640x360.jpg,test,benign,6973,82.0,426,4.0,-1,0
test_set/benign/ISIC_0238570_640x360.jpg,test,benign,6570,72.0,427,0.0,-1,0
test_set/benign/ISIC_0239810_640x360.jpg,test,benign,665,88.0,435,2.0,-1,0
test_set/benign/ISIC_0242433_640x360.jpg,test,benign,1738,92.0,442,4.0,-1,0
test_set/benign/ISIC_0243235_640x480.jpg,test,benign,6300,90.0,448,2.0,-1,0
test_set/benign/ISIC_0243849_640x360.jpg,test,benign,3987,74.0,450,2.0,-1,0
test_set/benign/ISIC_0244197_640x427.jpg,test,benign,6909,42.0,451,2.0,-1,0
test_set/benign/ISIC_0245258_640x427.jpg,test,benign,9409,76.0,454,2.0,-1,0
test_set/benign/ISIC_0248114_640x480.jpg,test,benign,4137,88.0,462,2.0,-1,0
test_set/benign/ISIC_0254447_640x360.jpg,test,benign,4961,92.0,485,4.0,-1,0
test_set/benign/ISIC_0255843_640x360.jpg,test,benign,7219,82.0,492,4.0,-1,0
test_set/benign/ISIC_0257755_640x427.jpg,test,benign,9494,66.0,498,2.0,-1,0
test_set/benign/ISIC_0260316_640x360.jpg,test,benign,9672,84.0,506,2.0,-1,0
test_set/benign/ISIC_0261499_640x480.jpg,test,benign,9064,86.0,508,2.0,-1,0
test_set/benign/ISIC_0261693_640x427.jpg,test,benign,456,80.0,509,4.0,-1,0
test_set/benign/ISIC_0262276_640x480.jpg,test,benign,6693,88.0,511,2.0,-1,0
test_set/benign/ISIC_0263522_640x427.jpg,test,benign,6831,64.0,517,0.0,-1,0
test_set/benign/ISIC_0265576_640x427.jpg,test,benign,7607,92.0,520,0.0,-1,0
test_set/benign/ISIC_0267586_640x427.jpg,test,benign,9064,60.0,524,2.0,-1,0
test_set/benign/ISIC_0270101_640x427.jpg,test,benign,8949,64.0,535,4.0,-1,0
test_set/benign/ISIC_0271299_640x480.jpg,test,benign,8865,68.0,540,2.0,-1,0
test_set/benign/ISIC_0271408_640x360.jpg,test,benign,7000,82.0,541,6.0,-1,0
test_set/benign/ISIC_0271922_640x480.jpg,test,benign,6424,84.0,542,0.0,-1,0
test_set/benign/ISIC_0272026_640x427.jpg,test,benign,9302,50.0,543,6.0,-1,0
test_set/benign/ISIC_0274625_640x478.jpg,test,benign,7776,78.0,552,2.0,-1,0
test_set/benign/ISIC_0275693_640x427.jpg,test,benign,9055,88.0,556,2.0,-1,0
test_set/benign/ISIC_0277164_640x427.jpg,test,benign,6224,80.0,563,2.0,-1,0
test_set/benign/ISIC_0277727_640x480.jpg,test,benign,1971,94.0,568,2.0,-1,0
test_set/benign/ISIC_0278116_640x480.jpg,test,benign,9251,60.0,571,2.0,-1,0
test_set/benign/ISIC_0280943_640x360.jpg,test,benign,3829,84.0,581,2.0,-1,0
test_set/benign/ISIC_0282040_640x427.jpg,test,benign,1714,76.0,589,2.0,-1,0
test_set/benign/ISIC_0283957_640x427.jpg,test,benign,9361,86.0,599,2.0,-1,0
test_set/benign/ISIC_0284295_640x360.jpg,test,benign,7856,72.0,600,4.0,-1,0
test_set/benign/ISIC_0284422_640x480.jpg,test,benign,7231,72.0,601,2.0,-1,0
test_set/benign/ISIC_0284664_640x427.jpg,test,benign,9828,84.0,603,2.0,-1,0
test_set/benign/ISIC_0285095_640x427.jpg,test,benign,2443,70.0,605,0.0,-1,0
test_set/benign/ISIC_0289491_640x360.jpg,test,benign,5672,86.0,617,4.0,-1,0
test_set/benign/ISIC_0291277_640x360.jpg,test,benign,6224,74.0,620,6.0,-1,0
test_set/benign/ISIC_0291394_640x360.jpg,test,benign,5283,72.0,622,4.0,-1,0
test_set/benign/ISIC_0291473_640x360.jpg,test,benign,2597,86.0,623,4.0,-1,0
test_set/benign/ISIC_0291882_640x427.jpg,test,benign,6725,82.0,624,4.0,-1,0
test_set/benign/ISIC_0292616_640x480.jpg,test,benign,7695,84.0,627,2.0,-1,0
test_set/benign/ISIC_0294170_640x360.jpg,test,benign,4276,90.0,634,4.0,-1,0
test_set/benign/ISIC_0294399_640x427.jpg,test,benign,3352,82.0,636,4.0,-1,0
test_set/benign/ISIC_0295507_640x427.jpg,test,benign,8641,90.0,644,4.0,-1,0
test_set/benign/ISIC_0295820_640x427.jpg,test,benign,7631,76.0,645,4.0,-1,0
test_set/benign/ISIC_0296109_640x480.jpg,test,benign,9044,84.0,646,4.0,-1,0
test_set/benign/ISIC_0297032_640x427.jpg,test,benign,9447,56.0,649,0.0,-1,0
test_set/benign/ISIC_0301931_640x360.jpg,test,benign,8429,84.0,665,6.0,-1,0
test_set/benign/ISIC_0302103_640x360.jpg,test,benign,4432,88.0,666,4.0,-1,0
test_set/benign/ISIC_0307958_640x480.jpg,test,benign,6880,94.0,684,0.0,-1,0
test_set/benign/ISIC_0308722_640x360.jpg,test,benign,3403,90.0,687,4.0,-1,0
test_set/benign/ISIC_0311412_640x425.jpg,test,benign,770,74.0,698,4.0,-1,0
test_set/benign/ISIC_0312662_640x360.jpg,test,benign,7980,78.0,701,2.0,-1,0
test_set/benign/ISIC_0314462_640x427.jpg,test,benign,800,88.0,707,2.0,-1,0
test_set/benign/ISIC_0316668_640x360.jpg,test,benign,7734,76.0,713,8.0,-1,0
test_set/benign/ISIC_0316788_640x480.jpg,test,benign,7341,84.0,714,0.0,-1,0
test_set/benign/ISIC_0316933_640x427.jpg,test,benign,9491,90.0,716,0.0,-1,0
test_set/benign/ISIC_0317589_640x360.jpg,test,benign,1548,92.0,717,0.0,-1,0
test_set/benign/ISIC_0319410_640x427.jpg,test,benign,1396,90.0,720,6.0,-1,0
test_set/benign/ISIC_0319715_640x427.jpg,test,benign,874,86.0,722,2.0,-1,0
test_set/benign/ISIC_0320013_640x427.jpg,test,benign,7922,58.0,724,2.0,-1,0
test_set/benign/ISIC_0325761_640x360.jpg,test,benign,7579,84.0,741,2.0,-1,0
test_set/benign/ISIC_0327120_640x360.jpg,test,benign,3005,86.0,745,6.0,-1,0
test_set/benign/ISIC_0331389_640x427.jpg,test,benign,1276,82.0,752,2.0,-1,0
test_set/benign/ISIC_0332337_640x360.jpg,test,benign,4264,88.0,755,4.0,-1,0
test_set/benign/ISIC_0332865_640x427.jpg,test,benign,8637,86.0,756,2.0,-1,0
test_set/benign/ISIC_0333246_640x360.jpg,test,benign,3652,88.0,761,4.0,-1,0
test_set/benign/ISIC_0333736_640x427.jpg,test,benign,376,82.0,764,6.0,-1,0
test_set/benign/ISIC_0333899_640x427.jpg,test,benign,5545,62.0,765,2.0,-1,0
test_set/benign/ISIC_0334024_640x360.jpg,test,benign,1687,84.0,766,2.0,-1,0
test_set/benign/ISIC_0334101_640x425.jpg,test,benign,796,82.0,767,4.0,-1,0
test_set/benign/ISIC_0338723_640x360.jpg,test,benign,9261,78.0,779,4.0,-1,0
test_set/benign/ISIC_0339773_640x427.jpg,test,benign,8110,78.0,782,2.0,-1,0
test_set/benign/ISIC_0340091_640x427.jpg,test,benign,9651,80.0,786,2.0,-1,0
test_set/benign/ISIC_0340931_640x480.jpg,test,benign,9064,72.0,789,0.0,-1,0
test_set/benign/ISIC_0341159_640x360.jpg,test,benign,1416,94.0,791,4.0,-1,0
test_set/benign/ISIC_0341350_640x360.jpg,test,benign,2160,84.0,794,2.0,-1,0
test_set/benign/ISIC_0345845_640x360.jpg,test,benign,1355,90.0,807,2.0,-1,0
test_set/benign/ISIC_0347795_640x427.jpg,test,benign,6974,92.0,809,0.0,-1,0
test_set/benign/ISIC_0347824_640x360.jpg,test,benign,9766,92.0,810,4.0,-1,0
test_set/benign/ISIC_0350269_640x480.jpg,test,benign,8794,76.0,818,2.0,-1,0
test_set/benign/ISIC_0351084_640x360.jpg,test,benign,1973,82.0,822,8.0,-1,0
test_set/benign/ISIC_0351188_640x360.jpg,test,benign,3008,94.0,823,2.0,-1,0
test_set/benign/ISIC_0355023_640x360.jpg,test,benign,7228,84.0,835,6.0,-1,0
test_set/benign/ISIC_0355222_640x360.jpg,test,benign,5112,82.0,838,2.0,-1,0
test_set/benign/ISIC_0355705_640x360.jpg,test,benign,426,84.0,839,2.0,-1,0
test_set/benign/ISIC_0356238_640x480.jpg,test,benign,5,90.0,841,4.0,-1,0
test_set/benign/ISIC_0356611_640x427.jpg,test,benign,4389,68.0,842,4.0,-1,0
test_set/benign/ISIC_0358490_640x427.jpg,test,benign,8889,82.0,851,4.0,-1,0
test_set/benign/ISIC_0360367_640x360.jpg,test,benign,3498,90.0,855,2.0,-1,0
test_set/benign/ISIC_0360832_640x427.jpg,test,benign,6974,46.0,857,2.0,-1,0
test_set/benign/ISIC_0361529_480x480.jpg,test,benign,3987,82.0,862,0.0,-1,0
test_set/benign/ISIC_0362853_640x480.jpg,test,benign,5084,90.0,868,0.0,-1,0
test_set/benign/ISIC_0363576_640x360.jpg,test,benign,9867,84.0,872,4.0,-1,0
test_set/benign/ISIC_0365032_640x360.jpg,test,benign,3254,86.0,876,6.0,-1,0
test_set/benign/ISIC_0367913_640x360.jpg,test,benign,7255,66.0,883,6.0,-1,0
test_set/benign/ISIC_0368894_640x360.jpg,test,benign,5195,82.0,884,2.0,-1,0
test_set/benign/ISIC_0369348_640x427.jpg,test,benign,118,76.0,885,4.0,-1,0
test_set/benign/ISIC_0370932_640x427.jpg,test,benign,2391,84.0,889,2.0,-1,0
test_set/benign/ISIC_0371038_640x427.jpg,test,benign,8789,82.0,890,4.0,-1,0
test_set/benign/ISIC_0372299_640x480.jpg,test,benign,1794,88.0,893,0.0,-1,0
test_set/benign/ISIC_0372318_640x427.jpg,test,benign,6909,64.0,894,4.0,-1,0
test_set/benign/ISIC_0372456_640x360.jpg,test,benign,3749,70.0,897,4.0,-1,0
test_set/benign/ISIC_0373585_640x427.jpg,test,benign,9098,76.0,899,6.0,-1,0
test_set/benign/ISIC_0374029_640x360.jpg,test,benign,5018,82.0,900,2.0,-1,0
test_set/benign/ISIC_0375068_640x427.jpg,test,benign,1578,76.0,904,4.0,-1,0
test_set/benign/ISIC_0375073_640x480.jpg,test,benign,5543,92.0,905,0.0,-1,0
test_set/benign/ISIC_0376301_640x360.jpg,test,benign,4291,90.0,907,0.0,-1,0
test_set/benign/ISIC_0377184_640x360.jpg,test,benign,8048,84.0,908,4.0,-1,0
test_set/benign/ISIC_0379624_640x427.jpg,test,benign,75,70.0,916,4.0,-1,0
test_set/benign/ISIC_0383524_640x360.jpg,test,benign,6226,78.0,931,8.0,-1,0
test_set/benign/ISIC_0383804_640x480.jpg,test,benign,1769,86.0,932,2.0,-1,0
test_set/benign/ISIC_0384407_640x427.jpg,test,benign,3657,88.0,936,2.0,-1,0
test_set/benign/ISIC_0386664_640x427.jpg,test,benign,8859,82.0,942,2.0,-1,0
test_set/benign/ISIC_0392966_640x478.jpg,test,benign,24,86.0,954,2.0,-1,0
test_set/benign/ISIC_0394030_640x360.jpg,test,benign,4475,82.0,956,2.0,-1,0
test_set/benign/ISIC_0395456_640x478.jpg,test,benign,178,92.0,960,4.0,-1,0
test_set/benign/ISIC_0396641_640x360.jpg,test,benign,1149,92.0,963,0.0,-1,0
test_set/benign/ISIC_0398435_640x425.jpg,test,benign,2974,86.0,972,4.0,-1,0
test_set/benign/ISIC_0399416_640x480.jpg,test,benign,5269,82.0,975,2.0,-1,0
test_set/benign/ISIC_0403893_640x427.jpg,test,benign,1393,68.0,988,4.0,-1,0
test_set/benign/ISIC_0404568_640x360.jpg,test,benign,1469,72.0,990,8.0,-1,0
test_set/benign/ISIC_0404840_640x360.jpg,test,benign,9622,82.0,992,4.0,-1,0
test_set/benign/ISIC_0405554_640x480.jpg,test,benign,5149,88.0,997,2.0,-1,0
test_set/benign/ISIC_0407040_640x480.jpg,test,benign,9572,82.0,1001,4.0,-1,0
test_set/benign/ISIC_0408358_640x480.jpg,test,benign,3915,86.0,1003,0.0,-1,0
test_set/benign/ISIC_0410824_640x360.jpg,test,benign,124,90.0,1008,4.0,-1,0
test_set/benign/ISIC_0410826_640x360.jpg,test,benign,1831,84.0,1009,4.0,-1,0
test_set/benign/ISIC_0411589_640x427.jpg,test,benign,662,42.0,1011,6.0,-1,0
test_set/benign/ISIC_0411688_640x427.jpg,test,benign,9450,78.0,1012,0.0,-1,0
test_set/benign/ISIC_0412319_640x427.jpg,test,benign,7073,80.0,1014,4.0,-1,0
test_set/benign/ISIC_0412939_640x360.jpg,test,benign,7928,78.0,1018,4.0,-1,0
test_set/benign/ISIC_0413111_640x427.jpg,test,benign,9272,76.0,1020,2.0,-1,0
test_set/benign/ISIC_0413472_640x427.jpg,test,benign,7879,80.0,1025,2.0,-1,0
test_set/benign/ISIC_0414670_640x480.jpg,test,benign,7244,76.0,1032,2.0,-1,0
test_set/benign/ISIC_0418519_640x480.jpg,test,benign,7498,76.0,1038,0.0,-1,0
test_set/benign/ISIC_0419302_640x427.jpg,test,benign,7376,84.0,1042,2.0,-1,0
test_set/benign/ISIC_0420381_640x480.jpg,test,benign,748,92.0,1047,2.0,-1,0
test_set/benign/ISIC_0422299_640x360.jpg,test,benign,6568,84.0,1057,2.0,-1,0
test_set/benign/ISIC_0423201_640x360.jpg,test,benign,2203,92.0,1060,6.0,-1,0
test_set/benign/ISIC_0424324_640x480.jpg,test,benign,9116,84.0,1066,0.0,-1,0
test_set/benign/ISIC_0424700_640x480.jpg,test,benign,5846,76.0,1068,2.0,-1,0
test_set/benign/ISIC_0428257_640x360.jpg,test,benign,2755,90.0,1077,6.0,-1,0
test_set/benign/ISIC_0428482_640x427.jpg,test,benign,1662,92.0,1079,2.0,-1,0
test_set/benign/ISIC_0429310_640x427.jpg,test,benign,2192,80.0,1081,2.0,-1,0
test_set/benign/ISIC_0430348_640x360.jpg,test,benign,5345,86.0,1083,6.0,-1,0
test_set/benign/ISIC_0430356_640x360.jpg,test,benign,7223,84.0,1084,2.0,-1,0
test_set/benign/ISIC_0430837_640x360.jpg,test,benign,1490,82.0,1086,4.0,-1,0
test_set/benign/ISIC_0432164_640x360.jpg,test,benign,1050,82.0,1091,8.0,-1,0
test_set/benign/ISIC_0432484_640x427.jpg,test,benign,1647,80.0,1093,0.0,-1,0
test_set/benign/ISIC_0436964_640x480.jpg,test,benign,1877,84.0,1106,2.0,-1,0
test_set/benign/ISIC_0439726_640x427.jpg,test,benign,7223,84.0,1121,4.0,-1,0
test_set/benign/ISIC_0439839_640x427.jpg,test,benign,7428,80.0,1122,0.0,-1,0
test_set/benign/ISIC_0441415_640x480.jpg,test,benign,7923,72.0,1131,2.0,-1,0
test_set/benign/ISIC_0442425_640x360.jpg,test,benign,4934,84.0,1135,6.0,-1,0
test_set/benign/ISIC_0442749_640x360.jpg,test,benign,9455,82.0,1136,6.0,-1,0
test_set/benign/ISIC_0443835_640x360.jpg,test,benign,9565,82.0,1139,8.0,-1,0
test_set/benign/ISIC_0444339_640x480.jpg,test,benign,1355,80.0,1140,2.0,-1,0
test_set/benign/ISIC_0444937_640x427.jpg,test,benign,7587,72.0,1143,2.0,-1,0
test_set/benign/ISIC_0445189_640x478.jpg,test,benign,7356,60.0,1144,2.0,-1,0
test_set/benign/ISIC_0448195_640x427.jpg,test,benign,7448,86.0,1152,0.0,-1,0
test_set/benign/ISIC_0450142_640x360.jpg,test,benign,115,70.0,1160,4.0,-1,0
test_set/benign/ISIC_0452356_640x360.jpg,test,benign,5261,82.0,1164,4.0,-1,0
test_set/benign/ISIC_0452656_640x480.jpg,test,benign,3866,88.0,1168,2.0,-1,0
test_set/benign/ISIC_0453714_640x360.jpg,test,benign,8033,90.0,1169,2.0,-1,0
test_set/benign/ISIC_0455687_640x427.jpg,test,benign,7944,64.0,1174,0.0,-1,0
test_set/benign/ISIC_0456905_640x480.jpg,test,benign,6913,82.0,1179,4.0,-1,0
test_set/benign/ISIC_0457030_640x480.jpg,test,benign,639,92.0,1180,0.0,-1,0
test_set/benign/ISIC_0458106_640x360.jpg,test,benign,4924,94.0,1184,2.0,-1,0
test_set/benign/ISIC_0460833_640x480.jpg,test,benign,811,84.0,1192,0.0,-1,0
test_set/benign/ISIC_0461128_640x360.jpg,test,benign,9545,92.0,1194,2.0,-1,0
test_set/benign/ISIC_0461550_640x360.jpg,test,benign,6190,92.0,1195,2.0,-1,0
test_set/benign/ISIC_0461634_640x427.jpg,test,benign,6218,90.0,1196,4.0,-1,0
test_set/benign/ISIC_0463621_640x360.jpg,test,benign,8839,68.0,1200,6.0,-1,0
test_set/benign/ISIC_0463832_640x427.jpg,test,benign,9443,78.0,1202,4.0,-1,0
test_set/benign/ISIC_0464315_640x480.jpg,test,benign,1729,88.0,1204,0.0,-1,0
test_set/benign/ISIC_0464730_640x427.jpg,test,benign,8949,58.0,1205,4.0,-1,0
test_set/benign/ISIC_0465385_640x360.jpg,test,benign,2733,82.0,1208,4.0,-1,0
test_set/benign/ISIC_0465938_640x480.jpg,test,benign,8662,82.0,1210,2.0,-1,0
test_set/benign/ISIC_0469872_640x360.jpg,test,benign,7461,82.0,1218,0.0,-1,0
test_set/benign/ISIC_0472513_640x480.jpg,test,benign,7394,84.0,1227,0.0,-1,0
test_set/benign/ISIC_0472796_640x480.jpg,test,benign,2912,84.0,1229,4.0,-1,0
test_set/benign/ISIC_0474975_640x427.jpg,test,benign,7545,52.0,1236,2.0,-1,0
test_set/benign/ISIC_0475341_640x360.jpg,test,benign,3487,76.0,1237,4.0,-1,0
test_set/benign/ISIC_0475746_640x480.jpg,test,benign,2402,76.0,1240,2.0,-1,0
test_set/benign/ISIC_0476011_640x360.jpg,test,benign,8921,74.0,1241,4.0,-1,0
test_set/benign/ISIC_0477201_640x478.jpg,test,benign,2595,76.0,1245,0.0,-1,0
test_set/benign/ISIC_0479757_640x427.jpg,test,benign,9076,68.0,1251,2.0,-1,0
test_set/benign/ISIC_0481453_640x427.jpg,test,benign,7060,82.0,1255,0.0,-1,0
test_set/benign/ISIC_0481702_640x360.jpg,test,benign,8374,92.0,1257,4.0,-1,0
test_set/benign/ISIC_0483649_640x480.jpg,test,benign,9439,90.0,1264,2.0,-1,0
test_set/benign/ISIC_0485537_640x480.jpg,test,benign,1900,84.0,1271,2.0,-1,0
test_set/benign/ISIC_0485881_640x427.jpg,test,benign,1588,92.0,1274,0.0,-1,0
test_set/benign/ISIC_0487660_640x360.jpg,test,benign,5219,80.0,1281,2.0,-1,0
test_set/benign/ISIC_0488413_640x427.jpg,test,benign,2025,86.0,1284,0.0,-1,0
test_set/benign/ISIC_0494865_640x360.jpg,test,benign,3583,90.0,1303,2.0,-1,0
test_set/benign/ISIC_0494868_640x480.jpg,test,benign,6224,62.0,1304,4.0,-1,0
test_set/benign/ISIC_0496209_640x427.jpg,test,benign,8501,64.0,1308,0.0,-1,0
test_set/benign/ISIC_0496971_640x360.jpg,test,benign,5077,80.0,1309,4.0,-1,0
test_set/benign/ISIC_0497800_640x427.jpg,test,benign,376,76.0,1312,6.0,-1,0
test_set/benign/ISIC_0497817_640x360.jpg,test,benign,1913,92.0,1313,4.0,-1,0
test_set/benign/ISIC_0499554_640x360.jpg,test,benign,7265,76.0,1318,4.0,-1,0
test_set/benign/ISIC_0499801_640x480.jpg,test,benign,9427,90.0,1320,0.0,-1,0
test_set/benign/ISIC_0499971_640x480.jpg,test,benign,6407,92.0,1321,0.0,-1,0
test_set/benign/ISIC_0500526_640x360.jpg,test,benign,6924,84.0,1325,2.0,-1,0
test_set/benign/ISIC_0504730_640x360.jpg,test,benign,3052,88.0,1334,4.0,-1,0
test_set/benign/ISIC_0506309_640x427.jpg,test,benign,1779,68.0,1337,0.0,-1,0
test_set/benign/ISIC_0507189_640x360.jpg,test,benign,1393,60.0,1342,0.0,-1,0
test_set/benign/ISIC_0508937_640x360.jpg,test,benign,1073,92.0,1345,0.0,-1,0
test_set/benign/ISIC_0510145_640x480.jpg,test,benign,1170,76.0,1351,2.0,-1,0
test_set/benign/ISIC_0510785_640x360.jpg,test,benign,2519,94.0,1353,2.0,-1,0
test_set/benign/ISIC_0510835_640x360.jpg,test,benign,1570,84.0,1354,2.0,-1,0
test_set/benign/ISIC_0513207_640x360.jpg,test,benign,7858,86.0,1361,4.0,-1,0
test_set/benign/ISIC_0518352_640x427.jpg,test,benign,9867,92.0,1382,2.0,-1,0
test_set/benign/ISIC_0522974_640x427.jpg,test,benign,7389,78.0,1396,2.0,-1,0
test_set/benign/ISIC_0524046_640x360.jpg,test,benign,2328,90.0,1403,4.0,-1,0
test_set/benign/ISIC_0525318_640x360.jpg,test,benign,7149,76.0,1406,4.0,-1,0
test_set/benign/ISIC_0525376_640x427.jpg,test,benign,38,86.0,1407,6.0,-1,0
test_set/benign/ISIC_0526705_640x427.jpg,test,benign,7670,62.0,1411,2.0,-1,0
test_set/benign/ISIC_0528380_640x480.jpg,test,benign,3697,80.0,1422,2.0,-1,0
test_set/benign/ISIC_0528791_640x427.jpg,test,benign,7713,82.0,1424,2.0,-1,0
test_set/benign/ISIC_0529518_640x360.jpg,test,benign,4968,80.0,1427,4.0,-1,0
test_set/benign/ISIC_0531490_640x360.jpg,test,benign,7190,74.0,1431,4.0,-1,0
test_set/benign/ISIC_0533180_640x360.jpg,test,benign,1050,90.0,1434,2.0,-1,0
test_set/benign/ISIC_0533930_640x360.jpg,test,benign,1785,80.0,1437,4.0,-1,0
test_set/benign/ISIC_0534191_640x425.jpg,test,benign,7065,78.0,1439,4.0,-1,0
test_set/benign/ISIC_0535920_640x427.jpg,test,benign,7788,72.0,1445,2.0,-1,0
test_set/benign/ISIC_0538688_640x480.jpg,test,benign,2273,78.0,1455,2.0,-1,0
test_set/benign/ISIC_0539604_640x360.jpg,test,benign,968,90.0,1460,8.0,-1,0
test_set/benign/ISIC_0540848_640x360.jpg,test,benign,4511,86.0,1461,8.0,-1,0
test_set/benign/ISIC_0543132_640x360.jpg,test,benign,1301,90.0,1465,0.0,-1,0
test_set/benign/ISIC_0544840_640x360.jpg,test,benign,2493,88.0,1469,8.0,-1,0
test_set/benign/ISIC_0545322_640x360.jpg,test,benign,4474,82.0,1472,2.0,-1,0
test_set/benign/ISIC_0546209_640x360.jpg,test,benign,3199,90.0,1475,4.0,-1,0
test_set/benign/ISIC_0546980_640x427.jpg,test,benign,9252,62.0,1478,2.0,-1,0
test_set/benign/ISIC_0547097_640x480.jpg,test,benign,7305,84.0,1479,4.0,-1,0
test_set/benign/ISIC_0547893_640x480.jpg,test,benign,264,88.0,1481,2.0,-1,0
test_set/benign/ISIC_0548447_640x360.jpg,test,benign,6464,80.0,1484,2.0,-1,0
test_set/benign/ISIC_0549163_640x427.jpg,test,benign,9345,64.0,1486,2.0,-1,0
test_set/benign/ISIC_0550406_640x480.jpg,test,benign,5623,92.0,1491,2.0,-1,0
test_set/benign/ISIC_0551684_640x478.jpg,test,benign,502,86.0,1494,2.0,-1,0
test_set/benign/ISIC_0554499_640x427.jpg,test,benign,7238,72.0,1509,6.0,-1,0
test_set/benign/ISIC_0555529_640x427.jpg,test,benign,9350,84.0,1511,0.0,-1,0
test_set/benign/ISIC_0559566_640x425.jpg,test,benign,5043,92.0,1522,2.0,-1,0
test_set/benign/ISIC_0561846_640x478.jpg,test,benign,9105,86.0,1530,0.0,-1,0
test_set/benign/ISIC_0563516_640x427.jpg,test,benign,8708,64.0,1537,2.0,-1,0
test_set/benign/ISIC_0565046_640x427.jpg,test,benign,8865,50.0,1541,2.0,-1,0
test_set/benign/ISIC_0566530_640x360.jpg,test,benign,7244,74.0,1550,4.0,-1,0
test_set/benign/ISIC_0567814_640x427.jpg,test,benign,7911,84.0,1555,2.0,-1,0
test_set/benign/ISIC_0570690_640x427.jpg,test,benign,9127,76.0,1560,2.0,-1,0
test_set/benign/ISIC_0573666_640x427.jpg,test,benign,7825,88.0,1570,4.0,-1,0
test_set/benign/ISIC_0573934_640x360.jpg,test,benign,1767,76.0,1571,2.0,-1,0
test_set/benign/ISIC_0575350_640x360.jpg,test,benign,7322,86.0,1576,2.0,-1,0
test_set/benign/ISIC_0576951_640x360.jpg,test,benign,2301,92.0,1580,4.0,-1,0
test_set/benign/ISIC_0577311_640x360.jpg,test,benign,7198,92.0,1581,4.0,-1,0
test_set/benign/ISIC_0580068_640x425.jpg,test,benign,2544,86.0,1588,4.0,-1,0
test_set/benign/ISIC_0580273_640x480.jpg,test,benign,6945,70.0,1590,2.0,-1,0
test_set/benign/ISIC_0583827_640x427.jpg,test,benign,7750,84.0,1596,0.0,-1,0
test_set/benign/ISIC_0584566_640x360.jpg,test,benign,7059,84.0,1600,4.0,-1,0
test_set/benign/ISIC_0589461_640x478.jpg,test,benign,2793,92.0,1616,6.0,-1,0
test_set/benign/ISIC_0591097_640x360.jpg,test,benign,1231,88.0,1622,4.0,-1,0
test_set/benign/ISIC_0592088_640x360.jpg,test,benign,4199,88.0,1627,2.0,-1,0
test_set/benign/ISIC_0592552_640x427.jpg,test,benign,9447,50.0,1628,2.0,-1,0
test_set/benign/ISIC_0594068_640x360.jpg,test,benign,7656,90.0,1633,4.0,-1,0
test_set/benign/ISIC_0594695_640x427.jpg,test,benign,5057,70.0,1636,2.0,-1,0
test_set/benign/ISIC_0596043_640x427.jpg,test,benign,9503,80.0,1642,0.0,-1,0
test_set/benign/ISIC_0596524_640x427.jpg,test,benign,9252,88.0,1644,2.0,-1,0
test_set/benign/ISIC_0601107_640x360.jpg,test,benign,8711,80.0,1658,0.0,-1,0
test_set/benign/ISIC_0601576_640x360.jpg,test,benign,7277,84.0,1659,2.0,-1,0
test_set/benign/ISIC_0602494_640x427.jpg,test,benign,770,78.0,1660,4.0,-1,0
test_set/benign/ISIC_0602529_640x480.jpg,test,benign,7992,88.0,1661,4.0,-1,0
test_set/benign/ISIC_0605205_640x360.jpg,test,benign,7382,88.0,1676,4.0,-1,0
test_set/benign/ISIC_0610499_640x427.jpg,test,benign,314,92.0,1691,0.0,-1,0
test_set/benign/ISIC_0610849_640x360.jpg,test,benign,9225,68.0,1692,4.0,-1,0
test_set/benign/ISIC_0611793_640x427.jpg,test,benign,442,90.0,1694,4.0,-1,0
test_set/benign/ISIC_0612816_640x480.jpg,test,benign,157,88.0,1699,0.0,-1,0
test_set/benign/ISIC_0612834_640x427.jpg,test,benign,6962,48.0,1700,0.0,-1,0
test_set/benign/ISIC_0613362_640x360.jpg,test,benign,9602,76.0,1703,0.0,-1,0
test_set/benign/ISIC_0615782_640x478.jpg,test,benign,1706,92.0,1710,2.0,-1,0
test_set/benign/ISIC_0615970_640x360.jpg,test,benign,1722,90.0,1711,4.0,-1,0
test_set/benign/ISIC_0616491_640x427.jpg,test,benign,9336,70.0,1714,4.0,-1,0
test_set/benign/ISIC_0617442_640x427.jpg,test,benign,7065,84.0,1716,4.0,-1,0
test_set/benign/ISIC_0618119_640x427.jpg,test,benign,5019,70.0,1718,4.0,-1,0
test_set/benign/ISIC_0619514_640x427.jpg,test,benign,5719,86.0,1724,0.0,-1,0
test_set/benign/ISIC_0621866_640x427.jpg,test,benign,1529,88.0,1730,0.0,-1,0
test_set/benign/ISIC_0623857_640x360.jpg,test,benign,646,90.0,1738,2.0,-1,0
test_set/benign/ISIC_0624747_640x360.jpg,test,benign,7099,84.0,1741,8.0,-1,0
test_set/benign/ISIC_0626118_640x480.jpg,test,benign,3125,70.0,1746,0.0,-1,0
test_set/benign/ISIC_0626653_640x360.jpg,test,benign,826,90.0,1749,6.0,-1,0
test_set/benign/ISIC_0626815_640x427.jpg,test,benign,7298,76.0,1750,2.0,-1,0
test_set/benign/ISIC_0628277_640x427.jpg,test,benign,7168,78.0,1755,6.0,-1,0
test_set/benign/ISIC_0631689_640x360.jpg,test,benign,1954,88.0,1763,6.0,-1,0
test_set/benign/ISIC_0633013_640x360.jpg,test,benign,1498,72.0,1766,4.0,-1,0
test_set/benign/ISIC_0634028_640x427.jpg,test,benign,9200,74.0,1770,0.0,-1,0
test_set/benign/ISIC_0636587_640x480.jpg,test,benign,7383,86.0,1774,2.0,-1,0
test_set/benign/ISIC_0638468_640x427.jpg,test,benign,8365,90.0,1778,0.0,-1,0
test_set/benign/ISIC_0638889_640x427.jpg,test,benign,7053,74.0,1782,2.0,-1,0
test_set/benign/ISIC_0639077_640x427.jpg,test,benign,36,94.0,1783,2.0,-1,0
test_set/benign/ISIC_0639415_480x480.jpg,test,benign,6579,88.0,1787,2.0,-1,0
test_set/benign/ISIC_0641330_640x480.jpg,test,benign,429,90.0,1794,4.0,-1,0
test_set/benign/ISIC_0644590_640x360.jpg,test,benign,7930,60.0,1803,2.0,-1,0
test_set/benign/ISIC_0648752_640x427.jpg,test,benign,1498,68.0,1819,4.0,-1,0
test_set/benign/ISIC_0648773_640x360.jpg,test,benign,1578,60.0,1820,4.0,-1,0
test_set/benign/ISIC_0650027_640x360.jpg,test,benign,7380,78.0,1823,6.0,-1,0
test_set/benign/ISIC_0651200_640x360.jpg,test,benign,5902,86.0,1829,4.0,-1,0
test_set/benign/ISIC_0652867_640x427.jpg,test,benign,9538,82.0,1836,0.0,-1,0
test_set/benign/ISIC_0653456_640x360.jpg,test,benign,4775,82.0,1838,2.0,-1,0
test_set/benign/ISIC_0653633_640x427.jpg,test,benign,6683,56.0,1839,2.0,-1,0
test_set/benign/ISIC_0653785_640x427.jpg,test,benign,2192,86.0,1841,4.0,-1,0
test_set/benign/ISIC_0655316_640x480.jpg,test,benign,4219,84.0,1849,2.0,-1,0
test_set/benign/ISIC_0655722_640x360.jpg,test,benign,8712,86.0,1851,6.0,-1,0
test_set/benign/ISIC_0656395_640x427.jpg,test,benign,8849,80.0,1852,2.0,-1,0
test_set/benign/ISIC_0656543_640x360.jpg,test,benign,134,90.0,1853,4.0,-1,0
test_set/benign/ISIC_0657485_640x480.jpg,test,benign,7070,72.0,1855,4.0,-1,0
test_set/benign/ISIC_0660449_640x360.jpg,test,benign,2561,92.0,1866,4.0,-1,0
test_set/benign/ISIC_0663446_640x480.jpg,test,benign,7156,76.0,1875,4.0,-1,0
test_set/benign/ISIC_0666591_640x480.jpg,test,benign,7081,84.0,1885,2.0,-1,0
test_set/benign/ISIC_0667136_640x425.jpg,test,benign,1170,66.0,1888,4.0,-1,0
test_set/benign/ISIC_0668924_640x427.jpg,test,benign,37,90.0,1895,2.0,-1,0
test_set/benign/ISIC_0672985_640x360.jpg,test,benign,2841,94.0,1906,2.0,-1,0
test_set/benign/ISIC_0674472_640x480.jpg,test,benign,7186,78.0,1908,0.0,-1,0
test_set/benign/ISIC_0675767_640x427.jpg,test,benign,6874,68.0,1916,8.0,-1,0
test_set/benign/ISIC_0675785_640x427.jpg,test,benign,1432,74.0,1917,2.0,-1,0
test_set/benign/ISIC_0677159_640x360.jpg,test,benign,4395,82.0,1920,2.0,-1,0
test_set/benign/ISIC_0678543_640x360.jpg,test,benign,4959,76.0,1925,4.0,-1,0
test_set/benign/ISIC_0678758_640x360.jpg,test,benign,7829,76.0,1928,0.0,-1,0
test_set/benign/ISIC_0679359_640x480.jpg,test,benign,5959,84.0,1931,2.0,-1,0
test_set/benign/ISIC_0679553_640x427.jpg,test,benign,925,84.0,1933,4.0,-1,0
test_set/benign/ISIC_0680823_640x425.jpg,test,benign,1170,88.0,1940,0.0,-1,0
test_set/benign/ISIC_0682403_640x360.jpg,test,benign,1685,80.0,1947,6.0,-1,0
test_set/benign/ISIC_0682795_640x427.jpg,test,benign,1706,88.0,1949,2.0,-1,0
test_set/benign/ISIC_0683077_640x360.jpg,test,benign,199,94.0,1950,4.0,-1,0
test_set/benign/ISIC_0683925_640x480.jpg,test,benign,3583,80.0,1953,0.0,-1,0
test_set/benign/ISIC_0683986_640x427.jpg,test,benign,8523,86.0,1954,2.0,-1,0
test_set/benign/ISIC_0685898_640x480.jpg,test,benign,2192,64.0,1959,2.0,-1,0
test_set/benign/ISIC_0686446_640x427.jpg,test,benign,6771,76.0,1960,2.0,-1,0
test_set/benign/ISIC_0686826_640x360.jpg,test,benign,6164,88.0,1962,2.0,-1,0
test_set/benign/ISIC_0687455_640x360.jpg,test,benign,6265,82.0,1964,4.0,-1,0
test_set/benign/ISIC_0687788_640x480.jpg,test,benign,9091,88.0,1967,4.0,-1,0
test_set/benign/ISIC_0687823_640x427.jpg,test,benign,2268,82.0,1968,2.0,-1,0
test_set/benign/ISIC_0692285_640x480.jpg,test,benign,8409,86.0,1982,2.0,-1,0
test_set/benign/ISIC_0692478_640x427.jpg,test,benign,6960,78.0,1983,6.0,-1,0
test_set/benign/ISIC_0692990_640x427.jpg,test,benign,8012,62.0,1985,0.0,-1,0
test_set/benign/ISIC_0694677_640x427.jpg,test,benign,2375,74.0,1993,4.0,-1,0
test_set/benign/ISIC_0694924_640x360.jpg,test,benign,7787,74.0,1994,6.0,-1,0
test_set/benign/ISIC_0696556_640x478.jpg,test,benign,837,88.0,2004,0.0,-1,0
test_set/benign/ISIC_0697138_640x480.jpg,test,benign,9302,86.0,2006,0.0,-1,0
test_set/benign/ISIC_0697622_640x360.jpg,test,benign,7024,88.0,2007,2.0,-1,0
test_set/benign/ISIC_0697951_640x427.jpg,test,benign,7244,50.0,2009,2.0,-1,0
test_set/benign/ISIC_0699098_640x480.jpg,test,benign,2107,88.0,2012,0.0,-1,0
test_set/benign/ISIC_0702174_640x360.jpg,test,benign,18,94.0,2021,2.0,-1,0
test_set/benign/ISIC_0704233_640x480.jpg,test,benign,8830,72.0,2025,0.0,-1,0
test_set/benign/ISIC_0704618_640x425.jpg,test,benign,770,78.0,2026,4.0,-1,0
test_set/benign/ISIC_0706512_640x360.jpg,test,benign,5620,86.0,2032,0.0,-1,0
test_set/benign/ISIC_0709041_640x427.jpg,test,benign,6909,58.0,2044,4.0,-1,0
test_set/benign/ISIC_0711360_640x427.jpg,test,benign,4213,78.0,2051,2.0,-1,0
test_set/benign/ISIC_0711790_480x480.jpg,test,benign,2330,72.0,2052,2.0,-1,0
test_set/benign/ISIC_0716541_640x427.jpg,test,benign,9261,60.0,2067,0.0,-1,0
test_set/benign/ISIC_0717851_640x360.jpg,test,benign,1006,92.0,2071,8.0,-1,0
test_set/benign/ISIC_0719366_640x427.jpg,test,benign,9552,80.0,2075,0.0,-1,0
test_set/benign/ISIC_0722086_640x360.jpg,test,benign,5361,76.0,2084,2.0,-1,0
test_set/benign/ISIC_0725711_640x480.jpg,test,benign,582,86.0,2092,2.0,-1,0
test_set/benign/ISIC_0732102_640x360.jpg,test,benign,1812,84.0,2106,6.0,-1,0
test_set/benign/ISIC_0732636_640x480.jpg,test,benign,291,88.0,2111,2.0,-1,0
test_set/benign/ISIC_0737013_640x427.jpg,test,benign,6824,70.0,2118,0.0,-1,0
test_set/benign/ISIC_0737399_640x480.jpg,test,benign,7540,90.0,2121,0.0,-1,0
test_set/benign/ISIC_0742607_640x427.jpg,test,benign,64,90.0,2134,0.0,-1,0
test_set/benign/ISIC_0748377_640x480.jpg,test,benign,623,90.0,2152,0.0,-1,0
test_set/benign/ISIC_0754156_640x360.jpg,test,benign,8233,84.0,2175,2.0,-1,0
test_set/benign/ISIC_0754233_640x427.jpg,test,benign,7150,68.0,2176,6.0,-1,0
test_set/benign/ISIC_0754658_640x360.jpg,test,benign,7920,68.0,2180,4.0,-1,0
test_set/benign/ISIC_0756080_640x480.jpg,test,benign,5027,84.0,2187,2.0,-1,0
test_set/benign/ISIC_0758729_640x427.jpg,test,benign,9265,40.0,2199,0.0,-1,0
test_set/benign/ISIC_0758797_640x360.jpg,test,benign,7116,70.0,2200,2.0,-1,0
test_set/benign/ISIC_0760028_640x427.jpg,test,benign,4397,82.0,2204,2.0,-1,0
test_set/benign/ISIC_0760601_640x480.jpg,test,benign,1603,86.0,2207,2.0,-1,0
test_set/benign/ISIC_0761049_640x427.jpg,test,benign,4785,88.0,2210,2.0,-1,0
test_set/benign/ISIC_0761693_640x360.jpg,test,benign,4050,92.0,2214,2.0,-1,0
test_set/benign/ISIC_0761975_640x427.jpg,test,benign,6812,88.0,2216,4.0,-1,0
test_set/benign/ISIC_0762262_640x427.jpg,test,benign,8865,84.0,2217,4.0,-1,0
test_set/benign/ISIC_0762958_640x480.jpg,test,benign,3935,80.0,2220,2.0,-1,0
test_set/benign/ISIC_0763883_640x427.jpg,test,benign,7922,64.0,2225,8.0,-1,0
test_set/benign/ISIC_0765568_640x478.jpg,test,benign,8799,66.0,2230,2.0,-1,0
test_set/benign/ISIC_0766328_640x427.jpg,test,benign,7883,74.0,2236,4.0,-1,0
test_set/benign/ISIC_0766724_640x360.jpg,test,benign,9154,82.0,2240,4.0,-1,0
test_set/benign/ISIC_0766935_640x360.jpg,test,benign,2129,82.0,2241,2.0,-1,0
test_set/benign/ISIC_0768514_640x427.jpg,test,benign,6877,60.0,2244,6.0,-1,0
test_set/benign/ISIC_0769854_640x427.jpg,test,benign,9447,86.0,2248,4.0,-1,0
test_set/benign/ISIC_0770257_640x360.jpg,test,benign,4890,88.0,2250,6.0,-1,0
test_set/benign/ISIC_0773096_640x360.jpg,test,benign,7149,82.0,2268,4.0,-1,0
test_set/benign/ISIC_0775040_640x360.jpg,test,benign,1250,80.0,2271,6.0,-1,0
test_set/benign/ISIC_0776605_640x360.jpg,test,benign,1301,80.0,2277,10.0,-1,0
test_set/benign/ISIC_0780232_640x427.jpg,test,benign,6902,84.0,2286,0.0,-1,0
test_set/benign/ISIC_0781380_640x425.jpg,test,benign,597,84.0,2293,0.0,-1,0
test_set/benign/ISIC_0786233_640x360.jpg,test,benign,8924,78.0,2301,4.0,-1,0
test_set/benign/ISIC_0786913_640x360.jpg,test,benign,8573,92.0,2303,2.0,-1,0
test_set/benign/ISIC_0788453_640x480.jpg,test,benign,2503,86.0,2308,4.0,-1,0
test_set/benign/ISIC_0790942_640x360.jpg,test,benign,1324,64.0,2314,8.0,-1,0
test_set/benign/ISIC_0791303_640x480.jpg,test,benign,1877,90.0,2315,2.0,-1,0
test_set/benign/ISIC_0792879_640x427.jpg,test,benign,7545,56.0,2319,2.0,-1,0
test_set/benign/ISIC_0793501_640x360.jpg,test,benign,5114,88.0,2321,2.0,-1,0
test_set/benign/ISIC_0796325_640x480.jpg,test,benign,8574,82.0,2326,2.0,-1,0
test_set/benign/ISIC_0797473_640x360.jpg,test,benign,4330,92.0,2330,2.0,-1,0
test_set/benign/ISIC_0806303_640x427.jpg,test,benign,6860,74.0,2358,2.0,-1,0
test_set/benign/ISIC_0808108_640x360.jpg,test,benign,199,86.0,2360,2.0,-1,0
test_set/benign/ISIC_0816917_640x360.jpg,test,benign,9231,90.0,2389,4.0,-1,0
test_set/benign/ISIC_0817091_640x427.jpg,test,benign,6962,62.0,2390,2.0,-1,0
test_set/benign/ISIC_0817140_640x480.jpg,test,benign,6688,80.0,2391,2.0,-1,0
test_set/benign/ISIC_0818517_640x360.jpg,test,benign,7196,78.0,2398,2.0,-1,0
test_set/benign/ISIC_0819765_640x480.jpg,test,benign,1553,82.0,2405,6.0,-1,0
test_set/benign/ISIC_0821104_640x427.jpg,test,benign,9155,80.0,2410,0.0,-1,0
test_set/benign/ISIC_0822842_640x480.jpg,test,benign,870,94.0,2417,2.0,-1,0
test_set/benign/ISIC_0826813_640x360.jpg,test,benign,7294,90.0,2425,2.0,-1,0
test_set/benign/ISIC_0827099_640x480.jpg,test,benign,1266,90.0,2429,0.0,-1,0
test_set/benign/ISIC_0830131_640x427.jpg,test,benign,3000,92.0,2441,0.0,-1,0
test_set/benign/ISIC_0830806_640x427.jpg,test,benign,7631,76.0,2443,4.0,-1,0
test_set/benign/ISIC_0831173_640x427.jpg,test,benign,7920,54.0,2445,4.0,-1,0
test_set/benign/ISIC_0834745_640x427.jpg,test,benign,1498,62.0,2456,4.0,-1,0
test_set/benign/ISIC_0835067_640x360.jpg,test,benign,8046,90.0,2458,6.0,-1,0
test_set/benign/ISIC_0836257_640x360.jpg,test,benign,3194,88.0,2462,6.0,-1,0
test_set/benign/ISIC_0836727_640x360.jpg,test,benign,5862,88.0,2464,6.0,-1,0
test_set/benign/ISIC_0839367_319x480.jpg,test,benign,770,82.0,2470,2.0,-1,0
test_set/benign/ISIC_0843662_640x360.jpg,test,benign,3475,82.0,2481,4.0,-1,0
test_set/benign/ISIC_0844341_640x480.jpg,test,benign,3125,80.0,2483,4.0,-1,0
test_set/benign/ISIC_0844854_640x360.jpg,test,benign,3379,90.0,2485,4.0,-1,0
test_set/benign/ISIC_0849028_640x425.jpg,test,benign,295,96.0,2498,2.0,-1,0
test_set/benign/ISIC_0849256_640x427.jpg,test,benign,1647,54.0,2499,4.0,-1,0
test_set/benign/ISIC_0849702_640x427.jpg,test,benign,9051,84.0,2501,4.0,-1,0
test_set/benign/ISIC_0851556_640x480.jpg,test,benign,2365,82.0,2507,2.0,-1,0
test_set/benign/ISIC_0853430_640x427.jpg,test,benign,9530,82.0,2514,2.0,-1,0
test_set/benign/ISIC_0853825_640x360.jpg,test,benign,1579,90.0,2516,6.0,-1,0
test_set/benign/ISIC_0857978_640x360.jpg,test,benign,5185,84.0,2526,6.0,-1,0
test_set/benign/ISIC_0861066_640x480.jpg,test,benign,2474,92.0,2533,2.0,-1,0
test_set/benign/ISIC_0862337_640x427.jpg,test,benign,7922,64.0,2538,4.0,-1,0
test_set/benign/ISIC_0867709_640x360.jpg,test,benign,8110,82.0,2552,0.0,-1,0
test_set/benign/ISIC_0869142_640x480.jpg,test,benign,3705,84.0,2556,4.0,-1,0
test_set/benign/ISIC_0873568_640x480.jpg,test,benign,1737,60.0,2574,2.0,-1,0
test_set/benign/ISIC_0873923_640x360.jpg,test,benign,2443,72.0,2577,2.0,-1,0
test_set/benign/ISIC_0878910_640x427.jpg,test,benign,22,78.0,2591,2.0,-1,0
test_set/benign/ISIC_0879020_640x360.jpg,test,benign,7727,82.0,2592,6.0,-1,0
test_set/benign/ISIC_0883681_640x478.jpg,test,benign,1226,72.0,2608,2.0,-1,0
test_set/benign/ISIC_0886964_640x427.jpg,test,benign,5609,90.0,2626,4.0,-1,0
test_set/benign/ISIC_0887792_640x360.jpg,test,benign,1463,92.0,2630,6.0,-1,0
test_set/benign/ISIC_0887871_640x480.jpg,test,benign,756,88.0,2631,2.0,-1,0
test_set/benign/ISIC_0890639_640x425.jpg,test,benign,1170,70.0,2639,2.0,-1,0
test_set/benign/ISIC_0892306_640x427.jpg,test,benign,2832,84.0,2642,2.0,-1,0
test_set/benign/ISIC_0893100_640x480.jpg,test,benign,1322,90.0,2646,2.0,-1,0
test_set/benign/ISIC_0893399_640x425.jpg,test,benign,8865,74.0,2648,4.0,-1,0
test_set/benign/ISIC_0894381_640x478.jpg,test,benign,897,80.0,2653,2.0,-1,0
test_set/benign/ISIC_0895547_640x360.jpg,test,benign,1053,94.0,2656,2.0,-1,0
test_set/benign/ISIC_0900216_640x480.jpg,test,benign,9835,86.0,2670,2.0,-1,0
test_set/benign/ISIC_0903175_640x427.jpg,test,benign,8499,58.0,2680,2.0,-1,0
test_set/benign/ISIC_0903608_640x427.jpg,test,benign,1813,88.0,2684,0.0,-1,0
test_set/benign/ISIC_0906053_640x480.jpg,test,benign,2518,88.0,2690,2.0,-1,0
test_set/benign/ISIC_0914038_640x427.jpg,test,benign,3732,82.0,2718,0.0,-1,0
test_set/benign/ISIC_0914251_640x360.jpg,test,benign,4034,86.0,2720,4.0,-1,0
test_set/benign/ISIC_0914537_640x478.jpg,test,benign,824,88.0,2721,4.0,-1,0
test_set/benign/ISIC_0914812_640x360.jpg,test,benign,7143,88.0,2723,6.0,-1,0
test_set/benign/ISIC_0918078_640x427.jpg,test,benign,2265,58.0,2732,2.0,-1,0
test_set/benign/ISIC_0919351_640x480.jpg,test,benign,4786,84.0,2736,2.0,-1,0
test_set/benign/ISIC_0919903_640x360.jpg,test,benign,3838,84.0,2739,6.0,-1,0
test_set/benign/ISIC_0920000_640x360.jpg,test,benign,539,94.0,2740,4.0,-1,0
test_set/benign/ISIC_0920064_640x480.jpg,test,benign,2233,88.0,2741,2.0,-1,0
test_set/benign/ISIC_0920968_640x427.jpg,test,benign,3338,76.0,2742,10.0,-1,0
test_set/benign/ISIC_0925310_640x360.jpg,test,benign,9289,90.0,2756,2.0,-1,0
test_set/benign/ISIC_0925531_640x360.jpg,test,benign,2162,86.0,2757,2.0,-1,0
test_set/benign/ISIC_0925758_640x427.jpg,test,benign,7049,74.0,2758,2.0,-1,0
test_set/benign/ISIC_0927719_640x427.jpg,test,benign,2443,82.0,2763,6.0,-1,0
test_set/benign/ISIC_0928264_640x480.jpg,test,benign,3787,86.0,2768,2.0,-1,0
test_set/benign/ISIC_0928581_640x360.jpg,test,benign,9119,82.0,2769,4.0,-1,0
test_set/benign/ISIC_0930417_640x360.jpg,test,benign,4714,90.0,2776,2.0,-1,0
test_set/benign/ISIC_0930944_640x427.jpg,test,benign,260,92.0,2778,4.0,-1,0
test_set/benign/ISIC_0931725_640x478.jpg,test,benign,8894,72.0,2782,2.0,-1,0
test_set/benign/ISIC_0937257_640x427.jpg,test,benign,9143,56.0,2795,2.0,-1,0
test_set/benign/ISIC_0939648_640x427.jpg,test,benign,8681,84.0,2805,2.0,-1,0
test_set/benign/ISIC_0940521_640x427.jpg,test,benign,7384,82.0,2808,4.0,-1,0
test_set/benign/ISIC_0941332_640x360.jpg,test,benign,2766,90.0,2812,2.0,-1,0
test_set/benign/ISIC_0944103_640x478.jpg,test,benign,3537,90.0,2821,4.0,-1,0
test_set/benign/ISIC_0944273_640x360.jpg,test,benign,4908,90.0,2822,4.0,-1,0
test_set/benign/ISIC_0946777_640x427.jpg,test,benign,1604,90.0,2829,2.0,-1,0
test_set/benign/ISIC_0946977_640x427.jpg,test,benign,865,88.0,2832,2.0,-1,0
test_set/benign/ISIC_0947409_640x427.jpg,test,benign,7544,88.0,2833,2.0,-1,0
test_set/benign/ISIC_0947634_640x360.jpg,test,benign,4391,86.0,2836,4.0,-1,0
test_set/benign/ISIC_0948152_640x427.jpg,test,benign,2907,78.0,2837,4.0,-1,0
test_set/benign/ISIC_0951519_640x427.jpg,test,benign,6487,54.0,2843,2.0,-1,0
test_set/benign/ISIC_0951791_640x480.jpg,test,benign,7382,90.0,2845,2.0,-1,0
test_set/benign/ISIC_0951915_640x480.jpg,test,benign,6088,78.0,2846,0.0,-1,0
test_set/benign/ISIC_0952098_640x427.jpg,test,benign,1591,88.0,2847,4.0,-1,0
test_set/benign/ISIC_0954236_640x360.jpg,test,benign,7787,76.0,2857,2.0,-1,0
test_set/benign/ISIC_0955945_640x360.jpg,test,benign,6487,74.0,2862,4.0,-1,0
test_set/benign/ISIC_0957034_640x480.jpg,test,benign,7843,86.0,2871,0.0,-1,0
test_set/benign/ISIC_0957641_640x427.jpg,test,benign,7920,86.0,2872,2.0,-1,0
test_set/benign/ISIC_0959562_640x427.jpg,test,benign,1393,56.0,2877,6.0,-1,0
test_set/benign/ISIC_0961888_640x425.jpg,test,benign,7926,80.0,2884,4.0,-1,0
test_set/benign/ISIC_0965885_640x427.jpg,test,benign,6962,62.0,2898,2.0,-1,0
test_set/benign/ISIC_0969170_640x427.jpg,test,benign,75,88.0,2905,2.0,-1,0
test_set/benign/ISIC_0970069_640x360.jpg,test,benign,505,82.0,2908,2.0,-1,0
test_set/benign/ISIC_0971518_640x480.jpg,test,benign,3148,82.0,2911,2.0,-1,0
test_set/benign/ISIC_0978548_640x480.jpg,test,benign,7496,86.0,2929,4.0,-1,0
test_set/benign/ISIC_0981661_640x360.jpg,test,benign,1171,82.0,2938,4.0,-1,0
test_set/benign/ISIC_0981775_640x427.jpg,test,benign,4701,86.0,2939,0.0,-1,0
test_set/benign/ISIC_0982046_640x427.jpg,test,benign,7545,70.0,2941,0.0,-1,0
test_set/benign/ISIC_0982543_640x478.jpg,test,benign,642,84.0,2942,0.0,-1,0
test_set/benign/ISIC_0982984_640x480.jpg,test,benign,1603,86.0,2945,6.0,-1,0
test_set/benign/ISIC_0985298_640x427.jpg,test,benign,7614,90.0,2955,2.0,-1,0
test_set/benign/ISIC_0985395_640x427.jpg,test,benign,7355,88.0,2956,0.0,-1,0
test_set/benign/ISIC_0985874_640x427.jpg,test,benign,1909,70.0,2958,6.0,-1,0
test_set/benign/ISIC_0988623_640x427.jpg,test,benign,6807,84.0,2971,8.0,-1,0
test_set/benign/ISIC_0990942_640x360.jpg,test,benign,7588,60.0,2978,4.0,-1,0
test_set/benign/ISIC_0999592_640x360.jpg,test,benign,3707,92.0,2992,4.0,-1,0
test_set/benign/ISIC_1001348_640x478.jpg,test,benign,9357,90.0,2999,0.0,-1,0
test_set/benign/ISIC_1001562_480x480.jpg,test,benign,9503,86.0,3001,2.0,-1,0
test_set/benign/ISIC_1003459_640x427.jpg,test,benign,2488,60.0,3006,0.0,-1,0
test_set/benign/ISIC_1004265_640x360.jpg,test,benign,71,94.0,3010,4.0,-1,0
test_set/benign/ISIC_1004416_640x427.jpg,test,benign,8989,76.0,3011,2.0,-1,0
test_set/benign/ISIC_1005597_640x360.jpg,test,benign,8019,80.0,3015,2.0,-1,0
test_set/benign/ISIC_1012387_640x360.jpg,test,benign,7461,84.0,3035,4.0,-1,0
test_set/benign/ISIC_1016695_640x480.jpg,test,benign,1751,90.0,3047,4.0,-1,0
test_set/malignant/ISIC_0000002_640x480.jpg,test,malignant,756,86.0,11586,82.0,-1,-1
test_set/malignant/ISIC_0000004_640x480.jpg,test,malignant,7697,86.0,1522,86.0,-1,-1
test_set/malignant/ISIC_0000013_640x480.jpg,test,malignant,8070,64.0,1566,74.0,-1,-1
test_set/malignant/ISIC_0000022_downsampled_640x480.jpg,test,malignant,4868,88.0,8184,88.0,-1,-1
test_set/malignant/ISIC_0000026_downsampled_640x480.jpg,test,malignant,2988,84.0,19512,84.0,-1,-1
test_set/malignant/ISIC_0000029_downsampled_640x480.jpg,test,malignant,77,68.0,29786,82.0,-1,-1
test_set/malignant/ISIC_0000030_downsampled_639x480.jpg,test,malignant,7529,84.0,8108,84.0,-1,-1
test_set/malignant/ISIC_0000031_downsampled_640x480.jpg,test,malignant,1681,84.0,29142,82.0,-1,-1
test_set/malignant/ISIC_0000035_downsampled_640x480.jpg,test,malignant,6846,84.0,22495,86.0,-1,-1
test_set/malignant/ISIC_0000036_downsampled_640x480.jpg,test,malignant,9862,88.0,837,84.0,-1,-1
test_set/malignant/ISIC_0000040_downsampled_640x480.jpg,test,malignant,9634,74.0,293,76.0,-1,-1
test_set/malignant/ISIC_0000043_downsampled_640x480.jpg,test,malignant,7915,88.0,22032,86.0,-1,-1
test_set/malignant/ISIC_0000046_downsampled_640x480.jpg,test,malignant,1551,86.0,18760,86.0,-1,-1
test_set/malignant/ISIC_0000049_downsampled_640x480.jpg,test,malignant,1201,92.0,7260,86.0,-1,-1
test_set/malignant/ISIC_0000054_downsampled_640x480.jpg,test,malignant,2989,80.0,32426,76.0,-1,-1
test_set/malignant/ISIC_0000056_downsampled_640x480.jpg,test,malignant,1074,88.0,10154,88.0,-1,-1
test_set/malignant/ISIC_0000074_640x480.jpg,test,malignant,1721,86.0,12000,88.0,-1,-1
test_set/malignant/ISIC_0000077_downsampled_640x480.jpg,test,malignant,1103,68.0,8108,74.0,-1,-1
test_set/malignant/ISIC_0000078_downsampled_640x480.jpg,test,malignant,1162,70.0,97,78.0,-1,-1
test_set/malignant/ISIC_0000139_downsampled_640x480.jpg,test,malignant,8674,82.0,65,76.0,-1,-1
test_set/malignant/ISIC_0000140_downsampled_640x480.jpg,test,malignant,214,88.0,15806,88.0,-1,-1
test_set/malignant/ISIC_0000141_downsampled_640x480.jpg,test,malignant,1410,68.0,4186,80.0,-1,-1
test_set/malignant/ISIC_0000142_downsampled_640x480.jpg,test,malignant,1780,74.0,16356,84.0,-1,-1
test_set/malignant/ISIC_0000143_downsampled_640x480.jpg,test,malignant,4588,76.0,6697,78.0,-1,-1
test_set/malignant/ISIC_0000145_downsampled_640x480.jpg,test,malignant,7770,84.0,15907,84.0,-1,-1
test_set/malignant/ISIC_0000146_downsampled_640x480.jpg,test,malignant,1625,84.0,6189,76.0,-1,-1
test_set/malignant/ISIC_0000147_downsampled_640x480.jpg,test,malignant,2660,86.0,93,92.0,-1,-1
test_set/malignant/ISIC_0000148_downsampled_640x480.jpg,test,malignant,115,76.0,12758,84.0,-1,-1
test_set/malignant/ISIC_0000149_downsampled_640x480.jpg,test,malignant,5805,88.0,18876,92.0,-1,-1
test_set/malignant/ISIC_0000150_downsampled_640x480.jpg,test,malignant,1732,86.0,27031,86.0,-1,-1
test_set/malignant/ISIC_0000151_downsampled_640x480.jpg,test,malignant,8985,60.0,24879,56.0,-1,-1
test_set/malignant/ISIC_0000152_downsampled_640x480.jpg,test,malignant,3440,78.0,5581,80.0,-1,-1
test_set/malignant/ISIC_0000153_downsampled_640x480.jpg,test,malignant,7617,86.0,18133,88.0,-1,-1
test_set/malignant/ISIC_0000154_downsampled_640x480.jpg,test,malignant,1515,74.0,19852,72.0,-1,-1
test_set/malignant/ISIC_0000155_downsampled_640x480.jpg,test,malignant,3016,86.0,995,86.0,-1,-1
test_set/malignant/ISIC_0000156_downsampled_640x480.jpg,test,malignant,5959,88.0,346,86.0,-1,-1
test_set/malignant/ISIC_0000157_640x418.jpg,test,malignant,1037,82.0,9671,88.0,-1,-1
test_set/malignant/ISIC_0000159_640x480.jpg,test,malignant,8407,86.0,1314,82.0,-1,-1
test_set/malignant/ISIC_0000160_640x479.jpg,test,malignant,3435,92.0,27383,88.0,-1,-1
test_set/malignant/ISIC_0000161_640x448.jpg,test,malignant,1623,88.0,9626,92.0,-1,-1
test_set/malignant/ISIC_0000162_640x425.jpg,test,malignant,1764,86.0,1375,88.0,-1,-1
test_set/malignant/ISIC_0000163_640x430.jpg,test,malignant,1852,76.0,7047,84.0,-1,-1
test_set/malignant/ISIC_0000164_640x426.jpg,test,malignant,8729,88.0,17505,88.0,-1,-1
test_set/malignant/ISIC_0000165_640x432.jpg,test,malignant,5862,80.0,1298,76.0,-1,-1
test_set/malignant/ISIC_0000166_639x480.jpg,test,malignant,9329,78.0,26858,88.0,-1,-1
test_set/malignant/ISIC_0000167_640x414.jpg,test,malignant,5521,88.0,5886,82.0,-1,-1
test_set/malignant/ISIC_0000169_639x480.jpg,test,malignant,713,90.0,167,88.0,-1,-1
test_set/malignant/ISIC_0000170_639x480.jpg,test,malignant,2016,80.0,27332,82.0,-1,-1
test_set/malignant/ISIC_0000171_640x478.jpg,test,malignant,3380,84.0,17770,88.0,-1,-1
test_set/malignant/ISIC_0000172_640x448.jpg,test,malignant,8323,88.0,2032,86.0,-1,-1
test_set/malignant/ISIC_0000173_636x480.jpg,test,malignant,7697,78.0,14915,86.0,-1,-1
test_set/malignant/ISIC_0000174_636x480.jpg,test,malignant,4156,76.0,21856,86.0,-1,-1
test_set/malignant/ISIC_0000175_640x423.jpg,test,malignant,8871,76.0,30697,72.0,-1,-1
test_set/malignant/ISIC_0000176_downsampled_402x480.jpg,test,malignant,2447,84.0,9854,78.0,-1,-1
test_set/malignant/ISIC_0000276_640x480.jpg,test,malignant,34,86.0,28388,86.0,-1,-1
test_set/malignant/ISIC_0000277_640x480.jpg,test,malignant,511,86.0,17379,82.0,-1,-1
test_set/malignant/ISIC_0000278_640x480.jpg,test,malignant,2708,88.0,13206,82.0,-1,-1
test_set/malignant/ISIC_0000279_640x480.jpg,test,malignant,2000,90.0,30673,88.0,-1,-1
test_set/malignant/ISIC_0000281_640x480.jpg,test,malignant,8830,86.0,30373,88.0,-1,-1
test_set/malignant/ISIC_0000282_640x480.jpg,test,malignant,34,76.0,24372,76.0,-1,-1
test_set/malignant/ISIC_0000283_640x480.jpg,test,malignant,4344,88.0,1658,86.0,-1,-1
test_set/malignant/ISIC_0000285_640x480.jpg,test,malignant,1332,90.0,20759,88.0,-1,-1
test_set/malignant/ISIC_0000287_640x480.jpg,test,malignant,1280,82.0,10191,86.0,-1,-1
test_set/malignant/ISIC_0000288_640x480.jpg,test,malignant,4078,92.0,3233,92.0,-1,-1
test_set/malignant/ISIC_0000289_640x480.jpg,test,malignant,8663,86.0,8786,90.0,-1,-1
test_set/malignant/ISIC_0000290_640x480.jpg,test,malignant,1948,84.0,26683,86.0,-1,-1
test_set/malignant/ISIC_0000292_640x480.jpg,test,malignant,6649,90.0,25946,86.0,-1,-1
test_set/malignant/ISIC_0000293_640x480.jpg,test,malignant,9948,86.0,5246,86.0,-1,-1
test_set/malignant/ISIC_0000294_640x480.jpg,test,malignant,3543,92.0,28337,88.0,-1,-1
test_set/malignant/ISIC_0000295_639x480.jpg,test,malignant,1113,76.0,14640,84.0,-1,-1
test_set/malignant/ISIC_0000297_639x480.jpg,test,malignant,307,72.0,7155,82.0,-1,-1
test_set/malignant/ISIC_0000298_639x480.jpg,test,malignant,2638,84.0,3388,82.0,-1,-1
test_set/malignant/ISIC_0000299_639x480.jpg,test,malignant,7687,84.0,7683,90.0,-1,-1
test_set/malignant/ISIC_0000300_639x480.jpg,test,malignant,1415,80.0,6689,88.0,-1,-1
test_set/malignant/ISIC_0000301_639x480.jpg,test,malignant,887,86.0,476,80.0,-1,-1
test_set/malignant/ISIC_0000302_639x480.jpg,test,malignant,786,88.0,8215,88.0,-1,-1
test_set/malignant/ISIC_0000303_639x480.jpg,test,malignant,606,82.0,9536,86.0,-1,-1
test_set/malignant/ISIC_0000306_639x480.jpg,test,malignant,860,78.0,16363,84.0,-1,-1
test_set/malignant/ISIC_0000307_639x480.jpg,test,malignant,2548,86.0,23589,86.0,-1,-1
test_set/malignant/ISIC_0000310_639x480.jpg,test,malignant,60,90.0,4908,90.0,-1,-1
test_set/malignant/ISIC_0000311_639x480.jpg,test,malignant,820,80.0,29618,88.0,-1,-1
test_set/malignant/ISIC_0000313_639x480.jpg,test,malignant,1533,72.0,14640,78.0,-1,-1
test_set/malignant/ISIC_0000314_639x480.jpg,test,malignant,1107,72.0,28884,84.0,-1,-1
test_set/malignant/ISIC_0000390_downsampled_640x480.jpg,test,malignant,242,88.0,21402,84.0,-1,-1
test_set/malignant/ISIC_0000393_downsampled_640x480.jpg,test,malignant,4868,90.0,29461,90.0,-1,-1
test_set/malignant/ISIC_0000395_downsampled_640x480.jpg,test,malignant,1553,86.0,20491,80.0,-1,-1
test_set/malignant/ISIC_0000410_downsampled_560x480.jpg,test,malignant,7656,76.0,19733,64.0,-1,-1
test_set/malignant/ISIC_0000412_downsampled_571x480.jpg,test,malignant,114,88.0,8211,86.0,-1,-1
test_set/malignant/ISIC_0000413_downsampled_640x480.jpg,test,malignant,883,88.0,2407,86.0,-1,-1
test_set/malignant/ISIC_0000415_downsampled_640x480.jpg,test,malignant,7018,88.0,8614,84.0,-1,-1
test_set/malignant/ISIC_0000420_downsampled_640x480.jpg,test,malignant,8826,84.0,24894,70.0,-1,-1
test_set/malignant/ISIC_0000434_downsampled_640x480.jpg,test,malignant,7028,80.0,1305,78.0,-1,-1
test_set/malignant/ISIC_0000444_downsampled_640x480.jpg,test,malignant,9038,82.0,5798,74.0,-1,-1
test_set/malignant/ISIC_0000445_downsampled_640x480.jpg,test,malignant,7103,72.0,16065,66.0,-1,-1
test_set/malignant/ISIC_0000463_downsampled_640x425.jpg,test,malignant,7943,76.0,9462,78.0,-1,-1
test_set/malignant/ISIC_0000466_550x480.jpg,test,malignant,6105,80.0,30644,88.0,-1,-1
test_set/malignant/ISIC_0000469_550x480.jpg,test,malignant,4559,86.0,3352,84.0,-1,-1
test_set/malignant/ISIC_0000482_550x480.jpg,test,malignant,5774,80.0,12539,78.0,-1,-1
test_set/malignant/ISIC_0000484_550x480.jpg,test,malignant,2014,84.0,9109,86.0,-1,-1
test_set/malignant/ISIC_0000487_550x480.jpg,test,malignant,3996,82.0,5059,86.0,-1,-1
test_set/malignant/ISIC_0000511_550x480.jpg,test,malignant,5814,90.0,17654,94.0,-1,-1
test_set/malignant/ISIC_0000513_550x480.jpg,test,malignant,7191,82.0,2810,86.0,-1,-1
test_set/malignant/ISIC_0000516_550x480.jpg,test,malignant,2832,82.0,2642,84.0,-1,-1
test_set/malignant/ISIC_0000517_550x480.jpg,test,malignant,4778,84.0,15215,78.0,-1,-1
test_set/malignant/ISIC_0000518_550x480.jpg,test,malignant,7567,80.0,11279,70.0,-1,-1
test_set/malignant/ISIC_0000519_downsampled_640x480.jpg,test,malignant,2460,92.0,24085,90.0,-1,-1
test_set/malignant/ISIC_0000520_downsampled_640x480.jpg,test,malignant,9441,88.0,23675,84.0,-1,-1
test_set/malignant/ISIC_0000521_downsampled_640x480.jpg,test,malignant,3379,86.0,995,86.0,-1,-1
test_set/malignant/ISIC_0000522_550x480.jpg,test,malignant,9241,84.0,23320,82.0,-1,-1
test_set/malignant/ISIC_0000531_550x480.jpg,test,malignant,3919,88.0,13651,82.0,-1,-1
test_set/malignant/ISIC_0000533_640x430.jpg,test,malignant,3892,82.0,7961,84.0,-1,-1
test_set/malignant/ISIC_0000547_550x480.jpg,test,malignant,4439,86.0,18594,92.0,-1,-1
test_set/malignant/ISIC_0000548_493x480.jpg,test,malignant,3236,74.0,16255,82.0,-1,-1
test_set/malignant/ISIC_0000549_550x480.jpg,test,malignant,3120,84.0,25634,86.0,-1,-1
test_set/malignant/ISIC_0000550_550x480.jpg,test,malignant,3511,86.0,956,86.0,-1,-1
test_set/malignant/ISIC_0000551_640x469.jpg,test,malignant,8112,90.0,24668,92.0,-1,-1
test_set/malignant/ISIC_0000552_576x480.jpg,test,malignant,1669,84.0,4444,88.0,-1,-1
test_set/malignant/ISIC_0000554_550x480.jpg,test,malignant,7008,86.0,14583,80.0,-1,-1
test_set/malignant/ISIC_0000555_588x480.jpg,test,malignant,7211,84.0,1913,84.0,-1,-1
test_set/malignant/ISIC_0001100_downsampled_640x480.jpg,test,malignant,8914,84.0,9372,76.0,-1,-1
test_set/malignant/ISIC_0001102_downsampled_640x480.jpg,test,malignant,3625,82.0,11315,76.0,-1,-1
test_set/malignant/ISIC_0001103_downsampled_640x428.jpg,test,malignant,9183,78.0,22243,78.0,-1,-1
test_set/malignant/ISIC_0001105_downsampled_640x480.jpg,test,malignant,1167,60.0,20825,74.0,-1,-1
test_set/malignant/ISIC_0001106_downsampled_640x428.jpg,test,malignant,6053,86.0,5514,84.0,-1,-1
test_set/malignant/ISIC_0001118_downsampled_640x428.jpg,test,malignant,1000,82.0,1237,82.0,-1,-1
test_set/malignant/ISIC_0001119_downsampled_640x480.jpg,test,malignant,1324,70.0,31621,70.0,-1,-1
test_set/malignant/ISIC_0001126_downsampled_640x480.jpg,test,malignant,5982,86.0,14200,82.0,-1,-1
test_set/malignant/ISIC_0001128_downsampled_640x480.jpg,test,malignant,1553,80.0,28170,76.0,-1,-1
test_set/malignant/ISIC_0001131_downsampled_640x480.jpg,test,malignant,3442,88.0,5134,88.0,-1,-1
test_set/malignant/ISIC_0001133_downsampled_640x480.jpg,test,malignant,276,90.0,1710,78.0,-1,-1
test_set/malignant/ISIC_0001134_downsampled_640x480.jpg,test,malignant,8894,64.0,12368,60.0,-1,-1
test_set/malignant/ISIC_0001140_downsampled_480x480.jpg,test,malignant,9371,76.0,27741,64.0,-1,-1
test_set/malignant/ISIC_0001142_downsampled_640x480.jpg,test,malignant,7568,76.0,19235,82.0,-1,-1
test_set/malignant/ISIC_0001148_downsampled_640x480.jpg,test,malignant,4677,84.0,4514,88.0,-1,-1
test_set/malignant/ISIC_0001152_downsampled_640x428.jpg,test,malignant,103,94.0,22443,84.0,-1,-1
test_set/malignant/ISIC_0009868_640x480.jpg,test,malignant,2102,80.0,25949,78.0,-1,-1
test_set/malignant/ISIC_0009882_640x480.jpg,test,malignant,5767,80.0,13990,80.0,-1,-1
test_set/malignant/ISIC_0009897_640x480.jpg,test,malignant,3493,92.0,12572,88.0,-1,-1
test_set/malignant/ISIC_0009898_640x480.jpg,test,malignant,9119,78.0,30684,78.0,-1,-1
test_set/malignant/ISIC_0009905_640x480.jpg,test,malignant,4486,86.0,19976,80.0,-1,-1
test_set/malignant/ISIC_0009910_640x480.jpg,test,malignant,6046,84.0,2710,88.0,-1,-1
test_set/malignant/ISIC_0009918_640x480.jpg,test,malignant,7185,90.0,11373,88.0,-1,-1
test_set/malignant/ISIC_0009927_640x480.jpg,test,malignant,9447,78.0,27578,72.0,-1,-1
test_set/malignant/ISIC_0009934_640x480.jpg,test,malignant,7485,92.0,6898,92.0,-1,-1
test_set/malignant/ISIC_0009950_640x480.jpg,test,malignant,7322,76.0,20700,74.0,-1,-1
test_set/malignant/ISIC_0009955_640x480.jpg,test,malignant,6310,74.0,14929,70.0,-1,-1
test_set/malignant/ISIC_0009960_640x480.jpg,test,malignant,2392,58.0,9681,62.0,-1,-1
test_set/malignant/ISIC_0009971_640x480.jpg,test,malignant,9200,68.0,6041,66.0,-1,-1
test_set/malignant/ISIC_0009992_640x480.jpg,test,malignant,1589,90.0,11848,84.0,-1,-1
test_set/malignant/ISIC_0009993_640x480.jpg,test,malignant,846,86.0,2658,88.0,-1,-1
test_set/malignant/ISIC_0010000_640x480.jpg,test,malignant,286,94.0,12774,90.0,-1,-1
test_set/malignant/ISIC_0010011_640x480.jpg,test,malignant,4865,84.0,26454,82.0,-1,-1
test_set/malignant/ISIC_0010016_640x480.jpg,test,malignant,6973,66.0,10142,60.0,-1,-1
test_set/malignant/ISIC_0010023_640x480.jpg,test,malignant,4585,74.0,17945,80.0,-1,-1
test_set/malignant/ISIC_0010024_640x480.jpg,test,malignant,7647,64.0,18209,60.0,-1,-1
test_set/malignant/ISIC_0010029_640x480.jpg,test,malignant,2244,84.0,22846,82.0,-1,-1
test_set/malignant/ISIC_0010034_640x480.jpg,test,malignant,4727,84.0,2798,86.0,-1,-1
test_set/malignant/ISIC_0010036_640x480.jpg,test,malignant,596,92.0,9449,90.0,-1,-1
test_set/malignant/ISIC_0010054_640x480.jpg,test,malignant,1797,86.0,14505,88.0,-1,-1
test_set/malignant/ISIC_0010056_640x480.jpg,test,malignant,3376,96.0,17208,96.0,-1,-1
test_set/malignant/ISIC_0010067_640x480.jpg,test,malignant,3386,80.0,529,80.0,-1,-1
test_set/malignant/ISIC_0010080_640x480.jpg,test,malignant,7001,74.0,16207,78.0,-1,-1
test_set/malignant/ISIC_0010081_640x480.jpg,test,malignant,8865,86.0,29922,82.0,-1,-1
test_set/malignant/ISIC_0010089_640x480.jpg,test,malignant,5022,64.0,26487,62.0,-1,-1
test_set/malignant/ISIC_0010094_640x480.jpg,test,malignant,9579,70.0,522,68.0,-1,-1
test_set/malignant/ISIC_0010171_640x480.jpg,test,malignant,2119,86.0,14730,82.0,-1,-1
test_set/malignant/ISIC_0010174_640x480.jpg,test,malignant,5131,78.0,1956,80.0,-1,-1
test_set/malignant/ISIC_0010175_640x480.jpg,test,malignant,1532,86.0,14663,86.0,-1,-1
test_set/malignant/ISIC_0010189_640x480.jpg,test,malignant,5244,92.0,16503,94.0,-1,-1
test_set/malignant/ISIC_0010194_640x480.jpg,test,malignant,1310,90.0,3634,86.0,-1,-1
test_set/malignant/ISIC_0010207_640x480.jpg,test,malignant,1553,82.0,731,74.0,-1,-1
test_set/malignant/ISIC_0010225_640x480.jpg,test,malignant,4638,78.0,21699,78.0,-1,-1
test_set/malignant/ISIC_0010231_640x480.jpg,test,malignant,2595,82.0,1245,80.0,-1,-1
test_set/malignant/ISIC_0010235_640x480.jpg,test,malignant,6558,88.0,1135,90.0,-1,-1
test_set/malignant/ISIC_0010240_640x480.jpg,test,malignant,1732,84.0,1427,90.0,-1,-1
test_set/malignant/ISIC_0010241_640x480.jpg,test,malignant,1268,82.0,6733,82.0,-1,-1
test_set/malignant/ISIC_0010251_640x480.jpg,test,malignant,8860,38.0,15881,48.0,-1,-1
test_set/malignant/ISIC_0010265_640x480.jpg,test,malignant,4981,86.0,23876,84.0,-1,-1
test_set/malignant/ISIC_0010267_640x480.jpg,test,malignant,3133,90.0,10348,86.0,-1,-1
test_set/malignant/ISIC_0010319_640x480.jpg,test,malignant,3598,90.0,19029,84.0,-1,-1
test_set/malignant/ISIC_0010321_640x480.jpg,test,malignant,9137,88.0,13588,82.0,-1,-1
test_set/malignant/ISIC_0010322_640x480.jpg,test,malignant,9684,76.0,19724,78.0,-1,-1
test_set/malignant/ISIC_0010329_640x480.jpg,test,malignant,2226,92.0,15762,88.0,-1,-1
test_set/malignant/ISIC_0010349_640x480.jpg,test,malignant,4383,92.0,19787,92.0,-1,-1
test_set/malignant/ISIC_0010350_640x480.jpg,test,malignant,8940,84.0,2138,82.0,-1,-1
test_set/malignant/ISIC_0010358_640x480.jpg,test,malignant,7857,80.0,21721,78.0,-1,-1
test_set/malignant/ISIC_0010360_640x480.jpg,test,malignant,7149,80.0,7927,78.0,-1,-1
test_set/malignant/ISIC_0010364_640x480.jpg,test,malignant,2639,78.0,7994,80.0,-1,-1
test_set/malignant/ISIC_0010372_640x480.jpg,test,malignant,6128,88.0,20990,80.0,-1,-1
test_set/malignant/ISIC_0010379_640x480.jpg,test,malignant,775,84.0,8966,82.0,-1,-1
test_set/malignant/ISIC_0010380_640x480.jpg,test,malignant,2292,82.0,3329,76.0,-1,-1
test_set/malignant/ISIC_0010441_640x480.jpg,test,malignant,7239,84.0,28529,72.0,-1,-1
test_set/malignant/ISIC_0010466_640x480.jpg,test,malignant,3054,82.0,1594,76.0,-1,-1
test_set/malignant/ISIC_0010468_640x480.jpg,test,malignant,7165,80.0,15922,84.0,-1,-1
test_set/malignant/ISIC_0010476_640x480.jpg,test,malignant,8110,82.0,390,82.0,-1,-1
test_set/malignant/ISIC_0010576_640x480.jpg,test,malignant,4689,88.0,7771,92.0,-1,-1
test_set/malignant/ISIC_0010587_640x480.jpg,test,malignant,5644,70.0,4615,70.0,-1,-1
test_set/malignant/ISIC_0010591_640x480.jpg,test,malignant,2139,88.0,17347,86.0,-1,-1
test_set/malignant/ISIC_0010596_640x480.jpg,test,malignant,1012,90.0,9852,88.0,-1,-1
test_set/malignant/ISIC_0010597_640x480.jpg,test,malignant,1780,82.0,19797,88.0,-1,-1
test_set/malignant/ISIC_0010852_640x480.jpg,test,malignant,7223,56.0,17815,58.0,-1,-1
test_set/malignant/ISIC_0010860_640x480.jpg,test,malignant,8062,80.0,1574,80.0,-1,-1
test_set/malignant/ISIC_0010862_640x480.jpg,test,malignant,8018,60.0,19924,58.0,-1,-1
test_set/malignant/ISIC_0010863_640x480.jpg,test,malignant,2373,84.0,190,92.0,-1,-1
test_set/malignant/ISIC_0011095_640x480.jpg,test,malignant,3125,80.0,6829,76.0,-1,-1
test_set/malignant/ISIC_0011099_640x480.jpg,test,malignant,4485,80.0,4329,78.0,-1,-1
test_set/malignant/ISIC_0011112_640x480.jpg,test,malignant,1943,90.0,31576,90.0,-1,-1
test_set/malignant/ISIC_0011118_640x480.jpg,test,malignant,1276,82.0,26325,78.0,-1,-1
test_set/malignant/ISIC_0011121_640x480.jpg,test,malignant,3991,94.0,11506,90.0,-1,-1
test_set/malignant/ISIC_0011125_640x480.jpg,test,malignant,5226,86.0,17574,88.0,-1,-1
test_set/malignant/ISIC_0011126_640x480.jpg,test,malignant,6002,84.0,9778,86.0,-1,-1
test_set/malignant/ISIC_0011128_640x480.jpg,test,malignant,4831,92.0,6309,84.0,-1,-1
test_set/malignant/ISIC_0011130_640x480.jpg,test,malignant,4511,88.0,10847,80.0,-1,-1
test_set/malignant/ISIC_0011132_640x480.jpg,test,malignant,6721,70.0,8684,78.0,-1,-1
test_set/malignant/ISIC_0011135_640x480.jpg,test,malignant,9318,86.0,25487,76.0,-1,-1
test_set/malignant/ISIC_0011136_640x480.jpg,test,malignant,6842,86.0,2782,84.0,-1,-1
test_set/malignant/ISIC_0011137_640x480.jpg,test,malignant,8870,84.0,18060,84.0,-1,-1
test_set/malignant/ISIC_0011139_640x480.jpg,test,malignant,2174,88.0,25781,86.0,-1,-1
test_set/malignant/ISIC_0011140_640x480.jpg,test,malignant,4260,78.0,6599,72.0,-1,-1
test_set/malignant/ISIC_0011151_640x480.jpg,test,malignant,4253,94.0,7688,88.0,-1,-1
test_set/malignant/ISIC_0011158_640x480.jpg,test,malignant,8510,84.0,22027,84.0,-1,-1
test_set/malignant/ISIC_0011161_640x480.jpg,test,malignant,7947,86.0,736,82.0,-1,-1
test_set/malignant/ISIC_0011163_640x480.jpg,test,malignant,5599,68.0,8901,78.0,-1,-1
test_set/malignant/ISIC_0011166_640x480.jpg,test,malignant,2333,84.0,524,82.0,-1,-1
test_set/malignant/ISIC_0011169_640x480.jpg,test,malignant,8912,78.0,3151,78.0,-1,-1
test_set/malignant/ISIC_0011176_640x480.jpg,test,malignant,2401,80.0,29460,82.0,-1,-1
test_set/malignant/ISIC_0011210_640x480.jpg,test,malignant,5550,68.0,3542,70.0,-1,-1
test_set/malignant/ISIC_0011295_640x480.jpg,test,malignant,3661,88.0,32085,88.0,-1,-1
test_set/malignant/ISIC_0011305_640x480.jpg,test,malignant,6689,86.0,23452,80.0,-1,-1
test_set/malignant/ISIC_0011315_640x480.jpg,test,malignant,4019,88.0,14085,86.0,-1,-1
test_set/malignant/ISIC_0011329_640x480.jpg,test,malignant,7141,88.0,7845,88.0,-1,-1
test_set/malignant/ISIC_0011334_640x480.jpg,test,malignant,5152,88.0,1759,92.0,-1,-1
test_set/malignant/ISIC_0011344_640x480.jpg,test,malignant,9190,84.0,22157,78.0,-1,-1
test_set/malignant/ISIC_0011348_640x480.jpg,test,malignant,7529,92.0,15125,90.0,-1,-1
test_set/malignant/ISIC_0011349_640x480.jpg,test,malignant,2359,90.0,21589,88.0,-1,-1
test_set/malignant/ISIC_0011350_640x480.jpg,test,malignant,1417,88.0,8840,92.0,-1,-1
test_set/malignant/ISIC_0011356_640x480.jpg,test,malignant,2276,92.0,10517,90.0,-1,-1
test_set/malignant/ISIC_0011366_640x480.jpg,test,malignant,1486,88.0,25046,88.0,-1,-1
test_set/malignant/ISIC_0011374_640x480.jpg,test,malignant,1285,96.0,27610,90.0,-1,-1
test_set/malignant/ISIC_0011387_640x480.jpg,test,malignant,2113,86.0,8919,88.0,-1,-1
test_set/malignant/ISIC_0011390_640x480.jpg,test,malignant,5643,90.0,1849,86.0,-1,-1
test_set/malignant/ISIC_0012099_downsampled_640x425.jpg,test,malignant,1393,54.0,2040,40.0,-1,-1
test_set/malignant/ISIC_0012137_downsampled_640x425.jpg,test,malignant,8767,66.0,8026,62.0,-1,-1
test_set/malignant/ISIC_0012151_downsampled_640x425.jpg,test,malignant,5877,86.0,11711,84.0,-1,-1
test_set/malignant/ISIC_0012208_downsampled_640x425.jpg,test,malignant,7190,52.0,3226,62.0,-1,-1
test_set/malignant/ISIC_0012258_downsampled_640x425.jpg,test,malignant,860,80.0,7681,80.0,-1,-1
test_set/malignant/ISIC_0012288_downsampled_640x425.jpg,test,malignant,7312,78.0,2230,66.0,-1,-1
test_set/malignant/ISIC_0012290_downsampled_640x425.jpg,test,malignant,9035,86.0,21524,84.0,-1,-1
test_set/malignant/ISIC_0012298_downsampled_640x425.jpg,test,malignant,6198,78.0,21056,78.0,-1,-1
test_set/malignant/ISIC_0012348_downsampled_640x425.jpg,test,malignant,1088,88.0,13906,86.0,-1,-1
test_set/malignant/ISIC_0012356_downsampled_640x425.jpg,test,malignant,5108,88.0,4203,94.0,-1,-1
test_set/malignant/ISIC_0012369_downsampled_640x425.jpg,test,malignant,9356,88.0,3899,88.0,-1,-1
test_set/malignant/ISIC_0012382_downsampled_640x425.jpg,test,malignant,5415,84.0,4557,90.0,-1,-1
test_set/malignant/ISIC_0012391_downsampled_640x425.jpg,test,malignant,9529,74.0,29978,72.0,-1,-1
test_set/malignant/ISIC_0012395_downsampled_640x425.jpg,test,malignant,2407,82.0,3151,76.0,-1,-1
test_set/malignant/ISIC_0012425_downsampled_640x425.jpg,test,malignant,1711,80.0,7172,64.0,-1,-1
test_set/malignant/ISIC_0012434_downsampled_640x425.jpg,test,malignant,3982,80.0,16197,74.0,-1,-1
test_set/malignant/ISIC_0012435_downsampled_640x425.jpg,test,malignant,5676,82.0,25169,82.0,-1,-1
test_set/malignant/ISIC_0012450_downsampled_640x425.jpg,test,malignant,4979,80.0,2197,70.0,-1,-1
test_set/malignant/ISIC_0012512_downsampled_640x425.jpg,test,malignant,1170,82.0,30136,74.0,-1,-1
test_set/malignant/ISIC_0012678_downsampled_640x425.jpg,test,malignant,6921,84.0,18603,82.0,-1,-1
test_set/malignant/ISIC_0012701_downsampled_640x425.jpg,test,malignant,9195,70.0,1013,70.0,-1,-1
test_set/malignant/ISIC_0012715_downsampled_640x425.jpg,test,malignant,5716,92.0,10008,90.0,-1,-1
test_set/malignant/ISIC_0012749_downsampled_640x425.jpg,test,malignant,6296,90.0,8001,90.0,-1,-1
test_set/malignant/ISIC_0012756_downsampled_640x428.jpg,test,malignant,383,76.0,1026,64.0,-1,-1
test_set/malignant/ISIC_0012758_510x480.jpg,test,malignant,2375,56.0,14853,58.0,-1,-1
test_set/malignant/ISIC_0012887_downsampled_640x425.jpg,test,malignant,6487,72.0,555,66.0,-1,-1
test_set/malignant/ISIC_0012930_downsampled_640x425.jpg,test,malignant,2392,72.0,10736,68.0,-1,-1
test_set/malignant/ISIC_0012988_downsampled_640x425.jpg,test,malignant,7116,66.0,7627,66.0,-1,-1
test_set/malignant/ISIC_0012989_downsampled_640x425.jpg,test,malignant,6487,72.0,555,68.0,-1,-1
test_set/malignant/ISIC_0012990_downsampled_640x425.jpg,test,malignant,2444,58.0,27697,56.0,-1,-1
test_set/malignant/ISIC_0013072_downsampled_640x425.jpg,test,malignant,4773,82.0,1482,80.0,-1,-1
test_set/malignant/ISIC_0013073_downsampled_640x425.jpg,test,malignant,757,94.0,30484,88.0,-1,-1
test_set/malignant/ISIC_0013079_downsampled_640x425.jpg,test,malignant,8053,84.0,19700,82.0,-1,-1
test_set/malignant/ISIC_0013141_downsampled_640x425.jpg,test,malignant,5161,78.0,10444,76.0,-1,-1
test_set/malignant/ISIC_0013184_downsampled_640x428.jpg,test,malignant,383,76.0,1026,60.0,-1,-1
test_set/malignant/ISIC_0013198_downsampled_640x425.jpg,test,malignant,1563,86.0,462,86.0,-1,-1
test_set/malignant/ISIC_0013232_downsampled_640x425.jpg,test,malignant,4324,76.0,18603,66.0,-1,-1
test_set/malignant/ISIC_0013242_downsampled_640x428.jpg,test,malignant,263,80.0,7763,82.0,-1,-1
test_set/malignant/ISIC_0013258_downsampled_640x425.jpg,test,malignant,9244,72.0,7652,74.0,-1,-1
test_set/malignant/ISIC_0013277_downsampled_640x425.jpg,test,malignant,2771,88.0,11297,84.0,-1,-1
test_set/malignant/ISIC_0013321_downsampled_640x425.jpg,test,malignant,4486,86.0,11962,88.0,-1,-1
test_set/malignant/ISIC_0013334_downsampled_640x425.jpg,test,malignant,9645,84.0,17119,80.0,-1,-1
test_set/malignant/ISIC_0013359_downsampled_640x425.jpg,test,malignant,1553,82.0,774,82.0,-1,-1
test_set/malignant/ISIC_0013365_downsampled_640x425.jpg,test,malignant,2583,72.0,18571,60.0,-1,-1
test_set/malignant/ISIC_0013374_downsampled_640x425.jpg,test,malignant,5172,86.0,31928,86.0,-1,-1
test_set/malignant/ISIC_0013411_downsampled_640x425.jpg,test,malignant,1302,90.0,19885,88.0,-1,-1
test_set/malignant/ISIC_0013414_downsampled_640x425.jpg,test,malignant,217,86.0,6069,90.0,-1,-1
test_set/malignant/ISIC_0013427_downsampled_640x425.jpg,test,malignant,2583,72.0,8543,68.0,-1,-1
test_set/malignant/ISIC_0013429_downsampled_640x425.jpg,test,malignant,7098,86.0,28854,84.0,-1,-1
test_set/malignant/ISIC_0013455_downsampled_640x425.jpg,test,malignant,6177,88.0,16905,82.0,-1,-1
test_set/malignant/ISIC_0013457_downsampled_640x425.jpg,test,malignant,638,88.0,8885,76.0,-1,-1
test_set/malignant/ISIC_0013459_downsampled_640x425.jpg,test,malignant,6765,70.0,24182,60.0,-1,-1
test_set/malignant/ISIC_0013472_downsampled_640x425.jpg,test,malignant,1825,78.0,5032,64.0,-1,-1
test_set/malignant/ISIC_0013473_downsampled_640x425.jpg,test,malignant,101,90.0,125,84.0,-1,-1
test_set/malignant/ISIC_0013490_downsampled_640x425.jpg,test,malignant,2974,84.0,8101,74.0,-1,-1
test_set/malignant/ISIC_0013491_downsampled_640x425.jpg,test,malignant,2583,80.0,8543,74.0,-1,-1
test_set/malignant/ISIC_0013497_downsampled_640x425.jpg,test,malignant,1170,80.0,17119,68.0,-1,-1
test_set/malignant/ISIC_0013499_downsampled_640x428.jpg,test,malignant,9068,78.0,19928,70.0,-1,-1
test_set/malignant/ISIC_0013500_downsampled_640x428.jpg,test,malignant,5121,82.0,1673,74.0,-1,-1
test_set/malignant/ISIC_0013501_downsampled_640x425.jpg,test,malignant,7289,70.0,25664,68.0,-1,-1
test_set/malignant/ISIC_0013518_downsampled_640x425.jpg,test,malignant,2791,82.0,14898,74.0,-1,-1
test_set/malignant/ISIC_0013525_downsampled_640x425.jpg,test,malignant,145,78.0,5579,80.0,-1,-1
test_set/malignant/ISIC_0013530_downsampled_640x425.jpg,test,malignant,6487,82.0,4351,78.0,-1,-1
test_set/malignant/ISIC_0013549_downsampled_640x425.jpg,test,malignant,7021,78.0,6824,78.0,-1,-1
test_set/malignant/ISIC_0013565_downsampled_640x425.jpg,test,malignant,2746,84.0,13093,88.0,-1,-1
test_set/malignant/ISIC_0013567_downsampled_640x425.jpg,test,malignant,923,92.0,9263,82.0,-1,-1
test_set/malignant/ISIC_0013572_downsampled_640x425.jpg,test,malignant,6758,90.0,35,92.0,-1,-1
test_set/malignant/ISIC_0013573_downsampled_640x428.jpg,test,malignant,1492,90.0,1612,80.0,-1,-1
test_set/malignant/ISIC_0013577_downsampled_640x425.jpg,test,malignant,1170,78.0,8543,56.0,-1,-1
test_set/malignant/ISIC_0013578_downsampled_640x425.jpg,test,malignant,7065,76.0,30884,62.0,-1,-1
test_set/malignant/ISIC_0013579_downsampled_640x425.jpg,test,malignant,1170,80.0,3955,60.0,-1,-1
test_set/malignant/ISIC_0013581_downsampled_640x425.jpg,test,malignant,6155,86.0,2953,80.0,-1,-1
test_set/malignant/ISIC_0013588_downsampled_640x425.jpg,test,malignant,597,86.0,18724,86.0,-1,-1
test_set/malignant/ISIC_0013594_downsampled_640x425.jpg,test,malignant,9035,86.0,21524,84.0,-1,-1
test_set/malignant/ISIC_0013606_downsampled_640x425.jpg,test,malignant,6943,88.0,18567,80.0,-1,-1
test_set/malignant/ISIC_0013610_downsampled_640x425.jpg,test,malignant,8069,74.0,2981,74.0,-1,-1
test_set/malignant/ISIC_0013615_downsampled_640x425.jpg,test,malignant,770,76.0,2639,70.0,-1,-1
test_set/malignant/ISIC_0013617_downsampled_640x428.jpg,test,malignant,773,88.0,3955,86.0,-1,-1
test_set/malignant/ISIC_0013618_downsampled_640x425.jpg,test,malignant,1170,72.0,13266,72.0,-1,-1
test_set/malignant/ISIC_0013626_downsampled_640x428.jpg,test,malignant,6688,84.0,26556,80.0,-1,-1
test_set/malignant/ISIC_0013634_downsampled_640x425.jpg,test,malignant,7065,72.0,28337,66.0,-1,-1
test_set/malignant/ISIC_0013636_downsampled_640x425.jpg,test,malignant,2467,92.0,9866,84.0,-1,-1
test_set/malignant/ISIC_0013639_downsampled_640x428.jpg,test,malignant,2550,76.0,1026,70.0,-1,-1
test_set/malignant/ISIC_0013644_downsampled_640x425.jpg,test,malignant,7822,88.0,15344,84.0,-1,-1
test_set/malignant/ISIC_0013651_downsampled_640x425.jpg,test,malignant,2127,90.0,6189,84.0,-1,-1
test_set/malignant/ISIC_0013652_downsampled_640x425.jpg,test,malignant,7714,86.0,22346,80.0,-1,-1
test_set/malignant/ISIC_0013663_downsampled_640x425.jpg,test,malignant,4246,88.0,193,92.0,-1,-1
test_set/malignant/ISIC_0013671_downsampled_640x425.jpg,test,malignant,1170,74.0,12383,58.0,-1,-1
test_set/malignant/ISIC_0013672_downsampled_640x425.jpg,test,malignant,1142,84.0,5904,74.0,-1,-1
test_set/malignant/ISIC_0013674_downsampled_640x425.jpg,test,malignant,4853,84.0,1455,82.0,-1,-1
test_set/malignant/ISIC_0013678_downsampled_640x425.jpg,test,malignant,27,86.0,11251,84.0,-1,-1
test_set/malignant/ISIC_0013696_downsampled_640x425.jpg,test,malignant,787,86.0,10766,66.0,-1,-1
test_set/malignant/ISIC_0013702_downsampled_640x425.jpg,test,malignant,7103,78.0,493,66.0,-1,-1
test_set/malignant/ISIC_0013733_downsampled_640x425.jpg,test,malignant,1170,74.0,32627,60.0,-1,-1
test_set/malignant/ISIC_0013736_downsampled_640x425.jpg,test,malignant,857,80.0,12338,80.0,-1,-1
test_set/malignant/ISIC_0013739_downsampled_640x425.jpg,test,malignant,7568,84.0,4630,84.0,-1,-1
test_set/malignant/ISIC_0013740_downsampled_640x425.jpg,test,malignant,6807,86.0,8060,84.0,-1,-1
test_set/malignant/ISIC_0013762_downsampled_640x425.jpg,test,malignant,1170,80.0,19226,74.0,-1,-1
test_set/malignant/ISIC_0013766_downsampled_640x425.jpg,test,malignant,7065,76.0,5032,64.0,-1,-1
test_set/malignant/ISIC_0013767_downsampled_640x428.jpg,test,malignant,199,90.0,774,88.0,-1,-1
test_set/malignant/ISIC_0013775_downsampled_640x425.jpg,test,malignant,7872,76.0,29100,64.0,-1,-1
test_set/malignant/ISIC_0013777_downsampled_640x425.jpg,test,malignant,6926,92.0,30247,78.0,-1,-1
test_set/malignant/ISIC_0013783_downsampled_640x425.jpg,test,malignant,3998,84.0,31202,82.0,-1,-1
test_set/malignant/ISIC_0013813_downsampled_640x425.jpg,test,malignant,1355,90.0,6373,78.0,-1,-1
test_set/malignant/ISIC_0013814_downsampled_640x425.jpg,test,malignant,9035,84.0,6648,78.0,-1,-1
test_set/malignant/ISIC_0013815_downsampled_640x425.jpg,test,malignant,6793,88.0,12361,82.0,-1,-1
test_set/malignant/ISIC_0013828_downsampled_640x425.jpg,test,malignant,1735,88.0,21076,86.0,-1,-1
test_set/malignant/ISIC_0013831_downsampled_640x425.jpg,test,malignant,5142,72.0,9189,68.0,-1,-1
test_set/malignant/ISIC_0013832_downsampled_640x425.jpg,test,malignant,7099,82.0,8101,68.0,-1,-1
test_set/malignant/ISIC_0013833_downsampled_640x425.jpg,test,malignant,1424,92.0,2069,88.0,-1,-1
test_set/malignant/ISIC_0013839_downsampled_640x425.jpg,test,malignant,2443,66.0,12693,58.0,-1,-1
test_set/malignant/ISIC_0013840_downsampled_640x425.jpg,test,malignant,9392,86.0,32627,78.0,-1,-1
test_set/malignant/ISIC_0013842_downsampled_640x425.jpg,test,malignant,2120,80.0,1637,62.0,-1,-1
test_set/malignant/ISIC_0013844_downsampled_640x425.jpg,test,malignant,2265,76.0,11690,70.0,-1,-1
test_set/malignant/ISIC_0013845_downsampled_640x425.jpg,test,malignant,6814,82.0,31745,84.0,-1,-1
test_set/malignant/ISIC_0013861_downsampled_640x425.jpg,test,malignant,770,86.0,9028,76.0,-1,-1
test_set/malignant/ISIC_0013865_downsampled_640x425.jpg,test,malignant,2587,74.0,8543,74.0,-1,-1
test_set/malignant/ISIC_0013867_downsampled_640x425.jpg,test,malignant,9990,82.0,32627,54.0,-1,-1
test_set/malignant/ISIC_0013874_downsampled_640x425.jpg,test,malignant,141,84.0,3082,62.0,-1,-1
test_set/malignant/ISIC_0013908_downsampled_640x425.jpg,test,malignant,8836,92.0,2559,92.0,-1,-1
test_set/malignant/ISIC_0013917_downsampled_640x425.jpg,test,malignant,4649,80.0,464,78.0,-1,-1
test_set/malignant/ISIC_0013925_downsampled_640x425.jpg,test,malignant,1246,76.0,25967,84.0,-1,-1
test_set/malignant/ISIC_0013936_downsampled_640x425.jpg,test,malignant,2331,70.0,12779,56.0,-1,-1
test_set/malignant/ISIC_0013948_downsampled_640x425.jpg,test,malignant,8819,86.0,5402,80.0,-1,-1
test_set/malignant/ISIC_0013953_downsampled_640x428.jpg,test,malignant,383,84.0,25442,76.0,-1,-1
test_set/malignant/ISIC_0013969_downsampled_640x425.jpg,test,malignant,1553,74.0,20274,66.0,-1,-1
test_set/malignant/ISIC_0013972_downsampled_640x425.jpg,test,malignant,1504,88.0,30799,74.0,-1,-1
test_set/malignant/ISIC_0013975_downsampled_640x425.jpg,test,malignant,2379,88.0,25727,86.0,-1,-1
test_set/malignant/ISIC_0013984_downsampled_640x425.jpg,test,malignant,7018,86.0,18061,84.0,-1,-1
test_set/malignant/ISIC_0013986_downsampled_640x425.jpg,test,malignant,2555,90.0,10180,90.0,-1,-1
test_set/malignant/ISIC_0013987_downsampled_640x425.jpg,test,malignant,8053,84.0,7503,88.0,-1,-1
test_set/malignant/ISIC_0013988_downsampled_640x425.jpg,test,malignant,3144,94.0,21435,82.0,-1,-1
test_set/malignant/ISIC_0013995_downsampled_640x425.jpg,test,malignant,4314,84.0,5507,84.0,-1,-1
test_set/malignant/ISIC_0013997_downsampled_640x425.jpg,test,malignant,9019,76.0,25369,76.0,-1,-1
test_set/malignant/ISIC_0014013_downsampled_640x425.jpg,test,malignant,7291,88.0,5282,82.0,-1,-1
test_set/malignant/ISIC_0014027_downsampled_640x425.jpg,test,malignant,1441,94.0,14732,86.0,-1,-1
test_set/malignant/ISIC_0014037_downsampled_640x425.jpg,test,malignant,5697,94.0,5291,92.0,-1,-1
test_set/malignant/ISIC_0014044_downsampled_640x425.jpg,test,malignant,2579,92.0,24724,82.0,-1,-1
test_set/malignant/ISIC_0014049_downsampled_640x425.jpg,test,malignant,8799,76.0,29704,70.0,-1,-1
test_set/malignant/ISIC_0014059_downsampled_640x425.jpg,test,malignant,2544,78.0,19768,54.0,-1,-1
test_set/malignant/ISIC_0014061_downsampled_640x425.jpg,test,malignant,856,82.0,13015,60.0,-1,-1
test_set/malignant/ISIC_0014062_downsampled_640x425.jpg,test,malignant,7244,80.0,16668,68.0,-1,-1
test_set/malignant/ISIC_0014072_downsampled_640x425.jpg,test,malignant,770,74.0,16962,74.0,-1,-1
test_set/malignant/ISIC_0014076_downsampled_640x425.jpg,test,malignant,7065,88.0,28195,84.0,-1,-1
test_set/malignant/ISIC_0014077_downsampled_640x425.jpg,test,malignant,6865,86.0,31177,82.0,-1,-1
test_set/malignant/ISIC_0014079_downsampled_640x425.jpg,test,malignant,78,84.0,2144,86.0,-1,-1
test_set/malignant/ISIC_0014082_downsampled_640x425.jpg,test,malignant,2587,80.0,1673,82.0,-1,-1
test_set/malignant/ISIC_0014088_downsampled_640x425.jpg,test,malignant,773,80.0,17992,74.0,-1,-1
test_set/malignant/ISIC_0014092_downsampled_640x425.jpg,test,malignant,1170,70.0,5996,56.0,-1,-1
test_set/malignant/ISIC_0014099_downsampled_640x425.jpg,test,malignant,3669,92.0,12069,88.0,-1,-1
test_set/malignant/ISIC_0014103_downsampled_640x425.jpg,test,malignant,6962,78.0,4361,72.0,-1,-1
test_set/malignant/ISIC_0014108_downsampled_640x425.jpg,test,malignant,1170,80.0,17119,56.0,-1,-1
test_set/malignant/ISIC_0014110_downsampled_640x425.jpg,test,malignant,1170,84.0,6698,68.0,-1,-1
test_set/malignant/ISIC_0014127_downsampled_640x425.jpg,test,malignant,1170,76.0,10539,72.0,-1,-1
test_set/malignant/ISIC_0014129_downsampled_640x425.jpg,test,malignant,1170,76.0,3812,68.0,-1,-1
test_set/malignant/ISIC_0014132_downsampled_640x425.jpg,test,malignant,7065,70.0,13515,68.0,-1,-1
test_set/malignant/ISIC_0014133_downsampled_640x425.jpg,test,malignant,1619,88.0,477,78.0,-1,-1
test_set/malignant/ISIC_0014136_downsampled_640x425.jpg,test,malignant,6952,92.0,2460,84.0,-1,-1
test_set/malignant/ISIC_0014144_downsampled_640x425.jpg,test,malignant,6883,76.0,10939,70.0,-1,-1
test_set/malignant/ISIC_0014148_downsampled_640x425.jpg,test,malignant,2583,82.0,20274,68.0,-1,-1
test_set/malignant/ISIC_0014151_downsampled_640x425.jpg,test,malignant,1553,78.0,20032,78.0,-1,-1
test_set/malignant/ISIC_0014156_downsampled_640x425.jpg,test,malignant,7223,84.0,17022,80.0,-1,-1
test_set/malignant/ISIC_0014157_downsampled_640x425.jpg,test,malignant,1170,74.0,7703,66.0,-1,-1
test_set/malignant/ISIC_0014160_downsampled_640x425.jpg,test,malignant,6409,82.0,31623,72.0,-1,-1
test_set/malignant/ISIC_0014163_downsampled_640x425.jpg,test,malignant,2545,80.0,9028,78.0,-1,-1
test_set/malignant/ISIC_0014171_downsampled_640x425.jpg,test,malignant,1786,84.0,23245,70.0,-1,-1
test_set/malignant/ISIC_0014173_downsampled_640x425.jpg,test,malignant,7997,86.0,11071,86.0,-1,-1
test_set/malignant/ISIC_0014181_downsampled_640x425.jpg,test,malignant,672,84.0,29428,74.0,-1,-1
test_set/malignant/ISIC_0014183_downsampled_640x425.jpg,test,malignant,1170,78.0,3812,72.0,-1,-1
test_set/malignant/ISIC_0014186_downsampled_640x425.jpg,test,malignant,7099,86.0,24491,76.0,-1,-1
test_set/malignant/ISIC_0014187_downsampled_640x425.jpg,test,malignant,770,84.0,31584,70.0,-1,-1
test_set/malignant/ISIC_0014189_downsampled_640x425.jpg,test,malignant,120,70.0,3339,72.0,-1,-1
test_set/malignant/ISIC_0014190_downsampled_640x425.jpg,test,malignant,2583,80.0,32601,68.0,-1,-1
test_set/malignant/ISIC_0014217_downsampled_640x425.jpg,test,malignant,2595,74.0,8783,68.0,-1,-1
test_set/malignant/ISIC_0014219_downsampled_640x425.jpg,test,malignant,1553,80.0,3339,62.0,-1,-1
test_set/malignant/ISIC_0014221_downsampled_640x425.jpg,test,malignant,1170,68.0,8543,66.0,-1,-1
test_set/malignant/ISIC_0014222_downsampled_640x425.jpg,test,malignant,1142,90.0,19572,82.0,-1,-1
test_set/malignant/ISIC_0014229_downsampled_640x425.jpg,test,malignant,7982,74.0,11641,66.0,-1,-1
test_set/malignant/ISIC_0014233_downsampled_640x425.jpg,test,malignant,2879,76.0,3339,72.0,-1,-1
test_set/malignant/ISIC_0014238_downsampled_640x425.jpg,test,malignant,7099,78.0,12023,74.0,-1,-1
test_set/malignant/ISIC_0014249_downsampled_640x425.jpg,test,malignant,5458,84.0,18404,84.0,-1,-1
test_set/malignant/ISIC_0014255_downsampled_640x425.jpg,test,malignant,8035,88.0,6084,78.0,-1,-1
test_set/malignant/ISIC_0014270_downsampled_640x425.jpg,test,malignant,2583,74.0,17458,70.0,-1,-1
test_set/malignant/ISIC_0014284_downsampled_640x425.jpg,test,malignant,1553,78.0,29098,60.0,-1,-1
test_set/malignant/ISIC_0014288_downsampled_640x425.jpg,test,malignant,36,68.0,24664,52.0,-1,-1
test_set/malignant/ISIC_0014289_downsampled_640x425.jpg,test,malignant,638,82.0,23152,0.0,-1,1
test_set/malignant/ISIC_0014290_downsampled_640x425.jpg,test,malignant,2583,84.0,14718,72.0,-1,-1
test_set/malignant/ISIC_0014291_downsampled_640x425.jpg,test,malignant,7099,76.0,7943,70.0,-1,-1
test_set/malignant/ISIC_0014302_downsampled_640x425.jpg,test,malignant,9669,82.0,5215,70.0,-1,-1
test_set/malignant/ISIC_0014308_downsampled_640x425.jpg,test,malignant,2587,80.0,10321,64.0,-1,-1
test_set/malignant/ISIC_0014316_downsampled_640x425.jpg,test,malignant,801,80.0,10321,60.0,-1,-1
test_set/malignant/ISIC_0014319_downsampled_640x425.jpg,test,malignant,3796,74.0,9028,68.0,-1,-1
test_set/malignant/ISIC_0014324_downsampled_640x425.jpg,test,malignant,7099,86.0,28341,70.0,-1,-1
test_set/malignant/ISIC_0014325_downsampled_640x425.jpg,test,malignant,7099,88.0,15682,74.0,-1,-1
test_set/malignant/ISIC_0014327_downsampled_640x425.jpg,test,malignant,1167,82.0,455,76.0,-1,-1
test_set/malignant/ISIC_0014331_downsampled_640x425.jpg,test,malignant,770,78.0,7476,0.0,-1,1
test_set/malignant/ISIC_0014336_downsampled_640x425.jpg,test,malignant,1170,76.0,6932,72.0,-1,-1
test_set/malignant/ISIC_0014337_downsampled_640x425.jpg,test,malignant,7065,72.0,24918,62.0,-1,-1
test_set/malignant/ISIC_0014347_downsampled_640x425.jpg,test,malignant,770,76.0,32627,58.0,-1,-1
test_set/malignant/ISIC_0014349_downsampled_640x425.jpg,test,malignant,7099,78.0,3141,70.0,-1,-1
test_set/malignant/ISIC_0014357_downsampled_640x425.jpg,test,malignant,9035,80.0,493,74.0,-1,-1
test_set/malignant/ISIC_0014360_downsampled_640x425.jpg,test,malignant,888,82.0,27222,4.0,-1,1
test_set/malignant/ISIC_0014361_downsampled_640x425.jpg,test,malignant,9154,74.0,29212,74.0,-1,-1
test_set/malignant/ISIC_0014366_downsampled_640x425.jpg,test,malignant,1124,76.0,477,70.0,-1,-1
test_set/malignant/ISIC_0014369_downsampled_640x425.jpg,test,malignant,8110,80.0,758,2.0,-1,1
test_set/malignant/ISIC_0014372_downsampled_640x425.jpg,test,malignant,120,80.0,29164,68.0,-1,-1
test_set/malignant/ISIC_0014385_downsampled_640x425.jpg,test,malignant,904,92.0,19768,76.0,-1,-1
test_set/malignant/ISIC_0014395_downsampled_640x425.jpg,test,malignant,1494,72.0,3748,64.0,-1,-1
test_set/malignant/ISIC_0014422_downsampled_640x425.jpg,test,malignant,1170,68.0,22250,52.0,-1,-1
test_set/malignant/ISIC_0014423_downsampled_640x425.jpg,test,malignant,1170,58.0,3082,52.0,-1,-1
test_set/malignant/ISIC_0014428_downsampled_640x425.jpg,test,malignant,7053,78.0,2850,62.0,-1,-1
test_set/malignant/ISIC_0014434_downsampled_640x425.jpg,test,malignant,6871,86.0,30845,66.0,-1,-1
test_set/malignant/ISIC_0014454_downsampled_640x425.jpg,test,malignant,1170,86.0,1612,74.0,-1,-1
test_set/malignant/ISIC_0014476_downsampled_640x425.jpg,test,malignant,9064,80.0,18457,70.0,-1,-1
test_set/malignant/ISIC_0014478_downsampled_640x425.jpg,test,malignant,5812,84.0,3568,2.0,-1,1
test_set/malignant/ISIC_0014480_downsampled_640x425.jpg,test,malignant,1170,72.0,16676,58.0,-1,-1
test_set/malignant/ISIC_0014486_downsampled_640x425.jpg,test,malignant,6993,78.0,3141,70.0,-1,-1
test_set/malignant/ISIC_0014489_downsampled_640x425.jpg,test,malignant,8865,82.0,10645,68.0,-1,-1
test_set/malignant/ISIC_0014501_downsampled_640x425.jpg,test,malignant,1170,72.0,17525,74.0,-1,-1
test_set/malignant/ISIC_0014506_downsampled_640x425.jpg,test,malignant,888,84.0,5972,68.0,-1,-1
test_set/malignant/ISIC_0014507_downsampled_640x425.jpg,test,malignant,7870,74.0,8980,2.0,-1,1
test_set/malignant/ISIC_0014513_downsampled_640x425.jpg,test,malignant,1170,80.0,11489,2.0,-1,1
test_set/malignant/ISIC_0014518_downsampled_640x425.jpg,test,malignant,1038,92.0,19921,86.0,-1,-1
test_set/malignant/ISIC_0014525_downsampled_640x425.jpg,test,malignant,1170,68.0,2263,56.0,-1,-1
test_set/malignant/ISIC_0014527_downsampled_640x425.jpg,test,malignant,2587,80.0,22817,68.0,-1,-1
test_set/malignant/ISIC_0014541_downsampled_640x425.jpg,test,malignant,2595,82.0,20274,78.0,-1,-1
test_set/malignant/ISIC_0014542_downsampled_640x425.jpg,test,malignant,6516,90.0,14611,86.0,-1,-1
test_set/malignant/ISIC_0014543_downsampled_640x425.jpg,test,malignant,2583,76.0,12315,62.0,-1,-1
test_set/malignant/ISIC_0014545_downsampled_640x425.jpg,test,malignant,7514,74.0,32634,62.0,-1,-1
test_set/malignant/ISIC_0014546_downsampled_640x425.jpg,test,malignant,1170,76.0,17119,62.0,-1,-1
test_set/malignant/ISIC_0014548_downsampled_640x425.jpg,test,malignant,1170,72.0,17119,52.0,-1,-1
test_set/malignant/ISIC_0014557_downsampled_640x425.jpg,test,malignant,770,82.0,12315,62.0,-1,-1
test_set/malignant/ISIC_0014558_downsampled_640x425.jpg,test,malignant,1142,82.0,23866,74.0,-1,-1
test_set/malignant/ISIC_0014559_downsampled_640x425.jpg,test,malignant,1142,80.0,1084,78.0,-1,-1
test_set/malignant/ISIC_0014663_downsampled_640x429.jpg,test,malignant,2199,90.0,4931,90.0,-1,-1
test_set/malignant/ISIC_0014666_downsampled_640x426.jpg,test,malignant,2470,88.0,1047,88.0,-1,-1
test_set/malignant/ISIC_0014688_downsampled_640x423.jpg,test,malignant,226,94.0,23086,84.0,-1,-1
test_set/malignant/ISIC_0014695_downsampled_640x426.jpg,test,malignant,5518,86.0,28357,86.0,-1,-1
test_set/malignant/ISIC_0014703_downsampled_640x426.jpg,test,malignant,7484,86.0,15263,82.0,-1,-1
test_set/malignant/ISIC_0014722_downsampled_640x426.jpg,test,malignant,1240,92.0,12293,88.0,-1,-1
test_set/malignant/ISIC_0014727_downsampled_640x428.jpg,test,malignant,4062,86.0,2418,90.0,-1,-1
test_set/malignant/ISIC_0014735_downsampled_640x423.jpg,test,malignant,2007,90.0,30132,90.0,-1,-1
test_set/malignant/ISIC_0014766_downsampled_640x427.jpg,test,malignant,1631,84.0,26340,84.0,-1,-1
test_set/malignant/ISIC_0014772_downsampled_640x424.jpg,test,malignant,8765,86.0,10145,86.0,-1,-1
test_set/malignant/ISIC_0014784_downsampled_640x426.jpg,test,malignant,255,90.0,2871,92.0,-1,-1
test_set/malignant/ISIC_0014788_downsampled_640x429.jpg,test,malignant,5315,76.0,15744,76.0,-1,-1
test_set/malignant/ISIC_0014790_downsampled_640x428.jpg,test,malignant,1027,90.0,9001,94.0,-1,-1
test_set/malignant/ISIC_0014795_downsampled_640x426.jpg,test,malignant,6586,90.0,14011,86.0,-1,-1
test_set/malignant/ISIC_0014800_downsampled_640x426.jpg,test,malignant,3008,86.0,29033,82.0,-1,-1
test_set/malignant/ISIC_0014809_downsampled_640x427.jpg,test,malignant,5688,84.0,6865,82.0,-1,-1
test_set/malignant/ISIC_0014826_downsampled_640x425.jpg,test,malignant,1764,86.0,1375,86.0,-1,-1
test_set/malignant/ISIC_0014832_downsampled_640x428.jpg,test,malignant,7713,88.0,24178,84.0,-1,-1
test_set/malignant/ISIC_0014857_downsampled_640x428.jpg,test,malignant,7916,96.0,18526,88.0,-1,-1
test_set/malignant/ISIC_0014862_downsampled_640x426.jpg,test,malignant,1899,92.0,11098,86.0,-1,-1
test_set/malignant/ISIC_0014872_downsampled_640x428.jpg,test,malignant,4456,96.0,2746,94.0,-1,-1
test_set/malignant/ISIC_0014883_downsampled_640x426.jpg,test,malignant,1998,84.0,21612,88.0,-1,-1
test_set/malignant/ISIC_0014891_downsampled_640x426.jpg,test,malignant,4917,86.0,4755,90.0,-1,-1
test_set/malignant/ISIC_0014897_downsampled_640x428.jpg,test,malignant,7054,74.0,15275,76.0,-1,-1
test_set/malignant/ISIC_0014912_downsampled_640x423.jpg,test,malignant,9216,86.0,27399,84.0,-1,-1
test_set/malignant/ISIC_0014919_downsampled_640x425.jpg,test,malignant,7860,66.0,20879,66.0,-1,-1
test_set/malignant/ISIC_0014920_downsampled_640x426.jpg,test,malignant,9133,68.0,28015,74.0,-1,-1
test_set/malignant/ISIC_0014922_downsampled_640x426.jpg,test,malignant,1277,92.0,4729,88.0,-1,-1
test_set/malignant/ISIC_0014928_downsampled_640x424.jpg,test,malignant,8597,76.0,22694,70.0,-1,-1
test_set/malignant/ISIC_0014931_downsampled_640x424.jpg,test,malignant,5497,84.0,3585,90.0,-1,-1
test_set/malignant/ISIC_0014932_downsampled_640x424.jpg,test,malignant,4833,78.0,11937,84.0,-1,-1
test_set/malignant/ISIC_0014946_downsampled_640x424.jpg,test,malignant,7321,78.0,10050,84.0,-1,-1
test_set/malignant/ISIC_0014951_downsampled_640x424.jpg,test,malignant,1243,92.0,7810,90.0,-1,-1
test_set/malignant/ISIC_0014963_downsampled_640x426.jpg,test,malignant,2209,94.0,28354,88.0,-1,-1
test_set/malignant/ISIC_0014975_downsampled_640x426.jpg,test,malignant,6122,90.0,18330,90.0,-1,-1
test_set/malignant/ISIC_0014979_downsampled_640x426.jpg,test,malignant,9091,92.0,5299,90.0,-1,-1
test_set/malignant/ISIC_0014982_downsampled_640x426.jpg,test,malignant,436,88.0,15752,84.0,-1,-1
test_set/malignant/ISIC_0014983_downsampled_640x427.jpg,test,malignant,5393,88.0,10023,86.0,-1,-1
test_set/malignant/ISIC_0014985_downsampled_640x426.jpg,test,malignant,9591,90.0,13374,86.0,-1,-1
test_set/malignant/ISIC_0014987_downsampled_640x427.jpg,test,malignant,3982,80.0,1228,76.0,-1,-1
test_set/malignant/ISIC_0015004_downsampled_640x430.jpg,test,malignant,3353,94.0,25088,88.0,-1,-1
test_set/malignant/ISIC_0015005_downsampled_640x427.jpg,test,malignant,513,90.0,7223,88.0,-1,-1
test_set/malignant/ISIC_0015041_downsampled_640x425.jpg,test,malignant,7924,76.0,2761,72.0,-1,-1
test_set/malignant/ISIC_0015045_downsampled_640x424.jpg,test,malignant,7852,86.0,12582,86.0,-1,-1
test_set/malignant/ISIC_0015046_downsampled_640x426.jpg,test,malignant,4467,90.0,7137,88.0,-1,-1
test_set/malignant/ISIC_0015050_downsampled_640x424.jpg,test,malignant,5891,92.0,31847,88.0,-1,-1
test_set/malignant/ISIC_0015071_downsampled_640x423.jpg,test,malignant,4156,78.0,12216,84.0,-1,-1
test_set/malignant/ISIC_0015079_downsampled_640x425.jpg,test,malignant,129,86.0,15308,80.0,-1,-1
test_set/malignant/ISIC_0015082_downsampled_640x423.jpg,test,malignant,4072,90.0,1830,86.0,-1,-1
test_set/malignant/ISIC_0015109_downsampled_640x426.jpg,test,malignant,4145,86.0,28522,88.0,-1,-1
test_set/malignant/ISIC_0015110_downsampled_640x421.jpg,test,malignant,7697,80.0,25391,90.0,-1,-1
test_set/malignant/ISIC_0015115_downsampled_640x423.jpg,test,malignant,1066,88.0,4944,90.0,-1,-1
test_set/malignant/ISIC_0015119_downsampled_640x424.jpg,test,malignant,618,92.0,2256,94.0,-1,-1
test_set/malignant/ISIC_0015124_downsampled_640x423.jpg,test,malignant,3380,86.0,21337,88.0,-1,-1
test_set/malignant/ISIC_0015127_downsampled_640x421.jpg,test,malignant,3829,76.0,10180,78.0,-1,-1
test_set/malignant/ISIC_0015132_downsampled_640x423.jpg,test,malignant,1900,82.0,23811,84.0,-1,-1
test_set/malignant/ISIC_0015133_downsampled_640x427.jpg,test,malignant,93,84.0,23987,86.0,-1,-1
test_set/malignant/ISIC_0015136_downsampled_640x423.jpg,test,malignant,1284,86.0,30096,88.0,-1,-1
test_set/malignant/ISIC_0015142_downsampled_640x421.jpg,test,malignant,874,90.0,18322,76.0,-1,-1
test_set/malignant/ISIC_0015156_downsampled_640x426.jpg,test,malignant,2300,90.0,9925,84.0,-1,-1
test_set/malignant/ISIC_0015163_downsampled_640x426.jpg,test,malignant,2302,90.0,8307,90.0,-1,-1
test_set/malignant/ISIC_0015166_downsampled_640x431.jpg,test,malignant,3355,90.0,5662,92.0,-1,-1
test_set/malignant/ISIC_0015167_downsampled_640x424.jpg,test,malignant,106,86.0,23224,90.0,-1,-1
test_set/malignant/ISIC_0015180_downsampled_640x424.jpg,test,malignant,2394,88.0,19365,84.0,-1,-1
test_set/malignant/ISIC_0015185_downsampled_640x428.jpg,test,malignant,4560,90.0,6992,88.0,-1,-1
test_set/malignant/ISIC_0015189_downsampled_640x426.jpg,test,malignant,4087,86.0,536,86.0,-1,-1
test_set/malignant/ISIC_0015190_downsampled_640x425.jpg,test,malignant,6502,88.0,8545,84.0,-1,-1
test_set/malignant/ISIC_0015193_downsampled_640x426.jpg,test,malignant,167,82.0,21605,88.0,-1,-1
test_set/malignant/ISIC_0015200_downsampled_640x424.jpg,test,malignant,286,92.0,31388,88.0,-1,-1
test_set/malignant/ISIC_0015204_downsampled_640x426.jpg,test,malignant,1836,86.0,27859,82.0,-1,-1
test_set/malignant/ISIC_0015206_downsampled_640x428.jpg,test,malignant,5499,88.0,10686,82.0,-1,-1
test_set/malignant/ISIC_0015219_downsampled_640x428.jpg,test,malignant,29,86.0,23318,86.0,-1,-1
test_set/malignant/ISIC_0015229_downsampled_640x424.jpg,test,malignant,570,98.0,5768,94.0,-1,-1
test_set/malignant/ISIC_0015243_downsampled_640x426.jpg,test,malignant,1631,90.0,5790,92.0,-1,-1
test_set/malignant/ISIC_0015251_downsampled_640x426.jpg,test,malignant,8421,84.0,27494,88.0,-1,-1
train_set/benign/ISIC_1821821_640x480.jpg,train,benign,7301,90.0,5734,2.0,-1,0
train_set/benign/ISIC_1825481_640x360.jpg,train,benign,1747,88.0,5740,4.0,-1,0
train_set/benign/ISIC_1826094_640x480.jpg,train,benign,2388,86.0,5742,4.0,-1,0
train_set/benign/ISIC_1832586_640x480.jpg,train,benign,120,90.0,5758,0.0,-1,0
train_set/benign/ISIC_1834367_640x480.jpg,train,benign,7411,82.0,5764,0.0,-1,0
train_set/benign/ISIC_1835426_640x480.jpg,train,benign,7355,72.0,5769,2.0,-1,0
train_set/benign/ISIC_1836410_640x427.jpg,train,benign,6464,84.0,5772,0.0,-1,0
train_set/benign/ISIC_1836914_640x480.jpg,train,benign,5623,88.0,5775,2.0,-1,0
train_set/benign/ISIC_1838216_640x427.jpg,train,benign,8801,70.0,5781,4.0,-1,0
train_set/benign/ISIC_1841825_640x427.jpg,train,benign,2016,86.0,5788,2.0,-1,0
train_set/benign/ISIC_1842239_640x480.jpg,train,benign,7001,82.0,5792,0.0,-1,0
train_set/benign/ISIC_1843053_640x360.jpg,train,benign,6825,74.0,5794,4.0,-1,0
train_set/benign/ISIC_1843259_640x360.jpg,train,benign,2596,88.0,5795,6.0,-1,0
train_set/benign/ISIC_1844585_640x427.jpg,train,benign,7856,88.0,5799,2.0,-1,0
train_set/benign/ISIC_1845450_640x478.jpg,train,benign,7578,88.0,5804,0.0,-1,0
train_set/benign/ISIC_1845926_640x427.jpg,train,benign,6962,64.0,5806,2.0,-1,0
train_set/benign/ISIC_1847285_640x360.jpg,train,benign,7154,80.0,5813,4.0,-1,0
train_set/benign/ISIC_1847516_640x427.jpg,train,benign,9470,76.0,5814,8.0,-1,0
train_set/benign/ISIC_1850790_640x360.jpg,train,benign,4745,80.0,5831,4.0,-1,0
train_set/benign/ISIC_1854320_640x427.jpg,train,benign,7555,68.0,5845,2.0,-1,0
train_set/benign/ISIC_1858805_640x427.jpg,train,benign,1647,70.0,5857,4.0,-1,0
train_set/benign/ISIC_1860548_640x360.jpg,train,benign,1426,88.0,5867,4.0,-1,0
train_set/benign/ISIC_1864210_640x360.jpg,train,benign,321,90.0,5877,4.0,-1,0
train_set/benign/ISIC_1864858_640x480.jpg,train,benign,6069,70.0,5879,0.0,-1,0
train_set/benign/ISIC_1865060_640x427.jpg,train,benign,8840,78.0,5880,10.0,-1,0
train_set/benign/ISIC_1867577_640x360.jpg,train,benign,6881,66.0,5886,4.0,-1,0
train_set/benign/ISIC_1870377_640x360.jpg,train,benign,4125,78.0,5901,8.0,-1,0
train_set/benign/ISIC_1872823_640x427.jpg,train,benign,8949,50.0,5907,2.0,-1,0
train_set/benign/ISIC_1874377_640x427.jpg,train,benign,20,92.0,5911,2.0,-1,0
train_set/benign/ISIC_1875086_640x480.jpg,train,benign,5582,78.0,5914,0.0,-1,0
train_set/benign/ISIC_1875729_640x360.jpg,train,benign,8839,72.0,5915,6.0,-1,0
train_set/benign/ISIC_1875839_640x360.jpg,train,benign,8146,78.0,5916,4.0,-1,0
train_set/benign/ISIC_1876943_640x360.jpg,train,benign,6846,90.0,5920,8.0,-1,0
train_set/benign/ISIC_1880716_640x360.jpg,train,benign,6488,76.0,5933,4.0,-1,0
train_set/benign/ISIC_1888148_640x427.jpg,train,benign,2395,66.0,5963,2.0,-1,0
train_set/benign/ISIC_1888185_640x480.jpg,train,benign,8999,90.0,5964,0.0,-1,0
train_set/benign/ISIC_1891091_640x425.jpg,train,benign,1170,78.0,5972,2.0,-1,0
train_set/benign/ISIC_1891515_640x480.jpg,train,benign,4647,74.0,5974,0.0,-1,0
train_set/benign/ISIC_1894133_640x427.jpg,train,benign,9302,60.0,5982,2.0,-1,0
train_set/benign/ISIC_1894141_640x480.jpg,train,benign,7148,88.0,5983,2.0,-1,0
train_set/benign/ISIC_1894573_640x427.jpg,train,benign,7032,88.0,5985,2.0,-1,0
train_set/benign/ISIC_1894741_640x360.jpg,train,benign,4692,88.0,5988,0.0,-1,0
train_set/benign/ISIC_1896350_640x360.jpg,train,benign,5445,82.0,5993,6.0,-1,0
train_set/benign/ISIC_1896364_640x360.jpg,train,benign,2456,76.0,5994,4.0,-1,0
train_set/benign/ISIC_1900433_640x480.jpg,train,benign,6892,88.0,6003,2.0,-1,0
train_set/benign/ISIC_1901298_640x360.jpg,train,benign,6634,90.0,6007,4.0,-1,0
train_set/benign/ISIC_1903848_640x425.jpg,train,benign,9265,58.0,6015,0.0,-1,0
train_set/benign/ISIC_1904244_640x360.jpg,train,benign,8022,86.0,6017,0.0,-1,0
train_set/benign/ISIC_1905855_640x360.jpg,train,benign,1767,72.0,6022,8.0,-1,0
train_set/benign/ISIC_1906004_640x360.jpg,train,benign,6277,92.0,6023,4.0,-1,0
train_set/benign/ISIC_1906141_640x480.jpg,train,benign,7158,86.0,6024,4.0,-1,0
train_set/benign/ISIC_1907792_640x360.jpg,train,benign,8985,80.0,6027,4.0,-1,0
train_set/benign/ISIC_1907829_640x360.jpg,train,benign,3054,84.0,6028,2.0,-1,0
train_set/benign/ISIC_1907984_640x480.jpg,train,benign,8719,82.0,6030,2.0,-1,0
train_set/benign/ISIC_1908781_640x360.jpg,train,benign,1240,90.0,6032,8.0,-1,0
train_set/benign/ISIC_1908801_640x360.jpg,train,benign,7021,80.0,6033,4.0,-1,0
train_set/benign/ISIC_1912518_640x427.jpg,train,benign,1469,84.0,6044,4.0,-1,0
train_set/benign/ISIC_1912578_640x428.jpg,train,benign,4453,90.0,6045,4.0,-1,0
train_set/benign/ISIC_1912902_640x480.jpg,train,benign,7029,78.0,6049,2.0,-1,0
train_set/benign/ISIC_1915549_640x360.jpg,train,benign,4811,84.0,6052,4.0,-1,0
train_set/benign/ISIC_1915890_640x427.jpg,train,benign,2243,76.0,6054,0.0,-1,0
train_set/benign/ISIC_1915989_640x427.jpg,train,benign,7608,76.0,6055,4.0,-1,0
train_set/benign/ISIC_1918027_640x478.jpg,train,benign,7428,76.0,6060,2.0,-1,0
train_set/benign/ISIC_1919829_640x478.jpg,train,benign,8518,76.0,6065,2.0,-1,0
train_set/benign/ISIC_1920685_640x427.jpg,train,benign,7356,58.0,6067,2.0,-1,0
train_set/benign/ISIC_1922645_640x427.jpg,train,benign,8859,82.0,942,2.0,-1,0
train_set/benign/ISIC_1922657_640x427.jpg,train,benign,9519,86.0,6074,4.0,-1,0
train_set/benign/ISIC_1924663_640x427.jpg,train,benign,8840,66.0,6080,2.0,-1,0
train_set/benign/ISIC_1924821_640x427.jpg,train,benign,4588,80.0,6081,4.0,-1,0
train_set/benign/ISIC_1924898_640x427.jpg,train,benign,8767,44.0,6082,0.0,-1,0
train_set/benign/ISIC_1925623_640x427.jpg,train,benign,9876,92.0,6088,0.0,-1,0
train_set/benign/ISIC_1926656_640x427.jpg,train,benign,7117,68.0,6093,4.0,-1,0
train_set/benign/ISIC_1928712_640x480.jpg,train,benign,135,76.0,6099,0.0,-1,0
train_set/benign/ISIC_1929037_640x427.jpg,train,benign,7787,72.0,6100,2.0,-1,0
train_set/benign/ISIC_1930598_640x480.jpg,train,benign,8190,90.0,6105,2.0,-1,0
train_set/benign/ISIC_1932154_640x427.jpg,train,benign,7822,84.0,6111,2.0,-1,0
train_set/benign/ISIC_1932632_640x427.jpg,train,benign,1,88.0,6116,2.0,-1,0
train_set/benign/ISIC_1934097_640x427.jpg,train,benign,699,90.0,6121,0.0,-1,0
train_set/benign/ISIC_1937197_640x480.jpg,train,benign,8909,62.0,6132,2.0,-1,0
train_set/benign/ISIC_1938535_640x360.jpg,train,benign,439,90.0,6137,2.0,-1,0
train_set/benign/ISIC_1939569_640x480.jpg,train,benign,6828,82.0,6142,2.0,-1,0
train_set/benign/ISIC_1940924_640x480.jpg,train,benign,4040,94.0,6146,4.0,-1,0
train_set/benign/ISIC_1941920_640x360.jpg,train,benign,9245,76.0,6147,4.0,-1,0
train_set/benign/ISIC_1942114_640x480.jpg,train,benign,3470,84.0,6148,0.0,-1,0
train_set/benign/ISIC_1943654_640x427.jpg,train,benign,2511,94.0,6151,0.0,-1,0
train_set/benign/ISIC_1945381_640x427.jpg,train,benign,6716,74.0,6159,2.0,-1,0
train_set/benign/ISIC_1948751_640x360.jpg,train,benign,7728,92.0,6168,4.0,-1,0
train_set/benign/ISIC_1950616_640x480.jpg,train,benign,9524,90.0,6176,0.0,-1,0
train_set/benign/ISIC_1950847_640x480.jpg,train,benign,9058,88.0,6177,0.0,-1,0
train_set/benign/ISIC_1952049_640x480.jpg,train,benign,3792,72.0,6182,4.0,-1,0
train_set/benign/ISIC_1953293_640x480.jpg,train,benign,1817,88.0,6186,2.0,-1,0
train_set/benign/ISIC_1953808_640x427.jpg,train,benign,8989,62.0,6188,0.0,-1,0
train_set/benign/ISIC_1960393_640x427.jpg,train,benign,2343,80.0,6212,2.0,-1,0
train_set/benign/ISIC_1964765_640x360.jpg,train,benign,3751,92.0,6231,4.0,-1,0
train_set/benign/ISIC_1966916_640x360.jpg,train,benign,8481,82.0,6236,6.0,-1,0
train_set/benign/ISIC_1967178_640x480.jpg,train,benign,2879,82.0,6238,4.0,-1,0
train_set/benign/ISIC_1970738_640x360.jpg,train,benign,5846,88.0,6248,2.0,-1,0
train_set/benign/ISIC_1971254_640x427.jpg,train,benign,9252,70.0,6249,0.0,-1,0
train_set/benign/ISIC_1972293_640x427.jpg,train,benign,8713,62.0,6251,2.0,-1,0
train_set/benign/ISIC_1973447_640x427.jpg,train,benign,9828,80.0,6256,0.0,-1,0
train_set/benign/ISIC_1974094_640x360.jpg,train,benign,2226,88.0,6259,4.0,-1,0
train_set/benign/ISIC_1974777_640x427.jpg,train,benign,6798,84.0,6263,2.0,-1,0
train_set/benign/ISIC_1975665_640x480.jpg,train,benign,1670,82.0,6270,2.0,-1,0
train_set/benign/ISIC_1976444_640x360.jpg,train,benign,434,68.0,6275,4.0,-1,0
train_set/benign/ISIC_1977110_640x480.jpg,train,benign,6763,76.0,6278,4.0,-1,0
train_set/benign/ISIC_1979109_640x427.jpg,train,benign,7356,56.0,6288,0.0,-1,0
train_set/benign/ISIC_1979473_640x480.jpg,train,benign,8740,88.0,6289,2.0,-1,0
train_set/benign/ISIC_1980878_640x480.jpg,train,benign,1372,76.0,6294,2.0,-1,0
train_set/benign/ISIC_1982295_640x427.jpg,train,benign,9165,84.0,6296,2.0,-1,0
train_set/benign/ISIC_1983507_640x480.jpg,train,benign,3383,90.0,6298,2.0,-1,0
train_set/benign/ISIC_1985569_640x360.jpg,train,benign,764,92.0,6308,4.0,-1,0
train_set/benign/ISIC_1988058_640x427.jpg,train,benign,7784,80.0,6314,0.0,-1,0
train_set/benign/ISIC_1988336_640x360.jpg,train,benign,5083,82.0,6317,8.0,-1,0
train_set/benign/ISIC_1990520_640x360.jpg,train,benign,7050,84.0,6326,4.0,-1,0
train_set/benign/ISIC_1990771_640x480.jpg,train,benign,3150,94.0,6328,4.0,-1,0
train_set/benign/ISIC_1995369_640x360.jpg,train,benign,269,92.0,6341,4.0,-1,0
train_set/benign/ISIC_1995402_640x425.jpg,train,benign,7832,88.0,6342,4.0,-1,0
train_set/benign/ISIC_1996356_640x360.jpg,train,benign,8751,74.0,6344,2.0,-1,0
train_set/benign/ISIC_1996538_640x427.jpg,train,benign,9151,74.0,6345,0.0,-1,0
train_set/benign/ISIC_2000959_640x480.jpg,train,benign,9131,82.0,6355,2.0,-1,0
train_set/benign/ISIC_2003357_640x480.jpg,train,benign,9757,84.0,6364,0.0,-1,0
train_set/benign/ISIC_2005921_640x360.jpg,train,benign,7803,88.0,6368,4.0,-1,0
train_set/benign/ISIC_2009167_640x427.jpg,train,benign,8568,90.0,6382,0.0,-1,0
train_set/benign/ISIC_2009761_640x427.jpg,train,benign,5264,78.0,6384,2.0,-1,0
train_set/benign/ISIC_2011758_640x480.jpg,train,benign,2948,86.0,6391,4.0,-1,0
train_set/benign/ISIC_2011808_640x480.jpg,train,benign,2501,68.0,6392,4.0,-1,0
train_set/benign/ISIC_2012388_640x480.jpg,train,benign,6909,76.0,6396,2.0,-1,0
train_set/benign/ISIC_2012509_640x480.jpg,train,benign,512,86.0,6397,4.0,-1,0
train_set/benign/ISIC_2015441_640x360.jpg,train,benign,4248,82.0,6409,0.0,-1,0
train_set/benign/ISIC_2021296_640x360.jpg,train,benign,973,90.0,6424,0.0,-1,0
train_set/benign/ISIC_2024384_640x427.jpg,train,benign,9154,66.0,6434,2.0,-1,0
train_set/benign/ISIC_2027392_640x427.jpg,train,benign,6729,80.0,6437,0.0,-1,0
train_set/benign/ISIC_2027628_640x427.jpg,train,benign,7438,70.0,6440,4.0,-1,0
train_set/benign/ISIC_2027705_640x360.jpg,train,benign,4260,84.0,6441,2.0,-1,0
train_set/benign/ISIC_2028658_640x427.jpg,train,benign,1385,62.0,6444,2.0,-1,0
train_set/benign/ISIC_2030126_640x360.jpg,train,benign,937,94.0,6448,4.0,-1,0
train_set/benign/ISIC_2030997_640x427.jpg,train,benign,9200,62.0,6450,2.0,-1,0
train_set/benign/ISIC_2032658_640x427.jpg,train,benign,2363,92.0,6456,2.0,-1,0
train_set/benign/ISIC_2032815_640x480.jpg,train,benign,2459,66.0,6457,2.0,-1,0
train_set/benign/ISIC_2033106_640x427.jpg,train,benign,1968,88.0,6460,6.0,-1,0
train_set/benign/ISIC_2034923_640x427.jpg,train,benign,2340,62.0,6469,2.0,-1,0
train_set/benign/ISIC_2036093_640x360.jpg,train,benign,2734,88.0,6474,4.0,-1,0
train_set/benign/ISIC_2036426_640x360.jpg,train,benign,2464,78.0,6476,2.0,-1,0
train_set/benign/ISIC_2038024_640x360.jpg,train,benign,5678,76.0,6480,2.0,-1,0
train_set/benign/ISIC_2039259_640x360.jpg,train,benign,3517,88.0,6484,4.0,-1,0
train_set/benign/ISIC_2039579_640x360.jpg,train,benign,4520,90.0,6485,4.0,-1,0
train_set/benign/ISIC_2040268_640x427.jpg,train,benign,2955,84.0,6486,2.0,-1,0
train_set/benign/ISIC_2040614_640x360.jpg,train,benign,8794,88.0,6488,4.0,-1,0
train_set/benign/ISIC_2041726_640x427.jpg,train,benign,7370,70.0,6492,2.0,-1,0
train_set/benign/ISIC_2042953_640x427.jpg,train,benign,9309,82.0,6496,8.0,-1,0
train_set/benign/ISIC_2045377_640x360.jpg,train,benign,1931,80.0,6502,2.0,-1,0
train_set/benign/ISIC_2045595_640x360.jpg,train,benign,7733,84.0,6504,6.0,-1,0
train_set/benign/ISIC_2047791_640x427.jpg,train,benign,6959,66.0,6508,2.0,-1,0
train_set/benign/ISIC_2049142_640x427.jpg,train,benign,2991,76.0,6513,4.0,-1,0
train_set/benign/ISIC_2050512_640x480.jpg,train,benign,2260,84.0,6517,2.0,-1,0
train_set/benign/ISIC_2051278_640x360.jpg,train,benign,5111,76.0,6519,4.0,-1,0
train_set/benign/ISIC_2052529_640x427.jpg,train,benign,1731,82.0,6523,0.0,-1,0
train_set/benign/ISIC_2053051_640x427.jpg,train,benign,5022,54.0,6526,2.0,-1,0
train_set/benign/ISIC_2054180_640x360.jpg,train,benign,3308,90.0,6530,2.0,-1,0
train_set/benign/ISIC_2055859_640x360.jpg,train,benign,9403,86.0,6533,2.0,-1,0
train_set/benign/ISIC_2056468_640x360.jpg,train,benign,5669,84.0,6537,2.0,-1,0
train_set/benign/ISIC_2057729_640x360.jpg,train,benign,1626,84.0,6542,0.0,-1,0
train_set/benign/ISIC_2066146_640x480.jpg,train,benign,5823,80.0,6568,2.0,-1,0
train_set/benign/ISIC_2066616_640x360.jpg,train,benign,9443,80.0,6569,0.0,-1,0
train_set/benign/ISIC_2066769_640x427.jpg,train,benign,5076,94.0,6571,2.0,-1,0
train_set/benign/ISIC_2070441_640x480.jpg,train,benign,2559,88.0,6583,2.0,-1,0
train_set/benign/ISIC_2070718_640x360.jpg,train,benign,3620,80.0,6585,4.0,-1,0
train_set/benign/ISIC_2071418_640x478.jpg,train,benign,6686,84.0,6588,4.0,-1,0
train_set/benign/ISIC_2073994_640x360.jpg,train,benign,2644,84.0,6598,4.0,-1,0
train_set/benign/ISIC_2074764_640x427.jpg,train,benign,8440,74.0,6601,4.0,-1,0
train_set/benign/ISIC_2075121_640x427.jpg,train,benign,6929,82.0,6604,0.0,-1,0
train_set/benign/ISIC_2075655_640x427.jpg,train,benign,720,94.0,6609,4.0,-1,0
train_set/benign/ISIC_2075799_640x427.jpg,train,benign,9491,62.0,6610,2.0,-1,0
train_set/benign/ISIC_2076902_640x360.jpg,train,benign,8633,90.0,6611,4.0,-1,0
train_set/benign/ISIC_2079078_640x480.jpg,train,benign,7618,82.0,6618,2.0,-1,0
train_set/benign/ISIC_2079300_640x427.jpg,train,benign,8469,84.0,6620,2.0,-1,0
train_set/benign/ISIC_2079466_640x480.jpg,train,benign,453,86.0,6622,0.0,-1,0
train_set/benign/ISIC_2081489_640x480.jpg,train,benign,4134,84.0,6627,0.0,-1,0
train_set/benign/ISIC_2083499_640x360.jpg,train,benign,3052,70.0,6631,2.0,-1,0
train_set/benign/ISIC_2084963_640x480.jpg,train,benign,2703,90.0,6633,0.0,-1,0
train_set/benign/ISIC_2085439_640x427.jpg,train,benign,7404,90.0,6634,4.0,-1,0
train_set/benign/ISIC_2086540_640x360.jpg,train,benign,8707,78.0,6638,2.0,-1,0
train_set/benign/ISIC_2093604_640x360.jpg,train,benign,1358,76.0,6655,2.0,-1,0
train_set/benign/ISIC_2093777_640x427.jpg,train,benign,8640,80.0,6656,4.0,-1,0
train_set/benign/ISIC_2094064_640x480.jpg,train,benign,2118,80.0,6658,2.0,-1,0
train_set/benign/ISIC_2094603_640x360.jpg,train,benign,1819,82.0,6664,2.0,-1,0
train_set/benign/ISIC_2095143_640x360.jpg,train,benign,4801,86.0,6665,6.0,-1,0
train_set/benign/ISIC_2096870_640x360.jpg,train,benign,6424,78.0,6668,2.0,-1,0
train_set/benign/ISIC_2097704_640x480.jpg,train,benign,9560,78.0,6671,2.0,-1,0
train_set/benign/ISIC_2098525_640x360.jpg,train,benign,4163,86.0,6676,2.0,-1,0
train_set/benign/ISIC_2099059_640x360.jpg,train,benign,1201,90.0,6678,4.0,-1,0
train_set/benign/ISIC_2099776_640x427.jpg,train,benign,3604,76.0,6681,2.0,-1,0
train_set/benign/ISIC_2100500_640x427.jpg,train,benign,7287,80.0,6683,2.0,-1,0
train_set/benign/ISIC_2100640_640x360.jpg,train,benign,5333,88.0,6684,2.0,-1,0
train_set/benign/ISIC_2105735_640x360.jpg,train,benign,2231,82.0,6699,2.0,-1,0
train_set/benign/ISIC_2108425_640x360.jpg,train,benign,5099,90.0,6704,2.0,-1,0
train_set/benign/ISIC_2108823_640x360.jpg,train,benign,2595,88.0,6707,2.0,-1,0
train_set/benign/ISIC_2109549_640x360.jpg,train,benign,8759,70.0,6710,4.0,-1,0
train_set/benign/ISIC_2109766_640x360.jpg,train,benign,5923,84.0,6713,4.0,-1,0
train_set/benign/ISIC_2112213_640x480.jpg,train,benign,6275,88.0,6720,2.0,-1,0
train_set/benign/ISIC_2114564_640x427.jpg,train,benign,2180,86.0,6727,2.0,-1,0
train_set/benign/ISIC_2115449_640x427.jpg,train,benign,3546,68.0,6729,2.0,-1,0
train_set/benign/ISIC_2117372_640x427.jpg,train,benign,1671,84.0,6735,4.0,-1,0
train_set/benign/ISIC_2119201_640x427.jpg,train,benign,3094,84.0,6739,2.0,-1,0
train_set/benign/ISIC_2120371_640x427.jpg,train,benign,1498,52.0,6741,0.0,-1,0
train_set/benign/ISIC_2121383_640x480.jpg,train,benign,5907,88.0,6745,0.0,-1,0
train_set/benign/ISIC_2122918_640x360.jpg,train,benign,3102,82.0,6750,6.0,-1,0
train_set/benign/ISIC_2133381_640x427.jpg,train,benign,2392,80.0,6782,2.0,-1,0
train_set/benign/ISIC_2133980_640x480.jpg,train,benign,5182,94.0,6784,2.0,-1,0
train_set/benign/ISIC_2136243_640x480.jpg,train,benign,1505,82.0,6795,2.0,-1,0
train_set/benign/ISIC_2139752_640x360.jpg,train,benign,4029,88.0,6805,4.0,-1,0
train_set/benign/ISIC_2140374_640x360.jpg,train,benign,2755,80.0,6808,6.0,-1,0
train_set/benign/ISIC_2141786_640x427.jpg,train,benign,9017,90.0,6813,0.0,-1,0
train_set/benign/ISIC_2143002_640x480.jpg,train,benign,4215,86.0,6821,2.0,-1,0
train_set/benign/ISIC_2147342_640x427.jpg,train,benign,6962,78.0,6834,4.0,-1,0
train_set/benign/ISIC_2149030_640x480.jpg,train,benign,1426,84.0,6841,4.0,-1,0
train_set/benign/ISIC_2149531_640x427.jpg,train,benign,6771,80.0,6842,2.0,-1,0
train_set/benign/ISIC_2150010_640x427.jpg,train,benign,2331,70.0,6844,0.0,-1,0
train_set/benign/ISIC_2150997_640x425.jpg,train,benign,856,82.0,6847,4.0,-1,0
train_set/benign/ISIC_2153301_640x427.jpg,train,benign,7116,68.0,6858,2.0,-1,0
train_set/benign/ISIC_2153879_640x480.jpg,train,benign,9302,64.0,6861,0.0,-1,0
train_set/benign/ISIC_2154275_640x478.jpg,train,benign,9447,84.0,6864,2.0,-1,0
train_set/benign/ISIC_2155391_640x427.jpg,train,benign,1508,80.0,6865,2.0,-1,0
train_set/benign/ISIC_2155899_640x360.jpg,train,benign,6350,84.0,6869,0.0,-1,0
train_set/benign/ISIC_2158873_640x427.jpg,train,benign,9265,66.0,6879,4.0,-1,0
train_set/benign/ISIC_2160139_640x480.jpg,train,benign,7529,90.0,6887,0.0,-1,0
train_set/benign/ISIC_2160145_640x427.jpg,train,benign,505,88.0,6888,2.0,-1,0
train_set/benign/ISIC_2161864_640x360.jpg,train,benign,7305,62.0,6894,6.0,-1,0
train_set/benign/ISIC_2162728_640x360.jpg,train,benign,7860,78.0,6901,4.0,-1,0
train_set/benign/ISIC_2163734_640x360.jpg,train,benign,9614,84.0,6904,2.0,-1,0
train_set/benign/ISIC_2164802_640x427.jpg,train,benign,6683,80.0,6905,4.0,-1,0
train_set/benign/ISIC_2166661_640x480.jpg,train,benign,7063,74.0,6911,2.0,-1,0
train_set/benign/ISIC_2168904_320x480.jpg,train,benign,9324,92.0,6917,4.0,-1,0
train_set/benign/ISIC_2171616_640x427.jpg,train,benign,6271,66.0,6926,0.0,-1,0
train_set/benign/ISIC_2172806_640x427.jpg,train,benign,1909,62.0,6933,2.0,-1,0
train_set/benign/ISIC_2174927_640x360.jpg,train,benign,1101,84.0,6938,4.0,-1,0
train_set/benign/ISIC_2176822_640x360.jpg,train,benign,5269,88.0,6945,2.0,-1,0
train_set/benign/ISIC_2178583_640x360.jpg,train,benign,8239,76.0,6949,6.0,-1,0
train_set/benign/ISIC_2184202_640x480.jpg,train,benign,93,92.0,6966,0.0,-1,0
train_set/benign/ISIC_2185761_640x427.jpg,train,benign,6115,76.0,6968,2.0,-1,0
train_set/benign/ISIC_2189699_640x427.jpg,train,benign,8840,80.0,6984,0.0,-1,0
train_set/benign/ISIC_2190479_640x360.jpg,train,benign,2483,90.0,6986,4.0,-1,0
train_set/benign/ISIC_2191434_640x360.jpg,train,benign,1952,96.0,6989,6.0,-1,0
train_set/benign/ISIC_2194940_640x480.jpg,train,benign,4353,90.0,7000,2.0,-1,0
train_set/benign/ISIC_2195832_640x480.jpg,train,benign,4097,80.0,7004,0.0,-1,0
train_set/benign/ISIC_2196147_640x480.jpg,train,benign,4881,90.0,7006,2.0,-1,0
train_set/benign/ISIC_2196918_640x360.jpg,train,benign,6648,74.0,7007,4.0,-1,0
train_set/benign/ISIC_2197346_640x427.jpg,train,benign,6938,82.0,7008,0.0,-1,0
train_set/benign/ISIC_2198030_640x480.jpg,train,benign,945,84.0,7011,2.0,-1,0
train_set/benign/ISIC_2200924_640x427.jpg,train,benign,7580,82.0,7022,0.0,-1,0
train_set/benign/ISIC_2203242_640x427.jpg,train,benign,2402,70.0,7031,2.0,-1,0
train_set/benign/ISIC_2203306_640x480.jpg,train,benign,5923,66.0,7033,2.0,-1,0
train_set/benign/ISIC_2204100_640x360.jpg,train,benign,3272,90.0,7035,2.0,-1,0
train_set/benign/ISIC_2208006_640x480.jpg,train,benign,434,76.0,7045,4.0,-1,0
train_set/benign/ISIC_2209697_640x427.jpg,train,benign,9104,70.0,7051,0.0,-1,0
train_set/benign/ISIC_2214766_640x360.jpg,train,benign,8205,80.0,7067,2.0,-1,0
train_set/benign/ISIC_2215830_640x360.jpg,train,benign,2335,88.0,7073,6.0,-1,0
train_set/benign/ISIC_2216526_640x360.jpg,train,benign,226,92.0,7075,4.0,-1,0
train_set/benign/ISIC_2216568_640x360.jpg,train,benign,2382,86.0,7076,2.0,-1,0
train_set/benign/ISIC_2218318_640x480.jpg,train,benign,8518,74.0,7082,2.0,-1,0
train_set/benign/ISIC_2223646_640x360.jpg,train,benign,6573,68.0,7100,4.0,-1,0
train_set/benign/ISIC_2225927_640x360.jpg,train,benign,8221,78.0,7104,2.0,-1,0
train_set/benign/ISIC_2228270_640x427.jpg,train,benign,1287,80.0,7112,4.0,-1,0
train_set/benign/ISIC_2231300_640x427.jpg,train,benign,9272,56.0,7121,0.0,-1,0
train_set/benign/ISIC_2236275_640x480.jpg,train,benign,1728,86.0,7137,0.0,-1,0
train_set/benign/ISIC_2236640_640x480.jpg,train,benign,828,92.0,7138,0.0,-1,0
train_set/benign/ISIC_2236668_640x427.jpg,train,benign,2231,78.0,7139,0.0,-1,0
train_set/benign/ISIC_2241755_640x427.jpg,train,benign,2365,82.0,7148,0.0,-1,0
train_set/benign/ISIC_2244742_640x360.jpg,train,benign,4733,84.0,7159,6.0,-1,0
train_set/benign/ISIC_2245325_640x480.jpg,train,benign,2234,76.0,7161,0.0,-1,0
train_set/benign/ISIC_2246150_640x427.jpg,train,benign,3050,90.0,7164,2.0,-1,0
train_set/benign/ISIC_2246839_640x427.jpg,train,benign,7014,78.0,7166,2.0,-1,0
train_set/benign/ISIC_2249623_640x360.jpg,train,benign,2410,76.0,7173,4.0,-1,0
train_set/benign/ISIC_2250839_640x427.jpg,train,benign,1280,80.0,7176,0.0,-1,0
train_set/benign/ISIC_2253931_640x427.jpg,train,benign,135,72.0,7188,2.0,-1,0
train_set/benign/ISIC_2254066_640x480.jpg,train,benign,7973,82.0,7190,0.0,-1,0
train_set/benign/ISIC_2255088_640x427.jpg,train,benign,1386,82.0,7192,2.0,-1,0
train_set/benign/ISIC_2258612_640x480.jpg,train,benign,7191,80.0,7202,0.0,-1,0
train_set/benign/ISIC_2259861_640x480.jpg,train,benign,5773,78.0,7204,0.0,-1,0
train_set/benign/ISIC_2261306_640x360.jpg,train,benign,9124,86.0,7208,2.0,-1,0
train_set/benign/ISIC_2262146_640x478.jpg,train,benign,7065,84.0,7209,0.0,-1,0
train_set/benign/ISIC_2266369_640x427.jpg,train,benign,2222,84.0,7225,0.0,-1,0
train_set/benign/ISIC_2267276_640x480.jpg,train,benign,102,78.0,7228,0.0,-1,0
train_set/benign/ISIC_2270496_640x480.jpg,train,benign,2731,76.0,7236,2.0,-1,0
train_set/benign/ISIC_2273556_640x427.jpg,train,benign,9361,74.0,7242,2.0,-1,0
train_set/benign/ISIC_2275597_640x427.jpg,train,benign,1393,42.0,7247,0.0,-1,0
train_set/benign/ISIC_2275909_640x427.jpg,train,benign,7736,90.0,7250,2.0,-1,0
train_set/benign/ISIC_2279449_640x480.jpg,train,benign,9154,86.0,7260,0.0,-1,0
train_set/benign/ISIC_2280429_640x427.jpg,train,benign,9090,76.0,7265,0.0,-1,0
train_set/benign/ISIC_2281984_640x427.jpg,train,benign,8129,86.0,7270,4.0,-1,0
train_set/benign/ISIC_2284769_640x360.jpg,train,benign,1491,94.0,7287,2.0,-1,0
train_set/benign/ISIC_2287066_640x427.jpg,train,benign,3765,86.0,7293,2.0,-1,0
train_set/benign/ISIC_2289043_640x480.jpg,train,benign,9326,88.0,7300,0.0,-1,0
train_set/benign/ISIC_2291364_640x427.jpg,train,benign,7787,70.0,7309,4.0,-1,0
train_set/benign/ISIC_2292028_640x360.jpg,train,benign,3374,86.0,7311,4.0,-1,0
train_set/benign/ISIC_2295004_640x360.jpg,train,benign,6960,82.0,7322,4.0,-1,0
train_set/benign/ISIC_2295101_640x360.jpg,train,benign,7529,86.0,7323,0.0,-1,0
train_set/benign/ISIC_2295998_640x427.jpg,train,benign,9658,78.0,7324,4.0,-1,0
train_set/benign/ISIC_2301843_640x360.jpg,train,benign,6738,84.0,7348,2.0,-1,0
train_set/benign/ISIC_2303197_640x427.jpg,train,benign,8840,76.0,7352,2.0,-1,0
train_set/benign/ISIC_2305905_640x480.jpg,train,benign,8585,68.0,7359,0.0,-1,0
train_set/benign/ISIC_2310983_640x360.jpg,train,benign,2908,86.0,7374,4.0,-1,0
train_set/benign/ISIC_2313297_640x360.jpg,train,benign,1498,84.0,7380,8.0,-1,0
train_set/benign/ISIC_2317042_640x427.jpg,train,benign,1167,86.0,7391,2.0,-1,0
train_set/benign/ISIC_2319601_640x360.jpg,train,benign,1761,82.0,7403,2.0,-1,0
train_set/benign/ISIC_2320808_640x360.jpg,train,benign,4340,92.0,7406,4.0,-1,0
train_set/benign/ISIC_2321403_640x360.jpg,train,benign,4786,80.0,7410,4.0,-1,0
train_set/benign/ISIC_2321619_640x427.jpg,train,benign,9064,60.0,7411,0.0,-1,0
train_set/benign/ISIC_2324840_640x427.jpg,train,benign,7050,82.0,7421,2.0,-1,0
train_set/benign/ISIC_2324972_640x427.jpg,train,benign,4037,94.0,7422,4.0,-1,0
train_set/benign/ISIC_2325607_640x360.jpg,train,benign,7165,68.0,7426,4.0,-1,0
train_set/benign/ISIC_2327808_640x427.jpg,train,benign,7744,82.0,7433,4.0,-1,0
train_set/benign/ISIC_2328299_640x360.jpg,train,benign,8497,82.0,7434,6.0,-1,0
train_set/benign/ISIC_2332858_640x427.jpg,train,benign,5335,60.0,7446,4.0,-1,0
train_set/benign/ISIC_2334999_640x360.jpg,train,benign,3298,90.0,7454,4.0,-1,0
train_set/benign/ISIC_2335533_640x360.jpg,train,benign,4559,84.0,7455,6.0,-1,0
train_set/benign/ISIC_2336763_640x480.jpg,train,benign,292,86.0,7456,0.0,-1,0
train_set/benign/ISIC_2337786_640x480.jpg,train,benign,7341,80.0,7458,2.0,-1,0
train_set/benign/ISIC_2339123_640x360.jpg,train,benign,8246,86.0,7465,2.0,-1,0
train_set/benign/ISIC_2339196_640x480.jpg,train,benign,4717,88.0,7466,0.0,-1,0
train_set/benign/ISIC_2343195_640x360.jpg,train,benign,2392,68.0,7479,6.0,-1,0
train_set/benign/ISIC_2344225_640x427.jpg,train,benign,1748,90.0,7480,2.0,-1,0
train_set/benign/ISIC_2344492_640x480.jpg,train,benign,1666,92.0,7482,2.0,-1,0
train_set/benign/ISIC_2349743_640x427.jpg,train,benign,6716,70.0,7493,4.0,-1,0
train_set/benign/ISIC_2350747_640x427.jpg,train,benign,3556,82.0,7496,4.0,-1,0
train_set/benign/ISIC_2351242_640x427.jpg,train,benign,9277,60.0,7498,4.0,-1,0
train_set/benign/ISIC_2353735_640x480.jpg,train,benign,6842,84.0,7504,4.0,-1,0
train_set/benign/ISIC_2355452_640x427.jpg,train,benign,665,90.0,7511,2.0,-1,0
train_set/benign/ISIC_2355860_640x427.jpg,train,benign,5882,84.0,7515,0.0,-1,0
train_set/benign/ISIC_2355972_640x480.jpg,train,benign,128,92.0,7516,0.0,-1,0
train_set/benign/ISIC_2361997_640x360.jpg,train,benign,8759,82.0,7536,2.0,-1,0
train_set/benign/ISIC_2363574_640x360.jpg,train,benign,9493,88.0,7539,2.0,-1,0
train_set/benign/ISIC_2363927_640x360.jpg,train,benign,5184,92.0,7542,4.0,-1,0
train_set/benign/ISIC_2366172_640x427.jpg,train,benign,9302,68.0,7552,4.0,-1,0
train_set/benign/ISIC_2366196_640x360.jpg,train,benign,1265,84.0,7553,2.0,-1,0
train_set/benign/ISIC_2371033_640x360.jpg,train,benign,7519,78.0,7569,2.0,-1,0
train_set/benign/ISIC_2373200_640x360.jpg,train,benign,9134,80.0,7576,10.0,-1,0
train_set/benign/ISIC_2373760_640x427.jpg,train,benign,40,80.0,7578,0.0,-1,0
train_set/benign/ISIC_2374434_640x427.jpg,train,benign,1179,82.0,7580,8.0,-1,0
train_set/benign/ISIC_2375714_640x480.jpg,train,benign,6775,82.0,7588,2.0,-1,0
train_set/benign/ISIC_2376758_640x360.jpg,train,benign,7920,82.0,7593,4.0,-1,0
train_set/benign/ISIC_2377039_640x480.jpg,train,benign,1350,86.0,7594,2.0,-1,0
train_set/benign/ISIC_2377804_640x480.jpg,train,benign,2358,68.0,7596,2.0,-1,0
train_set/benign/ISIC_2378303_640x360.jpg,train,benign,2644,76.0,7598,2.0,-1,0
train_set/benign/ISIC_2378428_640x427.jpg,train,benign,7494,60.0,7599,0.0,-1,0
train_set/benign/ISIC_2380421_640x360.jpg,train,benign,1348,86.0,7607,4.0,-1,0
train_set/benign/ISIC_2382045_640x360.jpg,train,benign,7920,66.0,7613,4.0,-1,0
train_set/benign/ISIC_2384356_640x480.jpg,train,benign,4106,90.0,7621,2.0,-1,0
train_set/benign/ISIC_2386961_640x360.jpg,train,benign,8085,88.0,7626,4.0,-1,0
train_set/benign/ISIC_2391542_640x427.jpg,train,benign,118,56.0,7640,2.0,-1,0
train_set/benign/ISIC_2391627_640x427.jpg,train,benign,8477,88.0,7641,4.0,-1,0
train_set/benign/ISIC_2393348_640x480.jpg,train,benign,7784,84.0,7644,2.0,-1,0
train_set/benign/ISIC_2395624_640x480.jpg,train,benign,6222,84.0,7651,2.0,-1,0
train_set/benign/ISIC_2398001_640x427.jpg,train,benign,8918,86.0,7659,2.0,-1,0
train_set/benign/ISIC_2398801_640x480.jpg,train,benign,7002,72.0,7663,2.0,-1,0
train_set/benign/ISIC_2399314_640x360.jpg,train,benign,5011,88.0,7666,6.0,-1,0
train_set/benign/ISIC_2400515_640x427.jpg,train,benign,8529,92.0,7673,0.0,-1,0
train_set/benign/ISIC_2404756_640x480.jpg,train,benign,4989,80.0,7689,4.0,-1,0
train_set/benign/ISIC_2407586_640x427.jpg,train,benign,1242,80.0,7701,0.0,-1,0
train_set/benign/ISIC_2409103_640x427.jpg,train,benign,3837,98.0,7706,4.0,-1,0
train_set/benign/ISIC_2410240_640x480.jpg,train,benign,7276,70.0,7708,6.0,-1,0
train_set/benign/ISIC_2410265_640x360.jpg,train,benign,5269,84.0,7709,0.0,-1,0
train_set/benign/ISIC_2410736_640x480.jpg,train,benign,256,82.0,7712,0.0,-1,0
train_set/benign/ISIC_2412314_640x480.jpg,train,benign,7106,78.0,7717,2.0,-1,0
train_set/benign/ISIC_2412805_640x427.jpg,train,benign,2660,88.0,7719,4.0,-1,0
train_set/benign/ISIC_2415030_640x427.jpg,train,benign,9594,78.0,7733,2.0,-1,0
train_set/benign/ISIC_2417638_640x360.jpg,train,benign,7054,90.0,7739,2.0,-1,0
train_set/benign/ISIC_2419161_640x360.jpg,train,benign,4205,74.0,7745,2.0,-1,0
train_set/benign/ISIC_2420067_640x480.jpg,train,benign,1346,84.0,7751,0.0,-1,0
train_set/benign/ISIC_2425013_640x480.jpg,train,benign,263,76.0,7763,2.0,-1,0
train_set/benign/ISIC_2427137_640x427.jpg,train,benign,7787,70.0,7767,0.0,-1,0
train_set/benign/ISIC_2431696_640x427.jpg,train,benign,7550,86.0,7780,2.0,-1,0
train_set/benign/ISIC_2432058_640x360.jpg,train,benign,1414,86.0,7781,0.0,-1,0
train_set/benign/ISIC_2432948_640x427.jpg,train,benign,9343,76.0,7784,2.0,-1,0
train_set/benign/ISIC_2433960_640x480.jpg,train,benign,5275,88.0,7785,0.0,-1,0
train_set/benign/ISIC_2434878_640x427.jpg,train,benign,9618,86.0,7787,0.0,-1,0
train_set/benign/ISIC_2436616_640x360.jpg,train,benign,4693,82.0,7792,4.0,-1,0
train_set/benign/ISIC_2438067_640x427.jpg,train,benign,6775,68.0,7796,6.0,-1,0
train_set/benign/ISIC_2438935_640x427.jpg,train,benign,6927,78.0,7800,2.0,-1,0
train_set/benign/ISIC_2439714_640x480.jpg,train,benign,9402,86.0,7802,2.0,-1,0
train_set/benign/ISIC_2439978_640x480.jpg,train,benign,5846,86.0,7803,4.0,-1,0
train_set/benign/ISIC_2442479_640x425.jpg,train,benign,796,94.0,7810,4.0,-1,0
train_set/benign/ISIC_2443367_640x360.jpg,train,benign,5164,88.0,7813,4.0,-1,0
train_set/benign/ISIC_2443396_640x427.jpg,train,benign,7150,86.0,7814,4.0,-1,0
train_set/benign/ISIC_2445910_640x480.jpg,train,benign,5664,78.0,7822,2.0,-1,0
train_set/benign/ISIC_2451671_640x480.jpg,train,benign,6383,92.0,7842,0.0,-1,0
train_set/benign/ISIC_2452083_640x360.jpg,train,benign,5645,90.0,7844,2.0,-1,0
train_set/benign/ISIC_2454446_640x427.jpg,train,benign,9828,56.0,7850,2.0,-1,0
train_set/benign/ISIC_2458609_640x480.jpg,train,benign,2235,86.0,7863,2.0,-1,0
train_set/benign/ISIC_2459552_640x480.jpg,train,benign,6532,86.0,7866,0.0,-1,0
train_set/benign/ISIC_2459956_640x360.jpg,train,benign,3666,88.0,7869,4.0,-1,0
train_set/benign/ISIC_2460105_640x480.jpg,train,benign,1698,86.0,7870,2.0,-1,0
train_set/benign/ISIC_2462231_640x360.jpg,train,benign,7231,82.0,7880,4.0,-1,0
train_set/benign/ISIC_2466466_640x360.jpg,train,benign,7868,92.0,7890,2.0,-1,0
train_set/benign/ISIC_2470542_640x427.jpg,train,benign,8516,50.0,7902,4.0,-1,0
train_set/benign/ISIC_2470998_640x360.jpg,train,benign,8860,74.0,7905,2.0,-1,0
train_set/benign/ISIC_2479388_640x480.jpg,train,benign,170,92.0,7928,2.0,-1,0
train_set/benign/ISIC_2480608_640x478.jpg,train,benign,102,88.0,7933,2.0,-1,0
train_set/benign/ISIC_2481230_640x360.jpg,train,benign,1915,88.0,7937,0.0,-1,0
train_set/benign/ISIC_2482061_640x360.jpg,train,benign,7118,80.0,7940,6.0,-1,0
train_set/benign/ISIC_2482653_640x480.jpg,train,benign,2979,84.0,7942,0.0,-1,0
train_set/benign/ISIC_2482667_319x480.jpg,train,benign,7065,72.0,7943,2.0,-1,0
train_set/benign/ISIC_2483334_640x360.jpg,train,benign,6818,86.0,7946,4.0,-1,0
train_set/benign/ISIC_2484404_640x427.jpg,train,benign,9968,90.0,7948,2.0,-1,0
train_set/benign/ISIC_2484586_640x480.jpg,train,benign,8949,50.0,7950,2.0,-1,0
train_set/benign/ISIC_2486651_640x480.jpg,train,benign,5137,86.0,7955,0.0,-1,0
train_set/benign/ISIC_2488468_640x480.jpg,train,benign,786,84.0,7963,0.0,-1,0
train_set/benign/ISIC_2488899_640x427.jpg,train,benign,8558,80.0,7964,2.0,-1,0
train_set/benign/ISIC_2489471_640x480.jpg,train,benign,7229,88.0,7966,2.0,-1,0
train_set/benign/ISIC_2490175_640x360.jpg,train,benign,8022,68.0,7969,4.0,-1,0
train_set/benign/ISIC_2492245_319x480.jpg,train,benign,36,70.0,7976,4.0,-1,0
train_set/benign/ISIC_2492859_640x360.jpg,train,benign,1668,86.0,7977,2.0,-1,0
train_set/benign/ISIC_2493376_640x427.jpg,train,benign,3682,74.0,7978,2.0,-1,0
train_set/benign/ISIC_2493432_640x360.jpg,train,benign,2438,84.0,7979,4.0,-1,0
train_set/benign/ISIC_2495303_640x427.jpg,train,benign,8872,82.0,7984,0.0,-1,0
train_set/benign/ISIC_2495722_640x360.jpg,train,benign,1762,82.0,7986,2.0,-1,0
train_set/benign/ISIC_2496983_640x360.jpg,train,benign,5166,88.0,7993,2.0,-1,0
train_set/benign/ISIC_2497305_640x480.jpg,train,benign,8468,74.0,7994,0.0,-1,0
train_set/benign/ISIC_2497799_640x360.jpg,train,benign,134,88.0,7995,4.0,-1,0
train_set/benign/ISIC_2499559_640x360.jpg,train,benign,4784,80.0,8001,2.0,-1,0
train_set/benign/ISIC_2500433_640x480.jpg,train,benign,9040,82.0,8006,0.0,-1,0
train_set/benign/ISIC_2500637_640x480.jpg,train,benign,1662,76.0,8007,6.0,-1,0
train_set/benign/ISIC_2501496_640x360.jpg,train,benign,3833,92.0,8008,0.0,-1,0
train_set/benign/ISIC_2502558_640x427.jpg,train,benign,1385,66.0,8012,4.0,-1,0
train_set/benign/ISIC_2502584_640x360.jpg,train,benign,1721,84.0,8013,2.0,-1,0
train_set/benign/ISIC_2507096_640x480.jpg,train,benign,686,90.0,8022,4.0,-1,0
train_set/benign/ISIC_2509304_640x360.jpg,train,benign,1553,84.0,8032,2.0,-1,0
train_set/benign/ISIC_2509850_640x427.jpg,train,benign,7367,72.0,8037,0.0,-1,0
train_set/benign/ISIC_2510414_640x360.jpg,train,benign,3334,86.0,8039,8.0,-1,0
train_set/benign/ISIC_2512163_640x360.jpg,train,benign,4470,80.0,8044,6.0,-1,0
train_set/benign/ISIC_2512817_640x360.jpg,train,benign,7163,88.0,8046,4.0,-1,0
train_set/benign/ISIC_2516069_640x360.jpg,train,benign,3538,84.0,8058,4.0,-1,0
train_set/benign/ISIC_2516204_640x480.jpg,train,benign,2417,66.0,8059,2.0,-1,0
train_set/benign/ISIC_2518443_640x427.jpg,train,benign,5121,54.0,8065,6.0,-1,0
train_set/benign/ISIC_2519178_640x427.jpg,train,benign,8257,70.0,8070,2.0,-1,0
train_set/benign/ISIC_2520713_640x480.jpg,train,benign,7594,86.0,8073,2.0,-1,0
train_set/benign/ISIC_2524005_640x480.jpg,train,benign,6132,84.0,8088,2.0,-1,0
train_set/benign/ISIC_2524385_640x480.jpg,train,benign,2283,90.0,8090,2.0,-1,0
train_set/benign/ISIC_2525962_640x427.jpg,train,benign,2629,80.0,8098,2.0,-1,0
train_set/benign/ISIC_2526170_640x480.jpg,train,benign,3680,78.0,8099,4.0,-1,0
train_set/benign/ISIC_2527238_640x427.jpg,train,benign,9737,92.0,8102,0.0,-1,0
train_set/benign/ISIC_2528618_640x480.jpg,train,benign,349,84.0,8105,2.0,-1,0
train_set/benign/ISIC_2529871_640x480.jpg,train,benign,2295,72.0,8108,2.0,-1,0
train_set/benign/ISIC_2532945_640x427.jpg,train,benign,3933,84.0,8113,2.0,-1,0
train_set/benign/ISIC_2539218_640x480.jpg,train,benign,1578,88.0,8131,2.0,-1,0
train_set/benign/ISIC_2539423_640x427.jpg,train,benign,5987,80.0,8133,0.0,-1,0
train_set/benign/ISIC_2540927_640x360.jpg,train,benign,8241,72.0,8137,4.0,-1,0
train_set/benign/ISIC_2544309_640x427.jpg,train,benign,4178,86.0,8144,2.0,-1,0
train_set/benign/ISIC_2545299_640x360.jpg,train,benign,8855,84.0,8147,4.0,-1,0
train_set/benign/ISIC_2547007_640x360.jpg,train,benign,352,78.0,8151,4.0,-1,0
train_set/benign/ISIC_2554825_640x427.jpg,train,benign,9345,70.0,8171,4.0,-1,0
train_set/benign/ISIC_2555904_640x427.jpg,train,benign,2437,72.0,8178,2.0,-1,0
train_set/benign/ISIC_2558189_640x427.jpg,train,benign,6996,80.0,8182,0.0,-1,0
train_set/benign/ISIC_2558439_640x360.jpg,train,benign,1796,86.0,8183,6.0,-1,0
train_set/benign/ISIC_2558816_640x480.jpg,train,benign,4783,84.0,8184,2.0,-1,0
train_set/benign/ISIC_2559545_640x478.jpg,train,benign,2622,82.0,8188,0.0,-1,0
train_set/benign/ISIC_2559596_640x478.jpg,train,benign,2077,94.0,8189,2.0,-1,0
train_set/benign/ISIC_2560645_640x360.jpg,train,benign,1458,84.0,8193,2.0,-1,0
train_set/benign/ISIC_2561561_640x480.jpg,train,benign,5455,78.0,8194,2.0,-1,0
train_set/benign/ISIC_2563374_640x427.jpg,train,benign,9226,82.0,8197,4.0,-1,0
train_set/benign/ISIC_2564395_640x360.jpg,train,benign,7494,76.0,8200,4.0,-1,0
train_set/benign/ISIC_2567845_640x360.jpg,train,benign,4177,78.0,8212,8.0,-1,0
train_set/benign/ISIC_2573712_640x425.jpg,train,benign,2583,78.0,8227,2.0,-1,0
train_set/benign/ISIC_2575480_640x360.jpg,train,benign,3919,72.0,8231,2.0,-1,0
train_set/benign/ISIC_2577003_640x360.jpg,train,benign,1786,66.0,8234,6.0,-1,0
train_set/benign/ISIC_2577147_640x427.jpg,train,benign,9651,72.0,8235,0.0,-1,0
train_set/benign/ISIC_2582493_640x480.jpg,train,benign,1113,88.0,8253,2.0,-1,0
train_set/benign/ISIC_2584165_640x360.jpg,train,benign,75,68.0,8258,2.0,-1,0
train_set/benign/ISIC_2587535_640x360.jpg,train,benign,5678,86.0,8275,2.0,-1,0
train_set/benign/ISIC_2592956_640x480.jpg,train,benign,6553,90.0,8292,0.0,-1,0
train_set/benign/ISIC_2596574_640x360.jpg,train,benign,4579,82.0,8300,4.0,-1,0
train_set/benign/ISIC_2597678_640x425.jpg,train,benign,787,80.0,8303,2.0,-1,0
train_set/benign/ISIC_2600607_640x427.jpg,train,benign,7780,76.0,8315,0.0,-1,0
train_set/benign/ISIC_2600830_640x480.jpg,train,benign,1035,96.0,8316,0.0,-1,0
train_set/benign/ISIC_2601943_640x360.jpg,train,benign,2351,78.0,8323,4.0,-1,0
train_set/benign/ISIC_2603767_640x360.jpg,train,benign,9277,90.0,8326,4.0,-1,0
train_set/benign/ISIC_2605880_640x427.jpg,train,benign,7249,86.0,8334,4.0,-1,0
train_set/benign/ISIC_2606194_640x480.jpg,train,benign,9091,82.0,8336,2.0,-1,0
train_set/benign/ISIC_2611077_640x360.jpg,train,benign,7061,76.0,8347,2.0,-1,0
train_set/benign/ISIC_2611977_640x427.jpg,train,benign,8902,72.0,8349,0.0,-1,0
train_set/benign/ISIC_2612661_640x480.jpg,train,benign,8749,76.0,8350,0.0,-1,0
train_set/benign/ISIC_2617427_640x480.jpg,train,benign,6772,66.0,8364,4.0,-1,0
train_set/benign/ISIC_2620159_640x480.jpg,train,benign,121,84.0,8373,2.0,-1,0
train_set/benign/ISIC_2620357_640x480.jpg,train,benign,7049,64.0,8374,0.0,-1,0
train_set/benign/ISIC_2621205_640x360.jpg,train,benign,2408,78.0,8378,2.0,-1,0
train_set/benign/ISIC_2623707_480x480.jpg,train,benign,322,92.0,8385,4.0,-1,0
train_set/benign/ISIC_2624451_640x427.jpg,train,benign,1372,88.0,8387,2.0,-1,0
train_set/benign/ISIC_2625884_640x480.jpg,train,benign,1923,90.0,8394,4.0,-1,0
train_set/benign/ISIC_2629618_640x360.jpg,train,benign,6826,90.0,8398,4.0,-1,0
train_set/benign/ISIC_2629850_640x427.jpg,train,benign,7499,74.0,8399,4.0,-1,0
train_set/benign/ISIC_2632471_640x427.jpg,train,benign,8522,78.0,8405,6.0,-1,0
train_set/benign/ISIC_2632612_640x360.jpg,train,benign,3283,94.0,8407,4.0,-1,0
train_set/benign/ISIC_2632683_640x360.jpg,train,benign,2130,76.0,8408,4.0,-1,0
train_set/benign/ISIC_2633836_640x360.jpg,train,benign,4645,78.0,8413,8.0,-1,0
train_set/benign/ISIC_2635492_640x480.jpg,train,benign,1862,90.0,8418,2.0,-1,0
train_set/benign/ISIC_2636004_640x427.jpg,train,benign,6574,82.0,8419,0.0,-1,0
train_set/benign/ISIC_2637014_640x427.jpg,train,benign,7622,74.0,8425,2.0,-1,0
train_set/benign/ISIC_2638310_640x427.jpg,train,benign,9608,76.0,8432,4.0,-1,0
train_set/benign/ISIC_2639079_640x480.jpg,train,benign,7786,90.0,8434,2.0,-1,0
train_set/benign/ISIC_2644988_640x480.jpg,train,benign,8018,80.0,8451,4.0,-1,0
train_set/benign/ISIC_2645655_640x427.jpg,train,benign,7111,72.0,8456,2.0,-1,0
train_set/benign/ISIC_2647198_640x427.jpg,train,benign,7922,54.0,8463,0.0,-1,0
train_set/benign/ISIC_2648368_640x427.jpg,train,benign,9066,72.0,8470,0.0,-1,0
train_set/benign/ISIC_2648376_640x427.jpg,train,benign,7922,62.0,8471,2.0,-1,0
train_set/benign/ISIC_2652808_640x427.jpg,train,benign,1170,78.0,8483,2.0,-1,0
train_set/benign/ISIC_2657193_640x427.jpg,train,benign,794,90.0,8496,4.0,-1,0
train_set/benign/ISIC_2658460_640x360.jpg,train,benign,9198,68.0,8500,0.0,-1,0
train_set/benign/ISIC_2660062_640x427.jpg,train,benign,9302,66.0,8507,4.0,-1,0
train_set/benign/ISIC_2660796_640x360.jpg,train,benign,5012,76.0,8511,0.0,-1,0
train_set/benign/ISIC_2661646_640x427.jpg,train,benign,614,86.0,8513,2.0,-1,0
train_set/benign/ISIC_2663010_640x480.jpg,train,benign,2358,70.0,8517,6.0,-1,0
train_set/benign/ISIC_2664973_640x360.jpg,train,benign,4714,88.0,8519,2.0,-1,0
train_set/benign/ISIC_2665039_640x360.jpg,train,benign,6890,90.0,8520,6.0,-1,0
train_set/benign/ISIC_2665447_640x360.jpg,train,benign,6923,82.0,8523,2.0,-1,0
train_set/benign/ISIC_2673511_640x360.jpg,train,benign,9398,72.0,8549,2.0,-1,0
train_set/benign/ISIC_2674517_640x360.jpg,train,benign,4714,90.0,8555,4.0,-1,0
train_set/benign/ISIC_2676685_640x360.jpg,train,benign,4962,76.0,8558,0.0,-1,0
train_set/benign/ISIC_2678247_640x360.jpg,train,benign,8451,86.0,8563,6.0,-1,0
train_set/benign/ISIC_2679689_640x360.jpg,train,benign,4234,90.0,8569,4.0,-1,0
train_set/benign/ISIC_2681259_640x360.jpg,train,benign,5157,88.0,8578,0.0,-1,0
train_set/benign/ISIC_2683599_640x480.jpg,train,benign,2314,90.0,8587,4.0,-1,0
train_set/benign/ISIC_2684745_640x360.jpg,train,benign,2440,76.0,8590,8.0,-1,0
train_set/benign/ISIC_2685263_640x427.jpg,train,benign,1393,56.0,8593,2.0,-1,0
train_set/benign/ISIC_2685681_640x427.jpg,train,benign,5217,86.0,8599,2.0,-1,0
train_set/benign/ISIC_2687068_640x480.jpg,train,benign,160,90.0,8602,4.0,-1,0
train_set/benign/ISIC_2688084_640x480.jpg,train,benign,6839,90.0,8607,2.0,-1,0
train_set/benign/ISIC_2689912_640x480.jpg,train,benign,46,88.0,8611,0.0,-1,0
train_set/benign/ISIC_2692366_640x480.jpg,train,benign,3117,84.0,8621,0.0,-1,0
train_set/benign/ISIC_2696344_640x360.jpg,train,benign,6195,74.0,8628,6.0,-1,0
train_set/benign/ISIC_2698234_640x480.jpg,train,benign,3030,90.0,8635,2.0,-1,0
train_set/benign/ISIC_2699791_640x427.jpg,train,benign,1142,94.0,8638,4.0,-1,0
train_set/benign/ISIC_2700247_640x427.jpg,train,benign,7999,74.0,8640,2.0,-1,0
train_set/benign/ISIC_2700802_640x427.jpg,train,benign,8849,86.0,8647,2.0,-1,0
train_set/benign/ISIC_2703816_640x360.jpg,train,benign,9120,72.0,8653,8.0,-1,0
train_set/benign/ISIC_2704082_640x480.jpg,train,benign,9038,78.0,8657,4.0,-1,0
train_set/benign/ISIC_2706427_640x360.jpg,train,benign,4610,74.0,8662,2.0,-1,0
train_set/benign/ISIC_2707375_640x427.jpg,train,benign,7156,76.0,8663,2.0,-1,0
train_set/benign/ISIC_2710887_640x480.jpg,train,benign,807,90.0,8671,0.0,-1,0
train_set/benign/ISIC_2712447_640x360.jpg,train,benign,4718,94.0,8678,6.0,-1,0
train_set/benign/ISIC_2714069_640x480.jpg,train,benign,9450,80.0,8679,6.0,-1,0
train_set/benign/ISIC_2716912_640x360.jpg,train,benign,7163,80.0,8690,6.0,-1,0
train_set/benign/ISIC_2718684_640x480.jpg,train,benign,1679,92.0,8698,0.0,-1,0
train_set/benign/ISIC_2721178_640x427.jpg,train,benign,6115,70.0,8707,2.0,-1,0
train_set/benign/ISIC_2721543_640x427.jpg,train,benign,9974,88.0,8709,2.0,-1,0
train_set/benign/ISIC_2722940_640x480.jpg,train,benign,9038,82.0,8714,4.0,-1,0
train_set/benign/ISIC_2724278_640x360.jpg,train,benign,7632,76.0,8718,4.0,-1,0
train_set/benign/ISIC_2725196_640x480.jpg,train,benign,2444,70.0,8721,2.0,-1,0
train_set/benign/ISIC_2726326_640x427.jpg,train,benign,7588,72.0,8723,0.0,-1,0
train_set/benign/ISIC_2727016_640x425.jpg,train,benign,856,78.0,8726,4.0,-1,0
train_set/benign/ISIC_2727651_640x427.jpg,train,benign,7555,68.0,8728,8.0,-1,0
train_set/benign/ISIC_2728348_640x427.jpg,train,benign,6827,70.0,8731,2.0,-1,0
train_set/benign/ISIC_2730610_640x480.jpg,train,benign,7617,80.0,8739,0.0,-1,0
train_set/benign/ISIC_2732429_640x360.jpg,train,benign,4302,90.0,8746,4.0,-1,0
train_set/benign/ISIC_2732573_640x427.jpg,train,benign,9345,46.0,8747,0.0,-1,0
train_set/benign/ISIC_2734817_640x480.jpg,train,benign,7264,86.0,8755,4.0,-1,0
train_set/benign/ISIC_2735051_640x480.jpg,train,benign,6771,72.0,8756,2.0,-1,0
train_set/benign/ISIC_2735672_640x360.jpg,train,benign,8315,88.0,8759,6.0,-1,0
train_set/benign/ISIC_2736340_640x425.jpg,train,benign,24,88.0,8762,2.0,-1,0
train_set/benign/ISIC_2736540_640x360.jpg,train,benign,5036,80.0,8763,4.0,-1,0
train_set/benign/ISIC_2736793_640x427.jpg,train,benign,6856,86.0,8765,2.0,-1,0
train_set/benign/ISIC_2736880_640x427.jpg,train,benign,6142,76.0,8766,2.0,-1,0
train_set/benign/ISIC_2737372_640x360.jpg,train,benign,900,88.0,8767,6.0,-1,0
train_set/benign/ISIC_2738454_640x478.jpg,train,benign,6883,88.0,8768,0.0,-1,0
train_set/benign/ISIC_2739124_640x427.jpg,train,benign,7744,42.0,8772,0.0,-1,0
train_set/benign/ISIC_2741583_640x427.jpg,train,benign,17,74.0,8780,0.0,-1,0
train_set/benign/ISIC_2744859_640x427.jpg,train,benign,2443,86.0,8796,4.0,-1,0
train_set/benign/ISIC_2746282_640x427.jpg,train,benign,6960,84.0,8800,4.0,-1,0
train_set/benign/ISIC_2748975_640x480.jpg,train,benign,8849,76.0,8814,0.0,-1,0
train_set/benign/ISIC_2749059_640x427.jpg,train,benign,7736,82.0,4009,0.0,-1,0
train_set/benign/ISIC_2754949_640x427.jpg,train,benign,2901,78.0,8834,0.0,-1,0
train_set/benign/ISIC_2755395_640x427.jpg,train,benign,1276,84.0,8836,0.0,-1,0
train_set/benign/ISIC_2755667_640x480.jpg,train,benign,1439,84.0,8838,2.0,-1,0
train_set/benign/ISIC_2757619_640x360.jpg,train,benign,1192,94.0,8842,0.0,-1,0
train_set/benign/ISIC_2761471_640x360.jpg,train,benign,6844,90.0,8852,4.0,-1,0
train_set/benign/ISIC_2765253_640x480.jpg,train,benign,7556,80.0,8865,4.0,-1,0
train_set/benign/ISIC_2766908_640x478.jpg,train,benign,2615,86.0,8868,2.0,-1,0
train_set/benign/ISIC_2768929_640x480.jpg,train,benign,7475,88.0,8874,2.0,-1,0
train_set/benign/ISIC_2771979_640x427.jpg,train,benign,662,68.0,8879,2.0,-1,0
train_set/benign/ISIC_2772066_640x480.jpg,train,benign,9650,74.0,8880,0.0,-1,0
train_set/benign/ISIC_2772217_640x425.jpg,train,benign,8925,74.0,8881,4.0,-1,0
train_set/benign/ISIC_2772581_640x427.jpg,train,benign,448,84.0,8882,8.0,-1,0
train_set/benign/ISIC_2772616_640x427.jpg,train,benign,7126,66.0,8883,2.0,-1,0
train_set/benign/ISIC_2776098_640x427.jpg,train,benign,1170,86.0,8893,2.0,-1,0
train_set/benign/ISIC_2776151_640x360.jpg,train,benign,4998,74.0,8894,4.0,-1,0
train_set/benign/ISIC_2776986_640x480.jpg,train,benign,4171,82.0,8898,0.0,-1,0
train_set/benign/ISIC_2777123_640x427.jpg,train,benign,1357,82.0,8899,4.0,-1,0
train_set/benign/ISIC_2777270_640x360.jpg,train,benign,3796,78.0,8901,2.0,-1,0
train_set/benign/ISIC_2778855_640x480.jpg,train,benign,1643,78.0,8908,2.0,-1,0
train_set/benign/ISIC_2779609_640x480.jpg,train,benign,1670,80.0,8913,4.0,-1,0
train_set/benign/ISIC_2781088_640x478.jpg,train,benign,4579,82.0,8918,2.0,-1,0
train_set/benign/ISIC_2781254_640x360.jpg,train,benign,7530,80.0,8919,2.0,-1,0
train_set/benign/ISIC_2782415_640x427.jpg,train,benign,4397,88.0,8922,2.0,-1,0
train_set/benign/ISIC_2786263_640x427.jpg,train,benign,1280,94.0,8937,0.0,-1,0
train_set/benign/ISIC_2788026_640x480.jpg,train,benign,6763,82.0,8942,2.0,-1,0
train_set/benign/ISIC_2789384_640x478.jpg,train,benign,9307,78.0,8948,2.0,-1,0
train_set/benign/ISIC_2790365_640x360.jpg,train,benign,1630,86.0,8950,6.0,-1,0
train_set/benign/ISIC_2790561_640x360.jpg,train,benign,7100,88.0,8951,2.0,-1,0
train_set/benign/ISIC_2791045_640x360.jpg,train,benign,7539,86.0,8953,4.0,-1,0
train_set/benign/ISIC_2791903_640x360.jpg,train,benign,4841,82.0,8956,2.0,-1,0
train_set/benign/ISIC_2792248_640x427.jpg,train,benign,9128,88.0,8959,2.0,-1,0
train_set/benign/ISIC_2793903_640x427.jpg,train,benign,27,74.0,8965,2.0,-1,0
train_set/benign/ISIC_2795165_640x360.jpg,train,benign,7792,82.0,8973,4.0,-1,0
train_set/benign/ISIC_2796461_640x360.jpg,train,benign,7742,86.0,8978,6.0,-1,0
train_set/benign/ISIC_2797695_640x480.jpg,train,benign,4245,78.0,8983,0.0,-1,0
train_set/benign/ISIC_2798803_640x427.jpg,train,benign,7776,82.0,8986,4.0,-1,0
train_set/benign/ISIC_2799004_640x480.jpg,train,benign,3276,90.0,8989,2.0,-1,0
train_set/benign/ISIC_2799242_640x360.jpg,train,benign,9038,78.0,8990,2.0,-1,0
train_set/benign/ISIC_2800079_640x360.jpg,train,benign,662,86.0,8996,4.0,-1,0
train_set/benign/ISIC_2800198_640x360.jpg,train,benign,6165,66.0,8997,4.0,-1,0
train_set/benign/ISIC_2801187_640x480.jpg,train,benign,5671,92.0,9001,2.0,-1,0
train_set/benign/ISIC_2804023_640x480.jpg,train,benign,1703,92.0,9011,0.0,-1,0
train_set/benign/ISIC_2807162_640x360.jpg,train,benign,9048,92.0,9020,2.0,-1,0
train_set/benign/ISIC_2807429_640x425.jpg,train,benign,1170,70.0,9021,2.0,-1,0
train_set/benign/ISIC_2808622_640x360.jpg,train,benign,7223,70.0,9026,6.0,-1,0
train_set/benign/ISIC_2811564_640x427.jpg,train,benign,7722,58.0,9035,2.0,-1,0
train_set/benign/ISIC_2811886_640x480.jpg,train,benign,1502,92.0,9037,2.0,-1,0
train_set/benign/ISIC_2815040_640x360.jpg,train,benign,4037,84.0,9045,0.0,-1,0
train_set/benign/ISIC_2818042_640x427.jpg,train,benign,5509,82.0,9057,2.0,-1,0
train_set/benign/ISIC_2819603_640x427.jpg,train,benign,1324,88.0,9062,2.0,-1,0
train_set/benign/ISIC_2822622_640x480.jpg,train,benign,7857,84.0,9071,2.0,-1,0
train_set/benign/ISIC_2824478_640x427.jpg,train,benign,9261,38.0,9080,2.0,-1,0
train_set/benign/ISIC_2827638_640x480.jpg,train,benign,4856,88.0,9088,2.0,-1,0
train_set/benign/ISIC_2827719_640x427.jpg,train,benign,7002,66.0,9089,4.0,-1,0
train_set/benign/ISIC_2828861_640x427.jpg,train,benign,869,82.0,9093,8.0,-1,0
train_set/benign/ISIC_2828977_640x360.jpg,train,benign,3745,86.0,9094,4.0,-1,0
train_set/benign/ISIC_2829466_640x427.jpg,train,benign,2378,88.0,9099,2.0,-1,0
train_set/benign/ISIC_2830650_640x427.jpg,train,benign,3435,84.0,9101,4.0,-1,0
train_set/benign/ISIC_2831416_640x360.jpg,train,benign,4309,92.0,9103,4.0,-1,0
train_set/benign/ISIC_2832203_640x360.jpg,train,benign,3829,84.0,9105,4.0,-1,0
train_set/benign/ISIC_2832584_640x427.jpg,train,benign,6924,42.0,9108,2.0,-1,0
train_set/benign/ISIC_2833053_640x360.jpg,train,benign,6543,88.0,9110,2.0,-1,0
train_set/benign/ISIC_2834840_640x480.jpg,train,benign,9628,90.0,9114,0.0,-1,0
train_set/benign/ISIC_2836038_640x427.jpg,train,benign,7357,76.0,9115,4.0,-1,0
train_set/benign/ISIC_2837000_640x478.jpg,train,benign,7220,70.0,9117,0.0,-1,0
train_set/benign/ISIC_2841735_640x360.jpg,train,benign,5723,90.0,9132,2.0,-1,0
train_set/benign/ISIC_2842470_640x427.jpg,train,benign,1498,92.0,9134,2.0,-1,0
train_set/benign/ISIC_2843206_640x427.jpg,train,benign,8640,74.0,9137,0.0,-1,0
train_set/benign/ISIC_2845104_640x427.jpg,train,benign,4952,84.0,9142,2.0,-1,0
train_set/benign/ISIC_2845297_640x360.jpg,train,benign,6720,90.0,9144,4.0,-1,0
train_set/benign/ISIC_2853454_640x480.jpg,train,benign,5935,94.0,9167,2.0,-1,0
train_set/benign/ISIC_2855052_640x480.jpg,train,benign,7338,82.0,9174,0.0,-1,0
train_set/benign/ISIC_2857529_640x427.jpg,train,benign,376,84.0,9182,0.0,-1,0
train_set/benign/ISIC_2861317_640x425.jpg,train,benign,856,84.0,9194,4.0,-1,0
train_set/benign/ISIC_2861546_640x427.jpg,train,benign,8483,80.0,9196,4.0,-1,0
train_set/benign/ISIC_2861803_640x360.jpg,train,benign,4999,74.0,9199,4.0,-1,0
train_set/benign/ISIC_2863774_640x360.jpg,train,benign,6729,56.0,9204,6.0,-1,0
train_set/benign/ISIC_2864550_640x427.jpg,train,benign,8949,30.0,9208,2.0,-1,0
train_set/benign/ISIC_2865011_640x480.jpg,train,benign,2342,76.0,9210,2.0,-1,0
train_set/benign/ISIC_2865199_640x360.jpg,train,benign,7095,84.0,9211,10.0,-1,0
train_set/benign/ISIC_2869420_640x360.jpg,train,benign,9629,76.0,9218,4.0,-1,0
train_set/benign/ISIC_2872349_640x480.jpg,train,benign,7586,82.0,9227,2.0,-1,0
train_set/benign/ISIC_2872769_640x478.jpg,train,benign,1893,84.0,9229,0.0,-1,0
train_set/benign/ISIC_2874218_640x480.jpg,train,benign,9280,78.0,9233,0.0,-1,0
train_set/benign/ISIC_2876105_640x427.jpg,train,benign,8801,80.0,9239,2.0,-1,0
train_set/benign/ISIC_2881263_640x427.jpg,train,benign,8865,78.0,9253,2.0,-1,0
train_set/benign/ISIC_2881561_640x425.jpg,train,benign,1170,76.0,9254,0.0,-1,0
train_set/benign/ISIC_2882237_640x360.jpg,train,benign,3470,80.0,9257,4.0,-1,0
train_set/benign/ISIC_2882462_640x360.jpg,train,benign,4043,92.0,9258,2.0,-1,0
train_set/benign/ISIC_2888638_640x360.jpg,train,benign,4827,86.0,9272,6.0,-1,0
train_set/benign/ISIC_2889208_640x360.jpg,train,benign,1572,86.0,9274,0.0,-1,0
train_set/benign/ISIC_2889562_640x480.jpg,train,benign,8549,72.0,9276,4.0,-1,0
train_set/benign/ISIC_2891834_640x425.jpg,train,benign,770,84.0,9281,2.0,-1,0
train_set/benign/ISIC_2894067_640x360.jpg,train,benign,7980,72.0,9291,6.0,-1,0
train_set/benign/ISIC_2895418_640x427.jpg,train,benign,7545,72.0,9296,2.0,-1,0
train_set/benign/ISIC_2896424_640x360.jpg,train,benign,1459,84.0,9301,6.0,-1,0
train_set/benign/ISIC_2898780_640x427.jpg,train,benign,6887,78.0,9306,4.0,-1,0
train_set/benign/ISIC_2900357_640x360.jpg,train,benign,1172,88.0,9312,2.0,-1,0
train_set/benign/ISIC_2901944_640x480.jpg,train,benign,2878,90.0,9315,0.0,-1,0
train_set/benign/ISIC_2902221_640x480.jpg,train,benign,6943,84.0,9317,2.0,-1,0
train_set/benign/ISIC_2903756_640x480.jpg,train,benign,4406,86.0,9321,0.0,-1,0
train_set/benign/ISIC_2904067_640x360.jpg,train,benign,8012,90.0,9323,4.0,-1,0
train_set/benign/ISIC_2913019_640x427.jpg,train,benign,7356,50.0,9353,4.0,-1,0
train_set/benign/ISIC_2915747_640x427.jpg,train,benign,9447,62.0,9363,2.0,-1,0
train_set/benign/ISIC_2916248_640x427.jpg,train,benign,9265,68.0,9366,4.0,-1,0
train_set/benign/ISIC_2918117_640x360.jpg,train,benign,4157,82.0,9375,4.0,-1,0
train_set/benign/ISIC_2919360_640x478.jpg,train,benign,831,94.0,9378,2.0,-1,0
train_set/benign/ISIC_2920940_640x427.jpg,train,benign,6962,56.0,9381,2.0,-1,0
train_set/benign/ISIC_2922099_640x427.jpg,train,benign,7545,64.0,9387,2.0,-1,0
train_set/benign/ISIC_2930792_640x480.jpg,train,benign,9215,90.0,9418,0.0,-1,0
train_set/benign/ISIC_2934679_640x478.jpg,train,benign,509,90.0,9424,0.0,-1,0
train_set/benign/ISIC_2937407_640x427.jpg,train,benign,934,90.0,9428,2.0,-1,0
train_set/benign/ISIC_2937826_640x427.jpg,train,benign,8949,36.0,9431,2.0,-1,0
train_set/benign/ISIC_2940763_640x480.jpg,train,benign,6182,88.0,9439,2.0,-1,0
train_set/benign/ISIC_2943089_640x480.jpg,train,benign,9560,66.0,9446,0.0,-1,0
train_set/benign/ISIC_2943284_640x360.jpg,train,benign,1578,88.0,9447,4.0,-1,0
train_set/benign/ISIC_2944480_640x360.jpg,train,benign,5623,80.0,9449,4.0,-1,0
train_set/benign/ISIC_2947038_640x360.jpg,train,benign,2417,68.0,9462,4.0,-1,0
train_set/benign/ISIC_2947145_640x427.jpg,train,benign,6825,68.0,9463,4.0,-1,0
train_set/benign/ISIC_2947742_640x478.jpg,train,benign,8991,90.0,9464,4.0,-1,0
train_set/benign/ISIC_2950391_640x480.jpg,train,benign,8633,84.0,9473,0.0,-1,0
train_set/benign/ISIC_2951012_640x427.jpg,train,benign,9265,38.0,9476,0.0,-1,0
train_set/benign/ISIC_2951662_640x427.jpg,train,benign,6383,88.0,9478,2.0,-1,0
train_set/benign/ISIC_2953711_640x360.jpg,train,benign,209,92.0,9485,0.0,-1,0
train_set/benign/ISIC_2954564_640x427.jpg,train,benign,7395,72.0,9491,2.0,-1,0
train_set/benign/ISIC_2956783_640x480.jpg,train,benign,9867,88.0,9496,2.0,-1,0
train_set/benign/ISIC_2957595_640x360.jpg,train,benign,3379,88.0,9500,0.0,-1,0
train_set/benign/ISIC_2959719_640x480.jpg,train,benign,1971,90.0,9506,0.0,-1,0
train_set/benign/ISIC_2960377_640x427.jpg,train,benign,4868,94.0,9507,2.0,-1,0
train_set/benign/ISIC_2963478_640x360.jpg,train,benign,8481,84.0,9519,2.0,-1,0
train_set/benign/ISIC_2968243_640x360.jpg,train,benign,2133,82.0,9526,4.0,-1,0
train_set/benign/ISIC_2968542_640x425.jpg,train,benign,1170,58.0,9529,4.0,-1,0
train_set/benign/ISIC_2968668_640x427.jpg,train,benign,9268,80.0,9530,6.0,-1,0
train_set/benign/ISIC_2969101_640x427.jpg,train,benign,9205,78.0,9533,0.0,-1,0
train_set/benign/ISIC_2970632_640x480.jpg,train,benign,7281,92.0,9542,2.0,-1,0
train_set/benign/ISIC_2975553_640x427.jpg,train,benign,9594,60.0,9553,4.0,-1,0
train_set/benign/ISIC_2975904_640x480.jpg,train,benign,9376,90.0,9556,0.0,-1,0
train_set/benign/ISIC_2977336_640x360.jpg,train,benign,3777,78.0,9560,4.0,-1,0
train_set/benign/ISIC_2978336_640x480.jpg,train,benign,7185,70.0,9563,4.0,-1,0
train_set/benign/ISIC_2978682_640x360.jpg,train,benign,1170,82.0,9565,4.0,-1,0
train_set/benign/ISIC_2978983_640x480.jpg,train,benign,651,88.0,9566,6.0,-1,0
train_set/benign/ISIC_2979550_640x427.jpg,train,benign,5026,72.0,9568,4.0,-1,0
train_set/benign/ISIC_2982232_640x360.jpg,train,benign,5028,90.0,9577,4.0,-1,0
train_set/benign/ISIC_2982883_640x427.jpg,train,benign,3350,84.0,9581,2.0,-1,0
train_set/benign/ISIC_2985753_640x480.jpg,train,benign,7592,84.0,9593,4.0,-1,0
train_set/benign/ISIC_2991986_640x480.jpg,train,benign,8205,84.0,9617,0.0,-1,0
train_set/benign/ISIC_2995801_640x360.jpg,train,benign,5678,88.0,9627,4.0,-1,0
train_set/benign/ISIC_2996668_640x480.jpg,train,benign,3482,94.0,9630,0.0,-1,0
train_set/benign/ISIC_2998670_640x427.jpg,train,benign,6851,82.0,9638,2.0,-1,0
train_set/benign/ISIC_3001941_640x427.jpg,train,benign,2148,90.0,9649,4.0,-1,0
train_set/benign/ISIC_3003273_640x427.jpg,train,benign,9029,92.0,9654,2.0,-1,0
train_set/benign/ISIC_3003544_640x360.jpg,train,benign,3983,80.0,9657,2.0,-1,0
train_set/benign/ISIC_3004041_640x478.jpg,train,benign,1790,70.0,9661,4.0,-1,0
train_set/benign/ISIC_3005396_640x360.jpg,train,benign,8117,86.0,9664,4.0,-1,0
train_set/benign/ISIC_3006101_640x360.jpg,train,benign,1947,92.0,9667,0.0,-1,0
train_set/benign/ISIC_3007732_640x480.jpg,train,benign,2860,82.0,9671,2.0,-1,0
train_set/benign/ISIC_3008539_640x427.jpg,train,benign,6959,72.0,9675,2.0,-1,0
train_set/benign/ISIC_3010059_640x427.jpg,train,benign,8510,80.0,9682,2.0,-1,0
train_set/benign/ISIC_3010550_640x427.jpg,train,benign,7020,58.0,9686,0.0,-1,0
train_set/benign/ISIC_3010681_640x427.jpg,train,benign,8260,86.0,9689,4.0,-1,0
train_set/benign/ISIC_3011066_640x427.jpg,train,benign,7244,62.0,9690,2.0,-1,0
train_set/benign/ISIC_3011638_640x360.jpg,train,benign,7858,90.0,9691,2.0,-1,0
train_set/benign/ISIC_3012527_640x360.jpg,train,benign,881,88.0,9694,2.0,-1,0
train_set/benign/ISIC_3013569_640x360.jpg,train,benign,4686,86.0,9698,4.0,-1,0
train_set/benign/ISIC_3014965_640x427.jpg,train,benign,8697,90.0,9699,2.0,-1,0
train_set/benign/ISIC_3016859_640x360.jpg,train,benign,977,86.0,9704,4.0,-1,0
train_set/benign/ISIC_3018092_640x360.jpg,train,benign,2363,96.0,9707,2.0,-1,0
train_set/benign/ISIC_3018184_640x427.jpg,train,benign,3254,68.0,9708,2.0,-1,0
train_set/benign/ISIC_3018475_640x360.jpg,train,benign,255,94.0,9709,0.0,-1,0
train_set/benign/ISIC_3019509_640x427.jpg,train,benign,1413,88.0,9713,2.0,-1,0
train_set/benign/ISIC_3028173_640x360.jpg,train,benign,8085,82.0,9738,2.0,-1,0
train_set/benign/ISIC_3029087_640x427.jpg,train,benign,7689,84.0,9742,2.0,-1,0
train_set/benign/ISIC_3029937_640x427.jpg,train,benign,7509,78.0,9744,2.0,-1,0
train_set/benign/ISIC_3030015_640x480.jpg,train,benign,6716,78.0,9745,2.0,-1,0
train_set/benign/ISIC_3034292_640x427.jpg,train,benign,7606,84.0,9754,0.0,-1,0
train_set/benign/ISIC_3034921_640x360.jpg,train,benign,3720,84.0,9757,4.0,-1,0
train_set/benign/ISIC_3035461_640x425.jpg,train,benign,9226,80.0,9760,0.0,-1,0
train_set/benign/ISIC_3045489_640x360.jpg,train,benign,8834,88.0,9782,2.0,-1,0
train_set/benign/ISIC_3046905_640x427.jpg,train,benign,8728,84.0,9787,0.0,-1,0
train_set/benign/ISIC_3046930_640x427.jpg,train,benign,4785,88.0,2210,2.0,-1,0
train_set/benign/ISIC_3047806_640x360.jpg,train,benign,8861,82.0,9788,2.0,-1,0
train_set/benign/ISIC_3049028_640x480.jpg,train,benign,6043,70.0,9792,2.0,-1,0
train_set/benign/ISIC_3049301_640x480.jpg,train,benign,7373,82.0,9793,0.0,-1,0
train_set/benign/ISIC_3051892_640x427.jpg,train,benign,9556,88.0,9798,0.0,-1,0
train_set/benign/ISIC_3054523_640x427.jpg,train,benign,2395,82.0,9800,0.0,-1,0
train_set/benign/ISIC_3055257_640x427.jpg,train,benign,7545,70.0,9801,2.0,-1,0
train_set/benign/ISIC_3058634_640x360.jpg,train,benign,5507,88.0,9809,2.0,-1,0
train_set/benign/ISIC_3059347_640x360.jpg,train,benign,2953,76.0,9812,2.0,-1,0
train_set/benign/ISIC_3061909_640x427.jpg,train,benign,417,92.0,9820,2.0,-1,0
train_set/benign/ISIC_3063260_640x480.jpg,train,benign,8513,76.0,9825,2.0,-1,0
train_set/benign/ISIC_3064807_640x360.jpg,train,benign,4931,82.0,9831,4.0,-1,0
train_set/benign/ISIC_3067657_640x360.jpg,train,benign,6248,68.0,9839,4.0,-1,0
train_set/benign/ISIC_3067885_640x480.jpg,train,benign,8889,74.0,9840,2.0,-1,0
train_set/benign/ISIC_3069054_640x480.jpg,train,benign,9170,74.0,9845,2.0,-1,0
train_set/benign/ISIC_3071338_640x360.jpg,train,benign,8513,86.0,9855,2.0,-1,0
train_set/benign/ISIC_3073339_640x480.jpg,train,benign,6685,80.0,9865,0.0,-1,0
train_set/benign/ISIC_3079305_640x427.jpg,train,benign,6360,86.0,9877,2.0,-1,0
train_set/benign/ISIC_3084322_640x360.jpg,train,benign,7231,84.0,9894,4.0,-1,0
train_set/benign/ISIC_3086038_640x360.jpg,train,benign,3255,80.0,9902,6.0,-1,0
train_set/benign/ISIC_3087433_640x427.jpg,train,benign,8276,68.0,9909,2.0,-1,0
train_set/benign/ISIC_3087861_640x480.jpg,train,benign,2358,76.0,9910,2.0,-1,0
train_set/benign/ISIC_3088518_480x480.jpg,train,benign,9779,92.0,9912,0.0,-1,0
train_set/benign/ISIC_3090826_640x480.jpg,train,benign,8611,88.0,9920,0.0,-1,0
train_set/benign/ISIC_3095959_640x360.jpg,train,benign,1243,74.0,9934,4.0,-1,0
train_set/benign/ISIC_3097419_640x427.jpg,train,benign,2763,86.0,9941,0.0,-1,0
train_set/benign/ISIC_3097976_640x480.jpg,train,benign,4204,84.0,9944,4.0,-1,0
train_set/benign/ISIC_3098750_640x427.jpg,train,benign,790,88.0,9949,2.0,-1,0
train_set/benign/ISIC_3100594_640x427.jpg,train,benign,27,72.0,9954,4.0,-1,0
train_set/benign/ISIC_3100819_640x480.jpg,train,benign,7559,78.0,9955,0.0,-1,0
train_set/benign/ISIC_3101458_640x480.jpg,train,benign,5640,88.0,9957,2.0,-1,0
train_set/benign/ISIC_3101618_640x427.jpg,train,benign,7220,66.0,9958,4.0,-1,0
train_set/benign/ISIC_3102613_640x360.jpg,train,benign,465,88.0,9961,2.0,-1,0
train_set/benign/ISIC_3105703_640x360.jpg,train,benign,6843,84.0,9973,2.0,-1,0
train_set/benign/ISIC_3106058_640x360.jpg,train,benign,2440,74.0,9975,8.0,-1,0
train_set/benign/ISIC_3108166_640x360.jpg,train,benign,9028,90.0,9980,4.0,-1,0
train_set/benign/ISIC_3110548_640x427.jpg,train,benign,7930,84.0,9985,2.0,-1,0
train_set/benign/ISIC_3110946_640x480.jpg,train,benign,8152,74.0,9987,2.0,-1,0
train_set/benign/ISIC_3114154_640x360.jpg,train,benign,8443,88.0,10001,6.0,-1,0
train_set/benign/ISIC_3114532_640x480.jpg,train,benign,1076,92.0,10002,0.0,-1,0
train_set/benign/ISIC_3115327_640x427.jpg,train,benign,8651,88.0,10005,2.0,-1,0
train_set/benign/ISIC_3115568_640x360.jpg,train,benign,3551,92.0,10007,2.0,-1,0
train_set/benign/ISIC_3116507_640x360.jpg,train,benign,3797,82.0,10009,4.0,-1,0
train_set/benign/ISIC_3116777_640x478.jpg,train,benign,1667,84.0,10010,2.0,-1,0
train_set/benign/ISIC_3117505_640x425.jpg,train,benign,6,80.0,10012,0.0,-1,0
train_set/benign/ISIC_3117585_640x427.jpg,train,benign,5656,90.0,10013,4.0,-1,0
train_set/benign/ISIC_3121451_640x360.jpg,train,benign,3933,86.0,10024,4.0,-1,0
train_set/benign/ISIC_3123718_640x427.jpg,train,benign,6973,86.0,10031,2.0,-1,0
train_set/benign/ISIC_3124612_640x427.jpg,train,benign,662,66.0,10034,2.0,-1,0
train_set/benign/ISIC_3125078_640x427.jpg,train,benign,884,88.0,10036,0.0,-1,0
train_set/benign/ISIC_3125318_640x427.jpg,train,benign,9205,82.0,10037,4.0,-1,0
train_set/benign/ISIC_3126741_640x427.jpg,train,benign,4215,72.0,10042,2.0,-1,0
train_set/benign/ISIC_3127347_640x360.jpg,train,benign,5361,58.0,10044,4.0,-1,0
train_set/benign/ISIC_3128203_640x427.jpg,train,benign,8995,68.0,10046,2.0,-1,0
train_set/benign/ISIC_3128262_640x360.jpg,train,benign,711,88.0,10048,4.0,-1,0
train_set/benign/ISIC_3139766_640x427.jpg,train,benign,9098,70.0,10086,0.0,-1,0
train_set/benign/ISIC_3141629_640x427.jpg,train,benign,8237,70.0,10091,2.0,-1,0
train_set/benign/ISIC_3144003_640x427.jpg,train,benign,4862,68.0,10102,2.0,-1,0
train_set/benign/ISIC_3145134_640x360.jpg,train,benign,8790,88.0,10107,6.0,-1,0
train_set/benign/ISIC_3146074_640x427.jpg,train,benign,7787,66.0,10110,2.0,-1,0
train_set/benign/ISIC_3148048_640x360.jpg,train,benign,2990,80.0,10118,4.0,-1,0
train_set/benign/ISIC_3156486_640x427.jpg,train,benign,8840,62.0,10142,2.0,-1,0
train_set/benign/ISIC_3158860_640x480.jpg,train,benign,5553,84.0,10149,2.0,-1,0
train_set/benign/ISIC_3160291_640x427.jpg,train,benign,9648,76.0,10156,2.0,-1,0
train_set/benign/ISIC_3160301_640x427.jpg,train,benign,7722,82.0,10157,0.0,-1,0
train_set/benign/ISIC_3161986_640x427.jpg,train,benign,9265,66.0,10164,4.0,-1,0
train_set/benign/ISIC_3167092_640x480.jpg,train,benign,1179,86.0,10181,2.0,-1,0
train_set/benign/ISIC_3167315_640x480.jpg,train,benign,1695,86.0,10182,2.0,-1,0
train_set/benign/ISIC_3171104_640x360.jpg,train,benign,7380,84.0,10192,6.0,-1,0
train_set/benign/ISIC_3175723_640x427.jpg,train,benign,6682,88.0,10205,0.0,-1,0
train_set/benign/ISIC_3177916_640x425.jpg,train,benign,9426,84.0,10214,2.0,-1,0
train_set/benign/ISIC_3180138_640x427.jpg,train,benign,9501,60.0,10219,2.0,-1,0
train_set/benign/ISIC_3181358_640x427.jpg,train,benign,6952,78.0,10220,2.0,-1,0
train_set/benign/ISIC_3183190_640x360.jpg,train,benign,295,92.0,10226,4.0,-1,0
train_set/benign/ISIC_3185336_640x480.jpg,train,benign,7128,90.0,10238,2.0,-1,0
train_set/benign/ISIC_3185470_640x427.jpg,train,benign,1276,64.0,10240,6.0,-1,0
train_set/benign/ISIC_3186625_640x427.jpg,train,benign,573,94.0,10243,2.0,-1,0
train_set/benign/ISIC_3187493_640x478.jpg,train,benign,141,90.0,10245,0.0,-1,0
train_set/benign/ISIC_3187836_640x480.jpg,train,benign,7645,86.0,10247,0.0,-1,0
train_set/benign/ISIC_3189380_640x360.jpg,train,benign,6111,80.0,10253,2.0,-1,0
train_set/benign/ISIC_3192233_640x480.jpg,train,benign,2139,92.0,10259,2.0,-1,0
train_set/benign/ISIC_3193358_640x360.jpg,train,benign,6982,86.0,10262,6.0,-1,0
train_set/benign/ISIC_3193768_640x427.jpg,train,benign,7061,74.0,10263,0.0,-1,0
train_set/benign/ISIC_3193774_640x480.jpg,train,benign,2397,86.0,10264,0.0,-1,0
train_set/benign/ISIC_3193988_640x480.jpg,train,benign,7790,80.0,10265,4.0,-1,0
train_set/benign/ISIC_3194670_640x427.jpg,train,benign,1393,70.0,10267,2.0,-1,0
train_set/benign/ISIC_3195720_640x480.jpg,train,benign,1624,88.0,10270,4.0,-1,0
train_set/benign/ISIC_3197616_640x480.jpg,train,benign,9390,76.0,10273,2.0,-1,0
train_set/benign/ISIC_3198071_640x480.jpg,train,benign,8481,80.0,10275,2.0,-1,0
train_set/benign/ISIC_3198225_640x427.jpg,train,benign,2664,92.0,10278,0.0,-1,0
train_set/benign/ISIC_3200264_640x360.jpg,train,benign,5979,88.0,10282,2.0,-1,0
train_set/benign/ISIC_3202094_640x480.jpg,train,benign,9091,88.0,10286,2.0,-1,0
train_set/benign/ISIC_3204621_640x360.jpg,train,benign,168,88.0,10296,8.0,-1,0
train_set/benign/ISIC_3204983_640x480.jpg,train,benign,4588,86.0,10297,0.0,-1,0
train_set/benign/ISIC_3205354_640x480.jpg,train,benign,9429,82.0,10299,0.0,-1,0
train_set/benign/ISIC_3209856_640x427.jpg,train,benign,2663,84.0,10314,2.0,-1,0
train_set/benign/ISIC_3209995_640x478.jpg,train,benign,925,78.0,10315,0.0,-1,0
train_set/benign/ISIC_3211246_640x480.jpg,train,benign,7745,92.0,10319,0.0,-1,0
train_set/benign/ISIC_3212116_640x427.jpg,train,benign,8835,76.0,10325,4.0,-1,0
train_set/benign/ISIC_3215316_640x480.jpg,train,benign,6133,84.0,10334,2.0,-1,0
train_set/benign/ISIC_3216049_640x360.jpg,train,benign,4069,90.0,10337,6.0,-1,0
train_set/benign/ISIC_3216095_640x360.jpg,train,benign,210,80.0,10338,2.0,-1,0
train_set/benign/ISIC_3218150_640x360.jpg,train,benign,687,94.0,10345,2.0,-1,0
train_set/benign/ISIC_3218245_640x360.jpg,train,benign,8190,78.0,10348,2.0,-1,0
train_set/benign/ISIC_3218501_640x427.jpg,train,benign,2901,62.0,10350,4.0,-1,0
train_set/benign/ISIC_3220834_640x427.jpg,train,benign,7807,68.0,10356,4.0,-1,0
train_set/benign/ISIC_3222960_640x427.jpg,train,benign,7647,74.0,10365,2.0,-1,0
train_set/benign/ISIC_3225847_640x480.jpg,train,benign,8865,76.0,10376,0.0,-1,0
train_set/benign/ISIC_3228537_640x360.jpg,train,benign,8823,84.0,10385,2.0,-1,0
train_set/benign/ISIC_3230164_640x480.jpg,train,benign,3088,86.0,10391,2.0,-1,0
train_set/benign/ISIC_3230191_640x427.jpg,train,benign,5903,74.0,10392,0.0,-1,0
train_set/benign/ISIC_3231840_640x360.jpg,train,benign,2417,80.0,10396,4.0,-1,0
train_set/benign/ISIC_3232811_640x360.jpg,train,benign,2410,82.0,10400,4.0,-1,0
train_set/benign/ISIC_3234899_640x427.jpg,train,benign,7791,82.0,10403,4.0,-1,0
train_set/benign/ISIC_3234908_640x427.jpg,train,benign,6772,86.0,10404,4.0,-1,0
train_set/benign/ISIC_3235004_640x427.jpg,train,benign,1919,90.0,10405,6.0,-1,0
train_set/benign/ISIC_3235491_640x427.jpg,train,benign,6832,66.0,10406,6.0,-1,0
train_set/benign/ISIC_3236363_640x480.jpg,train,benign,9232,74.0,10408,2.0,-1,0
train_set/benign/ISIC_3237861_640x480.jpg,train,benign,7490,80.0,10419,2.0,-1,0
train_set/benign/ISIC_3238159_640x427.jpg,train,benign,4106,90.0,10422,4.0,-1,0
train_set/benign/ISIC_3239455_640x427.jpg,train,benign,162,94.0,10427,2.0,-1,0
train_set/benign/ISIC_3241555_640x480.jpg,train,benign,264,90.0,10432,2.0,-1,0
train_set/benign/ISIC_3242778_640x480.jpg,train,benign,1900,92.0,10439,0.0,-1,0
train_set/benign/ISIC_3245520_640x478.jpg,train,benign,823,76.0,10447,4.0,-1,0
train_set/benign/ISIC_3246485_640x480.jpg,train,benign,1561,90.0,10451,2.0,-1,0
train_set/benign/ISIC_3246675_640x360.jpg,train,benign,1630,80.0,10452,6.0,-1,0
train_set/benign/ISIC_3249299_640x427.jpg,train,benign,2544,86.0,10459,2.0,-1,0
train_set/benign/ISIC_3249938_640x480.jpg,train,benign,2318,90.0,10464,2.0,-1,0
train_set/benign/ISIC_3251275_640x360.jpg,train,benign,1622,90.0,10468,4.0,-1,0
train_set/benign/ISIC_3251773_640x360.jpg,train,benign,939,92.0,10473,4.0,-1,0
train_set/benign/ISIC_3253098_640x427.jpg,train,benign,9121,70.0,10478,2.0,-1,0
train_set/benign/ISIC_3254309_640x360.jpg,train,benign,9119,72.0,10482,2.0,-1,0
train_set/benign/ISIC_3255182_640x360.jpg,train,benign,3971,88.0,10487,0.0,-1,0
train_set/benign/ISIC_3255457_640x480.jpg,train,benign,7888,80.0,10489,2.0,-1,0
train_set/benign/ISIC_3255602_640x480.jpg,train,benign,1868,88.0,10490,2.0,-1,0
train_set/benign/ISIC_3256395_640x427.jpg,train,benign,8443,76.0,10494,2.0,-1,0
train_set/benign/ISIC_3256966_640x480.jpg,train,benign,4570,70.0,10496,2.0,-1,0
train_set/benign/ISIC_3257327_640x480.jpg,train,benign,8567,80.0,10497,2.0,-1,0
train_set/benign/ISIC_3258598_640x480.jpg,train,benign,2635,90.0,10500,2.0,-1,0
train_set/benign/ISIC_3260068_640x360.jpg,train,benign,2687,88.0,10504,0.0,-1,0
train_set/benign/ISIC_3260649_640x360.jpg,train,benign,9705,90.0,10508,6.0,-1,0
train_set/benign/ISIC_3262153_480x480.jpg,train,benign,4372,84.0,10515,0.0,-1,0
train_set/benign/ISIC_3262904_640x360.jpg,train,benign,9343,78.0,10518,4.0,-1,0
train_set/benign/ISIC_3263757_640x360.jpg,train,benign,8837,76.0,10519,6.0,-1,0
train_set/benign/ISIC_3264367_640x360.jpg,train,benign,7129,86.0,10522,2.0,-1,0
train_set/benign/ISIC_3265470_640x360.jpg,train,benign,5324,86.0,10525,2.0,-1,0
train_set/benign/ISIC_3265701_640x360.jpg,train,benign,6981,60.0,10526,4.0,-1,0
train_set/benign/ISIC_3267929_640x427.jpg,train,benign,9143,50.0,10536,2.0,-1,0
train_set/benign/ISIC_3269863_640x427.jpg,train,benign,1435,80.0,10541,0.0,-1,0
train_set/benign/ISIC_3270831_640x360.jpg,train,benign,8949,66.0,10546,4.0,-1,0
train_set/benign/ISIC_3272526_640x427.jpg,train,benign,461,94.0,10549,2.0,-1,0
train_set/benign/ISIC_3272920_640x360.jpg,train,benign,2190,82.0,10550,2.0,-1,0
train_set/benign/ISIC_3273860_640x480.jpg,train,benign,5983,80.0,10556,2.0,-1,0
train_set/benign/ISIC_3274103_640x427.jpg,train,benign,6072,86.0,10559,2.0,-1,0
train_set/benign/ISIC_3274903_640x427.jpg,train,benign,9442,68.0,10564,4.0,-1,0
train_set/benign/ISIC_3280963_640x480.jpg,train,benign,874,90.0,10576,2.0,-1,0
train_set/benign/ISIC_3281329_640x427.jpg,train,benign,7787,86.0,10578,4.0,-1,0
train_set/benign/ISIC_3286956_640x360.jpg,train,benign,4341,94.0,10596,4.0,-1,0
train_set/benign/ISIC_3295852_640x427.jpg,train,benign,75,72.0,10625,2.0,-1,0
train_set/benign/ISIC_3296152_640x427.jpg,train,benign,2252,80.0,10629,6.0,-1,0
train_set/benign/ISIC_3299506_640x427.jpg,train,benign,461,94.0,10549,2.0,-1,0
train_set/benign/ISIC_3300938_640x427.jpg,train,benign,7035,56.0,10643,0.0,-1,0
train_set/benign/ISIC_3301263_640x360.jpg,train,benign,8735,86.0,10646,6.0,-1,0
train_set/benign/ISIC_3302289_640x478.jpg,train,benign,2879,82.0,10654,2.0,-1,0
train_set/benign/ISIC_3303825_640x480.jpg,train,benign,6424,82.0,10659,0.0,-1,0
train_set/benign/ISIC_3305120_640x427.jpg,train,benign,5678,76.0,10665,2.0,-1,0
train_set/benign/ISIC_3305468_640x480.jpg,train,benign,7163,86.0,10667,2.0,-1,0
train_set/benign/ISIC_3306135_640x360.jpg,train,benign,7948,82.0,10669,4.0,-1,0
train_set/benign/ISIC_3306507_640x427.jpg,train,benign,7148,74.0,10671,2.0,-1,0
train_set/benign/ISIC_3306510_640x360.jpg,train,benign,3056,84.0,10672,4.0,-1,0
train_set/benign/ISIC_3307060_640x427.jpg,train,benign,352,86.0,10673,2.0,-1,0
train_set/benign/ISIC_3307352_640x427.jpg,train,benign,7481,66.0,10674,6.0,-1,0
train_set/benign/ISIC_3310364_640x360.jpg,train,benign,1112,76.0,10683,4.0,-1,0
train_set/benign/ISIC_3310898_640x480.jpg,train,benign,1170,78.0,10689,0.0,-1,0
train_set/benign/ISIC_3311265_640x480.jpg,train,benign,2732,78.0,10691,2.0,-1,0
train_set/benign/ISIC_3312574_640x427.jpg,train,benign,9294,84.0,10696,2.0,-1,0
train_set/benign/ISIC_3314555_640x360.jpg,train,benign,3582,84.0,10700,6.0,-1,0
train_set/benign/ISIC_3315146_640x360.jpg,train,benign,4233,82.0,10703,4.0,-1,0
train_set/benign/ISIC_3315713_640x360.jpg,train,benign,2836,84.0,10708,4.0,-1,0
train_set/benign/ISIC_3317877_640x360.jpg,train,benign,3630,92.0,10717,2.0,-1,0
train_set/benign/ISIC_3319361_640x427.jpg,train,benign,7883,76.0,10724,2.0,-1,0
train_set/benign/ISIC_3322492_640x360.jpg,train,benign,8839,70.0,10727,2.0,-1,0
train_set/benign/ISIC_3327152_640x360.jpg,train,benign,2476,82.0,10733,4.0,-1,0
train_set/benign/ISIC_3329692_640x480.jpg,train,benign,9306,88.0,10741,4.0,-1,0
train_set/benign/ISIC_3331500_640x480.jpg,train,benign,2161,78.0,10744,0.0,-1,0
train_set/benign/ISIC_3331982_640x478.jpg,train,benign,7555,74.0,10747,2.0,-1,0
train_set/benign/ISIC_3341994_640x360.jpg,train,benign,1566,86.0,10775,4.0,-1,0
train_set/benign/ISIC_3342276_640x360.jpg,train,benign,1711,84.0,10777,4.0,-1,0
train_set/benign/ISIC_3342553_640x360.jpg,train,benign,6786,88.0,10779,4.0,-1,0
train_set/benign/ISIC_3343476_640x427.jpg,train,benign,9019,90.0,10781,0.0,-1,0
train_set/benign/ISIC_3343729_640x480.jpg,train,benign,136,82.0,10782,4.0,-1,0
train_set/benign/ISIC_3343918_640x360.jpg,train,benign,6982,74.0,10783,4.0,-1,0
train_set/benign/ISIC_3344329_640x360.jpg,train,benign,260,82.0,10784,4.0,-1,0
train_set/benign/ISIC_3351694_640x480.jpg,train,benign,984,94.0,10803,2.0,-1,0
train_set/benign/ISIC_3351899_640x360.jpg,train,benign,4497,88.0,10805,4.0,-1,0
train_set/benign/ISIC_3352700_640x480.jpg,train,benign,597,90.0,10807,2.0,-1,0
train_set/benign/ISIC_3356355_640x427.jpg,train,benign,75,78.0,10820,2.0,-1,0
train_set/benign/ISIC_3356671_640x480.jpg,train,benign,1714,86.0,10823,0.0,-1,0
train_set/benign/ISIC_3357399_640x360.jpg,train,benign,7580,70.0,10825,4.0,-1,0
train_set/benign/ISIC_3366397_640x480.jpg,train,benign,8894,84.0,10850,6.0,-1,0
train_set/benign/ISIC_3366683_640x480.jpg,train,benign,6287,82.0,10851,2.0,-1,0
train_set/benign/ISIC_3368599_640x360.jpg,train,benign,8005,84.0,10858,0.0,-1,0
train_set/benign/ISIC_3371318_640x480.jpg,train,benign,9828,66.0,10868,0.0,-1,0
train_set/benign/ISIC_3372067_640x427.jpg,train,benign,6260,90.0,10871,2.0,-1,0
train_set/benign/ISIC_3374533_640x360.jpg,train,benign,7519,84.0,10878,2.0,-1,0
train_set/benign/ISIC_3379523_640x360.jpg,train,benign,2990,94.0,10892,2.0,-1,0
train_set/benign/ISIC_3380009_640x427.jpg,train,benign,92,90.0,10893,2.0,-1,0
train_set/benign/ISIC_3380547_640x427.jpg,train,benign,7904,72.0,10897,0.0,-1,0
train_set/benign/ISIC_3381158_640x480.jpg,train,benign,6962,62.0,10899,2.0,-1,0
train_set/benign/ISIC_3382231_640x480.jpg,train,benign,378,88.0,10902,4.0,-1,0
train_set/benign/ISIC_3386395_640x360.jpg,train,benign,4655,86.0,10919,4.0,-1,0
train_set/benign/ISIC_3386656_640x360.jpg,train,benign,8734,86.0,10920,2.0,-1,0
train_set/benign/ISIC_3389461_640x427.jpg,train,benign,6683,72.0,10926,2.0,-1,0
train_set/benign/ISIC_3389696_640x427.jpg,train,benign,662,68.0,10928,2.0,-1,0
train_set/benign/ISIC_3389740_640x360.jpg,train,benign,5972,86.0,10931,4.0,-1,0
train_set/benign/ISIC_3392571_640x427.jpg,train,benign,8640,64.0,10948,4.0,-1,0
train_set/benign/ISIC_3393160_640x480.jpg,train,benign,5487,86.0,10949,0.0,-1,0
train_set/benign/ISIC_3395644_640x480.jpg,train,benign,5136,84.0,10957,0.0,-1,0
train_set/benign/ISIC_3395743_640x360.jpg,train,benign,2695,90.0,10958,2.0,-1,0
train_set/benign/ISIC_3397764_640x360.jpg,train,benign,5102,86.0,10966,4.0,-1,0
train_set/benign/ISIC_3397963_640x360.jpg,train,benign,5175,78.0,10967,4.0,-1,0
train_set/benign/ISIC_3399603_640x360.jpg,train,benign,4951,84.0,10970,2.0,-1,0
train_set/benign/ISIC_3401631_640x360.jpg,train,benign,1297,84.0,10974,4.0,-1,0
train_set/benign/ISIC_3401777_640x480.jpg,train,benign,2286,84.0,10975,2.0,-1,0
train_set/benign/ISIC_3402347_640x427.jpg,train,benign,2444,62.0,10979,6.0,-1,0
train_set/benign/ISIC_3403329_640x425.jpg,train,benign,7070,74.0,10982,2.0,-1,0
train_set/benign/ISIC_3407960_640x360.jpg,train,benign,1968,90.0,10992,0.0,-1,0
train_set/benign/ISIC_3409824_640x427.jpg,train,benign,5966,84.0,11003,4.0,-1,0
train_set/benign/ISIC_3410352_640x360.jpg,train,benign,7555,60.0,11005,2.0,-1,0
train_set/benign/ISIC_3410459_640x427.jpg,train,benign,6792,88.0,11006,2.0,-1,0
train_set/benign/ISIC_3412310_640x480.jpg,train,benign,2608,82.0,11009,4.0,-1,0
train_set/benign/ISIC_3412390_640x427.jpg,train,benign,7739,68.0,11010,2.0,-1,0
train_set/benign/ISIC_3413036_640x427.jpg,train,benign,36,72.0,11013,0.0,-1,0
train_set/benign/ISIC_3413138_640x480.jpg,train,benign,4547,74.0,11014,4.0,-1,0
train_set/benign/ISIC_3414811_640x427.jpg,train,benign,7787,56.0,11017,2.0,-1,0
train_set/benign/ISIC_3415401_640x480.jpg,train,benign,5219,86.0,11019,2.0,-1,0
train_set/benign/ISIC_3416130_640x427.jpg,train,benign,8840,70.0,11023,2.0,-1,0
train_set/benign/ISIC_3416324_640x480.jpg,train,benign,2970,72.0,11024,0.0,-1,0
train_set/benign/ISIC_3417724_640x427.jpg,train,benign,7494,70.0,11030,2.0,-1,0
train_set/benign/ISIC_3418245_640x427.jpg,train,benign,2341,84.0,11034,2.0,-1,0
train_set/benign/ISIC_3419264_640x427.jpg,train,benign,2267,82.0,11038,0.0,-1,0
train_set/benign/ISIC_3420831_640x360.jpg,train,benign,1793,78.0,11043,4.0,-1,0
train_set/benign/ISIC_3421141_640x480.jpg,train,benign,4538,90.0,11044,4.0,-1,0
train_set/benign/ISIC_3424667_640x480.jpg,train,benign,773,92.0,11051,0.0,-1,0
train_set/benign/ISIC_3425388_640x360.jpg,train,benign,6997,88.0,11052,4.0,-1,0
train_set/benign/ISIC_3425831_640x427.jpg,train,benign,112,86.0,11053,2.0,-1,0
train_set/benign/ISIC_3428451_640x427.jpg,train,benign,9462,82.0,11065,2.0,-1,0
train_set/benign/ISIC_3428742_640x360.jpg,train,benign,2357,82.0,11069,2.0,-1,0
train_set/benign/ISIC_3429835_640x480.jpg,train,benign,5678,60.0,11075,2.0,-1,0
train_set/benign/ISIC_3430492_640x480.jpg,train,benign,9392,80.0,11080,4.0,-1,0
train_set/benign/ISIC_3431064_640x480.jpg,train,benign,2681,92.0,11083,4.0,-1,0
train_set/benign/ISIC_3432199_640x427.jpg,train,benign,9277,60.0,7498,4.0,-1,0
train_set/benign/ISIC_3434494_640x427.jpg,train,benign,9341,60.0,11095,2.0,-1,0
train_set/benign/ISIC_3436311_640x427.jpg,train,benign,7636,72.0,11104,0.0,-1,0
train_set/benign/ISIC_3437036_640x480.jpg,train,benign,196,86.0,11105,0.0,-1,0
train_set/benign/ISIC_3437119_640x360.jpg,train,benign,8871,88.0,11106,4.0,-1,0
train_set/benign/ISIC_3439215_640x360.jpg,train,benign,1711,84.0,11112,2.0,-1,0
train_set/benign/ISIC_3440693_640x360.jpg,train,benign,4380,92.0,11117,2.0,-1,0
train_set/benign/ISIC_3441198_640x360.jpg,train,benign,6928,86.0,11122,6.0,-1,0
train_set/benign/ISIC_3441888_640x360.jpg,train,benign,5678,82.0,11125,4.0,-1,0
train_set/benign/ISIC_3442177_640x427.jpg,train,benign,8839,68.0,11126,6.0,-1,0
train_set/benign/ISIC_3442691_640x360.jpg,train,benign,5536,86.0,11129,4.0,-1,0
train_set/benign/ISIC_3445468_640x480.jpg,train,benign,7621,86.0,11140,4.0,-1,0
train_set/benign/ISIC_3445801_640x480.jpg,train,benign,1893,86.0,11141,0.0,-1,0
train_set/benign/ISIC_3448546_640x360.jpg,train,benign,6776,78.0,11150,2.0,-1,0
train_set/benign/ISIC_3450191_640x427.jpg,train,benign,7986,84.0,11157,2.0,-1,0
train_set/benign/ISIC_3451676_640x360.jpg,train,benign,7108,86.0,11159,2.0,-1,0
train_set/benign/ISIC_3451688_480x480.jpg,train,benign,3367,86.0,11160,2.0,-1,0
train_set/benign/ISIC_3452622_640x360.jpg,train,benign,6737,82.0,11162,4.0,-1,0
train_set/benign/ISIC_3453763_640x360.jpg,train,benign,5036,76.0,11164,2.0,-1,0
train_set/benign/ISIC_3453832_640x427.jpg,train,benign,2395,66.0,11165,6.0,-1,0
train_set/benign/ISIC_3455136_640x480.jpg,train,benign,7639,78.0,11167,2.0,-1,0
train_set/benign/ISIC_3456207_640x427.jpg,train,benign,7500,72.0,11177,4.0,-1,0
train_set/benign/ISIC_3464057_640x427.jpg,train,benign,8691,68.0,11199,2.0,-1,0
train_set/benign/ISIC_3466777_640x427.jpg,train,benign,662,68.0,11207,4.0,-1,0
train_set/benign/ISIC_3472455_640x360.jpg,train,benign,2878,90.0,11217,6.0,-1,0
train_set/benign/ISIC_3472937_640x427.jpg,train,benign,2344,82.0,11218,2.0,-1,0
train_set/benign/ISIC_3478437_640x427.jpg,train,benign,2432,74.0,11230,0.0,-1,0
train_set/benign/ISIC_3481133_640x480.jpg,train,benign,2417,84.0,11237,0.0,-1,0
train_set/benign/ISIC_3481509_640x480.jpg,train,benign,217,90.0,11239,0.0,-1,0
train_set/benign/ISIC_3481768_640x427.jpg,train,benign,1903,92.0,11243,2.0,-1,0
train_set/benign/ISIC_3485482_640x427.jpg,train,benign,2815,90.0,11255,2.0,-1,0
train_set/benign/ISIC_3485709_640x480.jpg,train,benign,1230,76.0,11258,2.0,-1,0
train_set/benign/ISIC_3486683_640x360.jpg,train,benign,1344,92.0,11263,4.0,-1,0
train_set/benign/ISIC_3487151_640x360.jpg,train,benign,8017,82.0,11265,0.0,-1,0
train_set/benign/ISIC_3487632_640x480.jpg,train,benign,2088,84.0,11267,2.0,-1,0
train_set/benign/ISIC_3488268_640x360.jpg,train,benign,7530,80.0,11268,2.0,-1,0
train_set/benign/ISIC_3488784_640x480.jpg,train,benign,1779,54.0,11270,0.0,-1,0
train_set/benign/ISIC_3489630_640x480.jpg,train,benign,5645,90.0,11271,4.0,-1,0
train_set/benign/ISIC_3492970_640x360.jpg,train,benign,3796,88.0,11281,2.0,-1,0
train_set/benign/ISIC_3493618_640x427.jpg,train,benign,8570,90.0,11284,2.0,-1,0
train_set/benign/ISIC_3494567_640x480.jpg,train,benign,4245,88.0,11287,2.0,-1,0
train_set/benign/ISIC_3495113_640x427.jpg,train,benign,7912,70.0,11289,2.0,-1,0
train_set/benign/ISIC_3495231_640x427.jpg,train,benign,6734,80.0,11290,4.0,-1,0
train_set/benign/ISIC_3495555_640x480.jpg,train,benign,3869,94.0,11291,4.0,-1,0
train_set/benign/ISIC_3498983_640x360.jpg,train,benign,435,86.0,11299,6.0,-1,0
train_set/benign/ISIC_3499886_640x360.jpg,train,benign,8759,70.0,11304,4.0,-1,0
train_set/benign/ISIC_3500261_640x427.jpg,train,benign,2318,82.0,11306,4.0,-1,0
train_set/benign/ISIC_3501997_640x480.jpg,train,benign,8016,74.0,11310,0.0,-1,0
train_set/benign/ISIC_3505915_640x360.jpg,train,benign,7287,80.0,11322,4.0,-1,0
train_set/benign/ISIC_3506204_640x427.jpg,train,benign,1647,78.0,11323,2.0,-1,0
train_set/benign/ISIC_3508258_640x427.jpg,train,benign,9456,76.0,11329,2.0,-1,0
train_set/benign/ISIC_3513367_640x360.jpg,train,benign,7921,68.0,11345,4.0,-1,0
train_set/benign/ISIC_3514162_640x480.jpg,train,benign,7034,84.0,11348,2.0,-1,0
train_set/benign/ISIC_3514891_640x360.jpg,train,benign,8840,68.0,11349,2.0,-1,0
train_set/benign/ISIC_3515162_640x427.jpg,train,benign,1245,76.0,11350,0.0,-1,0
train_set/benign/ISIC_3515230_640x427.jpg,train,benign,8276,68.0,9909,2.0,-1,0
train_set/benign/ISIC_3516857_640x480.jpg,train,benign,4245,80.0,11351,2.0,-1,0
train_set/benign/ISIC_3518899_640x480.jpg,train,benign,4524,90.0,11357,0.0,-1,0
train_set/benign/ISIC_3519823_640x360.jpg,train,benign,9069,84.0,11359,2.0,-1,0
train_set/benign/ISIC_3521251_640x425.jpg,train,benign,6747,72.0,11364,0.0,-1,0
train_set/benign/ISIC_3522522_640x480.jpg,train,benign,8609,80.0,11369,2.0,-1,0
train_set/benign/ISIC_3522554_640x480.jpg,train,benign,9460,92.0,11370,2.0,-1,0
train_set/benign/ISIC_3524881_640x427.jpg,train,benign,2265,48.0,11381,6.0,-1,0
train_set/benign/ISIC_3526122_640x427.jpg,train,benign,2432,88.0,11383,2.0,-1,0
train_set/benign/ISIC_3526409_640x360.jpg,train,benign,8865,68.0,11385,8.0,-1,0
train_set/benign/ISIC_3530337_640x360.jpg,train,benign,7462,84.0,11398,4.0,-1,0
train_set/benign/ISIC_3531360_640x427.jpg,train,benign,2488,68.0,11402,4.0,-1,0
train_set/benign/ISIC_3536231_640x480.jpg,train,benign,5121,82.0,11414,4.0,-1,0
train_set/benign/ISIC_3536848_640x360.jpg,train,benign,3392,78.0,11416,8.0,-1,0
train_set/benign/ISIC_3537571_640x360.jpg,train,benign,2636,92.0,11423,6.0,-1,0
train_set/benign/ISIC_3537768_640x427.jpg,train,benign,4472,90.0,11425,0.0,-1,0
train_set/benign/ISIC_3544821_640x427.jpg,train,benign,8865,72.0,11438,2.0,-1,0
train_set/benign/ISIC_3548598_640x427.jpg,train,benign,6909,64.0,11445,4.0,-1,0
train_set/benign/ISIC_3548927_640x427.jpg,train,benign,329,92.0,11446,2.0,-1,0
train_set/benign/ISIC_3550799_640x480.jpg,train,benign,5010,74.0,11451,2.0,-1,0
train_set/benign/ISIC_3550844_640x480.jpg,train,benign,7620,84.0,11452,2.0,-1,0
train_set/benign/ISIC_3555847_640x427.jpg,train,benign,8701,86.0,11466,4.0,-1,0
train_set/benign/ISIC_3556980_640x427.jpg,train,benign,9064,66.0,11474,0.0,-1,0
train_set/benign/ISIC_3559467_640x360.jpg,train,benign,2094,88.0,11484,4.0,-1,0
train_set/benign/ISIC_3559835_640x480.jpg,train,benign,4012,86.0,11485,0.0,-1,0
train_set/benign/ISIC_3561821_640x427.jpg,train,benign,6838,84.0,11492,0.0,-1,0
train_set/benign/ISIC_3562660_640x427.jpg,train,benign,7197,72.0,11497,2.0,-1,0
train_set/benign/ISIC_3564263_640x360.jpg,train,benign,9143,84.0,11506,2.0,-1,0
train_set/benign/ISIC_3566897_640x427.jpg,train,benign,2971,86.0,11513,2.0,-1,0
train_set/benign/ISIC_3569794_640x427.jpg,train,benign,7244,60.0,11521,2.0,-1,0
train_set/benign/ISIC_3571523_640x427.jpg,train,benign,8949,64.0,11524,0.0,-1,0
train_set/benign/ISIC_3571989_640x480.jpg,train,benign,427,92.0,11527,4.0,-1,0
train_set/benign/ISIC_3572165_640x427.jpg,train,benign,8909,72.0,11528,2.0,-1,0
train_set/benign/ISIC_3572458_640x427.jpg,train,benign,7117,84.0,11529,2.0,-1,0
train_set/benign/ISIC_3573742_640x360.jpg,train,benign,7580,84.0,11531,2.0,-1,0
train_set/benign/ISIC_3575926_480x480.jpg,train,benign,3411,88.0,11540,4.0,-1,0
train_set/benign/ISIC_3576000_640x427.jpg,train,benign,3588,88.0,11541,4.0,-1,0
train_set/benign/ISIC_3577410_640x478.jpg,train,benign,58,84.0,11543,2.0,-1,0
train_set/benign/ISIC_3579316_640x360.jpg,train,benign,9080,76.0,11552,4.0,-1,0
train_set/benign/ISIC_3584411_640x425.jpg,train,benign,2575,84.0,11566,6.0,-1,0
train_set/benign/ISIC_3585737_640x360.jpg,train,benign,1080,88.0,11568,6.0,-1,0
train_set/benign/ISIC_3586461_640x427.jpg,train,benign,1170,86.0,11570,2.0,-1,0
train_set/benign/ISIC_3586669_640x478.jpg,train,benign,8605,86.0,11573,0.0,-1,0
train_set/benign/ISIC_3588101_640x427.jpg,train,benign,7531,88.0,11579,2.0,-1,0
train_set/benign/ISIC_3590814_640x480.jpg,train,benign,8513,80.0,11586,0.0,-1,0
train_set/benign/ISIC_3592584_640x427.jpg,train,benign,2853,90.0,11596,0.0,-1,0
train_set/benign/ISIC_3593161_640x427.jpg,train,benign,9529,68.0,11600,2.0,-1,0
train_set/benign/ISIC_3593384_640x427.jpg,train,benign,7621,66.0,11603,2.0,-1,0
train_set/benign/ISIC_3594451_640x360.jpg,train,benign,3971,92.0,11606,2.0,-1,0
train_set/benign/ISIC_3594774_640x360.jpg,train,benign,6147,78.0,11608,4.0,-1,0
train_set/benign/ISIC_3597870_640x480.jpg,train,benign,6743,74.0,11624,2.0,-1,0
train_set/benign/ISIC_3599664_640x360.jpg,train,benign,3542,80.0,11633,6.0,-1,0
train_set/benign/ISIC_3601224_640x360.jpg,train,benign,7904,58.0,11641,2.0,-1,0
train_set/benign/ISIC_3603704_640x427.jpg,train,benign,7356,50.0,11650,2.0,-1,0
train_set/benign/ISIC_3603821_640x427.jpg,train,benign,1393,50.0,11652,0.0,-1,0
train_set/benign/ISIC_3604975_640x427.jpg,train,benign,8839,76.0,11657,2.0,-1,0
train_set/benign/ISIC_3607658_640x480.jpg,train,benign,199,84.0,11663,2.0,-1,0
train_set/benign/ISIC_3608788_640x480.jpg,train,benign,9344,86.0,11669,4.0,-1,0
train_set/benign/ISIC_3614121_640x360.jpg,train,benign,135,84.0,11686,4.0,-1,0
train_set/benign/ISIC_3615391_640x360.jpg,train,benign,2837,74.0,11689,4.0,-1,0
train_set/benign/ISIC_3619052_640x360.jpg,train,benign,7744,68.0,11695,2.0,-1,0
train_set/benign/ISIC_3619200_640x360.jpg,train,benign,232,88.0,11696,8.0,-1,0
train_set/benign/ISIC_3621391_640x360.jpg,train,benign,9538,66.0,11700,0.0,-1,0
train_set/benign/ISIC_3622085_640x480.jpg,train,benign,3059,94.0,11703,0.0,-1,0
train_set/benign/ISIC_3622464_640x360.jpg,train,benign,119,88.0,11704,4.0,-1,0
train_set/benign/ISIC_3628831_640x478.jpg,train,benign,1170,82.0,11723,0.0,-1,0
train_set/benign/ISIC_3629278_640x360.jpg,train,benign,6361,90.0,11725,6.0,-1,0
train_set/benign/ISIC_3630605_640x360.jpg,train,benign,573,96.0,11728,2.0,-1,0
train_set/benign/ISIC_3632419_640x360.jpg,train,benign,8919,90.0,11730,4.0,-1,0
train_set/benign/ISIC_3632547_640x425.jpg,train,benign,6034,66.0,11731,4.0,-1,0
train_set/benign/ISIC_3633306_640x360.jpg,train,benign,7163,66.0,11734,6.0,-1,0
train_set/benign/ISIC_3633707_640x360.jpg,train,benign,5662,90.0,11737,4.0,-1,0
train_set/benign/ISIC_3634036_640x427.jpg,train,benign,7438,90.0,11739,0.0,-1,0
train_set/benign/ISIC_3640050_640x427.jpg,train,benign,5755,88.0,11756,2.0,-1,0
train_set/benign/ISIC_3640580_640x360.jpg,train,benign,8715,90.0,11758,2.0,-1,0
train_set/benign/ISIC_3641730_480x480.jpg,train,benign,4439,86.0,11763,0.0,-1,0
train_set/benign/ISIC_3642399_640x360.jpg,train,benign,2408,86.0,11767,6.0,-1,0
train_set/benign/ISIC_3644672_640x480.jpg,train,benign,8794,82.0,11772,0.0,-1,0
train_set/benign/ISIC_3648167_640x480.jpg,train,benign,8608,72.0,11783,4.0,-1,0
train_set/benign/ISIC_3649766_640x480.jpg,train,benign,6923,84.0,11789,2.0,-1,0
train_set/benign/ISIC_3650598_640x425.jpg,train,benign,9084,82.0,11792,2.0,-1,0
train_set/benign/ISIC_3652026_640x360.jpg,train,benign,1402,92.0,11798,2.0,-1,0
train_set/benign/ISIC_3653733_640x360.jpg,train,benign,5374,88.0,11803,2.0,-1,0
train_set/benign/ISIC_3654373_640x480.jpg,train,benign,9633,76.0,11805,2.0,-1,0
train_set/benign/ISIC_3657135_640x427.jpg,train,benign,2237,76.0,11811,2.0,-1,0
train_set/benign/ISIC_3657182_640x480.jpg,train,benign,2629,88.0,11812,2.0,-1,0
train_set/benign/ISIC_3657663_640x360.jpg,train,benign,65,96.0,11815,4.0,-1,0
train_set/benign/ISIC_3659528_640x480.jpg,train,benign,9290,86.0,11818,2.0,-1,0
train_set/benign/ISIC_3659682_640x480.jpg,train,benign,2104,92.0,11819,2.0,-1,0
train_set/benign/ISIC_3662337_640x360.jpg,train,benign,2138,86.0,11824,4.0,-1,0
train_set/benign/ISIC_3665147_640x480.jpg,train,benign,7664,84.0,11831,0.0,-1,0
train_set/benign/ISIC_3665695_640x480.jpg,train,benign,2388,90.0,11834,2.0,-1,0
train_set/benign/ISIC_3667705_640x360.jpg,train,benign,7826,84.0,11841,2.0,-1,0
train_set/benign/ISIC_3668644_640x427.jpg,train,benign,3338,84.0,11844,2.0,-1,0
train_set/benign/ISIC_3671424_640x427.jpg,train,benign,6911,88.0,11853,6.0,-1,0
train_set/benign/ISIC_3671637_640x360.jpg,train,benign,4709,74.0,11854,4.0,-1,0
train_set/benign/ISIC_3671963_640x427.jpg,train,benign,1518,86.0,11856,0.0,-1,0
train_set/benign/ISIC_3673482_640x360.jpg,train,benign,55,92.0,11862,6.0,-1,0
train_set/benign/ISIC_3676639_640x425.jpg,train,benign,897,84.0,11867,4.0,-1,0
train_set/benign/ISIC_3680503_640x480.jpg,train,benign,6909,62.0,11887,2.0,-1,0
train_set/benign/ISIC_3682943_640x427.jpg,train,benign,7035,86.0,11891,0.0,-1,0
train_set/benign/ISIC_3686800_640x480.jpg,train,benign,1211,76.0,11902,0.0,-1,0
train_set/benign/ISIC_3689316_640x360.jpg,train,benign,3024,90.0,11914,4.0,-1,0
train_set/benign/ISIC_3691714_640x360.jpg,train,benign,2118,76.0,11923,4.0,-1,0
train_set/benign/ISIC_3692776_640x360.jpg,train,benign,1957,88.0,11930,2.0,-1,0
train_set/benign/ISIC_3696253_640x427.jpg,train,benign,6487,60.0,11943,6.0,-1,0
train_set/benign/ISIC_3696570_640x425.jpg,train,benign,597,82.0,11945,2.0,-1,0
train_set/benign/ISIC_3698568_640x478.jpg,train,benign,2496,94.0,11950,2.0,-1,0
train_set/benign/ISIC_3699523_640x360.jpg,train,benign,2522,88.0,11952,4.0,-1,0
train_set/benign/ISIC_3700269_640x360.jpg,train,benign,9608,80.0,11954,4.0,-1,0
train_set/benign/ISIC_3700928_640x427.jpg,train,benign,8712,80.0,11959,0.0,-1,0
train_set/benign/ISIC_3703300_640x427.jpg,train,benign,178,82.0,11969,2.0,-1,0
train_set/benign/ISIC_3703438_640x480.jpg,train,benign,5318,88.0,11971,0.0,-1,0
train_set/benign/ISIC_3704492_640x360.jpg,train,benign,8475,70.0,11974,0.0,-1,0
train_set/benign/ISIC_3705852_640x427.jpg,train,benign,1639,90.0,11978,2.0,-1,0
train_set/benign/ISIC_3707035_640x427.jpg,train,benign,7117,78.0,11982,0.0,-1,0
train_set/benign/ISIC_3707185_640x480.jpg,train,benign,2953,76.0,11983,2.0,-1,0
train_set/benign/ISIC_3707770_640x427.jpg,train,benign,6973,78.0,11985,0.0,-1,0
train_set/benign/ISIC_3709850_640x427.jpg,train,benign,3767,92.0,11990,2.0,-1,0
train_set/benign/ISIC_3711327_640x427.jpg,train,benign,3057,90.0,11993,2.0,-1,0
train_set/benign/ISIC_3711932_640x480.jpg,train,benign,9540,86.0,11994,2.0,-1,0
train_set/benign/ISIC_3713085_640x360.jpg,train,benign,2916,88.0,11999,4.0,-1,0
train_set/benign/ISIC_3716147_640x360.jpg,train,benign,1759,88.0,12004,4.0,-1,0
train_set/benign/ISIC_3716686_640x480.jpg,train,benign,899,86.0,12007,4.0,-1,0
train_set/benign/ISIC_3717769_640x427.jpg,train,benign,4951,80.0,12010,6.0,-1,0
train_set/benign/ISIC_3717977_640x478.jpg,train,benign,870,92.0,12011,4.0,-1,0
train_set/benign/ISIC_3718027_640x360.jpg,train,benign,6688,84.0,12014,2.0,-1,0
train_set/benign/ISIC_3721142_640x480.jpg,train,benign,876,94.0,12021,2.0,-1,0
train_set/benign/ISIC_3721600_640x427.jpg,train,benign,8691,82.0,12024,2.0,-1,0
train_set/benign/ISIC_3722850_640x427.jpg,train,benign,6809,56.0,12028,2.0,-1,0
train_set/benign/ISIC_3724089_640x427.jpg,train,benign,796,90.0,12030,0.0,-1,0
train_set/benign/ISIC_3725269_640x427.jpg,train,benign,7235,88.0,12033,0.0,-1,0
train_set/benign/ISIC_3726355_640x360.jpg,train,benign,3041,78.0,12036,2.0,-1,0
train_set/benign/ISIC_3726680_640x480.jpg,train,benign,9495,84.0,12038,2.0,-1,0
train_set/benign/ISIC_3730553_640x360.jpg,train,benign,7534,88.0,12057,0.0,-1,0
train_set/benign/ISIC_3730940_640x478.jpg,train,benign,2615,88.0,12059,2.0,-1,0
train_set/benign/ISIC_3734292_640x427.jpg,train,benign,6734,78.0,12067,2.0,-1,0
train_set/benign/ISIC_3734724_640x480.jpg,train,benign,7053,70.0,12069,2.0,-1,0
train_set/benign/ISIC_3734766_640x480.jpg,train,benign,6361,86.0,12070,0.0,-1,0
train_set/benign/ISIC_3735143_640x427.jpg,train,benign,594,62.0,12073,2.0,-1,0
train_set/benign/ISIC_3735337_640x427.jpg,train,benign,6487,60.0,12074,0.0,-1,0
train_set/benign/ISIC_3740223_640x360.jpg,train,benign,2318,80.0,12090,2.0,-1,0
train_set/benign/ISIC_3740449_640x427.jpg,train,benign,2278,86.0,12091,0.0,-1,0
train_set/benign/ISIC_3741760_640x360.jpg,train,benign,6284,84.0,12095,4.0,-1,0
train_set/benign/ISIC_3744503_640x427.jpg,train,benign,8840,76.0,12108,2.0,-1,0
train_set/benign/ISIC_3745259_640x360.jpg,train,benign,1756,82.0,12113,4.0,-1,0
train_set/benign/ISIC_3745711_640x427.jpg,train,benign,2665,88.0,12115,0.0,-1,0
train_set/benign/ISIC_3746410_640x427.jpg,train,benign,6452,84.0,12117,0.0,-1,0
train_set/benign/ISIC_3748055_640x480.jpg,train,benign,1025,92.0,12124,0.0,-1,0
train_set/benign/ISIC_3748096_640x427.jpg,train,benign,2546,76.0,12125,2.0,-1,0
train_set/benign/ISIC_3750094_640x480.jpg,train,benign,9119,74.0,12129,6.0,-1,0
train_set/benign/ISIC_3752588_640x360.jpg,train,benign,9507,76.0,12132,2.0,-1,0
train_set/benign/ISIC_3753052_640x427.jpg,train,benign,1385,70.0,12133,0.0,-1,0
train_set/benign/ISIC_3754247_640x360.jpg,train,benign,7321,76.0,12135,4.0,-1,0
train_set/benign/ISIC_3754362_640x480.jpg,train,benign,6910,90.0,12136,0.0,-1,0
train_set/benign/ISIC_3757407_640x427.jpg,train,benign,26,86.0,12143,2.0,-1,0
train_set/benign/ISIC_3758567_640x360.jpg,train,benign,4429,90.0,12146,2.0,-1,0
train_set/benign/ISIC_3760096_640x427.jpg,train,benign,2662,74.0,12150,6.0,-1,0
train_set/benign/ISIC_3763799_640x427.jpg,train,benign,8849,74.0,12165,2.0,-1,0
train_set/benign/ISIC_3764173_640x427.jpg,train,benign,925,86.0,12167,2.0,-1,0
train_set/benign/ISIC_3766341_640x480.jpg,train,benign,2970,72.0,12171,0.0,-1,0
train_set/benign/ISIC_3766998_640x360.jpg,train,benign,1334,84.0,12176,4.0,-1,0
train_set/benign/ISIC_3768701_640x480.jpg,train,benign,16,84.0,12181,4.0,-1,0
train_set/benign/ISIC_3774190_640x478.jpg,train,benign,8442,90.0,12200,2.0,-1,0
train_set/benign/ISIC_3775249_640x360.jpg,train,benign,3914,88.0,12201,6.0,-1,0
train_set/benign/ISIC_3777842_640x427.jpg,train,benign,2917,80.0,12208,0.0,-1,0
train_set/benign/ISIC_3779349_640x480.jpg,train,benign,1471,84.0,12213,4.0,-1,0
train_set/benign/ISIC_3779532_640x427.jpg,train,benign,7216,72.0,12215,4.0,-1,0
train_set/benign/ISIC_3780427_640x360.jpg,train,benign,3007,94.0,12217,4.0,-1,0
train_set/benign/ISIC_3782874_640x480.jpg,train,benign,3002,92.0,12226,0.0,-1,0
train_set/benign/ISIC_3783114_640x360.jpg,train,benign,9528,78.0,12228,0.0,-1,0
train_set/benign/ISIC_3783241_640x480.jpg,train,benign,1728,78.0,12229,2.0,-1,0
train_set/benign/ISIC_3783427_640x480.jpg,train,benign,1461,90.0,12230,2.0,-1,0
train_set/benign/ISIC_3783898_640x427.jpg,train,benign,6693,80.0,12231,0.0,-1,0
train_set/benign/ISIC_3784228_640x360.jpg,train,benign,5778,92.0,12232,4.0,-1,0
train_set/benign/ISIC_3784812_640x480.jpg,train,benign,7884,76.0,12233,2.0,-1,0
train_set/benign/ISIC_3785080_640x360.jpg,train,benign,6696,82.0,12235,2.0,-1,0
train_set/benign/ISIC_3785665_640x480.jpg,train,benign,1038,86.0,12236,2.0,-1,0
train_set/benign/ISIC_3787994_640x360.jpg,train,benign,1944,92.0,12243,2.0,-1,0
train_set/benign/ISIC_3788766_640x427.jpg,train,benign,2318,66.0,12246,2.0,-1,0
train_set/benign/ISIC_3789929_640x360.jpg,train,benign,3406,92.0,12252,6.0,-1,0
train_set/benign/ISIC_3790692_640x480.jpg,train,benign,3871,88.0,12254,0.0,-1,0
train_set/benign/ISIC_3792450_640x427.jpg,train,benign,7190,52.0,12258,2.0,-1,0
train_set/benign/ISIC_3793261_640x478.jpg,train,benign,1170,80.0,12259,2.0,-1,0
train_set/benign/ISIC_3795397_640x480.jpg,train,benign,9360,72.0,12263,6.0,-1,0
train_set/benign/ISIC_3802812_640x427.jpg,train,benign,6517,90.0,12287,2.0,-1,0
train_set/benign/ISIC_3804607_640x480.jpg,train,benign,7191,78.0,12290,2.0,-1,0
train_set/benign/ISIC_3804784_640x480.jpg,train,benign,4195,86.0,12292,0.0,-1,0
train_set/benign/ISIC_3806211_640x480.jpg,train,benign,7231,66.0,12298,0.0,-1,0
train_set/benign/ISIC_3806226_640x360.jpg,train,benign,9528,86.0,12299,2.0,-1,0
train_set/benign/ISIC_3807884_640x360.jpg,train,benign,2415,88.0,12303,2.0,-1,0
train_set/benign/ISIC_3808474_640x360.jpg,train,benign,2458,80.0,12306,4.0,-1,0
train_set/benign/ISIC_3809396_640x427.jpg,train,benign,6909,52.0,12309,2.0,-1,0
train_set/benign/ISIC_3809762_640x427.jpg,train,benign,4375,90.0,12311,2.0,-1,0
train_set/benign/ISIC_3812608_640x480.jpg,train,benign,9157,88.0,12321,2.0,-1,0
train_set/benign/ISIC_3820669_640x427.jpg,train,benign,9019,82.0,12341,2.0,-1,0
train_set/benign/ISIC_3821027_640x360.jpg,train,benign,1402,92.0,12342,4.0,-1,0
train_set/benign/ISIC_3822667_640x480.jpg,train,benign,8557,88.0,12346,2.0,-1,0
train_set/benign/ISIC_3822815_640x480.jpg,train,benign,1716,88.0,12347,2.0,-1,0
train_set/benign/ISIC_3823241_640x360.jpg,train,benign,1943,90.0,12349,4.0,-1,0
train_set/benign/ISIC_3823972_640x360.jpg,train,benign,3503,84.0,12351,2.0,-1,0
train_set/benign/ISIC_3825739_640x480.jpg,train,benign,2448,80.0,12356,0.0,-1,0
train_set/benign/ISIC_3828455_640x427.jpg,train,benign,7356,46.0,12364,2.0,-1,0
train_set/benign/ISIC_3830208_640x427.jpg,train,benign,8840,46.0,12368,0.0,-1,0
train_set/benign/ISIC_3832193_640x480.jpg,train,benign,8763,86.0,12373,2.0,-1,0
train_set/benign/ISIC_3832316_640x360.jpg,train,benign,8732,88.0,12374,4.0,-1,0
train_set/benign/ISIC_3832668_640x360.jpg,train,benign,5667,86.0,12376,4.0,-1,0
train_set/benign/ISIC_3833013_640x360.jpg,train,benign,4010,88.0,12379,2.0,-1,0
train_set/benign/ISIC_3833467_640x360.jpg,train,benign,1329,86.0,12382,4.0,-1,0
train_set/benign/ISIC_3836364_640x360.jpg,train,benign,7036,86.0,12391,6.0,-1,0
train_set/benign/ISIC_3838178_640x360.jpg,train,benign,7856,68.0,12398,6.0,-1,0
train_set/benign/ISIC_3838637_640x480.jpg,train,benign,8476,78.0,12401,2.0,-1,0
train_set/benign/ISIC_3840133_640x427.jpg,train,benign,7244,52.0,12403,0.0,-1,0
train_set/benign/ISIC_3843549_640x480.jpg,train,benign,743,92.0,12406,0.0,-1,0
train_set/benign/ISIC_3843634_640x427.jpg,train,benign,2444,62.0,12407,4.0,-1,0
train_set/benign/ISIC_3844839_640x360.jpg,train,benign,7211,86.0,12413,2.0,-1,0
train_set/benign/ISIC_3844983_640x427.jpg,train,benign,6830,80.0,12414,2.0,-1,0
train_set/benign/ISIC_3846727_640x360.jpg,train,benign,8865,58.0,12420,8.0,-1,0
train_set/benign/ISIC_3849619_640x480.jpg,train,benign,1580,92.0,12431,2.0,-1,0
train_set/benign/ISIC_3854244_640x427.jpg,train,benign,8518,74.0,12443,4.0,-1,0
train_set/benign/ISIC_3862621_640x427.jpg,train,benign,7356,54.0,12462,2.0,-1,0
train_set/benign/ISIC_3865993_640x480.jpg,train,benign,1710,88.0,12474,2.0,-1,0
train_set/benign/ISIC_3867079_640x360.jpg,train,benign,7921,78.0,12479,4.0,-1,0
train_set/benign/ISIC_3875647_640x478.jpg,train,benign,7727,88.0,12508,2.0,-1,0
train_set/benign/ISIC_3877727_640x427.jpg,train,benign,4692,82.0,12515,0.0,-1,0
train_set/benign/ISIC_3880459_640x427.jpg,train,benign,9608,70.0,12525,0.0,-1,0
train_set/benign/ISIC_3880938_640x478.jpg,train,benign,2595,82.0,12526,2.0,-1,0
train_set/benign/ISIC_3883654_640x480.jpg,train,benign,9867,88.0,12540,0.0,-1,0
train_set/benign/ISIC_3884719_640x360.jpg,train,benign,5295,76.0,12544,4.0,-1,0
train_set/benign/ISIC_3889469_640x360.jpg,train,benign,1151,84.0,12558,2.0,-1,0
train_set/benign/ISIC_3889671_640x480.jpg,train,benign,1103,78.0,12560,2.0,-1,0
train_set/benign/ISIC_3890835_640x480.jpg,train,benign,2300,92.0,12562,0.0,-1,0
train_set/benign/ISIC_3892185_640x360.jpg,train,benign,4502,72.0,12565,4.0,-1,0
train_set/benign/ISIC_3893600_640x360.jpg,train,benign,2766,86.0,12569,6.0,-1,0
train_set/benign/ISIC_3894209_640x427.jpg,train,benign,7438,70.0,12571,4.0,-1,0
train_set/benign/ISIC_3899323_640x427.jpg,train,benign,6961,68.0,12584,4.0,-1,0
train_set/benign/ISIC_3900239_640x480.jpg,train,benign,322,90.0,12586,2.0,-1,0
train_set/benign/ISIC_3901421_640x427.jpg,train,benign,2948,62.0,12591,6.0,-1,0
train_set/benign/ISIC_3910723_640x360.jpg,train,benign,7856,62.0,12618,2.0,-1,0
train_set/benign/ISIC_3912988_640x360.jpg,train,benign,4557,74.0,12623,4.0,-1,0
train_set/benign/ISIC_3913169_640x478.jpg,train,benign,7249,82.0,12624,0.0,-1,0
train_set/benign/ISIC_3913709_640x427.jpg,train,benign,6767,86.0,12628,2.0,-1,0
train_set/benign/ISIC_3914517_640x427.jpg,train,benign,2331,72.0,12631,2.0,-1,0
train_set/benign/ISIC_3914743_640x360.jpg,train,benign,5020,74.0,12632,4.0,-1,0
train_set/benign/ISIC_3917492_640x478.jpg,train,benign,7920,80.0,12644,0.0,-1,0
train_set/benign/ISIC_3918134_640x427.jpg,train,benign,9628,80.0,12647,0.0,-1,0
train_set/benign/ISIC_3920298_640x427.jpg,train,benign,4715,90.0,12657,4.0,-1,0
train_set/benign/ISIC_3920299_640x360.jpg,train,benign,179,90.0,12658,4.0,-1,0
train_set/benign/ISIC_3921769_640x360.jpg,train,benign,4988,86.0,12661,2.0,-1,0
train_set/benign/ISIC_3925125_640x427.jpg,train,benign,1167,80.0,12672,4.0,-1,0
train_set/benign/ISIC_3926261_640x480.jpg,train,benign,1369,92.0,12676,0.0,-1,0
train_set/benign/ISIC_3927960_640x480.jpg,train,benign,4401,88.0,12681,2.0,-1,0
train_set/benign/ISIC_3927991_640x427.jpg,train,benign,7555,64.0,12682,2.0,-1,0
train_set/benign/ISIC_3931132_640x360.jpg,train,benign,4219,90.0,12688,6.0,-1,0
train_set/benign/ISIC_3932232_640x427.jpg,train,benign,1170,82.0,12691,4.0,-1,0
train_set/benign/ISIC_3932935_640x427.jpg,train,benign,9447,40.0,12693,0.0,-1,0
train_set/benign/ISIC_3934610_640x480.jpg,train,benign,575,92.0,12698,0.0,-1,0
train_set/benign/ISIC_3936041_640x427.jpg,train,benign,7061,62.0,12703,4.0,-1,0
train_set/benign/ISIC_3936146_640x480.jpg,train,benign,1965,90.0,12704,0.0,-1,0
train_set/benign/ISIC_3936413_640x360.jpg,train,benign,8894,72.0,12707,6.0,-1,0
train_set/benign/ISIC_3939383_640x480.jpg,train,benign,775,84.0,12714,0.0,-1,0
train_set/benign/ISIC_3940809_640x480.jpg,train,benign,2478,84.0,12719,0.0,-1,0
train_set/benign/ISIC_3942075_640x480.jpg,train,benign,9170,72.0,12724,2.0,-1,0
train_set/benign/ISIC_3943208_640x427.jpg,train,benign,118,58.0,12730,0.0,-1,0
train_set/benign/ISIC_3943394_640x360.jpg,train,benign,2333,84.0,12731,2.0,-1,0
train_set/benign/ISIC_3946914_640x360.jpg,train,benign,3762,86.0,12744,4.0,-1,0
train_set/benign/ISIC_3948041_640x427.jpg,train,benign,1561,86.0,12748,2.0,-1,0
train_set/benign/ISIC_3951020_640x427.jpg,train,benign,683,80.0,12759,4.0,-1,0
train_set/benign/ISIC_3955379_640x480.jpg,train,benign,156,90.0,12774,2.0,-1,0
train_set/benign/ISIC_3955539_640x427.jpg,train,benign,2368,82.0,12775,6.0,-1,0
train_set/benign/ISIC_3956937_640x425.jpg,train,benign,36,78.0,12781,2.0,-1,0
train_set/benign/ISIC_3957270_640x480.jpg,train,benign,4835,90.0,12784,4.0,-1,0
train_set/benign/ISIC_3959941_640x360.jpg,train,benign,6912,86.0,12791,0.0,-1,0
train_set/benign/ISIC_3961647_640x360.jpg,train,benign,9280,88.0,12795,4.0,-1,0
train_set/benign/ISIC_3962359_640x480.jpg,train,benign,1367,88.0,12798,0.0,-1,0
train_set/benign/ISIC_3965820_640x360.jpg,train,benign,4646,88.0,12805,2.0,-1,0
train_set/benign/ISIC_3966761_640x480.jpg,train,benign,1435,88.0,12811,2.0,-1,0
train_set/benign/ISIC_3971018_640x427.jpg,train,benign,9485,88.0,12821,2.0,-1,0
train_set/benign/ISIC_3971571_640x360.jpg,train,benign,1520,88.0,12824,4.0,-1,0
train_set/benign/ISIC_3971625_640x427.jpg,train,benign,7859,74.0,12826,2.0,-1,0
train_set/benign/ISIC_3973431_640x360.jpg,train,benign,7557,74.0,12834,2.0,-1,0
train_set/benign/ISIC_3974064_640x427.jpg,train,benign,7128,80.0,12835,2.0,-1,0
train_set/benign/ISIC_3974981_640x480.jpg,train,benign,569,88.0,12836,0.0,-1,0
train_set/benign/ISIC_3975143_640x360.jpg,train,benign,7688,76.0,12838,4.0,-1,0
train_set/benign/ISIC_3975828_640x360.jpg,train,benign,8029,86.0,12844,2.0,-1,0
train_set/benign/ISIC_3982913_640x360.jpg,train,benign,2347,78.0,12869,2.0,-1,0
train_set/benign/ISIC_3985104_319x480.jpg,train,benign,7870,80.0,12875,2.0,-1,0
train_set/benign/ISIC_3985675_640x480.jpg,train,benign,7532,84.0,12879,4.0,-1,0
train_set/benign/ISIC_3985782_640x360.jpg,train,benign,7322,70.0,12880,6.0,-1,0
train_set/benign/ISIC_3990124_640x480.jpg,train,benign,129,86.0,12889,2.0,-1,0
train_set/benign/ISIC_3992223_640x360.jpg,train,benign,2428,66.0,12898,4.0,-1,0
train_set/benign/ISIC_3993801_640x480.jpg,train,benign,6026,68.0,12901,0.0,-1,0
train_set/benign/ISIC_3997171_640x360.jpg,train,benign,10009,82.0,12917,4.0,-1,0
train_set/benign/ISIC_3997293_640x427.jpg,train,benign,9828,64.0,12918,2.0,-1,0
train_set/benign/ISIC_3999125_640x480.jpg,train,benign,2118,76.0,12925,0.0,-1,0
train_set/benign/ISIC_4001269_640x427.jpg,train,benign,3985,82.0,12934,4.0,-1,0
train_set/benign/ISIC_4001827_640x427.jpg,train,benign,7568,84.0,12936,2.0,-1,0
train_set/benign/ISIC_4004775_640x427.jpg,train,benign,6091,92.0,12946,2.0,-1,0
train_set/benign/ISIC_4005830_640x480.jpg,train,benign,8408,86.0,12948,2.0,-1,0
train_set/benign/ISIC_4006630_640x360.jpg,train,benign,3531,78.0,12952,4.0,-1,0
train_set/benign/ISIC_4007918_640x427.jpg,train,benign,7439,72.0,12957,2.0,-1,0
train_set/benign/ISIC_4011902_640x480.jpg,train,benign,6869,80.0,12963,0.0,-1,0
train_set/benign/ISIC_4014899_640x360.jpg,train,benign,5648,78.0,12973,2.0,-1,0
train_set/benign/ISIC_4016784_640x427.jpg,train,benign,2034,86.0,12983,4.0,-1,0
train_set/benign/ISIC_4017765_640x478.jpg,train,benign,887,88.0,12987,0.0,-1,0
train_set/benign/ISIC_4020689_640x478.jpg,train,benign,7856,90.0,12993,0.0,-1,0
train_set/benign/ISIC_4023333_640x360.jpg,train,benign,9304,82.0,13000,8.0,-1,0
train_set/benign/ISIC_4024808_640x480.jpg,train,benign,9445,90.0,13013,0.0,-1,0
train_set/benign/ISIC_4026943_640x427.jpg,train,benign,9345,74.0,13024,2.0,-1,0
train_set/benign/ISIC_4028402_640x480.jpg,train,benign,8240,80.0,13029,0.0,-1,0
train_set/benign/ISIC_4033292_640x480.jpg,train,benign,3340,88.0,13042,0.0,-1,0
train_set/benign/ISIC_4034244_640x480.jpg,train,benign,3066,86.0,13047,4.0,-1,0
train_set/benign/ISIC_4034644_640x360.jpg,train,benign,6681,84.0,13048,4.0,-1,0
train_set/benign/ISIC_4037228_640x480.jpg,train,benign,2099,80.0,13056,0.0,-1,0
train_set/benign/ISIC_4037959_640x480.jpg,train,benign,7255,84.0,13057,2.0,-1,0
train_set/benign/ISIC_4042490_640x427.jpg,train,benign,16,84.0,13068,2.0,-1,0
train_set/benign/ISIC_4042947_640x425.jpg,train,benign,1698,88.0,13070,4.0,-1,0
train_set/benign/ISIC_4044751_640x360.jpg,train,benign,1308,86.0,13075,4.0,-1,0
train_set/benign/ISIC_4045323_640x478.jpg,train,benign,7266,68.0,13078,2.0,-1,0
train_set/benign/ISIC_4046055_640x425.jpg,train,benign,7099,80.0,13081,4.0,-1,0
train_set/benign/ISIC_4049598_640x427.jpg,train,benign,1368,78.0,13087,2.0,-1,0
train_set/benign/ISIC_4052586_640x480.jpg,train,benign,9834,58.0,13093,2.0,-1,0
train_set/benign/ISIC_4056176_640x360.jpg,train,benign,1786,90.0,13109,0.0,-1,0
train_set/benign/ISIC_4056708_640x480.jpg,train,benign,3722,90.0,13112,0.0,-1,0
train_set/benign/ISIC_4058098_640x427.jpg,train,benign,5667,92.0,13119,2.0,-1,0
train_set/benign/ISIC_4058149_640x480.jpg,train,benign,7990,86.0,13120,2.0,-1,0
train_set/benign/ISIC_4059146_640x360.jpg,train,benign,8040,78.0,13121,6.0,-1,0
train_set/benign/ISIC_4062047_640x480.jpg,train,benign,8809,88.0,13130,0.0,-1,0
train_set/benign/ISIC_4064779_640x360.jpg,train,benign,8552,86.0,13141,2.0,-1,0
train_set/benign/ISIC_4066094_640x427.jpg,train,benign,7111,84.0,13148,2.0,-1,0
train_set/benign/ISIC_4066707_640x427.jpg,train,benign,9667,90.0,13150,4.0,-1,0
train_set/benign/ISIC_4067791_640x360.jpg,train,benign,2209,86.0,13157,0.0,-1,0
train_set/benign/ISIC_4067867_640x427.jpg,train,benign,7829,70.0,13158,6.0,-1,0
train_set/benign/ISIC_4069836_640x360.jpg,train,benign,6216,82.0,13170,4.0,-1,0
train_set/benign/ISIC_4070687_640x427.jpg,train,benign,1303,82.0,13171,2.0,-1,0
train_set/benign/ISIC_4071091_640x427.jpg,train,benign,847,62.0,13172,2.0,-1,0
train_set/benign/ISIC_4073425_640x360.jpg,train,benign,15,90.0,13187,4.0,-1,0
train_set/benign/ISIC_4074094_640x427.jpg,train,benign,1331,88.0,13188,2.0,-1,0
train_set/benign/ISIC_4075797_640x360.jpg,train,benign,7004,88.0,13197,2.0,-1,0
train_set/benign/ISIC_4077768_640x427.jpg,train,benign,9143,62.0,13203,4.0,-1,0
train_set/benign/ISIC_4078966_640x360.jpg,train,benign,4727,92.0,13205,2.0,-1,0
train_set/benign/ISIC_4080292_640x480.jpg,train,benign,6743,80.0,13208,4.0,-1,0
train_set/benign/ISIC_4081632_640x427.jpg,train,benign,256,82.0,13210,4.0,-1,0
train_set/benign/ISIC_4082303_640x427.jpg,train,benign,1570,74.0,13211,2.0,-1,0
train_set/benign/ISIC_4084523_640x427.jpg,train,benign,7287,62.0,13221,4.0,-1,0
train_set/benign/ISIC_4086048_640x478.jpg,train,benign,6686,72.0,13227,2.0,-1,0
train_set/benign/ISIC_4086323_640x480.jpg,train,benign,7921,78.0,13229,4.0,-1,0
train_set/benign/ISIC_4087267_640x480.jpg,train,benign,9584,78.0,13234,0.0,-1,0
train_set/benign/ISIC_4088344_640x427.jpg,train,benign,8949,64.0,13238,2.0,-1,0
train_set/benign/ISIC_4089243_640x360.jpg,train,benign,9170,66.0,13242,0.0,-1,0
train_set/benign/ISIC_4090161_640x427.jpg,train,benign,9200,66.0,13244,0.0,-1,0
train_set/benign/ISIC_4090965_640x427.jpg,train,benign,1135,88.0,13248,2.0,-1,0
train_set/benign/ISIC_4092711_640x360.jpg,train,benign,322,86.0,13255,2.0,-1,0
train_set/benign/ISIC_4094771_640x360.jpg,train,benign,7350,86.0,13258,2.0,-1,0
train_set/benign/ISIC_4094907_640x480.jpg,train,benign,988,94.0,13259,0.0,-1,0
train_set/benign/ISIC_4094925_640x480.jpg,train,benign,9324,88.0,13260,2.0,-1,0
train_set/benign/ISIC_4096200_640x360.jpg,train,benign,4853,86.0,13263,6.0,-1,0
train_set/benign/ISIC_4096361_640x480.jpg,train,benign,4623,78.0,13265,2.0,-1,0
train_set/benign/ISIC_4096832_640x427.jpg,train,benign,36,80.0,13267,4.0,-1,0
train_set/benign/ISIC_4098233_640x478.jpg,train,benign,7116,84.0,13270,0.0,-1,0
train_set/benign/ISIC_4098925_640x427.jpg,train,benign,7238,78.0,13271,4.0,-1,0
train_set/benign/ISIC_4099058_640x360.jpg,train,benign,3542,80.0,13272,4.0,-1,0
train_set/benign/ISIC_4099428_640x427.jpg,train,benign,7433,90.0,13274,0.0,-1,0
train_set/benign/ISIC_4101237_640x360.jpg,train,benign,4219,78.0,13281,6.0,-1,0
train_set/benign/ISIC_4102316_640x360.jpg,train,benign,1232,92.0,13285,6.0,-1,0
train_set/benign/ISIC_4102979_640x360.jpg,train,benign,271,76.0,13288,2.0,-1,0
train_set/benign/ISIC_4103653_640x427.jpg,train,benign,7460,72.0,13289,2.0,-1,0
train_set/benign/ISIC_4107250_640x360.jpg,train,benign,1649,70.0,13297,4.0,-1,0
train_set/benign/ISIC_4109088_640x427.jpg,train,benign,2335,90.0,13304,0.0,-1,0
train_set/benign/ISIC_4111600_640x360.jpg,train,benign,7484,76.0,13309,4.0,-1,0
train_set/benign/ISIC_4114060_640x480.jpg,train,benign,3801,92.0,13316,6.0,-1,0
train_set/benign/ISIC_4115255_640x360.jpg,train,benign,3796,68.0,13322,0.0,-1,0
train_set/benign/ISIC_4117215_640x425.jpg,train,benign,9447,72.0,13328,0.0,-1,0
train_set/benign/ISIC_4119029_640x480.jpg,train,benign,4792,90.0,13331,2.0,-1,0
train_set/benign/ISIC_4120704_640x360.jpg,train,benign,7696,88.0,13337,6.0,-1,0
train_set/benign/ISIC_4126021_640x360.jpg,train,benign,6849,80.0,13352,2.0,-1,0
train_set/benign/ISIC_4126822_640x427.jpg,train,benign,9195,54.0,13354,2.0,-1,0
train_set/benign/ISIC_4127351_640x425.jpg,train,benign,9182,80.0,13357,0.0,-1,0
train_set/benign/ISIC_4129376_640x360.jpg,train,benign,2259,86.0,13364,4.0,-1,0
train_set/benign/ISIC_4131353_640x480.jpg,train,benign,199,84.0,13372,0.0,-1,0
train_set/benign/ISIC_4136832_640x480.jpg,train,benign,5019,74.0,13394,2.0,-1,0
train_set/benign/ISIC_4137798_640x480.jpg,train,benign,22,90.0,13399,2.0,-1,0
train_set/benign/ISIC_4139000_640x427.jpg,train,benign,53,86.0,13405,2.0,-1,0
train_set/benign/ISIC_4139260_640x427.jpg,train,benign,8799,74.0,4916,0.0,-1,0
train_set/benign/ISIC_4139442_640x480.jpg,train,benign,664,90.0,13407,0.0,-1,0
train_set/benign/ISIC_4140008_640x427.jpg,train,benign,4587,76.0,13408,4.0,-1,0
train_set/benign/ISIC_4142024_640x360.jpg,train,benign,1290,80.0,13417,6.0,-1,0
train_set/benign/ISIC_4145671_640x360.jpg,train,benign,6570,78.0,13428,2.0,-1,0
train_set/benign/ISIC_4147166_640x480.jpg,train,benign,42,90.0,13432,4.0,-1,0
train_set/benign/ISIC_4149704_640x427.jpg,train,benign,196,74.0,13438,6.0,-1,0
train_set/benign/ISIC_4156689_640x427.jpg,train,benign,6962,78.0,6834,4.0,-1,0
train_set/benign/ISIC_4157237_640x360.jpg,train,benign,2428,80.0,13458,8.0,-1,0
train_set/benign/ISIC_4157955_640x360.jpg,train,benign,3212,90.0,13459,2.0,-1,0
train_set/benign/ISIC_4158432_640x480.jpg,train,benign,6213,88.0,13460,2.0,-1,0
train_set/benign/ISIC_4160773_640x480.jpg,train,benign,7212,88.0,13473,0.0,-1,0
train_set/benign/ISIC_4163881_640x478.jpg,train,benign,7021,64.0,13488,2.0,-1,0
train_set/benign/ISIC_4164955_640x478.jpg,train,benign,6690,88.0,13494,2.0,-1,0
train_set/benign/ISIC_4167210_640x478.jpg,train,benign,7560,82.0,13501,4.0,-1,0
train_set/benign/ISIC_4167334_640x427.jpg,train,benign,3429,78.0,13503,2.0,-1,0
train_set/benign/ISIC_4167726_640x480.jpg,train,benign,6435,90.0,13506,2.0,-1,0
train_set/benign/ISIC_4168757_640x427.jpg,train,benign,6115,64.0,13507,4.0,-1,0
train_set/benign/ISIC_4169117_640x427.jpg,train,benign,4281,82.0,13508,4.0,-1,0
train_set/benign/ISIC_4170498_640x427.jpg,train,benign,9091,72.0,13510,0.0,-1,0
train_set/benign/ISIC_4172423_640x427.jpg,train,benign,9200,72.0,13513,4.0,-1,0
train_set/benign/ISIC_4174013_640x360.jpg,train,benign,436,76.0,13518,2.0,-1,0
train_set/benign/ISIC_4176366_640x427.jpg,train,benign,7912,62.0,13527,0.0,-1,0
train_set/benign/ISIC_4176809_640x427.jpg,train,benign,6585,88.0,13529,2.0,-1,0
train_set/benign/ISIC_4180373_640x360.jpg,train,benign,8508,90.0,13535,8.0,-1,0
train_set/benign/ISIC_4181204_640x480.jpg,train,benign,426,86.0,13539,2.0,-1,0
train_set/benign/ISIC_4181628_640x360.jpg,train,benign,4316,88.0,13543,8.0,-1,0
train_set/benign/ISIC_4184101_640x360.jpg,train,benign,7215,84.0,13553,4.0,-1,0
train_set/benign/ISIC_4184433_640x427.jpg,train,benign,8865,80.0,13554,2.0,-1,0
train_set/benign/ISIC_4186524_640x360.jpg,train,benign,6909,68.0,13557,2.0,-1,0
train_set/benign/ISIC_4188624_640x427.jpg,train,benign,7244,68.0,13563,4.0,-1,0
train_set/benign/ISIC_4189520_640x360.jpg,train,benign,2825,90.0,13569,4.0,-1,0
train_set/benign/ISIC_4191094_640x360.jpg,train,benign,2342,86.0,13580,4.0,-1,0
train_set/benign/ISIC_4192149_640x480.jpg,train,benign,9411,78.0,13586,2.0,-1,0
train_set/benign/ISIC_4197892_640x360.jpg,train,benign,157,94.0,13600,4.0,-1,0
train_set/benign/ISIC_4198406_640x425.jpg,train,benign,1170,76.0,13602,2.0,-1,0
train_set/benign/ISIC_4198421_640x360.jpg,train,benign,3257,90.0,13603,4.0,-1,0
train_set/benign/ISIC_4201571_640x480.jpg,train,benign,883,94.0,13612,2.0,-1,0
train_set/benign/ISIC_4201989_640x360.jpg,train,benign,9061,82.0,13614,4.0,-1,0
train_set/benign/ISIC_4203526_640x360.jpg,train,benign,6205,62.0,13618,2.0,-1,0
train_set/benign/ISIC_4204880_640x360.jpg,train,benign,139,88.0,13620,6.0,-1,0
train_set/benign/ISIC_4205242_640x480.jpg,train,benign,8996,80.0,13622,4.0,-1,0
train_set/benign/ISIC_4208361_640x360.jpg,train,benign,8391,82.0,13630,2.0,-1,0
train_set/benign/ISIC_4209819_640x360.jpg,train,benign,58,96.0,13632,2.0,-1,0
train_set/benign/ISIC_4212689_640x360.jpg,train,benign,7696,86.0,13645,4.0,-1,0
train_set/benign/ISIC_4214519_640x480.jpg,train,benign,396,90.0,13647,4.0,-1,0
train_set/benign/ISIC_4214531_640x427.jpg,train,benign,8860,70.0,13648,4.0,-1,0
train_set/benign/ISIC_4214813_640x480.jpg,train,benign,7002,76.0,13649,0.0,-1,0
train_set/benign/ISIC_4216468_640x360.jpg,train,benign,8949,74.0,13652,4.0,-1,0
train_set/benign/ISIC_4219834_640x360.jpg,train,benign,1760,92.0,13658,2.0,-1,0
train_set/benign/ISIC_4220326_640x427.jpg,train,benign,1647,80.0,13661,2.0,-1,0
train_set/benign/ISIC_4221726_640x480.jpg,train,benign,9305,92.0,13665,4.0,-1,0
train_set/benign/ISIC_4223575_640x480.jpg,train,benign,9932,80.0,13672,2.0,-1,0
train_set/benign/ISIC_4224064_640x427.jpg,train,benign,7026,82.0,13674,0.0,-1,0
train_set/benign/ISIC_4225027_640x360.jpg,train,benign,1425,86.0,13675,4.0,-1,0
train_set/benign/ISIC_4227377_640x480.jpg,train,benign,8723,68.0,13683,0.0,-1,0
train_set/benign/ISIC_4228799_640x360.jpg,train,benign,6519,84.0,13687,8.0,-1,0
train_set/benign/ISIC_4232053_640x360.jpg,train,benign,5203,66.0,13703,8.0,-1,0
train_set/benign/ISIC_4232726_640x480.jpg,train,benign,3601,88.0,13706,0.0,-1,0
train_set/benign/ISIC_4232761_640x360.jpg,train,benign,856,90.0,13708,4.0,-1,0
train_set/benign/ISIC_4234402_640x360.jpg,train,benign,4220,86.0,13713,2.0,-1,0
train_set/benign/ISIC_4247778_640x480.jpg,train,benign,8910,84.0,13747,0.0,-1,0
train_set/benign/ISIC_4247898_640x427.jpg,train,benign,6487,64.0,13749,0.0,-1,0
train_set/benign/ISIC_4248784_640x427.jpg,train,benign,6962,40.0,13757,0.0,-1,0
train_set/benign/ISIC_4252268_640x360.jpg,train,benign,4469,88.0,13764,4.0,-1,0
train_set/benign/ISIC_4253846_640x360.jpg,train,benign,4371,78.0,13773,4.0,-1,0
train_set/benign/ISIC_4254237_640x427.jpg,train,benign,8909,74.0,13775,4.0,-1,0
train_set/benign/ISIC_4254744_640x360.jpg,train,benign,9533,72.0,13778,2.0,-1,0
train_set/benign/ISIC_4257537_640x360.jpg,train,benign,4213,74.0,13785,4.0,-1,0
train_set/benign/ISIC_4257799_640x480.jpg,train,benign,1418,88.0,13787,0.0,-1,0
train_set/benign/ISIC_4259290_640x360.jpg,train,benign,8427,84.0,13791,4.0,-1,0
train_set/benign/ISIC_4261232_640x427.jpg,train,benign,17,74.0,8780,0.0,-1,0
train_set/benign/ISIC_4261854_640x427.jpg,train,benign,6734,66.0,13795,8.0,-1,0
train_set/benign/ISIC_4263521_640x360.jpg,train,benign,1520,88.0,13802,0.0,-1,0
train_set/benign/ISIC_4265726_640x360.jpg,train,benign,2418,78.0,13811,6.0,-1,0
train_set/benign/ISIC_4265755_640x480.jpg,train,benign,393,88.0,13812,4.0,-1,0
train_set/benign/ISIC_4267696_640x360.jpg,train,benign,1572,88.0,13823,6.0,-1,0
train_set/benign/ISIC_4270163_640x360.jpg,train,benign,4645,82.0,13829,6.0,-1,0
train_set/benign/ISIC_4271108_640x427.jpg,train,benign,1268,72.0,13831,2.0,-1,0
train_set/benign/ISIC_4273868_640x427.jpg,train,benign,9612,80.0,13841,0.0,-1,0
train_set/benign/ISIC_4277207_640x427.jpg,train,benign,7922,80.0,13852,2.0,-1,0
train_set/benign/ISIC_4277677_640x480.jpg,train,benign,7859,74.0,13853,4.0,-1,0
train_set/benign/ISIC_4278349_640x360.jpg,train,benign,640,90.0,13855,4.0,-1,0
train_set/benign/ISIC_4282634_640x360.jpg,train,benign,9886,90.0,13869,4.0,-1,0
train_set/benign/ISIC_4284380_640x360.jpg,train,benign,2672,84.0,13873,6.0,-1,0
train_set/benign/ISIC_4285297_640x427.jpg,train,benign,847,68.0,13874,2.0,-1,0
train_set/benign/ISIC_4286837_640x360.jpg,train,benign,9134,80.0,13879,4.0,-1,0
train_set/benign/ISIC_4288307_640x427.jpg,train,benign,8865,84.0,13884,2.0,-1,0
train_set/benign/ISIC_4289873_640x427.jpg,train,benign,8949,60.0,13889,4.0,-1,0
train_set/benign/ISIC_4290875_640x427.jpg,train,benign,7266,62.0,13891,0.0,-1,0
train_set/benign/ISIC_4291750_640x427.jpg,train,benign,112,82.0,13892,4.0,-1,0
train_set/benign/ISIC_4292681_640x480.jpg,train,benign,8664,78.0,13896,0.0,-1,0
train_set/benign/ISIC_4296518_640x427.jpg,train,benign,2822,86.0,13909,0.0,-1,0
train_set/benign/ISIC_4300983_640x360.jpg,train,benign,3845,78.0,13923,2.0,-1,0
train_set/benign/ISIC_4301050_640x427.jpg,train,benign,6936,90.0,13924,0.0,-1,0
train_set/benign/ISIC_4301302_640x360.jpg,train,benign,5962,78.0,13925,2.0,-1,0
train_set/benign/ISIC_4306844_640x480.jpg,train,benign,189,88.0,13939,2.0,-1,0
train_set/benign/ISIC_4307344_640x480.jpg,train,benign,8550,92.0,13943,0.0,-1,0
train_set/benign/ISIC_4311592_640x427.jpg,train,benign,7454,76.0,13955,2.0,-1,0
train_set/benign/ISIC_4311777_640x427.jpg,train,benign,7059,64.0,13956,6.0,-1,0
train_set/benign/ISIC_4312138_640x360.jpg,train,benign,3145,92.0,13959,4.0,-1,0
train_set/benign/ISIC_4315107_640x427.jpg,train,benign,376,78.0,13971,2.0,-1,0
train_set/benign/ISIC_4316571_640x480.jpg,train,benign,2136,90.0,13977,4.0,-1,0
train_set/benign/ISIC_4317478_640x425.jpg,train,benign,770,72.0,13979,4.0,-1,0
train_set/benign/ISIC_4317759_640x427.jpg,train,benign,7356,58.0,13980,4.0,-1,0
train_set/benign/ISIC_4318374_640x478.jpg,train,benign,3254,86.0,13981,0.0,-1,0
train_set/benign/ISIC_4321592_640x480.jpg,train,benign,5697,80.0,13990,2.0,-1,0
train_set/benign/ISIC_4321966_640x427.jpg,train,benign,9265,52.0,13992,2.0,-1,0
train_set/benign/ISIC_4322822_640x427.jpg,train,benign,9612,74.0,13994,0.0,-1,0
train_set/benign/ISIC_4323070_640x360.jpg,train,benign,3148,80.0,13997,4.0,-1,0
train_set/benign/ISIC_4326159_640x360.jpg,train,benign,6357,92.0,14009,2.0,-1,0
train_set/benign/ISIC_4327046_640x427.jpg,train,benign,9373,84.0,14011,0.0,-1,0
train_set/benign/ISIC_4327071_640x480.jpg,train,benign,6847,60.0,14012,0.0,-1,0
train_set/benign/ISIC_4327247_640x360.jpg,train,benign,4570,82.0,14013,4.0,-1,0
train_set/benign/ISIC_4327535_640x427.jpg,train,benign,2568,88.0,14017,2.0,-1,0
train_set/benign/ISIC_4327560_640x427.jpg,train,benign,78,90.0,14018,6.0,-1,0
train_set/benign/ISIC_4329598_640x360.jpg,train,benign,222,90.0,14026,2.0,-1,0
train_set/benign/ISIC_4330267_640x360.jpg,train,benign,6872,92.0,14030,2.0,-1,0
train_set/benign/ISIC_4331481_640x360.jpg,train,benign,4007,90.0,14035,4.0,-1,0
train_set/benign/ISIC_4331936_640x427.jpg,train,benign,6882,82.0,14036,0.0,-1,0
train_set/benign/ISIC_4332529_640x360.jpg,train,benign,875,90.0,14037,8.0,-1,0
train_set/benign/ISIC_4332771_640x480.jpg,train,benign,4085,92.0,14038,2.0,-1,0
train_set/benign/ISIC_4333412_640x360.jpg,train,benign,4075,80.0,14041,2.0,-1,0
train_set/benign/ISIC_4335080_640x480.jpg,train,benign,7787,48.0,14044,2.0,-1,0
train_set/benign/ISIC_4335188_640x360.jpg,train,benign,9216,80.0,14045,2.0,-1,0
train_set/benign/ISIC_4335732_640x427.jpg,train,benign,1122,84.0,14046,0.0,-1,0
train_set/benign/ISIC_4336970_640x360.jpg,train,benign,4449,88.0,14049,6.0,-1,0
train_set/benign/ISIC_4337318_640x480.jpg,train,benign,1322,78.0,14050,4.0,-1,0
train_set/benign/ISIC_4341135_640x480.jpg,train,benign,9443,78.0,14057,4.0,-1,0
train_set/benign/ISIC_4344540_640x427.jpg,train,benign,2321,78.0,14065,2.0,-1,0
train_set/benign/ISIC_4344870_640x427.jpg,train,benign,9368,72.0,14066,0.0,-1,0
train_set/benign/ISIC_4345015_640x427.jpg,train,benign,7636,84.0,14069,0.0,-1,0
train_set/benign/ISIC_4348896_640x360.jpg,train,benign,5114,90.0,14083,4.0,-1,0
train_set/benign/ISIC_4349418_640x360.jpg,train,benign,7757,78.0,14085,2.0,-1,0
train_set/benign/ISIC_4350874_640x480.jpg,train,benign,8382,92.0,14090,0.0,-1,0
train_set/benign/ISIC_4350914_640x360.jpg,train,benign,8712,82.0,14091,4.0,-1,0
train_set/benign/ISIC_4351814_640x427.jpg,train,benign,6841,76.0,14096,2.0,-1,0
train_set/benign/ISIC_4356872_640x360.jpg,train,benign,4372,86.0,14115,6.0,-1,0
train_set/benign/ISIC_4357596_640x360.jpg,train,benign,3588,86.0,14116,4.0,-1,0
train_set/benign/ISIC_4357962_640x427.jpg,train,benign,7912,74.0,14118,4.0,-1,0
train_set/benign/ISIC_4358550_640x427.jpg,train,benign,8858,88.0,14120,0.0,-1,0
train_set/benign/ISIC_4359258_640x360.jpg,train,benign,6753,82.0,14122,2.0,-1,0
train_set/benign/ISIC_4363269_640x427.jpg,train,benign,6885,76.0,14135,4.0,-1,0
train_set/benign/ISIC_4363579_640x427.jpg,train,benign,9131,76.0,14138,2.0,-1,0
train_set/benign/ISIC_4363603_640x360.jpg,train,benign,3987,68.0,14139,6.0,-1,0
train_set/benign/ISIC_4363841_640x480.jpg,train,benign,2102,84.0,14141,2.0,-1,0
train_set/benign/ISIC_4363897_640x360.jpg,train,benign,420,84.0,14142,2.0,-1,0
train_set/benign/ISIC_4364454_640x480.jpg,train,benign,8584,88.0,14146,0.0,-1,0
train_set/benign/ISIC_4365769_640x427.jpg,train,benign,8839,66.0,14150,2.0,-1,0
train_set/benign/ISIC_4366627_640x478.jpg,train,benign,7238,60.0,14156,2.0,-1,0
train_set/benign/ISIC_4370751_640x427.jpg,train,benign,75,60.0,14168,0.0,-1,0
train_set/benign/ISIC_4373429_640x427.jpg,train,benign,3856,96.0,14177,0.0,-1,0
train_set/benign/ISIC_4374944_640x480.jpg,train,benign,9343,80.0,14183,2.0,-1,0
train_set/benign/ISIC_4375870_640x360.jpg,train,benign,6777,78.0,14188,6.0,-1,0
train_set/benign/ISIC_4377059_640x360.jpg,train,benign,9542,88.0,14192,2.0,-1,0
train_set/benign/ISIC_4377403_640x360.jpg,train,benign,1329,74.0,14196,4.0,-1,0
train_set/benign/ISIC_4377893_640x480.jpg,train,benign,4973,90.0,14197,2.0,-1,0
train_set/benign/ISIC_4378793_640x360.jpg,train,benign,8659,84.0,14201,2.0,-1,0
train_set/benign/ISIC_4379945_640x360.jpg,train,benign,9638,92.0,14206,4.0,-1,0
train_set/benign/ISIC_4382153_640x480.jpg,train,benign,1816,92.0,14212,2.0,-1,0
train_set/benign/ISIC_4384199_640x360.jpg,train,benign,4626,92.0,14217,2.0,-1,0
train_set/benign/ISIC_4385637_640x360.jpg,train,benign,130,96.0,14224,2.0,-1,0
train_set/benign/ISIC_4385762_640x427.jpg,train,benign,7822,82.0,14225,4.0,-1,0
train_set/benign/ISIC_4387797_640x427.jpg,train,benign,4998,84.0,14229,2.0,-1,0
train_set/benign/ISIC_4390968_640x360.jpg,train,benign,9533,82.0,14237,0.0,-1,0
train_set/benign/ISIC_4392384_640x427.jpg,train,benign,173,90.0,14244,2.0,-1,0
train_set/benign/ISIC_4393704_640x360.jpg,train,benign,7133,84.0,14249,6.0,-1,0
train_set/benign/ISIC_4393733_640x480.jpg,train,benign,2879,86.0,14250,0.0,-1,0
train_set/benign/ISIC_4395329_640x427.jpg,train,benign,7725,90.0,14256,2.0,-1,0
train_set/benign/ISIC_4397087_640x427.jpg,train,benign,7135,86.0,14262,2.0,-1,0
train_set/benign/ISIC_4399858_640x360.jpg,train,benign,7500,70.0,14272,4.0,-1,0
train_set/benign/ISIC_4400140_640x360.jpg,train,benign,6652,82.0,14273,4.0,-1,0
train_set/benign/ISIC_4402731_640x427.jpg,train,benign,8796,66.0,14279,4.0,-1,0
train_set/benign/ISIC_4404649_640x480.jpg,train,benign,9053,78.0,14281,2.0,-1,0
train_set/benign/ISIC_4405883_640x360.jpg,train,benign,9818,90.0,14285,4.0,-1,0
train_set/benign/ISIC_4406292_640x360.jpg,train,benign,7947,90.0,14287,4.0,-1,0
train_set/benign/ISIC_4415049_640x360.jpg,train,benign,6055,90.0,14311,4.0,-1,0
train_set/benign/ISIC_4415203_640x360.jpg,train,benign,1324,80.0,14312,4.0,-1,0
train_set/benign/ISIC_4418259_640x427.jpg,train,benign,9491,80.0,14318,2.0,-1,0
train_set/benign/ISIC_4418581_640x360.jpg,train,benign,2179,84.0,14321,4.0,-1,0
train_set/benign/ISIC_4419686_640x427.jpg,train,benign,6921,90.0,14326,0.0,-1,0
train_set/benign/ISIC_4419720_640x478.jpg,train,benign,1179,84.0,14327,4.0,-1,0
train_set/benign/ISIC_4421064_640x480.jpg,train,benign,1478,90.0,14332,0.0,-1,0
train_set/benign/ISIC_4422047_640x480.jpg,train,benign,7650,80.0,14334,2.0,-1,0
train_set/benign/ISIC_4427161_640x360.jpg,train,benign,5215,66.0,14350,6.0,-1,0
train_set/benign/ISIC_4427949_640x360.jpg,train,benign,6463,80.0,14353,4.0,-1,0
train_set/benign/ISIC_4430815_640x480.jpg,train,benign,545,88.0,14361,0.0,-1,0
train_set/benign/ISIC_4432898_640x425.jpg,train,benign,11,78.0,14369,2.0,-1,0
train_set/benign/ISIC_4433514_640x480.jpg,train,benign,269,92.0,14370,0.0,-1,0
train_set/benign/ISIC_4433582_640x360.jpg,train,benign,5293,82.0,14372,2.0,-1,0
train_set/benign/ISIC_4436833_640x480.jpg,train,benign,754,92.0,14389,2.0,-1,0
train_set/benign/ISIC_4437425_640x360.jpg,train,benign,5268,80.0,14390,4.0,-1,0
train_set/benign/ISIC_4442772_640x480.jpg,train,benign,8894,62.0,14401,2.0,-1,0
train_set/benign/ISIC_4442900_640x360.jpg,train,benign,7902,70.0,14402,2.0,-1,0
train_set/benign/ISIC_4443545_480x480.jpg,train,benign,947,90.0,14405,0.0,-1,0
train_set/benign/ISIC_4445729_640x360.jpg,train,benign,4319,82.0,14410,0.0,-1,0
train_set/benign/ISIC_4446385_640x360.jpg,train,benign,2232,82.0,14411,4.0,-1,0
train_set/benign/ISIC_4450909_640x480.jpg,train,benign,3144,88.0,14421,2.0,-1,0
train_set/benign/ISIC_4452228_640x427.jpg,train,benign,712,92.0,14426,0.0,-1,0
train_set/benign/ISIC_4452748_640x427.jpg,train,benign,7588,62.0,14430,0.0,-1,0
train_set/benign/ISIC_4454509_640x480.jpg,train,benign,396,82.0,14434,0.0,-1,0
train_set/benign/ISIC_4458567_640x360.jpg,train,benign,1768,82.0,14444,4.0,-1,0
train_set/benign/ISIC_4463660_640x480.jpg,train,benign,1158,92.0,14462,4.0,-1,0
train_set/benign/ISIC_4464702_640x427.jpg,train,benign,9165,76.0,14467,4.0,-1,0
train_set/benign/ISIC_4465529_640x360.jpg,train,benign,385,92.0,14471,4.0,-1,0
train_set/benign/ISIC_4466413_640x360.jpg,train,benign,8435,84.0,14472,2.0,-1,0
train_set/benign/ISIC_4468129_640x427.jpg,train,benign,5212,82.0,14475,2.0,-1,0
train_set/benign/ISIC_4470206_640x480.jpg,train,benign,7594,78.0,14485,2.0,-1,0
train_set/benign/ISIC_4471367_640x427.jpg,train,benign,8949,68.0,14489,6.0,-1,0
train_set/benign/ISIC_4477448_640x480.jpg,train,benign,414,86.0,14508,0.0,-1,0
train_set/benign/ISIC_4478276_640x478.jpg,train,benign,1170,82.0,14514,2.0,-1,0
train_set/benign/ISIC_4479844_640x478.jpg,train,benign,1400,82.0,14518,4.0,-1,0
train_set/benign/ISIC_4482569_640x427.jpg,train,benign,8208,66.0,14525,2.0,-1,0
train_set/benign/ISIC_4482928_640x427.jpg,train,benign,8949,60.0,14527,4.0,-1,0
train_set/benign/ISIC_4484431_640x360.jpg,train,benign,6358,84.0,14530,2.0,-1,0
train_set/benign/ISIC_4487429_640x427.jpg,train,benign,7010,66.0,14538,2.0,-1,0
train_set/benign/ISIC_4487743_640x427.jpg,train,benign,2127,88.0,14540,2.0,-1,0
train_set/benign/ISIC_4490903_640x360.jpg,train,benign,749,86.0,14550,4.0,-1,0
train_set/benign/ISIC_4493028_640x480.jpg,train,benign,7175,82.0,14553,0.0,-1,0
train_set/benign/ISIC_4497294_640x360.jpg,train,benign,378,84.0,14578,2.0,-1,0
train_set/benign/ISIC_4498012_640x360.jpg,train,benign,7509,80.0,14581,6.0,-1,0
train_set/benign/ISIC_4498803_640x360.jpg,train,benign,2659,88.0,14583,2.0,-1,0
train_set/benign/ISIC_4499263_640x360.jpg,train,benign,1243,80.0,14585,2.0,-1,0
train_set/benign/ISIC_4500621_640x427.jpg,train,benign,8949,56.0,14594,4.0,-1,0
train_set/benign/ISIC_4502605_640x427.jpg,train,benign,8949,70.0,14600,2.0,-1,0
train_set/benign/ISIC_4504995_640x480.jpg,train,benign,7244,78.0,14601,4.0,-1,0
train_set/benign/ISIC_4505089_640x480.jpg,train,benign,1383,88.0,14602,0.0,-1,0
train_set/benign/ISIC_4506292_640x480.jpg,train,benign,7566,82.0,14608,4.0,-1,0
train_set/benign/ISIC_4506356_640x360.jpg,train,benign,1248,92.0,14609,4.0,-1,0
train_set/benign/ISIC_4509624_640x480.jpg,train,benign,3785,82.0,14620,2.0,-1,0
train_set/benign/ISIC_4512203_640x480.jpg,train,benign,4333,70.0,14629,4.0,-1,0
train_set/benign/ISIC_4513059_640x427.jpg,train,benign,1369,86.0,14632,0.0,-1,0
train_set/benign/ISIC_4514511_640x425.jpg,train,benign,2879,86.0,14638,0.0,-1,0
train_set/benign/ISIC_4515826_640x360.jpg,train,benign,4660,80.0,14639,2.0,-1,0
train_set/benign/ISIC_4516835_640x360.jpg,train,benign,904,90.0,14642,2.0,-1,0
train_set/benign/ISIC_4517595_640x360.jpg,train,benign,231,90.0,14646,4.0,-1,0
train_set/benign/ISIC_4520470_640x360.jpg,train,benign,2393,90.0,14653,10.0,-1,0
train_set/benign/ISIC_4520704_480x480.jpg,train,benign,4228,88.0,14654,6.0,-1,0
train_set/benign/ISIC_4523138_640x360.jpg,train,benign,2162,64.0,14661,6.0,-1,0
train_set/benign/ISIC_4524422_640x427.jpg,train,benign,7293,90.0,14666,2.0,-1,0
train_set/benign/ISIC_4524431_640x427.jpg,train,benign,116,62.0,14667,0.0,-1,0
train_set/benign/ISIC_4524900_640x425.jpg,train,benign,1170,62.0,14670,2.0,-1,0
train_set/benign/ISIC_4526991_640x480.jpg,train,benign,140,86.0,14681,2.0,-1,0
train_set/benign/ISIC_4527040_640x360.jpg,train,benign,7106,86.0,14682,8.0,-1,0
train_set/benign/ISIC_4530871_640x427.jpg,train,benign,3719,76.0,14698,0.0,-1,0
train_set/benign/ISIC_4533664_640x427.jpg,train,benign,1260,70.0,14705,0.0,-1,0
train_set/benign/ISIC_4534433_640x480.jpg,train,benign,118,52.0,14708,0.0,-1,0
train_set/benign/ISIC_4535099_640x427.jpg,train,benign,6877,78.0,14711,4.0,-1,0
train_set/benign/ISIC_4535659_640x480.jpg,train,benign,732,84.0,14713,2.0,-1,0
train_set/benign/ISIC_4536635_640x360.jpg,train,benign,4317,82.0,14720,6.0,-1,0
train_set/benign/ISIC_4538661_640x427.jpg,train,benign,118,64.0,14729,2.0,-1,0
train_set/benign/ISIC_4538870_640x427.jpg,train,benign,6246,80.0,14730,4.0,-1,0
train_set/benign/ISIC_4540140_640x360.jpg,train,benign,2879,88.0,14734,6.0,-1,0
train_set/benign/ISIC_4540332_640x480.jpg,train,benign,1508,76.0,14735,4.0,-1,0
train_set/benign/ISIC_4540439_640x480.jpg,train,benign,7615,82.0,14736,2.0,-1,0
train_set/benign/ISIC_4543944_640x427.jpg,train,benign,9447,82.0,14746,4.0,-1,0
train_set/benign/ISIC_4545717_640x425.jpg,train,benign,1170,68.0,14751,4.0,-1,0
train_set/benign/ISIC_4545751_640x425.jpg,train,benign,1170,80.0,14752,0.0,-1,0
train_set/benign/ISIC_4546136_640x427.jpg,train,benign,7124,62.0,14753,4.0,-1,0
train_set/benign/ISIC_4548346_640x480.jpg,train,benign,1664,92.0,14759,0.0,-1,0
train_set/benign/ISIC_4550082_640x480.jpg,train,benign,86,92.0,14768,2.0,-1,0
train_set/benign/ISIC_4553633_640x480.jpg,train,benign,114,88.0,14779,2.0,-1,0
train_set/benign/ISIC_4555795_640x425.jpg,train,benign,7787,72.0,14787,0.0,-1,0
train_set/benign/ISIC_4555817_640x360.jpg,train,benign,8855,86.0,14788,2.0,-1,0
train_set/benign/ISIC_4556592_640x427.jpg,train,benign,933,86.0,14791,0.0,-1,0
train_set/benign/ISIC_4558982_640x427.jpg,train,benign,2444,50.0,14797,0.0,-1,0
train_set/benign/ISIC_4559070_640x360.jpg,train,benign,8722,84.0,14798,2.0,-1,0
train_set/benign/ISIC_4559397_640x478.jpg,train,benign,2597,88.0,14801,2.0,-1,0
train_set/benign/ISIC_4559986_640x360.jpg,train,benign,4126,90.0,14802,4.0,-1,0
train_set/benign/ISIC_4561410_640x360.jpg,train,benign,3980,90.0,14807,2.0,-1,0
train_set/benign/ISIC_4562786_640x480.jpg,train,benign,7439,76.0,14813,4.0,-1,0
train_set/benign/ISIC_4563442_640x480.jpg,train,benign,6997,90.0,14815,2.0,-1,0
train_set/benign/ISIC_4566200_640x480.jpg,train,benign,2005,90.0,14827,2.0,-1,0
train_set/benign/ISIC_4566325_640x427.jpg,train,benign,5910,76.0,14828,2.0,-1,0
train_set/benign/ISIC_4577414_640x427.jpg,train,benign,8989,80.0,14858,4.0,-1,0
train_set/benign/ISIC_4578194_640x427.jpg,train,benign,8545,74.0,14859,2.0,-1,0
train_set/benign/ISIC_4579262_640x360.jpg,train,benign,3050,72.0,14861,4.0,-1,0
train_set/benign/ISIC_4581058_640x478.jpg,train,benign,787,84.0,14871,2.0,-1,0
train_set/benign/ISIC_4581739_640x427.jpg,train,benign,1711,60.0,14873,0.0,-1,0
train_set/benign/ISIC_4583929_640x427.jpg,train,benign,6867,72.0,14876,2.0,-1,0
train_set/benign/ISIC_4584794_640x478.jpg,train,benign,4999,76.0,14879,2.0,-1,0
train_set/benign/ISIC_4586632_640x427.jpg,train,benign,6966,76.0,14885,2.0,-1,0
train_set/benign/ISIC_4589707_640x427.jpg,train,benign,6909,40.0,14891,0.0,-1,0
train_set/benign/ISIC_4590810_640x427.jpg,train,benign,2444,52.0,14893,4.0,-1,0
train_set/benign/ISIC_4591526_640x427.jpg,train,benign,7556,50.0,14897,2.0,-1,0
train_set/benign/ISIC_4594429_640x427.jpg,train,benign,118,44.0,14905,0.0,-1,0
train_set/benign/ISIC_4594982_640x480.jpg,train,benign,4369,78.0,14906,0.0,-1,0
train_set/benign/ISIC_4595741_640x480.jpg,train,benign,1405,82.0,14909,4.0,-1,0
train_set/benign/ISIC_4596089_640x360.jpg,train,benign,1999,80.0,14911,4.0,-1,0
train_set/benign/ISIC_4596803_640x360.jpg,train,benign,6252,78.0,14915,6.0,-1,0
train_set/benign/ISIC_4597566_640x480.jpg,train,benign,1975,70.0,14917,0.0,-1,0
train_set/benign/ISIC_4599730_640x360.jpg,train,benign,3875,82.0,14921,2.0,-1,0
train_set/benign/ISIC_4600831_640x360.jpg,train,benign,7009,80.0,14925,2.0,-1,0
train_set/benign/ISIC_4601679_640x427.jpg,train,benign,2344,78.0,14932,4.0,-1,0
train_set/benign/ISIC_4605642_640x480.jpg,train,benign,1241,82.0,14945,0.0,-1,0
train_set/benign/ISIC_4605737_640x427.jpg,train,benign,2334,64.0,14946,2.0,-1,0
train_set/benign/ISIC_4606283_640x480.jpg,train,benign,7933,68.0,14947,4.0,-1,0
train_set/benign/ISIC_4611698_640x360.jpg,train,benign,6842,84.0,14959,2.0,-1,0
train_set/benign/ISIC_4611792_640x480.jpg,train,benign,1662,86.0,14960,2.0,-1,0
train_set/benign/ISIC_4613450_640x427.jpg,train,benign,7148,76.0,14966,2.0,-1,0
train_set/benign/ISIC_4616635_640x427.jpg,train,benign,1365,86.0,14973,4.0,-1,0
train_set/benign/ISIC_4621548_640x360.jpg,train,benign,2273,84.0,14989,6.0,-1,0
train_set/benign/ISIC_4622069_640x427.jpg,train,benign,7411,80.0,14990,4.0,-1,0
train_set/benign/ISIC_4622079_640x427.jpg,train,benign,2850,84.0,14991,4.0,-1,0
train_set/benign/ISIC_4622902_640x427.jpg,train,benign,7494,68.0,14993,4.0,-1,0
train_set/benign/ISIC_4623351_640x360.jpg,train,benign,2440,72.0,14995,4.0,-1,0
train_set/benign/ISIC_4624536_640x360.jpg,train,benign,1798,90.0,14997,4.0,-1,0
train_set/benign/ISIC_4624611_640x360.jpg,train,benign,2397,82.0,14998,4.0,-1,0
train_set/benign/ISIC_4624753_640x360.jpg,train,benign,271,72.0,14999,6.0,-1,0
train_set/benign/ISIC_4626159_640x425.jpg,train,benign,770,84.0,15001,8.0,-1,0
train_set/benign/ISIC_4626633_640x360.jpg,train,benign,4841,84.0,15002,6.0,-1,0
train_set/benign/ISIC_4630926_640x360.jpg,train,benign,4121,92.0,15011,4.0,-1,0
train_set/benign/ISIC_4631910_640x425.jpg,train,benign,8628,80.0,15016,2.0,-1,0
train_set/benign/ISIC_4634800_640x427.jpg,train,benign,7356,80.0,15027,4.0,-1,0
train_set/benign/ISIC_4636840_640x360.jpg,train,benign,6451,92.0,15032,8.0,-1,0
train_set/benign/ISIC_4638310_640x480.jpg,train,benign,9628,88.0,15035,2.0,-1,0
train_set/benign/ISIC_4638801_640x360.jpg,train,benign,8854,78.0,15037,2.0,-1,0
train_set/benign/ISIC_4638986_640x360.jpg,train,benign,30,86.0,15038,2.0,-1,0
train_set/benign/ISIC_4639099_640x427.jpg,train,benign,4058,86.0,15039,2.0,-1,0
train_set/benign/ISIC_4640613_640x427.jpg,train,benign,8713,76.0,15043,2.0,-1,0
train_set/benign/ISIC_4642695_640x360.jpg,train,benign,1894,92.0,15047,4.0,-1,0
train_set/benign/ISIC_4642816_640x480.jpg,train,benign,8020,80.0,15048,2.0,-1,0
train_set/benign/ISIC_4644148_640x360.jpg,train,benign,7579,86.0,15052,2.0,-1,0
train_set/benign/ISIC_4646061_640x427.jpg,train,benign,7029,72.0,15057,4.0,-1,0
train_set/benign/ISIC_4646815_640x360.jpg,train,benign,2239,86.0,15062,6.0,-1,0
train_set/benign/ISIC_4647886_640x360.jpg,train,benign,5319,82.0,15068,6.0,-1,0
train_set/benign/ISIC_4647934_640x427.jpg,train,benign,1592,84.0,15069,4.0,-1,0
train_set/benign/ISIC_4648593_640x360.jpg,train,benign,5649,78.0,15073,2.0,-1,0
train_set/benign/ISIC_4648604_640x360.jpg,train,benign,1749,84.0,15074,2.0,-1,0
train_set/benign/ISIC_4648708_640x360.jpg,train,benign,3283,94.0,15075,0.0,-1,0
train_set/benign/ISIC_4649250_640x427.jpg,train,benign,1711,84.0,15079,0.0,-1,0
train_set/benign/ISIC_4649465_640x427.jpg,train,benign,7309,78.0,15081,4.0,-1,0
train_set/benign/ISIC_4652753_640x427.jpg,train,benign,9360,82.0,15086,6.0,-1,0
train_set/benign/ISIC_4653167_640x360.jpg,train,benign,831,92.0,15090,4.0,-1,0
train_set/benign/ISIC_4654379_640x360.jpg,train,benign,4708,60.0,15095,2.0,-1,0
train_set/benign/ISIC_4654808_480x480.jpg,train,benign,322,90.0,15097,2.0,-1,0
train_set/benign/ISIC_4656375_640x360.jpg,train,benign,6716,80.0,15104,2.0,-1,0
train_set/benign/ISIC_4659384_640x480.jpg,train,benign,2617,86.0,15116,2.0,-1,0
train_set/benign/ISIC_4660078_640x360.jpg,train,benign,2374,82.0,15118,2.0,-1,0
train_set/benign/ISIC_4660199_640x427.jpg,train,benign,6962,78.0,15119,2.0,-1,0
train_set/benign/ISIC_4661994_640x360.jpg,train,benign,9505,80.0,15124,4.0,-1,0
train_set/benign/ISIC_4663531_640x427.jpg,train,benign,6799,88.0,15128,2.0,-1,0
train_set/benign/ISIC_4663883_640x480.jpg,train,benign,3643,82.0,15129,2.0,-1,0
train_set/benign/ISIC_4666634_640x360.jpg,train,benign,663,74.0,15135,2.0,-1,0
train_set/benign/ISIC_4667223_640x427.jpg,train,benign,1727,76.0,15137,0.0,-1,0
train_set/benign/ISIC_4669490_640x360.jpg,train,benign,3843,86.0,15145,6.0,-1,0
train_set/benign/ISIC_4669785_640x480.jpg,train,benign,10005,90.0,15146,0.0,-1,0
train_set/benign/ISIC_4674378_640x360.jpg,train,benign,8468,84.0,15164,0.0,-1,0
train_set/benign/ISIC_4676156_640x480.jpg,train,benign,7829,58.0,15169,0.0,-1,0
train_set/benign/ISIC_4680198_640x360.jpg,train,benign,1888,80.0,15184,0.0,-1,0
train_set/benign/ISIC_4681838_640x480.jpg,train,benign,1711,78.0,15191,2.0,-1,0
train_set/benign/ISIC_4682498_640x427.jpg,train,benign,7375,54.0,15193,2.0,-1,0
train_set/benign/ISIC_4685347_640x360.jpg,train,benign,9419,86.0,15204,2.0,-1,0
train_set/benign/ISIC_4685917_640x427.jpg,train,benign,7565,78.0,15205,4.0,-1,0
train_set/benign/ISIC_4686662_640x360.jpg,train,benign,3216,82.0,15209,2.0,-1,0
train_set/benign/ISIC_4688979_640x427.jpg,train,benign,1212,82.0,15215,4.0,-1,0
train_set/benign/ISIC_4690030_640x360.jpg,train,benign,141,88.0,15217,8.0,-1,0
train_set/benign/ISIC_4690506_640x427.jpg,train,benign,5325,74.0,15218,0.0,-1,0
train_set/benign/ISIC_4691883_640x427.jpg,train,benign,708,94.0,15221,0.0,-1,0
train_set/benign/ISIC_4691943_640x480.jpg,train,benign,7653,78.0,15222,0.0,-1,0
train_set/benign/ISIC_4693226_640x427.jpg,train,benign,7116,66.0,15225,2.0,-1,0
train_set/benign/ISIC_4695963_640x360.jpg,train,benign,200,84.0,15237,2.0,-1,0
train_set/benign/ISIC_4696142_640x360.jpg,train,benign,9031,80.0,15239,2.0,-1,0
train_set/benign/ISIC_4702258_640x427.jpg,train,benign,6909,64.0,15263,0.0,-1,0
train_set/benign/ISIC_4702522_640x480.jpg,train,benign,8428,88.0,15264,2.0,-1,0
train_set/benign/ISIC_4705128_640x360.jpg,train,benign,1829,88.0,15272,4.0,-1,0
train_set/benign/ISIC_4707475_640x360.jpg,train,benign,9266,76.0,15277,2.0,-1,0
train_set/benign/ISIC_4707552_640x480.jpg,train,benign,8860,66.0,15278,2.0,-1,0
train_set/benign/ISIC_4712429_640x427.jpg,train,benign,6564,88.0,15290,4.0,-1,0
train_set/benign/ISIC_4713698_640x360.jpg,train,benign,181,74.0,15292,2.0,-1,0
train_set/benign/ISIC_4713733_640x360.jpg,train,benign,8485,88.0,15293,2.0,-1,0
train_set/benign/ISIC_4715386_640x427.jpg,train,benign,9285,80.0,15296,4.0,-1,0
train_set/benign/ISIC_4718237_640x480.jpg,train,benign,6716,70.0,15301,2.0,-1,0
train_set/benign/ISIC_4719181_640x427.jpg,train,benign,2334,78.0,15306,2.0,-1,0
train_set/benign/ISIC_4719620_640x360.jpg,train,benign,2994,68.0,15308,4.0,-1,0
train_set/benign/ISIC_4720306_640x427.jpg,train,benign,3796,78.0,15312,2.0,-1,0
train_set/benign/ISIC_4722021_640x480.jpg,train,benign,1585,94.0,15315,0.0,-1,0
train_set/benign/ISIC_4722884_640x427.jpg,train,benign,9261,56.0,15317,2.0,-1,0
train_set/benign/ISIC_4724738_640x360.jpg,train,benign,6094,88.0,15324,4.0,-1,0
train_set/benign/ISIC_4724943_640x480.jpg,train,benign,3657,86.0,15325,6.0,-1,0
train_set/benign/ISIC_4725027_640x360.jpg,train,benign,2130,68.0,15326,2.0,-1,0
train_set/benign/ISIC_4725762_640x360.jpg,train,benign,8333,74.0,15330,6.0,-1,0
train_set/benign/ISIC_4727937_640x360.jpg,train,benign,1377,92.0,15338,4.0,-1,0
train_set/benign/ISIC_4730074_640x360.jpg,train,benign,7856,76.0,15346,4.0,-1,0
train_set/benign/ISIC_4732985_640x360.jpg,train,benign,4216,76.0,15359,6.0,-1,0
train_set/benign/ISIC_4734627_640x427.jpg,train,benign,6487,64.0,15363,2.0,-1,0
train_set/benign/ISIC_4735120_640x427.jpg,train,benign,2344,72.0,15366,0.0,-1,0
train_set/benign/ISIC_4735699_640x480.jpg,train,benign,5191,84.0,15367,2.0,-1,0
train_set/benign/ISIC_4735706_640x480.jpg,train,benign,9152,74.0,15368,2.0,-1,0
train_set/benign/ISIC_4735959_640x360.jpg,train,benign,3563,84.0,15369,6.0,-1,0
train_set/benign/ISIC_4736149_640x480.jpg,train,benign,1458,90.0,15370,0.0,-1,0
train_set/benign/ISIC_4737624_640x360.jpg,train,benign,8969,92.0,15372,2.0,-1,0
train_set/benign/ISIC_4741533_640x480.jpg,train,benign,798,90.0,15385,2.0,-1,0
train_set/benign/ISIC_4742778_640x360.jpg,train,benign,2481,92.0,15389,4.0,-1,0
train_set/benign/ISIC_4743674_640x427.jpg,train,benign,9244,72.0,15391,4.0,-1,0
train_set/benign/ISIC_4743874_640x360.jpg,train,benign,8995,82.0,15393,0.0,-1,0
train_set/benign/ISIC_4746361_640x427.jpg,train,benign,8949,72.0,15404,0.0,-1,0
train_set/benign/ISIC_4747814_640x360.jpg,train,benign,6659,88.0,15409,2.0,-1,0
train_set/benign/ISIC_4748600_640x360.jpg,train,benign,9112,86.0,15412,6.0,-1,0
train_set/benign/ISIC_4748605_640x360.jpg,train,benign,6311,88.0,15413,4.0,-1,0
train_set/benign/ISIC_4749897_640x427.jpg,train,benign,64,76.0,15419,2.0,-1,0
train_set/benign/ISIC_4749959_640x480.jpg,train,benign,5441,86.0,15420,2.0,-1,0
train_set/benign/ISIC_4750920_640x427.jpg,train,benign,6643,68.0,15423,6.0,-1,0
train_set/benign/ISIC_4751349_640x480.jpg,train,benign,9594,80.0,15427,2.0,-1,0
train_set/benign/ISIC_4752273_640x360.jpg,train,benign,4361,92.0,15433,4.0,-1,0
train_set/benign/ISIC_4752331_640x360.jpg,train,benign,4557,86.0,15435,2.0,-1,0
train_set/benign/ISIC_4755559_640x427.jpg,train,benign,2444,58.0,15441,0.0,-1,0
train_set/benign/ISIC_4758961_640x480.jpg,train,benign,1528,84.0,15450,2.0,-1,0
train_set/benign/ISIC_4762906_640x427.jpg,train,benign,7912,56.0,15464,0.0,-1,0
train_set/benign/ISIC_4764178_640x360.jpg,train,benign,9411,76.0,15472,4.0,-1,0
train_set/benign/ISIC_4764834_640x427.jpg,train,benign,888,82.0,15476,4.0,-1,0
train_set/benign/ISIC_4765374_640x480.jpg,train,benign,4088,84.0,15480,2.0,-1,0
train_set/benign/ISIC_4768144_640x427.jpg,train,benign,945,80.0,15490,4.0,-1,0
train_set/benign/ISIC_4768512_640x427.jpg,train,benign,9302,72.0,15493,0.0,-1,0
train_set/benign/ISIC_4770073_640x425.jpg,train,benign,7372,86.0,15497,0.0,-1,0
train_set/benign/ISIC_4770696_640x360.jpg,train,benign,3010,88.0,15499,2.0,-1,0
train_set/benign/ISIC_4772294_640x480.jpg,train,benign,4626,90.0,15505,0.0,-1,0
train_set/benign/ISIC_4773675_640x480.jpg,train,benign,1439,88.0,15508,2.0,-1,0
train_set/benign/ISIC_4776213_640x360.jpg,train,benign,5456,76.0,15513,4.0,-1,0
train_set/benign/ISIC_4781169_640x360.jpg,train,benign,5335,70.0,15522,4.0,-1,0
train_set/benign/ISIC_4781205_640x427.jpg,train,benign,6693,68.0,15523,0.0,-1,0
train_set/benign/ISIC_4782134_640x427.jpg,train,benign,123,90.0,15526,0.0,-1,0
train_set/benign/ISIC_4782878_640x480.jpg,train,benign,3351,84.0,15528,2.0,-1,0
train_set/benign/ISIC_4783933_640x427.jpg,train,benign,7731,90.0,15532,0.0,-1,0
train_set/benign/ISIC_4787403_640x427.jpg,train,benign,4233,78.0,15545,2.0,-1,0
train_set/benign/ISIC_4787698_640x360.jpg,train,benign,6444,92.0,15546,0.0,-1,0
train_set/benign/ISIC_4789481_640x360.jpg,train,benign,1250,86.0,15554,6.0,-1,0
train_set/benign/ISIC_4790259_640x360.jpg,train,benign,2356,90.0,15557,4.0,-1,0
train_set/benign/ISIC_4791412_640x480.jpg,train,benign,6515,86.0,15560,0.0,-1,0
train_set/benign/ISIC_4792415_640x427.jpg,train,benign,7920,74.0,15567,2.0,-1,0
train_set/benign/ISIC_4792446_640x480.jpg,train,benign,179,80.0,15568,2.0,-1,0
train_set/benign/ISIC_4793861_640x360.jpg,train,benign,4862,72.0,15571,2.0,-1,0
train_set/benign/ISIC_4794020_640x427.jpg,train,benign,7908,68.0,15573,0.0,-1,0
train_set/benign/ISIC_4794433_640x427.jpg,train,benign,9113,82.0,15575,2.0,-1,0
train_set/benign/ISIC_4794551_640x480.jpg,train,benign,5043,86.0,15576,0.0,-1,0
train_set/benign/ISIC_4795570_640x360.jpg,train,benign,3881,84.0,15579,4.0,-1,0
train_set/benign/ISIC_4801791_640x427.jpg,train,benign,7056,82.0,15595,0.0,-1,0
train_set/benign/ISIC_4809078_640x360.jpg,train,benign,1639,92.0,15616,0.0,-1,0
train_set/benign/ISIC_4810500_640x427.jpg,train,benign,7181,68.0,15619,2.0,-1,0
train_set/benign/ISIC_4811165_640x480.jpg,train,benign,538,90.0,15620,2.0,-1,0
train_set/benign/ISIC_4811211_640x360.jpg,train,benign,7860,82.0,15621,4.0,-1,0
train_set/benign/ISIC_4813681_640x480.jpg,train,benign,5982,88.0,15627,2.0,-1,0
train_set/benign/ISIC_4814912_640x360.jpg,train,benign,7364,86.0,15632,4.0,-1,0
train_set/benign/ISIC_4817121_640x427.jpg,train,benign,9456,84.0,15639,0.0,-1,0
train_set/benign/ISIC_4823052_640x427.jpg,train,benign,6962,42.0,15652,0.0,-1,0
train_set/benign/ISIC_4823942_640x427.jpg,train,benign,850,68.0,15654,6.0,-1,0
train_set/benign/ISIC_4826839_640x427.jpg,train,benign,4314,80.0,15665,2.0,-1,0
train_set/benign/ISIC_4828093_640x480.jpg,train,benign,944,82.0,15670,2.0,-1,0
train_set/benign/ISIC_4830849_640x427.jpg,train,benign,5923,86.0,15677,2.0,-1,0
train_set/benign/ISIC_4831524_640x480.jpg,train,benign,4941,70.0,15680,2.0,-1,0
train_set/benign/ISIC_4833061_640x427.jpg,train,benign,9447,60.0,15684,4.0,-1,0
train_set/benign/ISIC_4834243_640x360.jpg,train,benign,6222,82.0,15688,2.0,-1,0
train_set/benign/ISIC_4837536_640x427.jpg,train,benign,6057,78.0,15696,0.0,-1,0
train_set/benign/ISIC_4839421_640x480.jpg,train,benign,157,78.0,15701,0.0,-1,0
train_set/benign/ISIC_4839673_640x427.jpg,train,benign,6935,90.0,15702,4.0,-1,0
train_set/benign/ISIC_4840910_640x360.jpg,train,benign,7154,82.0,15707,4.0,-1,0
train_set/benign/ISIC_4841705_640x480.jpg,train,benign,8516,84.0,15710,0.0,-1,0
train_set/benign/ISIC_4842269_640x480.jpg,train,benign,9441,76.0,15712,2.0,-1,0
train_set/benign/ISIC_4844741_640x425.jpg,train,benign,6773,84.0,15717,4.0,-1,0
train_set/benign/ISIC_4847287_640x427.jpg,train,benign,1211,68.0,15724,2.0,-1,0
train_set/benign/ISIC_4849032_640x427.jpg,train,benign,662,64.0,15732,0.0,-1,0
train_set/benign/ISIC_4851437_480x480.jpg,train,benign,4221,90.0,15739,2.0,-1,0
train_set/benign/ISIC_4853371_640x427.jpg,train,benign,9205,74.0,15743,2.0,-1,0
train_set/benign/ISIC_4853597_640x480.jpg,train,benign,4660,76.0,15744,4.0,-1,0
train_set/benign/ISIC_4853790_640x427.jpg,train,benign,6057,82.0,15746,2.0,-1,0
train_set/benign/ISIC_4856236_640x427.jpg,train,benign,7744,70.0,15753,2.0,-1,0
train_set/benign/ISIC_4856892_640x360.jpg,train,benign,1330,88.0,15759,6.0,-1,0
train_set/benign/ISIC_4856908_640x480.jpg,train,benign,7493,90.0,15760,2.0,-1,0
train_set/benign/ISIC_4861267_640x427.jpg,train,benign,473,80.0,15774,2.0,-1,0
train_set/benign/ISIC_4863236_640x427.jpg,train,benign,2730,88.0,15780,2.0,-1,0
train_set/benign/ISIC_4867811_640x427.jpg,train,benign,75,52.0,15791,0.0,-1,0
train_set/benign/ISIC_4869844_640x480.jpg,train,benign,8880,92.0,15797,0.0,-1,0
train_set/benign/ISIC_4871936_640x360.jpg,train,benign,9262,84.0,15805,6.0,-1,0
train_set/benign/ISIC_4871998_640x480.jpg,train,benign,7089,84.0,15806,0.0,-1,0
train_set/benign/ISIC_4880652_640x360.jpg,train,benign,3933,88.0,15831,2.0,-1,0
train_set/benign/ISIC_4881109_640x360.jpg,train,benign,5266,94.0,15833,2.0,-1,0
train_set/benign/ISIC_4882123_640x427.jpg,train,benign,1786,70.0,15836,2.0,-1,0
train_set/benign/ISIC_4883212_640x427.jpg,train,benign,8839,72.0,15839,4.0,-1,0
train_set/benign/ISIC_4883407_640x427.jpg,train,benign,6683,66.0,15842,2.0,-1,0
train_set/benign/ISIC_4885898_640x427.jpg,train,benign,4956,70.0,15852,4.0,-1,0
train_set/benign/ISIC_4888722_640x480.jpg,train,benign,7763,88.0,15861,0.0,-1,0
train_set/benign/ISIC_4888821_640x360.jpg,train,benign,3526,86.0,15863,2.0,-1,0
train_set/benign/ISIC_4889332_640x427.jpg,train,benign,734,86.0,15866,0.0,-1,0
train_set/benign/ISIC_4891204_640x480.jpg,train,benign,8522,80.0,15871,2.0,-1,0
train_set/benign/ISIC_4891233_640x480.jpg,train,benign,683,70.0,15872,0.0,-1,0
train_set/benign/ISIC_4893602_640x360.jpg,train,benign,4983,86.0,15878,2.0,-1,0
train_set/benign/ISIC_4894602_640x360.jpg,train,benign,2376,88.0,15882,6.0,-1,0
train_set/benign/ISIC_4894929_640x427.jpg,train,benign,7587,78.0,15885,4.0,-1,0
train_set/benign/ISIC_4895838_640x427.jpg,train,benign,9216,82.0,15887,2.0,-1,0
train_set/benign/ISIC_4897852_640x427.jpg,train,benign,6974,68.0,15892,4.0,-1,0
train_set/benign/ISIC_4901967_640x427.jpg,train,benign,763,94.0,15905,0.0,-1,0
train_set/benign/ISIC_4903900_640x360.jpg,train,benign,7375,78.0,15908,0.0,-1,0
train_set/benign/ISIC_4904912_640x360.jpg,train,benign,9003,84.0,15914,2.0,-1,0
train_set/benign/ISIC_4905088_640x480.jpg,train,benign,4391,84.0,15915,2.0,-1,0
train_set/benign/ISIC_4909462_320x480.jpg,train,benign,9069,94.0,15928,0.0,-1,0
train_set/benign/ISIC_4911407_640x360.jpg,train,benign,5491,82.0,15933,6.0,-1,0
train_set/benign/ISIC_4911852_640x480.jpg,train,benign,389,86.0,15934,2.0,-1,0
train_set/benign/ISIC_4915404_640x360.jpg,train,benign,2998,78.0,15940,6.0,-1,0
train_set/benign/ISIC_4918809_640x427.jpg,train,benign,527,90.0,15948,2.0,-1,0
train_set/benign/ISIC_4920148_640x360.jpg,train,benign,3645,88.0,15955,4.0,-1,0
train_set/benign/ISIC_4920166_640x360.jpg,train,benign,5121,64.0,15956,6.0,-1,0
train_set/benign/ISIC_4920999_640x480.jpg,train,benign,2548,72.0,15958,2.0,-1,0
train_set/benign/ISIC_4923095_640x360.jpg,train,benign,4449,76.0,15967,2.0,-1,0
train_set/benign/ISIC_4924365_640x427.jpg,train,benign,7922,82.0,15970,2.0,-1,0
train_set/benign/ISIC_4924690_640x360.jpg,train,benign,1286,86.0,15971,2.0,-1,0
train_set/benign/ISIC_4925442_640x480.jpg,train,benign,6359,84.0,15972,0.0,-1,0
train_set/benign/ISIC_4925631_640x427.jpg,train,benign,6032,82.0,15973,0.0,-1,0
train_set/benign/ISIC_4932000_640x360.jpg,train,benign,2355,86.0,16001,4.0,-1,0
train_set/benign/ISIC_4933150_640x360.jpg,train,benign,918,86.0,16006,2.0,-1,0
train_set/benign/ISIC_4933735_480x480.jpg,train,benign,4210,90.0,16010,2.0,-1,0
train_set/benign/ISIC_4936610_640x360.jpg,train,benign,1491,90.0,16013,2.0,-1,0
train_set/benign/ISIC_4938188_640x360.jpg,train,benign,4359,94.0,16019,2.0,-1,0
train_set/benign/ISIC_4938388_640x360.jpg,train,benign,2616,88.0,16021,4.0,-1,0
train_set/benign/ISIC_4938638_640x480.jpg,train,benign,5068,68.0,16022,4.0,-1,0
train_set/benign/ISIC_4939321_640x480.jpg,train,benign,3755,78.0,16025,2.0,-1,0
train_set/benign/ISIC_4939497_640x480.jpg,train,benign,1737,82.0,16026,2.0,-1,0
train_set/benign/ISIC_4940947_640x427.jpg,train,benign,316,80.0,16027,2.0,-1,0
train_set/benign/ISIC_4943234_640x480.jpg,train,benign,1734,86.0,16032,2.0,-1,0
train_set/benign/ISIC_4943237_640x360.jpg,train,benign,9447,64.0,16033,2.0,-1,0
train_set/benign/ISIC_4944556_640x360.jpg,train,benign,5092,90.0,16037,4.0,-1,0
train_set/benign/ISIC_4945245_640x360.jpg,train,benign,5292,92.0,16040,8.0,-1,0
train_set/benign/ISIC_4947205_640x427.jpg,train,benign,6824,72.0,16044,2.0,-1,0
train_set/benign/ISIC_4948093_640x427.jpg,train,benign,6996,76.0,16048,2.0,-1,0
train_set/benign/ISIC_4948341_640x478.jpg,train,benign,1588,82.0,16049,2.0,-1,0
train_set/benign/ISIC_4948642_640x480.jpg,train,benign,7158,68.0,16050,2.0,-1,0
train_set/benign/ISIC_4950321_640x427.jpg,train,benign,5037,72.0,16057,2.0,-1,0
train_set/benign/ISIC_4951557_640x480.jpg,train,benign,410,86.0,16062,4.0,-1,0
train_set/benign/ISIC_4952820_640x480.jpg,train,benign,6182,82.0,16066,2.0,-1,0
train_set/benign/ISIC_4953080_640x360.jpg,train,benign,7851,92.0,16067,4.0,-1,0
train_set/benign/ISIC_4956558_640x425.jpg,train,benign,1400,90.0,16076,0.0,-1,0
train_set/benign/ISIC_4956713_640x360.jpg,train,benign,232,94.0,16077,6.0,-1,0
train_set/benign/ISIC_4957985_640x427.jpg,train,benign,6451,90.0,16085,0.0,-1,0
train_set/benign/ISIC_4958006_640x427.jpg,train,benign,6874,66.0,16086,2.0,-1,0
train_set/benign/ISIC_4958578_640x360.jpg,train,benign,9006,80.0,16088,4.0,-1,0
train_set/benign/ISIC_4959937_640x427.jpg,train,benign,6683,74.0,16092,0.0,-1,0
train_set/benign/ISIC_4963111_640x360.jpg,train,benign,9876,86.0,16103,2.0,-1,0
train_set/benign/ISIC_4965795_640x427.jpg,train,benign,0,88.0,16115,2.0,-1,0
train_set/benign/ISIC_4966496_640x360.jpg,train,benign,977,82.0,16120,6.0,-1,0
train_set/benign/ISIC_4968388_640x425.jpg,train,benign,9325,76.0,16128,2.0,-1,0
train_set/benign/ISIC_4968536_480x480.jpg,train,benign,118,80.0,16129,2.0,-1,0
train_set/benign/ISIC_4968624_640x480.jpg,train,benign,848,88.0,16130,2.0,-1,0
train_set/benign/ISIC_4969249_640x360.jpg,train,benign,5772,80.0,16133,6.0,-1,0
train_set/benign/ISIC_4969320_640x427.jpg,train,benign,7438,62.0,16134,2.0,-1,0
train_set/benign/ISIC_4971047_640x480.jpg,train,benign,1115,90.0,16138,2.0,-1,0
train_set/benign/ISIC_4973203_640x425.jpg,train,benign,1328,82.0,16143,4.0,-1,0
train_set/benign/ISIC_4973282_640x427.jpg,train,benign,68,64.0,16144,2.0,-1,0
train_set/benign/ISIC_4975454_640x427.jpg,train,benign,7111,54.0,16152,0.0,-1,0
train_set/benign/ISIC_4975949_640x360.jpg,train,benign,1223,90.0,16155,6.0,-1,0
train_set/benign/ISIC_4976513_640x360.jpg,train,benign,8978,90.0,16157,4.0,-1,0
train_set/benign/ISIC_4977119_640x360.jpg,train,benign,1929,86.0,16158,4.0,-1,0
train_set/benign/ISIC_4978829_640x480.jpg,train,benign,9615,80.0,16164,4.0,-1,0
train_set/benign/ISIC_4979909_640x480.jpg,train,benign,149,78.0,16169,2.0,-1,0
train_set/benign/ISIC_4980328_640x427.jpg,train,benign,220,86.0,16171,2.0,-1,0
train_set/benign/ISIC_4984688_640x480.jpg,train,benign,1683,84.0,16184,4.0,-1,0
train_set/benign/ISIC_4986933_640x427.jpg,train,benign,7229,84.0,16192,2.0,-1,0
train_set/benign/ISIC_4987473_640x427.jpg,train,benign,2443,42.0,16194,2.0,-1,0
train_set/benign/ISIC_4989914_640x427.jpg,train,benign,5121,72.0,16197,2.0,-1,0
train_set/benign/ISIC_4992109_640x480.jpg,train,benign,8934,86.0,16201,2.0,-1,0
train_set/benign/ISIC_4993799_640x427.jpg,train,benign,5676,72.0,16206,2.0,-1,0
train_set/benign/ISIC_4994072_640x480.jpg,train,benign,6195,64.0,16207,2.0,-1,0
train_set/benign/ISIC_4994445_640x480.jpg,train,benign,7886,90.0,16208,0.0,-1,0
train_set/benign/ISIC_4998826_640x427.jpg,train,benign,1254,68.0,16218,2.0,-1,0
train_set/benign/ISIC_5000359_640x360.jpg,train,benign,4135,84.0,16219,6.0,-1,0
train_set/benign/ISIC_5000531_640x360.jpg,train,benign,7952,86.0,16220,2.0,-1,0
train_set/benign/ISIC_5003226_640x427.jpg,train,benign,2243,88.0,16232,2.0,-1,0
train_set/benign/ISIC_5003391_640x360.jpg,train,benign,2557,82.0,16233,4.0,-1,0
train_set/benign/ISIC_5006118_640x427.jpg,train,benign,2642,80.0,4285,4.0,-1,0
train_set/benign/ISIC_5006877_640x427.jpg,train,benign,7335,74.0,16250,4.0,-1,0
train_set/benign/ISIC_5008399_640x360.jpg,train,benign,5026,80.0,16252,6.0,-1,0
train_set/benign/ISIC_5008478_640x360.jpg,train,benign,7431,78.0,16253,4.0,-1,0
train_set/benign/ISIC_5011331_640x360.jpg,train,benign,2948,74.0,16260,4.0,-1,0
train_set/benign/ISIC_5011531_640x427.jpg,train,benign,9491,78.0,16261,2.0,-1,0
train_set/benign/ISIC_5012067_640x360.jpg,train,benign,3467,92.0,16263,2.0,-1,0
train_set/benign/ISIC_5012435_640x427.jpg,train,benign,2443,62.0,16264,2.0,-1,0
train_set/benign/ISIC_5013558_640x427.jpg,train,benign,7776,84.0,16267,4.0,-1,0
train_set/benign/ISIC_5015081_640x480.jpg,train,benign,8382,86.0,16272,2.0,-1,0
train_set/benign/ISIC_5015378_640x427.jpg,train,benign,9151,76.0,16273,2.0,-1,0
train_set/benign/ISIC_5017874_640x360.jpg,train,benign,2389,78.0,16277,4.0,-1,0
train_set/benign/ISIC_5019268_640x427.jpg,train,benign,8789,90.0,16283,0.0,-1,0
train_set/benign/ISIC_5021938_640x427.jpg,train,benign,9265,34.0,16287,2.0,-1,0
train_set/benign/ISIC_5022895_640x425.jpg,train,benign,1492,84.0,16291,0.0,-1,0
train_set/benign/ISIC_5025675_640x427.jpg,train,benign,7266,82.0,16295,2.0,-1,0
train_set/benign/ISIC_5029669_640x360.jpg,train,benign,2400,86.0,16309,2.0,-1,0
train_set/benign/ISIC_5030416_640x427.jpg,train,benign,1800,84.0,16314,2.0,-1,0
train_set/benign/ISIC_5031252_640x360.jpg,train,benign,6584,86.0,16316,2.0,-1,0
train_set/benign/ISIC_5032060_640x360.jpg,train,benign,6729,80.0,16320,8.0,-1,0
train_set/benign/ISIC_5033906_640x427.jpg,train,benign,7587,74.0,16325,2.0,-1,0
train_set/benign/ISIC_5034304_640x360.jpg,train,benign,3010,84.0,16327,4.0,-1,0
train_set/benign/ISIC_5043090_640x427.jpg,train,benign,8254,92.0,16357,0.0,-1,0
train_set/benign/ISIC_5043996_640x360.jpg,train,benign,5616,94.0,16359,2.0,-1,0
train_set/benign/ISIC_5044765_640x427.jpg,train,benign,845,92.0,16366,4.0,-1,0
train_set/benign/ISIC_5044766_640x360.jpg,train,benign,8836,64.0,16367,6.0,-1,0
train_set/benign/ISIC_5045173_640x360.jpg,train,benign,3774,86.0,16369,6.0,-1,0
train_set/benign/ISIC_5047862_640x427.jpg,train,benign,8866,86.0,16378,2.0,-1,0
train_set/benign/ISIC_5047962_640x480.jpg,train,benign,7322,86.0,16381,2.0,-1,0
train_set/benign/ISIC_5050669_640x427.jpg,train,benign,6909,58.0,16388,2.0,-1,0
train_set/benign/ISIC_5051449_640x360.jpg,train,benign,3080,90.0,16390,2.0,-1,0
train_set/benign/ISIC_5051632_640x360.jpg,train,benign,1522,90.0,16391,4.0,-1,0
train_set/benign/ISIC_5054317_640x427.jpg,train,benign,519,88.0,16398,0.0,-1,0
train_set/benign/ISIC_5055871_640x427.jpg,train,benign,9066,68.0,16401,2.0,-1,0
train_set/benign/ISIC_5058120_640x480.jpg,train,benign,8775,84.0,16408,2.0,-1,0
train_set/benign/ISIC_5059640_640x360.jpg,train,benign,2408,82.0,16415,6.0,-1,0
train_set/benign/ISIC_5064969_640x480.jpg,train,benign,7820,90.0,16428,0.0,-1,0
train_set/benign/ISIC_5066267_640x360.jpg,train,benign,1840,94.0,16433,4.0,-1,0
train_set/benign/ISIC_5066548_640x480.jpg,train,benign,8575,86.0,16435,0.0,-1,0
train_set/benign/ISIC_5066849_640x427.jpg,train,benign,1679,96.0,16436,2.0,-1,0
train_set/benign/ISIC_5068221_640x360.jpg,train,benign,5381,88.0,16438,0.0,-1,0
train_set/benign/ISIC_5069034_640x427.jpg,train,benign,1246,90.0,16440,2.0,-1,0
train_set/benign/ISIC_5069688_640x360.jpg,train,benign,6784,88.0,16443,2.0,-1,0
train_set/benign/ISIC_5069780_640x480.jpg,train,benign,2266,76.0,16446,2.0,-1,0
train_set/benign/ISIC_5071046_640x427.jpg,train,benign,4443,90.0,16452,0.0,-1,0
train_set/benign/ISIC_5072049_640x360.jpg,train,benign,9064,70.0,16456,2.0,-1,0
train_set/benign/ISIC_5073160_640x360.jpg,train,benign,4399,84.0,16461,0.0,-1,0
train_set/benign/ISIC_5073847_640x427.jpg,train,benign,8949,48.0,16463,0.0,-1,0
train_set/benign/ISIC_5075202_640x360.jpg,train,benign,8706,74.0,16470,2.0,-1,0
train_set/benign/ISIC_5081382_640x360.jpg,train,benign,7137,78.0,16486,6.0,-1,0
train_set/benign/ISIC_5082615_640x360.jpg,train,benign,6941,92.0,16489,2.0,-1,0
train_set/benign/ISIC_5084654_640x427.jpg,train,benign,7565,82.0,16495,0.0,-1,0
train_set/benign/ISIC_5084661_640x427.jpg,train,benign,6909,66.0,16496,0.0,-1,0
train_set/benign/ISIC_5087331_640x427.jpg,train,benign,8894,72.0,16505,2.0,-1,0
train_set/benign/ISIC_5087951_640x427.jpg,train,benign,7244,60.0,16507,4.0,-1,0
train_set/benign/ISIC_5090724_640x360.jpg,train,benign,760,90.0,16511,4.0,-1,0
train_set/benign/ISIC_5098778_640x360.jpg,train,benign,7597,86.0,16542,2.0,-1,0
train_set/benign/ISIC_5100134_640x360.jpg,train,benign,6389,88.0,16547,0.0,-1,0
train_set/benign/ISIC_5102688_640x427.jpg,train,benign,7497,74.0,16554,2.0,-1,0
train_set/benign/ISIC_5104054_640x360.jpg,train,benign,6886,88.0,16561,8.0,-1,0
train_set/benign/ISIC_5106102_640x360.jpg,train,benign,4054,84.0,16567,6.0,-1,0
train_set/benign/ISIC_5110505_640x360.jpg,train,benign,5775,66.0,16586,2.0,-1,0
train_set/benign/ISIC_5111521_640x360.jpg,train,benign,1475,86.0,16589,2.0,-1,0
train_set/benign/ISIC_5112931_640x480.jpg,train,benign,3763,82.0,16593,2.0,-1,0
train_set/benign/ISIC_5115473_640x360.jpg,train,benign,3658,90.0,16600,4.0,-1,0
train_set/benign/ISIC_5118536_640x427.jpg,train,benign,9198,70.0,16606,2.0,-1,0
train_set/benign/ISIC_5119949_640x427.jpg,train,benign,9265,32.0,16612,6.0,-1,0
train_set/benign/ISIC_5123366_640x360.jpg,train,benign,1332,82.0,16625,2.0,-1,0
train_set/benign/ISIC_5125438_640x427.jpg,train,benign,6895,76.0,16633,0.0,-1,0
train_set/benign/ISIC_5128216_640x360.jpg,train,benign,6747,86.0,16638,4.0,-1,0
train_set/benign/ISIC_5128589_640x427.jpg,train,benign,2265,68.0,16640,4.0,-1,0
train_set/benign/ISIC_5128793_640x480.jpg,train,benign,7186,82.0,16641,0.0,-1,0
train_set/benign/ISIC_5130916_640x360.jpg,train,benign,5673,82.0,16646,2.0,-1,0
train_set/benign/ISIC_5132214_640x360.jpg,train,benign,7913,70.0,16654,4.0,-1,0
train_set/benign/ISIC_5134862_640x360.jpg,train,benign,3321,92.0,16662,6.0,-1,0
train_set/benign/ISIC_5135858_640x427.jpg,train,benign,8894,70.0,16665,2.0,-1,0
train_set/benign/ISIC_5136151_640x360.jpg,train,benign,4866,92.0,16666,2.0,-1,0
train_set/benign/ISIC_5136612_640x425.jpg,train,benign,2583,78.0,16668,2.0,-1,0
train_set/benign/ISIC_5138700_640x427.jpg,train,benign,6078,92.0,16674,2.0,-1,0
train_set/benign/ISIC_5141844_640x427.jpg,train,benign,2437,76.0,16679,2.0,-1,0
train_set/benign/ISIC_5143697_640x360.jpg,train,benign,5431,94.0,16687,4.0,-1,0
train_set/benign/ISIC_5143786_640x427.jpg,train,benign,4029,88.0,16688,0.0,-1,0
train_set/benign/ISIC_5145651_640x427.jpg,train,benign,1211,76.0,16699,0.0,-1,0
train_set/benign/ISIC_5147346_640x360.jpg,train,benign,8934,76.0,16704,2.0,-1,0
train_set/benign/ISIC_5148638_640x360.jpg,train,benign,8129,90.0,16709,2.0,-1,0
train_set/benign/ISIC_5149397_640x360.jpg,train,benign,1076,92.0,16716,2.0,-1,0
train_set/benign/ISIC_5151428_640x480.jpg,train,benign,6540,88.0,16725,2.0,-1,0
train_set/benign/ISIC_5157962_640x360.jpg,train,benign,2454,78.0,16741,2.0,-1,0
train_set/benign/ISIC_5164416_640x360.jpg,train,benign,1283,88.0,16761,2.0,-1,0
train_set/benign/ISIC_5168050_640x427.jpg,train,benign,9091,72.0,16775,6.0,-1,0
train_set/benign/ISIC_5170821_640x360.jpg,train,benign,6892,88.0,16786,2.0,-1,0
train_set/benign/ISIC_5173984_640x480.jpg,train,benign,432,88.0,16793,4.0,-1,0
train_set/benign/ISIC_5174685_640x480.jpg,train,benign,7831,76.0,16798,2.0,-1,0
train_set/benign/ISIC_5175471_640x360.jpg,train,benign,8352,84.0,16799,4.0,-1,0
train_set/benign/ISIC_5175564_640x360.jpg,train,benign,2455,78.0,16800,2.0,-1,0
train_set/benign/ISIC_5179742_480x480.jpg,train,benign,4995,88.0,16816,4.0,-1,0
train_set/benign/ISIC_5182084_640x480.jpg,train,benign,2816,88.0,16823,0.0,-1,0
train_set/benign/ISIC_5182148_640x427.jpg,train,benign,8924,62.0,16824,4.0,-1,0
train_set/benign/ISIC_5182592_640x427.jpg,train,benign,7768,74.0,16827,2.0,-1,0
train_set/benign/ISIC_5182725_640x480.jpg,train,benign,3534,78.0,16828,2.0,-1,0
train_set/benign/ISIC_5182820_640x480.jpg,train,benign,1126,86.0,16829,2.0,-1,0
train_set/benign/ISIC_5182841_640x480.jpg,train,benign,1615,90.0,16830,2.0,-1,0
train_set/benign/ISIC_5185580_640x478.jpg,train,benign,7569,90.0,16836,2.0,-1,0
train_set/benign/ISIC_5189688_640x427.jpg,train,benign,6962,82.0,16845,4.0,-1,0
train_set/benign/ISIC_5193810_640x360.jpg,train,benign,4678,88.0,16864,2.0,-1,0
train_set/benign/ISIC_5194345_640x480.jpg,train,benign,1387,80.0,16868,2.0,-1,0
train_set/benign/ISIC_5195360_640x360.jpg,train,benign,662,68.0,16871,4.0,-1,0
train_set/benign/ISIC_5195680_640x480.jpg,train,benign,4800,88.0,16873,0.0,-1,0
train_set/benign/ISIC_5196052_640x360.jpg,train,benign,6038,80.0,16876,2.0,-1,0
train_set/benign/ISIC_5196781_640x427.jpg,train,benign,5571,68.0,16879,4.0,-1,0
train_set/benign/ISIC_5198817_640x360.jpg,train,benign,1321,92.0,16888,4.0,-1,0
train_set/benign/ISIC_5198847_640x360.jpg,train,benign,3975,90.0,16889,2.0,-1,0
train_set/benign/ISIC_5199342_640x360.jpg,train,benign,3551,78.0,16892,2.0,-1,0
train_set/benign/ISIC_5199497_640x427.jpg,train,benign,5903,74.0,16893,6.0,-1,0
train_set/benign/ISIC_5202944_640x427.jpg,train,benign,7438,84.0,16901,0.0,-1,0
train_set/benign/ISIC_5204245_640x427.jpg,train,benign,593,92.0,16908,4.0,-1,0
train_set/benign/ISIC_5204796_640x480.jpg,train,benign,1924,92.0,16910,0.0,-1,0
train_set/benign/ISIC_5205468_640x427.jpg,train,benign,8516,66.0,16915,4.0,-1,0
train_set/benign/ISIC_5208069_640x478.jpg,train,benign,7,80.0,16922,2.0,-1,0
train_set/benign/ISIC_5208090_640x360.jpg,train,benign,2183,82.0,16923,0.0,-1,0
train_set/benign/ISIC_5210063_640x360.jpg,train,benign,7163,86.0,16934,0.0,-1,0
train_set/benign/ISIC_5211080_640x360.jpg,train,benign,1972,88.0,16938,2.0,-1,0
train_set/benign/ISIC_5213224_640x480.jpg,train,benign,2616,84.0,16941,0.0,-1,0
train_set/benign/ISIC_5214247_640x478.jpg,train,benign,8777,64.0,16945,0.0,-1,0
train_set/benign/ISIC_5214779_640x427.jpg,train,benign,9207,76.0,16946,6.0,-1,0
train_set/benign/ISIC_5215191_640x427.jpg,train,benign,4679,76.0,16947,4.0,-1,0
train_set/benign/ISIC_5219334_640x360.jpg,train,benign,1445,80.0,16958,6.0,-1,0
train_set/benign/ISIC_5219569_640x427.jpg,train,benign,7856,74.0,16959,4.0,-1,0
train_set/benign/ISIC_5219705_640x360.jpg,train,benign,7425,86.0,16960,2.0,-1,0
train_set/benign/ISIC_5220580_640x427.jpg,train,benign,9200,54.0,16964,0.0,-1,0
train_set/benign/ISIC_5221422_640x427.jpg,train,benign,5063,88.0,16969,2.0,-1,0
train_set/benign/ISIC_5225090_640x480.jpg,train,benign,5008,84.0,16981,0.0,-1,0
train_set/benign/ISIC_5225928_640x360.jpg,train,benign,8165,82.0,16987,10.0,-1,0
train_set/benign/ISIC_5226159_640x360.jpg,train,benign,7870,84.0,16989,2.0,-1,0
train_set/benign/ISIC_5226275_640x360.jpg,train,benign,1250,78.0,16990,2.0,-1,0
train_set/benign/ISIC_5226371_640x427.jpg,train,benign,8840,58.0,16992,0.0,-1,0
train_set/benign/ISIC_5229249_640x480.jpg,train,benign,4412,90.0,16998,2.0,-1,0
train_set/benign/ISIC_5230385_640x360.jpg,train,benign,6849,92.0,17003,2.0,-1,0
train_set/benign/ISIC_5233643_640x360.jpg,train,benign,699,94.0,17013,6.0,-1,0
train_set/benign/ISIC_5233769_640x478.jpg,train,benign,6962,68.0,17014,2.0,-1,0
train_set/benign/ISIC_5234835_640x427.jpg,train,benign,9090,66.0,17018,4.0,-1,0
train_set/benign/ISIC_5235229_640x427.jpg,train,benign,2621,90.0,17021,0.0,-1,0
train_set/benign/ISIC_5235744_640x360.jpg,train,benign,911,86.0,17024,2.0,-1,0
train_set/benign/ISIC_5236233_640x427.jpg,train,benign,2568,88.0,17025,0.0,-1,0
train_set/benign/ISIC_5237946_640x427.jpg,train,benign,8840,50.0,17029,2.0,-1,0
train_set/benign/ISIC_5238910_640x478.jpg,train,benign,2583,72.0,17033,2.0,-1,0
train_set/benign/ISIC_5239856_640x360.jpg,train,benign,8509,78.0,17037,0.0,-1,0
train_set/benign/ISIC_5241475_640x427.jpg,train,benign,8740,72.0,17043,4.0,-1,0
train_set/benign/ISIC_5247102_640x427.jpg,train,benign,6746,82.0,17054,2.0,-1,0
train_set/benign/ISIC_5248304_640x480.jpg,train,benign,5391,66.0,17059,0.0,-1,0
train_set/benign/ISIC_5249665_640x478.jpg,train,benign,7266,84.0,17062,2.0,-1,0
train_set/benign/ISIC_5250954_640x427.jpg,train,benign,1211,84.0,17065,2.0,-1,0
train_set/benign/ISIC_5251729_640x360.jpg,train,benign,9443,76.0,17069,4.0,-1,0
train_set/benign/ISIC_5251830_640x478.jpg,train,benign,1450,88.0,17070,4.0,-1,0
train_set/benign/ISIC_5252709_640x360.jpg,train,benign,6376,86.0,17074,2.0,-1,0
train_set/benign/ISIC_5253954_640x480.jpg,train,benign,9038,74.0,17076,0.0,-1,0
train_set/benign/ISIC_5254894_640x360.jpg,train,benign,9601,82.0,17079,2.0,-1,0
train_set/benign/ISIC_5254982_640x480.jpg,train,benign,2644,86.0,17080,2.0,-1,0
train_set/benign/ISIC_5255347_640x360.jpg,train,benign,3656,88.0,17083,0.0,-1,0
train_set/benign/ISIC_5258551_640x360.jpg,train,benign,1164,92.0,17090,0.0,-1,0
train_set/benign/ISIC_5260098_640x480.jpg,train,benign,1990,88.0,17097,0.0,-1,0
train_set/benign/ISIC_5263419_640x360.jpg,train,benign,9119,78.0,17102,4.0,-1,0
train_set/benign/ISIC_5264153_640x360.jpg,train,benign,383,92.0,17106,4.0,-1,0
train_set/benign/ISIC_5265873_640x427.jpg,train,benign,1649,72.0,17111,0.0,-1,0
train_set/benign/ISIC_5266650_640x427.jpg,train,benign,168,88.0,17112,2.0,-1,0
train_set/benign/ISIC_5271496_640x360.jpg,train,benign,9501,90.0,17128,8.0,-1,0
train_set/benign/ISIC_5272837_640x480.jpg,train,benign,8609,64.0,17136,0.0,-1,0
train_set/benign/ISIC_5273029_640x360.jpg,train,benign,6997,82.0,17138,4.0,-1,0
train_set/benign/ISIC_5275138_640x427.jpg,train,benign,804,90.0,17144,6.0,-1,0
train_set/benign/ISIC_5278649_640x360.jpg,train,benign,734,88.0,17148,2.0,-1,0
train_set/benign/ISIC_5278844_640x360.jpg,train,benign,869,82.0,17149,4.0,-1,0
train_set/benign/ISIC_5280356_640x360.jpg,train,benign,2476,86.0,17153,6.0,-1,0
train_set/benign/ISIC_5281485_640x360.jpg,train,benign,4995,82.0,17156,6.0,-1,0
train_set/benign/ISIC_5281630_640x480.jpg,train,benign,2481,90.0,17159,2.0,-1,0
train_set/benign/ISIC_5283150_640x427.jpg,train,benign,800,82.0,17166,8.0,-1,0
train_set/benign/ISIC_5283412_640x360.jpg,train,benign,6631,86.0,17168,2.0,-1,0
train_set/benign/ISIC_5283467_640x360.jpg,train,benign,50,80.0,17169,8.0,-1,0
train_set/benign/ISIC_5284718_640x360.jpg,train,benign,3871,68.0,17173,0.0,-1,0
train_set/benign/ISIC_5284935_640x480.jpg,train,benign,2266,82.0,17174,4.0,-1,0
train_set/benign/ISIC_5286203_640x427.jpg,train,benign,9205,74.0,17176,0.0,-1,0
train_set/benign/ISIC_5287748_640x427.jpg,train,benign,2416,76.0,17179,2.0,-1,0
train_set/benign/ISIC_5289026_640x480.jpg,train,benign,3125,80.0,17182,2.0,-1,0
train_set/benign/ISIC_5292936_640x360.jpg,train,benign,9828,74.0,17193,4.0,-1,0
train_set/benign/ISIC_5294396_640x480.jpg,train,benign,2627,92.0,17196,2.0,-1,0
train_set/benign/ISIC_5296786_640x360.jpg,train,benign,9443,82.0,17201,4.0,-1,0
train_set/benign/ISIC_5297202_640x360.jpg,train,benign,9084,70.0,17205,2.0,-1,0
train_set/benign/ISIC_5300278_640x427.jpg,train,benign,2901,78.0,8834,0.0,-1,0
train_set/benign/ISIC_5300455_640x360.jpg,train,benign,4422,84.0,17213,2.0,-1,0
train_set/benign/ISIC_5300774_640x360.jpg,train,benign,4811,82.0,17214,4.0,-1,0
train_set/benign/ISIC_5301938_640x360.jpg,train,benign,5447,88.0,17218,2.0,-1,0
train_set/benign/ISIC_5302483_640x360.jpg,train,benign,6551,86.0,17224,2.0,-1,0
train_set/benign/ISIC_5303641_640x360.jpg,train,benign,332,86.0,17227,4.0,-1,0
train_set/benign/ISIC_5303717_640x427.jpg,train,benign,7912,84.0,17228,2.0,-1,0
train_set/benign/ISIC_5310011_640x360.jpg,train,benign,4688,84.0,17252,4.0,-1,0
train_set/benign/ISIC_5315181_640x427.jpg,train,benign,1109,86.0,17275,4.0,-1,0
train_set/benign/ISIC_5317971_640x360.jpg,train,benign,9408,68.0,17282,6.0,-1,0
train_set/benign/ISIC_5322232_640x360.jpg,train,benign,4499,92.0,17304,2.0,-1,0
train_set/benign/ISIC_5323653_640x427.jpg,train,benign,9110,82.0,17306,2.0,-1,0
train_set/benign/ISIC_5326654_640x427.jpg,train,benign,4309,82.0,17320,2.0,-1,0
train_set/benign/ISIC_5327658_640x360.jpg,train,benign,3183,88.0,17324,4.0,-1,0
train_set/benign/ISIC_5329156_640x360.jpg,train,benign,5575,88.0,17327,4.0,-1,0
train_set/benign/ISIC_5329772_640x427.jpg,train,benign,8744,86.0,17328,2.0,-1,0
train_set/benign/ISIC_5329981_640x427.jpg,train,benign,797,88.0,17329,0.0,-1,0
train_set/benign/ISIC_5330325_640x427.jpg,train,benign,9246,74.0,17330,4.0,-1,0
train_set/benign/ISIC_5332814_640x427.jpg,train,benign,2620,86.0,17339,2.0,-1,0
train_set/benign/ISIC_5333356_640x427.jpg,train,benign,1167,78.0,17342,2.0,-1,0
train_set/benign/ISIC_5335049_640x480.jpg,train,benign,3125,86.0,17345,4.0,-1,0
train_set/benign/ISIC_5335139_640x425.jpg,train,benign,9038,82.0,17346,2.0,-1,0
train_set/benign/ISIC_5338510_640x480.jpg,train,benign,7473,92.0,17357,0.0,-1,0
train_set/benign/ISIC_5340815_640x427.jpg,train,benign,9653,66.0,17364,2.0,-1,0
train_set/benign/ISIC_5341021_640x360.jpg,train,benign,4527,88.0,17366,0.0,-1,0
train_set/benign/ISIC_5346936_640x480.jpg,train,benign,7227,84.0,17383,2.0,-1,0
train_set/benign/ISIC_5349456_640x360.jpg,train,benign,7923,86.0,17390,4.0,-1,0
train_set/benign/ISIC_5350198_640x480.jpg,train,benign,4540,92.0,17394,2.0,-1,0
train_set/benign/ISIC_5351400_640x480.jpg,train,benign,2579,88.0,17398,0.0,-1,0
train_set/benign/ISIC_5353986_640x427.jpg,train,benign,1644,80.0,17406,0.0,-1,0
train_set/benign/ISIC_5354202_640x478.jpg,train,benign,7700,82.0,17407,2.0,-1,0
train_set/benign/ISIC_5357067_640x427.jpg,train,benign,9828,60.0,17414,0.0,-1,0
train_set/benign/ISIC_5357288_640x480.jpg,train,benign,1219,86.0,17416,2.0,-1,0
train_set/benign/ISIC_5358421_640x360.jpg,train,benign,8231,88.0,17424,0.0,-1,0
train_set/benign/ISIC_5358662_640x360.jpg,train,benign,7309,86.0,17427,2.0,-1,0
train_set/benign/ISIC_5360115_640x480.jpg,train,benign,2806,88.0,17436,0.0,-1,0
train_set/benign/ISIC_5361285_640x427.jpg,train,benign,118,62.0,17441,4.0,-1,0
train_set/benign/ISIC_5361343_640x480.jpg,train,benign,2997,86.0,17442,4.0,-1,0
train_set/benign/ISIC_5362188_640x480.jpg,train,benign,8859,78.0,17448,0.0,-1,0
train_set/benign/ISIC_5362760_640x427.jpg,train,benign,9623,78.0,17450,2.0,-1,0
train_set/benign/ISIC_5363585_640x360.jpg,train,benign,4786,90.0,17454,6.0,-1,0
train_set/benign/ISIC_5365145_640x360.jpg,train,benign,4961,92.0,17460,2.0,-1,0
train_set/benign/ISIC_5367277_640x480.jpg,train,benign,3239,86.0,17469,2.0,-1,0
train_set/benign/ISIC_5368272_640x360.jpg,train,benign,4597,72.0,17471,2.0,-1,0
train_set/benign/ISIC_5368668_640x360.jpg,train,benign,5923,82.0,17473,2.0,-1,0
train_set/benign/ISIC_5368880_640x360.jpg,train,benign,4125,88.0,17474,0.0,-1,0
train_set/benign/ISIC_5370599_640x425.jpg,train,benign,689,84.0,17478,2.0,-1,0
train_set/benign/ISIC_5373239_640x480.jpg,train,benign,392,92.0,17483,2.0,-1,0
train_set/benign/ISIC_5373353_640x427.jpg,train,benign,2392,76.0,17484,4.0,-1,0
train_set/benign/ISIC_5376036_640x427.jpg,train,benign,6979,82.0,17487,2.0,-1,0
train_set/benign/ISIC_5376141_640x427.jpg,train,benign,7951,86.0,17488,2.0,-1,0
train_set/benign/ISIC_5377148_640x427.jpg,train,benign,5501,86.0,17489,4.0,-1,0
train_set/benign/ISIC_5380326_640x360.jpg,train,benign,1649,84.0,17502,2.0,-1,0
train_set/benign/ISIC_5386694_640x427.jpg,train,benign,8889,76.0,17523,2.0,-1,0
train_set/benign/ISIC_5389831_640x427.jpg,train,benign,9495,74.0,17538,0.0,-1,0
train_set/benign/ISIC_5390565_640x427.jpg,train,benign,8571,86.0,17540,0.0,-1,0
train_set/benign/ISIC_5392994_640x480.jpg,train,benign,8949,68.0,17548,4.0,-1,0
train_set/benign/ISIC_5393011_640x427.jpg,train,benign,6882,66.0,17549,2.0,-1,0
train_set/benign/ISIC_5393017_640x360.jpg,train,benign,2991,78.0,17550,2.0,-1,0
train_set/benign/ISIC_5393557_640x427.jpg,train,benign,8775,66.0,17554,2.0,-1,0
train_set/benign/ISIC_5393919_640x360.jpg,train,benign,4976,82.0,17556,2.0,-1,0
train_set/benign/ISIC_5396264_640x425.jpg,train,benign,7485,86.0,17561,4.0,-1,0
train_set/benign/ISIC_5396321_640x360.jpg,train,benign,1801,82.0,17562,4.0,-1,0
train_set/benign/ISIC_5397779_640x360.jpg,train,benign,5227,84.0,17569,4.0,-1,0
train_set/benign/ISIC_5399478_640x480.jpg,train,benign,5075,80.0,17574,0.0,-1,0
train_set/benign/ISIC_5400113_640x427.jpg,train,benign,495,84.0,17578,2.0,-1,0
train_set/benign/ISIC_5402119_640x425.jpg,train,benign,1170,82.0,17586,0.0,-1,0
train_set/benign/ISIC_5405889_640x427.jpg,train,benign,662,84.0,17594,2.0,-1,0
train_set/benign/ISIC_5408967_640x427.jpg,train,benign,5769,86.0,17612,0.0,-1,0
train_set/benign/ISIC_5409681_640x360.jpg,train,benign,5982,82.0,17615,2.0,-1,0
train_set/benign/ISIC_5410512_640x360.jpg,train,benign,7920,86.0,17625,0.0,-1,0
train_set/benign/ISIC_5416567_640x360.jpg,train,benign,1285,74.0,17644,2.0,-1,0
train_set/benign/ISIC_5416978_640x427.jpg,train,benign,6739,80.0,17646,2.0,-1,0
train_set/benign/ISIC_5418861_640x360.jpg,train,benign,255,86.0,17654,4.0,-1,0
train_set/benign/ISIC_5422123_640x427.jpg,train,benign,7356,60.0,17661,2.0,-1,0
train_set/benign/ISIC_5423398_640x427.jpg,train,benign,4656,90.0,17665,2.0,-1,0
train_set/benign/ISIC_5425741_640x360.jpg,train,benign,2003,86.0,17672,4.0,-1,0
train_set/benign/ISIC_5427407_640x360.jpg,train,benign,1480,74.0,17675,4.0,-1,0
train_set/benign/ISIC_5428274_640x480.jpg,train,benign,8853,86.0,17677,4.0,-1,0
train_set/benign/ISIC_5429020_640x360.jpg,train,benign,906,88.0,17680,2.0,-1,0
train_set/benign/ISIC_5432419_640x360.jpg,train,benign,4518,86.0,17685,4.0,-1,0
train_set/benign/ISIC_5433087_640x427.jpg,train,benign,75,56.0,17689,4.0,-1,0
train_set/benign/ISIC_5438156_640x360.jpg,train,benign,1317,84.0,17710,6.0,-1,0
train_set/benign/ISIC_5441990_640x480.jpg,train,benign,9599,86.0,17721,0.0,-1,0
train_set/benign/ISIC_5449507_640x360.jpg,train,benign,7020,84.0,17747,2.0,-1,0
train_set/benign/ISIC_5449822_640x360.jpg,train,benign,9419,86.0,17749,8.0,-1,0
train_set/benign/ISIC_5452119_640x480.jpg,train,benign,8678,80.0,17755,6.0,-1,0
train_set/benign/ISIC_5452648_640x480.jpg,train,benign,5006,82.0,17756,0.0,-1,0
train_set/benign/ISIC_5455568_640x480.jpg,train,benign,3498,72.0,17763,2.0,-1,0
train_set/benign/ISIC_5457705_640x360.jpg,train,benign,5455,74.0,17768,2.0,-1,0
train_set/benign/ISIC_5458290_640x427.jpg,train,benign,1288,72.0,17773,4.0,-1,0
train_set/benign/ISIC_5459256_640x425.jpg,train,benign,7106,88.0,17778,2.0,-1,0
train_set/benign/ISIC_5459795_640x480.jpg,train,benign,4590,86.0,17779,2.0,-1,0
train_set/benign/ISIC_5463111_640x360.jpg,train,benign,340,86.0,17785,2.0,-1,0
train_set/benign/ISIC_5463880_640x480.jpg,train,benign,6676,86.0,17786,2.0,-1,0
train_set/benign/ISIC_5464206_640x480.jpg,train,benign,7012,88.0,17787,2.0,-1,0
train_set/benign/ISIC_5467356_640x427.jpg,train,benign,5175,84.0,17796,0.0,-1,0
train_set/benign/ISIC_5467728_640x480.jpg,train,benign,7399,74.0,17798,0.0,-1,0
train_set/benign/ISIC_5469457_640x480.jpg,train,benign,7922,80.0,17804,2.0,-1,0
train_set/benign/ISIC_5474398_640x360.jpg,train,benign,2660,90.0,17818,4.0,-1,0
train_set/benign/ISIC_5474923_640x480.jpg,train,benign,7116,84.0,17821,2.0,-1,0
train_set/benign/ISIC_5475423_640x480.jpg,train,benign,1974,78.0,17822,2.0,-1,0
train_set/benign/ISIC_5476770_640x427.jpg,train,benign,8798,90.0,17827,0.0,-1,0
train_set/benign/ISIC_5477838_640x427.jpg,train,benign,327,90.0,17830,0.0,-1,0
train_set/benign/ISIC_5479774_640x360.jpg,train,benign,6043,90.0,17835,6.0,-1,0
train_set/benign/ISIC_5481673_640x480.jpg,train,benign,8538,88.0,17838,0.0,-1,0
train_set/benign/ISIC_5482805_640x427.jpg,train,benign,7431,82.0,17842,0.0,-1,0
train_set/benign/ISIC_5482819_640x427.jpg,train,benign,7545,64.0,17843,2.0,-1,0
train_set/benign/ISIC_5484046_640x360.jpg,train,benign,9445,86.0,17848,2.0,-1,0
train_set/benign/ISIC_5484573_640x360.jpg,train,benign,3037,94.0,17853,0.0,-1,0
train_set/benign/ISIC_5484855_640x427.jpg,train,benign,9575,80.0,17854,2.0,-1,0
train_set/benign/ISIC_5485674_640x360.jpg,train,benign,8860,74.0,17861,4.0,-1,0
train_set/benign/ISIC_5490004_640x478.jpg,train,benign,7515,66.0,17871,2.0,-1,0
train_set/benign/ISIC_5490352_640x360.jpg,train,benign,1285,62.0,17874,2.0,-1,0
train_set/benign/ISIC_5491407_640x427.jpg,train,benign,8501,74.0,17877,4.0,-1,0
train_set/benign/ISIC_5491443_640x427.jpg,train,benign,6575,94.0,17878,2.0,-1,0
train_set/benign/ISIC_5491867_640x480.jpg,train,benign,1105,90.0,17881,2.0,-1,0
train_set/benign/ISIC_5492174_640x427.jpg,train,benign,1790,70.0,17883,4.0,-1,0
train_set/benign/ISIC_5495397_640x427.jpg,train,benign,3005,74.0,17890,0.0,-1,0
train_set/benign/ISIC_5495649_640x360.jpg,train,benign,1938,84.0,17893,4.0,-1,0
train_set/benign/ISIC_5497457_640x360.jpg,train,benign,3542,94.0,17899,0.0,-1,0
train_set/benign/ISIC_5499474_640x480.jpg,train,benign,4294,90.0,17906,2.0,-1,0
train_set/benign/ISIC_5501183_480x480.jpg,train,benign,9344,78.0,17911,4.0,-1,0
train_set/benign/ISIC_5501609_640x360.jpg,train,benign,8740,82.0,17914,10.0,-1,0
train_set/benign/ISIC_5502229_640x360.jpg,train,benign,1226,84.0,17916,8.0,-1,0
train_set/benign/ISIC_5504286_640x425.jpg,train,benign,6973,72.0,17922,4.0,-1,0
train_set/benign/ISIC_5504322_640x425.jpg,train,benign,7675,84.0,17923,2.0,-1,0
train_set/benign/ISIC_5504525_640x480.jpg,train,benign,1170,78.0,17924,0.0,-1,0
train_set/benign/ISIC_5507066_640x427.jpg,train,benign,7287,66.0,17933,2.0,-1,0
train_set/benign/ISIC_5508953_640x478.jpg,train,benign,6771,60.0,17938,2.0,-1,0
train_set/benign/ISIC_5511383_640x427.jpg,train,benign,7505,84.0,17946,0.0,-1,0
train_set/benign/ISIC_5512926_640x360.jpg,train,benign,9084,80.0,17947,6.0,-1,0
train_set/benign/ISIC_5513021_640x427.jpg,train,benign,1167,86.0,17948,2.0,-1,0
train_set/benign/ISIC_5515493_640x360.jpg,train,benign,3530,62.0,17954,2.0,-1,0
train_set/benign/ISIC_5518805_640x427.jpg,train,benign,3796,76.0,17968,4.0,-1,0
train_set/benign/ISIC_5519357_640x427.jpg,train,benign,2318,82.0,17971,2.0,-1,0
train_set/benign/ISIC_5523637_640x480.jpg,train,benign,201,90.0,17981,2.0,-1,0
train_set/benign/ISIC_5525952_640x427.jpg,train,benign,3876,78.0,17989,0.0,-1,0
train_set/benign/ISIC_5526118_640x480.jpg,train,benign,957,88.0,17991,0.0,-1,0
train_set/benign/ISIC_5526879_640x427.jpg,train,benign,9302,56.0,17996,2.0,-1,0
train_set/benign/ISIC_5529201_640x427.jpg,train,benign,79,86.0,18002,2.0,-1,0
train_set/benign/ISIC_5529924_640x360.jpg,train,benign,8923,68.0,18003,0.0,-1,0
train_set/benign/ISIC_5531796_640x427.jpg,train,benign,9348,58.0,18008,0.0,-1,0
train_set/benign/ISIC_5532680_640x427.jpg,train,benign,6962,64.0,18011,0.0,-1,0
train_set/benign/ISIC_5536480_640x427.jpg,train,benign,9143,84.0,18021,2.0,-1,0
train_set/benign/ISIC_5536616_640x427.jpg,train,benign,6319,90.0,18023,0.0,-1,0
train_set/benign/ISIC_5537985_640x427.jpg,train,benign,5915,86.0,18027,0.0,-1,0
train_set/benign/ISIC_5538778_640x480.jpg,train,benign,2894,84.0,18030,0.0,-1,0
train_set/benign/ISIC_5539077_640x425.jpg,train,benign,1170,58.0,18032,0.0,-1,0
train_set/benign/ISIC_5540631_640x480.jpg,train,benign,1329,84.0,18039,2.0,-1,0
train_set/benign/ISIC_5541288_640x360.jpg,train,benign,916,92.0,18045,0.0,-1,0
train_set/benign/ISIC_5541912_640x480.jpg,train,benign,5845,76.0,18047,2.0,-1,0
train_set/benign/ISIC_5544367_640x480.jpg,train,benign,7460,58.0,18051,2.0,-1,0
train_set/benign/ISIC_5545410_640x427.jpg,train,benign,1697,80.0,18056,0.0,-1,0
train_set/benign/ISIC_5546181_640x360.jpg,train,benign,8042,86.0,18058,4.0,-1,0
train_set/benign/ISIC_5548914_640x427.jpg,train,benign,2003,72.0,18067,2.0,-1,0
train_set/benign/ISIC_5549273_640x427.jpg,train,benign,8949,64.0,18068,0.0,-1,0
train_set/benign/ISIC_5549970_640x480.jpg,train,benign,1887,84.0,18073,2.0,-1,0
train_set/benign/ISIC_5550714_640x427.jpg,train,benign,2443,56.0,18075,4.0,-1,0
train_set/benign/ISIC_5551801_640x427.jpg,train,benign,7922,68.0,18078,2.0,-1,0
train_set/benign/ISIC_5552381_640x360.jpg,train,benign,3848,78.0,18082,2.0,-1,0
train_set/benign/ISIC_5553495_640x480.jpg,train,benign,5896,82.0,18088,2.0,-1,0
train_set/benign/ISIC_5553722_640x480.jpg,train,benign,6544,90.0,18089,2.0,-1,0
train_set/benign/ISIC_5554069_640x478.jpg,train,benign,5675,90.0,18091,2.0,-1,0
train_set/benign/ISIC_5555694_640x427.jpg,train,benign,6573,76.0,18095,6.0,-1,0
train_set/benign/ISIC_5556401_640x360.jpg,train,benign,5335,76.0,18100,4.0,-1,0
train_set/benign/ISIC_5557021_640x427.jpg,train,benign,10011,86.0,18103,2.0,-1,0
train_set/benign/ISIC_5557548_640x427.jpg,train,benign,917,70.0,18105,2.0,-1,0
train_set/benign/ISIC_5558942_640x360.jpg,train,benign,3586,84.0,18113,2.0,-1,0
train_set/benign/ISIC_5559188_640x427.jpg,train,benign,6743,82.0,18115,2.0,-1,0
train_set/benign/ISIC_5560538_640x360.jpg,train,benign,6996,78.0,18118,12.0,-1,-1
train_set/benign/ISIC_5561459_640x427.jpg,train,benign,6771,70.0,18122,4.0,-1,0
train_set/benign/ISIC_5561988_640x427.jpg,train,benign,9447,80.0,18124,2.0,-1,0
train_set/benign/ISIC_5562603_640x427.jpg,train,benign,9414,86.0,18126,2.0,-1,0
train_set/benign/ISIC_5565279_640x480.jpg,train,benign,6887,78.0,18138,4.0,-1,0
train_set/benign/ISIC_5565349_640x360.jpg,train,benign,4384,90.0,18140,4.0,-1,0
train_set/benign/ISIC_5568346_640x360.jpg,train,benign,258,92.0,18150,6.0,-1,0
train_set/benign/ISIC_5569568_640x478.jpg,train,benign,2398,78.0,18157,0.0,-1,0
train_set/benign/ISIC_5573395_640x480.jpg,train,benign,7356,62.0,18166,0.0,-1,0
train_set/benign/ISIC_5573924_640x360.jpg,train,benign,8375,88.0,18172,4.0,-1,0
train_set/benign/ISIC_5574911_640x427.jpg,train,benign,6767,84.0,18173,2.0,-1,0
train_set/benign/ISIC_5576241_640x480.jpg,train,benign,3003,84.0,18177,0.0,-1,0
train_set/benign/ISIC_5578644_640x480.jpg,train,benign,2936,88.0,18186,0.0,-1,0
train_set/benign/ISIC_5582819_640x480.jpg,train,benign,3939,82.0,18199,4.0,-1,0
train_set/benign/ISIC_5584185_640x480.jpg,train,benign,8865,64.0,18206,2.0,-1,0
train_set/benign/ISIC_5584734_640x360.jpg,train,benign,4953,86.0,18208,6.0,-1,0
train_set/benign/ISIC_5585279_640x480.jpg,train,benign,8799,80.0,18210,4.0,-1,0
train_set/benign/ISIC_5592799_640x480.jpg,train,benign,7454,86.0,18240,4.0,-1,0
train_set/benign/ISIC_5592951_640x360.jpg,train,benign,663,82.0,18241,4.0,-1,0
train_set/benign/ISIC_5594546_640x480.jpg,train,benign,9442,82.0,18246,0.0,-1,0
train_set/benign/ISIC_5595160_640x480.jpg,train,benign,770,84.0,18249,2.0,-1,0
train_set/benign/ISIC_5597282_640x360.jpg,train,benign,1888,82.0,18251,0.0,-1,0
train_set/benign/ISIC_5598766_640x360.jpg,train,benign,6886,86.0,18255,2.0,-1,0
train_set/benign/ISIC_5598875_640x360.jpg,train,benign,434,82.0,18256,6.0,-1,0
train_set/benign/ISIC_5600499_640x360.jpg,train,benign,5250,72.0,18264,6.0,-1,0
train_set/benign/ISIC_5601024_640x427.jpg,train,benign,456,82.0,18266,0.0,-1,0
train_set/benign/ISIC_5601256_640x427.jpg,train,benign,7045,66.0,18267,2.0,-1,0
train_set/benign/ISIC_5602528_640x480.jpg,train,benign,5212,90.0,18271,0.0,-1,0
train_set/benign/ISIC_5604110_640x427.jpg,train,benign,8238,90.0,18278,4.0,-1,0
train_set/benign/ISIC_5604512_640x480.jpg,train,benign,7057,82.0,18280,2.0,-1,0
train_set/benign/ISIC_5606360_640x480.jpg,train,benign,6765,80.0,18286,4.0,-1,0
train_set/benign/ISIC_5607148_640x360.jpg,train,benign,8865,78.0,18291,2.0,-1,0
train_set/benign/ISIC_5608082_640x480.jpg,train,benign,3147,86.0,18295,0.0,-1,0
train_set/benign/ISIC_5609541_640x480.jpg,train,benign,5027,90.0,18298,2.0,-1,0
train_set/benign/ISIC_5611104_640x480.jpg,train,benign,75,68.0,18309,0.0,-1,0
train_set/benign/ISIC_5612452_640x360.jpg,train,benign,2674,84.0,18314,2.0,-1,0
train_set/benign/ISIC_5614300_640x480.jpg,train,benign,379,90.0,18322,0.0,-1,0
train_set/benign/ISIC_5614446_640x480.jpg,train,benign,904,90.0,18323,0.0,-1,0
train_set/benign/ISIC_5615520_640x360.jpg,train,benign,3806,90.0,18327,4.0,-1,0
train_set/benign/ISIC_5617604_640x360.jpg,train,benign,7636,76.0,18336,4.0,-1,0
train_set/benign/ISIC_5617771_640x427.jpg,train,benign,9302,72.0,18337,2.0,-1,0
train_set/benign/ISIC_5617952_640x360.jpg,train,benign,5358,78.0,18338,4.0,-1,0
train_set/benign/ISIC_5620257_640x427.jpg,train,benign,6962,58.0,18350,0.0,-1,0
train_set/benign/ISIC_5621310_640x360.jpg,train,benign,5220,86.0,18357,12.0,-1,-1
train_set/benign/ISIC_5622828_640x427.jpg,train,benign,3373,86.0,18362,0.0,-1,0
train_set/benign/ISIC_5625747_640x360.jpg,train,benign,7190,54.0,18374,4.0,-1,0
train_set/benign/ISIC_5629390_640x425.jpg,train,benign,383,88.0,18385,4.0,-1,0
train_set/benign/ISIC_5631641_640x480.jpg,train,benign,7518,90.0,18394,0.0,-1,0
train_set/benign/ISIC_5632748_640x360.jpg,train,benign,4989,80.0,18399,0.0,-1,0
train_set/benign/ISIC_5634353_640x480.jpg,train,benign,3160,92.0,18402,0.0,-1,0
train_set/benign/ISIC_5634535_640x480.jpg,train,benign,9652,54.0,18403,2.0,-1,0
train_set/benign/ISIC_5634573_640x425.jpg,train,benign,2507,82.0,18404,2.0,-1,0
train_set/benign/ISIC_5635940_640x360.jpg,train,benign,7496,64.0,18406,4.0,-1,0
train_set/benign/ISIC_5636556_640x480.jpg,train,benign,7569,82.0,18409,0.0,-1,0
train_set/benign/ISIC_5637056_640x427.jpg,train,benign,9090,62.0,18411,2.0,-1,0
train_set/benign/ISIC_5637273_640x360.jpg,train,benign,9211,76.0,18415,4.0,-1,0
train_set/benign/ISIC_5637715_640x480.jpg,train,benign,7862,94.0,18416,2.0,-1,0
train_set/benign/ISIC_5642121_640x360.jpg,train,benign,5184,86.0,18431,2.0,-1,0
train_set/benign/ISIC_5643159_640x427.jpg,train,benign,4620,88.0,18433,0.0,-1,0
train_set/benign/ISIC_5643505_640x360.jpg,train,benign,7374,86.0,18436,2.0,-1,0
train_set/benign/ISIC_5644039_640x480.jpg,train,benign,911,92.0,18437,2.0,-1,0
train_set/benign/ISIC_5645194_640x427.jpg,train,benign,7997,70.0,18446,4.0,-1,0
train_set/benign/ISIC_5647453_640x427.jpg,train,benign,1393,76.0,18455,4.0,-1,0
train_set/benign/ISIC_5652519_640x480.jpg,train,benign,3635,86.0,18477,4.0,-1,0
train_set/benign/ISIC_5653189_640x480.jpg,train,benign,8475,76.0,18478,2.0,-1,0
train_set/benign/ISIC_5654124_640x360.jpg,train,benign,8682,84.0,18480,4.0,-1,0
train_set/benign/ISIC_5654704_640x427.jpg,train,benign,8948,78.0,18482,2.0,-1,0
train_set/benign/ISIC_5655181_640x480.jpg,train,benign,9471,92.0,18486,0.0,-1,0
train_set/benign/ISIC_5657291_640x425.jpg,train,benign,3431,94.0,18490,0.0,-1,0
train_set/benign/ISIC_5658162_640x425.jpg,train,benign,2550,86.0,18495,0.0,-1,0
train_set/benign/ISIC_5658900_640x360.jpg,train,benign,9420,86.0,18496,4.0,-1,0
train_set/benign/ISIC_5659240_640x427.jpg,train,benign,75,72.0,18498,6.0,-1,0
train_set/benign/ISIC_5660472_640x427.jpg,train,benign,9151,88.0,18506,4.0,-1,0
train_set/benign/ISIC_5661368_640x360.jpg,train,benign,775,90.0,18508,4.0,-1,0
train_set/benign/ISIC_5663032_640x480.jpg,train,benign,7787,84.0,18512,2.0,-1,0
train_set/benign/ISIC_5663164_640x480.jpg,train,benign,4108,88.0,18514,0.0,-1,0
train_set/benign/ISIC_5663741_640x427.jpg,train,benign,9612,78.0,18516,2.0,-1,0
train_set/benign/ISIC_5664001_640x360.jpg,train,benign,2318,72.0,18517,4.0,-1,0
train_set/benign/ISIC_5664728_640x360.jpg,train,benign,1212,88.0,18519,0.0,-1,0
train_set/benign/ISIC_5666345_640x478.jpg,train,benign,2358,88.0,18523,0.0,-1,0
train_set/benign/ISIC_5667519_640x360.jpg,train,benign,8925,72.0,18528,6.0,-1,0
train_set/benign/ISIC_5667935_640x480.jpg,train,benign,1257,90.0,18530,2.0,-1,0
train_set/benign/ISIC_5668342_640x360.jpg,train,benign,8996,66.0,18531,2.0,-1,0
train_set/benign/ISIC_5671175_640x360.jpg,train,benign,5236,90.0,18537,6.0,-1,0
train_set/benign/ISIC_5672389_640x427.jpg,train,benign,7265,80.0,18540,0.0,-1,0
train_set/benign/ISIC_5675123_640x360.jpg,train,benign,5293,82.0,18548,2.0,-1,0
train_set/benign/ISIC_5675434_640x360.jpg,train,benign,9911,86.0,18550,4.0,-1,0
train_set/benign/ISIC_5676027_640x480.jpg,train,benign,5763,86.0,18553,0.0,-1,0
train_set/benign/ISIC_5677573_640x360.jpg,train,benign,340,88.0,18557,2.0,-1,0
train_set/benign/ISIC_5678560_640x427.jpg,train,benign,8949,48.0,18559,2.0,-1,0
train_set/benign/ISIC_5679678_640x427.jpg,train,benign,2570,66.0,18565,4.0,-1,0
train_set/benign/ISIC_5680271_640x480.jpg,train,benign,866,88.0,18569,2.0,-1,0
train_set/benign/ISIC_5681315_640x425.jpg,train,benign,1170,68.0,18571,2.0,-1,0
train_set/benign/ISIC_5681794_640x427.jpg,train,benign,8640,82.0,18572,4.0,-1,0
train_set/benign/ISIC_5683393_640x427.jpg,train,benign,466,94.0,18575,2.0,-1,0
train_set/benign/ISIC_5692027_640x427.jpg,train,benign,6814,82.0,18599,2.0,-1,0
train_set/benign/ISIC_5696169_640x427.jpg,train,benign,8949,24.0,18613,2.0,-1,0
train_set/benign/ISIC_5696315_640x360.jpg,train,benign,3475,84.0,18614,6.0,-1,0
train_set/benign/ISIC_5706663_640x427.jpg,train,benign,7370,82.0,18642,2.0,-1,0
train_set/benign/ISIC_5709878_640x427.jpg,train,benign,4588,82.0,18661,2.0,-1,0
train_set/benign/ISIC_5713588_640x360.jpg,train,benign,6886,84.0,18667,4.0,-1,0
train_set/benign/ISIC_5713761_640x427.jpg,train,benign,121,90.0,18668,0.0,-1,0
train_set/benign/ISIC_5714260_640x427.jpg,train,benign,6757,94.0,18673,2.0,-1,0
train_set/benign/ISIC_5715000_640x480.jpg,train,benign,6689,90.0,18677,2.0,-1,0
train_set/benign/ISIC_5717378_640x360.jpg,train,benign,3894,84.0,18682,0.0,-1,0
train_set/benign/ISIC_5721195_640x360.jpg,train,benign,5654,70.0,18692,6.0,-1,0
train_set/benign/ISIC_5721677_640x427.jpg,train,benign,1245,74.0,18695,4.0,-1,0
train_set/benign/ISIC_5721717_640x427.jpg,train,benign,2808,82.0,18696,4.0,-1,0
train_set/benign/ISIC_5724672_640x427.jpg,train,benign,7031,78.0,18711,2.0,-1,0
train_set/benign/ISIC_5725572_640x480.jpg,train,benign,1356,88.0,18713,0.0,-1,0
train_set/benign/ISIC_5726007_640x360.jpg,train,benign,217,92.0,18714,2.0,-1,0
train_set/benign/ISIC_5728325_640x360.jpg,train,benign,8470,74.0,18719,4.0,-1,0
train_set/benign/ISIC_5729266_640x360.jpg,train,benign,3777,86.0,18723,2.0,-1,0
train_set/benign/ISIC_5730795_640x480.jpg,train,benign,8604,64.0,18729,2.0,-1,0
train_set/benign/ISIC_5731061_640x480.jpg,train,benign,3125,68.0,18730,2.0,-1,0
train_set/benign/ISIC_5732730_640x427.jpg,train,benign,5012,80.0,18737,2.0,-1,0
train_set/benign/ISIC_5733557_640x427.jpg,train,benign,6694,78.0,18739,4.0,-1,0
train_set/benign/ISIC_5734915_640x427.jpg,train,benign,1658,76.0,18746,2.0,-1,0
train_set/benign/ISIC_5737704_640x427.jpg,train,benign,7646,88.0,18759,2.0,-1,0
train_set/benign/ISIC_5737759_640x360.jpg,train,benign,8357,92.0,18760,2.0,-1,0
train_set/benign/ISIC_5739570_640x427.jpg,train,benign,9259,82.0,18768,0.0,-1,0
train_set/benign/ISIC_5740023_640x427.jpg,train,benign,448,82.0,18771,0.0,-1,0
train_set/benign/ISIC_5743012_640x360.jpg,train,benign,8353,86.0,18778,6.0,-1,0
train_set/benign/ISIC_5744192_640x360.jpg,train,benign,537,94.0,18781,4.0,-1,0
train_set/benign/ISIC_5747082_640x427.jpg,train,benign,7157,84.0,18789,2.0,-1,0
train_set/benign/ISIC_5750242_640x480.jpg,train,benign,1435,82.0,18803,2.0,-1,0
train_set/benign/ISIC_5751526_640x360.jpg,train,benign,982,88.0,18806,4.0,-1,0
train_set/benign/ISIC_5751713_640x480.jpg,train,benign,1865,92.0,18807,2.0,-1,0
train_set/benign/ISIC_5753709_640x427.jpg,train,benign,6749,70.0,18813,2.0,-1,0
train_set/benign/ISIC_5754070_640x360.jpg,train,benign,3882,84.0,18814,4.0,-1,0
train_set/benign/ISIC_5755210_640x480.jpg,train,benign,6962,64.0,18818,4.0,-1,0
train_set/benign/ISIC_5758327_640x478.jpg,train,benign,104,94.0,18825,0.0,-1,0
train_set/benign/ISIC_5758379_640x480.jpg,train,benign,8612,90.0,18826,4.0,-1,0
train_set/benign/ISIC_5760868_640x427.jpg,train,benign,1263,72.0,18835,2.0,-1,0
train_set/benign/ISIC_5764302_640x360.jpg,train,benign,4741,88.0,18847,2.0,-1,0
train_set/benign/ISIC_5768032_640x427.jpg,train,benign,8495,74.0,18855,2.0,-1,0
train_set/benign/ISIC_5769152_640x360.jpg,train,benign,5034,76.0,18860,2.0,-1,0
train_set/benign/ISIC_5769654_640x360.jpg,train,benign,8713,74.0,18862,0.0,-1,0
train_set/benign/ISIC_5771106_640x427.jpg,train,benign,9439,86.0,18865,2.0,-1,0
train_set/benign/ISIC_5774483_640x480.jpg,train,benign,1724,84.0,18872,2.0,-1,0
train_set/benign/ISIC_5774974_640x360.jpg,train,benign,3016,94.0,18876,6.0,-1,0
train_set/benign/ISIC_5776158_640x427.jpg,train,benign,7019,78.0,18880,4.0,-1,0
train_set/benign/ISIC_5777169_640x360.jpg,train,benign,4691,88.0,18882,4.0,-1,0
train_set/benign/ISIC_5777294_640x427.jpg,train,benign,9302,54.0,18884,0.0,-1,0
train_set/benign/ISIC_5778284_640x360.jpg,train,benign,9654,88.0,18887,2.0,-1,0
train_set/benign/ISIC_5779320_640x427.jpg,train,benign,6643,82.0,18892,2.0,-1,0
train_set/benign/ISIC_5779688_640x427.jpg,train,benign,9246,74.0,18893,0.0,-1,0
train_set/benign/ISIC_5779699_640x427.jpg,train,benign,2265,60.0,18894,4.0,-1,0
train_set/benign/ISIC_5781852_640x360.jpg,train,benign,1276,90.0,18901,2.0,-1,0
train_set/benign/ISIC_5783203_640x480.jpg,train,benign,1206,90.0,18905,2.0,-1,0
train_set/benign/ISIC_5787278_640x480.jpg,train,benign,109,88.0,18917,2.0,-1,0
train_set/benign/ISIC_5788100_640x427.jpg,train,benign,1647,60.0,18924,4.0,-1,0
train_set/benign/ISIC_5788537_640x480.jpg,train,benign,1432,72.0,18925,6.0,-1,0
train_set/benign/ISIC_5789052_480x480.jpg,train,benign,8839,76.0,18927,2.0,-1,0
train_set/benign/ISIC_5789263_640x425.jpg,train,benign,7787,72.0,18928,0.0,-1,0
train_set/benign/ISIC_5789994_640x427.jpg,train,benign,1647,62.0,18932,4.0,-1,0
train_set/benign/ISIC_5792189_640x480.jpg,train,benign,7356,66.0,18943,2.0,-1,0
train_set/benign/ISIC_5795064_640x360.jpg,train,benign,59,88.0,18948,2.0,-1,0
train_set/benign/ISIC_5797788_640x360.jpg,train,benign,3594,90.0,18962,6.0,-1,0
train_set/benign/ISIC_5799583_640x360.jpg,train,benign,7484,84.0,18970,2.0,-1,0
train_set/benign/ISIC_5802232_640x480.jpg,train,benign,8799,72.0,18974,4.0,-1,0
train_set/benign/ISIC_5802768_640x480.jpg,train,benign,777,92.0,18976,2.0,-1,0
train_set/benign/ISIC_5803938_640x360.jpg,train,benign,2998,72.0,18980,2.0,-1,0
train_set/benign/ISIC_5804316_640x360.jpg,train,benign,7480,80.0,18981,4.0,-1,0
train_set/benign/ISIC_5811561_640x427.jpg,train,benign,7356,56.0,19000,2.0,-1,0
train_set/benign/ISIC_5813338_640x360.jpg,train,benign,2953,72.0,19004,4.0,-1,0
train_set/benign/ISIC_5813408_640x427.jpg,train,benign,2773,84.0,19005,4.0,-1,0
train_set/benign/ISIC_5814177_640x427.jpg,train,benign,8498,90.0,19008,0.0,-1,0
train_set/benign/ISIC_5818981_640x425.jpg,train,benign,9392,80.0,19018,2.0,-1,0
train_set/benign/ISIC_5821715_640x427.jpg,train,benign,9195,58.0,19028,2.0,-1,0
train_set/benign/ISIC_5825647_640x480.jpg,train,benign,800,86.0,19044,4.0,-1,0
train_set/benign/ISIC_5826465_640x427.jpg,train,benign,6926,82.0,19046,2.0,-1,0
train_set/benign/ISIC_5828564_640x427.jpg,train,benign,9447,66.0,19053,2.0,-1,0
train_set/benign/ISIC_5828787_640x480.jpg,train,benign,5863,74.0,19054,4.0,-1,0
train_set/benign/ISIC_5829749_640x478.jpg,train,benign,1418,84.0,19055,0.0,-1,0
train_set/benign/ISIC_5832581_640x427.jpg,train,benign,8742,84.0,19064,2.0,-1,0
train_set/benign/ISIC_5832792_640x480.jpg,train,benign,1211,54.0,19066,2.0,-1,0
train_set/benign/ISIC_5833229_640x480.jpg,train,benign,3301,90.0,19069,4.0,-1,0
train_set/benign/ISIC_5836421_640x480.jpg,train,benign,145,84.0,19080,2.0,-1,0
train_set/benign/ISIC_5838416_640x427.jpg,train,benign,1211,52.0,19084,4.0,-1,0
train_set/benign/ISIC_5841182_640x427.jpg,train,benign,6974,38.0,19090,2.0,-1,0
train_set/benign/ISIC_5844037_640x480.jpg,train,benign,7408,88.0,19097,2.0,-1,0
train_set/benign/ISIC_5846852_640x480.jpg,train,benign,1670,84.0,19103,2.0,-1,0
train_set/benign/ISIC_5847018_640x480.jpg,train,benign,6860,68.0,19104,2.0,-1,0
train_set/benign/ISIC_5848007_640x480.jpg,train,benign,9923,84.0,19106,2.0,-1,0
train_set/benign/ISIC_5853024_640x360.jpg,train,benign,122,88.0,19125,4.0,-1,0
train_set/benign/ISIC_5857954_640x360.jpg,train,benign,3308,66.0,19146,4.0,-1,0
train_set/benign/ISIC_5859812_640x360.jpg,train,benign,8258,80.0,19148,2.0,-1,0
train_set/benign/ISIC_5863672_640x360.jpg,train,benign,8157,80.0,19157,2.0,-1,0
train_set/benign/ISIC_5864067_640x360.jpg,train,benign,6729,74.0,19159,2.0,-1,0
train_set/benign/ISIC_5864390_640x480.jpg,train,benign,141,92.0,19160,0.0,-1,0
train_set/benign/ISIC_5865498_640x360.jpg,train,benign,1713,90.0,19165,4.0,-1,0
train_set/benign/ISIC_5866381_640x478.jpg,train,benign,1241,88.0,19167,0.0,-1,0
train_set/benign/ISIC_5867703_640x480.jpg,train,benign,7163,82.0,19171,4.0,-1,0
train_set/benign/ISIC_5874357_640x480.jpg,train,benign,4587,68.0,19193,4.0,-1,0
train_set/benign/ISIC_5874516_640x427.jpg,train,benign,2392,60.0,19194,2.0,-1,0
train_set/benign/ISIC_5877410_640x480.jpg,train,benign,2441,78.0,19202,0.0,-1,0
train_set/benign/ISIC_5879789_640x427.jpg,train,benign,5545,64.0,19208,2.0,-1,0
train_set/benign/ISIC_5881453_640x427.jpg,train,benign,5623,84.0,19214,4.0,-1,0
train_set/benign/ISIC_5881871_640x480.jpg,train,benign,7327,78.0,19217,2.0,-1,0
train_set/benign/ISIC_5882650_640x360.jpg,train,benign,1895,90.0,19220,4.0,-1,0
train_set/benign/ISIC_5886468_640x427.jpg,train,benign,7356,58.0,19233,6.0,-1,0
train_set/benign/ISIC_5887545_640x360.jpg,train,benign,2432,72.0,19235,2.0,-1,0
train_set/benign/ISIC_5888212_640x427.jpg,train,benign,4588,76.0,19238,2.0,-1,0
train_set/benign/ISIC_5888971_640x360.jpg,train,benign,9163,84.0,19241,6.0,-1,0
train_set/benign/ISIC_5889790_640x478.jpg,train,benign,1338,88.0,19244,2.0,-1,0
train_set/benign/ISIC_5891242_640x427.jpg,train,benign,6974,58.0,19247,6.0,-1,0
train_set/benign/ISIC_5891278_640x427.jpg,train,benign,8537,86.0,19248,0.0,-1,0
train_set/benign/ISIC_5891461_640x480.jpg,train,benign,6937,68.0,19250,2.0,-1,0
train_set/benign/ISIC_5892920_640x427.jpg,train,benign,8949,50.0,19255,2.0,-1,0
train_set/benign/ISIC_5895571_640x360.jpg,train,benign,1290,74.0,19262,0.0,-1,0
train_set/benign/ISIC_5897134_640x360.jpg,train,benign,936,90.0,19266,4.0,-1,0
train_set/benign/ISIC_5901590_640x360.jpg,train,benign,3040,84.0,19280,4.0,-1,0
train_set/benign/ISIC_5902741_640x427.jpg,train,benign,17,78.0,19286,2.0,-1,0
train_set/benign/ISIC_5904214_640x427.jpg,train,benign,4397,90.0,19292,0.0,-1,0
train_set/benign/ISIC_5907599_640x360.jpg,train,benign,1711,84.0,19298,6.0,-1,0
train_set/benign/ISIC_5910413_640x427.jpg,train,benign,7527,90.0,19309,2.0,-1,0
train_set/benign/ISIC_5910518_640x360.jpg,train,benign,1456,72.0,19311,4.0,-1,0
train_set/benign/ISIC_5912392_640x427.jpg,train,benign,270,90.0,19317,2.0,-1,0
train_set/benign/ISIC_5912560_640x360.jpg,train,benign,1780,82.0,19318,4.0,-1,0
train_set/benign/ISIC_5914940_640x427.jpg,train,benign,8989,82.0,19323,4.0,-1,0
train_set/benign/ISIC_5917247_640x427.jpg,train,benign,6767,68.0,19326,2.0,-1,0
train_set/benign/ISIC_5918279_640x478.jpg,train,benign,2434,76.0,19330,2.0,-1,0
train_set/benign/ISIC_5919470_640x360.jpg,train,benign,9739,72.0,19334,2.0,-1,0
train_set/benign/ISIC_5920594_640x427.jpg,train,benign,519,92.0,19341,2.0,-1,0
train_set/benign/ISIC_5920763_640x427.jpg,train,benign,9387,52.0,19343,0.0,-1,0
train_set/benign/ISIC_5921734_640x427.jpg,train,benign,9834,72.0,19347,4.0,-1,0
train_set/benign/ISIC_5922673_640x427.jpg,train,benign,436,78.0,19353,2.0,-1,0
train_set/benign/ISIC_5923703_640x360.jpg,train,benign,7567,74.0,19359,2.0,-1,0
train_set/benign/ISIC_5924487_640x360.jpg,train,benign,6175,78.0,19366,2.0,-1,0
train_set/benign/ISIC_5924758_640x480.jpg,train,benign,185,70.0,19367,2.0,-1,0
train_set/benign/ISIC_5924898_640x360.jpg,train,benign,7001,80.0,19368,4.0,-1,0
train_set/benign/ISIC_5925370_640x480.jpg,train,benign,2272,82.0,19369,0.0,-1,0
train_set/benign/ISIC_5925471_640x360.jpg,train,benign,512,92.0,19370,6.0,-1,0
train_set/benign/ISIC_5926079_640x360.jpg,train,benign,4448,76.0,19372,4.0,-1,0
train_set/benign/ISIC_5930008_640x360.jpg,train,benign,9452,90.0,19378,4.0,-1,0
train_set/benign/ISIC_5930885_640x427.jpg,train,benign,6863,82.0,19380,4.0,-1,0
train_set/benign/ISIC_5931552_640x427.jpg,train,benign,7560,86.0,19382,0.0,-1,0
train_set/benign/ISIC_5933341_640x480.jpg,train,benign,5239,86.0,19387,0.0,-1,0
train_set/benign/ISIC_5933559_640x360.jpg,train,benign,2227,92.0,19388,4.0,-1,0
train_set/benign/ISIC_5934104_640x427.jpg,train,benign,594,76.0,19389,4.0,-1,0
train_set/benign/ISIC_5938500_640x427.jpg,train,benign,162,94.0,19398,2.0,-1,0
train_set/benign/ISIC_5940866_640x427.jpg,train,benign,9302,62.0,19405,4.0,-1,0
train_set/benign/ISIC_5941272_640x480.jpg,train,benign,9165,84.0,19408,2.0,-1,0
train_set/benign/ISIC_5941908_640x360.jpg,train,benign,2302,90.0,19410,8.0,-1,0
train_set/benign/ISIC_5942073_640x480.jpg,train,benign,7424,84.0,19411,0.0,-1,0
train_set/benign/ISIC_5942593_640x360.jpg,train,benign,6113,92.0,19414,2.0,-1,0
train_set/benign/ISIC_5943775_640x478.jpg,train,benign,8183,86.0,19419,2.0,-1,0
train_set/benign/ISIC_5945822_640x360.jpg,train,benign,4921,86.0,19425,2.0,-1,0
train_set/benign/ISIC_5948805_640x360.jpg,train,benign,5216,82.0,19429,0.0,-1,0
train_set/benign/ISIC_5950302_640x427.jpg,train,benign,2258,84.0,19434,4.0,-1,0
train_set/benign/ISIC_5954790_640x480.jpg,train,benign,7150,66.0,19444,2.0,-1,0
train_set/benign/ISIC_5958246_640x425.jpg,train,benign,9420,82.0,19454,2.0,-1,0
train_set/benign/ISIC_5958295_640x427.jpg,train,benign,7208,76.0,19455,4.0,-1,0
train_set/benign/ISIC_5958657_640x425.jpg,train,benign,770,78.0,19459,2.0,-1,0
train_set/benign/ISIC_5959591_640x427.jpg,train,benign,6600,76.0,19461,6.0,-1,0
train_set/benign/ISIC_5959795_640x427.jpg,train,benign,4395,80.0,19462,2.0,-1,0
train_set/benign/ISIC_5960641_640x427.jpg,train,benign,8331,66.0,19467,2.0,-1,0
train_set/benign/ISIC_5961024_640x360.jpg,train,benign,3949,90.0,19470,2.0,-1,0
train_set/benign/ISIC_5961448_640x427.jpg,train,benign,672,90.0,19474,6.0,-1,0
train_set/benign/ISIC_5964467_640x360.jpg,train,benign,9304,88.0,19488,4.0,-1,0
train_set/benign/ISIC_5964622_640x480.jpg,train,benign,6223,88.0,19490,2.0,-1,0
train_set/benign/ISIC_5964676_640x427.jpg,train,benign,2383,80.0,19491,2.0,-1,0
train_set/benign/ISIC_5967783_640x427.jpg,train,benign,7258,76.0,19497,2.0,-1,0
train_set/benign/ISIC_5968205_640x428.jpg,train,benign,7580,88.0,19498,2.0,-1,0
train_set/benign/ISIC_5969724_640x427.jpg,train,benign,6949,86.0,19504,4.0,-1,0
train_set/benign/ISIC_5970338_640x427.jpg,train,benign,7185,74.0,19507,4.0,-1,0
train_set/benign/ISIC_5970460_640x427.jpg,train,benign,9076,84.0,19508,4.0,-1,0
train_set/benign/ISIC_5971591_640x480.jpg,train,benign,1056,82.0,19512,2.0,-1,0
train_set/benign/ISIC_5972490_640x360.jpg,train,benign,2388,86.0,19516,4.0,-1,0
train_set/benign/ISIC_5972994_640x360.jpg,train,benign,6548,94.0,19517,2.0,-1,0
train_set/benign/ISIC_5977230_640x427.jpg,train,benign,6962,50.0,19527,6.0,-1,0
train_set/benign/ISIC_5978562_640x427.jpg,train,benign,5810,84.0,19529,0.0,-1,0
train_set/benign/ISIC_5980439_640x427.jpg,train,benign,6773,84.0,19537,4.0,-1,0
train_set/benign/ISIC_5984418_640x480.jpg,train,benign,9073,72.0,19547,2.0,-1,0
train_set/benign/ISIC_5984698_640x427.jpg,train,benign,7116,54.0,19549,4.0,-1,0
train_set/benign/ISIC_5985323_640x480.jpg,train,benign,9116,86.0,19550,2.0,-1,0
train_set/benign/ISIC_5987157_640x360.jpg,train,benign,4656,84.0,19556,4.0,-1,0
train_set/benign/ISIC_5988539_640x360.jpg,train,benign,7921,82.0,19561,4.0,-1,0
train_set/benign/ISIC_5990209_640x480.jpg,train,benign,6788,82.0,19565,4.0,-1,0
train_set/benign/ISIC_5997901_640x427.jpg,train,benign,7545,64.0,19592,2.0,-1,0
train_set/benign/ISIC_6000300_640x360.jpg,train,benign,7519,74.0,19604,4.0,-1,0
train_set/benign/ISIC_6000889_640x427.jpg,train,benign,906,88.0,19607,2.0,-1,0
train_set/benign/ISIC_6002622_640x360.jpg,train,benign,5364,80.0,19612,2.0,-1,0
train_set/benign/ISIC_6003407_640x360.jpg,train,benign,1583,88.0,19615,6.0,-1,0
train_set/benign/ISIC_6003494_640x427.jpg,train,benign,6996,66.0,19616,2.0,-1,0
train_set/benign/ISIC_6003500_640x360.jpg,train,benign,8764,86.0,19617,2.0,-1,0
train_set/benign/ISIC_6004886_640x427.jpg,train,benign,6714,92.0,19622,4.0,-1,0
train_set/benign/ISIC_6006658_640x478.jpg,train,benign,1336,86.0,19627,2.0,-1,0
train_set/benign/ISIC_6009087_640x427.jpg,train,benign,7773,86.0,19636,4.0,-1,0
train_set/benign/ISIC_6010018_640x427.jpg,train,benign,6069,86.0,19638,4.0,-1,0
train_set/benign/ISIC_6013764_640x480.jpg,train,benign,7639,74.0,19643,4.0,-1,0
train_set/benign/ISIC_6014025_640x427.jpg,train,benign,6909,54.0,19644,2.0,-1,0
train_set/benign/ISIC_6014763_640x360.jpg,train,benign,7891,78.0,19646,8.0,-1,0
train_set/benign/ISIC_6016759_640x360.jpg,train,benign,3017,90.0,19651,2.0,-1,0
train_set/benign/ISIC_6017897_640x427.jpg,train,benign,9265,72.0,19654,2.0,-1,0
train_set/benign/ISIC_6019539_640x425.jpg,train,benign,787,88.0,19662,10.0,-1,0
train_set/benign/ISIC_6020102_640x360.jpg,train,benign,2470,88.0,19664,2.0,-1,0
train_set/benign/ISIC_6020636_640x480.jpg,train,benign,9227,62.0,19667,2.0,-1,0
train_set/benign/ISIC_6023795_640x425.jpg,train,benign,6944,86.0,19677,0.0,-1,0
train_set/benign/ISIC_6024651_640x360.jpg,train,benign,3837,88.0,19681,6.0,-1,0
train_set/benign/ISIC_6025043_640x480.jpg,train,benign,7746,86.0,19684,2.0,-1,0
train_set/benign/ISIC_6025542_640x360.jpg,train,benign,5019,76.0,19686,2.0,-1,0
train_set/benign/ISIC_6028082_640x360.jpg,train,benign,6837,88.0,19697,8.0,-1,0
train_set/benign/ISIC_6028510_640x427.jpg,train,benign,9059,94.0,19698,0.0,-1,0
train_set/benign/ISIC_6032456_640x360.jpg,train,benign,9343,78.0,19709,6.0,-1,0
train_set/benign/ISIC_6034346_640x360.jpg,train,benign,6933,82.0,19716,2.0,-1,0
train_set/benign/ISIC_6037853_640x480.jpg,train,benign,3962,90.0,19723,2.0,-1,0
train_set/benign/ISIC_6038253_640x425.jpg,train,benign,3517,98.0,19725,2.0,-1,0
train_set/benign/ISIC_6038490_640x480.jpg,train,benign,6768,74.0,19728,2.0,-1,0
train_set/benign/ISIC_6038977_640x480.jpg,train,benign,874,88.0,19730,2.0,-1,0
train_set/benign/ISIC_6041880_640x427.jpg,train,benign,6809,52.0,19738,0.0,-1,0
train_set/benign/ISIC_6042293_640x480.jpg,train,benign,8667,82.0,19739,0.0,-1,0
train_set/benign/ISIC_6045560_640x480.jpg,train,benign,9623,86.0,19745,4.0,-1,0
train_set/benign/ISIC_6045709_640x360.jpg,train,benign,1378,90.0,19746,0.0,-1,0
train_set/benign/ISIC_6050515_640x427.jpg,train,benign,8799,72.0,19758,4.0,-1,0
train_set/benign/ISIC_6050971_640x478.jpg,train,benign,1647,62.0,19760,2.0,-1,0
train_set/benign/ISIC_6056657_640x427.jpg,train,benign,2540,92.0,19775,0.0,-1,0
train_set/benign/ISIC_6057809_640x427.jpg,train,benign,5495,70.0,19780,0.0,-1,0
train_set/benign/ISIC_6057892_640x360.jpg,train,benign,6464,90.0,19781,6.0,-1,0
train_set/benign/ISIC_6059541_640x427.jpg,train,benign,9252,68.0,19787,2.0,-1,0
train_set/benign/ISIC_6065057_640x427.jpg,train,benign,1464,92.0,19805,2.0,-1,0
train_set/benign/ISIC_6066992_640x427.jpg,train,benign,7545,66.0,19813,0.0,-1,0
train_set/benign/ISIC_6067663_640x480.jpg,train,benign,7920,64.0,19817,2.0,-1,0
train_set/benign/ISIC_6068452_640x427.jpg,train,benign,9265,52.0,19819,0.0,-1,0
train_set/benign/ISIC_6069595_640x480.jpg,train,benign,9885,90.0,19821,0.0,-1,0
train_set/benign/ISIC_6069964_640x360.jpg,train,benign,1942,94.0,19823,6.0,-1,0
train_set/benign/ISIC_6074454_640x425.jpg,train,benign,2533,82.0,19834,4.0,-1,0
train_set/benign/ISIC_6078205_640x425.jpg,train,benign,263,80.0,19841,2.0,-1,0
train_set/benign/ISIC_6078211_640x427.jpg,train,benign,6885,86.0,19842,2.0,-1,0
train_set/benign/ISIC_6079573_640x360.jpg,train,benign,3852,90.0,19846,4.0,-1,0
train_set/benign/ISIC_6081540_640x360.jpg,train,benign,1975,72.0,19851,0.0,-1,0
train_set/benign/ISIC_6083485_640x480.jpg,train,benign,989,88.0,19859,4.0,-1,0
train_set/benign/ISIC_6083609_640x360.jpg,train,benign,6912,86.0,19860,4.0,-1,0
train_set/benign/ISIC_6084191_640x360.jpg,train,benign,2837,78.0,19862,6.0,-1,0
train_set/benign/ISIC_6085621_640x360.jpg,train,benign,4371,86.0,19864,2.0,-1,0
train_set/benign/ISIC_6087560_640x480.jpg,train,benign,3474,90.0,19870,0.0,-1,0
train_set/benign/ISIC_6087965_640x427.jpg,train,benign,9269,84.0,19872,0.0,-1,0
train_set/benign/ISIC_6090057_640x427.jpg,train,benign,7474,74.0,19882,2.0,-1,0
train_set/benign/ISIC_6091919_640x427.jpg,train,benign,6962,50.0,19890,2.0,-1,0
train_set/benign/ISIC_6092220_640x480.jpg,train,benign,7454,78.0,19891,0.0,-1,0
train_set/benign/ISIC_6092800_640x360.jpg,train,benign,5882,76.0,19893,2.0,-1,0
train_set/benign/ISIC_6094247_640x480.jpg,train,benign,4374,90.0,19900,2.0,-1,0
train_set/benign/ISIC_6096541_640x360.jpg,train,benign,4599,70.0,19904,4.0,-1,0
train_set/benign/ISIC_6097168_640x427.jpg,train,benign,1588,90.0,19910,0.0,-1,0
train_set/benign/ISIC_6098213_640x425.jpg,train,benign,1553,74.0,19914,4.0,-1,0
train_set/benign/ISIC_6099698_640x360.jpg,train,benign,4075,84.0,19918,2.0,-1,0
train_set/benign/ISIC_6106916_640x360.jpg,train,benign,6530,88.0,19933,2.0,-1,0
train_set/benign/ISIC_6107589_640x360.jpg,train,benign,1445,82.0,19936,6.0,-1,0
train_set/benign/ISIC_6108396_640x360.jpg,train,benign,1167,76.0,19939,6.0,-1,0
train_set/benign/ISIC_6109274_640x427.jpg,train,benign,4451,86.0,19943,0.0,-1,0
train_set/benign/ISIC_6109355_640x480.jpg,train,benign,7670,80.0,19944,2.0,-1,0
train_set/benign/ISIC_6110309_640x480.jpg,train,benign,2662,80.0,19946,2.0,-1,0
train_set/benign/ISIC_6110788_640x360.jpg,train,benign,8481,76.0,19949,4.0,-1,0
train_set/benign/ISIC_6113248_640x480.jpg,train,benign,7080,76.0,19954,2.0,-1,0
train_set/benign/ISIC_6118928_640x480.jpg,train,benign,5657,92.0,19968,0.0,-1,0
train_set/benign/ISIC_6119830_640x427.jpg,train,benign,6088,72.0,19972,0.0,-1,0
train_set/benign/ISIC_6120279_640x425.jpg,train,benign,9035,84.0,19973,4.0,-1,0
train_set/benign/ISIC_6122473_640x480.jpg,train,benign,7790,76.0,19977,0.0,-1,0
train_set/benign/ISIC_6123304_640x360.jpg,train,benign,9794,90.0,19980,4.0,-1,0
train_set/benign/ISIC_6123657_640x478.jpg,train,benign,7276,78.0,19981,2.0,-1,0
train_set/benign/ISIC_6123672_640x480.jpg,train,benign,3203,86.0,19982,4.0,-1,0
train_set/benign/ISIC_6124241_640x360.jpg,train,benign,2192,80.0,19984,2.0,-1,0
train_set/benign/ISIC_6125014_640x480.jpg,train,benign,1625,90.0,19988,2.0,-1,0
train_set/benign/ISIC_6126056_640x360.jpg,train,benign,8894,62.0,19992,2.0,-1,0
train_set/benign/ISIC_6126623_640x480.jpg,train,benign,3255,76.0,19996,2.0,-1,0
train_set/benign/ISIC_6128108_640x360.jpg,train,benign,1426,70.0,20002,4.0,-1,0
train_set/benign/ISIC_6131501_640x360.jpg,train,benign,6755,86.0,20008,2.0,-1,0
train_set/benign/ISIC_6133201_640x427.jpg,train,benign,9265,52.0,20012,2.0,-1,0
train_set/benign/ISIC_6135403_640x360.jpg,train,benign,1458,80.0,20021,6.0,-1,0
train_set/benign/ISIC_6135865_640x360.jpg,train,benign,4432,82.0,20023,6.0,-1,0
train_set/benign/ISIC_6138955_640x360.jpg,train,benign,1660,90.0,20031,2.0,-1,0
train_set/benign/ISIC_6141339_640x360.jpg,train,benign,1307,86.0,20039,4.0,-1,0
train_set/benign/ISIC_6143791_640x480.jpg,train,benign,8810,82.0,20044,2.0,-1,0
train_set/benign/ISIC_6146097_640x480.jpg,train,benign,8626,84.0,20052,4.0,-1,0
train_set/benign/ISIC_6146171_640x478.jpg,train,benign,7922,80.0,20053,2.0,-1,0
train_set/benign/ISIC_6146415_640x480.jpg,train,benign,1445,92.0,20056,0.0,-1,0
train_set/benign/ISIC_6147712_640x427.jpg,train,benign,8839,50.0,20061,0.0,-1,0
train_set/benign/ISIC_6151842_640x360.jpg,train,benign,5966,68.0,20071,2.0,-1,0
train_set/benign/ISIC_6152426_640x427.jpg,train,benign,7670,76.0,20073,4.0,-1,0
train_set/benign/ISIC_6154667_640x480.jpg,train,benign,1488,90.0,20082,2.0,-1,0
train_set/benign/ISIC_6155423_640x478.jpg,train,benign,2410,84.0,20085,8.0,-1,0
train_set/benign/ISIC_6156296_640x360.jpg,train,benign,9779,88.0,20088,2.0,-1,0
train_set/benign/ISIC_6157226_640x480.jpg,train,benign,1829,86.0,20089,2.0,-1,0
train_set/benign/ISIC_6158021_640x360.jpg,train,benign,1386,80.0,20092,4.0,-1,0
train_set/benign/ISIC_6159865_640x360.jpg,train,benign,8050,78.0,20096,4.0,-1,0
train_set/benign/ISIC_6162499_640x480.jpg,train,benign,449,92.0,20103,2.0,-1,0
train_set/benign/ISIC_6163859_640x480.jpg,train,benign,597,92.0,20112,2.0,-1,0
train_set/benign/ISIC_6165627_640x360.jpg,train,benign,1670,84.0,20119,2.0,-1,0
train_set/benign/ISIC_6167855_640x427.jpg,train,benign,9151,84.0,20127,0.0,-1,0
train_set/benign/ISIC_6169297_640x360.jpg,train,benign,2320,96.0,20130,0.0,-1,0
train_set/benign/ISIC_6169609_640x480.jpg,train,benign,7996,84.0,20133,2.0,-1,0
train_set/benign/ISIC_6171737_640x360.jpg,train,benign,150,90.0,20137,4.0,-1,0
train_set/benign/ISIC_6172656_640x480.jpg,train,benign,9151,66.0,20143,2.0,-1,0
train_set/benign/ISIC_6173142_640x480.jpg,train,benign,8591,82.0,20144,0.0,-1,0
train_set/benign/ISIC_6174933_640x360.jpg,train,benign,6275,86.0,20149,0.0,-1,0
train_set/benign/ISIC_6176518_640x480.jpg,train,benign,9432,70.0,20152,2.0,-1,0
train_set/benign/ISIC_6178099_640x360.jpg,train,benign,1323,86.0,20161,8.0,-1,0
train_set/benign/ISIC_6178740_640x360.jpg,train,benign,7427,88.0,20165,4.0,-1,0
train_set/benign/ISIC_6180938_640x480.jpg,train,benign,9084,70.0,20170,4.0,-1,0
train_set/benign/ISIC_6181449_640x360.jpg,train,benign,3054,88.0,20171,2.0,-1,0
train_set/benign/ISIC_6181505_640x360.jpg,train,benign,4852,90.0,20172,2.0,-1,0
train_set/benign/ISIC_6184478_640x480.jpg,train,benign,2413,92.0,20177,0.0,-1,0
train_set/benign/ISIC_6184911_640x480.jpg,train,benign,9259,90.0,20178,2.0,-1,0
train_set/benign/ISIC_6185493_640x360.jpg,train,benign,1348,90.0,20180,2.0,-1,0
train_set/benign/ISIC_6186467_640x427.jpg,train,benign,6909,56.0,20181,2.0,-1,0
train_set/benign/ISIC_6187143_640x427.jpg,train,benign,6799,62.0,20184,2.0,-1,0
train_set/benign/ISIC_6188574_640x427.jpg,train,benign,7098,76.0,20190,6.0,-1,0
train_set/benign/ISIC_6188901_640x427.jpg,train,benign,772,94.0,20191,2.0,-1,0
train_set/benign/ISIC_6193134_640x480.jpg,train,benign,1164,96.0,20205,2.0,-1,0
train_set/benign/ISIC_6198121_640x427.jpg,train,benign,8948,68.0,20212,4.0,-1,0
train_set/benign/ISIC_6200688_640x427.jpg,train,benign,9152,80.0,20219,2.0,-1,0
train_set/benign/ISIC_6204970_640x480.jpg,train,benign,4075,84.0,20232,2.0,-1,0
train_set/benign/ISIC_6207286_640x360.jpg,train,benign,8830,68.0,20234,4.0,-1,0
train_set/benign/ISIC_6208222_640x360.jpg,train,benign,1547,86.0,20238,4.0,-1,0
train_set/benign/ISIC_6208508_640x480.jpg,train,benign,3797,86.0,20240,2.0,-1,0
train_set/benign/ISIC_6208775_640x427.jpg,train,benign,7545,82.0,20243,2.0,-1,0
train_set/benign/ISIC_6211633_640x480.jpg,train,benign,71,86.0,20256,4.0,-1,0
train_set/benign/ISIC_6215646_640x360.jpg,train,benign,3484,84.0,20262,4.0,-1,0
train_set/benign/ISIC_6216261_640x360.jpg,train,benign,2626,82.0,20263,6.0,-1,0
train_set/benign/ISIC_6217184_640x425.jpg,train,benign,1170,78.0,20267,4.0,-1,0
train_set/benign/ISIC_6219458_640x427.jpg,train,benign,9265,58.0,20271,0.0,-1,0
train_set/benign/ISIC_6219532_640x360.jpg,train,benign,7620,86.0,20272,2.0,-1,0
train_set/benign/ISIC_6219909_640x480.jpg,train,benign,8775,56.0,20273,0.0,-1,0
train_set/benign/ISIC_6220784_640x360.jpg,train,benign,3732,84.0,20275,6.0,-1,0
train_set/benign/ISIC_6221203_640x360.jpg,train,benign,8860,90.0,20278,4.0,-1,0
train_set/benign/ISIC_6224829_640x360.jpg,train,benign,6330,84.0,20288,2.0,-1,0
train_set/benign/ISIC_6224915_640x480.jpg,train,benign,2976,88.0,20289,0.0,-1,0
train_set/benign/ISIC_6225107_640x360.jpg,train,benign,6203,86.0,20291,4.0,-1,0
train_set/benign/ISIC_6225409_640x480.jpg,train,benign,6814,86.0,20293,2.0,-1,0
train_set/benign/ISIC_6226925_640x480.jpg,train,benign,7136,90.0,20298,0.0,-1,0
train_set/benign/ISIC_6227397_640x480.jpg,train,benign,7399,78.0,20299,0.0,-1,0
train_set/benign/ISIC_6227942_640x427.jpg,train,benign,8949,24.0,20302,0.0,-1,0
train_set/benign/ISIC_6228536_640x478.jpg,train,benign,1226,80.0,20304,2.0,-1,0
train_set/benign/ISIC_6229178_640x427.jpg,train,benign,6962,60.0,20310,2.0,-1,0
train_set/benign/ISIC_6234013_640x480.jpg,train,benign,7124,78.0,20317,0.0,-1,0
train_set/benign/ISIC_6234702_640x427.jpg,train,benign,8712,68.0,20318,0.0,-1,0
train_set/benign/ISIC_6236911_640x480.jpg,train,benign,7249,80.0,20323,2.0,-1,0
train_set/benign/ISIC_6237799_640x360.jpg,train,benign,9127,82.0,20325,4.0,-1,0
train_set/benign/ISIC_6239639_640x427.jpg,train,benign,7497,64.0,20329,2.0,-1,0
train_set/benign/ISIC_6242942_640x360.jpg,train,benign,6664,86.0,20344,4.0,-1,0
train_set/benign/ISIC_6244332_640x427.jpg,train,benign,1837,94.0,20349,2.0,-1,0
train_set/benign/ISIC_6244808_640x427.jpg,train,benign,7636,78.0,20351,2.0,-1,0
train_set/benign/ISIC_6247314_640x360.jpg,train,benign,8839,68.0,20359,6.0,-1,0
train_set/benign/ISIC_6247668_640x360.jpg,train,benign,3142,84.0,20363,4.0,-1,0
train_set/benign/ISIC_6249028_640x427.jpg,train,benign,9200,60.0,20367,0.0,-1,0
train_set/benign/ISIC_6249885_640x427.jpg,train,benign,2265,78.0,20370,2.0,-1,0
train_set/benign/ISIC_6251061_640x360.jpg,train,benign,8554,82.0,20377,2.0,-1,0
train_set/benign/ISIC_6254731_640x360.jpg,train,benign,7657,86.0,20390,4.0,-1,0
train_set/benign/ISIC_6257422_640x427.jpg,train,benign,1390,78.0,20400,4.0,-1,0
train_set/benign/ISIC_6258744_640x360.jpg,train,benign,4677,88.0,20406,6.0,-1,0
train_set/benign/ISIC_6264165_640x480.jpg,train,benign,2988,86.0,20424,2.0,-1,0
train_set/benign/ISIC_6265551_640x360.jpg,train,benign,3719,74.0,20431,2.0,-1,0
train_set/benign/ISIC_6267158_640x427.jpg,train,benign,678,86.0,20437,2.0,-1,0
train_set/benign/ISIC_6267455_640x360.jpg,train,benign,3546,76.0,20439,8.0,-1,0
train_set/benign/ISIC_6268691_640x360.jpg,train,benign,5939,86.0,20444,0.0,-1,0
train_set/benign/ISIC_6269543_640x480.jpg,train,benign,7144,78.0,20449,0.0,-1,0
train_set/benign/ISIC_6271218_640x360.jpg,train,benign,6573,68.0,20456,4.0,-1,0
train_set/benign/ISIC_6272249_640x427.jpg,train,benign,7922,58.0,20460,2.0,-1,0
train_set/benign/ISIC_6272661_640x480.jpg,train,benign,7532,84.0,20462,4.0,-1,0
train_set/benign/ISIC_6272993_640x360.jpg,train,benign,5187,88.0,20463,6.0,-1,0
train_set/benign/ISIC_6274020_640x427.jpg,train,benign,790,90.0,20467,2.0,-1,0
train_set/benign/ISIC_6275397_640x478.jpg,train,benign,2642,84.0,20470,2.0,-1,0
train_set/benign/ISIC_6284012_640x480.jpg,train,benign,5569,80.0,20493,2.0,-1,0
train_set/benign/ISIC_6286876_640x360.jpg,train,benign,9378,78.0,20502,6.0,-1,0
train_set/benign/ISIC_6287600_640x427.jpg,train,benign,2392,64.0,20505,4.0,-1,0
train_set/benign/ISIC_6288337_640x360.jpg,train,benign,3622,84.0,20507,2.0,-1,0
train_set/benign/ISIC_6288696_640x360.jpg,train,benign,9009,80.0,20508,4.0,-1,0
train_set/benign/ISIC_6289684_640x360.jpg,train,benign,9250,84.0,20513,6.0,-1,0
train_set/benign/ISIC_6289765_640x427.jpg,train,benign,1933,82.0,20514,0.0,-1,0
train_set/benign/ISIC_6291051_640x427.jpg,train,benign,9195,68.0,20519,4.0,-1,0
train_set/benign/ISIC_6291884_640x427.jpg,train,benign,7784,86.0,20521,6.0,-1,0
train_set/benign/ISIC_6292863_640x360.jpg,train,benign,202,88.0,20525,2.0,-1,0
train_set/benign/ISIC_6293829_640x427.jpg,train,benign,3585,90.0,20530,2.0,-1,0
train_set/benign/ISIC_6294069_640x427.jpg,train,benign,7912,70.0,20531,4.0,-1,0
train_set/benign/ISIC_6294994_640x360.jpg,train,benign,8893,84.0,20533,2.0,-1,0
train_set/benign/ISIC_6296442_640x478.jpg,train,benign,1588,76.0,20543,0.0,-1,0
train_set/benign/ISIC_6296651_640x427.jpg,train,benign,8894,54.0,20544,6.0,-1,0
train_set/benign/ISIC_6297317_640x360.jpg,train,benign,7251,72.0,20546,2.0,-1,0
train_set/benign/ISIC_6298293_640x480.jpg,train,benign,1188,90.0,20550,0.0,-1,0
train_set/benign/ISIC_6298726_640x360.jpg,train,benign,4475,90.0,20551,8.0,-1,0
train_set/benign/ISIC_6298988_640x480.jpg,train,benign,7163,88.0,20553,0.0,-1,0
train_set/benign/ISIC_6299687_640x480.jpg,train,benign,645,94.0,20559,0.0,-1,0
train_set/benign/ISIC_6299969_640x360.jpg,train,benign,869,86.0,20561,4.0,-1,0
train_set/benign/ISIC_6300814_640x360.jpg,train,benign,5212,86.0,20562,4.0,-1,0
train_set/benign/ISIC_6301774_640x360.jpg,train,benign,2462,92.0,20563,6.0,-1,0
train_set/benign/ISIC_6301984_640x360.jpg,train,benign,7688,80.0,20564,0.0,-1,0
train_set/benign/ISIC_6302389_640x427.jpg,train,benign,9828,64.0,20566,4.0,-1,0
train_set/benign/ISIC_6303154_640x480.jpg,train,benign,3901,80.0,20569,2.0,-1,0
train_set/benign/ISIC_6304171_640x480.jpg,train,benign,9409,80.0,20573,2.0,-1,0
train_set/benign/ISIC_6305442_640x478.jpg,train,benign,2521,84.0,20581,2.0,-1,0
train_set/benign/ISIC_6306333_640x427.jpg,train,benign,7049,74.0,20585,2.0,-1,0
train_set/benign/ISIC_6306410_640x360.jpg,train,benign,9634,70.0,20586,4.0,-1,0
train_set/benign/ISIC_6311419_640x360.jpg,train,benign,3407,92.0,20599,2.0,-1,0
train_set/benign/ISIC_6312714_640x360.jpg,train,benign,115,72.0,20604,6.0,-1,0
train_set/benign/ISIC_6312979_640x427.jpg,train,benign,6962,68.0,20606,2.0,-1,0
train_set/benign/ISIC_6316781_640x360.jpg,train,benign,3397,92.0,20618,2.0,-1,0
train_set/benign/ISIC_6319958_640x427.jpg,train,benign,7580,72.0,20629,2.0,-1,0
train_set/benign/ISIC_6320012_640x480.jpg,train,benign,2565,88.0,20630,0.0,-1,0
train_set/benign/ISIC_6326406_640x480.jpg,train,benign,652,80.0,20657,0.0,-1,0
train_set/benign/ISIC_6326790_640x360.jpg,train,benign,228,92.0,20659,4.0,-1,0
train_set/benign/ISIC_6326803_640x427.jpg,train,benign,9090,76.0,7265,0.0,-1,0
train_set/benign/ISIC_6330529_640x427.jpg,train,benign,7555,76.0,20668,0.0,-1,0
train_set/benign/ISIC_6330821_640x360.jpg,train,benign,597,82.0,20670,2.0,-1,0
train_set/benign/ISIC_6336926_640x427.jpg,train,benign,2175,88.0,20688,4.0,-1,0
train_set/benign/ISIC_6340018_640x480.jpg,train,benign,8792,78.0,20695,0.0,-1,0
train_set/benign/ISIC_6341033_640x360.jpg,train,benign,6359,84.0,20702,6.0,-1,0
train_set/benign/ISIC_6341670_640x427.jpg,train,benign,1268,82.0,20703,2.0,-1,0
train_set/benign/ISIC_6342224_640x360.jpg,train,benign,7787,76.0,20706,4.0,-1,0
train_set/benign/ISIC_6342533_640x427.jpg,train,benign,3427,86.0,20708,2.0,-1,0
train_set/benign/ISIC_6342641_640x478.jpg,train,benign,766,86.0,20709,0.0,-1,0
train_set/benign/ISIC_6342873_640x427.jpg,train,benign,8241,76.0,20711,4.0,-1,0
train_set/benign/ISIC_6346725_640x427.jpg,train,benign,6825,80.0,20721,4.0,-1,0
train_set/benign/ISIC_6347332_640x360.jpg,train,benign,5966,82.0,20726,2.0,-1,0
train_set/benign/ISIC_6347975_640x360.jpg,train,benign,8810,84.0,20730,4.0,-1,0
train_set/benign/ISIC_6352401_640x427.jpg,train,benign,6909,62.0,20742,2.0,-1,0
train_set/benign/ISIC_6352858_640x480.jpg,train,benign,6877,64.0,20746,2.0,-1,0
train_set/benign/ISIC_6352997_640x478.jpg,train,benign,9131,68.0,20749,0.0,-1,0
train_set/benign/ISIC_6353527_640x427.jpg,train,benign,6370,92.0,20752,2.0,-1,0
train_set/benign/ISIC_6353530_640x427.jpg,train,benign,6862,64.0,20753,2.0,-1,0
train_set/benign/ISIC_6354194_640x360.jpg,train,benign,6182,78.0,20754,2.0,-1,0
train_set/benign/ISIC_6354666_640x360.jpg,train,benign,4498,92.0,20756,2.0,-1,0
train_set/benign/ISIC_6356861_640x427.jpg,train,benign,7002,68.0,20761,4.0,-1,0
train_set/benign/ISIC_6358383_640x360.jpg,train,benign,5185,90.0,20765,6.0,-1,0
train_set/benign/ISIC_6362735_640x480.jpg,train,benign,7156,82.0,20770,2.0,-1,0
train_set/benign/ISIC_6364051_640x427.jpg,train,benign,917,82.0,20773,0.0,-1,0
train_set/benign/ISIC_6365318_640x360.jpg,train,benign,8407,84.0,20779,6.0,-1,0
train_set/benign/ISIC_6366192_640x360.jpg,train,benign,4623,84.0,20782,4.0,-1,0
train_set/benign/ISIC_6366677_640x427.jpg,train,benign,5,88.0,20784,0.0,-1,0
train_set/benign/ISIC_6367092_640x480.jpg,train,benign,7531,88.0,20785,0.0,-1,0
train_set/benign/ISIC_6370142_640x360.jpg,train,benign,543,92.0,20790,2.0,-1,0
train_set/benign/ISIC_6370792_640x480.jpg,train,benign,1329,74.0,20793,0.0,-1,0
train_set/benign/ISIC_6372726_640x360.jpg,train,benign,196,84.0,20798,0.0,-1,0
train_set/benign/ISIC_6373500_640x360.jpg,train,benign,6661,84.0,20799,0.0,-1,0
train_set/benign/ISIC_6374267_640x427.jpg,train,benign,7181,78.0,20804,0.0,-1,0
train_set/benign/ISIC_6377047_640x360.jpg,train,benign,3019,88.0,20813,0.0,-1,0
train_set/benign/ISIC_6377622_640x480.jpg,train,benign,4778,72.0,20815,2.0,-1,0
train_set/benign/ISIC_6377883_640x480.jpg,train,benign,1697,82.0,20816,2.0,-1,0
train_set/benign/ISIC_6378169_640x427.jpg,train,benign,8545,70.0,20817,2.0,-1,0
train_set/benign/ISIC_6379790_640x427.jpg,train,benign,770,82.0,20823,4.0,-1,0
train_set/benign/ISIC_6380766_640x427.jpg,train,benign,6763,84.0,20826,4.0,-1,0
train_set/benign/ISIC_6380982_640x360.jpg,train,benign,1435,90.0,20827,10.0,-1,0
train_set/benign/ISIC_6382207_640x360.jpg,train,benign,1942,86.0,20838,4.0,-1,0
train_set/benign/ISIC_6383922_640x427.jpg,train,benign,1369,76.0,20843,4.0,-1,0
train_set/benign/ISIC_6383949_640x427.jpg,train,benign,9182,60.0,20844,4.0,-1,0
train_set/benign/ISIC_6384274_640x427.jpg,train,benign,8839,80.0,20845,2.0,-1,0
train_set/benign/ISIC_6385296_640x480.jpg,train,benign,7768,82.0,20854,4.0,-1,0
train_set/benign/ISIC_6385793_640x360.jpg,train,benign,3837,94.0,20857,4.0,-1,0
train_set/benign/ISIC_6386485_640x480.jpg,train,benign,9133,86.0,20859,2.0,-1,0
train_set/benign/ISIC_6387764_640x360.jpg,train,benign,8024,84.0,20861,4.0,-1,0
train_set/benign/ISIC_6388531_640x360.jpg,train,benign,5810,90.0,20862,2.0,-1,0
train_set/benign/ISIC_6388940_640x360.jpg,train,benign,9533,58.0,20864,2.0,-1,0
train_set/benign/ISIC_6392658_640x360.jpg,train,benign,8387,90.0,20876,2.0,-1,0
train_set/benign/ISIC_6396473_640x480.jpg,train,benign,4693,80.0,20886,2.0,-1,0
train_set/benign/ISIC_6397631_640x480.jpg,train,benign,4126,86.0,20888,0.0,-1,0
train_set/benign/ISIC_6398519_640x480.jpg,train,benign,5545,80.0,20890,0.0,-1,0
train_set/benign/ISIC_6399767_640x427.jpg,train,benign,8949,34.0,20897,0.0,-1,0
train_set/benign/ISIC_6400714_640x427.jpg,train,benign,8620,74.0,20904,2.0,-1,0
train_set/benign/ISIC_6407190_640x427.jpg,train,benign,1453,88.0,20928,2.0,-1,0
train_set/benign/ISIC_6411939_640x480.jpg,train,benign,7390,60.0,20945,2.0,-1,0
train_set/benign/ISIC_6411966_640x360.jpg,train,benign,5455,82.0,20946,4.0,-1,0
train_set/benign/ISIC_6413346_640x360.jpg,train,benign,7223,76.0,20950,4.0,-1,0
train_set/benign/ISIC_6413382_640x360.jpg,train,benign,5150,68.0,20951,6.0,-1,0
train_set/benign/ISIC_6413847_640x480.jpg,train,benign,2968,86.0,20953,4.0,-1,0
train_set/benign/ISIC_6416127_640x478.jpg,train,benign,1825,86.0,20958,4.0,-1,0
train_set/benign/ISIC_6416533_640x480.jpg,train,benign,7499,86.0,20959,4.0,-1,0
train_set/benign/ISIC_6422441_640x360.jpg,train,benign,9189,86.0,20977,6.0,-1,0
train_set/benign/ISIC_6422710_640x427.jpg,train,benign,6824,72.0,20979,2.0,-1,0
train_set/benign/ISIC_6428020_640x427.jpg,train,benign,7049,78.0,20999,2.0,-1,0
train_set/benign/ISIC_6430052_640x480.jpg,train,benign,6115,64.0,21002,2.0,-1,0
train_set/benign/ISIC_6430323_640x478.jpg,train,benign,78,84.0,21005,2.0,-1,0
train_set/benign/ISIC_6431475_640x480.jpg,train,benign,3473,78.0,21006,2.0,-1,0
train_set/benign/ISIC_6433084_640x478.jpg,train,benign,9447,86.0,21013,2.0,-1,0
train_set/benign/ISIC_6433284_640x360.jpg,train,benign,4741,80.0,21015,0.0,-1,0
train_set/benign/ISIC_6434192_640x480.jpg,train,benign,4811,92.0,21018,2.0,-1,0
train_set/benign/ISIC_6434878_640x427.jpg,train,benign,663,82.0,21025,2.0,-1,0
train_set/benign/ISIC_6436212_640x427.jpg,train,benign,9182,70.0,21031,6.0,-1,0
train_set/benign/ISIC_6438174_640x360.jpg,train,benign,1634,88.0,21038,6.0,-1,0
train_set/benign/ISIC_6440420_640x427.jpg,train,benign,8948,66.0,21043,0.0,-1,0
train_set/benign/ISIC_6440489_640x427.jpg,train,benign,9260,78.0,21044,0.0,-1,0
train_set/benign/ISIC_6441489_640x480.jpg,train,benign,5694,84.0,21048,0.0,-1,0
train_set/benign/ISIC_6441689_640x360.jpg,train,benign,6224,76.0,21050,6.0,-1,0
train_set/benign/ISIC_6443700_640x360.jpg,train,benign,8751,84.0,21054,4.0,-1,0
train_set/benign/ISIC_6445453_640x360.jpg,train,benign,1368,76.0,21061,4.0,-1,0
train_set/benign/ISIC_6446753_640x360.jpg,train,benign,8208,88.0,21066,0.0,-1,0
train_set/benign/ISIC_6446825_640x478.jpg,train,benign,9569,80.0,21068,0.0,-1,0
train_set/benign/ISIC_6447071_640x480.jpg,train,benign,8752,80.0,21069,2.0,-1,0
train_set/benign/ISIC_6448654_640x360.jpg,train,benign,668,80.0,21077,2.0,-1,0
train_set/benign/ISIC_6450756_640x360.jpg,train,benign,5325,72.0,21085,2.0,-1,0
train_set/benign/ISIC_6451703_640x360.jpg,train,benign,2407,76.0,21088,2.0,-1,0
train_set/benign/ISIC_6452498_640x360.jpg,train,benign,6176,90.0,21090,2.0,-1,0
train_set/benign/ISIC_6453506_640x427.jpg,train,benign,8948,86.0,21092,2.0,-1,0
train_set/benign/ISIC_6455934_640x427.jpg,train,benign,6962,64.0,21098,2.0,-1,0
train_set/benign/ISIC_6461419_640x360.jpg,train,benign,796,84.0,21117,2.0,-1,0
train_set/benign/ISIC_6461484_640x480.jpg,train,benign,7203,84.0,21118,0.0,-1,0
train_set/benign/ISIC_6464152_640x425.jpg,train,benign,1492,76.0,21123,2.0,-1,0
train_set/benign/ISIC_6464378_640x360.jpg,train,benign,6869,74.0,21125,6.0,-1,0
train_set/benign/ISIC_6468427_640x427.jpg,train,benign,8949,44.0,21135,4.0,-1,0
train_set/benign/ISIC_6470698_640x480.jpg,train,benign,2419,88.0,21144,4.0,-1,0
train_set/benign/ISIC_6472901_640x360.jpg,train,benign,261,90.0,21151,8.0,-1,0
train_set/benign/ISIC_6473449_640x425.jpg,train,benign,2587,82.0,21153,2.0,-1,0
train_set/benign/ISIC_6475034_640x427.jpg,train,benign,7545,74.0,21161,0.0,-1,0
train_set/benign/ISIC_6478101_640x360.jpg,train,benign,8300,80.0,21170,6.0,-1,0
train_set/benign/ISIC_6478314_640x427.jpg,train,benign,7618,64.0,21171,2.0,-1,0
train_set/benign/ISIC_6479426_640x480.jpg,train,benign,4551,92.0,21174,0.0,-1,0
train_set/benign/ISIC_6480425_640x480.jpg,train,benign,6763,80.0,21179,0.0,-1,0
train_set/benign/ISIC_6481625_640x427.jpg,train,benign,9270,66.0,21183,6.0,-1,0
train_set/benign/ISIC_6482662_640x427.jpg,train,benign,7010,76.0,21190,4.0,-1,0
train_set/benign/ISIC_6483766_640x360.jpg,train,benign,7926,82.0,21193,2.0,-1,0
train_set/benign/ISIC_6485348_640x360.jpg,train,benign,4267,68.0,21197,4.0,-1,0
train_set/benign/ISIC_6487577_640x480.jpg,train,benign,2368,74.0,21206,0.0,-1,0
train_set/benign/ISIC_6488089_640x360.jpg,train,benign,5109,92.0,21208,2.0,-1,0
train_set/benign/ISIC_6488635_640x427.jpg,train,benign,2447,88.0,21210,2.0,-1,0
train_set/benign/ISIC_6490895_640x427.jpg,train,benign,1753,90.0,21217,0.0,-1,0
train_set/benign/ISIC_6491919_640x360.jpg,train,benign,6443,84.0,21221,4.0,-1,0
train_set/benign/ISIC_6496765_640x360.jpg,train,benign,4331,80.0,21230,4.0,-1,0
train_set/benign/ISIC_6497508_640x480.jpg,train,benign,773,88.0,21234,2.0,-1,0
train_set/benign/ISIC_6497801_640x360.jpg,train,benign,6771,66.0,21236,6.0,-1,0
train_set/benign/ISIC_6498634_640x480.jpg,train,benign,9151,70.0,21239,2.0,-1,0
train_set/benign/ISIC_6498670_640x427.jpg,train,benign,5275,82.0,21240,2.0,-1,0
train_set/benign/ISIC_6503730_640x427.jpg,train,benign,2956,88.0,21259,4.0,-1,0
train_set/benign/ISIC_6507792_640x480.jpg,train,benign,6318,88.0,21270,2.0,-1,0
train_set/benign/ISIC_6512384_640x427.jpg,train,benign,3043,90.0,21284,2.0,-1,0
train_set/benign/ISIC_6515283_640x427.jpg,train,benign,75,46.0,21296,0.0,-1,0
train_set/benign/ISIC_6515912_640x427.jpg,train,benign,1416,86.0,21299,0.0,-1,0
train_set/benign/ISIC_6517082_640x480.jpg,train,benign,4007,80.0,21302,0.0,-1,0
train_set/benign/ISIC_6520179_640x360.jpg,train,benign,9817,92.0,21307,2.0,-1,0
train_set/benign/ISIC_6523459_640x427.jpg,train,benign,1393,66.0,21317,2.0,-1,0
train_set/benign/ISIC_6525194_640x427.jpg,train,benign,10,86.0,21322,4.0,-1,0
train_set/benign/ISIC_6526237_640x427.jpg,train,benign,9373,76.0,21324,4.0,-1,0
train_set/benign/ISIC_6527288_640x427.jpg,train,benign,4956,84.0,21330,2.0,-1,0
train_set/benign/ISIC_6528650_640x360.jpg,train,benign,6350,88.0,21335,4.0,-1,0
train_set/benign/ISIC_6531003_640x427.jpg,train,benign,7556,82.0,21342,4.0,-1,0
train_set/benign/ISIC_6531118_640x480.jpg,train,benign,7601,88.0,21343,4.0,-1,0
train_set/benign/ISIC_6531557_640x480.jpg,train,benign,1464,84.0,21345,2.0,-1,0
train_set/benign/ISIC_6532805_640x427.jpg,train,benign,7722,54.0,21348,2.0,-1,0
train_set/benign/ISIC_6535381_640x427.jpg,train,benign,1276,72.0,21358,10.0,-1,0
train_set/benign/ISIC_6535502_640x427.jpg,train,benign,2334,64.0,21359,4.0,-1,0
train_set/benign/ISIC_6536232_640x480.jpg,train,benign,9206,70.0,21362,0.0,-1,0
train_set/benign/ISIC_6536419_640x427.jpg,train,benign,7744,52.0,21363,2.0,-1,0
train_set/benign/ISIC_6539116_640x427.jpg,train,benign,7019,66.0,21372,4.0,-1,0
train_set/benign/ISIC_6539852_640x480.jpg,train,benign,939,84.0,21376,2.0,-1,0
train_set/benign/ISIC_6542162_640x360.jpg,train,benign,2416,64.0,21380,4.0,-1,0
train_set/benign/ISIC_6544804_640x360.jpg,train,benign,1505,84.0,21389,8.0,-1,0
train_set/benign/ISIC_6546981_640x427.jpg,train,benign,7860,78.0,21393,2.0,-1,0
train_set/benign/ISIC_6547083_640x480.jpg,train,benign,7908,64.0,21394,2.0,-1,0
train_set/benign/ISIC_6547336_640x360.jpg,train,benign,4728,90.0,21396,6.0,-1,0
train_set/benign/ISIC_6547379_640x480.jpg,train,benign,196,92.0,21397,2.0,-1,0
train_set/benign/ISIC_6547605_640x480.jpg,train,benign,5598,84.0,21398,2.0,-1,0
train_set/benign/ISIC_6549798_640x480.jpg,train,benign,7787,76.0,21407,4.0,-1,0
train_set/benign/ISIC_6550761_640x427.jpg,train,benign,6572,78.0,21415,0.0,-1,0
train_set/benign/ISIC_6550925_640x480.jpg,train,benign,1733,76.0,21416,4.0,-1,0
train_set/benign/ISIC_6552115_640x480.jpg,train,benign,2839,86.0,21420,0.0,-1,0
train_set/benign/ISIC_6552552_640x360.jpg,train,benign,7883,80.0,21423,4.0,-1,0
train_set/benign/ISIC_6554025_640x360.jpg,train,benign,5019,72.0,21434,2.0,-1,0
train_set/benign/ISIC_6554961_640x480.jpg,train,benign,2908,74.0,21435,0.0,-1,0
train_set/benign/ISIC_6555039_640x425.jpg,train,benign,79,84.0,21436,2.0,-1,0
train_set/benign/ISIC_6555249_640x360.jpg,train,benign,5299,90.0,21438,4.0,-1,0
train_set/benign/ISIC_6555563_640x360.jpg,train,benign,8840,62.0,21441,4.0,-1,0
train_set/benign/ISIC_6556220_640x360.jpg,train,benign,3097,92.0,21444,2.0,-1,0
train_set/benign/ISIC_6556622_640x360.jpg,train,benign,1130,90.0,21447,4.0,-1,0
train_set/benign/ISIC_6557292_640x480.jpg,train,benign,4999,82.0,21449,2.0,-1,0
train_set/benign/ISIC_6558904_640x360.jpg,train,benign,4445,92.0,21456,4.0,-1,0
train_set/benign/ISIC_6559830_640x427.jpg,train,benign,9302,56.0,21457,2.0,-1,0
train_set/benign/ISIC_6561787_640x360.jpg,train,benign,861,92.0,21464,4.0,-1,0
train_set/benign/ISIC_6562729_640x360.jpg,train,benign,5264,90.0,21467,2.0,-1,0
train_set/benign/ISIC_6563695_640x360.jpg,train,benign,9494,84.0,21473,4.0,-1,0
train_set/benign/ISIC_6563761_640x480.jpg,train,benign,544,90.0,21474,2.0,-1,0
train_set/benign/ISIC_6564196_640x480.jpg,train,benign,9170,84.0,21476,0.0,-1,0
train_set/benign/ISIC_6566304_640x427.jpg,train,benign,376,52.0,21485,2.0,-1,0
train_set/benign/ISIC_6568233_640x427.jpg,train,benign,9940,82.0,21489,0.0,-1,0
train_set/benign/ISIC_6568236_640x360.jpg,train,benign,7883,72.0,21490,8.0,-1,0
train_set/benign/ISIC_6568247_640x480.jpg,train,benign,3175,94.0,21491,2.0,-1,0
train_set/benign/ISIC_6570611_640x478.jpg,train,benign,635,96.0,21499,4.0,-1,0
train_set/benign/ISIC_6571305_640x427.jpg,train,benign,24,84.0,21501,2.0,-1,0
train_set/benign/ISIC_6571459_640x360.jpg,train,benign,4509,86.0,21503,6.0,-1,0
train_set/benign/ISIC_6572147_640x427.jpg,train,benign,2647,90.0,21505,2.0,-1,0
train_set/benign/ISIC_6572463_640x360.jpg,train,benign,8830,70.0,21506,4.0,-1,0
train_set/benign/ISIC_6573514_640x427.jpg,train,benign,794,76.0,21509,6.0,-1,0
train_set/benign/ISIC_6575298_640x427.jpg,train,benign,3978,86.0,21521,2.0,-1,0
train_set/benign/ISIC_6575871_640x360.jpg,train,benign,6189,90.0,21523,4.0,-1,0
train_set/benign/ISIC_6576549_640x360.jpg,train,benign,7882,86.0,21526,2.0,-1,0
train_set/benign/ISIC_6577551_640x480.jpg,train,benign,6894,90.0,21530,0.0,-1,0
train_set/benign/ISIC_6578862_640x360.jpg,train,benign,1673,84.0,21538,2.0,-1,0
train_set/benign/ISIC_6580390_640x427.jpg,train,benign,9195,54.0,21544,6.0,-1,0
train_set/benign/ISIC_6581665_640x427.jpg,train,benign,2259,74.0,21550,0.0,-1,0
train_set/benign/ISIC_6584861_640x480.jpg,train,benign,1625,86.0,21559,2.0,-1,0
train_set/benign/ISIC_6585659_640x480.jpg,train,benign,9280,70.0,21561,0.0,-1,0
train_set/benign/ISIC_6587018_640x360.jpg,train,benign,6771,74.0,21566,8.0,-1,0
train_set/benign/ISIC_6590468_640x360.jpg,train,benign,7569,74.0,21584,6.0,-1,0
train_set/benign/ISIC_6591387_640x360.jpg,train,benign,5363,92.0,21589,2.0,-1,0
train_set/benign/ISIC_6593484_640x427.jpg,train,benign,6962,80.0,21594,2.0,-1,0
train_set/benign/ISIC_6595273_640x480.jpg,train,benign,6763,84.0,21601,2.0,-1,0
train_set/benign/ISIC_6595325_640x360.jpg,train,benign,3002,84.0,21602,4.0,-1,0
train_set/benign/ISIC_6596403_640x425.jpg,train,benign,2507,72.0,21606,4.0,-1,0
train_set/benign/ISIC_6597839_640x427.jpg,train,benign,8865,64.0,21609,0.0,-1,0
train_set/benign/ISIC_6600225_640x480.jpg,train,benign,7375,82.0,21616,0.0,-1,0
train_set/benign/ISIC_6604682_640x480.jpg,train,benign,1691,86.0,21631,2.0,-1,0
train_set/benign/ISIC_6605122_640x480.jpg,train,benign,7941,80.0,21633,0.0,-1,0
train_set/benign/ISIC_6606767_640x360.jpg,train,benign,3930,84.0,21638,6.0,-1,0
train_set/benign/ISIC_6609484_640x427.jpg,train,benign,6472,82.0,21651,2.0,-1,0
train_set/benign/ISIC_6610852_640x360.jpg,train,benign,6827,86.0,21656,8.0,-1,0
train_set/benign/ISIC_6612179_640x480.jpg,train,benign,5536,82.0,21657,2.0,-1,0
train_set/benign/ISIC_6612356_640x360.jpg,train,benign,4562,86.0,21659,2.0,-1,0
train_set/benign/ISIC_6613986_640x360.jpg,train,benign,934,92.0,21664,4.0,-1,0
train_set/benign/ISIC_6616542_640x480.jpg,train,benign,847,70.0,21676,2.0,-1,0
train_set/benign/ISIC_6617618_640x427.jpg,train,benign,1625,82.0,21679,4.0,-1,0
train_set/benign/ISIC_6624321_640x427.jpg,train,benign,6034,64.0,21705,2.0,-1,0
train_set/benign/ISIC_6628721_640x427.jpg,train,benign,6134,88.0,21718,2.0,-1,0
train_set/benign/ISIC_6628829_640x425.jpg,train,benign,800,70.0,21719,8.0,-1,0
train_set/benign/ISIC_6629629_640x360.jpg,train,benign,5911,92.0,21720,2.0,-1,0
train_set/benign/ISIC_6632614_640x360.jpg,train,benign,41,90.0,21725,8.0,-1,0
train_set/benign/ISIC_6633101_640x480.jpg,train,benign,6931,90.0,21727,0.0,-1,0
train_set/benign/ISIC_6633174_640x427.jpg,train,benign,9618,80.0,21728,2.0,-1,0
train_set/benign/ISIC_6634524_640x478.jpg,train,benign,7266,64.0,21730,0.0,-1,0
train_set/benign/ISIC_6638065_640x360.jpg,train,benign,7460,72.0,21743,4.0,-1,0
train_set/benign/ISIC_6638869_640x427.jpg,train,benign,9195,68.0,21745,0.0,-1,0
train_set/benign/ISIC_6640227_640x427.jpg,train,benign,75,78.0,21751,0.0,-1,0
train_set/benign/ISIC_6640981_640x480.jpg,train,benign,9827,80.0,21754,2.0,-1,0
train_set/benign/ISIC_6641007_640x427.jpg,train,benign,9229,92.0,21755,2.0,-1,0
train_set/benign/ISIC_6642819_640x360.jpg,train,benign,3549,76.0,21760,4.0,-1,0
train_set/benign/ISIC_6646870_640x427.jpg,train,benign,1615,80.0,21773,2.0,-1,0
train_set/benign/ISIC_6647130_640x427.jpg,train,benign,9475,82.0,21774,6.0,-1,0
train_set/benign/ISIC_6649866_640x360.jpg,train,benign,8180,92.0,21780,4.0,-1,0
train_set/benign/ISIC_6651721_640x427.jpg,train,benign,7545,66.0,21784,2.0,-1,0
train_set/benign/ISIC_6652094_640x360.jpg,train,benign,7698,90.0,21787,6.0,-1,0
train_set/benign/ISIC_6653456_640x360.jpg,train,benign,7566,78.0,21795,0.0,-1,0
train_set/benign/ISIC_6654565_640x360.jpg,train,benign,1217,88.0,21797,6.0,-1,0
train_set/benign/ISIC_6655446_640x360.jpg,train,benign,1998,86.0,21801,2.0,-1,0
train_set/benign/ISIC_6656373_640x427.jpg,train,benign,1263,66.0,21805,0.0,-1,0
train_set/benign/ISIC_6662941_640x360.jpg,train,benign,3498,82.0,21820,4.0,-1,0
train_set/benign/ISIC_6667142_640x427.jpg,train,benign,6714,80.0,21834,0.0,-1,0
train_set/benign/ISIC_6668237_640x427.jpg,train,benign,4449,72.0,21836,4.0,-1,0
train_set/benign/ISIC_6669601_640x360.jpg,train,benign,8017,76.0,21842,2.0,-1,0
train_set/benign/ISIC_6673875_640x360.jpg,train,benign,415,80.0,21852,8.0,-1,0
train_set/benign/ISIC_6674739_640x360.jpg,train,benign,1556,86.0,21856,4.0,-1,0
train_set/benign/ISIC_6675773_640x427.jpg,train,benign,3871,84.0,21860,6.0,-1,0
train_set/benign/ISIC_6676345_640x480.jpg,train,benign,7103,60.0,21863,4.0,-1,0
train_set/benign/ISIC_6676647_640x480.jpg,train,benign,9133,70.0,21866,0.0,-1,0
train_set/benign/ISIC_6679694_640x427.jpg,train,benign,8765,80.0,21874,0.0,-1,0
train_set/benign/ISIC_6680873_640x427.jpg,train,benign,1179,84.0,21878,4.0,-1,0
train_set/benign/ISIC_6681628_640x427.jpg,train,benign,8949,60.0,21880,2.0,-1,0
train_set/benign/ISIC_6684042_640x360.jpg,train,benign,7460,70.0,21890,4.0,-1,0
train_set/benign/ISIC_6687321_640x427.jpg,train,benign,5773,76.0,21899,2.0,-1,0
train_set/benign/ISIC_6688054_640x427.jpg,train,benign,9182,46.0,21902,4.0,-1,0
train_set/benign/ISIC_6688681_640x427.jpg,train,benign,1588,88.0,21905,0.0,-1,0
train_set/benign/ISIC_6694724_640x427.jpg,train,benign,8818,78.0,21920,2.0,-1,0
train_set/benign/ISIC_6696515_640x360.jpg,train,benign,570,96.0,21922,4.0,-1,0
train_set/benign/ISIC_6697332_640x427.jpg,train,benign,7054,80.0,21926,6.0,-1,0
train_set/benign/ISIC_6703021_640x427.jpg,train,benign,847,70.0,21942,4.0,-1,0
train_set/benign/ISIC_6705662_640x427.jpg,train,benign,1790,70.0,17883,4.0,-1,0
train_set/benign/ISIC_6706289_640x360.jpg,train,benign,9064,78.0,21955,4.0,-1,0
train_set/benign/ISIC_6706980_640x427.jpg,train,benign,5066,84.0,21958,4.0,-1,0
train_set/benign/ISIC_6708074_640x427.jpg,train,benign,8332,72.0,3908,2.0,-1,0
train_set/benign/ISIC_6709150_640x478.jpg,train,benign,2554,82.0,21967,2.0,-1,0
train_set/benign/ISIC_6710584_640x480.jpg,train,benign,847,78.0,21970,2.0,-1,0
train_set/benign/ISIC_6711169_640x480.jpg,train,benign,7518,80.0,21973,4.0,-1,0
train_set/benign/ISIC_6712470_640x480.jpg,train,benign,704,96.0,21978,4.0,-1,0
train_set/benign/ISIC_6717114_640x480.jpg,train,benign,9091,70.0,21994,0.0,-1,0
train_set/benign/ISIC_6718969_640x360.jpg,train,benign,1624,82.0,22001,6.0,-1,0
train_set/benign/ISIC_6722586_640x427.jpg,train,benign,8949,64.0,22009,2.0,-1,0
train_set/benign/ISIC_6722603_640x360.jpg,train,benign,5035,82.0,22010,2.0,-1,0
train_set/benign/ISIC_6724069_640x427.jpg,train,benign,1850,80.0,22015,2.0,-1,0
train_set/benign/ISIC_6724095_640x427.jpg,train,benign,9049,86.0,22016,2.0,-1,0
train_set/benign/ISIC_6726495_640x360.jpg,train,benign,6014,84.0,22026,0.0,-1,0
train_set/benign/ISIC_6729594_640x480.jpg,train,benign,6719,78.0,22031,0.0,-1,0
train_set/benign/ISIC_6732763_640x427.jpg,train,benign,7420,84.0,22041,2.0,-1,0
train_set/benign/ISIC_6734262_640x360.jpg,train,benign,2445,88.0,22043,0.0,-1,0
train_set/benign/ISIC_6734859_640x480.jpg,train,benign,4485,82.0,22045,4.0,-1,0
train_set/benign/ISIC_6735970_640x360.jpg,train,benign,5749,88.0,22048,4.0,-1,0
train_set/benign/ISIC_6736062_640x427.jpg,train,benign,7922,72.0,22049,2.0,-1,0
train_set/benign/ISIC_6736990_640x427.jpg,train,benign,8657,78.0,22050,2.0,-1,0
train_set/benign/ISIC_6737942_640x427.jpg,train,benign,7090,84.0,22054,0.0,-1,0
train_set/benign/ISIC_6739241_640x480.jpg,train,benign,173,88.0,22057,2.0,-1,0
train_set/benign/ISIC_6739648_640x427.jpg,train,benign,8839,52.0,22058,2.0,-1,0
train_set/benign/ISIC_6742185_640x360.jpg,train,benign,9870,86.0,22064,4.0,-1,0
train_set/benign/ISIC_6742341_640x427.jpg,train,benign,1786,70.0,22065,0.0,-1,0
train_set/benign/ISIC_6745062_640x480.jpg,train,benign,4619,88.0,22071,0.0,-1,0
train_set/benign/ISIC_6746530_640x480.jpg,train,benign,4097,88.0,22075,0.0,-1,0
train_set/benign/ISIC_6749335_640x427.jpg,train,benign,6839,84.0,22078,2.0,-1,0
train_set/benign/ISIC_6750759_640x480.jpg,train,benign,2443,60.0,22082,2.0,-1,0
train_set/benign/ISIC_6752060_640x480.jpg,train,benign,4178,84.0,22084,2.0,-1,0
train_set/benign/ISIC_6754835_640x427.jpg,train,benign,3982,78.0,22096,2.0,-1,0
train_set/benign/ISIC_6757540_640x360.jpg,train,benign,3649,82.0,22102,0.0,-1,0
train_set/benign/ISIC_6757682_640x427.jpg,train,benign,7444,60.0,22105,4.0,-1,0
train_set/benign/ISIC_6759173_640x480.jpg,train,benign,5221,86.0,22110,0.0,-1,0
train_set/benign/ISIC_6759819_640x425.jpg,train,benign,8923,78.0,22113,2.0,-1,0
train_set/benign/ISIC_6759865_640x427.jpg,train,benign,6962,76.0,22114,0.0,-1,0
train_set/benign/ISIC_6761105_640x480.jpg,train,benign,8663,90.0,22120,2.0,-1,0
train_set/benign/ISIC_6761980_640x427.jpg,train,benign,2375,86.0,22123,0.0,-1,0
train_set/benign/ISIC_6763221_640x360.jpg,train,benign,6202,82.0,22128,6.0,-1,0
train_set/benign/ISIC_6768006_640x360.jpg,train,benign,5534,82.0,22143,4.0,-1,0
train_set/benign/ISIC_6768044_640x360.jpg,train,benign,6869,90.0,22144,4.0,-1,0
train_set/benign/ISIC_6769965_640x360.jpg,train,benign,918,94.0,22147,0.0,-1,0
train_set/benign/ISIC_6773042_640x427.jpg,train,benign,3196,66.0,22157,4.0,-1,0
train_set/benign/ISIC_6773367_640x427.jpg,train,benign,6908,56.0,22159,4.0,-1,0
train_set/benign/ISIC_6776583_640x360.jpg,train,benign,7469,94.0,22164,2.0,-1,0
train_set/benign/ISIC_6777986_640x427.jpg,train,benign,7807,72.0,22168,0.0,-1,0
train_set/benign/ISIC_6778515_640x427.jpg,train,benign,7982,68.0,22172,2.0,-1,0
train_set/benign/ISIC_6781528_640x360.jpg,train,benign,830,94.0,22184,6.0,-1,0
train_set/benign/ISIC_6783107_640x427.jpg,train,benign,68,48.0,22191,0.0,-1,0
train_set/benign/ISIC_6784722_640x480.jpg,train,benign,424,92.0,22197,2.0,-1,0
train_set/benign/ISIC_6785041_640x425.jpg,train,benign,1170,80.0,22199,0.0,-1,0
train_set/benign/ISIC_6787193_640x360.jpg,train,benign,5158,78.0,22210,6.0,-1,0
train_set/benign/ISIC_6789376_640x360.jpg,train,benign,2428,72.0,22216,8.0,-1,0
train_set/benign/ISIC_6790642_640x427.jpg,train,benign,7128,76.0,22221,2.0,-1,0
train_set/benign/ISIC_6790780_640x360.jpg,train,benign,4333,78.0,22222,2.0,-1,0
train_set/benign/ISIC_6791406_640x427.jpg,train,benign,6822,84.0,22224,4.0,-1,0
train_set/benign/ISIC_6791904_640x427.jpg,train,benign,6718,78.0,22225,2.0,-1,0
train_set/benign/ISIC_6793983_640x427.jpg,train,benign,2195,78.0,22236,2.0,-1,0
train_set/benign/ISIC_6795622_640x427.jpg,train,benign,6962,52.0,22240,4.0,-1,0
train_set/benign/ISIC_6795902_640x427.jpg,train,benign,790,86.0,22242,2.0,-1,0
train_set/benign/ISIC_6802355_640x360.jpg,train,benign,6379,86.0,22256,8.0,-1,0
train_set/benign/ISIC_6805527_640x360.jpg,train,benign,9611,84.0,22263,2.0,-1,0
train_set/benign/ISIC_6806540_640x427.jpg,train,benign,8016,64.0,22265,2.0,-1,0
train_set/benign/ISIC_6807502_640x480.jpg,train,benign,1678,88.0,22269,2.0,-1,0
train_set/benign/ISIC_6809329_640x360.jpg,train,benign,4911,78.0,22278,4.0,-1,0
train_set/benign/ISIC_6810183_640x478.jpg,train,benign,118,78.0,22282,0.0,-1,0
train_set/benign/ISIC_6810219_640x427.jpg,train,benign,8860,82.0,22283,2.0,-1,0
train_set/benign/ISIC_6811793_640x360.jpg,train,benign,1469,80.0,22286,2.0,-1,0
train_set/benign/ISIC_6814007_640x360.jpg,train,benign,5934,88.0,22292,4.0,-1,0
train_set/benign/ISIC_6814382_640x427.jpg,train,benign,7614,82.0,22295,2.0,-1,0
train_set/benign/ISIC_6815964_640x427.jpg,train,benign,6871,62.0,22302,2.0,-1,0
train_set/benign/ISIC_6816081_640x427.jpg,train,benign,7784,76.0,22303,2.0,-1,0
train_set/benign/ISIC_6823429_640x427.jpg,train,benign,7076,82.0,22317,2.0,-1,0
train_set/benign/ISIC_6824842_640x427.jpg,train,benign,7493,70.0,22319,4.0,-1,0
train_set/benign/ISIC_6826692_640x360.jpg,train,benign,8287,86.0,22321,4.0,-1,0
train_set/benign/ISIC_6829909_640x360.jpg,train,benign,5873,88.0,22330,2.0,-1,0
train_set/benign/ISIC_6831108_640x427.jpg,train,benign,6201,82.0,22334,0.0,-1,0
train_set/benign/ISIC_6833905_480x480.jpg,train,benign,2231,76.0,22344,2.0,-1,0
train_set/benign/ISIC_6835115_640x427.jpg,train,benign,7244,58.0,22346,2.0,-1,0
train_set/benign/ISIC_6835880_640x480.jpg,train,benign,5763,90.0,22348,0.0,-1,0
train_set/benign/ISIC_6837470_640x480.jpg,train,benign,605,84.0,22350,2.0,-1,0
train_set/benign/ISIC_6839272_640x360.jpg,train,benign,5271,74.0,22353,4.0,-1,0
train_set/benign/ISIC_6839452_640x480.jpg,train,benign,6681,72.0,22354,4.0,-1,0
train_set/benign/ISIC_6842453_640x480.jpg,train,benign,1796,92.0,22362,2.0,-1,0
train_set/benign/ISIC_6843406_640x360.jpg,train,benign,1276,86.0,22364,2.0,-1,0
train_set/benign/ISIC_6843536_640x427.jpg,train,benign,9443,80.0,22366,4.0,-1,0
train_set/benign/ISIC_6843827_640x360.jpg,train,benign,7059,76.0,22367,4.0,-1,0
train_set/benign/ISIC_6844282_640x360.jpg,train,benign,4504,92.0,22368,2.0,-1,0
train_set/benign/ISIC_6844858_640x360.jpg,train,benign,5967,78.0,22371,4.0,-1,0
train_set/benign/ISIC_6847317_640x427.jpg,train,benign,9277,74.0,22378,2.0,-1,0
train_set/benign/ISIC_6851091_640x360.jpg,train,benign,6629,88.0,22386,4.0,-1,0
train_set/benign/ISIC_6854940_640x427.jpg,train,benign,2540,74.0,22402,0.0,-1,0
train_set/benign/ISIC_6857991_640x427.jpg,train,benign,6683,84.0,22411,2.0,-1,0
train_set/benign/ISIC_6858892_640x427.jpg,train,benign,9260,70.0,22413,2.0,-1,0
train_set/benign/ISIC_6859051_640x480.jpg,train,benign,9125,72.0,22414,2.0,-1,0
train_set/benign/ISIC_6863026_640x427.jpg,train,benign,2366,90.0,22420,4.0,-1,0
train_set/benign/ISIC_6863226_640x360.jpg,train,benign,9167,88.0,22421,2.0,-1,0
train_set/benign/ISIC_6863895_640x427.jpg,train,benign,6903,68.0,22425,2.0,-1,0
train_set/benign/ISIC_6864170_640x360.jpg,train,benign,8187,84.0,22426,0.0,-1,0
train_set/benign/ISIC_6865639_640x360.jpg,train,benign,7774,84.0,22429,6.0,-1,0
train_set/benign/ISIC_6866186_640x480.jpg,train,benign,7818,78.0,22431,0.0,-1,0
train_set/benign/ISIC_6866790_640x480.jpg,train,benign,6871,68.0,22434,2.0,-1,0
train_set/benign/ISIC_6866979_640x427.jpg,train,benign,6883,64.0,22435,0.0,-1,0
train_set/benign/ISIC_6868966_640x427.jpg,train,benign,2334,58.0,22440,2.0,-1,0
train_set/benign/ISIC_6870647_640x427.jpg,train,benign,6996,58.0,22447,2.0,-1,0
train_set/benign/ISIC_6872685_640x480.jpg,train,benign,7655,76.0,22452,2.0,-1,0
train_set/benign/ISIC_6872938_640x360.jpg,train,benign,6648,76.0,22455,6.0,-1,0
train_set/benign/ISIC_6873847_640x480.jpg,train,benign,8934,82.0,22458,0.0,-1,0
train_set/benign/ISIC_6874100_640x360.jpg,train,benign,1974,94.0,22459,2.0,-1,0
train_set/benign/ISIC_6876691_640x480.jpg,train,benign,4854,88.0,22469,0.0,-1,0
train_set/benign/ISIC_6877295_640x480.jpg,train,benign,4245,90.0,22473,0.0,-1,0
train_set/benign/ISIC_6878417_640x427.jpg,train,benign,109,86.0,22475,4.0,-1,0
train_set/benign/ISIC_6881780_640x427.jpg,train,benign,118,68.0,22482,2.0,-1,0
train_set/benign/ISIC_6882080_640x360.jpg,train,benign,7413,78.0,22483,2.0,-1,0
train_set/benign/ISIC_6888864_640x480.jpg,train,benign,2128,94.0,22498,0.0,-1,0
train_set/benign/ISIC_6890421_640x427.jpg,train,benign,6188,84.0,22501,2.0,-1,0
train_set/benign/ISIC_6890540_640x480.jpg,train,benign,1705,84.0,22502,4.0,-1,0
train_set/benign/ISIC_6893147_640x480.jpg,train,benign,2342,84.0,22507,2.0,-1,0
train_set/benign/ISIC_6893398_640x360.jpg,train,benign,135,90.0,22508,4.0,-1,0
train_set/benign/ISIC_6896795_640x427.jpg,train,benign,2245,92.0,22516,2.0,-1,0
train_set/benign/ISIC_6899551_640x427.jpg,train,benign,9143,74.0,22522,2.0,-1,0
train_set/benign/ISIC_6899582_640x360.jpg,train,benign,5381,86.0,22523,2.0,-1,0
train_set/benign/ISIC_6900405_640x480.jpg,train,benign,9634,82.0,22525,4.0,-1,0
train_set/benign/ISIC_6905623_640x480.jpg,train,benign,9145,86.0,22543,4.0,-1,0
train_set/benign/ISIC_6906476_640x427.jpg,train,benign,7241,76.0,22545,2.0,-1,0
train_set/benign/ISIC_6908183_640x427.jpg,train,benign,4253,86.0,22547,2.0,-1,0
train_set/benign/ISIC_6909749_640x480.jpg,train,benign,8752,78.0,22550,4.0,-1,0
train_set/benign/ISIC_6910956_640x427.jpg,train,benign,59,88.0,22554,0.0,-1,0
train_set/benign/ISIC_6912233_640x427.jpg,train,benign,7244,84.0,22557,2.0,-1,0
train_set/benign/ISIC_6913045_640x427.jpg,train,benign,1786,82.0,22559,2.0,-1,0
train_set/benign/ISIC_6913272_640x360.jpg,train,benign,3088,84.0,22560,2.0,-1,0
train_set/benign/ISIC_6913586_640x480.jpg,train,benign,2797,90.0,22561,2.0,-1,0
train_set/benign/ISIC_6914893_640x360.jpg,train,benign,3343,84.0,22565,4.0,-1,0
train_set/benign/ISIC_6915808_640x360.jpg,train,benign,2374,78.0,22568,4.0,-1,0
train_set/benign/ISIC_6916987_640x478.jpg,train,benign,24,76.0,22574,4.0,-1,0
train_set/benign/ISIC_6918302_640x480.jpg,train,benign,9277,70.0,22580,2.0,-1,0
train_set/benign/ISIC_6918981_640x360.jpg,train,benign,7118,80.0,22581,2.0,-1,0
train_set/benign/ISIC_6918995_640x360.jpg,train,benign,2355,80.0,22582,2.0,-1,0
train_set/benign/ISIC_6922243_640x360.jpg,train,benign,9669,60.0,22589,10.0,-1,0
train_set/benign/ISIC_6924549_640x480.jpg,train,benign,2039,90.0,22593,2.0,-1,0
train_set/benign/ISIC_6927228_640x360.jpg,train,benign,6366,82.0,22599,4.0,-1,0
train_set/benign/ISIC_6928308_640x360.jpg,train,benign,3045,90.0,22603,4.0,-1,0
train_set/benign/ISIC_6928607_640x480.jpg,train,benign,2355,76.0,22605,4.0,-1,0
train_set/benign/ISIC_6931024_640x478.jpg,train,benign,1282,86.0,22616,2.0,-1,0
train_set/benign/ISIC_6933296_640x360.jpg,train,benign,5856,76.0,22626,8.0,-1,0
train_set/benign/ISIC_6933573_640x427.jpg,train,benign,5567,84.0,22630,2.0,-1,0
train_set/benign/ISIC_6937263_640x360.jpg,train,benign,121,86.0,22640,4.0,-1,0
train_set/benign/ISIC_6938423_640x427.jpg,train,benign,7984,88.0,22643,2.0,-1,0
train_set/benign/ISIC_6943717_640x480.jpg,train,benign,7196,82.0,22658,0.0,-1,0
train_set/benign/ISIC_6945725_640x360.jpg,train,benign,5853,78.0,22664,2.0,-1,0
train_set/benign/ISIC_6946330_640x425.jpg,train,benign,1492,82.0,22667,2.0,-1,0
train_set/benign/ISIC_6949941_640x360.jpg,train,benign,4188,90.0,22674,4.0,-1,0
train_set/benign/ISIC_6951506_640x360.jpg,train,benign,7071,66.0,22677,2.0,-1,0
train_set/benign/ISIC_6953126_640x480.jpg,train,benign,6962,86.0,22684,0.0,-1,0
train_set/benign/ISIC_6955095_640x360.jpg,train,benign,594,82.0,22693,4.0,-1,0
train_set/benign/ISIC_6962305_640x360.jpg,train,benign,7181,76.0,22705,6.0,-1,0
train_set/benign/ISIC_6962990_640x360.jpg,train,benign,4549,92.0,22706,4.0,-1,0
train_set/benign/ISIC_6963954_640x427.jpg,train,benign,8949,44.0,22712,0.0,-1,0
train_set/benign/ISIC_6964033_640x360.jpg,train,benign,1755,82.0,22713,2.0,-1,0
train_set/benign/ISIC_6966881_640x360.jpg,train,benign,7162,76.0,22721,4.0,-1,0
train_set/benign/ISIC_6968405_640x360.jpg,train,benign,1633,80.0,22727,4.0,-1,0
train_set/benign/ISIC_6968803_640x427.jpg,train,benign,8949,38.0,22730,2.0,-1,0
train_set/benign/ISIC_6968972_640x480.jpg,train,benign,5880,82.0,22732,2.0,-1,0
train_set/benign/ISIC_6974605_640x480.jpg,train,benign,8712,74.0,22756,6.0,-1,0
train_set/benign/ISIC_6977092_640x360.jpg,train,benign,8748,70.0,22763,4.0,-1,0
train_set/benign/ISIC_6978997_640x427.jpg,train,benign,6909,68.0,22769,0.0,-1,0
train_set/benign/ISIC_6979462_640x360.jpg,train,benign,363,76.0,22770,6.0,-1,0
train_set/benign/ISIC_6982211_640x360.jpg,train,benign,4044,90.0,22778,2.0,-1,0
train_set/benign/ISIC_6982693_640x360.jpg,train,benign,6654,90.0,22783,4.0,-1,0
train_set/benign/ISIC_6982776_640x360.jpg,train,benign,3414,80.0,22784,0.0,-1,0
train_set/benign/ISIC_6985455_640x480.jpg,train,benign,7787,78.0,22792,2.0,-1,0
train_set/benign/ISIC_6985838_640x480.jpg,train,benign,6241,88.0,22796,0.0,-1,0
train_set/benign/ISIC_6986117_640x427.jpg,train,benign,3521,90.0,22802,0.0,-1,0
train_set/benign/ISIC_6992267_640x480.jpg,train,benign,3614,90.0,22813,0.0,-1,0
train_set/benign/ISIC_6996606_640x427.jpg,train,benign,6909,74.0,22826,2.0,-1,0
train_set/benign/ISIC_6996613_640x427.jpg,train,benign,2402,66.0,22827,2.0,-1,0
train_set/benign/ISIC_6997313_640x360.jpg,train,benign,1735,84.0,22830,2.0,-1,0
train_set/benign/ISIC_6997436_640x480.jpg,train,benign,1779,84.0,22833,4.0,-1,0
train_set/benign/ISIC_7001063_640x480.jpg,train,benign,2074,90.0,22837,4.0,-1,0
train_set/benign/ISIC_7001584_640x360.jpg,train,benign,1040,86.0,22839,4.0,-1,0
train_set/benign/ISIC_7004652_640x480.jpg,train,benign,1230,88.0,22844,0.0,-1,0
train_set/benign/ISIC_7004857_640x480.jpg,train,benign,9594,72.0,22845,4.0,-1,0
train_set/benign/ISIC_7007173_640x427.jpg,train,benign,1658,74.0,22851,2.0,-1,0
train_set/benign/ISIC_7008022_640x360.jpg,train,benign,3583,88.0,22852,6.0,-1,0
train_set/benign/ISIC_7009765_640x480.jpg,train,benign,9986,84.0,22857,2.0,-1,0
train_set/benign/ISIC_7011793_640x360.jpg,train,benign,1012,92.0,22865,2.0,-1,0
train_set/benign/ISIC_7011835_640x427.jpg,train,benign,2234,74.0,22866,4.0,-1,0
train_set/benign/ISIC_7013005_640x427.jpg,train,benign,9053,80.0,22869,0.0,-1,0
train_set/benign/ISIC_7013549_640x427.jpg,train,benign,2395,90.0,22871,4.0,-1,0
train_set/benign/ISIC_7014368_640x427.jpg,train,benign,9447,58.0,22875,2.0,-1,0
train_set/benign/ISIC_7016255_640x360.jpg,train,benign,5971,88.0,22880,4.0,-1,0
train_set/benign/ISIC_7016839_640x427.jpg,train,benign,2358,72.0,22884,2.0,-1,0
train_set/benign/ISIC_7018480_640x360.jpg,train,benign,7334,90.0,22890,2.0,-1,0
train_set/benign/ISIC_7018846_640x360.jpg,train,benign,7725,90.0,22891,4.0,-1,0
train_set/benign/ISIC_7019211_640x480.jpg,train,benign,1492,88.0,22894,0.0,-1,0
train_set/benign/ISIC_7020708_640x480.jpg,train,benign,5623,84.0,22898,2.0,-1,0
train_set/benign/ISIC_7022787_640x360.jpg,train,benign,1282,80.0,22903,2.0,-1,0
train_set/benign/ISIC_7024619_640x480.jpg,train,benign,7093,90.0,22910,0.0,-1,0
train_set/benign/ISIC_7024807_640x480.jpg,train,benign,2231,74.0,22913,2.0,-1,0
train_set/benign/ISIC_7025159_640x480.jpg,train,benign,1331,94.0,22914,2.0,-1,0
train_set/benign/ISIC_7027535_640x480.jpg,train,benign,6444,86.0,22922,2.0,-1,0
train_set/benign/ISIC_7028320_640x480.jpg,train,benign,988,88.0,22924,0.0,-1,0
train_set/benign/ISIC_7032718_640x427.jpg,train,benign,8712,62.0,22939,4.0,-1,0
train_set/benign/ISIC_7033912_640x360.jpg,train,benign,5987,80.0,22942,2.0,-1,0
train_set/benign/ISIC_7035373_640x360.jpg,train,benign,7785,82.0,22947,10.0,-1,0
train_set/benign/ISIC_7036741_640x427.jpg,train,benign,13,86.0,22949,2.0,-1,0
train_set/benign/ISIC_7037880_640x427.jpg,train,benign,6837,82.0,22952,6.0,-1,0
train_set/benign/ISIC_7039745_640x425.jpg,train,benign,7065,58.0,22958,4.0,-1,0
train_set/benign/ISIC_7044032_640x480.jpg,train,benign,2112,94.0,22968,2.0,-1,0
train_set/benign/ISIC_7046324_640x427.jpg,train,benign,9330,80.0,22977,4.0,-1,0
train_set/benign/ISIC_7050122_640x480.jpg,train,benign,5072,76.0,22983,0.0,-1,0
train_set/benign/ISIC_7050575_640x478.jpg,train,benign,2620,82.0,22986,2.0,-1,0
train_set/benign/ISIC_7050843_640x480.jpg,train,benign,4588,78.0,22988,0.0,-1,0
train_set/benign/ISIC_7051800_640x480.jpg,train,benign,2916,88.0,22990,4.0,-1,0
train_set/benign/ISIC_7052038_640x427.jpg,train,benign,9618,82.0,22991,0.0,-1,0
train_set/benign/ISIC_7052658_640x360.jpg,train,benign,2437,82.0,22994,6.0,-1,0
train_set/benign/ISIC_7054632_640x360.jpg,train,benign,117,92.0,23001,2.0,-1,0
train_set/benign/ISIC_7054883_640x480.jpg,train,benign,7597,84.0,23003,2.0,-1,0
train_set/benign/ISIC_7059403_640x427.jpg,train,benign,1116,92.0,23018,2.0,-1,0
train_set/benign/ISIC_7066489_640x360.jpg,train,benign,3053,82.0,23043,6.0,-1,0
train_set/benign/ISIC_7067156_640x360.jpg,train,benign,3253,74.0,23048,0.0,-1,0
train_set/benign/ISIC_7068754_640x427.jpg,train,benign,2365,90.0,23055,2.0,-1,0
train_set/benign/ISIC_7069158_640x427.jpg,train,benign,3932,90.0,23058,4.0,-1,0
train_set/benign/ISIC_7071570_640x427.jpg,train,benign,196,86.0,23068,2.0,-1,0
train_set/benign/ISIC_7071594_640x360.jpg,train,benign,8785,88.0,23069,0.0,-1,0
train_set/benign/ISIC_7072802_640x360.jpg,train,benign,7556,70.0,23072,2.0,-1,0
train_set/benign/ISIC_7074763_640x427.jpg,train,benign,129,88.0,23079,2.0,-1,0
train_set/benign/ISIC_7077047_640x360.jpg,train,benign,6644,82.0,23090,4.0,-1,0
train_set/benign/ISIC_7078487_640x480.jpg,train,benign,666,88.0,23092,2.0,-1,0
train_set/benign/ISIC_7079653_640x427.jpg,train,benign,9090,74.0,23096,0.0,-1,0
train_set/benign/ISIC_7079714_640x360.jpg,train,benign,9905,90.0,23097,2.0,-1,0
train_set/benign/ISIC_7083023_640x427.jpg,train,benign,7700,90.0,23103,2.0,-1,0
train_set/benign/ISIC_7086336_640x480.jpg,train,benign,1258,88.0,23114,0.0,-1,0
train_set/benign/ISIC_7088774_640x427.jpg,train,benign,7231,76.0,23118,0.0,-1,0
train_set/benign/ISIC_7089905_640x427.jpg,train,benign,7370,82.0,18642,2.0,-1,0
train_set/benign/ISIC_7092287_640x360.jpg,train,benign,1737,86.0,23127,8.0,-1,0
train_set/benign/ISIC_7093333_640x360.jpg,train,benign,1250,74.0,23130,6.0,-1,0
train_set/benign/ISIC_7093629_640x480.jpg,train,benign,823,88.0,23131,0.0,-1,0
train_set/benign/ISIC_7096320_640x360.jpg,train,benign,4043,88.0,23140,2.0,-1,0
train_set/benign/ISIC_7096389_640x360.jpg,train,benign,6681,78.0,23141,2.0,-1,0
train_set/benign/ISIC_7100813_640x480.jpg,train,benign,260,78.0,23151,2.0,-1,0
train_set/benign/ISIC_7104307_640x427.jpg,train,benign,1486,88.0,23162,0.0,-1,0
train_set/benign/ISIC_7106587_640x480.jpg,train,benign,7860,78.0,23169,2.0,-1,0
train_set/benign/ISIC_7106848_640x427.jpg,train,benign,9093,76.0,23171,2.0,-1,0
train_set/benign/ISIC_7107371_640x360.jpg,train,benign,1470,86.0,23178,2.0,-1,0
train_set/benign/ISIC_7109582_640x360.jpg,train,benign,8391,80.0,23186,4.0,-1,0
train_set/benign/ISIC_7109817_640x427.jpg,train,benign,7855,76.0,23188,4.0,-1,0
train_set/benign/ISIC_7113612_640x427.jpg,train,benign,1786,78.0,23196,2.0,-1,0
train_set/benign/ISIC_7115108_640x427.jpg,train,benign,7117,76.0,23203,4.0,-1,0
train_set/benign/ISIC_7115605_640x480.jpg,train,benign,1312,88.0,23205,0.0,-1,0
train_set/benign/ISIC_7117369_640x480.jpg,train,benign,1173,92.0,23212,0.0,-1,0
train_set/benign/ISIC_7119107_640x360.jpg,train,benign,3546,76.0,23215,0.0,-1,0
train_set/benign/ISIC_7125610_640x480.jpg,train,benign,2918,86.0,23239,2.0,-1,0
train_set/benign/ISIC_7125870_640x480.jpg,train,benign,8723,76.0,23241,0.0,-1,0
train_set/benign/ISIC_7128535_640x478.jpg,train,benign,7861,90.0,23250,2.0,-1,0
train_set/benign/ISIC_7129666_640x480.jpg,train,benign,3523,90.0,23257,2.0,-1,0
train_set/benign/ISIC_7130059_640x480.jpg,train,benign,5327,80.0,23260,2.0,-1,0
train_set/benign/ISIC_7131973_640x480.jpg,train,benign,2159,88.0,23266,0.0,-1,0
train_set/benign/ISIC_7134821_640x427.jpg,train,benign,8840,78.0,23274,0.0,-1,0
train_set/benign/ISIC_7135201_640x360.jpg,train,benign,4073,86.0,23277,6.0,-1,0
train_set/benign/ISIC_7136896_640x480.jpg,train,benign,2764,90.0,23279,2.0,-1,0
train_set/benign/ISIC_7136995_640x427.jpg,train,benign,7471,82.0,23280,4.0,-1,0
train_set/benign/ISIC_7139616_640x427.jpg,train,benign,4192,86.0,23289,2.0,-1,0
train_set/benign/ISIC_7139908_640x480.jpg,train,benign,243,86.0,23291,2.0,-1,0
train_set/benign/ISIC_7140812_640x427.jpg,train,benign,2252,80.0,23296,2.0,-1,0
train_set/benign/ISIC_7141361_640x427.jpg,train,benign,1276,78.0,23299,2.0,-1,0
train_set/benign/ISIC_7146904_640x360.jpg,train,benign,1052,92.0,23317,2.0,-1,0
train_set/benign/ISIC_7150493_640x427.jpg,train,benign,6771,60.0,23327,0.0,-1,0
train_set/benign/ISIC_7151230_640x360.jpg,train,benign,1577,86.0,23330,4.0,-1,0
train_set/benign/ISIC_7151808_640x480.jpg,train,benign,1616,90.0,23332,0.0,-1,0
train_set/benign/ISIC_7154675_640x480.jpg,train,benign,7490,86.0,23340,4.0,-1,0
train_set/benign/ISIC_7158063_640x360.jpg,train,benign,695,82.0,23349,4.0,-1,0
train_set/benign/ISIC_7160082_640x425.jpg,train,benign,8074,88.0,23353,2.0,-1,0
train_set/benign/ISIC_7164134_640x360.jpg,train,benign,6744,74.0,23361,6.0,-1,0
train_set/benign/ISIC_7164970_640x360.jpg,train,benign,7546,74.0,23368,2.0,-1,0
train_set/benign/ISIC_7166780_640x360.jpg,train,benign,4968,84.0,23373,2.0,-1,0
train_set/benign/ISIC_7167085_640x360.jpg,train,benign,2020,88.0,23376,4.0,-1,0
train_set/benign/ISIC_7167479_640x427.jpg,train,benign,856,68.0,23378,6.0,-1,0
train_set/benign/ISIC_7167947_640x360.jpg,train,benign,1658,78.0,23380,4.0,-1,0
train_set/benign/ISIC_7168106_640x427.jpg,train,benign,7880,80.0,23381,4.0,-1,0
train_set/benign/ISIC_7169788_640x480.jpg,train,benign,5042,88.0,23391,0.0,-1,0
train_set/benign/ISIC_7170125_640x480.jpg,train,benign,9305,88.0,23392,2.0,-1,0
train_set/benign/ISIC_7171580_640x427.jpg,train,benign,7372,84.0,23396,2.0,-1,0
train_set/benign/ISIC_7171657_640x480.jpg,train,benign,8821,86.0,23397,0.0,-1,0
train_set/benign/ISIC_7171799_640x478.jpg,train,benign,9470,82.0,23398,4.0,-1,0
train_set/benign/ISIC_7172893_640x478.jpg,train,benign,9447,48.0,23400,2.0,-1,0
train_set/benign/ISIC_7173520_640x427.jpg,train,benign,7555,74.0,23403,2.0,-1,0
train_set/benign/ISIC_7173973_640x427.jpg,train,benign,123,82.0,23406,2.0,-1,0
train_set/benign/ISIC_7175127_640x360.jpg,train,benign,8886,90.0,23411,0.0,-1,0
train_set/benign/ISIC_7175873_640x480.jpg,train,benign,4338,90.0,23416,0.0,-1,0
train_set/benign/ISIC_7175899_640x480.jpg,train,benign,5279,72.0,23417,2.0,-1,0
train_set/benign/ISIC_7178615_640x478.jpg,train,benign,9325,82.0,23423,4.0,-1,0
train_set/benign/ISIC_7180943_640x480.jpg,train,benign,4810,92.0,23435,2.0,-1,0
train_set/benign/ISIC_7181043_640x360.jpg,train,benign,8020,84.0,23436,2.0,-1,0
train_set/benign/ISIC_7182702_640x360.jpg,train,benign,793,84.0,23442,6.0,-1,0
train_set/benign/ISIC_7184491_640x427.jpg,train,benign,7355,78.0,23449,2.0,-1,0
train_set/benign/ISIC_7184724_640x427.jpg,train,benign,9198,74.0,23451,2.0,-1,0
train_set/benign/ISIC_7186503_640x425.jpg,train,benign,2771,82.0,23461,4.0,-1,0
train_set/benign/ISIC_7187154_640x360.jpg,train,benign,2997,92.0,23463,0.0,-1,0
train_set/benign/ISIC_7187553_640x425.jpg,train,benign,24,78.0,23466,0.0,-1,0
train_set/benign/ISIC_7188345_640x427.jpg,train,benign,75,56.0,23472,4.0,-1,0
train_set/benign/ISIC_7192331_640x480.jpg,train,benign,1179,82.0,23485,0.0,-1,0
train_set/benign/ISIC_7193807_640x360.jpg,train,benign,9346,84.0,23488,0.0,-1,0
train_set/benign/ISIC_7194471_640x478.jpg,train,benign,9373,82.0,23490,0.0,-1,0
train_set/benign/ISIC_7194695_640x480.jpg,train,benign,1739,84.0,23492,2.0,-1,0
train_set/benign/ISIC_7199089_640x480.jpg,train,benign,4859,84.0,23505,2.0,-1,0
train_set/benign/ISIC_7200676_640x480.jpg,train,benign,2376,86.0,23508,0.0,-1,0
train_set/benign/ISIC_7202545_640x360.jpg,train,benign,4343,90.0,23514,4.0,-1,0
train_set/benign/ISIC_7203184_640x480.jpg,train,benign,4847,78.0,23515,2.0,-1,0
train_set/benign/ISIC_7204247_640x360.jpg,train,benign,2297,92.0,23516,4.0,-1,0
train_set/benign/ISIC_7205039_640x480.jpg,train,benign,7028,80.0,23519,0.0,-1,0
train_set/benign/ISIC_7210119_640x427.jpg,train,benign,64,74.0,23530,6.0,-1,0
train_set/benign/ISIC_7211332_640x427.jpg,train,benign,1160,80.0,23533,4.0,-1,0
train_set/benign/ISIC_7212085_640x480.jpg,train,benign,2149,90.0,23536,4.0,-1,0
train_set/benign/ISIC_7213944_640x425.jpg,train,benign,7920,72.0,23543,4.0,-1,0
train_set/benign/ISIC_7215208_640x427.jpg,train,benign,1126,86.0,23546,4.0,-1,0
train_set/benign/ISIC_7215643_640x360.jpg,train,benign,8398,84.0,23549,4.0,-1,0
train_set/benign/ISIC_7216346_640x427.jpg,train,benign,7394,76.0,23551,4.0,-1,0
train_set/benign/ISIC_7216769_640x480.jpg,train,benign,5648,90.0,23553,0.0,-1,0
train_set/benign/ISIC_7216877_640x360.jpg,train,benign,7206,78.0,23555,4.0,-1,0
train_set/benign/ISIC_7219275_640x427.jpg,train,benign,7356,62.0,23560,2.0,-1,0
train_set/benign/ISIC_7219333_640x427.jpg,train,benign,6824,58.0,23561,2.0,-1,0
train_set/benign/ISIC_7220622_640x427.jpg,train,benign,3030,86.0,23565,4.0,-1,0
train_set/benign/ISIC_7220701_640x478.jpg,train,benign,443,86.0,23566,0.0,-1,0
train_set/benign/ISIC_7222438_640x480.jpg,train,benign,6738,90.0,23569,4.0,-1,0
train_set/benign/ISIC_7225725_640x427.jpg,train,benign,7021,70.0,23578,2.0,-1,0
train_set/benign/ISIC_7226974_640x360.jpg,train,benign,9447,64.0,23584,4.0,-1,0
train_set/benign/ISIC_7229357_640x480.jpg,train,benign,4128,92.0,23590,2.0,-1,0
train_set/benign/ISIC_7230374_640x480.jpg,train,benign,6473,92.0,23597,2.0,-1,0
train_set/benign/ISIC_7231313_640x360.jpg,train,benign,405,92.0,23601,6.0,-1,0
train_set/benign/ISIC_7233663_640x427.jpg,train,benign,2259,82.0,23613,2.0,-1,0
train_set/benign/ISIC_7234197_640x360.jpg,train,benign,1520,86.0,23617,4.0,-1,0
train_set/benign/ISIC_7235371_640x360.jpg,train,benign,7421,84.0,23621,2.0,-1,0
train_set/benign/ISIC_7240458_640x427.jpg,train,benign,4562,92.0,23632,4.0,-1,0
train_set/benign/ISIC_7245999_640x360.jpg,train,benign,1630,72.0,23648,4.0,-1,0
train_set/benign/ISIC_7246852_640x360.jpg,train,benign,478,80.0,23651,2.0,-1,0
train_set/benign/ISIC_7248532_640x360.jpg,train,benign,5113,84.0,23653,10.0,-1,0
train_set/benign/ISIC_7249601_640x427.jpg,train,benign,7375,88.0,23657,2.0,-1,0
train_set/benign/ISIC_7250007_640x480.jpg,train,benign,4331,82.0,23659,2.0,-1,0
train_set/benign/ISIC_7251852_640x360.jpg,train,benign,3632,84.0,23667,2.0,-1,0
train_set/benign/ISIC_7252784_640x425.jpg,train,benign,7065,80.0,23670,0.0,-1,0
train_set/benign/ISIC_7253305_640x427.jpg,train,benign,6487,72.0,23671,0.0,-1,0
train_set/benign/ISIC_7253561_640x427.jpg,train,benign,6487,78.0,23673,0.0,-1,0
train_set/benign/ISIC_7253689_640x427.jpg,train,benign,7041,72.0,23674,4.0,-1,0
train_set/benign/ISIC_7256560_640x360.jpg,train,benign,1458,78.0,23688,4.0,-1,0
train_set/benign/ISIC_7260013_640x480.jpg,train,benign,271,76.0,23695,2.0,-1,0
train_set/benign/ISIC_7260703_640x427.jpg,train,benign,8760,80.0,23698,0.0,-1,0
train_set/benign/ISIC_7264231_640x427.jpg,train,benign,8097,90.0,23709,4.0,-1,0
train_set/benign/ISIC_7266462_640x360.jpg,train,benign,8963,86.0,23715,2.0,-1,0
train_set/benign/ISIC_7266604_640x425.jpg,train,benign,7549,86.0,23717,4.0,-1,0
train_set/benign/ISIC_7266736_640x427.jpg,train,benign,144,76.0,23718,2.0,-1,0
train_set/benign/ISIC_7267098_640x478.jpg,train,benign,1630,84.0,23720,4.0,-1,0
train_set/benign/ISIC_7271718_640x360.jpg,train,benign,3732,86.0,23734,6.0,-1,0
train_set/benign/ISIC_7272602_640x480.jpg,train,benign,7588,84.0,23738,2.0,-1,0
train_set/benign/ISIC_7274080_640x427.jpg,train,benign,2398,82.0,23743,0.0,-1,0
train_set/benign/ISIC_7274757_640x480.jpg,train,benign,7448,70.0,23745,0.0,-1,0
train_set/benign/ISIC_7275674_640x480.jpg,train,benign,9594,62.0,23746,2.0,-1,0
train_set/benign/ISIC_7276864_640x478.jpg,train,benign,6846,88.0,23748,0.0,-1,0
train_set/benign/ISIC_7278742_640x427.jpg,train,benign,9828,68.0,23751,4.0,-1,0
train_set/benign/ISIC_7278821_640x427.jpg,train,benign,2700,84.0,23752,2.0,-1,0
train_set/benign/ISIC_7280815_640x360.jpg,train,benign,1526,94.0,23759,0.0,-1,0
train_set/benign/ISIC_7281080_640x480.jpg,train,benign,7546,80.0,23762,2.0,-1,0
train_set/benign/ISIC_7281598_640x480.jpg,train,benign,6570,82.0,23765,4.0,-1,0
train_set/benign/ISIC_7282415_640x360.jpg,train,benign,7219,90.0,23767,4.0,-1,0
train_set/benign/ISIC_7282441_640x480.jpg,train,benign,1322,86.0,23768,4.0,-1,0
train_set/benign/ISIC_7284607_640x480.jpg,train,benign,3751,74.0,23776,0.0,-1,0
train_set/benign/ISIC_7285277_640x480.jpg,train,benign,3697,82.0,23777,2.0,-1,0
train_set/benign/ISIC_7285753_640x360.jpg,train,benign,1416,86.0,23778,0.0,-1,0
train_set/benign/ISIC_7287338_640x360.jpg,train,benign,3410,76.0,23783,4.0,-1,0
train_set/benign/ISIC_7288846_640x360.jpg,train,benign,9125,84.0,23790,4.0,-1,0
train_set/benign/ISIC_7289716_640x360.jpg,train,benign,2609,84.0,23795,2.0,-1,0
train_set/benign/ISIC_7291021_640x480.jpg,train,benign,2265,76.0,23800,2.0,-1,0
train_set/benign/ISIC_7292983_640x360.jpg,train,benign,4816,86.0,23808,2.0,-1,0
train_set/benign/ISIC_7293349_640x427.jpg,train,benign,7494,68.0,23810,2.0,-1,0
train_set/benign/ISIC_7293697_640x427.jpg,train,benign,1342,88.0,23812,0.0,-1,0
train_set/benign/ISIC_7296130_640x427.jpg,train,benign,9200,72.0,23819,2.0,-1,0
train_set/benign/ISIC_7296583_640x427.jpg,train,benign,1671,82.0,23824,2.0,-1,0
train_set/benign/ISIC_7299025_640x480.jpg,train,benign,1325,84.0,23829,0.0,-1,0
train_set/benign/ISIC_7302580_640x427.jpg,train,benign,2318,66.0,23838,0.0,-1,0
train_set/benign/ISIC_7303401_640x360.jpg,train,benign,5617,88.0,23842,4.0,-1,0
train_set/benign/ISIC_7307866_640x427.jpg,train,benign,8865,78.0,23857,0.0,-1,0
train_set/benign/ISIC_7308784_640x360.jpg,train,benign,7995,84.0,23860,8.0,-1,0
train_set/benign/ISIC_7309600_640x360.jpg,train,benign,5884,80.0,23863,8.0,-1,0
train_set/benign/ISIC_7310249_640x427.jpg,train,benign,6973,78.0,23865,0.0,-1,0
train_set/benign/ISIC_7311624_640x360.jpg,train,benign,2480,88.0,23867,4.0,-1,0
train_set/benign/ISIC_7313564_640x360.jpg,train,benign,7059,84.0,23878,6.0,-1,0
train_set/benign/ISIC_7315620_640x360.jpg,train,benign,6123,84.0,23884,6.0,-1,0
train_set/benign/ISIC_7317429_640x360.jpg,train,benign,3726,90.0,23890,2.0,-1,0
train_set/benign/ISIC_7317646_640x360.jpg,train,benign,5273,86.0,23891,2.0,-1,0
train_set/benign/ISIC_7318632_640x427.jpg,train,benign,3084,90.0,23893,0.0,-1,0
train_set/benign/ISIC_7323249_640x480.jpg,train,benign,9447,66.0,23907,2.0,-1,0
train_set/benign/ISIC_7332892_640x360.jpg,train,benign,4265,94.0,23935,2.0,-1,0
train_set/benign/ISIC_7334117_640x480.jpg,train,benign,2668,90.0,23938,4.0,-1,0
train_set/benign/ISIC_7336827_640x427.jpg,train,benign,2291,90.0,23949,2.0,-1,0
train_set/benign/ISIC_7338351_640x427.jpg,train,benign,8949,56.0,23954,2.0,-1,0
train_set/benign/ISIC_7338380_640x427.jpg,train,benign,4397,82.0,23955,0.0,-1,0
train_set/benign/ISIC_7343537_640x427.jpg,train,benign,1211,80.0,23975,6.0,-1,0
train_set/benign/ISIC_7348343_640x360.jpg,train,benign,3220,76.0,23987,4.0,-1,0
train_set/benign/ISIC_7351996_640x427.jpg,train,benign,2258,80.0,23999,2.0,-1,0
train_set/benign/ISIC_7352175_640x480.jpg,train,benign,1600,90.0,24001,2.0,-1,0
train_set/benign/ISIC_7353425_640x360.jpg,train,benign,2104,88.0,24009,2.0,-1,0
train_set/benign/ISIC_7353973_640x360.jpg,train,benign,9527,92.0,24012,6.0,-1,0
train_set/benign/ISIC_7354733_640x480.jpg,train,benign,2071,82.0,24015,0.0,-1,0
train_set/benign/ISIC_7355141_640x427.jpg,train,benign,8949,50.0,24016,2.0,-1,0
train_set/benign/ISIC_7357436_640x480.jpg,train,benign,6039,86.0,24024,0.0,-1,0
train_set/benign/ISIC_7358293_480x480.jpg,train,benign,2418,84.0,24026,0.0,-1,0
train_set/benign/ISIC_7360101_640x480.jpg,train,benign,957,94.0,24035,0.0,-1,0
train_set/benign/ISIC_7363187_640x427.jpg,train,benign,5081,82.0,24038,0.0,-1,0
train_set/benign/ISIC_7367323_640x427.jpg,train,benign,3041,76.0,24053,4.0,-1,0
train_set/benign/ISIC_7369258_640x360.jpg,train,benign,9624,82.0,24058,6.0,-1,0
train_set/benign/ISIC_7369843_640x360.jpg,train,benign,6956,92.0,24062,6.0,-1,0
train_set/benign/ISIC_7370970_640x427.jpg,train,benign,6112,86.0,24067,2.0,-1,0
train_set/benign/ISIC_7372081_640x480.jpg,train,benign,3751,84.0,24070,0.0,-1,0
train_set/benign/ISIC_7373069_640x360.jpg,train,benign,1103,92.0,24073,2.0,-1,0
train_set/benign/ISIC_7373240_640x427.jpg,train,benign,7126,68.0,24075,4.0,-1,0
train_set/benign/ISIC_7373794_640x360.jpg,train,benign,4767,92.0,24078,2.0,-1,0
train_set/benign/ISIC_7375240_640x360.jpg,train,benign,5713,84.0,24081,2.0,-1,0
train_set/benign/ISIC_7375419_640x360.jpg,train,benign,3383,90.0,24082,2.0,-1,0
train_set/benign/ISIC_7376268_640x480.jpg,train,benign,7787,80.0,24084,2.0,-1,0
train_set/benign/ISIC_7381098_640x360.jpg,train,benign,6095,86.0,24097,4.0,-1,0
train_set/benign/ISIC_7381224_640x427.jpg,train,benign,2234,74.0,24100,0.0,-1,0
train_set/benign/ISIC_7383521_640x360.jpg,train,benign,141,84.0,24106,2.0,-1,0
train_set/benign/ISIC_7383915_640x480.jpg,train,benign,4626,84.0,24108,0.0,-1,0
train_set/benign/ISIC_7385430_640x480.jpg,train,benign,9519,90.0,24113,0.0,-1,0
train_set/benign/ISIC_7386340_640x427.jpg,train,benign,7356,56.0,24114,2.0,-1,0
train_set/benign/ISIC_7387427_640x360.jpg,train,benign,3966,90.0,24121,4.0,-1,0
train_set/benign/ISIC_7387533_640x360.jpg,train,benign,4298,84.0,24123,4.0,-1,0
train_set/benign/ISIC_7388850_640x360.jpg,train,benign,5676,84.0,24126,4.0,-1,0
train_set/benign/ISIC_7389276_640x427.jpg,train,benign,7399,82.0,24127,0.0,-1,0
train_set/benign/ISIC_7391200_640x480.jpg,train,benign,1253,90.0,24130,4.0,-1,0
train_set/benign/ISIC_7392679_640x427.jpg,train,benign,683,74.0,24134,4.0,-1,0
train_set/benign/ISIC_7392681_640x360.jpg,train,benign,3892,68.0,24135,2.0,-1,0
train_set/benign/ISIC_7392931_640x480.jpg,train,benign,6368,68.0,24137,0.0,-1,0
train_set/benign/ISIC_7393085_640x360.jpg,train,benign,2805,84.0,24138,2.0,-1,0
train_set/benign/ISIC_7394756_640x360.jpg,train,benign,2291,84.0,24142,2.0,-1,0
train_set/benign/ISIC_7394897_640x427.jpg,train,benign,7390,84.0,24145,4.0,-1,0
train_set/benign/ISIC_7397129_640x360.jpg,train,benign,7406,90.0,24150,4.0,-1,0
train_set/benign/ISIC_7399557_640x360.jpg,train,benign,490,90.0,24159,4.0,-1,0
train_set/benign/ISIC_7400392_640x360.jpg,train,benign,5503,86.0,24163,6.0,-1,0
train_set/benign/ISIC_7400458_640x360.jpg,train,benign,4467,84.0,24164,2.0,-1,0
train_set/benign/ISIC_7402852_640x360.jpg,train,benign,9607,88.0,24172,2.0,-1,0
train_set/benign/ISIC_7404470_640x480.jpg,train,benign,3485,94.0,24175,0.0,-1,0
train_set/benign/ISIC_7404638_640x425.jpg,train,benign,1553,76.0,24176,0.0,-1,0
train_set/benign/ISIC_7406359_640x425.jpg,train,benign,800,68.0,24182,2.0,-1,0
train_set/benign/ISIC_7409295_640x480.jpg,train,benign,1641,86.0,24191,2.0,-1,0
train_set/benign/ISIC_7410794_640x427.jpg,train,benign,68,70.0,24198,0.0,-1,0
train_set/benign/ISIC_7411913_640x427.jpg,train,benign,7370,60.0,24201,2.0,-1,0
train_set/benign/ISIC_7412156_640x480.jpg,train,benign,4377,88.0,24202,4.0,-1,0
train_set/benign/ISIC_7413014_640x360.jpg,train,benign,3157,86.0,24204,4.0,-1,0
train_set/benign/ISIC_7413149_640x360.jpg,train,benign,8127,84.0,24206,2.0,-1,0
train_set/benign/ISIC_7415285_640x425.jpg,train,benign,8516,84.0,24213,4.0,-1,0
train_set/benign/ISIC_7416783_640x360.jpg,train,benign,1630,76.0,24217,6.0,-1,0
train_set/benign/ISIC_7417933_640x480.jpg,train,benign,7429,86.0,24221,0.0,-1,0
train_set/benign/ISIC_7418441_640x360.jpg,train,benign,3087,80.0,24223,2.0,-1,0
train_set/benign/ISIC_7418720_640x480.jpg,train,benign,474,96.0,24226,0.0,-1,0
train_set/benign/ISIC_7418723_640x480.jpg,train,benign,2808,88.0,24227,2.0,-1,0
train_set/benign/ISIC_7418756_640x360.jpg,train,benign,9623,84.0,24228,4.0,-1,0
train_set/benign/ISIC_7418932_640x427.jpg,train,benign,7670,84.0,24230,2.0,-1,0
train_set/benign/ISIC_7419268_640x427.jpg,train,benign,1276,60.0,24231,4.0,-1,0
train_set/benign/ISIC_7420182_640x427.jpg,train,benign,8839,52.0,24233,2.0,-1,0
train_set/benign/ISIC_7421856_640x425.jpg,train,benign,787,84.0,24237,2.0,-1,0
train_set/benign/ISIC_7422781_640x480.jpg,train,benign,2079,84.0,24239,2.0,-1,0
train_set/benign/ISIC_7423852_640x480.jpg,train,benign,7830,86.0,24241,0.0,-1,0
train_set/benign/ISIC_7424382_640x427.jpg,train,benign,945,80.0,24245,8.0,-1,0
train_set/benign/ISIC_7426904_640x427.jpg,train,benign,9090,64.0,24249,2.0,-1,0
train_set/benign/ISIC_7430054_640x480.jpg,train,benign,5226,86.0,24256,0.0,-1,0
train_set/benign/ISIC_7433711_480x480.jpg,train,benign,3876,88.0,24265,0.0,-1,0
train_set/benign/ISIC_7436582_640x427.jpg,train,benign,2334,78.0,24272,2.0,-1,0
train_set/benign/ISIC_7438013_640x480.jpg,train,benign,1571,76.0,24280,2.0,-1,0
train_set/benign/ISIC_7440448_640x360.jpg,train,benign,9134,84.0,24287,4.0,-1,0
train_set/benign/ISIC_7441191_640x478.jpg,train,benign,1592,84.0,24290,4.0,-1,0
train_set/benign/ISIC_7441917_640x427.jpg,train,benign,27,78.0,24292,2.0,-1,0
train_set/benign/ISIC_7442476_640x360.jpg,train,benign,6110,76.0,24295,6.0,-1,0
train_set/benign/ISIC_7445157_640x480.jpg,train,benign,5418,90.0,24302,4.0,-1,0
train_set/benign/ISIC_7447506_640x425.jpg,train,benign,1553,84.0,24307,4.0,-1,0
train_set/benign/ISIC_7450481_640x360.jpg,train,benign,2668,90.0,24314,2.0,-1,0
train_set/benign/ISIC_7452152_640x480.jpg,train,benign,778,90.0,24316,2.0,-1,0
train_set/benign/ISIC_7452348_640x478.jpg,train,benign,9443,82.0,24317,2.0,-1,0
train_set/benign/ISIC_7455460_640x360.jpg,train,benign,6377,66.0,24333,4.0,-1,0
train_set/benign/ISIC_7457790_640x425.jpg,train,benign,9265,70.0,24341,0.0,-1,0
train_set/benign/ISIC_7458699_640x360.jpg,train,benign,1827,86.0,24344,4.0,-1,0
train_set/benign/ISIC_7460111_640x480.jpg,train,benign,7348,82.0,24349,2.0,-1,0
train_set/benign/ISIC_7460444_640x427.jpg,train,benign,2702,92.0,24351,2.0,-1,0
train_set/benign/ISIC_7462334_640x360.jpg,train,benign,3792,72.0,24360,4.0,-1,0
train_set/benign/ISIC_7463963_640x480.jpg,train,benign,6771,66.0,24365,2.0,-1,0
train_set/benign/ISIC_7472636_640x427.jpg,train,benign,8447,76.0,24385,2.0,-1,0
train_set/benign/ISIC_7476803_640x480.jpg,train,benign,8949,74.0,24396,2.0,-1,0
train_set/benign/ISIC_7478025_640x427.jpg,train,benign,8949,56.0,24407,2.0,-1,0
train_set/benign/ISIC_7478378_640x360.jpg,train,benign,2309,82.0,24408,2.0,-1,0
train_set/benign/ISIC_7479548_640x480.jpg,train,benign,545,94.0,24411,2.0,-1,0
train_set/benign/ISIC_7481978_640x427.jpg,train,benign,9447,58.0,24416,4.0,-1,0
train_set/benign/ISIC_7485846_640x360.jpg,train,benign,7128,94.0,24425,0.0,-1,0
train_set/benign/ISIC_7487195_640x480.jpg,train,benign,2880,86.0,24432,0.0,-1,0
train_set/benign/ISIC_7488800_640x427.jpg,train,benign,1647,56.0,24436,6.0,-1,0
train_set/benign/ISIC_7489925_640x480.jpg,train,benign,7712,90.0,24441,0.0,-1,0
train_set/benign/ISIC_7491492_640x360.jpg,train,benign,4295,92.0,24446,2.0,-1,0
train_set/benign/ISIC_7494221_640x480.jpg,train,benign,4600,84.0,24458,0.0,-1,0
train_set/benign/ISIC_7494699_640x427.jpg,train,benign,90,80.0,24461,2.0,-1,0
train_set/benign/ISIC_7496898_640x480.jpg,train,benign,9186,80.0,24470,2.0,-1,0
train_set/benign/ISIC_7505557_640x480.jpg,train,benign,6057,84.0,24492,0.0,-1,0
train_set/benign/ISIC_7509837_640x360.jpg,train,benign,8046,76.0,24508,6.0,-1,0
train_set/benign/ISIC_7510106_640x480.jpg,train,benign,165,78.0,24509,2.0,-1,0
train_set/benign/ISIC_7513677_640x480.jpg,train,benign,6183,68.0,24521,0.0,-1,0
train_set/benign/ISIC_7514830_640x480.jpg,train,benign,1368,82.0,24525,0.0,-1,0
train_set/benign/ISIC_7514880_640x480.jpg,train,benign,7314,88.0,24527,2.0,-1,0
train_set/benign/ISIC_7517099_640x480.jpg,train,benign,9317,88.0,24534,6.0,-1,0
train_set/benign/ISIC_7517220_640x360.jpg,train,benign,1734,88.0,24535,2.0,-1,0
train_set/benign/ISIC_7517313_640x427.jpg,train,benign,7545,62.0,24536,2.0,-1,0
train_set/benign/ISIC_7519841_640x360.jpg,train,benign,7856,68.0,24545,8.0,-1,0
train_set/benign/ISIC_7521537_640x360.jpg,train,benign,1107,74.0,24555,8.0,-1,0
train_set/benign/ISIC_7523263_640x360.jpg,train,benign,1026,90.0,24561,0.0,-1,0
train_set/benign/ISIC_7527782_640x360.jpg,train,benign,7670,88.0,24570,4.0,-1,0
train_set/benign/ISIC_7534491_640x427.jpg,train,benign,6683,76.0,24588,2.0,-1,0
train_set/benign/ISIC_7536256_640x360.jpg,train,benign,1888,84.0,24592,6.0,-1,0
train_set/benign/ISIC_7537925_640x480.jpg,train,benign,2192,80.0,24598,2.0,-1,0
train_set/benign/ISIC_7539727_640x360.jpg,train,benign,5778,94.0,24602,4.0,-1,0
train_set/benign/ISIC_7539729_640x360.jpg,train,benign,7439,80.0,24603,2.0,-1,0
train_set/benign/ISIC_7539749_640x360.jpg,train,benign,9235,74.0,24604,2.0,-1,0
train_set/benign/ISIC_7542454_640x360.jpg,train,benign,855,94.0,24610,4.0,-1,0
train_set/benign/ISIC_7543427_640x360.jpg,train,benign,9050,82.0,24613,6.0,-1,0
train_set/benign/ISIC_7545722_640x480.jpg,train,benign,3145,82.0,24621,4.0,-1,0
train_set/benign/ISIC_7546480_640x480.jpg,train,benign,4711,88.0,24624,2.0,-1,0
train_set/benign/ISIC_7548634_640x427.jpg,train,benign,1411,78.0,24630,2.0,-1,0
train_set/benign/ISIC_7551538_640x427.jpg,train,benign,6688,80.0,24640,6.0,-1,0
train_set/benign/ISIC_7558912_640x427.jpg,train,benign,9265,74.0,24660,2.0,-1,0
train_set/benign/ISIC_7561802_640x480.jpg,train,benign,1634,94.0,24670,2.0,-1,0
train_set/benign/ISIC_7564040_640x480.jpg,train,benign,6684,92.0,24682,0.0,-1,0
train_set/benign/ISIC_7565550_640x480.jpg,train,benign,9134,90.0,24687,2.0,-1,0
train_set/benign/ISIC_7566505_640x427.jpg,train,benign,4033,80.0,24692,2.0,-1,0
train_set/benign/ISIC_7567861_640x425.jpg,train,benign,1170,80.0,24696,2.0,-1,0
train_set/benign/ISIC_7571140_640x480.jpg,train,benign,7619,86.0,24708,2.0,-1,0
train_set/benign/ISIC_7571402_640x360.jpg,train,benign,8925,78.0,24711,6.0,-1,0
train_set/benign/ISIC_7573727_640x360.jpg,train,benign,682,90.0,24715,4.0,-1,0
train_set/benign/ISIC_7575246_640x480.jpg,train,benign,5367,88.0,24723,0.0,-1,0
train_set/benign/ISIC_7575644_640x425.jpg,train,benign,7099,84.0,24724,8.0,-1,0
train_set/benign/ISIC_7581388_640x480.jpg,train,benign,1837,92.0,24742,0.0,-1,0
train_set/benign/ISIC_7582818_640x360.jpg,train,benign,3038,80.0,24746,0.0,-1,0
train_set/benign/ISIC_7584150_640x360.jpg,train,benign,3792,82.0,24751,6.0,-1,0
train_set/benign/ISIC_7587006_640x360.jpg,train,benign,4,92.0,24761,2.0,-1,0
train_set/benign/ISIC_7587869_640x360.jpg,train,benign,9019,84.0,24764,4.0,-1,0
train_set/benign/ISIC_7589004_640x427.jpg,train,benign,36,86.0,24768,4.0,-1,0
train_set/benign/ISIC_7589484_640x480.jpg,train,benign,5563,80.0,24770,4.0,-1,0
train_set/benign/ISIC_7590292_640x427.jpg,train,benign,6903,84.0,24773,6.0,-1,0
train_set/benign/ISIC_7594350_640x360.jpg,train,benign,5284,84.0,24781,4.0,-1,0
train_set/benign/ISIC_7594625_640x480.jpg,train,benign,9040,80.0,24784,2.0,-1,0
train_set/benign/ISIC_7595416_640x360.jpg,train,benign,462,96.0,24786,4.0,-1,0
train_set/benign/ISIC_7596526_640x427.jpg,train,benign,7356,60.0,24790,0.0,-1,0
train_set/benign/ISIC_7596866_640x427.jpg,train,benign,1525,80.0,24792,2.0,-1,0
train_set/benign/ISIC_7600279_640x427.jpg,train,benign,7507,86.0,24800,0.0,-1,0
train_set/benign/ISIC_7600581_640x480.jpg,train,benign,5048,92.0,24803,0.0,-1,0
train_set/benign/ISIC_7600621_640x478.jpg,train,benign,7787,68.0,24804,2.0,-1,0
train_set/benign/ISIC_7603831_640x478.jpg,train,benign,925,72.0,24815,0.0,-1,0
train_set/benign/ISIC_7604596_640x427.jpg,train,benign,8949,58.0,24818,2.0,-1,0
train_set/benign/ISIC_7604870_640x427.jpg,train,benign,7786,82.0,24820,2.0,-1,0
train_set/benign/ISIC_7607166_640x360.jpg,train,benign,8443,78.0,24829,8.0,-1,0
train_set/benign/ISIC_7612427_640x427.jpg,train,benign,9272,78.0,24843,2.0,-1,0
train_set/benign/ISIC_7614036_640x427.jpg,train,benign,7545,68.0,24847,2.0,-1,0
train_set/benign/ISIC_7615896_640x480.jpg,train,benign,3054,88.0,24849,0.0,-1,0
train_set/benign/ISIC_7621674_640x427.jpg,train,benign,75,68.0,24873,2.0,-1,0
train_set/benign/ISIC_7623050_640x427.jpg,train,benign,6911,88.0,11853,6.0,-1,0
train_set/benign/ISIC_7623407_640x480.jpg,train,benign,4588,82.0,24877,2.0,-1,0
train_set/benign/ISIC_7623990_640x360.jpg,train,benign,214,94.0,24878,6.0,-1,0
train_set/benign/ISIC_7627281_640x427.jpg,train,benign,657,84.0,24889,2.0,-1,0
train_set/benign/ISIC_7629264_640x427.jpg,train,benign,3131,86.0,24895,4.0,-1,0
train_set/benign/ISIC_7629589_640x480.jpg,train,benign,885,88.0,24896,6.0,-1,0
train_set/benign/ISIC_7630499_640x427.jpg,train,benign,7257,70.0,24900,2.0,-1,0
train_set/benign/ISIC_7632525_640x480.jpg,train,benign,1798,84.0,24903,2.0,-1,0
train_set/benign/ISIC_7634099_640x480.jpg,train,benign,1161,86.0,24909,2.0,-1,0
train_set/benign/ISIC_7634156_640x480.jpg,train,benign,6719,60.0,24911,2.0,-1,0
train_set/benign/ISIC_7637597_640x427.jpg,train,benign,9064,50.0,24923,4.0,-1,0
train_set/benign/ISIC_7641395_640x478.jpg,train,benign,6935,70.0,24933,0.0,-1,0
train_set/benign/ISIC_7642991_640x480.jpg,train,benign,1222,88.0,24939,2.0,-1,0
train_set/benign/ISIC_7643966_640x427.jpg,train,benign,9319,82.0,24943,2.0,-1,0
train_set/benign/ISIC_7644093_640x480.jpg,train,benign,3671,86.0,24944,0.0,-1,0
train_set/benign/ISIC_7649260_640x480.jpg,train,benign,3254,66.0,24965,4.0,-1,0
train_set/benign/ISIC_7649708_640x427.jpg,train,benign,9281,84.0,24967,2.0,-1,0
train_set/benign/ISIC_7649986_640x360.jpg,train,benign,4976,84.0,24969,0.0,-1,0
train_set/benign/ISIC_7650216_640x480.jpg,train,benign,168,88.0,24972,2.0,-1,0
train_set/benign/ISIC_7650369_640x427.jpg,train,benign,7002,72.0,24973,2.0,-1,0
train_set/benign/ISIC_7650711_640x360.jpg,train,benign,2648,76.0,24974,4.0,-1,0
train_set/benign/ISIC_7654211_640x427.jpg,train,benign,7438,60.0,24985,2.0,-1,0
train_set/benign/ISIC_7654562_640x427.jpg,train,benign,7094,90.0,24986,4.0,-1,0
train_set/benign/ISIC_7655488_640x360.jpg,train,benign,7356,64.0,24989,0.0,-1,0
train_set/benign/ISIC_7658006_640x427.jpg,train,benign,5667,88.0,24995,0.0,-1,0
train_set/benign/ISIC_7661559_319x480.jpg,train,benign,9167,86.0,25006,2.0,-1,0
train_set/benign/ISIC_7662847_640x480.jpg,train,benign,3315,90.0,25011,0.0,-1,0
train_set/benign/ISIC_7662993_640x480.jpg,train,benign,1531,88.0,25013,2.0,-1,0
train_set/benign/ISIC_7663033_640x425.jpg,train,benign,7053,64.0,25014,2.0,-1,0
train_set/benign/ISIC_7663267_640x427.jpg,train,benign,2901,88.0,25015,0.0,-1,0
train_set/benign/ISIC_7663291_640x480.jpg,train,benign,4199,84.0,25016,2.0,-1,0
train_set/benign/ISIC_7663719_640x427.jpg,train,benign,9285,80.0,25020,0.0,-1,0
train_set/benign/ISIC_7667190_640x360.jpg,train,benign,4312,86.0,25029,4.0,-1,0
train_set/benign/ISIC_7670304_640x360.jpg,train,benign,1980,92.0,25037,6.0,-1,0
train_set/benign/ISIC_7670331_640x360.jpg,train,benign,9515,90.0,25038,0.0,-1,0
train_set/benign/ISIC_7671454_640x360.jpg,train,benign,2476,86.0,25044,2.0,-1,0
train_set/benign/ISIC_7672567_640x427.jpg,train,benign,7497,56.0,25052,0.0,-1,0
train_set/benign/ISIC_7678584_640x360.jpg,train,benign,3852,90.0,25061,6.0,-1,0
train_set/benign/ISIC_7681336_640x425.jpg,train,benign,1170,66.0,25068,2.0,-1,0
train_set/benign/ISIC_7681490_640x427.jpg,train,benign,9668,54.0,25069,2.0,-1,0
train_set/benign/ISIC_7682042_640x427.jpg,train,benign,9447,36.0,25071,0.0,-1,0
train_set/benign/ISIC_7682537_640x480.jpg,train,benign,1781,84.0,25073,4.0,-1,0
train_set/benign/ISIC_7682984_640x360.jpg,train,benign,4519,78.0,25075,2.0,-1,0
train_set/benign/ISIC_7683437_640x427.jpg,train,benign,7670,72.0,25077,4.0,-1,0
train_set/benign/ISIC_7685852_640x427.jpg,train,benign,112,86.0,11053,2.0,-1,0
train_set/benign/ISIC_7686849_640x427.jpg,train,benign,6677,74.0,25088,2.0,-1,0
train_set/benign/ISIC_7687367_640x360.jpg,train,benign,2629,92.0,25089,2.0,-1,0
train_set/benign/ISIC_7687686_640x427.jpg,train,benign,3783,88.0,25091,0.0,-1,0
train_set/benign/ISIC_7688025_640x480.jpg,train,benign,67,70.0,25093,2.0,-1,0
train_set/benign/ISIC_7688919_640x360.jpg,train,benign,7337,74.0,25095,2.0,-1,0
train_set/benign/ISIC_7690228_640x480.jpg,train,benign,7514,74.0,25099,0.0,-1,0
train_set/benign/ISIC_7691262_640x360.jpg,train,benign,5535,88.0,25101,0.0,-1,0
train_set/benign/ISIC_7694028_640x360.jpg,train,benign,3423,88.0,25106,4.0,-1,0
train_set/benign/ISIC_7694069_640x427.jpg,train,benign,6823,82.0,25107,2.0,-1,0
train_set/benign/ISIC_7696218_640x427.jpg,train,benign,2410,88.0,25110,2.0,-1,0
train_set/benign/ISIC_7696732_640x360.jpg,train,benign,3649,72.0,25114,10.0,-1,0
train_set/benign/ISIC_7697389_640x360.jpg,train,benign,3641,92.0,25119,4.0,-1,0
train_set/benign/ISIC_7699392_640x427.jpg,train,benign,2400,82.0,25125,2.0,-1,0
train_set/benign/ISIC_7699756_640x360.jpg,train,benign,685,90.0,25126,4.0,-1,0
train_set/benign/ISIC_7701089_640x360.jpg,train,benign,7307,92.0,25128,6.0,-1,0
train_set/benign/ISIC_7701890_640x425.jpg,train,benign,2620,88.0,25131,4.0,-1,0
train_set/benign/ISIC_7705876_640x360.jpg,train,benign,7447,74.0,25144,2.0,-1,0
train_set/benign/ISIC_7705928_640x480.jpg,train,benign,709,92.0,25145,2.0,-1,0
train_set/benign/ISIC_7706215_640x480.jpg,train,benign,4245,64.0,25146,2.0,-1,0
train_set/benign/ISIC_7707720_640x480.jpg,train,benign,8250,80.0,25152,0.0,-1,0
train_set/benign/ISIC_7710081_640x480.jpg,train,benign,7060,88.0,25158,2.0,-1,0
train_set/benign/ISIC_7711688_640x360.jpg,train,benign,5360,82.0,25162,0.0,-1,0
train_set/benign/ISIC_7712660_640x360.jpg,train,benign,2358,70.0,25166,6.0,-1,0
train_set/benign/ISIC_7714981_640x360.jpg,train,benign,7168,84.0,25171,2.0,-1,0
train_set/benign/ISIC_7716727_640x427.jpg,train,benign,7220,68.0,25177,6.0,-1,0
train_set/benign/ISIC_7717501_640x478.jpg,train,benign,1170,66.0,25180,4.0,-1,0
train_set/benign/ISIC_7718295_640x478.jpg,train,benign,2518,94.0,25186,2.0,-1,0
train_set/benign/ISIC_7718526_640x427.jpg,train,benign,2901,62.0,10350,4.0,-1,0
train_set/benign/ISIC_7722038_640x427.jpg,train,benign,6962,42.0,25201,4.0,-1,0
train_set/benign/ISIC_7723074_640x360.jpg,train,benign,682,88.0,25203,4.0,-1,0
train_set/benign/ISIC_7727908_640x427.jpg,train,benign,7656,84.0,25224,4.0,-1,0
train_set/benign/ISIC_7728263_640x427.jpg,train,benign,7178,80.0,25227,0.0,-1,0
train_set/benign/ISIC_7729249_640x427.jpg,train,benign,2602,92.0,25230,2.0,-1,0
train_set/benign/ISIC_7731108_640x480.jpg,train,benign,9221,86.0,25237,2.0,-1,0
train_set/benign/ISIC_7731445_640x480.jpg,train,benign,9265,80.0,25238,2.0,-1,0
train_set/benign/ISIC_7734359_640x360.jpg,train,benign,6472,86.0,25243,2.0,-1,0
train_set/benign/ISIC_7736423_640x360.jpg,train,benign,2127,88.0,25247,6.0,-1,0
train_set/benign/ISIC_7737874_640x427.jpg,train,benign,118,60.0,25250,2.0,-1,0
train_set/benign/ISIC_7738955_640x427.jpg,train,benign,6829,82.0,25255,4.0,-1,0
train_set/benign/ISIC_7740023_640x480.jpg,train,benign,7658,88.0,25260,0.0,-1,0
train_set/benign/ISIC_7740744_640x360.jpg,train,benign,4741,84.0,25262,2.0,-1,0
train_set/benign/ISIC_7741487_640x427.jpg,train,benign,1785,64.0,25263,2.0,-1,0
train_set/benign/ISIC_7741524_640x480.jpg,train,benign,361,94.0,25264,0.0,-1,0
train_set/benign/ISIC_7742740_640x360.jpg,train,benign,8170,86.0,25267,4.0,-1,0
train_set/benign/ISIC_7746409_640x360.jpg,train,benign,9140,88.0,25277,6.0,-1,0
train_set/benign/ISIC_7748899_640x360.jpg,train,benign,2272,74.0,25284,0.0,-1,0
train_set/benign/ISIC_7750443_640x360.jpg,train,benign,1346,92.0,25286,2.0,-1,0
train_set/benign/ISIC_7750544_640x427.jpg,train,benign,1760,92.0,25288,0.0,-1,0
train_set/benign/ISIC_7750671_640x427.jpg,train,benign,7000,80.0,25290,0.0,-1,0
train_set/benign/ISIC_7751366_640x480.jpg,train,benign,4945,88.0,25293,2.0,-1,0
train_set/benign/ISIC_7751774_640x427.jpg,train,benign,7185,66.0,25295,4.0,-1,0
train_set/benign/ISIC_7753163_640x480.jpg,train,benign,1711,88.0,25298,2.0,-1,0
train_set/benign/ISIC_7756373_640x360.jpg,train,benign,513,88.0,25315,2.0,-1,0
train_set/benign/ISIC_7759374_640x360.jpg,train,benign,1370,76.0,25321,0.0,-1,0
train_set/benign/ISIC_7759376_640x360.jpg,train,benign,6827,80.0,25322,10.0,-1,0
train_set/benign/ISIC_7764481_480x480.jpg,train,benign,6824,86.0,25343,4.0,-1,0
train_set/benign/ISIC_7764847_640x480.jpg,train,benign,9557,80.0,25344,4.0,-1,0
train_set/benign/ISIC_7764957_640x427.jpg,train,benign,7278,86.0,25346,4.0,-1,0
train_set/benign/ISIC_7766007_640x427.jpg,train,benign,2392,60.0,25350,0.0,-1,0
train_set/benign/ISIC_7767772_640x427.jpg,train,benign,2520,90.0,25356,2.0,-1,0
train_set/benign/ISIC_7776719_640x425.jpg,train,benign,7099,74.0,25382,2.0,-1,0
train_set/benign/ISIC_7778110_640x480.jpg,train,benign,2361,82.0,25386,2.0,-1,0
train_set/benign/ISIC_7780240_640x427.jpg,train,benign,7668,74.0,25394,2.0,-1,0
train_set/benign/ISIC_7781801_640x480.jpg,train,benign,157,90.0,25402,2.0,-1,0
train_set/benign/ISIC_7783346_640x480.jpg,train,benign,1019,94.0,25408,4.0,-1,0
train_set/benign/ISIC_7783951_640x360.jpg,train,benign,2003,64.0,25411,2.0,-1,0
train_set/benign/ISIC_7785457_640x478.jpg,train,benign,2272,84.0,25416,0.0,-1,0
train_set/benign/ISIC_7786096_640x427.jpg,train,benign,7555,84.0,25418,0.0,-1,0
train_set/benign/ISIC_7786379_640x360.jpg,train,benign,2219,92.0,25419,2.0,-1,0
train_set/benign/ISIC_7787473_640x478.jpg,train,benign,24,74.0,25421,2.0,-1,0
train_set/benign/ISIC_7793859_640x480.jpg,train,benign,4320,90.0,25438,2.0,-1,0
train_set/benign/ISIC_7796348_640x427.jpg,train,benign,2468,88.0,25441,2.0,-1,0
train_set/benign/ISIC_7797595_480x480.jpg,train,benign,1276,86.0,25445,2.0,-1,0
train_set/benign/ISIC_7797853_640x360.jpg,train,benign,4745,74.0,25447,6.0,-1,0
train_set/benign/ISIC_7798403_640x480.jpg,train,benign,9587,86.0,25451,2.0,-1,0
train_set/benign/ISIC_7803163_640x360.jpg,train,benign,1711,74.0,25470,4.0,-1,0
train_set/benign/ISIC_7803302_640x427.jpg,train,benign,85,92.0,25473,2.0,-1,0
train_set/benign/ISIC_7804844_640x480.jpg,train,benign,8882,86.0,25478,0.0,-1,0
train_set/benign/ISIC_7805607_640x480.jpg,train,benign,8925,72.0,25481,2.0,-1,0
train_set/benign/ISIC_7805885_640x480.jpg,train,benign,5211,86.0,25482,2.0,-1,0
train_set/benign/ISIC_7806065_640x360.jpg,train,benign,3703,86.0,25484,2.0,-1,0
train_set/benign/ISIC_7806776_640x427.jpg,train,benign,693,98.0,25489,0.0,-1,0
train_set/benign/ISIC_7807235_640x360.jpg,train,benign,2577,88.0,25491,4.0,-1,0
train_set/benign/ISIC_7810462_640x480.jpg,train,benign,7175,84.0,25497,2.0,-1,0
train_set/benign/ISIC_7816273_640x360.jpg,train,benign,1779,80.0,25511,4.0,-1,0
train_set/benign/ISIC_7818740_640x478.jpg,train,benign,1541,82.0,25521,0.0,-1,0
train_set/benign/ISIC_7819084_640x427.jpg,train,benign,8484,84.0,25525,2.0,-1,0
train_set/benign/ISIC_7819707_640x480.jpg,train,benign,2550,82.0,25526,4.0,-1,0
train_set/benign/ISIC_7821457_640x427.jpg,train,benign,7499,54.0,25531,4.0,-1,0
train_set/benign/ISIC_7821647_640x360.jpg,train,benign,8094,86.0,25533,2.0,-1,0
train_set/benign/ISIC_7823039_640x360.jpg,train,benign,1924,84.0,25540,2.0,-1,0
train_set/benign/ISIC_7825107_640x480.jpg,train,benign,1710,84.0,25546,0.0,-1,0
train_set/benign/ISIC_7826316_640x427.jpg,train,benign,7098,56.0,25551,2.0,-1,0
train_set/benign/ISIC_7826557_640x427.jpg,train,benign,8708,60.0,25553,2.0,-1,0
train_set/benign/ISIC_7828320_640x427.jpg,train,benign,8609,80.0,25557,0.0,-1,0
train_set/benign/ISIC_7829947_640x480.jpg,train,benign,2265,56.0,25565,2.0,-1,0
train_set/benign/ISIC_7832431_640x480.jpg,train,benign,7910,88.0,25575,2.0,-1,0
train_set/benign/ISIC_7833008_640x425.jpg,train,benign,24,86.0,25578,2.0,-1,0
train_set/benign/ISIC_7833195_640x427.jpg,train,benign,2155,88.0,25580,0.0,-1,0
train_set/benign/ISIC_7835537_640x427.jpg,train,benign,9133,80.0,25585,2.0,-1,0
train_set/benign/ISIC_7836288_640x360.jpg,train,benign,6287,80.0,25588,4.0,-1,0
train_set/benign/ISIC_7839092_640x427.jpg,train,benign,6767,74.0,25596,2.0,-1,0
train_set/benign/ISIC_7840165_640x360.jpg,train,benign,9154,70.0,25599,2.0,-1,0
train_set/benign/ISIC_7841085_640x427.jpg,train,benign,9182,72.0,25602,2.0,-1,0
train_set/benign/ISIC_7843406_640x480.jpg,train,benign,9025,82.0,25613,2.0,-1,0
train_set/benign/ISIC_7844761_640x360.jpg,train,benign,6694,78.0,25618,8.0,-1,0
train_set/benign/ISIC_7846492_640x360.jpg,train,benign,8727,82.0,25624,4.0,-1,0
train_set/benign/ISIC_7849885_640x360.jpg,train,benign,1266,84.0,25632,2.0,-1,0
train_set/benign/ISIC_7850134_640x360.jpg,train,benign,4955,80.0,25634,6.0,-1,0
train_set/benign/ISIC_7853799_640x480.jpg,train,benign,7366,78.0,25652,0.0,-1,0
train_set/benign/ISIC_7854457_640x480.jpg,train,benign,7722,74.0,25653,2.0,-1,0
train_set/benign/ISIC_7854663_640x360.jpg,train,benign,7718,76.0,25654,6.0,-1,0
train_set/benign/ISIC_7855286_640x480.jpg,train,benign,2358,86.0,25655,0.0,-1,0
train_set/benign/ISIC_7860137_640x427.jpg,train,benign,9182,64.0,25663,4.0,-1,0
train_set/benign/ISIC_7866488_640x480.jpg,train,benign,2349,86.0,25679,0.0,-1,0
train_set/benign/ISIC_7867245_640x360.jpg,train,benign,1908,86.0,25682,4.0,-1,0
train_set/benign/ISIC_7867320_640x478.jpg,train,benign,7438,86.0,25683,4.0,-1,0
train_set/benign/ISIC_7867422_640x427.jpg,train,benign,9076,60.0,25684,0.0,-1,0
train_set/benign/ISIC_7870290_640x480.jpg,train,benign,5103,82.0,25689,0.0,-1,0
train_set/benign/ISIC_7870928_640x427.jpg,train,benign,6831,68.0,25691,2.0,-1,0
train_set/benign/ISIC_7875088_640x360.jpg,train,benign,1225,84.0,25700,6.0,-1,0
train_set/benign/ISIC_7876737_640x480.jpg,train,benign,3930,82.0,25706,2.0,-1,0
train_set/benign/ISIC_7880046_640x427.jpg,train,benign,9290,68.0,25711,2.0,-1,0
train_set/benign/ISIC_7880984_640x360.jpg,train,benign,1361,74.0,25716,8.0,-1,0
train_set/benign/ISIC_7882178_640x360.jpg,train,benign,1660,90.0,25721,6.0,-1,0
train_set/benign/ISIC_7888236_640x427.jpg,train,benign,2409,88.0,25733,4.0,-1,0
train_set/benign/ISIC_7889231_640x480.jpg,train,benign,9126,82.0,25737,4.0,-1,0
train_set/benign/ISIC_7889838_640x360.jpg,train,benign,8553,80.0,25741,4.0,-1,0
train_set/benign/ISIC_7889935_640x427.jpg,train,benign,6777,66.0,25742,2.0,-1,0
train_set/benign/ISIC_7890383_640x480.jpg,train,benign,6863,86.0,25743,4.0,-1,0
train_set/benign/ISIC_7890638_640x480.jpg,train,benign,8485,84.0,25745,0.0,-1,0
train_set/benign/ISIC_7891412_640x360.jpg,train,benign,1789,84.0,25746,6.0,-1,0
train_set/benign/ISIC_7892362_640x360.jpg,train,benign,5211,74.0,25751,4.0,-1,0
train_set/benign/ISIC_7893391_640x480.jpg,train,benign,253,90.0,25753,0.0,-1,0
train_set/benign/ISIC_7893482_640x360.jpg,train,benign,9671,76.0,25754,8.0,-1,0
train_set/benign/ISIC_7900624_640x480.jpg,train,benign,3982,84.0,25774,2.0,-1,0
train_set/benign/ISIC_7901002_640x427.jpg,train,benign,9195,52.0,25775,2.0,-1,0
train_set/benign/ISIC_7901098_640x427.jpg,train,benign,562,86.0,25776,2.0,-1,0
train_set/benign/ISIC_7901891_640x480.jpg,train,benign,4473,90.0,25781,2.0,-1,0
train_set/benign/ISIC_7908106_640x480.jpg,train,benign,2512,90.0,25802,4.0,-1,0
train_set/benign/ISIC_7911301_640x360.jpg,train,benign,4721,86.0,25810,4.0,-1,0
train_set/benign/ISIC_7911861_640x480.jpg,train,benign,3783,86.0,25812,0.0,-1,0
train_set/benign/ISIC_7915065_640x360.jpg,train,benign,9006,66.0,25820,4.0,-1,0
train_set/benign/ISIC_7916441_640x360.jpg,train,benign,900,90.0,25827,4.0,-1,0
train_set/benign/ISIC_7918608_640x480.jpg,train,benign,775,82.0,25832,4.0,-1,0
train_set/benign/ISIC_7920019_640x480.jpg,train,benign,8905,92.0,25837,2.0,-1,0
train_set/benign/ISIC_7921023_640x480.jpg,train,benign,1885,88.0,25843,2.0,-1,0
train_set/benign/ISIC_7923258_640x360.jpg,train,benign,2003,76.0,25847,2.0,-1,0
train_set/benign/ISIC_7923714_640x480.jpg,train,benign,1776,84.0,25848,0.0,-1,0
train_set/benign/ISIC_7923745_640x480.jpg,train,benign,6259,82.0,25849,0.0,-1,0
train_set/benign/ISIC_7923912_640x480.jpg,train,benign,435,80.0,25851,0.0,-1,0
train_set/benign/ISIC_7926849_640x427.jpg,train,benign,8949,40.0,25856,2.0,-1,0
train_set/benign/ISIC_7927595_640x480.jpg,train,benign,9559,88.0,25860,4.0,-1,0
train_set/benign/ISIC_7929184_640x427.jpg,train,benign,6487,76.0,25865,2.0,-1,0
train_set/benign/ISIC_7929649_640x480.jpg,train,benign,8943,80.0,25868,4.0,-1,0
train_set/benign/ISIC_7930862_640x360.jpg,train,benign,7282,88.0,25872,4.0,-1,0
train_set/benign/ISIC_7932466_640x480.jpg,train,benign,9378,90.0,25874,0.0,-1,0
train_set/benign/ISIC_7932566_640x360.jpg,train,benign,5767,88.0,25875,2.0,-1,0
train_set/benign/ISIC_7933514_640x427.jpg,train,benign,7912,68.0,25880,6.0,-1,0
train_set/benign/ISIC_7933565_640x480.jpg,train,benign,8839,76.0,25881,0.0,-1,0
train_set/benign/ISIC_7933774_640x360.jpg,train,benign,7343,88.0,25882,4.0,-1,0
train_set/benign/ISIC_7935528_640x360.jpg,train,benign,8925,78.0,25889,2.0,-1,0
train_set/benign/ISIC_7936798_640x427.jpg,train,benign,9623,88.0,25895,2.0,-1,0
train_set/benign/ISIC_7938148_640x360.jpg,train,benign,2333,72.0,25901,2.0,-1,0
train_set/benign/ISIC_7939511_640x480.jpg,train,benign,1526,84.0,25904,2.0,-1,0
train_set/benign/ISIC_7944732_640x360.jpg,train,benign,1436,84.0,25915,2.0,-1,0
train_set/benign/ISIC_7945367_640x480.jpg,train,benign,4319,86.0,25916,2.0,-1,0
train_set/benign/ISIC_7947102_640x360.jpg,train,benign,2416,70.0,25919,4.0,-1,0
train_set/benign/ISIC_7948979_640x480.jpg,train,benign,8162,90.0,25927,2.0,-1,0
train_set/benign/ISIC_7951378_640x360.jpg,train,benign,4397,84.0,25938,6.0,-1,0
train_set/benign/ISIC_7955360_640x360.jpg,train,benign,8810,88.0,25951,6.0,-1,0
train_set/benign/ISIC_7958943_640x427.jpg,train,benign,6683,56.0,25956,0.0,-1,0
train_set/benign/ISIC_7960251_640x360.jpg,train,benign,4754,90.0,25965,0.0,-1,0
train_set/benign/ISIC_7960953_640x480.jpg,train,benign,434,76.0,25971,4.0,-1,0
train_set/benign/ISIC_7961677_640x360.jpg,train,benign,3105,84.0,25974,2.0,-1,0
train_set/benign/ISIC_7966692_640x360.jpg,train,benign,1756,88.0,25989,6.0,-1,0
train_set/benign/ISIC_7967108_640x360.jpg,train,benign,24,84.0,25991,8.0,-1,0
train_set/benign/ISIC_7970478_640x427.jpg,train,benign,3604,74.0,26000,0.0,-1,0
train_set/benign/ISIC_7973500_640x427.jpg,train,benign,8949,50.0,26007,6.0,-1,0
train_set/benign/ISIC_7973514_640x427.jpg,train,benign,7556,66.0,26008,2.0,-1,0
train_set/benign/ISIC_7974945_640x360.jpg,train,benign,9479,82.0,26015,4.0,-1,0
train_set/benign/ISIC_7975420_640x480.jpg,train,benign,911,78.0,26019,2.0,-1,0
train_set/benign/ISIC_7975613_640x427.jpg,train,benign,135,82.0,26020,2.0,-1,0
train_set/benign/ISIC_7976463_640x427.jpg,train,benign,7390,72.0,26024,2.0,-1,0
train_set/benign/ISIC_7976724_640x480.jpg,train,benign,5574,80.0,26026,2.0,-1,0
train_set/benign/ISIC_7976934_640x360.jpg,train,benign,9031,82.0,26027,2.0,-1,0
train_set/benign/ISIC_7978358_640x427.jpg,train,benign,8888,82.0,26032,2.0,-1,0
train_set/benign/ISIC_7979206_640x427.jpg,train,benign,7545,74.0,26034,2.0,-1,0
train_set/benign/ISIC_7980770_640x427.jpg,train,benign,5531,84.0,26040,2.0,-1,0
train_set/benign/ISIC_7983553_640x425.jpg,train,benign,1170,70.0,26049,2.0,-1,0
train_set/benign/ISIC_7984569_640x480.jpg,train,benign,2112,92.0,26051,0.0,-1,0
train_set/benign/ISIC_7984628_640x480.jpg,train,benign,6905,88.0,26052,2.0,-1,0
train_set/benign/ISIC_7988735_640x427.jpg,train,benign,4548,86.0,26064,4.0,-1,0
train_set/benign/ISIC_7989205_640x360.jpg,train,benign,6437,84.0,26068,2.0,-1,0
train_set/benign/ISIC_7991784_640x427.jpg,train,benign,1644,78.0,26080,2.0,-1,0
train_set/benign/ISIC_7994514_640x360.jpg,train,benign,1927,90.0,26090,0.0,-1,0
train_set/benign/ISIC_7995237_640x480.jpg,train,benign,2675,92.0,26093,2.0,-1,0
train_set/benign/ISIC_8001276_640x427.jpg,train,benign,7556,50.0,26105,8.0,-1,0
train_set/benign/ISIC_8001976_640x480.jpg,train,benign,9170,72.0,26109,0.0,-1,0
train_set/benign/ISIC_8002456_640x427.jpg,train,benign,8463,94.0,26110,0.0,-1,0
train_set/benign/ISIC_8003465_640x427.jpg,train,benign,1752,90.0,26114,2.0,-1,0
train_set/benign/ISIC_8008356_640x480.jpg,train,benign,743,90.0,26132,2.0,-1,0
train_set/benign/ISIC_8009623_640x360.jpg,train,benign,1927,90.0,26137,2.0,-1,0
train_set/benign/ISIC_8010968_640x427.jpg,train,benign,1865,94.0,26142,4.0,-1,0
train_set/benign/ISIC_8013448_640x360.jpg,train,benign,3420,94.0,26154,2.0,-1,0
train_set/benign/ISIC_8017882_640x427.jpg,train,benign,3558,96.0,26169,4.0,-1,0
train_set/benign/ISIC_8018963_640x480.jpg,train,benign,1040,78.0,26171,0.0,-1,0
train_set/benign/ISIC_8019918_640x360.jpg,train,benign,9707,80.0,26174,4.0,-1,0
train_set/benign/ISIC_8020153_640x427.jpg,train,benign,6962,64.0,26176,4.0,-1,0
train_set/benign/ISIC_8021672_640x360.jpg,train,benign,2953,84.0,26179,2.0,-1,0
train_set/benign/ISIC_8022825_640x360.jpg,train,benign,223,86.0,26186,4.0,-1,0
train_set/benign/ISIC_8022865_640x427.jpg,train,benign,1968,88.0,6460,6.0,-1,0
train_set/benign/ISIC_8022913_640x427.jpg,train,benign,7227,82.0,26187,0.0,-1,0
train_set/benign/ISIC_8023454_640x427.jpg,train,benign,639,92.0,26189,4.0,-1,0
train_set/benign/ISIC_8024841_640x427.jpg,train,benign,6683,80.0,26195,2.0,-1,0
train_set/benign/ISIC_8029120_640x360.jpg,train,benign,9038,80.0,26214,6.0,-1,0
train_set/benign/ISIC_8029450_640x427.jpg,train,benign,9265,68.0,26216,2.0,-1,0
train_set/benign/ISIC_8030063_640x360.jpg,train,benign,6974,54.0,26220,6.0,-1,0
train_set/benign/ISIC_8030519_640x360.jpg,train,benign,3117,84.0,26221,2.0,-1,0
train_set/benign/ISIC_8030752_640x427.jpg,train,benign,8443,74.0,26222,0.0,-1,0
train_set/benign/ISIC_8031776_640x427.jpg,train,benign,7164,78.0,26226,2.0,-1,0
train_set/benign/ISIC_8032325_640x360.jpg,train,benign,4449,76.0,26227,6.0,-1,0
train_set/benign/ISIC_8034030_640x427.jpg,train,benign,1385,68.0,26238,2.0,-1,0
train_set/benign/ISIC_8034587_640x360.jpg,train,benign,232,88.0,26240,2.0,-1,0
train_set/benign/ISIC_8034618_640x480.jpg,train,benign,1469,88.0,26241,2.0,-1,0
train_set/benign/ISIC_8034738_640x360.jpg,train,benign,7679,82.0,26242,2.0,-1,0
train_set/benign/ISIC_8034792_640x427.jpg,train,benign,6909,90.0,26243,0.0,-1,0
train_set/benign/ISIC_8035790_640x360.jpg,train,benign,8872,88.0,26246,2.0,-1,0
train_set/benign/ISIC_8036377_640x480.jpg,train,benign,1578,72.0,26249,0.0,-1,0
train_set/benign/ISIC_8041078_640x360.jpg,train,benign,2277,88.0,26260,4.0,-1,0
train_set/benign/ISIC_8042423_640x480.jpg,train,benign,9447,70.0,26264,2.0,-1,0
train_set/benign/ISIC_8044983_640x425.jpg,train,benign,7475,88.0,26274,0.0,-1,0
train_set/benign/ISIC_8047316_640x360.jpg,train,benign,7401,82.0,26281,8.0,-1,0
train_set/benign/ISIC_8047872_640x360.jpg,train,benign,5823,86.0,26284,4.0,-1,0
train_set/benign/ISIC_8048162_640x480.jpg,train,benign,6025,86.0,26285,0.0,-1,0
train_set/benign/ISIC_8050538_640x427.jpg,train,benign,2879,82.0,26292,2.0,-1,0
train_set/benign/ISIC_8050904_640x360.jpg,train,benign,6341,92.0,26294,2.0,-1,0
train_set/benign/ISIC_8051015_640x427.jpg,train,benign,5972,84.0,26295,2.0,-1,0
train_set/benign/ISIC_8051628_640x360.jpg,train,benign,8205,68.0,26298,4.0,-1,0
train_set/benign/ISIC_8052634_640x480.jpg,train,benign,6027,88.0,26301,0.0,-1,0
train_set/benign/ISIC_8054028_640x480.jpg,train,benign,9357,90.0,26310,2.0,-1,0
train_set/benign/ISIC_8054626_480x480.jpg,train,benign,3357,88.0,26312,0.0,-1,0
train_set/benign/ISIC_8054710_640x480.jpg,train,benign,6846,78.0,26314,0.0,-1,0
train_set/benign/ISIC_8057020_640x360.jpg,train,benign,3657,78.0,26323,4.0,-1,0
train_set/benign/ISIC_8058717_640x427.jpg,train,benign,7508,84.0,26324,2.0,-1,0
train_set/benign/ISIC_8065339_640x360.jpg,train,benign,7712,84.0,26342,4.0,-1,0
train_set/benign/ISIC_8067119_640x360.jpg,train,benign,7856,64.0,26355,4.0,-1,0
train_set/benign/ISIC_8068155_640x427.jpg,train,benign,6767,66.0,26357,4.0,-1,0
train_set/benign/ISIC_8071131_640x360.jpg,train,benign,9138,86.0,26371,6.0,-1,0
train_set/benign/ISIC_8072117_640x427.jpg,train,benign,6771,56.0,26373,2.0,-1,0
train_set/benign/ISIC_8073310_640x427.jpg,train,benign,6806,84.0,26377,0.0,-1,0
train_set/benign/ISIC_8073521_640x480.jpg,train,benign,5545,60.0,26378,0.0,-1,0
train_set/benign/ISIC_8073568_640x360.jpg,train,benign,4663,86.0,26380,0.0,-1,0
train_set/benign/ISIC_8078525_640x427.jpg,train,benign,434,86.0,26390,0.0,-1,0
train_set/benign/ISIC_8080521_640x427.jpg,train,benign,9341,60.0,11095,2.0,-1,0
train_set/benign/ISIC_8080577_640x427.jpg,train,benign,7321,82.0,26395,2.0,-1,0
train_set/benign/ISIC_8082012_640x478.jpg,train,benign,1387,84.0,26397,2.0,-1,0
train_set/benign/ISIC_8082988_640x425.jpg,train,benign,8604,70.0,26403,0.0,-1,0
train_set/benign/ISIC_8085141_640x427.jpg,train,benign,6487,60.0,26408,4.0,-1,0
train_set/benign/ISIC_8086499_640x480.jpg,train,benign,2544,90.0,26411,2.0,-1,0
train_set/benign/ISIC_8086919_640x480.jpg,train,benign,7244,84.0,26414,2.0,-1,0
train_set/benign/ISIC_8087219_640x427.jpg,train,benign,1782,78.0,26415,0.0,-1,0
train_set/benign/ISIC_8090236_640x360.jpg,train,benign,3052,68.0,26421,0.0,-1,0
train_set/benign/ISIC_8090739_640x360.jpg,train,benign,1385,86.0,26422,4.0,-1,0
train_set/benign/ISIC_8092647_640x360.jpg,train,benign,8836,78.0,26426,4.0,-1,0
train_set/benign/ISIC_8092805_640x427.jpg,train,benign,2344,78.0,26427,2.0,-1,0
train_set/benign/ISIC_8094516_640x360.jpg,train,benign,1667,88.0,26430,2.0,-1,0
train_set/benign/ISIC_8098267_640x427.jpg,train,benign,6970,86.0,26446,2.0,-1,0
train_set/benign/ISIC_8098872_640x427.jpg,train,benign,2595,90.0,26449,2.0,-1,0
train_set/benign/ISIC_8102580_640x480.jpg,train,benign,7852,82.0,26459,2.0,-1,0
train_set/benign/ISIC_8107990_640x360.jpg,train,benign,3073,92.0,26471,6.0,-1,0
train_set/benign/ISIC_8108596_640x480.jpg,train,benign,7500,86.0,26475,2.0,-1,0
train_set/benign/ISIC_8108720_640x427.jpg,train,benign,6962,80.0,26476,0.0,-1,0
train_set/benign/ISIC_8108963_640x480.jpg,train,benign,3054,72.0,26478,4.0,-1,0
train_set/benign/ISIC_8109605_640x480.jpg,train,benign,543,90.0,26483,0.0,-1,0
train_set/benign/ISIC_8109950_640x360.jpg,train,benign,5574,78.0,26484,8.0,-1,0
train_set/benign/ISIC_8111958_640x360.jpg,train,benign,8276,64.0,26486,6.0,-1,0
train_set/benign/ISIC_8113573_640x427.jpg,train,benign,9066,66.0,26490,0.0,-1,0
train_set/benign/ISIC_8114321_640x360.jpg,train,benign,4570,78.0,26493,2.0,-1,0
train_set/benign/ISIC_8114502_640x480.jpg,train,benign,2462,92.0,26494,0.0,-1,0
train_set/benign/ISIC_8115116_640x360.jpg,train,benign,1602,92.0,26495,2.0,-1,0
train_set/benign/ISIC_8116187_640x427.jpg,train,benign,9651,60.0,26497,10.0,-1,0
train_set/benign/ISIC_8116363_640x427.jpg,train,benign,8919,84.0,26498,2.0,-1,0
train_set/benign/ISIC_8116729_640x480.jpg,train,benign,1655,80.0,26502,2.0,-1,0
train_set/benign/ISIC_8119644_640x360.jpg,train,benign,1128,86.0,26514,4.0,-1,0
train_set/benign/ISIC_8119754_640x360.jpg,train,benign,8894,68.0,26515,6.0,-1,0
train_set/benign/ISIC_8121679_640x480.jpg,train,benign,3163,76.0,26520,0.0,-1,0
train_set/benign/ISIC_8125482_640x480.jpg,train,benign,249,90.0,26529,4.0,-1,0
train_set/benign/ISIC_8125801_640x480.jpg,train,benign,9292,84.0,26532,4.0,-1,0
train_set/benign/ISIC_8127394_640x427.jpg,train,benign,5667,86.0,26538,2.0,-1,0
train_set/benign/ISIC_8127578_640x427.jpg,train,benign,6183,76.0,26540,2.0,-1,0
train_set/benign/ISIC_8128982_640x360.jpg,train,benign,1791,86.0,26546,2.0,-1,0
train_set/benign/ISIC_8129362_319x480.jpg,train,benign,7065,88.0,26547,0.0,-1,0
train_set/benign/ISIC_8130862_640x427.jpg,train,benign,1695,82.0,26553,2.0,-1,0
train_set/benign/ISIC_8132143_640x427.jpg,train,benign,6851,72.0,26555,2.0,-1,0
train_set/benign/ISIC_8135026_640x480.jpg,train,benign,146,88.0,26565,2.0,-1,0
train_set/benign/ISIC_8136027_640x360.jpg,train,benign,1057,90.0,26571,2.0,-1,0
train_set/benign/ISIC_8136675_640x427.jpg,train,benign,8713,74.0,26572,2.0,-1,0
train_set/benign/ISIC_8138302_640x427.jpg,train,benign,6825,50.0,26576,6.0,-1,0
train_set/benign/ISIC_8142027_640x480.jpg,train,benign,2871,88.0,26587,0.0,-1,0
train_set/benign/ISIC_8142203_640x360.jpg,train,benign,3720,88.0,26588,2.0,-1,0
train_set/benign/ISIC_8143286_640x360.jpg,train,benign,8110,80.0,26593,4.0,-1,0
train_set/benign/ISIC_8144271_480x480.jpg,train,benign,7180,90.0,26596,2.0,-1,0
train_set/benign/ISIC_8146467_640x360.jpg,train,benign,7858,86.0,26604,8.0,-1,0
train_set/benign/ISIC_8148759_640x480.jpg,train,benign,206,92.0,26613,2.0,-1,0
train_set/benign/ISIC_8150915_640x360.jpg,train,benign,5027,76.0,26619,4.0,-1,0
train_set/benign/ISIC_8151437_640x480.jpg,train,benign,505,86.0,26620,0.0,-1,0
train_set/benign/ISIC_8151991_640x360.jpg,train,benign,2333,76.0,26623,2.0,-1,0
train_set/benign/ISIC_8155634_640x427.jpg,train,benign,7053,74.0,26637,2.0,-1,0
train_set/benign/ISIC_8156101_640x427.jpg,train,benign,7021,68.0,26639,8.0,-1,0
train_set/benign/ISIC_8157009_640x360.jpg,train,benign,6289,84.0,26642,2.0,-1,0
train_set/benign/ISIC_8157303_640x427.jpg,train,benign,1753,78.0,26643,0.0,-1,0
train_set/benign/ISIC_8157405_640x480.jpg,train,benign,1170,88.0,26644,2.0,-1,0
train_set/benign/ISIC_8158285_640x360.jpg,train,benign,4287,74.0,26651,6.0,-1,0
train_set/benign/ISIC_8160576_640x480.jpg,train,benign,8899,78.0,26661,4.0,-1,0
train_set/benign/ISIC_8160979_640x480.jpg,train,benign,7776,82.0,26663,4.0,-1,0
train_set/benign/ISIC_8161874_640x427.jpg,train,benign,9151,80.0,26665,2.0,-1,0
train_set/benign/ISIC_8161933_640x427.jpg,train,benign,7732,80.0,26666,4.0,-1,0
train_set/benign/ISIC_8165133_640x360.jpg,train,benign,7242,80.0,26674,2.0,-1,0
train_set/benign/ISIC_8166819_640x360.jpg,train,benign,4745,74.0,26680,0.0,-1,0
train_set/benign/ISIC_8168507_640x427.jpg,train,benign,6825,54.0,26684,2.0,-1,0
train_set/benign/ISIC_8169511_640x360.jpg,train,benign,116,80.0,26689,4.0,-1,0
train_set/benign/ISIC_8173405_640x360.jpg,train,benign,946,86.0,26700,4.0,-1,0
train_set/benign/ISIC_8174647_640x480.jpg,train,benign,2797,84.0,26704,0.0,-1,0
train_set/benign/ISIC_8179839_640x360.jpg,train,benign,730,88.0,26723,6.0,-1,0
train_set/benign/ISIC_8181833_640x427.jpg,train,benign,7197,76.0,26729,2.0,-1,0
train_set/benign/ISIC_8182529_640x360.jpg,train,benign,1524,88.0,26734,4.0,-1,0
train_set/benign/ISIC_8183419_640x360.jpg,train,benign,1842,82.0,26737,6.0,-1,0
train_set/benign/ISIC_8186751_640x480.jpg,train,benign,2598,90.0,26744,2.0,-1,0
train_set/benign/ISIC_8188175_640x480.jpg,train,benign,9312,82.0,26749,2.0,-1,0
train_set/benign/ISIC_8188799_640x360.jpg,train,benign,1606,80.0,26752,4.0,-1,0
train_set/benign/ISIC_8190151_640x427.jpg,train,benign,8982,86.0,26756,6.0,-1,0
train_set/benign/ISIC_8191639_640x360.jpg,train,benign,6870,80.0,26763,4.0,-1,0
train_set/benign/ISIC_8195332_640x478.jpg,train,benign,9978,86.0,26777,2.0,-1,0
train_set/benign/ISIC_8195528_640x427.jpg,train,benign,7013,70.0,26778,0.0,-1,0
train_set/benign/ISIC_8196660_640x480.jpg,train,benign,1175,76.0,26781,2.0,-1,0
train_set/benign/ISIC_8201757_640x360.jpg,train,benign,2389,80.0,26800,4.0,-1,0
train_set/benign/ISIC_8202184_640x427.jpg,train,benign,894,88.0,26801,2.0,-1,0
train_set/benign/ISIC_8207033_640x425.jpg,train,benign,2332,82.0,26820,2.0,-1,0
train_set/benign/ISIC_8211993_640x480.jpg,train,benign,7549,82.0,26840,2.0,-1,0
train_set/benign/ISIC_8213912_640x360.jpg,train,benign,4956,82.0,26847,6.0,-1,0
train_set/benign/ISIC_8214583_640x480.jpg,train,benign,7922,80.0,26852,2.0,-1,0
train_set/benign/ISIC_8218609_640x427.jpg,train,benign,1276,52.0,26859,2.0,-1,0
train_set/benign/ISIC_8219083_640x427.jpg,train,benign,7636,60.0,26860,2.0,-1,0
train_set/benign/ISIC_8222678_640x425.jpg,train,benign,770,78.0,26868,0.0,-1,0
train_set/benign/ISIC_8225018_640x360.jpg,train,benign,8110,90.0,26877,10.0,-1,0
train_set/benign/ISIC_8227913_640x360.jpg,train,benign,5726,86.0,26883,2.0,-1,0
train_set/benign/ISIC_8228433_640x427.jpg,train,benign,9006,86.0,26885,2.0,-1,0
train_set/benign/ISIC_8231978_640x427.jpg,train,benign,6500,90.0,26898,0.0,-1,0
train_set/benign/ISIC_8236820_640x427.jpg,train,benign,8308,92.0,26912,0.0,-1,0
train_set/benign/ISIC_8237137_640x480.jpg,train,benign,6765,86.0,26915,4.0,-1,0
train_set/benign/ISIC_8237358_640x480.jpg,train,benign,3619,92.0,26917,2.0,-1,0
train_set/benign/ISIC_8238508_640x427.jpg,train,benign,7545,78.0,26920,2.0,-1,0
train_set/benign/ISIC_8240552_640x427.jpg,train,benign,7807,66.0,26924,2.0,-1,0
train_set/benign/ISIC_8244743_640x427.jpg,train,benign,9594,40.0,26940,0.0,-1,0
train_set/benign/ISIC_8248109_640x427.jpg,train,benign,6867,74.0,26954,2.0,-1,0
train_set/benign/ISIC_8248696_640x360.jpg,train,benign,7878,78.0,26957,8.0,-1,0
train_set/benign/ISIC_8249095_640x427.jpg,train,benign,8238,86.0,26961,0.0,-1,0
train_set/benign/ISIC_8249427_640x480.jpg,train,benign,8306,90.0,26962,0.0,-1,0
train_set/benign/ISIC_8252358_640x360.jpg,train,benign,5304,92.0,26976,2.0,-1,0
train_set/benign/ISIC_8252558_640x360.jpg,train,benign,6205,70.0,26979,2.0,-1,0
train_set/benign/ISIC_8253317_640x480.jpg,train,benign,2267,78.0,26982,4.0,-1,0
train_set/benign/ISIC_8253422_640x480.jpg,train,benign,6825,84.0,26984,2.0,-1,0
train_set/benign/ISIC_8258970_640x427.jpg,train,benign,7587,80.0,26996,2.0,-1,0
train_set/benign/ISIC_8260280_640x480.jpg,train,benign,5902,82.0,26999,6.0,-1,0
train_set/benign/ISIC_8265105_640x360.jpg,train,benign,2999,86.0,27014,4.0,-1,0
train_set/benign/ISIC_8266094_640x427.jpg,train,benign,118,56.0,27016,0.0,-1,0
train_set/benign/ISIC_8268030_640x480.jpg,train,benign,574,84.0,27021,0.0,-1,0
train_set/benign/ISIC_8270195_640x427.jpg,train,benign,376,88.0,27026,0.0,-1,0
train_set/benign/ISIC_8272585_640x360.jpg,train,benign,4091,86.0,27031,4.0,-1,0
train_set/benign/ISIC_8273033_640x360.jpg,train,benign,8865,82.0,27033,2.0,-1,0
train_set/benign/ISIC_8276321_640x360.jpg,train,benign,9447,66.0,27041,4.0,-1,0
train_set/benign/ISIC_8276574_640x360.jpg,train,benign,3622,90.0,27043,4.0,-1,0
train_set/benign/ISIC_8277845_640x480.jpg,train,benign,5022,60.0,27048,4.0,-1,0
train_set/benign/ISIC_8278517_640x427.jpg,train,benign,4804,72.0,27053,2.0,-1,0
train_set/benign/ISIC_8279603_640x360.jpg,train,benign,4607,76.0,27061,8.0,-1,0
train_set/benign/ISIC_8280272_640x480.jpg,train,benign,168,80.0,27062,2.0,-1,0
train_set/benign/ISIC_8280581_640x427.jpg,train,benign,9053,82.0,27063,6.0,-1,0
train_set/benign/ISIC_8283435_640x360.jpg,train,benign,8458,82.0,27071,8.0,-1,0
train_set/benign/ISIC_8284051_640x480.jpg,train,benign,144,86.0,27073,2.0,-1,0
train_set/benign/ISIC_8289303_640x427.jpg,train,benign,1393,66.0,27093,0.0,-1,0
train_set/benign/ISIC_8289681_640x480.jpg,train,benign,190,90.0,27096,2.0,-1,0
train_set/benign/ISIC_8292179_640x480.jpg,train,benign,7023,86.0,27102,4.0,-1,0
train_set/benign/ISIC_8292326_640x427.jpg,train,benign,728,86.0,27104,0.0,-1,0
train_set/benign/ISIC_8296881_640x427.jpg,train,benign,6487,58.0,27120,6.0,-1,0
train_set/benign/ISIC_8299533_640x360.jpg,train,benign,9080,78.0,27130,6.0,-1,0
train_set/benign/ISIC_8300078_640x360.jpg,train,benign,4152,90.0,27133,4.0,-1,0
train_set/benign/ISIC_8301016_640x360.jpg,train,benign,7824,92.0,27141,6.0,-1,0
train_set/benign/ISIC_8301536_640x360.jpg,train,benign,7223,74.0,27143,6.0,-1,0
train_set/benign/ISIC_8304448_640x427.jpg,train,benign,1393,64.0,27149,0.0,-1,0
train_set/benign/ISIC_8304618_640x360.jpg,train,benign,8852,82.0,27150,2.0,-1,0
train_set/benign/ISIC_8304923_640x427.jpg,train,benign,6962,78.0,27152,0.0,-1,0
train_set/benign/ISIC_8305581_640x427.jpg,train,benign,2318,68.0,27154,0.0,-1,0
train_set/benign/ISIC_8314148_640x427.jpg,train,benign,9302,72.0,27174,2.0,-1,0
train_set/benign/ISIC_8314360_640x480.jpg,train,benign,5185,80.0,27176,2.0,-1,0
train_set/benign/ISIC_8314759_640x427.jpg,train,benign,9447,66.0,27179,2.0,-1,0
train_set/benign/ISIC_8317558_640x360.jpg,train,benign,9005,92.0,27188,2.0,-1,0
train_set/benign/ISIC_8318262_640x360.jpg,train,benign,7102,88.0,27190,4.0,-1,0
train_set/benign/ISIC_8318336_640x480.jpg,train,benign,4432,84.0,27191,0.0,-1,0
train_set/benign/ISIC_8320443_640x425.jpg,train,benign,6952,76.0,27197,2.0,-1,0
train_set/benign/ISIC_8321678_640x427.jpg,train,benign,3040,76.0,27201,4.0,-1,0
train_set/benign/ISIC_8322005_640x360.jpg,train,benign,5121,64.0,27203,4.0,-1,0
train_set/benign/ISIC_8322239_640x480.jpg,train,benign,7598,84.0,27204,2.0,-1,0
train_set/benign/ISIC_8324364_640x480.jpg,train,benign,9882,84.0,27211,2.0,-1,0
train_set/benign/ISIC_8324787_640x478.jpg,train,benign,2970,84.0,27217,4.0,-1,0
train_set/benign/ISIC_8325872_640x480.jpg,train,benign,1733,88.0,27225,2.0,-1,0
train_set/benign/ISIC_8327842_640x480.jpg,train,benign,3324,88.0,27231,0.0,-1,0
train_set/benign/ISIC_8327884_640x480.jpg,train,benign,2428,66.0,27232,4.0,-1,0
train_set/benign/ISIC_8329040_640x360.jpg,train,benign,3625,90.0,27234,2.0,-1,0
train_set/benign/ISIC_8329292_640x360.jpg,train,benign,9514,86.0,27235,2.0,-1,0
train_set/benign/ISIC_8332109_640x427.jpg,train,benign,7278,86.0,27242,2.0,-1,0
train_set/benign/ISIC_8334299_640x360.jpg,train,benign,8318,88.0,27249,4.0,-1,0
train_set/benign/ISIC_8335398_640x427.jpg,train,benign,6743,70.0,27252,2.0,-1,0
train_set/benign/ISIC_8335489_640x478.jpg,train,benign,6833,86.0,27253,4.0,-1,0
train_set/benign/ISIC_8336606_640x360.jpg,train,benign,8870,84.0,27256,4.0,-1,0
train_set/benign/ISIC_8337820_640x427.jpg,train,benign,1850,72.0,27260,8.0,-1,0
train_set/benign/ISIC_8337916_640x427.jpg,train,benign,7788,70.0,27261,2.0,-1,0
train_set/benign/ISIC_8339665_640x427.jpg,train,benign,9265,52.0,27271,2.0,-1,0
train_set/benign/ISIC_8340256_640x425.jpg,train,benign,1170,78.0,27272,2.0,-1,0
train_set/benign/ISIC_8342761_640x425.jpg,train,benign,1124,80.0,27281,2.0,-1,0
train_set/benign/ISIC_8347165_640x360.jpg,train,benign,2410,76.0,27295,2.0,-1,0
train_set/benign/ISIC_8347675_640x360.jpg,train,benign,5218,84.0,27298,2.0,-1,0
train_set/benign/ISIC_8347742_640x427.jpg,train,benign,1671,82.0,27300,2.0,-1,0
train_set/benign/ISIC_8349746_640x427.jpg,train,benign,7400,80.0,27309,4.0,-1,0
train_set/benign/ISIC_8351799_640x427.jpg,train,benign,2870,88.0,27314,2.0,-1,0
train_set/benign/ISIC_8356384_640x480.jpg,train,benign,9684,74.0,27327,2.0,-1,0
train_set/benign/ISIC_8356468_640x480.jpg,train,benign,7523,86.0,27328,2.0,-1,0
train_set/benign/ISIC_8356618_640x360.jpg,train,benign,9090,90.0,27330,4.0,-1,0
train_set/benign/ISIC_8357415_640x360.jpg,train,benign,3135,86.0,27337,4.0,-1,0
train_set/benign/ISIC_8358020_640x480.jpg,train,benign,1498,80.0,27341,2.0,-1,0
train_set/benign/ISIC_8360023_640x480.jpg,train,benign,6691,78.0,27344,2.0,-1,0
train_set/benign/ISIC_8361302_640x360.jpg,train,benign,8713,78.0,27345,4.0,-1,0
train_set/benign/ISIC_8361472_640x427.jpg,train,benign,2300,88.0,27346,2.0,-1,0
train_set/benign/ISIC_8362043_640x480.jpg,train,benign,5723,90.0,27348,2.0,-1,0
train_set/benign/ISIC_8363485_640x480.jpg,train,benign,869,94.0,27353,0.0,-1,0
train_set/benign/ISIC_8370610_640x360.jpg,train,benign,2335,84.0,27372,4.0,-1,0
train_set/benign/ISIC_8375699_640x360.jpg,train,benign,5072,88.0,27385,2.0,-1,0
train_set/benign/ISIC_8377218_640x427.jpg,train,benign,6201,76.0,27391,4.0,-1,0
train_set/benign/ISIC_8377802_640x480.jpg,train,benign,156,92.0,27393,2.0,-1,0
train_set/benign/ISIC_8380605_640x360.jpg,train,benign,3556,92.0,27409,2.0,-1,0
train_set/benign/ISIC_8380874_640x360.jpg,train,benign,7676,82.0,27411,4.0,-1,0
train_set/benign/ISIC_8383600_640x427.jpg,train,benign,6871,72.0,27419,2.0,-1,0
train_set/benign/ISIC_8386532_640x360.jpg,train,benign,2403,86.0,27427,6.0,-1,0
train_set/benign/ISIC_8388593_640x480.jpg,train,benign,1550,84.0,27433,0.0,-1,0
train_set/benign/ISIC_8388810_640x360.jpg,train,benign,2003,92.0,27434,6.0,-1,0
train_set/benign/ISIC_8389361_640x427.jpg,train,benign,7117,78.0,27435,2.0,-1,0
train_set/benign/ISIC_8389839_640x360.jpg,train,benign,5563,68.0,27437,6.0,-1,0
train_set/benign/ISIC_8391394_640x360.jpg,train,benign,4931,64.0,27441,4.0,-1,0
train_set/benign/ISIC_8397011_640x360.jpg,train,benign,7220,84.0,27456,2.0,-1,0
train_set/benign/ISIC_8397077_640x360.jpg,train,benign,7511,80.0,27457,2.0,-1,0
train_set/benign/ISIC_8397698_640x427.jpg,train,benign,118,66.0,27463,2.0,-1,0
train_set/benign/ISIC_8402962_640x480.jpg,train,benign,8712,80.0,27471,0.0,-1,0
train_set/benign/ISIC_8407262_640x480.jpg,train,benign,8062,82.0,27483,2.0,-1,0
train_set/benign/ISIC_8407665_640x427.jpg,train,benign,6962,50.0,27484,6.0,-1,0
train_set/benign/ISIC_8409024_640x427.jpg,train,benign,7902,60.0,27486,0.0,-1,0
train_set/benign/ISIC_8409262_640x480.jpg,train,benign,8713,80.0,27488,2.0,-1,0
train_set/benign/ISIC_8411477_640x480.jpg,train,benign,5445,90.0,27496,2.0,-1,0
train_set/benign/ISIC_8413760_640x425.jpg,train,benign,888,86.0,27503,4.0,-1,0
train_set/benign/ISIC_8414396_640x360.jpg,train,benign,3939,76.0,27504,6.0,-1,0
train_set/benign/ISIC_8414559_640x360.jpg,train,benign,2104,88.0,27506,6.0,-1,0
train_set/benign/ISIC_8416055_640x480.jpg,train,benign,8335,90.0,27511,2.0,-1,0
train_set/benign/ISIC_8416940_640x427.jpg,train,benign,66,90.0,27515,2.0,-1,0
train_set/benign/ISIC_8418506_640x480.jpg,train,benign,115,78.0,27520,2.0,-1,0
train_set/benign/ISIC_8424785_640x427.jpg,train,benign,8413,90.0,27542,2.0,-1,0
train_set/benign/ISIC_8425338_640x480.jpg,train,benign,4092,82.0,27543,2.0,-1,0
train_set/benign/ISIC_8425893_640x480.jpg,train,benign,2265,72.0,27545,0.0,-1,0
train_set/benign/ISIC_8429889_640x480.jpg,train,benign,1840,90.0,27558,4.0,-1,0
train_set/benign/ISIC_8429917_640x360.jpg,train,benign,3342,90.0,27559,2.0,-1,0
train_set/benign/ISIC_8430749_640x427.jpg,train,benign,2418,86.0,27567,2.0,-1,0
train_set/benign/ISIC_8431668_640x480.jpg,train,benign,4391,86.0,27570,2.0,-1,0
train_set/benign/ISIC_8431949_640x360.jpg,train,benign,87,88.0,27572,2.0,-1,0
train_set/benign/ISIC_8435651_640x360.jpg,train,benign,7860,84.0,27583,6.0,-1,0
train_set/benign/ISIC_8438802_640x425.jpg,train,benign,1170,72.0,27594,4.0,-1,0
train_set/benign/ISIC_8440615_640x427.jpg,train,benign,9261,80.0,27601,2.0,-1,0
train_set/benign/ISIC_8441293_640x360.jpg,train,benign,2459,86.0,27602,4.0,-1,0
train_set/benign/ISIC_8444919_640x360.jpg,train,benign,2265,72.0,27612,0.0,-1,0
train_set/benign/ISIC_8445041_640x480.jpg,train,benign,7788,64.0,27614,0.0,-1,0
train_set/benign/ISIC_8445238_640x360.jpg,train,benign,5487,76.0,27616,0.0,-1,0
train_set/benign/ISIC_8446043_640x360.jpg,train,benign,8134,88.0,27617,2.0,-1,0
train_set/benign/ISIC_8448295_640x427.jpg,train,benign,6859,94.0,27626,2.0,-1,0
train_set/benign/ISIC_8449514_640x360.jpg,train,benign,5171,80.0,27629,4.0,-1,0
train_set/benign/ISIC_8451301_640x360.jpg,train,benign,7305,82.0,27636,6.0,-1,0
train_set/benign/ISIC_8452718_640x480.jpg,train,benign,1433,90.0,27639,4.0,-1,0
train_set/benign/ISIC_8454818_640x360.jpg,train,benign,3476,90.0,27644,4.0,-1,0
train_set/benign/ISIC_8455491_640x480.jpg,train,benign,9010,90.0,27646,2.0,-1,0
train_set/benign/ISIC_8455810_640x427.jpg,train,benign,8989,88.0,27647,2.0,-1,0
train_set/benign/ISIC_8456171_640x480.jpg,train,benign,398,82.0,27651,2.0,-1,0
train_set/benign/ISIC_8458149_640x427.jpg,train,benign,1345,72.0,27656,4.0,-1,0
train_set/benign/ISIC_8461708_640x360.jpg,train,benign,4752,82.0,27667,6.0,-1,0
train_set/benign/ISIC_8462364_640x360.jpg,train,benign,27,76.0,27669,2.0,-1,0
train_set/benign/ISIC_8465152_640x425.jpg,train,benign,1744,86.0,27678,0.0,-1,0
train_set/benign/ISIC_8466805_640x427.jpg,train,benign,8949,40.0,27684,2.0,-1,0
train_set/benign/ISIC_8469584_640x360.jpg,train,benign,87,96.0,27694,4.0,-1,0
train_set/benign/ISIC_8469807_640x427.jpg,train,benign,7543,78.0,27696,0.0,-1,0
train_set/benign/ISIC_8470398_640x427.jpg,train,benign,7556,60.0,27698,0.0,-1,0
train_set/benign/ISIC_8472246_640x427.jpg,train,benign,1393,68.0,27700,0.0,-1,0
train_set/benign/ISIC_8475681_640x427.jpg,train,benign,153,86.0,27710,2.0,-1,0
train_set/benign/ISIC_8480641_640x427.jpg,train,benign,7356,72.0,27725,4.0,-1,0
train_set/benign/ISIC_8480913_640x478.jpg,train,benign,1711,74.0,27726,0.0,-1,0
train_set/benign/ISIC_8485822_640x427.jpg,train,benign,7272,74.0,27742,2.0,-1,0
train_set/benign/ISIC_8487789_640x480.jpg,train,benign,1260,88.0,27746,0.0,-1,0
train_set/benign/ISIC_8488336_640x478.jpg,train,benign,8596,84.0,27750,2.0,-1,0
train_set/benign/ISIC_8490373_640x427.jpg,train,benign,7668,72.0,27752,4.0,-1,0
train_set/benign/ISIC_8491192_640x360.jpg,train,benign,3244,78.0,27754,6.0,-1,0
train_set/benign/ISIC_8497902_640x480.jpg,train,benign,7787,76.0,27779,4.0,-1,0
train_set/benign/ISIC_8502248_640x427.jpg,train,benign,8555,82.0,27790,2.0,-1,0
train_set/benign/ISIC_8503849_640x360.jpg,train,benign,6977,92.0,27796,2.0,-1,0
train_set/benign/ISIC_8509562_640x360.jpg,train,benign,5057,66.0,27820,2.0,-1,0
train_set/benign/ISIC_8511487_640x478.jpg,train,benign,9240,86.0,27827,2.0,-1,0
train_set/benign/ISIC_8512716_640x427.jpg,train,benign,9325,80.0,27829,0.0,-1,0
train_set/benign/ISIC_8513649_640x480.jpg,train,benign,938,76.0,27831,2.0,-1,0
train_set/benign/ISIC_8516516_640x360.jpg,train,benign,4499,76.0,27840,4.0,-1,0
train_set/benign/ISIC_8516631_640x360.jpg,train,benign,6456,84.0,27841,4.0,-1,0
train_set/benign/ISIC_8524457_640x427.jpg,train,benign,119,78.0,27868,2.0,-1,0
train_set/benign/ISIC_8525314_640x360.jpg,train,benign,5057,96.0,27869,6.0,-1,0
train_set/benign/ISIC_8526408_640x360.jpg,train,benign,3572,92.0,27872,2.0,-1,0
train_set/benign/ISIC_8526982_640x480.jpg,train,benign,1170,86.0,27876,2.0,-1,0
train_set/benign/ISIC_8528497_640x480.jpg,train,benign,8322,92.0,27882,0.0,-1,0
train_set/benign/ISIC_8531962_640x360.jpg,train,benign,1426,88.0,27890,4.0,-1,0
train_set/benign/ISIC_8534723_640x360.jpg,train,benign,4017,86.0,27896,6.0,-1,0
train_set/benign/ISIC_8535709_640x427.jpg,train,benign,6962,52.0,27900,2.0,-1,0
train_set/benign/ISIC_8540111_640x480.jpg,train,benign,77,92.0,27911,0.0,-1,0
train_set/benign/ISIC_8542407_640x480.jpg,train,benign,3140,90.0,27919,2.0,-1,0
train_set/benign/ISIC_8542665_640x427.jpg,train,benign,1385,46.0,27920,2.0,-1,0
train_set/benign/ISIC_8543199_640x480.jpg,train,benign,9505,86.0,27922,4.0,-1,0
train_set/benign/ISIC_8543283_640x427.jpg,train,benign,1504,88.0,27923,2.0,-1,0
train_set/benign/ISIC_8547536_640x427.jpg,train,benign,5057,62.0,27937,2.0,-1,0
train_set/benign/ISIC_8551617_640x480.jpg,train,benign,5780,90.0,27950,2.0,-1,0
train_set/benign/ISIC_8552300_640x427.jpg,train,benign,1276,70.0,27952,4.0,-1,0
train_set/benign/ISIC_8552365_640x427.jpg,train,benign,7515,48.0,27953,2.0,-1,0
train_set/benign/ISIC_8555610_640x427.jpg,train,benign,6909,80.0,27960,2.0,-1,0
train_set/benign/ISIC_8556629_640x480.jpg,train,benign,9119,80.0,27966,2.0,-1,0
train_set/benign/ISIC_8559171_640x360.jpg,train,benign,9371,72.0,27971,8.0,-1,0
train_set/benign/ISIC_8564527_640x478.jpg,train,benign,6763,68.0,27986,4.0,-1,0
train_set/benign/ISIC_8568520_640x360.jpg,train,benign,5019,94.0,27998,2.0,-1,0
train_set/benign/ISIC_8570402_640x360.jpg,train,benign,746,96.0,28003,4.0,-1,0
train_set/benign/ISIC_8570555_640x427.jpg,train,benign,6926,84.0,28004,2.0,-1,0
train_set/benign/ISIC_8572174_640x427.jpg,train,benign,9170,48.0,28011,6.0,-1,0
train_set/benign/ISIC_8572893_640x427.jpg,train,benign,1636,78.0,28013,2.0,-1,0
train_set/benign/ISIC_8574064_640x360.jpg,train,benign,724,90.0,28016,4.0,-1,0
train_set/benign/ISIC_8574407_640x478.jpg,train,benign,1870,90.0,28019,2.0,-1,0
train_set/benign/ISIC_8575507_640x480.jpg,train,benign,1672,82.0,28023,2.0,-1,0
train_set/benign/ISIC_8578525_640x427.jpg,train,benign,4120,90.0,28034,2.0,-1,0
train_set/benign/ISIC_8579259_640x427.jpg,train,benign,2660,88.0,7719,4.0,-1,0
train_set/benign/ISIC_8584748_640x427.jpg,train,benign,8630,88.0,28052,2.0,-1,0
train_set/benign/ISIC_8586555_640x360.jpg,train,benign,2455,84.0,28057,4.0,-1,0
train_set/benign/ISIC_8586687_640x427.jpg,train,benign,8723,72.0,28058,4.0,-1,0
train_set/benign/ISIC_8587542_640x427.jpg,train,benign,7567,66.0,28060,2.0,-1,0
train_set/benign/ISIC_8587822_640x427.jpg,train,benign,5589,88.0,28062,0.0,-1,0
train_set/benign/ISIC_8588488_640x360.jpg,train,benign,3373,82.0,28064,4.0,-1,0
train_set/benign/ISIC_8588784_640x480.jpg,train,benign,3086,96.0,28065,2.0,-1,0
train_set/benign/ISIC_8589165_640x480.jpg,train,benign,1697,92.0,28067,4.0,-1,0
train_set/benign/ISIC_8589914_640x360.jpg,train,benign,3476,86.0,28068,4.0,-1,0
train_set/benign/ISIC_8591003_640x427.jpg,train,benign,5963,92.0,28072,2.0,-1,0
train_set/benign/ISIC_8591013_640x427.jpg,train,benign,1287,78.0,28073,4.0,-1,0
train_set/benign/ISIC_8592827_640x427.jpg,train,benign,1816,86.0,28084,0.0,-1,0
train_set/benign/ISIC_8596980_640x480.jpg,train,benign,117,78.0,28099,0.0,-1,0
train_set/benign/ISIC_8597073_640x360.jpg,train,benign,3673,70.0,28100,2.0,-1,0
train_set/benign/ISIC_8598593_640x360.jpg,train,benign,6843,82.0,28106,2.0,-1,0
train_set/benign/ISIC_8599384_640x427.jpg,train,benign,2632,94.0,28108,2.0,-1,0
train_set/benign/ISIC_8600358_640x427.jpg,train,benign,6826,94.0,28109,0.0,-1,0
train_set/benign/ISIC_8604922_640x480.jpg,train,benign,249,88.0,28124,0.0,-1,0
train_set/benign/ISIC_8605191_640x480.jpg,train,benign,7645,78.0,28125,4.0,-1,0
train_set/benign/ISIC_8608794_640x427.jpg,train,benign,652,82.0,28135,2.0,-1,0
train_set/benign/ISIC_8612888_640x480.jpg,train,benign,7159,62.0,28146,0.0,-1,0
train_set/benign/ISIC_8614712_640x360.jpg,train,benign,2129,80.0,28150,6.0,-1,0
train_set/benign/ISIC_8614812_640x427.jpg,train,benign,1170,82.0,28152,0.0,-1,0
train_set/benign/ISIC_8617084_640x360.jpg,train,benign,9583,74.0,28155,4.0,-1,0
train_set/benign/ISIC_8620064_640x427.jpg,train,benign,6226,74.0,28165,6.0,-1,0
train_set/benign/ISIC_8622941_640x360.jpg,train,benign,276,86.0,28174,4.0,-1,0
train_set/benign/ISIC_8623233_640x360.jpg,train,benign,2003,82.0,28175,4.0,-1,0
train_set/benign/ISIC_8624230_640x360.jpg,train,benign,2916,82.0,28183,4.0,-1,0
train_set/benign/ISIC_8626941_640x427.jpg,train,benign,7752,88.0,28190,4.0,-1,0
train_set/benign/ISIC_8628207_640x360.jpg,train,benign,7134,84.0,28194,4.0,-1,0
train_set/benign/ISIC_8628639_640x425.jpg,train,benign,9035,80.0,28195,2.0,-1,0
train_set/benign/ISIC_8629084_640x360.jpg,train,benign,2318,74.0,28198,2.0,-1,0
train_set/benign/ISIC_8629308_640x480.jpg,train,benign,1274,88.0,28199,0.0,-1,0
train_set/benign/ISIC_8629489_640x360.jpg,train,benign,3363,86.0,28200,0.0,-1,0
train_set/benign/ISIC_8632694_640x427.jpg,train,benign,2390,84.0,28215,2.0,-1,0
train_set/benign/ISIC_8633719_640x360.jpg,train,benign,3386,84.0,28220,4.0,-1,0
train_set/benign/ISIC_8633894_640x360.jpg,train,benign,9202,80.0,28222,2.0,-1,0
train_set/benign/ISIC_8637235_640x480.jpg,train,benign,2007,92.0,28238,2.0,-1,0
train_set/benign/ISIC_8647135_640x480.jpg,train,benign,2802,78.0,28255,0.0,-1,0
train_set/benign/ISIC_8648734_640x427.jpg,train,benign,5103,82.0,28260,4.0,-1,0
train_set/benign/ISIC_8650516_640x427.jpg,train,benign,5863,70.0,28266,2.0,-1,0
train_set/benign/ISIC_8651078_640x427.jpg,train,benign,7185,52.0,28268,4.0,-1,0
train_set/benign/ISIC_8652341_640x425.jpg,train,benign,770,82.0,28273,2.0,-1,0
train_set/benign/ISIC_8653749_640x480.jpg,train,benign,4219,86.0,28277,0.0,-1,0
train_set/benign/ISIC_8653964_640x360.jpg,train,benign,17,68.0,28279,8.0,-1,0
train_set/benign/ISIC_8654113_640x360.jpg,train,benign,9090,64.0,28280,6.0,-1,0
train_set/benign/ISIC_8654312_640x427.jpg,train,benign,7029,56.0,28281,0.0,-1,0
train_set/benign/ISIC_8655206_640x427.jpg,train,benign,6909,40.0,28283,4.0,-1,0
train_set/benign/ISIC_8655438_640x427.jpg,train,benign,7375,78.0,28285,2.0,-1,0
train_set/benign/ISIC_8658037_640x480.jpg,train,benign,1419,88.0,28298,4.0,-1,0
train_set/benign/ISIC_8660448_640x360.jpg,train,benign,4804,64.0,28309,2.0,-1,0
train_set/benign/ISIC_8660830_640x360.jpg,train,benign,96,78.0,28310,2.0,-1,0
train_set/benign/ISIC_8663136_640x427.jpg,train,benign,9200,54.0,28317,4.0,-1,0
train_set/benign/ISIC_8666405_640x480.jpg,train,benign,2300,88.0,28329,0.0,-1,0
train_set/benign/ISIC_8666446_640x360.jpg,train,benign,4701,70.0,28330,4.0,-1,0
train_set/benign/ISIC_8667653_640x480.jpg,train,benign,1170,80.0,28336,2.0,-1,0
train_set/benign/ISIC_8669989_640x360.jpg,train,benign,6394,84.0,28348,6.0,-1,0
train_set/benign/ISIC_8670684_640x427.jpg,train,benign,7818,84.0,28352,6.0,-1,0
train_set/benign/ISIC_8671702_640x360.jpg,train,benign,7587,84.0,28357,4.0,-1,0
train_set/benign/ISIC_8674937_640x480.jpg,train,benign,2956,86.0,28364,0.0,-1,0
train_set/benign/ISIC_8675695_640x360.jpg,train,benign,1006,90.0,28369,2.0,-1,0
train_set/benign/ISIC_8677254_640x427.jpg,train,benign,7244,80.0,28375,2.0,-1,0
train_set/benign/ISIC_8679617_640x427.jpg,train,benign,9765,82.0,5713,2.0,-1,0
train_set/benign/ISIC_8679740_640x480.jpg,train,benign,7341,84.0,28382,4.0,-1,0
train_set/benign/ISIC_8680266_640x360.jpg,train,benign,9582,74.0,28385,2.0,-1,0
train_set/benign/ISIC_8681290_640x480.jpg,train,benign,9617,86.0,28388,2.0,-1,0
train_set/benign/ISIC_8681838_640x427.jpg,train,benign,6929,66.0,28390,0.0,-1,0
train_set/benign/ISIC_8684147_640x480.jpg,train,benign,2417,80.0,28393,0.0,-1,0
train_set/benign/ISIC_8685259_640x360.jpg,train,benign,3408,86.0,28394,2.0,-1,0
train_set/benign/ISIC_8686253_640x427.jpg,train,benign,9112,76.0,28397,4.0,-1,0
train_set/benign/ISIC_8686847_640x360.jpg,train,benign,1779,86.0,28398,2.0,-1,0
train_set/benign/ISIC_8690205_640x427.jpg,train,benign,3787,76.0,28406,2.0,-1,0
train_set/benign/ISIC_8691327_640x480.jpg,train,benign,7223,76.0,28412,2.0,-1,0
train_set/benign/ISIC_8692950_640x427.jpg,train,benign,7596,54.0,28419,0.0,-1,0
train_set/benign/ISIC_8693823_640x480.jpg,train,benign,2879,76.0,28420,6.0,-1,0
train_set/benign/ISIC_8693856_640x360.jpg,train,benign,7878,86.0,28421,2.0,-1,0
train_set/benign/ISIC_8696711_640x427.jpg,train,benign,6983,74.0,28430,4.0,-1,0
train_set/benign/ISIC_8697410_640x480.jpg,train,benign,1940,92.0,28431,2.0,-1,0
train_set/benign/ISIC_8699205_640x427.jpg,train,benign,2259,76.0,28436,2.0,-1,0
train_set/benign/ISIC_8700740_640x360.jpg,train,benign,7059,68.0,28443,4.0,-1,0
train_set/benign/ISIC_8700778_640x360.jpg,train,benign,7830,62.0,28444,2.0,-1,0
train_set/benign/ISIC_8701243_640x427.jpg,train,benign,7049,64.0,28446,0.0,-1,0
train_set/benign/ISIC_8702191_640x480.jpg,train,benign,6945,80.0,28449,0.0,-1,0
train_set/benign/ISIC_8704004_640x427.jpg,train,benign,6767,82.0,28455,0.0,-1,0
train_set/benign/ISIC_8705626_640x480.jpg,train,benign,352,86.0,28461,4.0,-1,0
train_set/benign/ISIC_8706441_640x480.jpg,train,benign,5204,92.0,28467,0.0,-1,0
train_set/benign/ISIC_8715792_640x360.jpg,train,benign,7914,80.0,28502,2.0,-1,0
train_set/benign/ISIC_8716235_640x480.jpg,train,benign,27,74.0,28504,0.0,-1,0
train_set/benign/ISIC_8722264_640x480.jpg,train,benign,7514,90.0,28518,2.0,-1,0
train_set/benign/ISIC_8725878_640x360.jpg,train,benign,5931,96.0,28527,4.0,-1,0
train_set/benign/ISIC_8735133_640x427.jpg,train,benign,1711,76.0,28549,4.0,-1,0
train_set/benign/ISIC_8738598_640x427.jpg,train,benign,8995,86.0,28554,2.0,-1,0
train_set/benign/ISIC_8739533_640x360.jpg,train,benign,6169,88.0,28559,4.0,-1,0
train_set/benign/ISIC_8739762_640x478.jpg,train,benign,9292,78.0,28560,2.0,-1,0
train_set/benign/ISIC_8740331_640x427.jpg,train,benign,7038,62.0,28561,4.0,-1,0
train_set/benign/ISIC_8750055_640x480.jpg,train,benign,9273,86.0,28591,2.0,-1,0
train_set/benign/ISIC_8750103_640x480.jpg,train,benign,4913,86.0,28592,0.0,-1,0
train_set/benign/ISIC_8750635_640x427.jpg,train,benign,2410,88.0,25110,2.0,-1,0
train_set/benign/ISIC_8751042_640x360.jpg,train,benign,2394,84.0,28596,8.0,-1,0
train_set/benign/ISIC_8751106_640x360.jpg,train,benign,2632,82.0,28597,2.0,-1,0
train_set/benign/ISIC_8751380_640x480.jpg,train,benign,7162,78.0,28598,0.0,-1,0
train_set/benign/ISIC_8751393_640x425.jpg,train,benign,862,94.0,28599,2.0,-1,0
train_set/benign/ISIC_8754527_640x427.jpg,train,benign,1276,76.0,28604,4.0,-1,0
train_set/benign/ISIC_8754972_640x478.jpg,train,benign,7428,84.0,28606,2.0,-1,0
train_set/benign/ISIC_8757180_640x360.jpg,train,benign,8979,86.0,28614,4.0,-1,0
train_set/benign/ISIC_8757204_640x360.jpg,train,benign,6231,76.0,28615,4.0,-1,0
train_set/benign/ISIC_8758601_640x360.jpg,train,benign,8445,78.0,28618,0.0,-1,0
train_set/benign/ISIC_8758963_640x427.jpg,train,benign,8949,72.0,28620,4.0,-1,0
train_set/benign/ISIC_8759813_640x360.jpg,train,benign,304,92.0,28625,6.0,-1,0
train_set/benign/ISIC_8762368_640x427.jpg,train,benign,6809,66.0,28633,2.0,-1,0
train_set/benign/ISIC_8764464_640x427.jpg,train,benign,2179,80.0,28639,2.0,-1,0
train_set/benign/ISIC_8766977_640x480.jpg,train,benign,7428,80.0,28646,2.0,-1,0
train_set/benign/ISIC_8770180_640x480.jpg,train,benign,1167,86.0,28652,2.0,-1,0
train_set/benign/ISIC_8772062_640x478.jpg,train,benign,85,88.0,28657,0.0,-1,0
train_set/benign/ISIC_8772177_640x360.jpg,train,benign,4853,80.0,28659,2.0,-1,0
train_set/benign/ISIC_8772241_640x480.jpg,train,benign,860,92.0,28660,2.0,-1,0
train_set/benign/ISIC_8772377_640x427.jpg,train,benign,9252,58.0,28661,6.0,-1,0
train_set/benign/ISIC_8772865_640x480.jpg,train,benign,1170,84.0,28663,2.0,-1,0
train_set/benign/ISIC_8773568_640x427.jpg,train,benign,1733,88.0,28665,0.0,-1,0
train_set/benign/ISIC_8776661_640x427.jpg,train,benign,4439,90.0,28676,0.0,-1,0
train_set/benign/ISIC_8776941_640x480.jpg,train,benign,8475,78.0,28678,2.0,-1,0
train_set/benign/ISIC_8777813_640x360.jpg,train,benign,3295,82.0,28680,4.0,-1,0
train_set/benign/ISIC_8777856_640x360.jpg,train,benign,8921,74.0,28681,2.0,-1,0
train_set/benign/ISIC_8779202_640x427.jpg,train,benign,9053,82.0,28688,0.0,-1,0
train_set/benign/ISIC_8779825_640x427.jpg,train,benign,9076,64.0,28689,2.0,-1,0
train_set/benign/ISIC_8781050_640x480.jpg,train,benign,7788,68.0,28692,2.0,-1,0
train_set/benign/ISIC_8781751_640x427.jpg,train,benign,8652,78.0,28695,0.0,-1,0
train_set/benign/ISIC_8783066_640x427.jpg,train,benign,9261,46.0,28700,0.0,-1,0
train_set/benign/ISIC_8783667_640x360.jpg,train,benign,5574,72.0,28701,4.0,-1,0
train_set/benign/ISIC_8787826_640x427.jpg,train,benign,9265,52.0,19819,0.0,-1,0
train_set/benign/ISIC_8790885_640x480.jpg,train,benign,2318,84.0,28718,2.0,-1,0
train_set/benign/ISIC_8791163_640x360.jpg,train,benign,4451,82.0,28719,2.0,-1,0
train_set/benign/ISIC_8791385_640x360.jpg,train,benign,6303,90.0,28721,2.0,-1,0
train_set/benign/ISIC_8791729_640x360.jpg,train,benign,3313,82.0,28724,6.0,-1,0
train_set/benign/ISIC_8794796_640x427.jpg,train,benign,15,82.0,28733,2.0,-1,0
train_set/benign/ISIC_8794948_640x427.jpg,train,benign,8839,66.0,28735,2.0,-1,0
train_set/benign/ISIC_8795740_640x360.jpg,train,benign,1040,78.0,28738,4.0,-1,0
train_set/benign/ISIC_8796413_640x427.jpg,train,benign,6870,74.0,28740,0.0,-1,0
train_set/benign/ISIC_8797868_640x360.jpg,train,benign,9039,88.0,28746,4.0,-1,0
train_set/benign/ISIC_8798119_640x480.jpg,train,benign,1774,94.0,28748,2.0,-1,0
train_set/benign/ISIC_8798305_640x360.jpg,train,benign,8779,80.0,28749,4.0,-1,0
train_set/benign/ISIC_8799089_640x427.jpg,train,benign,6841,86.0,28753,4.0,-1,0
train_set/benign/ISIC_8802544_640x480.jpg,train,benign,7408,82.0,28761,2.0,-1,0
train_set/benign/ISIC_8804606_640x360.jpg,train,benign,6398,76.0,28767,8.0,-1,0
train_set/benign/ISIC_8813078_640x360.jpg,train,benign,1976,74.0,28795,2.0,-1,0
train_set/benign/ISIC_8813283_640x360.jpg,train,benign,2420,86.0,28796,2.0,-1,0
train_set/benign/ISIC_8813303_640x427.jpg,train,benign,6217,88.0,28797,2.0,-1,0
train_set/benign/ISIC_8813306_640x480.jpg,train,benign,6246,66.0,28798,2.0,-1,0
train_set/benign/ISIC_8814657_640x427.jpg,train,benign,9496,82.0,28804,4.0,-1,0
train_set/benign/ISIC_8814672_640x427.jpg,train,benign,8769,82.0,28805,0.0,-1,0
train_set/benign/ISIC_8814735_640x480.jpg,train,benign,6914,88.0,28806,0.0,-1,0
train_set/benign/ISIC_8816494_640x427.jpg,train,benign,7053,54.0,28812,0.0,-1,0
train_set/benign/ISIC_8819163_640x360.jpg,train,benign,1823,92.0,28819,0.0,-1,0
train_set/benign/ISIC_8819519_640x427.jpg,train,benign,9361,68.0,28820,2.0,-1,0
train_set/benign/ISIC_8820527_640x427.jpg,train,benign,1827,86.0,28822,6.0,-1,0
train_set/benign/ISIC_8822331_640x427.jpg,train,benign,1614,70.0,28834,0.0,-1,0
train_set/benign/ISIC_8822452_640x360.jpg,train,benign,7022,72.0,28835,6.0,-1,0
train_set/benign/ISIC_8823366_640x360.jpg,train,benign,4693,86.0,28839,2.0,-1,0
train_set/benign/ISIC_8825407_640x360.jpg,train,benign,8012,80.0,28844,4.0,-1,0
train_set/benign/ISIC_8826289_640x427.jpg,train,benign,3250,84.0,28847,2.0,-1,0
train_set/benign/ISIC_8827399_640x360.jpg,train,benign,2434,82.0,28852,6.0,-1,0
train_set/benign/ISIC_8827637_640x360.jpg,train,benign,4215,86.0,28853,6.0,-1,0
train_set/benign/ISIC_8827725_640x427.jpg,train,benign,5790,88.0,28855,4.0,-1,0
train_set/benign/ISIC_8827745_640x360.jpg,train,benign,7126,84.0,28856,2.0,-1,0
train_set/benign/ISIC_8829480_640x478.jpg,train,benign,9233,68.0,28863,0.0,-1,0
train_set/benign/ISIC_8831706_640x480.jpg,train,benign,3720,86.0,28868,2.0,-1,0
train_set/benign/ISIC_8831710_640x480.jpg,train,benign,1343,94.0,28869,2.0,-1,0
train_set/benign/ISIC_8832556_640x480.jpg,train,benign,8072,70.0,28872,8.0,-1,0
train_set/benign/ISIC_8833352_640x480.jpg,train,benign,1648,74.0,28874,2.0,-1,0
train_set/benign/ISIC_8834282_640x427.jpg,train,benign,606,92.0,28876,0.0,-1,0
train_set/benign/ISIC_8834825_640x427.jpg,train,benign,9245,80.0,28880,0.0,-1,0
train_set/benign/ISIC_8837100_320x480.jpg,train,benign,5036,84.0,28885,0.0,-1,0
train_set/benign/ISIC_8845891_640x480.jpg,train,benign,989,90.0,28912,2.0,-1,0
train_set/benign/ISIC_8846654_640x427.jpg,train,benign,8865,48.0,28915,2.0,-1,0
train_set/benign/ISIC_8848134_640x360.jpg,train,benign,349,80.0,28923,0.0,-1,0
train_set/benign/ISIC_8849283_640x480.jpg,train,benign,2647,76.0,28929,0.0,-1,0
train_set/benign/ISIC_8849520_640x427.jpg,train,benign,9652,90.0,3649,0.0,-1,0
train_set/benign/ISIC_8849591_640x480.jpg,train,benign,7375,68.0,28933,2.0,-1,0
train_set/benign/ISIC_8851268_640x478.jpg,train,benign,819,84.0,28940,2.0,-1,0
train_set/benign/ISIC_8851901_640x478.jpg,train,benign,6690,86.0,28941,2.0,-1,0
train_set/benign/ISIC_8853249_640x360.jpg,train,benign,9377,74.0,28944,4.0,-1,0
train_set/benign/ISIC_8854268_640x427.jpg,train,benign,9695,86.0,28950,0.0,-1,0
train_set/benign/ISIC_8855269_640x427.jpg,train,benign,27,62.0,28953,2.0,-1,0
train_set/benign/ISIC_8855901_640x480.jpg,train,benign,8092,72.0,28955,0.0,-1,0
train_set/benign/ISIC_8856029_640x478.jpg,train,benign,1099,82.0,28956,2.0,-1,0
train_set/benign/ISIC_8856781_640x360.jpg,train,benign,938,86.0,28959,6.0,-1,0
train_set/benign/ISIC_8859388_640x480.jpg,train,benign,2119,86.0,28966,2.0,-1,0
train_set/benign/ISIC_8860429_640x480.jpg,train,benign,7262,90.0,28968,2.0,-1,0
train_set/benign/ISIC_8862858_640x480.jpg,train,benign,5063,66.0,28977,2.0,-1,0
train_set/benign/ISIC_8868666_640x480.jpg,train,benign,6410,94.0,28996,0.0,-1,0
train_set/benign/ISIC_8871092_640x427.jpg,train,benign,633,90.0,29004,2.0,-1,0
train_set/benign/ISIC_8871461_640x480.jpg,train,benign,8384,86.0,29005,0.0,-1,0
train_set/benign/ISIC_8876880_640x360.jpg,train,benign,1296,92.0,29021,6.0,-1,0
train_set/benign/ISIC_8878967_640x427.jpg,train,benign,2481,92.0,29026,2.0,-1,0
train_set/benign/ISIC_8880387_640x360.jpg,train,benign,3597,82.0,29033,6.0,-1,0
train_set/benign/ISIC_8880482_640x360.jpg,train,benign,1081,94.0,29034,2.0,-1,0
train_set/benign/ISIC_8880961_640x480.jpg,train,benign,1618,92.0,29036,2.0,-1,0
train_set/benign/ISIC_8883577_640x360.jpg,train,benign,7670,70.0,29046,6.0,-1,0
train_set/benign/ISIC_8888087_640x427.jpg,train,benign,6915,92.0,29057,0.0,-1,0
train_set/benign/ISIC_8889088_640x360.jpg,train,benign,3789,86.0,29063,2.0,-1,0
train_set/benign/ISIC_8891234_640x480.jpg,train,benign,4590,84.0,29072,4.0,-1,0
train_set/benign/ISIC_8892663_640x360.jpg,train,benign,8891,84.0,29077,6.0,-1,0
train_set/benign/ISIC_8892973_640x360.jpg,train,benign,8626,86.0,29079,2.0,-1,0
train_set/benign/ISIC_8893501_640x360.jpg,train,benign,4951,74.0,29081,2.0,-1,0
train_set/benign/ISIC_8893962_640x425.jpg,train,benign,2321,88.0,29083,2.0,-1,0
train_set/benign/ISIC_8901419_640x360.jpg,train,benign,7223,68.0,29104,4.0,-1,0
train_set/benign/ISIC_8901784_640x360.jpg,train,benign,276,74.0,29105,4.0,-1,0
train_set/benign/ISIC_8904639_640x360.jpg,train,benign,7462,82.0,29114,2.0,-1,0
train_set/benign/ISIC_8904924_640x427.jpg,train,benign,9667,90.0,13150,4.0,-1,0
train_set/benign/ISIC_8905157_640x480.jpg,train,benign,6416,88.0,29115,0.0,-1,0
train_set/benign/ISIC_8905642_640x480.jpg,train,benign,1327,88.0,29117,0.0,-1,0
train_set/benign/ISIC_8909545_640x360.jpg,train,benign,2416,72.0,29125,2.0,-1,0
train_set/benign/ISIC_8914792_640x427.jpg,train,benign,1212,88.0,29143,0.0,-1,0
train_set/benign/ISIC_8914978_640x360.jpg,train,benign,382,82.0,29144,0.0,-1,0
train_set/benign/ISIC_8917078_640x480.jpg,train,benign,6437,82.0,29149,2.0,-1,0
train_set/benign/ISIC_8920064_640x360.jpg,train,benign,4333,80.0,29158,4.0,-1,0
train_set/benign/ISIC_8921092_640x360.jpg,train,benign,2329,88.0,29161,4.0,-1,0
train_set/benign/ISIC_8923299_640x480.jpg,train,benign,7656,78.0,29167,4.0,-1,0
train_set/benign/ISIC_8923393_640x360.jpg,train,benign,7937,82.0,29168,4.0,-1,0
train_set/benign/ISIC_8923673_640x360.jpg,train,benign,2831,92.0,29169,0.0,-1,0
train_set/benign/ISIC_8925378_640x480.jpg,train,benign,235,96.0,29176,0.0,-1,0
train_set/benign/ISIC_8926980_640x480.jpg,train,benign,7429,90.0,29181,2.0,-1,0
train_set/benign/ISIC_8934691_640x360.jpg,train,benign,3167,70.0,29197,2.0,-1,0
train_set/benign/ISIC_8935085_640x480.jpg,train,benign,8549,90.0,29199,0.0,-1,0
train_set/benign/ISIC_8935256_640x480.jpg,train,benign,4741,86.0,29201,0.0,-1,0
train_set/benign/ISIC_8936764_640x478.jpg,train,benign,7556,80.0,29204,2.0,-1,0
train_set/benign/ISIC_8937006_640x480.jpg,train,benign,27,80.0,29206,0.0,-1,0
train_set/benign/ISIC_8938785_640x480.jpg,train,benign,9280,78.0,29215,0.0,-1,0
train_set/benign/ISIC_8940770_640x427.jpg,train,benign,6487,70.0,29219,6.0,-1,0
train_set/benign/ISIC_8941622_640x480.jpg,train,benign,1206,94.0,29222,2.0,-1,0
train_set/benign/ISIC_8942704_640x480.jpg,train,benign,217,78.0,29224,2.0,-1,0
train_set/benign/ISIC_8942967_640x480.jpg,train,benign,393,84.0,29225,4.0,-1,0
train_set/benign/ISIC_8944716_640x360.jpg,train,benign,9508,88.0,29232,4.0,-1,0
train_set/benign/ISIC_8946596_640x360.jpg,train,benign,8713,78.0,29237,4.0,-1,0
train_set/benign/ISIC_8949331_640x480.jpg,train,benign,1274,88.0,29242,0.0,-1,0
train_set/benign/ISIC_8951006_640x427.jpg,train,benign,7094,90.0,24986,4.0,-1,0
train_set/benign/ISIC_8953775_640x360.jpg,train,benign,4175,82.0,29249,2.0,-1,0
train_set/benign/ISIC_8959773_640x427.jpg,train,benign,5904,88.0,29267,4.0,-1,0
train_set/benign/ISIC_8959928_640x427.jpg,train,benign,118,70.0,29268,2.0,-1,0
train_set/benign/ISIC_8960223_640x427.jpg,train,benign,3826,72.0,29269,2.0,-1,0
train_set/benign/ISIC_8962773_640x480.jpg,train,benign,478,76.0,29280,4.0,-1,0
train_set/benign/ISIC_8963279_640x427.jpg,train,benign,9154,60.0,29282,2.0,-1,0
train_set/benign/ISIC_8965320_640x480.jpg,train,benign,7736,82.0,29289,0.0,-1,0
train_set/benign/ISIC_8969305_640x427.jpg,train,benign,68,74.0,29309,2.0,-1,0
train_set/benign/ISIC_8969855_640x480.jpg,train,benign,2948,70.0,29311,2.0,-1,0
train_set/benign/ISIC_8971137_640x480.jpg,train,benign,6820,86.0,29318,0.0,-1,0
train_set/benign/ISIC_8973325_640x427.jpg,train,benign,659,92.0,29327,2.0,-1,0
train_set/benign/ISIC_8974464_640x360.jpg,train,benign,7891,86.0,29330,2.0,-1,0
train_set/benign/ISIC_8976889_640x360.jpg,train,benign,2109,94.0,29339,2.0,-1,0
train_set/benign/ISIC_8977056_640x427.jpg,train,benign,9226,64.0,29340,2.0,-1,0
train_set/benign/ISIC_8977878_640x360.jpg,train,benign,9522,88.0,29341,4.0,-1,0
train_set/benign/ISIC_8978466_640x360.jpg,train,benign,4706,74.0,29346,2.0,-1,0
train_set/benign/ISIC_8979131_640x480.jpg,train,benign,3654,80.0,29348,4.0,-1,0
train_set/benign/ISIC_8981184_640x480.jpg,train,benign,9447,74.0,29357,0.0,-1,0
train_set/benign/ISIC_8981245_640x360.jpg,train,benign,6824,58.0,29358,6.0,-1,0
train_set/benign/ISIC_8981301_640x427.jpg,train,benign,6683,58.0,29360,0.0,-1,0
train_set/benign/ISIC_8986880_640x480.jpg,train,benign,9038,84.0,29372,2.0,-1,0
train_set/benign/ISIC_8992925_640x478.jpg,train,benign,4389,80.0,29390,2.0,-1,0
train_set/benign/ISIC_8995356_640x360.jpg,train,benign,2394,72.0,29399,4.0,-1,0
train_set/benign/ISIC_8996855_640x360.jpg,train,benign,2496,88.0,29402,6.0,-1,0
train_set/benign/ISIC_8997983_640x480.jpg,train,benign,8671,82.0,29406,0.0,-1,0
train_set/benign/ISIC_8998190_640x360.jpg,train,benign,2976,76.0,29408,2.0,-1,0
train_set/benign/ISIC_9000202_640x360.jpg,train,benign,2902,90.0,29412,2.0,-1,0
train_set/benign/ISIC_9001472_640x360.jpg,train,benign,7161,76.0,29419,0.0,-1,0
train_set/benign/ISIC_9002603_640x360.jpg,train,benign,7673,80.0,29421,4.0,-1,0
train_set/benign/ISIC_9006160_640x425.jpg,train,benign,1101,80.0,29428,2.0,-1,0
train_set/benign/ISIC_9009636_640x480.jpg,train,benign,9883,88.0,29436,0.0,-1,0
train_set/benign/ISIC_9011718_640x427.jpg,train,benign,6297,84.0,29440,2.0,-1,0
train_set/benign/ISIC_9012721_640x427.jpg,train,benign,8127,52.0,29446,2.0,-1,0
train_set/benign/ISIC_9012921_640x427.jpg,train,benign,1393,72.0,29448,10.0,-1,0
train_set/benign/ISIC_9016710_640x360.jpg,train,benign,7633,90.0,29466,0.0,-1,0
train_set/benign/ISIC_9016941_640x427.jpg,train,benign,7200,90.0,29467,2.0,-1,0
train_set/benign/ISIC_9018978_640x427.jpg,train,benign,7478,80.0,29471,0.0,-1,0
train_set/benign/ISIC_9020712_640x478.jpg,train,benign,2597,80.0,29473,2.0,-1,0
train_set/benign/ISIC_9023460_640x360.jpg,train,benign,6877,72.0,29480,6.0,-1,0
train_set/benign/ISIC_9023945_640x360.jpg,train,benign,330,92.0,29484,4.0,-1,0
train_set/benign/ISIC_9024529_640x360.jpg,train,benign,6626,92.0,29490,6.0,-1,0
train_set/benign/ISIC_9028131_320x480.jpg,train,benign,4379,86.0,29499,2.0,-1,0
train_set/benign/ISIC_9028726_640x480.jpg,train,benign,3324,88.0,29502,0.0,-1,0
train_set/benign/ISIC_9028838_640x427.jpg,train,benign,7920,80.0,29503,2.0,-1,0
train_set/benign/ISIC_9030482_640x360.jpg,train,benign,9378,80.0,29509,4.0,-1,0
train_set/benign/ISIC_9030629_640x427.jpg,train,benign,6825,78.0,29510,2.0,-1,0
train_set/benign/ISIC_9034411_640x360.jpg,train,benign,6183,76.0,29517,2.0,-1,0
train_set/benign/ISIC_9037301_640x427.jpg,train,benign,9113,72.0,29527,6.0,-1,0
train_set/benign/ISIC_9037423_640x480.jpg,train,benign,9286,86.0,29528,2.0,-1,0
train_set/benign/ISIC_9038698_640x427.jpg,train,benign,9265,46.0,29533,4.0,-1,0
train_set/benign/ISIC_9041710_640x427.jpg,train,benign,2557,86.0,29538,4.0,-1,0
train_set/benign/ISIC_9042665_640x480.jpg,train,benign,1431,92.0,29541,0.0,-1,0
train_set/benign/ISIC_9043996_640x427.jpg,train,benign,847,82.0,29548,8.0,-1,0
train_set/benign/ISIC_9051287_640x360.jpg,train,benign,7165,84.0,29571,8.0,-1,0
train_set/benign/ISIC_9051856_640x427.jpg,train,benign,2444,58.0,29572,0.0,-1,0
train_set/benign/ISIC_9054229_640x480.jpg,train,benign,5771,88.0,29583,0.0,-1,0
train_set/benign/ISIC_9054603_640x480.jpg,train,benign,215,90.0,29584,2.0,-1,0
train_set/benign/ISIC_9056935_640x360.jpg,train,benign,4088,86.0,29593,2.0,-1,0
train_set/benign/ISIC_9057417_640x360.jpg,train,benign,5664,84.0,29597,4.0,-1,0
train_set/benign/ISIC_9059686_640x427.jpg,train,benign,7922,88.0,29608,2.0,-1,0
train_set/benign/ISIC_9059870_640x427.jpg,train,benign,7209,82.0,29610,4.0,-1,0
train_set/benign/ISIC_9060377_640x480.jpg,train,benign,9447,70.0,29613,2.0,-1,0
train_set/benign/ISIC_9062853_640x427.jpg,train,benign,8934,84.0,29621,2.0,-1,0
train_set/benign/ISIC_9064567_640x427.jpg,train,benign,1924,92.0,29625,2.0,-1,0
train_set/benign/ISIC_9064668_640x360.jpg,train,benign,2297,94.0,29626,4.0,-1,0
train_set/benign/ISIC_9066099_640x427.jpg,train,benign,942,90.0,29632,4.0,-1,0
train_set/benign/ISIC_9070995_640x425.jpg,train,benign,1553,76.0,29648,4.0,-1,0
train_set/benign/ISIC_9076021_640x427.jpg,train,benign,6962,70.0,29664,4.0,-1,0
train_set/benign/ISIC_9077107_640x427.jpg,train,benign,7193,90.0,29669,2.0,-1,0
train_set/benign/ISIC_9077274_640x360.jpg,train,benign,4582,86.0,29670,4.0,-1,0
train_set/benign/ISIC_9077709_640x360.jpg,train,benign,7573,80.0,29671,4.0,-1,0
train_set/benign/ISIC_9079223_640x360.jpg,train,benign,8082,82.0,29678,2.0,-1,0
train_set/benign/ISIC_9079240_640x427.jpg,train,benign,6327,84.0,29679,2.0,-1,0
train_set/benign/ISIC_9079361_640x360.jpg,train,benign,2435,86.0,29681,2.0,-1,0
train_set/benign/ISIC_9081595_640x427.jpg,train,benign,8949,82.0,29691,0.0,-1,0
train_set/benign/ISIC_9084751_640x427.jpg,train,benign,118,66.0,29702,0.0,-1,0
train_set/benign/ISIC_9088976_640x427.jpg,train,benign,414,84.0,29717,2.0,-1,0
train_set/benign/ISIC_9089031_640x360.jpg,train,benign,3826,84.0,29718,6.0,-1,0
train_set/benign/ISIC_9089757_640x427.jpg,train,benign,6692,66.0,29721,0.0,-1,0
train_set/benign/ISIC_9089987_640x360.jpg,train,benign,2507,88.0,29722,4.0,-1,0
train_set/benign/ISIC_9090822_640x427.jpg,train,benign,2443,68.0,29726,2.0,-1,0
train_set/benign/ISIC_9094233_640x360.jpg,train,benign,3613,88.0,29737,4.0,-1,0
train_set/benign/ISIC_9094608_640x480.jpg,train,benign,6115,68.0,29739,2.0,-1,0
train_set/benign/ISIC_9096535_640x480.jpg,train,benign,9377,88.0,29748,0.0,-1,0
train_set/benign/ISIC_9098390_640x360.jpg,train,benign,3588,84.0,29752,4.0,-1,0
train_set/benign/ISIC_9099188_640x478.jpg,train,benign,2565,82.0,29753,2.0,-1,0
train_set/benign/ISIC_9102834_640x427.jpg,train,benign,662,52.0,29764,2.0,-1,0
train_set/benign/ISIC_9103551_640x427.jpg,train,benign,877,86.0,29768,0.0,-1,0
train_set/benign/ISIC_9103798_640x480.jpg,train,benign,9329,86.0,29770,2.0,-1,0
train_set/benign/ISIC_9104012_640x427.jpg,train,benign,7555,64.0,12682,2.0,-1,0
train_set/benign/ISIC_9105258_640x478.jpg,train,benign,383,90.0,29776,2.0,-1,0
train_set/benign/ISIC_9106601_640x360.jpg,train,benign,7168,84.0,29781,2.0,-1,0
train_set/benign/ISIC_9106692_640x360.jpg,train,benign,6101,80.0,29783,0.0,-1,0
train_set/benign/ISIC_9109361_640x427.jpg,train,benign,6201,78.0,29791,2.0,-1,0
train_set/benign/ISIC_9109985_640x480.jpg,train,benign,445,94.0,29794,2.0,-1,0
train_set/benign/ISIC_9114539_640x480.jpg,train,benign,5123,76.0,29808,0.0,-1,0
train_set/benign/ISIC_9114716_640x427.jpg,train,benign,4244,88.0,29809,4.0,-1,0
train_set/benign/ISIC_9118842_640x427.jpg,train,benign,2525,86.0,29828,2.0,-1,0
train_set/benign/ISIC_9119271_640x427.jpg,train,benign,9357,82.0,29829,0.0,-1,0
train_set/benign/ISIC_9121151_640x480.jpg,train,benign,1146,90.0,29833,0.0,-1,0
train_set/benign/ISIC_9124500_640x360.jpg,train,benign,7980,68.0,29840,4.0,-1,0
train_set/benign/ISIC_9125216_640x360.jpg,train,benign,7223,60.0,29843,4.0,-1,0
train_set/benign/ISIC_9125808_640x427.jpg,train,benign,6909,56.0,29846,6.0,-1,0
train_set/benign/ISIC_9126974_640x427.jpg,train,benign,9503,82.0,3969,2.0,-1,0
train_set/benign/ISIC_9127114_640x427.jpg,train,benign,9581,80.0,29850,0.0,-1,0
train_set/benign/ISIC_9128304_640x480.jpg,train,benign,9556,90.0,29855,2.0,-1,0
train_set/benign/ISIC_9132168_640x360.jpg,train,benign,8522,84.0,29859,0.0,-1,0
train_set/benign/ISIC_9132589_640x360.jpg,train,benign,1388,88.0,29860,6.0,-1,0
train_set/benign/ISIC_9134100_640x427.jpg,train,benign,7545,60.0,29865,2.0,-1,0
train_set/benign/ISIC_9135299_640x480.jpg,train,benign,7531,90.0,29869,0.0,-1,0
train_set/benign/ISIC_9136435_640x427.jpg,train,benign,2416,74.0,29875,2.0,-1,0
train_set/benign/ISIC_9136827_640x427.jpg,train,benign,6710,84.0,29876,6.0,-1,0
train_set/benign/ISIC_9137180_640x360.jpg,train,benign,764,90.0,29877,2.0,-1,0
train_set/benign/ISIC_9140498_640x427.jpg,train,benign,1498,84.0,29885,0.0,-1,0
train_set/benign/ISIC_9141416_640x360.jpg,train,benign,8810,88.0,29893,4.0,-1,0
train_set/benign/ISIC_9142919_640x427.jpg,train,benign,8777,64.0,29898,0.0,-1,0
train_set/benign/ISIC_9145171_640x360.jpg,train,benign,2410,80.0,29907,4.0,-1,0
train_set/benign/ISIC_9147131_640x480.jpg,train,benign,3873,76.0,29912,0.0,-1,0
train_set/benign/ISIC_9149051_640x480.jpg,train,benign,10,94.0,29920,0.0,-1,0
train_set/benign/ISIC_9152321_640x427.jpg,train,benign,1697,84.0,29929,4.0,-1,0
train_set/benign/ISIC_9156264_640x480.jpg,train,benign,6502,80.0,29941,2.0,-1,0
train_set/benign/ISIC_9156409_640x427.jpg,train,benign,3860,74.0,29942,0.0,-1,0
train_set/benign/ISIC_9157619_640x427.jpg,train,benign,6708,84.0,29946,2.0,-1,0
train_set/benign/ISIC_9157720_640x427.jpg,train,benign,2392,58.0,29947,4.0,-1,0
train_set/benign/ISIC_9160614_640x360.jpg,train,benign,8889,80.0,29956,4.0,-1,0
train_set/benign/ISIC_9160772_640x478.jpg,train,benign,9972,80.0,29957,0.0,-1,0
train_set/benign/ISIC_9161105_640x360.jpg,train,benign,4597,72.0,29958,4.0,-1,0
train_set/benign/ISIC_9161937_480x480.jpg,train,benign,2416,80.0,29962,0.0,-1,0
train_set/benign/ISIC_9162798_640x427.jpg,train,benign,7494,74.0,29965,2.0,-1,0
train_set/benign/ISIC_9163466_640x480.jpg,train,benign,7148,62.0,29967,4.0,-1,0
train_set/benign/ISIC_9165411_640x427.jpg,train,benign,9128,88.0,8959,2.0,-1,0
train_set/benign/ISIC_9167290_640x427.jpg,train,benign,7920,56.0,29978,2.0,-1,0
train_set/benign/ISIC_9168624_640x360.jpg,train,benign,6433,78.0,29983,6.0,-1,0
train_set/benign/ISIC_9169000_640x427.jpg,train,benign,7773,84.0,29986,2.0,-1,0
train_set/benign/ISIC_9174347_640x360.jpg,train,benign,6317,90.0,30000,4.0,-1,0
train_set/benign/ISIC_9174685_640x360.jpg,train,benign,7312,78.0,30002,4.0,-1,0
train_set/benign/ISIC_9174830_640x360.jpg,train,benign,6401,86.0,30004,4.0,-1,0
train_set/benign/ISIC_9175501_640x427.jpg,train,benign,1393,66.0,30005,2.0,-1,0
train_set/benign/ISIC_9176138_640x427.jpg,train,benign,2344,66.0,30007,2.0,-1,0
train_set/benign/ISIC_9176281_640x480.jpg,train,benign,9623,82.0,30009,6.0,-1,0
train_set/benign/ISIC_9177435_640x480.jpg,train,benign,7973,66.0,30013,0.0,-1,0
train_set/benign/ISIC_9178852_640x360.jpg,train,benign,2948,68.0,30018,4.0,-1,0
train_set/benign/ISIC_9182492_640x427.jpg,train,benign,2018,82.0,30027,0.0,-1,0
train_set/benign/ISIC_9183252_640x480.jpg,train,benign,5900,90.0,30031,2.0,-1,0
train_set/benign/ISIC_9184385_640x360.jpg,train,benign,3905,82.0,30034,8.0,-1,0
train_set/benign/ISIC_9185624_640x360.jpg,train,benign,6251,92.0,30036,4.0,-1,0
train_set/benign/ISIC_9186287_640x360.jpg,train,benign,586,96.0,30037,0.0,-1,0
train_set/benign/ISIC_9187320_640x480.jpg,train,benign,9447,50.0,30040,2.0,-1,0
train_set/benign/ISIC_9188567_640x480.jpg,train,benign,9704,88.0,30045,0.0,-1,0
train_set/benign/ISIC_9190265_640x427.jpg,train,benign,6576,78.0,30049,4.0,-1,0
train_set/benign/ISIC_9193122_640x427.jpg,train,benign,9182,54.0,30056,0.0,-1,0
train_set/benign/ISIC_9193182_640x427.jpg,train,benign,6487,70.0,30058,2.0,-1,0
train_set/benign/ISIC_9195475_640x427.jpg,train,benign,9259,80.0,30063,2.0,-1,0
train_set/benign/ISIC_9196276_640x360.jpg,train,benign,2455,78.0,30068,4.0,-1,0
train_set/benign/ISIC_9199393_640x427.jpg,train,benign,7596,82.0,30081,6.0,-1,0
train_set/benign/ISIC_9200123_640x360.jpg,train,benign,8069,76.0,30085,2.0,-1,0
train_set/benign/ISIC_9203914_640x360.jpg,train,benign,6726,72.0,30095,4.0,-1,0
train_set/benign/ISIC_9204688_640x480.jpg,train,benign,5036,80.0,30099,2.0,-1,0
train_set/benign/ISIC_9206710_640x480.jpg,train,benign,7922,54.0,30103,2.0,-1,0
train_set/benign/ISIC_9211072_640x427.jpg,train,benign,203,90.0,30117,0.0,-1,0
train_set/benign/ISIC_9212054_640x425.jpg,train,benign,9357,78.0,30123,2.0,-1,0
train_set/benign/ISIC_9216970_640x360.jpg,train,benign,6146,84.0,30131,2.0,-1,0
train_set/benign/ISIC_9216989_640x480.jpg,train,benign,260,70.0,30132,0.0,-1,0
train_set/benign/ISIC_9217838_319x480.jpg,train,benign,1107,80.0,30135,2.0,-1,0
train_set/benign/ISIC_9221004_640x425.jpg,train,benign,672,80.0,30143,2.0,-1,0
train_set/benign/ISIC_9224337_640x360.jpg,train,benign,5228,88.0,30157,4.0,-1,0
train_set/benign/ISIC_9225880_640x480.jpg,train,benign,7114,78.0,30163,2.0,-1,0
train_set/benign/ISIC_9228224_640x427.jpg,train,benign,1592,88.0,30172,2.0,-1,0
train_set/benign/ISIC_9232153_640x427.jpg,train,benign,2265,64.0,30184,4.0,-1,0
train_set/benign/ISIC_9232157_640x360.jpg,train,benign,434,74.0,30185,2.0,-1,0
train_set/benign/ISIC_9232615_640x480.jpg,train,benign,7922,60.0,30188,4.0,-1,0
train_set/benign/ISIC_9237193_640x427.jpg,train,benign,9261,70.0,30196,4.0,-1,0
train_set/benign/ISIC_9239271_640x480.jpg,train,benign,322,90.0,30202,0.0,-1,0
train_set/benign/ISIC_9239632_640x360.jpg,train,benign,334,78.0,30204,4.0,-1,0
train_set/benign/ISIC_9241732_640x360.jpg,train,benign,537,92.0,30214,4.0,-1,0
train_set/benign/ISIC_9242193_640x360.jpg,train,benign,9598,78.0,30218,4.0,-1,0
train_set/benign/ISIC_9244047_640x427.jpg,train,benign,9107,82.0,30222,2.0,-1,0
train_set/benign/ISIC_9244393_640x427.jpg,train,benign,7784,70.0,30223,2.0,-1,0
train_set/benign/ISIC_9246650_640x480.jpg,train,benign,7932,66.0,30236,2.0,-1,0
train_set/benign/ISIC_9247173_640x427.jpg,train,benign,6962,68.0,30240,0.0,-1,0
train_set/benign/ISIC_9247687_640x360.jpg,train,benign,3373,84.0,30242,4.0,-1,0
train_set/benign/ISIC_9252628_640x360.jpg,train,benign,8026,82.0,30249,4.0,-1,0
train_set/benign/ISIC_9252956_640x427.jpg,train,benign,2498,82.0,30251,0.0,-1,0
train_set/benign/ISIC_9255094_640x478.jpg,train,benign,1420,88.0,30256,2.0,-1,0
train_set/benign/ISIC_9256438_640x360.jpg,train,benign,1938,84.0,30258,2.0,-1,0
train_set/benign/ISIC_9258027_640x360.jpg,train,benign,5769,78.0,30263,4.0,-1,0
train_set/benign/ISIC_9263896_640x480.jpg,train,benign,8993,86.0,30278,4.0,-1,0
train_set/benign/ISIC_9263944_640x360.jpg,train,benign,9151,86.0,30279,6.0,-1,0
train_set/benign/ISIC_9263990_640x360.jpg,train,benign,1553,80.0,30280,2.0,-1,0
train_set/benign/ISIC_9265765_640x480.jpg,train,benign,4150,86.0,30285,0.0,-1,0
train_set/benign/ISIC_9266246_640x427.jpg,train,benign,7999,80.0,30288,2.0,-1,0
train_set/benign/ISIC_9267202_640x360.jpg,train,benign,9608,76.0,30292,8.0,-1,0
train_set/benign/ISIC_9267267_640x427.jpg,train,benign,8949,32.0,30293,2.0,-1,0
train_set/benign/ISIC_9268137_640x427.jpg,train,benign,8518,90.0,30296,4.0,-1,0
train_set/benign/ISIC_9270367_640x427.jpg,train,benign,27,78.0,30300,0.0,-1,0
train_set/benign/ISIC_9272897_640x480.jpg,train,benign,2355,90.0,30310,4.0,-1,0
train_set/benign/ISIC_9274260_640x427.jpg,train,benign,3565,94.0,30316,0.0,-1,0
train_set/benign/ISIC_9274776_640x425.jpg,train,benign,2583,72.0,30317,2.0,-1,0
train_set/benign/ISIC_9276479_640x480.jpg,train,benign,8671,84.0,30321,2.0,-1,0
train_set/benign/ISIC_9277774_640x427.jpg,train,benign,7295,88.0,30325,2.0,-1,0
train_set/benign/ISIC_9278694_640x480.jpg,train,benign,3971,88.0,30330,0.0,-1,0
train_set/benign/ISIC_9282976_640x425.jpg,train,benign,770,74.0,30341,2.0,-1,0
train_set/benign/ISIC_9284203_640x427.jpg,train,benign,1170,76.0,30346,0.0,-1,0
train_set/benign/ISIC_9287229_640x480.jpg,train,benign,4393,84.0,30354,0.0,-1,0
train_set/benign/ISIC_9289932_640x427.jpg,train,benign,2358,88.0,30363,0.0,-1,0
train_set/benign/ISIC_9291926_640x427.jpg,train,benign,8419,88.0,30370,0.0,-1,0
train_set/benign/ISIC_9295135_640x360.jpg,train,benign,7399,84.0,30381,6.0,-1,0
train_set/benign/ISIC_9299197_640x360.jpg,train,benign,1795,86.0,30393,4.0,-1,0
train_set/benign/ISIC_9299945_640x480.jpg,train,benign,646,88.0,30397,2.0,-1,0
train_set/benign/ISIC_9300579_640x360.jpg,train,benign,9088,78.0,30399,2.0,-1,0
train_set/benign/ISIC_9303456_640x427.jpg,train,benign,9661,86.0,30407,6.0,-1,0
train_set/benign/ISIC_9303594_640x427.jpg,train,benign,8124,66.0,30408,8.0,-1,0
train_set/benign/ISIC_9305209_640x360.jpg,train,benign,9447,84.0,30412,2.0,-1,0
train_set/benign/ISIC_9307299_640x427.jpg,train,benign,6693,70.0,30418,2.0,-1,0
train_set/benign/ISIC_9307797_640x360.jpg,train,benign,5923,68.0,30420,4.0,-1,0
train_set/benign/ISIC_9308276_640x360.jpg,train,benign,6847,84.0,30424,0.0,-1,0
train_set/benign/ISIC_9308808_640x427.jpg,train,benign,3672,70.0,30426,4.0,-1,0
train_set/benign/ISIC_9311678_640x480.jpg,train,benign,679,92.0,30438,6.0,-1,0
train_set/benign/ISIC_9312235_640x427.jpg,train,benign,1437,80.0,30442,2.0,-1,0
train_set/benign/ISIC_9312264_640x360.jpg,train,benign,7922,78.0,30443,2.0,-1,0
train_set/benign/ISIC_9314358_640x427.jpg,train,benign,2417,86.0,30451,4.0,-1,0
train_set/benign/ISIC_9316994_640x360.jpg,train,benign,6772,86.0,30454,6.0,-1,0
train_set/benign/ISIC_9317894_640x360.jpg,train,benign,5101,88.0,30459,2.0,-1,0
train_set/benign/ISIC_9317929_640x480.jpg,train,benign,5455,78.0,30460,2.0,-1,0
train_set/benign/ISIC_9318809_640x360.jpg,train,benign,6744,78.0,30465,2.0,-1,0
train_set/benign/ISIC_9321136_640x360.jpg,train,benign,6907,82.0,30475,2.0,-1,0
train_set/benign/ISIC_9321383_640x360.jpg,train,benign,1400,94.0,30476,0.0,-1,0
train_set/benign/ISIC_9325527_640x427.jpg,train,benign,2974,94.0,3279,2.0,-1,0
train_set/benign/ISIC_9327346_640x427.jpg,train,benign,7545,88.0,30493,2.0,-1,0
train_set/benign/ISIC_9329713_640x427.jpg,train,benign,9145,58.0,30498,2.0,-1,0
train_set/benign/ISIC_9330103_640x480.jpg,train,benign,7461,78.0,30500,0.0,-1,0
train_set/benign/ISIC_9330876_640x360.jpg,train,benign,9324,86.0,30504,4.0,-1,0
train_set/benign/ISIC_9333157_640x360.jpg,train,benign,2546,78.0,30515,4.0,-1,0
train_set/benign/ISIC_9333573_640x360.jpg,train,benign,4581,88.0,30518,4.0,-1,0
train_set/benign/ISIC_9333906_640x480.jpg,train,benign,6877,78.0,30521,0.0,-1,0
train_set/benign/ISIC_9334145_640x427.jpg,train,benign,7736,80.0,30522,8.0,-1,0
train_set/benign/ISIC_9336830_640x360.jpg,train,benign,4129,92.0,30532,4.0,-1,0
train_set/benign/ISIC_9337015_640x427.jpg,train,benign,8545,78.0,30534,2.0,-1,0
train_set/benign/ISIC_9337870_640x360.jpg,train,benign,4029,84.0,30536,8.0,-1,0
train_set/benign/ISIC_9338349_640x360.jpg,train,benign,4801,72.0,30538,4.0,-1,0
train_set/benign/ISIC_9339525_640x480.jpg,train,benign,2116,84.0,30544,0.0,-1,0
train_set/benign/ISIC_9339640_640x360.jpg,train,benign,7113,84.0,30545,4.0,-1,0
train_set/benign/ISIC_9339713_640x360.jpg,train,benign,8450,66.0,30546,4.0,-1,0
train_set/benign/ISIC_9339800_640x480.jpg,train,benign,958,92.0,30548,2.0,-1,0
train_set/benign/ISIC_9339842_640x425.jpg,train,benign,869,84.0,30549,2.0,-1,0
train_set/benign/ISIC_9340280_640x427.jpg,train,benign,2589,84.0,30552,2.0,-1,0
train_set/benign/ISIC_9340334_640x360.jpg,train,benign,350,84.0,30553,6.0,-1,0
train_set/benign/ISIC_9340659_640x480.jpg,train,benign,4566,88.0,30554,2.0,-1,0
train_set/benign/ISIC_9344664_640x360.jpg,train,benign,9456,80.0,30561,6.0,-1,0
train_set/benign/ISIC_9345669_640x478.jpg,train,benign,2389,96.0,30564,2.0,-1,0
train_set/benign/ISIC_9352293_640x360.jpg,train,benign,8086,82.0,30583,4.0,-1,0
train_set/benign/ISIC_9353004_640x360.jpg,train,benign,1370,80.0,30584,8.0,-1,0
train_set/benign/ISIC_9353514_640x360.jpg,train,benign,7982,82.0,30585,4.0,-1,0
train_set/benign/ISIC_9353895_640x360.jpg,train,benign,2489,82.0,30586,0.0,-1,0
train_set/benign/ISIC_9356630_640x360.jpg,train,benign,749,90.0,30599,8.0,-1,0
train_set/benign/ISIC_9358630_640x427.jpg,train,benign,6809,56.0,30604,2.0,-1,0
train_set/benign/ISIC_9360610_640x478.jpg,train,benign,743,74.0,30608,4.0,-1,0
train_set/benign/ISIC_9362960_640x427.jpg,train,benign,2418,76.0,30612,2.0,-1,0
train_set/benign/ISIC_9363564_640x360.jpg,train,benign,4646,82.0,30618,2.0,-1,0
train_set/benign/ISIC_9364535_640x480.jpg,train,benign,6730,86.0,30620,4.0,-1,0
train_set/benign/ISIC_9364994_640x427.jpg,train,benign,263,86.0,30626,4.0,-1,0
train_set/benign/ISIC_9365486_640x360.jpg,train,benign,349,82.0,30628,6.0,-1,0
train_set/benign/ISIC_9366185_640x480.jpg,train,benign,4440,88.0,30629,2.0,-1,0
train_set/benign/ISIC_9366737_640x427.jpg,train,benign,1647,62.0,30632,4.0,-1,0
train_set/benign/ISIC_9369222_640x360.jpg,train,benign,3724,82.0,30642,4.0,-1,0
train_set/benign/ISIC_9373089_640x427.jpg,train,benign,36,76.0,30648,6.0,-1,0
train_set/benign/ISIC_9377751_640x360.jpg,train,benign,7462,80.0,30661,2.0,-1,0
train_set/benign/ISIC_9380228_640x360.jpg,train,benign,666,94.0,30671,4.0,-1,0
train_set/benign/ISIC_9382392_640x360.jpg,train,benign,4802,86.0,30673,4.0,-1,0
train_set/benign/ISIC_9382494_640x360.jpg,train,benign,8794,86.0,30674,2.0,-1,0
train_set/benign/ISIC_9383110_640x480.jpg,train,benign,6309,82.0,30675,0.0,-1,0
train_set/benign/ISIC_9384566_640x427.jpg,train,benign,7912,82.0,30678,2.0,-1,0
train_set/benign/ISIC_9384781_640x427.jpg,train,benign,6867,80.0,30680,4.0,-1,0
train_set/benign/ISIC_9386946_640x360.jpg,train,benign,4706,88.0,30686,2.0,-1,0
train_set/benign/ISIC_9389341_640x427.jpg,train,benign,6973,60.0,30691,2.0,-1,0
train_set/benign/ISIC_9389362_640x427.jpg,train,benign,7975,92.0,30692,2.0,-1,0
train_set/benign/ISIC_9391954_640x427.jpg,train,benign,2391,84.0,889,2.0,-1,0
train_set/benign/ISIC_9395707_640x427.jpg,train,benign,9053,80.0,30706,0.0,-1,0
train_set/benign/ISIC_9399475_640x427.jpg,train,benign,9409,64.0,30714,2.0,-1,0
train_set/benign/ISIC_9399967_640x480.jpg,train,benign,8767,84.0,30716,4.0,-1,0
train_set/benign/ISIC_9403039_640x480.jpg,train,benign,7647,68.0,30727,2.0,-1,0
train_set/benign/ISIC_9406275_640x427.jpg,train,benign,7066,80.0,30738,4.0,-1,0
train_set/benign/ISIC_9407690_640x360.jpg,train,benign,1589,88.0,30746,6.0,-1,0
train_set/benign/ISIC_9408036_640x360.jpg,train,benign,7244,78.0,30748,4.0,-1,0
train_set/benign/ISIC_9408125_640x360.jpg,train,benign,6824,78.0,30749,4.0,-1,0
train_set/benign/ISIC_9408875_640x360.jpg,train,benign,6867,86.0,30752,2.0,-1,0
train_set/benign/ISIC_9408967_640x360.jpg,train,benign,8185,72.0,30753,4.0,-1,0
train_set/benign/ISIC_9411603_640x360.jpg,train,benign,9666,86.0,30757,2.0,-1,0
train_set/benign/ISIC_9412119_640x425.jpg,train,benign,4890,94.0,30759,0.0,-1,0
train_set/benign/ISIC_9412122_640x480.jpg,train,benign,9221,84.0,30760,2.0,-1,0
train_set/benign/ISIC_9414126_640x360.jpg,train,benign,1268,84.0,30762,2.0,-1,0
train_set/benign/ISIC_9414654_640x360.jpg,train,benign,1921,90.0,30767,2.0,-1,0
train_set/benign/ISIC_9415528_640x480.jpg,train,benign,7190,52.0,30770,0.0,-1,0
train_set/benign/ISIC_9416765_640x427.jpg,train,benign,1502,86.0,30775,2.0,-1,0
train_set/benign/ISIC_9419841_640x427.jpg,train,benign,782,92.0,30788,2.0,-1,0
train_set/benign/ISIC_9421698_640x480.jpg,train,benign,1357,82.0,30792,2.0,-1,0
train_set/benign/ISIC_9422630_640x360.jpg,train,benign,9513,78.0,30795,4.0,-1,0
train_set/benign/ISIC_9423971_640x427.jpg,train,benign,8196,92.0,30797,2.0,-1,0
train_set/benign/ISIC_9424172_640x478.jpg,train,benign,92,90.0,30798,2.0,-1,0
train_set/benign/ISIC_9424787_640x480.jpg,train,benign,5756,86.0,30800,2.0,-1,0
train_set/benign/ISIC_9426834_640x480.jpg,train,benign,8553,76.0,30807,2.0,-1,0
train_set/benign/ISIC_9427455_640x360.jpg,train,benign,326,94.0,30808,4.0,-1,0
train_set/benign/ISIC_9427591_640x360.jpg,train,benign,8456,80.0,30809,6.0,-1,0
train_set/benign/ISIC_9434415_640x427.jpg,train,benign,1515,88.0,30825,0.0,-1,0
train_set/benign/ISIC_9435365_640x360.jpg,train,benign,253,88.0,30827,4.0,-1,0
train_set/benign/ISIC_9437791_640x480.jpg,train,benign,8646,80.0,30841,0.0,-1,0
train_set/benign/ISIC_9437975_640x427.jpg,train,benign,2738,90.0,30842,2.0,-1,0
train_set/benign/ISIC_9438998_640x427.jpg,train,benign,6809,84.0,30846,2.0,-1,0
train_set/benign/ISIC_9439034_640x360.jpg,train,benign,1433,90.0,30847,4.0,-1,0
train_set/benign/ISIC_9440565_640x360.jpg,train,benign,4284,90.0,30850,2.0,-1,0
train_set/benign/ISIC_9443184_640x360.jpg,train,benign,6881,88.0,30864,4.0,-1,0
train_set/benign/ISIC_9443820_640x427.jpg,train,benign,8835,76.0,30866,4.0,-1,0
train_set/benign/ISIC_9443855_640x360.jpg,train,benign,6389,90.0,30867,2.0,-1,0
train_set/benign/ISIC_9444090_640x480.jpg,train,benign,6311,82.0,30870,0.0,-1,0
train_set/benign/ISIC_9445441_640x427.jpg,train,benign,761,84.0,30875,2.0,-1,0
train_set/benign/ISIC_9445745_640x427.jpg,train,benign,1230,80.0,30876,0.0,-1,0
train_set/benign/ISIC_9448690_640x360.jpg,train,benign,4175,84.0,30885,2.0,-1,0
train_set/benign/ISIC_9449365_640x427.jpg,train,benign,1170,74.0,30887,6.0,-1,0
train_set/benign/ISIC_9449442_640x480.jpg,train,benign,6169,84.0,30889,0.0,-1,0
train_set/benign/ISIC_9450200_640x480.jpg,train,benign,5035,74.0,30890,0.0,-1,0
train_set/benign/ISIC_9453392_640x480.jpg,train,benign,7430,90.0,30898,2.0,-1,0
train_set/benign/ISIC_9456322_640x427.jpg,train,benign,6860,80.0,30905,0.0,-1,0
train_set/benign/ISIC_9459785_640x480.jpg,train,benign,8593,92.0,30912,2.0,-1,0
train_set/benign/ISIC_9459936_640x427.jpg,train,benign,2478,74.0,30914,2.0,-1,0
train_set/benign/ISIC_9460903_640x360.jpg,train,benign,3508,80.0,30917,6.0,-1,0
train_set/benign/ISIC_9461940_640x427.jpg,train,benign,1437,72.0,30919,0.0,-1,0
train_set/benign/ISIC_9462979_640x360.jpg,train,benign,4479,88.0,30927,4.0,-1,0
train_set/benign/ISIC_9463865_640x427.jpg,train,benign,7545,72.0,30929,2.0,-1,0
train_set/benign/ISIC_9464116_640x480.jpg,train,benign,7475,78.0,30931,2.0,-1,0
train_set/benign/ISIC_9464203_640x480.jpg,train,benign,2019,84.0,30932,0.0,-1,0
train_set/benign/ISIC_9465081_640x427.jpg,train,benign,6805,78.0,30935,4.0,-1,0
train_set/benign/ISIC_9466790_640x360.jpg,train,benign,5356,92.0,30938,6.0,-1,0
train_set/benign/ISIC_9467125_640x360.jpg,train,benign,8109,86.0,30941,4.0,-1,0
train_set/benign/ISIC_9470922_640x425.jpg,train,benign,457,78.0,30956,4.0,-1,0
train_set/benign/ISIC_9471383_640x427.jpg,train,benign,1835,82.0,30958,0.0,-1,0
train_set/benign/ISIC_9472515_640x360.jpg,train,benign,6989,60.0,30961,6.0,-1,0
train_set/benign/ISIC_9472722_640x480.jpg,train,benign,9310,88.0,30962,2.0,-1,0
train_set/benign/ISIC_9472725_640x360.jpg,train,benign,9088,80.0,30963,4.0,-1,0
train_set/benign/ISIC_9473134_640x427.jpg,train,benign,3604,82.0,30967,0.0,-1,0
train_set/benign/ISIC_9473491_640x480.jpg,train,benign,7274,92.0,30968,2.0,-1,0
train_set/benign/ISIC_9473731_640x360.jpg,train,benign,3732,84.0,30970,4.0,-1,0
train_set/benign/ISIC_9475155_640x360.jpg,train,benign,7734,74.0,30972,2.0,-1,0
train_set/benign/ISIC_9476273_640x480.jpg,train,benign,9166,90.0,30978,0.0,-1,0
train_set/benign/ISIC_9476664_640x360.jpg,train,benign,4048,78.0,30979,2.0,-1,0
train_set/benign/ISIC_9481260_480x480.jpg,train,benign,2009,88.0,30994,2.0,-1,0
train_set/benign/ISIC_9482842_640x360.jpg,train,benign,8821,76.0,31004,2.0,-1,0
train_set/benign/ISIC_9483439_640x480.jpg,train,benign,1291,90.0,31008,2.0,-1,0
train_set/benign/ISIC_9483832_640x427.jpg,train,benign,8840,52.0,31009,2.0,-1,0
train_set/benign/ISIC_9485536_640x427.jpg,train,benign,1647,64.0,31014,2.0,-1,0
train_set/benign/ISIC_9485901_640x427.jpg,train,benign,6115,70.0,31016,4.0,-1,0
train_set/benign/ISIC_9487928_640x360.jpg,train,benign,1145,94.0,31022,6.0,-1,0
train_set/benign/ISIC_9488846_640x360.jpg,train,benign,598,88.0,31024,0.0,-1,0
train_set/benign/ISIC_9489738_640x427.jpg,train,benign,1733,80.0,31028,0.0,-1,0
train_set/benign/ISIC_9498942_640x360.jpg,train,benign,9064,84.0,31053,2.0,-1,0
train_set/benign/ISIC_9505359_640x427.jpg,train,benign,1454,76.0,31075,6.0,-1,0
train_set/benign/ISIC_9506257_640x480.jpg,train,benign,4913,74.0,31078,2.0,-1,0
train_set/benign/ISIC_9509345_640x480.jpg,train,benign,756,90.0,31084,2.0,-1,0
train_set/benign/ISIC_9509992_640x360.jpg,train,benign,7084,72.0,31091,0.0,-1,0
train_set/benign/ISIC_9510287_640x480.jpg,train,benign,4221,70.0,31092,0.0,-1,0
train_set/benign/ISIC_9514450_480x480.jpg,train,benign,9883,86.0,31107,0.0,-1,0
train_set/benign/ISIC_9514708_640x360.jpg,train,benign,4571,92.0,31108,2.0,-1,0
train_set/benign/ISIC_9516457_640x427.jpg,train,benign,2583,82.0,31116,2.0,-1,0
train_set/benign/ISIC_9517456_640x360.jpg,train,benign,9446,68.0,31117,4.0,-1,0
train_set/benign/ISIC_9519906_640x427.jpg,train,benign,8101,84.0,31123,2.0,-1,0
train_set/benign/ISIC_9521537_640x480.jpg,train,benign,5665,92.0,31127,2.0,-1,0
train_set/benign/ISIC_9521898_640x427.jpg,train,benign,7830,80.0,31129,2.0,-1,0
train_set/benign/ISIC_9522628_640x360.jpg,train,benign,8185,76.0,31132,6.0,-1,0
train_set/benign/ISIC_9526877_640x480.jpg,train,benign,4710,86.0,31140,0.0,-1,0
train_set/benign/ISIC_9529462_640x360.jpg,train,benign,5685,78.0,31146,6.0,-1,0
train_set/benign/ISIC_9529971_640x480.jpg,train,benign,9006,82.0,31147,2.0,-1,0
train_set/benign/ISIC_9533977_640x360.jpg,train,benign,2292,84.0,31154,4.0,-1,0
train_set/benign/ISIC_9538621_640x427.jpg,train,benign,7048,74.0,31168,2.0,-1,0
train_set/benign/ISIC_9539757_640x360.jpg,train,benign,1432,88.0,31170,2.0,-1,0
train_set/benign/ISIC_9540598_640x360.jpg,train,benign,3052,66.0,31173,6.0,-1,0
train_set/benign/ISIC_9542544_640x427.jpg,train,benign,6909,46.0,31181,2.0,-1,0
train_set/benign/ISIC_9544564_640x427.jpg,train,benign,42,82.0,31189,2.0,-1,0
train_set/benign/ISIC_9545346_640x360.jpg,train,benign,256,90.0,31192,4.0,-1,0
train_set/benign/ISIC_9551134_640x427.jpg,train,benign,7556,78.0,31205,6.0,-1,0
train_set/benign/ISIC_9551406_640x360.jpg,train,benign,2270,84.0,31207,0.0,-1,0
train_set/benign/ISIC_9553830_640x478.jpg,train,benign,104,82.0,31213,2.0,-1,0
train_set/benign/ISIC_9554769_640x480.jpg,train,benign,7275,88.0,31214,2.0,-1,0
train_set/benign/ISIC_9555044_640x427.jpg,train,benign,9114,86.0,31216,2.0,-1,0
train_set/benign/ISIC_9557058_640x360.jpg,train,benign,7858,86.0,31220,2.0,-1,0
train_set/benign/ISIC_9562157_640x427.jpg,train,benign,7244,54.0,31234,2.0,-1,0
train_set/benign/ISIC_9562292_640x360.jpg,train,benign,4097,70.0,31235,4.0,-1,0
train_set/benign/ISIC_9564525_640x427.jpg,train,benign,9302,60.0,31244,6.0,-1,0
train_set/benign/ISIC_9564900_640x427.jpg,train,benign,8708,58.0,31246,2.0,-1,0
train_set/benign/ISIC_9566964_640x427.jpg,train,benign,8914,84.0,31251,4.0,-1,0
train_set/benign/ISIC_9567812_640x480.jpg,train,benign,6768,68.0,31253,0.0,-1,0
train_set/benign/ISIC_9567935_640x480.jpg,train,benign,8555,74.0,31254,0.0,-1,0
train_set/benign/ISIC_9571274_640x360.jpg,train,benign,4187,90.0,31269,0.0,-1,0
train_set/benign/ISIC_9572651_640x478.jpg,train,benign,9066,78.0,31277,4.0,-1,0
train_set/benign/ISIC_9573267_640x425.jpg,train,benign,9035,82.0,31279,2.0,-1,0
train_set/benign/ISIC_9574591_640x480.jpg,train,benign,790,86.0,31286,0.0,-1,0
train_set/benign/ISIC_9574802_640x360.jpg,train,benign,3730,86.0,31287,4.0,-1,0
train_set/benign/ISIC_9579506_640x427.jpg,train,benign,2343,82.0,31302,2.0,-1,0
train_set/benign/ISIC_9579996_640x480.jpg,train,benign,618,94.0,31306,0.0,-1,0
train_set/benign/ISIC_9580941_640x480.jpg,train,benign,652,74.0,31312,4.0,-1,0
train_set/benign/ISIC_9584866_640x425.jpg,train,benign,7103,82.0,31321,2.0,-1,0
train_set/benign/ISIC_9586114_640x360.jpg,train,benign,6768,70.0,31324,2.0,-1,0
train_set/benign/ISIC_9586758_640x427.jpg,train,benign,7419,86.0,31327,0.0,-1,0
train_set/benign/ISIC_9587173_640x360.jpg,train,benign,8981,86.0,31328,2.0,-1,0
train_set/benign/ISIC_9587551_640x427.jpg,train,benign,7556,60.0,27698,0.0,-1,0
train_set/benign/ISIC_9589883_640x360.jpg,train,benign,7918,76.0,31334,0.0,-1,0
train_set/benign/ISIC_9590141_640x480.jpg,train,benign,1729,92.0,31336,0.0,-1,0
train_set/benign/ISIC_9591934_640x360.jpg,train,benign,5184,86.0,31345,4.0,-1,0
train_set/benign/ISIC_9595201_640x427.jpg,train,benign,7061,72.0,31355,0.0,-1,0
train_set/benign/ISIC_9595835_640x360.jpg,train,benign,5164,88.0,31358,2.0,-1,0
train_set/benign/ISIC_9596617_640x360.jpg,train,benign,9356,80.0,31362,4.0,-1,0
train_set/benign/ISIC_9596955_640x480.jpg,train,benign,7569,76.0,31366,2.0,-1,0
train_set/benign/ISIC_9597728_640x427.jpg,train,benign,7555,64.0,31368,4.0,-1,0
train_set/benign/ISIC_9598453_640x427.jpg,train,benign,2554,86.0,31372,4.0,-1,0
train_set/benign/ISIC_9599187_640x360.jpg,train,benign,4917,88.0,31374,0.0,-1,0
train_set/benign/ISIC_9602335_640x360.jpg,train,benign,2561,86.0,31383,0.0,-1,0
train_set/benign/ISIC_9603756_640x480.jpg,train,benign,2217,90.0,31389,2.0,-1,0
train_set/benign/ISIC_9605031_640x360.jpg,train,benign,9621,78.0,31393,8.0,-1,0
train_set/benign/ISIC_9605236_640x480.jpg,train,benign,1257,90.0,31395,0.0,-1,0
train_set/benign/ISIC_9608159_640x360.jpg,train,benign,5819,92.0,31401,4.0,-1,0
train_set/benign/ISIC_9608773_640x480.jpg,train,benign,1349,94.0,31403,2.0,-1,0
train_set/benign/ISIC_9608774_640x427.jpg,train,benign,6860,84.0,31404,4.0,-1,0
train_set/benign/ISIC_9611429_640x427.jpg,train,benign,9447,72.0,31411,2.0,-1,0
train_set/benign/ISIC_9617855_640x427.jpg,train,benign,3796,78.0,31427,2.0,-1,0
train_set/benign/ISIC_9617969_640x427.jpg,train,benign,7438,68.0,31429,2.0,-1,0
train_set/benign/ISIC_9620642_640x480.jpg,train,benign,9327,78.0,31436,0.0,-1,0
train_set/benign/ISIC_9621327_640x427.jpg,train,benign,945,84.0,31437,2.0,-1,0
train_set/benign/ISIC_9622274_640x360.jpg,train,benign,7866,78.0,31439,4.0,-1,0
train_set/benign/ISIC_9623772_640x360.jpg,train,benign,8842,84.0,31441,4.0,-1,0
train_set/benign/ISIC_9625873_640x480.jpg,train,benign,7463,88.0,31448,2.0,-1,0
train_set/benign/ISIC_9626070_640x478.jpg,train,benign,1276,72.0,31450,0.0,-1,0
train_set/benign/ISIC_9626777_640x427.jpg,train,benign,376,72.0,31453,2.0,-1,0
train_set/benign/ISIC_9629024_640x480.jpg,train,benign,1589,84.0,31463,0.0,-1,0
train_set/benign/ISIC_9631669_640x360.jpg,train,benign,6632,90.0,31468,4.0,-1,0
train_set/benign/ISIC_9632184_640x480.jpg,train,benign,7389,82.0,31472,2.0,-1,0
train_set/benign/ISIC_9632665_640x360.jpg,train,benign,3701,82.0,31474,2.0,-1,0
train_set/benign/ISIC_9633789_640x427.jpg,train,benign,3531,88.0,31478,2.0,-1,0
train_set/benign/ISIC_9635270_640x360.jpg,train,benign,1230,82.0,31482,6.0,-1,0
train_set/benign/ISIC_9636460_640x360.jpg,train,benign,6622,86.0,31486,4.0,-1,0
train_set/benign/ISIC_9636514_640x360.jpg,train,benign,456,82.0,31487,2.0,-1,0
train_set/benign/ISIC_9637180_640x427.jpg,train,benign,3593,86.0,31491,2.0,-1,0
train_set/benign/ISIC_9637306_640x360.jpg,train,benign,5161,86.0,31494,2.0,-1,0
train_set/benign/ISIC_9638386_640x427.jpg,train,benign,7750,88.0,31499,2.0,-1,0
train_set/benign/ISIC_9639348_640x427.jpg,train,benign,75,52.0,31504,2.0,-1,0
train_set/benign/ISIC_9643768_640x360.jpg,train,benign,904,96.0,31517,2.0,-1,0
train_set/benign/ISIC_9644360_640x480.jpg,train,benign,2606,84.0,31519,0.0,-1,0
train_set/benign/ISIC_9644567_640x427.jpg,train,benign,6788,82.0,31522,4.0,-1,0
train_set/benign/ISIC_9644813_640x427.jpg,train,benign,9252,50.0,31523,0.0,-1,0
train_set/benign/ISIC_9645666_640x480.jpg,train,benign,4955,88.0,31525,6.0,-1,0
train_set/benign/ISIC_9649028_640x425.jpg,train,benign,1625,92.0,31536,2.0,-1,0
train_set/benign/ISIC_9649253_640x427.jpg,train,benign,9343,72.0,31538,4.0,-1,0
train_set/benign/ISIC_9649587_640x480.jpg,train,benign,1959,92.0,31541,0.0,-1,0
train_set/benign/ISIC_9650427_640x427.jpg,train,benign,7198,76.0,31543,4.0,-1,0
train_set/benign/ISIC_9650774_640x480.jpg,train,benign,6722,82.0,31546,2.0,-1,0
train_set/benign/ISIC_9651608_640x427.jpg,train,benign,2781,84.0,3069,0.0,-1,0
train_set/benign/ISIC_9654057_640x360.jpg,train,benign,277,96.0,31554,0.0,-1,0
train_set/benign/ISIC_9654366_640x427.jpg,train,benign,5127,78.0,31556,0.0,-1,0
train_set/benign/ISIC_9658370_640x360.jpg,train,benign,683,80.0,31569,2.0,-1,0
train_set/benign/ISIC_9659306_640x425.jpg,train,benign,8469,72.0,31570,0.0,-1,0
train_set/benign/ISIC_9661108_640x360.jpg,train,benign,7065,86.0,31578,4.0,-1,0
train_set/benign/ISIC_9661686_640x427.jpg,train,benign,2430,90.0,31579,4.0,-1,0
train_set/benign/ISIC_9661771_640x360.jpg,train,benign,7780,84.0,31580,2.0,-1,0
train_set/benign/ISIC_9662367_640x360.jpg,train,benign,2286,84.0,31582,4.0,-1,0
train_set/benign/ISIC_9668211_640x427.jpg,train,benign,6903,70.0,31600,2.0,-1,0
train_set/benign/ISIC_9669830_640x360.jpg,train,benign,2175,88.0,31606,4.0,-1,0
train_set/benign/ISIC_9672236_640x427.jpg,train,benign,7739,78.0,31616,2.0,-1,0
train_set/benign/ISIC_9672719_640x427.jpg,train,benign,8949,40.0,31620,2.0,-1,0
train_set/benign/ISIC_9676233_640x360.jpg,train,benign,4947,90.0,31628,2.0,-1,0
train_set/benign/ISIC_9677250_640x360.jpg,train,benign,4952,88.0,31630,2.0,-1,0
train_set/benign/ISIC_9679289_640x427.jpg,train,benign,9265,70.0,31632,2.0,-1,0
train_set/benign/ISIC_9680231_640x360.jpg,train,benign,2387,90.0,31635,2.0,-1,0
train_set/benign/ISIC_9682376_640x360.jpg,train,benign,7094,92.0,31642,4.0,-1,0
train_set/benign/ISIC_9683937_640x480.jpg,train,benign,973,90.0,31649,2.0,-1,0
train_set/benign/ISIC_9685245_640x360.jpg,train,benign,7344,88.0,31653,4.0,-1,0
train_set/benign/ISIC_9686296_640x360.jpg,train,benign,4658,92.0,31660,4.0,-1,0
train_set/benign/ISIC_9687776_640x427.jpg,train,benign,5131,82.0,31665,0.0,-1,0
train_set/benign/ISIC_9688534_640x427.jpg,train,benign,5676,80.0,31667,2.0,-1,0
train_set/benign/ISIC_9690422_640x478.jpg,train,benign,3724,82.0,31675,4.0,-1,0
train_set/benign/ISIC_9691287_640x480.jpg,train,benign,6826,80.0,31677,2.0,-1,0
train_set/benign/ISIC_9693759_640x360.jpg,train,benign,8417,90.0,31685,2.0,-1,0
train_set/benign/ISIC_9694198_640x360.jpg,train,benign,8404,74.0,31687,6.0,-1,0
train_set/benign/ISIC_9695205_640x427.jpg,train,benign,9594,90.0,31692,0.0,-1,0
train_set/benign/ISIC_9695809_640x480.jpg,train,benign,9143,70.0,31694,2.0,-1,0
train_set/benign/ISIC_9696502_640x360.jpg,train,benign,2609,82.0,31696,4.0,-1,0
train_set/benign/ISIC_9697718_640x360.jpg,train,benign,3057,88.0,31698,2.0,-1,0
train_set/benign/ISIC_9698575_640x480.jpg,train,benign,7525,80.0,31701,0.0,-1,0
train_set/benign/ISIC_9699699_640x360.jpg,train,benign,7497,86.0,31712,6.0,-1,0
train_set/benign/ISIC_9699901_640x480.jpg,train,benign,7965,88.0,31715,0.0,-1,0
train_set/benign/ISIC_9703983_640x360.jpg,train,benign,1724,84.0,31721,0.0,-1,0
train_set/benign/ISIC_9704788_640x360.jpg,train,benign,8022,74.0,31723,2.0,-1,0
train_set/benign/ISIC_9706789_640x480.jpg,train,benign,7496,84.0,31728,2.0,-1,0
train_set/benign/ISIC_9709507_640x360.jpg,train,benign,3655,78.0,31731,2.0,-1,0
train_set/benign/ISIC_9709594_640x427.jpg,train,benign,7081,90.0,31732,6.0,-1,0
train_set/benign/ISIC_9711814_640x425.jpg,train,benign,1492,84.0,31739,0.0,-1,0
train_set/benign/ISIC_9712963_640x360.jpg,train,benign,8481,70.0,31746,0.0,-1,0
train_set/benign/ISIC_9714160_640x360.jpg,train,benign,426,82.0,31754,6.0,-1,0
train_set/benign/ISIC_9714346_640x427.jpg,train,benign,3529,82.0,31756,4.0,-1,0
train_set/benign/ISIC_9716031_640x480.jpg,train,benign,142,84.0,31759,2.0,-1,0
train_set/benign/ISIC_9716498_640x427.jpg,train,benign,6226,80.0,31762,0.0,-1,0
train_set/benign/ISIC_9721056_640x425.jpg,train,benign,501,90.0,31775,2.0,-1,0
train_set/benign/ISIC_9721312_640x427.jpg,train,benign,7671,84.0,31776,2.0,-1,0
train_set/benign/ISIC_9722899_640x480.jpg,train,benign,6814,78.0,31782,4.0,-1,0
train_set/benign/ISIC_9723646_640x360.jpg,train,benign,2540,84.0,31787,0.0,-1,0
train_set/benign/ISIC_9724506_640x427.jpg,train,benign,8949,40.0,31789,0.0,-1,0
train_set/benign/ISIC_9725585_640x427.jpg,train,benign,7065,64.0,31795,2.0,-1,0
train_set/benign/ISIC_9725848_640x360.jpg,train,benign,7389,68.0,31797,2.0,-1,0
train_set/benign/ISIC_9728431_640x425.jpg,train,benign,1553,78.0,31802,2.0,-1,0
train_set/benign/ISIC_9728805_640x480.jpg,train,benign,127,90.0,31803,0.0,-1,0
train_set/benign/ISIC_9729313_640x360.jpg,train,benign,7545,76.0,31805,2.0,-1,0
train_set/benign/ISIC_9732800_640x480.jpg,train,benign,1730,80.0,31812,0.0,-1,0
train_set/benign/ISIC_9735832_640x480.jpg,train,benign,9076,76.0,31818,2.0,-1,0
train_set/benign/ISIC_9737009_640x480.jpg,train,benign,7856,84.0,31821,0.0,-1,0
train_set/benign/ISIC_9737305_640x427.jpg,train,benign,7223,80.0,31822,2.0,-1,0
train_set/benign/ISIC_9738306_640x480.jpg,train,benign,8294,88.0,31824,0.0,-1,0
train_set/benign/ISIC_9739610_640x427.jpg,train,benign,8784,86.0,31826,2.0,-1,0
train_set/benign/ISIC_9740471_640x480.jpg,train,benign,1368,90.0,31830,6.0,-1,0
train_set/benign/ISIC_9743548_640x480.jpg,train,benign,8167,82.0,31842,4.0,-1,0
train_set/benign/ISIC_9744087_640x480.jpg,train,benign,3474,82.0,31846,0.0,-1,0
train_set/benign/ISIC_9745562_640x480.jpg,train,benign,7885,78.0,31853,2.0,-1,0
train_set/benign/ISIC_9748173_640x360.jpg,train,benign,4607,72.0,31864,6.0,-1,0
train_set/benign/ISIC_9748845_640x480.jpg,train,benign,2424,86.0,31866,0.0,-1,0
train_set/benign/ISIC_9749009_640x480.jpg,train,benign,3556,90.0,31867,2.0,-1,0
train_set/benign/ISIC_9749030_640x427.jpg,train,benign,8818,80.0,31868,2.0,-1,0
train_set/benign/ISIC_9750576_640x427.jpg,train,benign,9277,62.0,31875,2.0,-1,0
train_set/benign/ISIC_9752016_640x360.jpg,train,benign,8849,72.0,31879,4.0,-1,0
train_set/benign/ISIC_9752269_640x427.jpg,train,benign,3627,88.0,31880,0.0,-1,0
train_set/benign/ISIC_9752830_640x427.jpg,train,benign,7856,48.0,31882,2.0,-1,0
train_set/benign/ISIC_9753415_640x427.jpg,train,benign,8586,70.0,31886,2.0,-1,0
train_set/benign/ISIC_9756079_640x478.jpg,train,benign,8408,78.0,31895,0.0,-1,0
train_set/benign/ISIC_9756117_640x360.jpg,train,benign,2517,86.0,31896,8.0,-1,0
train_set/benign/ISIC_9756188_640x360.jpg,train,benign,4811,86.0,31897,2.0,-1,0
train_set/benign/ISIC_9758671_640x427.jpg,train,benign,2647,86.0,31907,2.0,-1,0
train_set/benign/ISIC_9759505_640x427.jpg,train,benign,7067,82.0,31909,0.0,-1,0
train_set/benign/ISIC_9764024_640x480.jpg,train,benign,2416,78.0,31919,0.0,-1,0
train_set/benign/ISIC_9764522_640x360.jpg,train,benign,1261,86.0,31921,2.0,-1,0
train_set/benign/ISIC_9764947_640x427.jpg,train,benign,2684,92.0,31926,2.0,-1,0
train_set/benign/ISIC_9765024_640x360.jpg,train,benign,1676,88.0,31928,6.0,-1,0
train_set/benign/ISIC_9765455_640x360.jpg,train,benign,6887,92.0,31929,6.0,-1,0
train_set/benign/ISIC_9767385_640x360.jpg,train,benign,3387,88.0,31936,4.0,-1,0
train_set/benign/ISIC_9769827_640x427.jpg,train,benign,1786,72.0,31940,2.0,-1,0
train_set/benign/ISIC_9772383_640x427.jpg,train,benign,7531,84.0,31948,4.0,-1,0
train_set/benign/ISIC_9772465_640x360.jpg,train,benign,122,84.0,31949,2.0,-1,0
train_set/benign/ISIC_9773404_640x478.jpg,train,benign,7238,80.0,31951,4.0,-1,0
train_set/benign/ISIC_9775153_640x480.jpg,train,benign,1285,58.0,31954,0.0,-1,0
train_set/benign/ISIC_9775399_640x427.jpg,train,benign,7898,86.0,31955,2.0,-1,0
train_set/benign/ISIC_9775680_640x360.jpg,train,benign,6575,78.0,31957,2.0,-1,0
train_set/benign/ISIC_9776533_640x360.jpg,train,benign,4706,72.0,31961,4.0,-1,0
train_set/benign/ISIC_9778899_640x360.jpg,train,benign,8292,74.0,31970,2.0,-1,0
train_set/benign/ISIC_9782457_640x480.jpg,train,benign,106,94.0,31978,0.0,-1,0
train_set/benign/ISIC_9783959_640x480.jpg,train,benign,6643,88.0,31984,2.0,-1,0
train_set/benign/ISIC_9785687_640x480.jpg,train,benign,2425,76.0,31989,4.0,-1,0
train_set/benign/ISIC_9787578_640x360.jpg,train,benign,3975,94.0,31994,2.0,-1,0
train_set/benign/ISIC_9787633_640x427.jpg,train,benign,6472,72.0,31995,2.0,-1,0
train_set/benign/ISIC_9788174_640x427.jpg,train,benign,1372,82.0,31999,4.0,-1,0
train_set/benign/ISIC_9788591_640x480.jpg,train,benign,2082,88.0,32003,2.0,-1,0
train_set/benign/ISIC_9788987_640x360.jpg,train,benign,5042,82.0,32005,2.0,-1,0
train_set/benign/ISIC_9789240_640x480.jpg,train,benign,7047,82.0,32006,4.0,-1,0
train_set/benign/ISIC_9789901_640x360.jpg,train,benign,141,94.0,32008,4.0,-1,0
train_set/benign/ISIC_9794659_640x360.jpg,train,benign,2298,92.0,32023,4.0,-1,0
train_set/benign/ISIC_9795738_640x427.jpg,train,benign,9064,68.0,32027,2.0,-1,0
train_set/benign/ISIC_9796085_640x360.jpg,train,benign,9590,74.0,32029,6.0,-1,0
train_set/benign/ISIC_9796680_640x427.jpg,train,benign,8949,44.0,32031,2.0,-1,0
train_set/benign/ISIC_9797137_640x480.jpg,train,benign,6922,96.0,32033,2.0,-1,0
train_set/benign/ISIC_9797612_640x360.jpg,train,benign,6250,86.0,32035,2.0,-1,0
train_set/benign/ISIC_9799285_640x360.jpg,train,benign,3195,92.0,32039,0.0,-1,0
train_set/benign/ISIC_9799460_640x360.jpg,train,benign,7911,84.0,32040,4.0,-1,0
train_set/benign/ISIC_9799596_640x427.jpg,train,benign,8890,70.0,32041,2.0,-1,0
train_set/benign/ISIC_9803651_640x427.jpg,train,benign,7501,72.0,32049,4.0,-1,0
train_set/benign/ISIC_9805452_640x427.jpg,train,benign,1385,62.0,32054,4.0,-1,0
train_set/benign/ISIC_9805957_640x360.jpg,train,benign,24,90.0,32055,2.0,-1,0
train_set/benign/ISIC_9806553_640x427.jpg,train,benign,2598,88.0,32058,2.0,-1,0
train_set/benign/ISIC_9806554_640x480.jpg,train,benign,8921,66.0,32059,4.0,-1,0
train_set/benign/ISIC_9807077_640x360.jpg,train,benign,6384,82.0,32061,6.0,-1,0
train_set/benign/ISIC_9808161_640x427.jpg,train,benign,934,84.0,32064,4.0,-1,0
train_set/benign/ISIC_9809544_640x480.jpg,train,benign,2527,96.0,32068,0.0,-1,0
train_set/benign/ISIC_9810094_640x480.jpg,train,benign,5057,86.0,32069,2.0,-1,0
train_set/benign/ISIC_9810276_640x480.jpg,train,benign,4245,60.0,32070,2.0,-1,0
train_set/benign/ISIC_9811367_640x478.jpg,train,benign,9787,88.0,32073,2.0,-1,0
train_set/benign/ISIC_9811939_640x427.jpg,train,benign,5732,80.0,32074,0.0,-1,0
train_set/benign/ISIC_9815765_640x480.jpg,train,benign,5763,82.0,32085,2.0,-1,0
train_set/benign/ISIC_9815788_640x360.jpg,train,benign,9265,56.0,32086,8.0,-1,0
train_set/benign/ISIC_9815806_640x427.jpg,train,benign,8558,66.0,32087,2.0,-1,0
train_set/benign/ISIC_9816121_640x360.jpg,train,benign,4468,86.0,32088,2.0,-1,0
train_set/benign/ISIC_9816359_640x480.jpg,train,benign,3666,84.0,32091,0.0,-1,0
train_set/benign/ISIC_9817000_640x480.jpg,train,benign,8641,76.0,32093,2.0,-1,0
train_set/benign/ISIC_9817574_640x360.jpg,train,benign,5909,90.0,32094,6.0,-1,0
train_set/benign/ISIC_9818299_640x360.jpg,train,benign,215,86.0,32095,6.0,-1,0
train_set/benign/ISIC_9819223_640x480.jpg,train,benign,24,82.0,32098,4.0,-1,0
train_set/benign/ISIC_9820256_640x480.jpg,train,benign,9161,84.0,32099,2.0,-1,0
train_set/benign/ISIC_9823318_640x360.jpg,train,benign,9353,84.0,32114,4.0,-1,0
train_set/benign/ISIC_9823606_640x427.jpg,train,benign,315,90.0,32115,2.0,-1,0
train_set/benign/ISIC_9823873_640x427.jpg,train,benign,6734,76.0,32116,2.0,-1,0
train_set/benign/ISIC_9824211_640x427.jpg,train,benign,1245,70.0,32118,4.0,-1,0
train_set/benign/ISIC_9824325_640x360.jpg,train,benign,3180,88.0,32119,2.0,-1,0
train_set/benign/ISIC_9826482_640x480.jpg,train,benign,7911,88.0,32130,0.0,-1,0
train_set/benign/ISIC_9826904_640x360.jpg,train,benign,8249,72.0,32132,2.0,-1,0
train_set/benign/ISIC_9828451_640x360.jpg,train,benign,3379,90.0,32139,4.0,-1,0
train_set/benign/ISIC_9829781_640x478.jpg,train,benign,6871,72.0,32150,4.0,-1,0
train_set/benign/ISIC_9829805_640x427.jpg,train,benign,7531,86.0,32151,2.0,-1,0
train_set/benign/ISIC_9833353_640x480.jpg,train,benign,5697,84.0,32157,2.0,-1,0
train_set/benign/ISIC_9834467_640x360.jpg,train,benign,1852,88.0,32162,2.0,-1,0
train_set/benign/ISIC_9834469_640x360.jpg,train,benign,8874,88.0,32163,2.0,-1,0
train_set/benign/ISIC_9839867_640x480.jpg,train,benign,1321,84.0,32180,0.0,-1,0
train_set/benign/ISIC_9841563_640x360.jpg,train,benign,2218,92.0,32183,4.0,-1,0
train_set/benign/ISIC_9842054_640x480.jpg,train,benign,9447,50.0,32186,4.0,-1,0
train_set/benign/ISIC_9844010_640x360.jpg,train,benign,8493,86.0,32192,2.0,-1,0
train_set/benign/ISIC_9844413_640x360.jpg,train,benign,6437,78.0,32194,2.0,-1,0
train_set/benign/ISIC_9845258_640x360.jpg,train,benign,5574,74.0,32196,6.0,-1,0
train_set/benign/ISIC_9845412_640x427.jpg,train,benign,769,92.0,32197,6.0,-1,0
train_set/benign/ISIC_9846324_640x427.jpg,train,benign,4734,90.0,32199,2.0,-1,0
train_set/benign/ISIC_9847428_640x427.jpg,train,benign,144,76.0,23718,2.0,-1,0
train_set/benign/ISIC_9848953_640x427.jpg,train,benign,1644,56.0,32208,0.0,-1,0
train_set/benign/ISIC_9851717_640x360.jpg,train,benign,7157,82.0,32213,4.0,-1,0
train_set/benign/ISIC_9854454_640x427.jpg,train,benign,6170,76.0,32224,4.0,-1,0
train_set/benign/ISIC_9855682_640x427.jpg,train,benign,8839,62.0,32228,2.0,-1,0
train_set/benign/ISIC_9855719_640x360.jpg,train,benign,3457,88.0,32229,6.0,-1,0
train_set/benign/ISIC_9856321_640x360.jpg,train,benign,5872,82.0,32233,8.0,-1,0
train_set/benign/ISIC_9860895_640x427.jpg,train,benign,1303,76.0,32245,0.0,-1,0
train_set/benign/ISIC_9861364_640x360.jpg,train,benign,1012,90.0,32247,6.0,-1,0
train_set/benign/ISIC_9861391_640x360.jpg,train,benign,1260,68.0,32248,2.0,-1,0
train_set/benign/ISIC_9862537_640x480.jpg,train,benign,9373,86.0,32252,0.0,-1,0
train_set/benign/ISIC_9863995_640x480.jpg,train,benign,9165,88.0,32259,2.0,-1,0
train_set/benign/ISIC_9865913_640x427.jpg,train,benign,7444,78.0,32265,4.0,-1,0
train_set/benign/ISIC_9866375_640x427.jpg,train,benign,9091,76.0,32267,4.0,-1,0
train_set/benign/ISIC_9867744_640x425.jpg,train,benign,912,96.0,32272,0.0,-1,0
train_set/benign/ISIC_9870722_640x427.jpg,train,benign,3301,84.0,32283,0.0,-1,0
train_set/benign/ISIC_9872410_640x360.jpg,train,benign,4113,86.0,32289,4.0,-1,0
train_set/benign/ISIC_9874505_640x360.jpg,train,benign,1919,86.0,32294,2.0,-1,0
train_set/benign/ISIC_9878809_640x425.jpg,train,benign,4080,94.0,32306,2.0,-1,0
train_set/benign/ISIC_9879041_640x427.jpg,train,benign,6767,72.0,32307,0.0,-1,0
train_set/benign/ISIC_9879693_640x427.jpg,train,benign,7545,62.0,32309,0.0,-1,0
train_set/benign/ISIC_9879723_640x427.jpg,train,benign,1211,72.0,32310,2.0,-1,0
train_set/benign/ISIC_9880258_640x360.jpg,train,benign,206,80.0,32313,2.0,-1,0
train_set/benign/ISIC_9880854_640x360.jpg,train,benign,2250,84.0,32317,2.0,-1,0
train_set/benign/ISIC_9882407_640x360.jpg,train,benign,4997,78.0,32319,6.0,-1,0
train_set/benign/ISIC_9882759_640x425.jpg,train,benign,7053,72.0,32321,0.0,-1,0
train_set/benign/ISIC_9883092_640x427.jpg,train,benign,9447,70.0,32322,4.0,-1,0
train_set/benign/ISIC_9884999_640x360.jpg,train,benign,9522,92.0,32328,6.0,-1,0
train_set/benign/ISIC_9886540_640x360.jpg,train,benign,436,82.0,32334,2.0,-1,0
train_set/benign/ISIC_9887341_640x427.jpg,train,benign,6959,70.0,32339,6.0,-1,0
train_set/benign/ISIC_9888213_640x360.jpg,train,benign,2150,82.0,32342,0.0,-1,0
train_set/benign/ISIC_9889687_640x480.jpg,train,benign,8737,56.0,32351,0.0,-1,0
train_set/benign/ISIC_9891650_640x427.jpg,train,benign,4333,78.0,32356,4.0,-1,0
train_set/benign/ISIC_9893956_640x427.jpg,train,benign,8949,50.0,32368,2.0,-1,0
train_set/benign/ISIC_9899140_640x427.jpg,train,benign,1035,92.0,32384,2.0,-1,0
train_set/benign/ISIC_9900623_640x360.jpg,train,benign,2632,90.0,32390,6.0,-1,0
train_set/benign/ISIC_9901014_640x480.jpg,train,benign,283,94.0,32392,0.0,-1,0
train_set/benign/ISIC_9904494_640x427.jpg,train,benign,7912,62.0,32399,2.0,-1,0
train_set/benign/ISIC_9905269_640x480.jpg,train,benign,537,84.0,32400,4.0,-1,0
train_set/benign/ISIC_9906378_640x427.jpg,train,benign,7728,80.0,32403,2.0,-1,0
train_set/benign/ISIC_9906657_640x360.jpg,train,benign,2301,90.0,32404,4.0,-1,0
train_set/benign/ISIC_9907084_640x480.jpg,train,benign,3799,90.0,32406,2.0,-1,0
train_set/benign/ISIC_9907938_640x427.jpg,train,benign,6694,80.0,32409,2.0,-1,0
train_set/benign/ISIC_9908982_640x427.jpg,train,benign,8079,84.0,32410,2.0,-1,0
train_set/benign/ISIC_9918523_640x427.jpg,train,benign,7831,84.0,32441,2.0,-1,0
train_set/benign/ISIC_9918584_640x427.jpg,train,benign,9038,74.0,32443,6.0,-1,0
train_set/benign/ISIC_9918598_640x360.jpg,train,benign,138,90.0,32444,4.0,-1,0
train_set/benign/ISIC_9918806_640x360.jpg,train,benign,6600,82.0,32445,2.0,-1,0
train_set/benign/ISIC_9921461_640x360.jpg,train,benign,6580,80.0,32452,2.0,-1,0
train_set/benign/ISIC_9921831_640x427.jpg,train,benign,7181,70.0,32455,4.0,-1,0
train_set/benign/ISIC_9922133_640x360.jpg,train,benign,4243,86.0,32456,4.0,-1,0
train_set/benign/ISIC_9922430_640x427.jpg,train,benign,3405,90.0,32457,0.0,-1,0
train_set/benign/ISIC_9925786_640x427.jpg,train,benign,2447,64.0,32466,2.0,-1,0
train_set/benign/ISIC_9925849_640x427.jpg,train,benign,2368,92.0,32467,2.0,-1,0
train_set/benign/ISIC_9926931_640x427.jpg,train,benign,27,86.0,32470,2.0,-1,0
train_set/benign/ISIC_9927102_640x480.jpg,train,benign,3036,92.0,32472,0.0,-1,0
train_set/benign/ISIC_9928421_640x427.jpg,train,benign,1285,68.0,32476,2.0,-1,0
train_set/benign/ISIC_9929097_640x427.jpg,train,benign,6662,84.0,32478,2.0,-1,0
train_set/benign/ISIC_9931592_640x480.jpg,train,benign,8836,80.0,32482,4.0,-1,0
train_set/benign/ISIC_9933282_640x427.jpg,train,benign,7356,56.0,6288,0.0,-1,0
train_set/benign/ISIC_9933406_640x480.jpg,train,benign,8921,76.0,32487,0.0,-1,0
train_set/benign/ISIC_9934401_640x427.jpg,train,benign,7277,76.0,32491,2.0,-1,0
train_set/benign/ISIC_9934553_640x360.jpg,train,benign,6067,92.0,32492,8.0,-1,0
train_set/benign/ISIC_9938103_640x360.jpg,train,benign,1329,72.0,32501,6.0,-1,0
train_set/benign/ISIC_9938191_640x427.jpg,train,benign,376,62.0,32502,2.0,-1,0
train_set/benign/ISIC_9940466_640x427.jpg,train,benign,9152,80.0,32508,2.0,-1,0
train_set/benign/ISIC_9940802_640x427.jpg,train,benign,1276,44.0,32509,0.0,-1,0
train_set/benign/ISIC_9940867_640x427.jpg,train,benign,2173,90.0,32510,2.0,-1,0
train_set/benign/ISIC_9941161_640x427.jpg,train,benign,9620,70.0,32511,2.0,-1,0
train_set/benign/ISIC_9944931_640x427.jpg,train,benign,9174,88.0,32520,0.0,-1,0
train_set/benign/ISIC_9945620_640x427.jpg,train,benign,8949,60.0,32522,2.0,-1,0
train_set/benign/ISIC_9946702_640x480.jpg,train,benign,9036,88.0,32526,2.0,-1,0
train_set/benign/ISIC_9947197_640x427.jpg,train,benign,7020,66.0,32528,4.0,-1,0
train_set/benign/ISIC_9951949_640x480.jpg,train,benign,8910,84.0,32537,0.0,-1,0
train_set/benign/ISIC_9952872_640x360.jpg,train,benign,8767,76.0,32539,4.0,-1,0
train_set/benign/ISIC_9954010_640x360.jpg,train,benign,6851,76.0,32540,2.0,-1,0
train_set/benign/ISIC_9956957_640x360.jpg,train,benign,8585,78.0,32554,4.0,-1,0
train_set/benign/ISIC_9957107_640x427.jpg,train,benign,5207,90.0,32555,2.0,-1,0
train_set/benign/ISIC_9958062_640x480.jpg,train,benign,2344,80.0,32559,2.0,-1,0
train_set/benign/ISIC_9959011_640x360.jpg,train,benign,650,90.0,32562,4.0,-1,0
train_set/benign/ISIC_9959813_640x425.jpg,train,benign,773,82.0,32564,0.0,-1,0
train_set/benign/ISIC_9960804_640x425.jpg,train,benign,1295,86.0,32568,2.0,-1,0
train_set/benign/ISIC_9960855_640x360.jpg,train,benign,4124,76.0,32569,8.0,-1,0
train_set/benign/ISIC_9963967_640x360.jpg,train,benign,3070,90.0,32578,6.0,-1,0
train_set/benign/ISIC_9970004_640x360.jpg,train,benign,4851,92.0,32597,4.0,-1,0
train_set/benign/ISIC_9974860_640x360.jpg,train,benign,5385,90.0,32613,2.0,-1,0
train_set/benign/ISIC_9975260_640x360.jpg,train,benign,3331,76.0,32615,2.0,-1,0
train_set/benign/ISIC_9977672_640x427.jpg,train,benign,2449,70.0,32623,2.0,-1,0
train_set/benign/ISIC_9980854_640x427.jpg,train,benign,605,86.0,32636,4.0,-1,0
train_set/benign/ISIC_9981558_640x360.jpg,train,benign,3125,64.0,32639,4.0,-1,0
train_set/benign/ISIC_9982623_640x480.jpg,train,benign,7231,80.0,32643,2.0,-1,0
train_set/benign/ISIC_9983657_640x427.jpg,train,benign,5024,84.0,32646,4.0,-1,0
train_set/benign/ISIC_9983696_640x360.jpg,train,benign,4890,82.0,32647,2.0,-1,0
train_set/benign/ISIC_9998240_640x427.jpg,train,benign,8753,80.0,32690,2.0,-1,0
train_set/benign/ISIC_9998965_640x427.jpg,train,benign,991,94.0,32694,4.0,-1,0
train_set/benign/ISIC_9999515_640x360.jpg,train,benign,8893,86.0,32698,6.0,-1,0
train_set/benign/ISIC_9999666_640x360.jpg,train,benign,8775,62.0,32699,4.0,-1,0
train_set/malignant/ISIC_0030798_640x480.jpg,train,malignant,1296,0.0,1021,88.0,1,-1
train_set/malignant/ISIC_0030818_640x480.jpg,train,malignant,1328,6.0,16430,74.0,1,-1
train_set/malignant/ISIC_0030824_640x480.jpg,train,malignant,1427,2.0,31237,78.0,1,-1
train_set/malignant/ISIC_0030828_640x480.jpg,train,malignant,1469,0.0,4061,62.0,1,-1
train_set/malignant/ISIC_0030843_640x480.jpg,train,malignant,2118,2.0,4241,70.0,1,-1
train_set/malignant/ISIC_0030883_640x480.jpg,train,malignant,1820,2.0,13981,88.0,1,-1
train_set/malignant/ISIC_0030898_640x480.jpg,train,malignant,1303,2.0,6741,72.0,1,-1
train_set/malignant/ISIC_0030901_640x480.jpg,train,malignant,2261,2.0,3838,88.0,1,-1
train_set/malignant/ISIC_0030910_640x480.jpg,train,malignant,2136,2.0,13929,86.0,1,-1
train_set/malignant/ISIC_0030925_640x480.jpg,train,malignant,2274,0.0,4829,86.0,1,-1
train_set/malignant/ISIC_0030929_640x480.jpg,train,malignant,2304,0.0,7217,84.0,1,-1
train_set/malignant/ISIC_0030932_640x480.jpg,train,malignant,2031,2.0,5633,78.0,1,-1
train_set/malignant/ISIC_0030950_640x480.jpg,train,malignant,2166,2.0,9152,86.0,1,-1
train_set/malignant/ISIC_0030951_640x480.jpg,train,malignant,2283,0.0,5374,84.0,1,-1
train_set/malignant/ISIC_0030970_640x480.jpg,train,malignant,1995,0.0,8908,84.0,1,-1
train_set/malignant/ISIC_0030995_640x480.jpg,train,malignant,2262,2.0,23592,86.0,1,-1
train_set/malignant/ISIC_0031005_640x480.jpg,train,malignant,2245,2.0,19024,84.0,1,-1
train_set/malignant/ISIC_0031013_640x480.jpg,train,malignant,1439,2.0,2355,86.0,1,-1
train_set/malignant/ISIC_0031023_640x480.jpg,train,malignant,1214,0.0,23774,82.0,1,-1
train_set/malignant/ISIC_0031025_640x480.jpg,train,malignant,2282,0.0,26918,72.0,1,-1
train_set/malignant/ISIC_0031034_640x480.jpg,train,malignant,1976,2.0,13300,60.0,1,-1
train_set/malignant/ISIC_0031077_640x480.jpg,train,malignant,2017,2.0,18752,96.0,1,-1
train_set/malignant/ISIC_0031087_640x480.jpg,train,malignant,2287,2.0,670,88.0,1,-1
train_set/malignant/ISIC_0031118_640x480.jpg,train,malignant,1251,2.0,3151,78.0,1,-1
train_set/malignant/ISIC_0031146_640x480.jpg,train,malignant,2106,2.0,20601,78.0,1,-1
train_set/malignant/ISIC_0031170_640x480.jpg,train,malignant,2152,0.0,4428,80.0,1,-1
train_set/malignant/ISIC_0031177_640x480.jpg,train,malignant,1216,0.0,1291,90.0,1,-1
train_set/malignant/ISIC_0031186_640x480.jpg,train,malignant,1923,4.0,19204,82.0,1,-1
train_set/malignant/ISIC_0031189_640x480.jpg,train,malignant,1377,2.0,6431,74.0,1,-1
train_set/malignant/ISIC_0031203_640x480.jpg,train,malignant,2185,2.0,13908,80.0,1,-1
train_set/malignant/ISIC_0031208_640x480.jpg,train,malignant,1934,2.0,21337,82.0,1,-1
train_set/malignant/ISIC_0031233_640x480.jpg,train,malignant,1916,2.0,12131,90.0,1,-1
train_set/malignant/ISIC_0031239_640x480.jpg,train,malignant,2111,2.0,18983,90.0,1,-1
train_set/malignant/ISIC_0031295_640x480.jpg,train,malignant,2294,2.0,16315,84.0,1,-1
train_set/malignant/ISIC_0031303_640x480.jpg,train,malignant,2285,2.0,29383,84.0,1,-1
train_set/malignant/ISIC_0031310_640x480.jpg,train,malignant,1430,0.0,23634,84.0,1,-1
train_set/malignant/ISIC_0031339_640x480.jpg,train,malignant,2143,0.0,24857,82.0,1,-1
train_set/malignant/ISIC_0031350_640x480.jpg,train,malignant,2195,0.0,15781,72.0,1,-1
train_set/malignant/ISIC_0031368_640x480.jpg,train,malignant,2263,2.0,14024,82.0,1,-1
train_set/malignant/ISIC_0031369_640x480.jpg,train,malignant,1321,2.0,510,70.0,1,-1
train_set/malignant/ISIC_0031377_640x480.jpg,train,malignant,2278,0.0,2629,76.0,1,-1
train_set/malignant/ISIC_0031386_640x480.jpg,train,malignant,2023,4.0,1979,86.0,1,-1
train_set/malignant/ISIC_0031389_640x480.jpg,train,malignant,2273,2.0,5687,76.0,1,-1
train_set/malignant/ISIC_0031401_640x480.jpg,train,malignant,2189,2.0,30040,88.0,1,-1
train_set/malignant/ISIC_0031406_640x480.jpg,train,malignant,1254,0.0,16218,70.0,1,-1
train_set/malignant/ISIC_0031408_640x480.jpg,train,malignant,1971,2.0,2714,88.0,1,-1
train_set/malignant/ISIC_0031410_640x480.jpg,train,malignant,2215,0.0,23342,92.0,1,-1
train_set/malignant/ISIC_0031417_640x480.jpg,train,malignant,2179,0.0,31954,64.0,1,-1
train_set/malignant/ISIC_0031479_640x480.jpg,train,malignant,1777,2.0,6352,90.0,1,-1
train_set/malignant/ISIC_0031494_640x480.jpg,train,malignant,2085,2.0,26378,82.0,1,-1
train_set/malignant/ISIC_0031498_640x480.jpg,train,malignant,2255,2.0,10192,78.0,1,-1
train_set/malignant/ISIC_0031499_640x480.jpg,train,malignant,1224,0.0,29564,84.0,1,-1
train_set/malignant/ISIC_0031517_640x480.jpg,train,malignant,1348,2.0,15183,82.0,1,-1
train_set/malignant/ISIC_0031529_640x480.jpg,train,malignant,2116,2.0,8945,72.0,1,-1
train_set/malignant/ISIC_0031543_640x480.jpg,train,malignant,2035,0.0,1896,92.0,1,-1
train_set/malignant/ISIC_0031545_640x480.jpg,train,malignant,1384,0.0,571,82.0,1,-1
train_set/malignant/ISIC_0031550_640x480.jpg,train,malignant,2174,0.0,8151,76.0,1,-1
train_set/malignant/ISIC_0031554_640x480.jpg,train,malignant,1944,2.0,19681,90.0,1,-1
train_set/malignant/ISIC_0031557_640x480.jpg,train,malignant,1301,2.0,2277,82.0,1,-1
train_set/malignant/ISIC_0031561_640x480.jpg,train,malignant,2213,0.0,30985,86.0,1,-1
train_set/malignant/ISIC_0031565_640x480.jpg,train,malignant,2024,2.0,9882,76.0,1,-1
train_set/malignant/ISIC_0031586_640x480.jpg,train,malignant,1340,2.0,19717,80.0,1,-1
train_set/malignant/ISIC_0031598_640x480.jpg,train,malignant,1362,2.0,6526,54.0,1,-1
train_set/malignant/ISIC_0031642_640x480.jpg,train,malignant,1261,2.0,19605,80.0,1,-1
train_set/malignant/ISIC_0031666_640x480.jpg,train,malignant,1978,2.0,5551,92.0,1,-1
train_set/malignant/ISIC_0031670_640x480.jpg,train,malignant,2142,0.0,6712,92.0,1,-1
train_set/malignant/ISIC_0031709_640x480.jpg,train,malignant,1726,4.0,22845,80.0,1,-1
train_set/malignant/ISIC_0031711_640x480.jpg,train,malignant,1266,0.0,19417,78.0,1,-1
train_set/malignant/ISIC_0031718_640x480.jpg,train,malignant,2029,2.0,12934,80.0,1,-1
train_set/malignant/ISIC_0031741_640x480.jpg,train,malignant,1889,2.0,2644,82.0,1,-1
train_set/malignant/ISIC_0031745_640x480.jpg,train,malignant,1339,2.0,28419,66.0,1,-1
train_set/malignant/ISIC_0031746_640x480.jpg,train,malignant,2312,0.0,28458,78.0,1,-1
train_set/malignant/ISIC_0031778_640x480.jpg,train,malignant,2277,4.0,25806,82.0,1,-1
train_set/malignant/ISIC_0031779_640x480.jpg,train,malignant,1337,4.0,1096,88.0,1,-1
train_set/malignant/ISIC_0031784_640x480.jpg,train,malignant,1877,2.0,4659,78.0,1,-1
train_set/malignant/ISIC_0031795_640x480.jpg,train,malignant,1970,2.0,10773,94.0,1,-1
train_set/malignant/ISIC_0031821_640x480.jpg,train,malignant,2234,0.0,22017,46.0,1,-1
train_set/malignant/ISIC_0031844_640x480.jpg,train,malignant,2317,4.0,29949,80.0,1,-1
train_set/malignant/ISIC_0031890_640x480.jpg,train,malignant,1383,2.0,20897,76.0,1,-1
train_set/malignant/ISIC_0031900_640x480.jpg,train,malignant,2264,0.0,7898,86.0,1,-1
train_set/malignant/ISIC_0031908_640x480.jpg,train,malignant,2160,2.0,794,82.0,1,-1
train_set/malignant/ISIC_0031915_640x480.jpg,train,malignant,2131,0.0,23825,84.0,1,-1
train_set/malignant/ISIC_0031931_640x480.jpg,train,malignant,2224,0.0,18499,84.0,1,-1
train_set/malignant/ISIC_0031941_640x480.jpg,train,malignant,1326,2.0,12291,90.0,1,-1
train_set/malignant/ISIC_0031953_640x480.jpg,train,malignant,1253,2.0,5578,72.0,1,-1
train_set/malignant/ISIC_0031957_640x480.jpg,train,malignant,2284,0.0,3780,82.0,1,-1
train_set/malignant/ISIC_0031958_640x480.jpg,train,malignant,1352,0.0,11471,84.0,1,-1
train_set/malignant/ISIC_0031972_640x480.jpg,train,malignant,1341,2.0,15630,84.0,1,-1
train_set/malignant/ISIC_0031977_640x480.jpg,train,malignant,1343,6.0,1779,84.0,1,-1
train_set/malignant/ISIC_0031999_640x480.jpg,train,malignant,2018,2.0,30057,60.0,1,-1
train_set/malignant/ISIC_0032017_640x480.jpg,train,malignant,1509,2.0,3296,86.0,1,-1
train_set/malignant/ISIC_0032019_640x480.jpg,train,malignant,1299,0.0,17622,76.0,1,-1
train_set/malignant/ISIC_0032036_640x480.jpg,train,malignant,2033,2.0,2937,88.0,1,-1
train_set/malignant/ISIC_0032044_640x480.jpg,train,malignant,1309,2.0,2594,86.0,1,-1
train_set/malignant/ISIC_0032046_640x480.jpg,train,malignant,1316,0.0,3812,70.0,1,-1
train_set/malignant/ISIC_0032070_640x480.jpg,train,malignant,2096,2.0,23739,90.0,1,-1
train_set/malignant/ISIC_0032072_640x480.jpg,train,malignant,1631,2.0,31508,80.0,1,-1
train_set/malignant/ISIC_0032079_640x480.jpg,train,malignant,1259,4.0,5893,78.0,1,-1
train_set/malignant/ISIC_0032081_640x480.jpg,train,malignant,1707,2.0,6638,90.0,1,-1
train_set/malignant/ISIC_0032095_640x480.jpg,train,malignant,2232,2.0,19180,74.0,1,-1
train_set/malignant/ISIC_0032098_640x480.jpg,train,malignant,1306,0.0,16911,84.0,1,-1
train_set/malignant/ISIC_0032110_640x480.jpg,train,malignant,1959,0.0,6557,88.0,1,-1
train_set/malignant/ISIC_0032134_640x480.jpg,train,malignant,1986,2.0,22696,88.0,1,-1
train_set/malignant/ISIC_0032149_640x480.jpg,train,malignant,2220,2.0,1911,90.0,1,-1
train_set/malignant/ISIC_0032152_640x480.jpg,train,malignant,1896,0.0,8936,80.0,1,-1
train_set/malignant/ISIC_0032182_640x480.jpg,train,malignant,1407,0.0,24482,86.0,1,-1
train_set/malignant/ISIC_0032187_640x480.jpg,train,malignant,1517,2.0,1697,84.0,1,-1
train_set/malignant/ISIC_0032190_640x480.jpg,train,malignant,1378,2.0,23488,86.0,1,-1
train_set/malignant/ISIC_0032192_640x480.jpg,train,malignant,2125,0.0,11336,86.0,1,-1
train_set/malignant/ISIC_0032197_640x480.jpg,train,malignant,1982,2.0,31220,90.0,1,-1
train_set/malignant/ISIC_0032204_640x480.jpg,train,malignant,2231,4.0,2644,70.0,1,-1
train_set/malignant/ISIC_0032207_640x480.jpg,train,malignant,2219,4.0,12251,68.0,1,-1
train_set/malignant/ISIC_0032214_640x480.jpg,train,malignant,1244,0.0,11307,88.0,1,-1
train_set/malignant/ISIC_0032219_640x480.jpg,train,malignant,2093,2.0,1481,88.0,1,-1
train_set/malignant/ISIC_0032220_640x480.jpg,train,malignant,1373,2.0,31881,64.0,1,-1
train_set/malignant/ISIC_0032232_640x480.jpg,train,malignant,2244,2.0,26838,64.0,1,-1
train_set/malignant/ISIC_0032244_640x480.jpg,train,malignant,1304,0.0,26099,82.0,1,-1
train_set/malignant/ISIC_0032245_640x480.jpg,train,malignant,2020,2.0,15918,86.0,1,-1
train_set/malignant/ISIC_0032248_640x480.jpg,train,malignant,1228,2.0,14382,88.0,1,-1
train_set/malignant/ISIC_0032258_640x480.jpg,train,malignant,10014,2.0,13609,68.0,1,-1
train_set/malignant/ISIC_0032265_640x480.jpg,train,malignant,1291,2.0,17298,88.0,1,-1
train_set/malignant/ISIC_0032269_640x480.jpg,train,malignant,2194,2.0,10064,88.0,1,-1
train_set/malignant/ISIC_0032287_640x480.jpg,train,malignant,2259,4.0,25123,48.0,1,-1
train_set/malignant/ISIC_0032308_640x480.jpg,train,malignant,1292,2.0,9568,84.0,1,-1
train_set/malignant/ISIC_0032313_640x480.jpg,train,malignant,1286,2.0,18029,76.0,1,-1
train_set/malignant/ISIC_0032331_640x480.jpg,train,malignant,1273,2.0,21698,70.0,1,-1
train_set/malignant/ISIC_0032372_640x480.jpg,train,malignant,2128,2.0,27705,76.0,1,-1
train_set/malignant/ISIC_0032389_640x480.jpg,train,malignant,2310,2.0,9925,84.0,1,-1
train_set/malignant/ISIC_0032396_640x480.jpg,train,malignant,1222,0.0,5289,88.0,1,-1
train_set/malignant/ISIC_0032400_640x480.jpg,train,malignant,1274,0.0,1665,66.0,1,-1
train_set/malignant/ISIC_0032408_640x480.jpg,train,malignant,1431,0.0,7712,88.0,1,-1
train_set/malignant/ISIC_0032420_640x480.jpg,train,malignant,2072,0.0,23787,82.0,1,-1
train_set/malignant/ISIC_0032424_640x480.jpg,train,malignant,1941,0.0,22945,88.0,1,-1
train_set/malignant/ISIC_0032425_640x480.jpg,train,malignant,2079,2.0,24239,86.0,1,-1
train_set/malignant/ISIC_0032430_640x480.jpg,train,malignant,2145,4.0,2146,84.0,1,-1
train_set/malignant/ISIC_0032433_640x480.jpg,train,malignant,2222,6.0,24544,84.0,1,-1
train_set/malignant/ISIC_0032441_640x480.jpg,train,malignant,1441,0.0,434,72.0,1,-1
train_set/malignant/ISIC_0032447_640x480.jpg,train,malignant,1512,2.0,2678,84.0,1,-1
train_set/malignant/ISIC_0032450_640x480.jpg,train,malignant,1314,0.0,2482,88.0,1,-1
train_set/malignant/ISIC_0032462_640x480.jpg,train,malignant,1773,2.0,29790,82.0,1,-1
train_set/malignant/ISIC_0032466_640x480.jpg,train,malignant,1948,2.0,32545,82.0,1,-1
train_set/malignant/ISIC_0032476_640x480.jpg,train,malignant,2151,2.0,2711,74.0,1,-1
train_set/malignant/ISIC_0032504_640x480.jpg,train,malignant,2156,2.0,12201,88.0,1,-1
train_set/malignant/ISIC_0032509_640x480.jpg,train,malignant,1825,4.0,6282,68.0,1,-1
train_set/malignant/ISIC_0032511_640x480.jpg,train,malignant,1635,2.0,25206,88.0,1,-1
train_set/malignant/ISIC_0032517_640x480.jpg,train,malignant,1727,0.0,2386,76.0,1,-1
train_set/malignant/ISIC_0032522_640x480.jpg,train,malignant,1609,0.0,9968,88.0,1,-1
train_set/malignant/ISIC_0032526_640x480.jpg,train,malignant,1780,2.0,25739,78.0,1,-1
train_set/malignant/ISIC_0032531_640x480.jpg,train,malignant,1764,2.0,1919,88.0,1,-1
train_set/malignant/ISIC_0032532_640x480.jpg,train,malignant,1481,0.0,22966,84.0,1,-1
train_set/malignant/ISIC_0032533_640x480.jpg,train,malignant,1627,0.0,19096,70.0,1,-1
train_set/malignant/ISIC_0032535_640x480.jpg,train,malignant,1705,0.0,9957,86.0,1,-1
train_set/malignant/ISIC_0032537_640x480.jpg,train,malignant,1582,2.0,7656,74.0,1,-1
train_set/malignant/ISIC_0032544_640x480.jpg,train,malignant,1602,0.0,14482,78.0,1,-1
train_set/malignant/ISIC_0032547_640x480.jpg,train,malignant,1687,2.0,766,86.0,1,-1
train_set/malignant/ISIC_0032550_640x480.jpg,train,malignant,1486,4.0,8368,74.0,1,-1
train_set/malignant/ISIC_0032552_640x480.jpg,train,malignant,1787,2.0,9446,76.0,1,-1
train_set/malignant/ISIC_0032559_640x480.jpg,train,malignant,1902,0.0,2644,74.0,1,-1
train_set/malignant/ISIC_0032564_640x480.jpg,train,malignant,1535,2.0,16859,86.0,1,-1
train_set/malignant/ISIC_0032569_640x480.jpg,train,malignant,1560,4.0,27356,82.0,1,-1
train_set/malignant/ISIC_0032583_640x480.jpg,train,malignant,1515,0.0,5585,74.0,1,-1
train_set/malignant/ISIC_0032586_640x480.jpg,train,malignant,1585,0.0,23197,86.0,1,-1
train_set/malignant/ISIC_0032592_640x480.jpg,train,malignant,1834,2.0,4808,88.0,1,-1
train_set/malignant/ISIC_0032596_640x480.jpg,train,malignant,1715,4.0,6960,80.0,1,-1
train_set/malignant/ISIC_0032597_640x480.jpg,train,malignant,1799,2.0,25412,90.0,1,-1
train_set/malignant/ISIC_0032598_640x480.jpg,train,malignant,1624,0.0,20758,80.0,1,-1
train_set/malignant/ISIC_0032602_640x480.jpg,train,malignant,1567,2.0,8099,86.0,1,-1
train_set/malignant/ISIC_0032603_640x480.jpg,train,malignant,1644,2.0,1801,56.0,1,-1
train_set/malignant/ISIC_0032604_640x480.jpg,train,malignant,1489,2.0,4526,86.0,1,-1
train_set/malignant/ISIC_0032610_640x480.jpg,train,malignant,1737,0.0,9834,66.0,1,-1
train_set/malignant/ISIC_0032617_640x480.jpg,train,malignant,1682,0.0,3931,84.0,1,-1
train_set/malignant/ISIC_0032622_640x480.jpg,train,malignant,1661,0.0,27504,76.0,1,-1
train_set/malignant/ISIC_0032624_640x480.jpg,train,malignant,1782,4.0,26415,74.0,1,-1
train_set/malignant/ISIC_0032626_640x480.jpg,train,malignant,1855,2.0,15050,84.0,1,-1
train_set/malignant/ISIC_0032629_640x480.jpg,train,malignant,1497,2.0,22127,80.0,1,-1
train_set/malignant/ISIC_0032630_640x480.jpg,train,malignant,1831,0.0,24251,82.0,1,-1
train_set/malignant/ISIC_0032637_640x480.jpg,train,malignant,1551,0.0,11643,86.0,1,-1
train_set/malignant/ISIC_0032638_640x480.jpg,train,malignant,1643,0.0,8908,84.0,1,-1
train_set/malignant/ISIC_0032645_640x480.jpg,train,malignant,1875,2.0,3245,86.0,1,-1
train_set/malignant/ISIC_0032653_640x480.jpg,train,malignant,1802,4.0,3920,80.0,1,-1
train_set/malignant/ISIC_0032656_640x480.jpg,train,malignant,1833,2.0,17280,88.0,1,-1
train_set/malignant/ISIC_0032662_640x480.jpg,train,malignant,1525,2.0,3970,72.0,1,-1
train_set/malignant/ISIC_0032672_640x480.jpg,train,malignant,1842,0.0,12801,78.0,1,-1
train_set/malignant/ISIC_0032684_640x480.jpg,train,malignant,1728,2.0,12229,76.0,1,-1
train_set/malignant/ISIC_0032685_640x480.jpg,train,malignant,1548,0.0,5491,84.0,1,-1
train_set/malignant/ISIC_0032687_640x480.jpg,train,malignant,1838,2.0,28921,84.0,1,-1
train_set/malignant/ISIC_0032690_640x480.jpg,train,malignant,1870,2.0,32345,84.0,1,-1
train_set/malignant/ISIC_0032695_640x480.jpg,train,malignant,1749,0.0,15074,84.0,1,-1
train_set/malignant/ISIC_0032698_640x480.jpg,train,malignant,1812,0.0,2106,78.0,1,-1
train_set/malignant/ISIC_0032699_640x480.jpg,train,malignant,1659,0.0,5301,78.0,1,-1
train_set/malignant/ISIC_0032709_640x480.jpg,train,malignant,1804,2.0,3499,84.0,1,-1
train_set/malignant/ISIC_0032716_640x480.jpg,train,malignant,1672,0.0,20700,76.0,1,-1
train_set/malignant/ISIC_0032718_640x480.jpg,train,malignant,1618,0.0,9644,86.0,1,-1
train_set/malignant/ISIC_0032722_640x480.jpg,train,malignant,1529,0.0,6903,84.0,1,-1
train_set/malignant/ISIC_0032723_640x480.jpg,train,malignant,1797,0.0,9938,76.0,1,-1
train_set/malignant/ISIC_0032724_640x480.jpg,train,malignant,1568,0.0,11846,78.0,1,-1
train_set/malignant/ISIC_0032726_640x480.jpg,train,malignant,1616,2.0,18264,86.0,1,-1
train_set/malignant/ISIC_0032730_640x480.jpg,train,malignant,1803,0.0,16211,90.0,1,-1
train_set/malignant/ISIC_0032733_640x480.jpg,train,malignant,1533,2.0,6130,86.0,1,-1
train_set/malignant/ISIC_0032736_640x480.jpg,train,malignant,1619,2.0,2725,86.0,1,-1
train_set/malignant/ISIC_0032750_640x480.jpg,train,malignant,1475,2.0,16589,82.0,1,-1
train_set/malignant/ISIC_0032751_640x480.jpg,train,malignant,1798,0.0,4133,84.0,1,-1
train_set/malignant/ISIC_0032766_640x480.jpg,train,malignant,1761,0.0,6736,76.0,1,-1
train_set/malignant/ISIC_0032774_640x480.jpg,train,malignant,1563,2.0,1566,82.0,1,-1
train_set/malignant/ISIC_0032782_640x480.jpg,train,malignant,1608,0.0,22840,82.0,1,-1
train_set/malignant/ISIC_0032790_640x480.jpg,train,malignant,1817,2.0,23277,88.0,1,-1
train_set/malignant/ISIC_0032797_640x480.jpg,train,malignant,1714,2.0,8794,64.0,1,-1
train_set/malignant/ISIC_0032806_640x480.jpg,train,malignant,1693,4.0,5716,86.0,1,-1
train_set/malignant/ISIC_0032807_640x480.jpg,train,malignant,1874,0.0,19359,88.0,1,-1
train_set/malignant/ISIC_0032810_640x480.jpg,train,malignant,1719,0.0,13137,74.0,1,-1
train_set/malignant/ISIC_0032812_640x480.jpg,train,malignant,1647,0.0,2040,34.0,1,-1
train_set/malignant/ISIC_0032823_640x480.jpg,train,malignant,1532,0.0,10879,90.0,1,-1
train_set/malignant/ISIC_0032833_640x480.jpg,train,malignant,1502,2.0,1742,80.0,1,-1
train_set/malignant/ISIC_0032836_640x480.jpg,train,malignant,1740,2.0,837,88.0,1,-1
train_set/malignant/ISIC_0032840_640x480.jpg,train,malignant,1564,2.0,1718,78.0,1,-1
train_set/malignant/ISIC_0032841_640x480.jpg,train,malignant,1600,0.0,4055,82.0,1,-1
train_set/malignant/ISIC_0032844_640x480.jpg,train,malignant,1603,0.0,13487,74.0,1,-1
train_set/malignant/ISIC_0032845_640x480.jpg,train,malignant,1768,0.0,5201,78.0,1,-1
train_set/malignant/ISIC_0032847_640x480.jpg,train,malignant,1470,2.0,24697,80.0,1,-1
train_set/malignant/ISIC_0032856_640x480.jpg,train,malignant,1716,2.0,9078,84.0,1,-1
train_set/malignant/ISIC_0032862_640x480.jpg,train,malignant,1863,2.0,2960,84.0,1,-1
train_set/malignant/ISIC_0032869_640x480.jpg,train,malignant,1745,2.0,26367,86.0,1,-1
train_set/malignant/ISIC_0032870_640x480.jpg,train,malignant,1925,0.0,11149,88.0,1,-1
train_set/malignant/ISIC_0032872_640x480.jpg,train,malignant,1920,2.0,31921,90.0,1,-1
train_set/malignant/ISIC_0032873_640x480.jpg,train,malignant,1828,0.0,23346,88.0,1,-1
train_set/malignant/ISIC_0032875_640x480.jpg,train,malignant,1545,0.0,25051,82.0,1,-1
train_set/malignant/ISIC_0032879_640x480.jpg,train,malignant,1653,2.0,10518,92.0,1,-1
train_set/malignant/ISIC_0032887_640x480.jpg,train,malignant,1789,2.0,25746,80.0,1,-1
train_set/malignant/ISIC_0032888_640x480.jpg,train,malignant,1476,4.0,6881,86.0,1,-1
train_set/malignant/ISIC_0032892_640x480.jpg,train,malignant,1590,0.0,7247,88.0,1,-1
train_set/malignant/ISIC_0032903_640x480.jpg,train,malignant,1549,2.0,5893,74.0,1,-1
train_set/malignant/ISIC_0032913_640x480.jpg,train,malignant,1690,2.0,31082,80.0,1,-1
train_set/malignant/ISIC_0032915_640x480.jpg,train,malignant,1663,0.0,19463,88.0,1,-1
train_set/malignant/ISIC_0032917_640x480.jpg,train,malignant,1712,0.0,5716,92.0,1,-1
train_set/malignant/ISIC_0032918_640x480.jpg,train,malignant,1871,0.0,11714,84.0,1,-1
train_set/malignant/ISIC_0032921_640x480.jpg,train,malignant,1604,2.0,4186,78.0,1,-1
train_set/malignant/ISIC_0032922_640x480.jpg,train,malignant,1841,2.0,2698,92.0,1,-1
train_set/malignant/ISIC_0032925_640x480.jpg,train,malignant,1713,0.0,31324,70.0,1,-1
train_set/malignant/ISIC_0032927_640x480.jpg,train,malignant,1453,2.0,16639,82.0,1,-1
train_set/malignant/ISIC_0032936_640x480.jpg,train,malignant,8820,0.0,1583,90.0,1,-1
train_set/malignant/ISIC_0032938_640x480.jpg,train,malignant,1735,0.0,1314,76.0,1,-1
train_set/malignant/ISIC_0032940_640x480.jpg,train,malignant,1634,0.0,13360,84.0,1,-1
train_set/malignant/ISIC_0032955_640x480.jpg,train,malignant,1646,2.0,26918,82.0,1,-1
train_set/malignant/ISIC_0032958_640x480.jpg,train,malignant,1738,2.0,442,90.0,1,-1
train_set/malignant/ISIC_0032960_640x480.jpg,train,malignant,1886,2.0,18926,90.0,1,-1
train_set/malignant/ISIC_0032965_640x480.jpg,train,malignant,1683,0.0,16184,84.0,1,-1
train_set/malignant/ISIC_0032968_640x480.jpg,train,malignant,1771,2.0,542,88.0,1,-1
train_set/malignant/ISIC_0032970_640x480.jpg,train,malignant,1765,2.0,11293,84.0,1,-1
train_set/malignant/ISIC_0032975_640x480.jpg,train,malignant,1898,2.0,14584,82.0,1,-1
train_set/malignant/ISIC_0032976_640x480.jpg,train,malignant,1518,0.0,15187,82.0,1,-1
train_set/malignant/ISIC_0032981_640x480.jpg,train,malignant,1667,2.0,2813,76.0,1,-1
train_set/malignant/ISIC_0032982_640x480.jpg,train,malignant,1800,2.0,11063,68.0,1,-1
train_set/malignant/ISIC_0032984_640x480.jpg,train,malignant,1538,0.0,14522,72.0,1,-1
train_set/malignant/ISIC_0032985_640x480.jpg,train,malignant,6769,2.0,6366,88.0,1,-1
train_set/malignant/ISIC_0032987_640x480.jpg,train,malignant,1919,0.0,10405,88.0,1,-1
train_set/malignant/ISIC_0032988_640x480.jpg,train,malignant,1809,2.0,1406,88.0,1,-1
train_set/malignant/ISIC_0032993_640x480.jpg,train,malignant,1552,0.0,10442,86.0,1,-1
train_set/malignant/ISIC_0033004_640x480.jpg,train,malignant,1629,2.0,9738,90.0,1,-1
train_set/malignant/ISIC_0033017_640x480.jpg,train,malignant,1732,2.0,19861,74.0,1,-1
train_set/malignant/ISIC_0033023_640x480.jpg,train,malignant,1922,0.0,3917,90.0,1,-1
train_set/malignant/ISIC_0033024_640x480.jpg,train,malignant,1835,2.0,7605,68.0,1,-1
train_set/malignant/ISIC_0033027_640x480.jpg,train,malignant,1504,0.0,18403,80.0,1,-1
train_set/malignant/ISIC_0033029_640x480.jpg,train,malignant,1819,2.0,14929,72.0,1,-1
train_set/malignant/ISIC_0033034_640x480.jpg,train,malignant,1521,2.0,14078,86.0,1,-1
train_set/malignant/ISIC_0033037_640x480.jpg,train,malignant,1891,0.0,28567,82.0,1,-1
train_set/malignant/ISIC_0033038_640x480.jpg,train,malignant,1651,0.0,25274,84.0,1,-1
train_set/malignant/ISIC_0033042_640x480.jpg,train,malignant,1706,2.0,11536,74.0,1,-1
train_set/malignant/ISIC_0033047_640x480.jpg,train,malignant,1507,2.0,1566,72.0,1,-1
train_set/malignant/ISIC_0033050_640x480.jpg,train,malignant,1861,2.0,1767,86.0,1,-1
train_set/malignant/ISIC_0033051_640x480.jpg,train,malignant,1860,0.0,26941,84.0,1,-1
train_set/malignant/ISIC_0033055_640x480.jpg,train,malignant,1839,2.0,29563,86.0,1,-1
train_set/malignant/ISIC_0033061_640x480.jpg,train,malignant,1858,2.0,9369,86.0,1,-1
train_set/malignant/ISIC_0033063_640x480.jpg,train,malignant,1612,2.0,1740,90.0,1,-1
train_set/malignant/ISIC_0033068_640x480.jpg,train,malignant,1575,2.0,27098,76.0,1,-1
train_set/malignant/ISIC_0033073_640x480.jpg,train,malignant,1864,4.0,29646,80.0,1,-1
train_set/malignant/ISIC_0033074_640x480.jpg,train,malignant,1527,0.0,31423,72.0,1,-1
train_set/malignant/ISIC_0033081_640x480.jpg,train,malignant,1754,2.0,1481,92.0,1,-1
train_set/malignant/ISIC_0033089_640x480.jpg,train,malignant,1914,2.0,1532,90.0,1,-1
train_set/malignant/ISIC_0033099_640x480.jpg,train,malignant,1796,0.0,8183,90.0,1,-1
train_set/malignant/ISIC_0033103_640x480.jpg,train,malignant,1579,0.0,14278,74.0,1,-1
train_set/malignant/ISIC_0033114_640x480.jpg,train,malignant,1901,0.0,3231,86.0,1,-1
train_set/malignant/ISIC_0033117_640x480.jpg,train,malignant,1685,2.0,522,76.0,1,-1
train_set/malignant/ISIC_0033120_640x480.jpg,train,malignant,1753,0.0,5894,72.0,1,-1
train_set/malignant/ISIC_0033122_640x480.jpg,train,malignant,1906,0.0,132,88.0,1,-1
train_set/malignant/ISIC_0033125_640x480.jpg,train,malignant,1718,0.0,2007,90.0,1,-1
train_set/malignant/ISIC_0033129_640x480.jpg,train,malignant,1569,2.0,1334,90.0,1,-1
train_set/malignant/ISIC_0033141_640x480.jpg,train,malignant,1759,4.0,17880,80.0,1,-1
train_set/malignant/ISIC_0033152_640x480.jpg,train,malignant,1498,0.0,30637,50.0,1,-1
train_set/malignant/ISIC_0033154_640x480.jpg,train,malignant,1556,2.0,16235,84.0,1,-1
train_set/malignant/ISIC_0033166_640x480.jpg,train,malignant,1778,2.0,1061,66.0,1,-1
train_set/malignant/ISIC_0033171_640x480.jpg,train,malignant,1730,2.0,8988,76.0,1,-1
train_set/malignant/ISIC_0033174_640x480.jpg,train,malignant,1613,2.0,14482,82.0,1,-1
train_set/malignant/ISIC_0033175_640x480.jpg,train,malignant,1588,0.0,31621,74.0,1,-1
train_set/malignant/ISIC_0033178_640x480.jpg,train,malignant,1921,0.0,30799,82.0,1,-1
train_set/malignant/ISIC_0033180_640x480.jpg,train,malignant,1570,0.0,13300,70.0,1,-1
train_set/malignant/ISIC_0033183_640x480.jpg,train,malignant,1534,2.0,868,92.0,1,-1
train_set/malignant/ISIC_0033186_640x480.jpg,train,malignant,1277,0.0,17270,84.0,1,-1
train_set/malignant/ISIC_0033192_640x480.jpg,train,malignant,1557,0.0,4868,84.0,1,-1
train_set/malignant/ISIC_0033193_640x480.jpg,train,malignant,1717,2.0,3122,86.0,1,-1
train_set/malignant/ISIC_0033196_640x480.jpg,train,malignant,1801,0.0,8265,68.0,1,-1
train_set/malignant/ISIC_0033198_640x480.jpg,train,malignant,1816,0.0,3650,78.0,1,-1
train_set/malignant/ISIC_0033204_640x480.jpg,train,malignant,1530,0.0,25695,86.0,1,-1
train_set/malignant/ISIC_0033206_640x480.jpg,train,malignant,1805,0.0,15722,80.0,1,-1
train_set/malignant/ISIC_0033209_640x480.jpg,train,malignant,1657,0.0,15992,80.0,1,-1
train_set/malignant/ISIC_0033216_640x480.jpg,train,malignant,1555,2.0,12939,74.0,1,-1
train_set/malignant/ISIC_0033217_640x480.jpg,train,malignant,1709,0.0,17323,86.0,1,-1
train_set/malignant/ISIC_0033226_640x480.jpg,train,malignant,1815,0.0,9199,84.0,1,-1
train_set/malignant/ISIC_0033232_640x480.jpg,train,malignant,8834,2.0,24594,68.0,1,-1
train_set/malignant/ISIC_0033238_640x480.jpg,train,malignant,1695,2.0,30789,78.0,1,-1
train_set/malignant/ISIC_0033239_640x480.jpg,train,malignant,1614,2.0,5495,64.0,1,-1
train_set/malignant/ISIC_0033240_640x480.jpg,train,malignant,1607,0.0,10509,88.0,1,-1
train_set/malignant/ISIC_0033241_640x480.jpg,train,malignant,1623,2.0,6825,90.0,1,-1
train_set/malignant/ISIC_0033245_640x480.jpg,train,malignant,1818,2.0,5177,86.0,1,-1
train_set/malignant/ISIC_0033258_640x480.jpg,train,malignant,1924,2.0,25540,86.0,1,-1
train_set/malignant/ISIC_0033261_640x480.jpg,train,malignant,1760,0.0,19647,88.0,1,-1
train_set/malignant/ISIC_0033267_640x480.jpg,train,malignant,1679,2.0,2369,84.0,1,-1
train_set/malignant/ISIC_0033268_640x480.jpg,train,malignant,1474,2.0,12633,84.0,1,-1
train_set/malignant/ISIC_0033269_640x480.jpg,train,malignant,1703,0.0,22448,88.0,1,-1
train_set/malignant/ISIC_0033272_640x480.jpg,train,malignant,1617,0.0,11246,88.0,1,-1
train_set/malignant/ISIC_0033274_640x480.jpg,train,malignant,1519,0.0,25771,90.0,1,-1
train_set/malignant/ISIC_0033275_640x480.jpg,train,malignant,1598,4.0,2562,72.0,1,-1
train_set/malignant/ISIC_0033278_640x480.jpg,train,malignant,1493,6.0,6754,92.0,1,-1
train_set/malignant/ISIC_0033279_640x480.jpg,train,malignant,1788,4.0,9446,66.0,1,-1
train_set/malignant/ISIC_0033286_640x480.jpg,train,malignant,1584,2.0,26687,90.0,1,-1
train_set/malignant/ISIC_0033287_640x480.jpg,train,malignant,1583,2.0,25000,70.0,1,-1
train_set/malignant/ISIC_0033299_640x480.jpg,train,malignant,1638,2.0,15958,86.0,1,-1
train_set/malignant/ISIC_0033300_640x480.jpg,train,malignant,1793,2.0,12216,60.0,1,-1
train_set/malignant/ISIC_0033302_640x480.jpg,train,malignant,1911,0.0,16207,80.0,1,-1
train_set/malignant/ISIC_0033304_640x480.jpg,train,malignant,1692,0.0,7721,74.0,1,-1
train_set/malignant/ISIC_0033310_640x480.jpg,train,malignant,1750,2.0,22745,80.0,1,-1
train_set/malignant/ISIC_0033312_640x480.jpg,train,malignant,1399,0.0,9140,88.0,1,-1
train_set/malignant/ISIC_0033317_640x480.jpg,train,malignant,1620,0.0,4527,80.0,1,-1
train_set/malignant/ISIC_0033320_640x480.jpg,train,malignant,1779,2.0,11270,52.0,1,-1
train_set/malignant/ISIC_0033323_640x480.jpg,train,malignant,1550,2.0,20601,80.0,1,-1
train_set/malignant/ISIC_0033324_640x480.jpg,train,malignant,1720,0.0,30649,74.0,1,-1
train_set/malignant/ISIC_0033325_640x480.jpg,train,malignant,1573,0.0,17071,86.0,1,-1
train_set/malignant/ISIC_0033333_640x480.jpg,train,malignant,1478,2.0,9560,82.0,1,-1
train_set/malignant/ISIC_0033336_640x480.jpg,train,malignant,1700,2.0,23774,80.0,1,-1
train_set/malignant/ISIC_0033337_640x480.jpg,train,malignant,1594,2.0,24267,80.0,1,-1
train_set/malignant/ISIC_0033344_640x480.jpg,train,malignant,1808,4.0,2443,88.0,1,-1
train_set/malignant/ISIC_0033362_640x480.jpg,train,malignant,1539,0.0,19304,80.0,1,-1
train_set/malignant/ISIC_0033368_640x480.jpg,train,malignant,1830,0.0,30941,88.0,1,-1
train_set/malignant/ISIC_0033369_640x480.jpg,train,malignant,1511,0.0,8310,72.0,1,-1
train_set/malignant/ISIC_0033377_640x480.jpg,train,malignant,1850,0.0,17272,62.0,1,-1
train_set/malignant/ISIC_0033387_640x480.jpg,train,malignant,1785,4.0,21227,60.0,1,-1
train_set/malignant/ISIC_0033392_640x480.jpg,train,malignant,1827,0.0,11699,82.0,1,-1
train_set/malignant/ISIC_0033393_640x480.jpg,train,malignant,1853,0.0,14042,92.0,1,-1
train_set/malignant/ISIC_0033394_640x480.jpg,train,malignant,1904,0.0,8621,88.0,1,-1
train_set/malignant/ISIC_0033399_640x480.jpg,train,malignant,1832,0.0,18874,88.0,1,-1
train_set/malignant/ISIC_0033405_640x480.jpg,train,malignant,1701,4.0,6733,86.0,1,-1
train_set/malignant/ISIC_0033415_640x480.jpg,train,malignant,1606,2.0,26752,82.0,1,-1
train_set/malignant/ISIC_0033416_640x480.jpg,train,malignant,1524,0.0,1729,80.0,1,-1
train_set/malignant/ISIC_0033424_640x480.jpg,train,malignant,1894,2.0,13066,88.0,1,-1
train_set/malignant/ISIC_0033426_640x480.jpg,train,malignant,1743,2.0,7717,86.0,1,-1
train_set/malignant/ISIC_0033428_640x480.jpg,train,malignant,1490,0.0,5503,88.0,1,-1
train_set/malignant/ISIC_0033429_640x480.jpg,train,malignant,1547,2.0,14522,70.0,1,-1
train_set/malignant/ISIC_0033431_640x480.jpg,train,malignant,1913,2.0,1096,78.0,1,-1
train_set/malignant/ISIC_0033432_640x480.jpg,train,malignant,1501,0.0,28582,80.0,1,-1
train_set/malignant/ISIC_0033440_640x480.jpg,train,malignant,1879,0.0,280,92.0,1,-1
train_set/malignant/ISIC_0033444_640x480.jpg,train,malignant,1741,4.0,22738,64.0,1,-1
train_set/malignant/ISIC_0033452_640x480.jpg,train,malignant,1526,2.0,1779,72.0,1,-1
train_set/malignant/ISIC_0033454_640x480.jpg,train,malignant,1883,0.0,11849,88.0,1,-1
train_set/malignant/ISIC_0033469_640x480.jpg,train,malignant,1723,0.0,24910,82.0,1,-1
train_set/malignant/ISIC_0033470_640x480.jpg,train,malignant,1668,0.0,32012,74.0,1,-1
train_set/malignant/ISIC_0033473_640x480.jpg,train,malignant,1592,2.0,11396,78.0,1,-1
train_set/malignant/ISIC_0033476_640x480.jpg,train,malignant,1506,0.0,10949,86.0,1,-1
train_set/malignant/ISIC_0033477_640x480.jpg,train,malignant,1675,0.0,7576,86.0,1,-1
train_set/malignant/ISIC_0033479_640x480.jpg,train,malignant,1639,2.0,16256,82.0,1,-1
train_set/malignant/ISIC_0033485_640x480.jpg,train,malignant,1587,2.0,7568,84.0,1,-1
train_set/malignant/ISIC_0033487_640x480.jpg,train,malignant,1846,2.0,5431,86.0,1,-1
train_set/malignant/ISIC_0033496_640x480.jpg,train,malignant,1452,4.0,7792,88.0,1,-1
train_set/malignant/ISIC_0033498_640x480.jpg,train,malignant,1876,0.0,20502,88.0,1,-1
train_set/malignant/ISIC_0033500_640x480.jpg,train,malignant,1482,2.0,8167,86.0,1,-1
train_set/malignant/ISIC_0033518_640x480.jpg,train,malignant,1806,0.0,13845,90.0,1,-1
train_set/malignant/ISIC_0033520_640x480.jpg,train,malignant,1844,6.0,22970,88.0,1,-1
train_set/malignant/ISIC_0033522_640x480.jpg,train,malignant,1640,2.0,3074,88.0,1,-1
train_set/malignant/ISIC_0033524_640x480.jpg,train,malignant,1746,4.0,8778,84.0,1,-1
train_set/malignant/ISIC_0033526_640x480.jpg,train,malignant,1862,2.0,5879,84.0,1,-1
train_set/malignant/ISIC_0033533_640x480.jpg,train,malignant,1881,0.0,23417,92.0,1,-1
train_set/malignant/ISIC_0033534_640x480.jpg,train,malignant,1854,0.0,5581,88.0,1,-1
train_set/malignant/ISIC_0033538_640x480.jpg,train,malignant,1739,0.0,22525,80.0,1,-1
train_set/malignant/ISIC_0033545_640x480.jpg,train,malignant,1757,0.0,2356,86.0,1,-1
train_set/malignant/ISIC_0033546_640x480.jpg,train,malignant,1744,2.0,27168,78.0,1,-1
train_set/malignant/ISIC_0033559_640x480.jpg,train,malignant,1840,0.0,19840,86.0,1,-1
train_set/malignant/ISIC_0033560_640x480.jpg,train,malignant,1670,2.0,4241,68.0,1,-1
train_set/malignant/ISIC_0033562_640x480.jpg,train,malignant,1915,4.0,6675,88.0,1,-1
train_set/malignant/ISIC_0033568_640x480.jpg,train,malignant,1848,2.0,10423,90.0,1,-1
train_set/malignant/ISIC_0033569_640x480.jpg,train,malignant,1704,2.0,3416,78.0,1,-1
train_set/malignant/ISIC_0033570_640x480.jpg,train,malignant,1566,2.0,10324,82.0,1,-1
train_set/malignant/ISIC_0033573_640x480.jpg,train,malignant,1464,0.0,12332,72.0,1,-1
train_set/malignant/ISIC_0033578_640x480.jpg,train,malignant,1632,4.0,22493,78.0,1,-1
train_set/malignant/ISIC_0033586_640x480.jpg,train,malignant,1814,0.0,29520,88.0,1,-1
train_set/malignant/ISIC_0033593_640x480.jpg,train,malignant,1824,2.0,16472,82.0,1,-1
train_set/malignant/ISIC_0033594_640x480.jpg,train,malignant,1595,0.0,11734,78.0,1,-1
train_set/malignant/ISIC_0033595_640x480.jpg,train,malignant,1610,0.0,23123,80.0,1,-1
train_set/malignant/ISIC_0033603_640x480.jpg,train,malignant,1572,2.0,9274,88.0,1,-1
train_set/malignant/ISIC_0033607_640x480.jpg,train,malignant,1847,2.0,28069,76.0,1,-1
train_set/malignant/ISIC_0033611_640x480.jpg,train,malignant,1813,0.0,29162,80.0,1,-1
train_set/malignant/ISIC_0033612_640x480.jpg,train,malignant,1791,2.0,2894,70.0,1,-1
train_set/malignant/ISIC_0033616_640x480.jpg,train,malignant,1794,0.0,1896,88.0,1,-1
train_set/malignant/ISIC_0033619_640x480.jpg,train,malignant,1648,2.0,27446,68.0,1,-1
train_set/malignant/ISIC_0033624_640x480.jpg,train,malignant,1694,0.0,29531,90.0,1,-1
train_set/malignant/ISIC_0033630_640x480.jpg,train,malignant,1652,2.0,16826,86.0,1,-1
train_set/malignant/ISIC_0033636_640x480.jpg,train,malignant,1499,0.0,227,90.0,1,-1
train_set/malignant/ISIC_0033638_640x480.jpg,train,malignant,1909,2.0,451,50.0,1,-1
train_set/malignant/ISIC_0033643_640x480.jpg,train,malignant,1496,2.0,6803,82.0,1,-1
train_set/malignant/ISIC_0033644_640x480.jpg,train,malignant,1688,0.0,9396,78.0,1,-1
train_set/malignant/ISIC_0033651_640x480.jpg,train,malignant,1691,4.0,21631,86.0,1,-1
train_set/malignant/ISIC_0033653_640x480.jpg,train,malignant,1811,2.0,12081,80.0,1,-1
train_set/malignant/ISIC_0033654_640x480.jpg,train,malignant,1471,4.0,12818,86.0,1,-1
train_set/malignant/ISIC_0033655_640x480.jpg,train,malignant,1513,4.0,5716,90.0,1,-1
train_set/malignant/ISIC_0033662_640x480.jpg,train,malignant,1890,2.0,20269,82.0,1,-1
train_set/malignant/ISIC_0033663_640x480.jpg,train,malignant,1724,2.0,18872,84.0,1,-1
train_set/malignant/ISIC_0033668_640x480.jpg,train,malignant,1869,0.0,10023,86.0,1,-1
train_set/malignant/ISIC_0033670_640x480.jpg,train,malignant,1822,0.0,18199,88.0,1,-1
train_set/malignant/ISIC_0033678_640x480.jpg,train,malignant,1484,2.0,2771,84.0,1,-1
train_set/malignant/ISIC_0033679_640x480.jpg,train,malignant,1494,0.0,1888,76.0,1,-1
train_set/malignant/ISIC_0033687_640x480.jpg,train,malignant,1636,2.0,26647,84.0,1,-1
train_set/malignant/ISIC_0033696_640x480.jpg,train,malignant,1865,0.0,18807,86.0,1,-1
train_set/malignant/ISIC_0033700_640x480.jpg,train,malignant,1487,4.0,28275,86.0,1,-1
train_set/malignant/ISIC_0033704_640x480.jpg,train,malignant,1774,2.0,12693,84.0,1,-1
train_set/malignant/ISIC_0033708_640x480.jpg,train,malignant,1887,2.0,18073,86.0,1,-1
train_set/malignant/ISIC_0033710_640x480.jpg,train,malignant,1722,4.0,12520,84.0,1,-1
train_set/malignant/ISIC_0033713_640x480.jpg,train,malignant,1907,0.0,6030,90.0,1,-1
train_set/malignant/ISIC_0033717_640x480.jpg,train,malignant,1479,2.0,21323,76.0,1,-1
train_set/malignant/ISIC_0033725_640x480.jpg,train,malignant,1581,4.0,13230,82.0,1,-1
train_set/malignant/ISIC_0033728_640x480.jpg,train,malignant,1710,2.0,3446,84.0,1,-1
train_set/malignant/ISIC_0033730_640x480.jpg,train,malignant,1897,2.0,5092,86.0,1,-1
train_set/malignant/ISIC_0033752_640x480.jpg,train,malignant,1893,0.0,19132,78.0,1,-1
train_set/malignant/ISIC_0033754_640x480.jpg,train,malignant,1734,0.0,2356,86.0,1,-1
train_set/malignant/ISIC_0033773_640x480.jpg,train,malignant,1892,0.0,12081,84.0,1,-1
train_set/malignant/ISIC_0033779_640x480.jpg,train,malignant,1642,0.0,99,82.0,1,-1
train_set/malignant/ISIC_0033801_640x480.jpg,train,malignant,1554,4.0,7229,86.0,1,-1
train_set/malignant/ISIC_0033802_640x480.jpg,train,malignant,1546,2.0,8553,88.0,1,-1
train_set/malignant/ISIC_0033804_640x480.jpg,train,malignant,1553,0.0,30574,70.0,1,-1
train_set/malignant/ISIC_0033805_640x480.jpg,train,malignant,1910,2.0,6157,58.0,1,-1
train_set/malignant/ISIC_0033806_640x480.jpg,train,malignant,1689,0.0,957,88.0,1,-1
train_set/malignant/ISIC_0033807_640x480.jpg,train,malignant,1880,4.0,6377,84.0,1,-1
train_set/malignant/ISIC_0033812_640x480.jpg,train,malignant,1810,2.0,18239,84.0,1,-1
train_set/malignant/ISIC_0033813_640x480.jpg,train,malignant,1781,2.0,1549,76.0,1,-1
train_set/malignant/ISIC_0033814_640x480.jpg,train,malignant,1544,2.0,171,84.0,1,-1
train_set/malignant/ISIC_0033819_640x480.jpg,train,malignant,1601,2.0,1566,84.0,1,-1
train_set/malignant/ISIC_0033820_640x480.jpg,train,malignant,1543,2.0,1969,80.0,1,-1
train_set/malignant/ISIC_0033831_640x480.jpg,train,malignant,1514,2.0,2662,88.0,1,-1
train_set/malignant/ISIC_0033834_640x480.jpg,train,malignant,1483,0.0,2111,90.0,1,-1
train_set/malignant/ISIC_0033843_640x480.jpg,train,malignant,1807,0.0,29388,88.0,1,-1
train_set/malignant/ISIC_0033848_640x480.jpg,train,malignant,1660,2.0,1237,88.0,1,-1
train_set/malignant/ISIC_0033856_640x480.jpg,train,malignant,1927,2.0,27717,86.0,1,-1
train_set/malignant/ISIC_0033863_640x480.jpg,train,malignant,1677,0.0,10255,82.0,1,-1
train_set/malignant/ISIC_0033871_640x480.jpg,train,malignant,1645,2.0,544,72.0,1,-1
train_set/malignant/ISIC_0033872_640x480.jpg,train,malignant,1681,0.0,18730,84.0,1,-1
train_set/malignant/ISIC_0033874_640x480.jpg,train,malignant,1733,0.0,26817,66.0,1,-1
train_set/malignant/ISIC_0033878_640x480.jpg,train,malignant,1837,2.0,1956,88.0,1,-1
train_set/malignant/ISIC_0033881_640x480.jpg,train,malignant,1541,2.0,16325,72.0,1,-1
train_set/malignant/ISIC_0033883_640x480.jpg,train,malignant,1665,2.0,22738,76.0,1,-1
train_set/malignant/ISIC_0033885_640x480.jpg,train,malignant,1917,0.0,23017,86.0,1,-1
train_set/malignant/ISIC_0033886_640x480.jpg,train,malignant,1589,0.0,5645,84.0,1,-1
train_set/malignant/ISIC_0033893_640x480.jpg,train,malignant,1884,2.0,25164,84.0,1,-1
train_set/malignant/ISIC_0033901_640x480.jpg,train,malignant,1711,2.0,14767,62.0,1,-1
train_set/malignant/ISIC_0033902_640x480.jpg,train,malignant,1562,2.0,30597,80.0,1,-1
train_set/malignant/ISIC_0033905_640x480.jpg,train,malignant,1698,0.0,7870,84.0,1,-1
train_set/malignant/ISIC_0033911_640x480.jpg,train,malignant,1641,0.0,24191,84.0,1,-1
train_set/malignant/ISIC_0033925_640x480.jpg,train,malignant,1912,0.0,29151,88.0,1,-1
train_set/malignant/ISIC_0033931_640x480.jpg,train,malignant,1473,4.0,215,90.0,1,-1
train_set/malignant/ISIC_0033938_640x480.jpg,train,malignant,1599,2.0,3650,74.0,1,-1
train_set/malignant/ISIC_0033942_640x480.jpg,train,malignant,1591,2.0,14071,90.0,1,-1
train_set/malignant/ISIC_0033946_640x480.jpg,train,malignant,1510,2.0,8682,76.0,1,-1
train_set/malignant/ISIC_0033947_640x480.jpg,train,malignant,1540,4.0,14108,78.0,1,-1
train_set/malignant/ISIC_0033953_640x480.jpg,train,malignant,1531,2.0,25013,84.0,1,-1
train_set/malignant/ISIC_0033956_640x480.jpg,train,malignant,1622,0.0,22776,82.0,1,-1
train_set/malignant/ISIC_0033957_640x480.jpg,train,malignant,1851,0.0,12123,84.0,1,-1
train_set/malignant/ISIC_0033962_640x480.jpg,train,malignant,1571,0.0,30244,68.0,1,-1
train_set/malignant/ISIC_0033967_640x480.jpg,train,malignant,1859,2.0,13480,78.0,1,-1
train_set/malignant/ISIC_0033968_640x480.jpg,train,malignant,1477,0.0,5305,82.0,1,-1
train_set/malignant/ISIC_0033975_640x480.jpg,train,malignant,1492,4.0,21123,72.0,1,-1
train_set/malignant/ISIC_0033977_640x480.jpg,train,malignant,1783,2.0,7230,88.0,1,-1
train_set/malignant/ISIC_0033980_640x480.jpg,train,malignant,1626,0.0,26208,70.0,1,-1
train_set/malignant/ISIC_0033981_640x480.jpg,train,malignant,1699,4.0,13895,82.0,1,-1
train_set/malignant/ISIC_0033985_640x480.jpg,train,malignant,1615,2.0,154,72.0,1,-1
train_set/malignant/ISIC_0033986_640x480.jpg,train,malignant,1628,4.0,31900,82.0,1,-1
train_set/malignant/ISIC_0033995_640x480.jpg,train,malignant,1867,2.0,12216,86.0,1,-1
train_set/malignant/ISIC_0033999_640x480.jpg,train,malignant,1926,0.0,7621,84.0,1,-1
train_set/malignant/ISIC_0034000_640x480.jpg,train,malignant,1873,2.0,25146,76.0,1,-1
train_set/malignant/ISIC_0034002_640x480.jpg,train,malignant,1784,2.0,5385,82.0,1,-1
train_set/malignant/ISIC_0034005_640x480.jpg,train,malignant,1680,2.0,2724,80.0,1,-1
train_set/malignant/ISIC_0034006_640x480.jpg,train,malignant,1412,2.0,31001,84.0,1,-1
train_set/malignant/ISIC_0034012_640x480.jpg,train,malignant,1654,2.0,4743,88.0,1,-1
train_set/malignant/ISIC_0034022_640x480.jpg,train,malignant,1731,2.0,9891,74.0,1,-1
train_set/malignant/ISIC_0034028_640x480.jpg,train,malignant,1845,0.0,4555,88.0,1,-1
train_set/malignant/ISIC_0034034_640x480.jpg,train,malignant,1708,2.0,12458,76.0,1,-1
train_set/malignant/ISIC_0034036_640x480.jpg,train,malignant,1769,2.0,8108,86.0,1,-1
train_set/malignant/ISIC_0034046_640x480.jpg,train,malignant,1485,2.0,22897,88.0,1,-1
train_set/malignant/ISIC_0034048_640x480.jpg,train,malignant,1697,2.0,20300,72.0,1,-1
train_set/malignant/ISIC_0034049_640x480.jpg,train,malignant,1792,0.0,10265,86.0,1,-1
train_set/malignant/ISIC_0034050_640x480.jpg,train,malignant,1900,2.0,11377,82.0,1,-1
train_set/malignant/ISIC_0034051_640x480.jpg,train,malignant,1849,2.0,13760,64.0,1,-1
train_set/malignant/ISIC_0034052_640x480.jpg,train,malignant,1729,2.0,16380,72.0,1,-1
train_set/malignant/ISIC_0034059_640x480.jpg,train,malignant,1611,2.0,9235,86.0,1,-1
train_set/malignant/ISIC_0034061_640x480.jpg,train,malignant,1671,0.0,4357,70.0,1,-1
train_set/malignant/ISIC_0034062_640x480.jpg,train,malignant,1856,2.0,27165,82.0,1,-1
train_set/malignant/ISIC_0034064_640x480.jpg,train,malignant,1561,2.0,24790,74.0,1,-1
train_set/malignant/ISIC_0034065_640x480.jpg,train,malignant,1649,2.0,3859,66.0,1,-1
train_set/malignant/ISIC_0034068_640x480.jpg,train,malignant,1826,2.0,6639,86.0,1,-1
train_set/malignant/ISIC_0034071_640x480.jpg,train,malignant,1463,2.0,25919,82.0,1,-1
train_set/malignant/ISIC_0034074_640x480.jpg,train,malignant,1658,2.0,10952,62.0,1,-1
train_set/malignant/ISIC_0034076_640x480.jpg,train,malignant,1843,0.0,31004,84.0,1,-1
train_set/malignant/ISIC_0034085_640x480.jpg,train,malignant,1637,0.0,995,90.0,1,-1
train_set/malignant/ISIC_0034087_640x480.jpg,train,malignant,1528,2.0,30499,70.0,1,-1
train_set/malignant/ISIC_0034089_640x480.jpg,train,malignant,1696,2.0,26033,84.0,1,-1
train_set/malignant/ISIC_0034092_640x480.jpg,train,malignant,1676,2.0,29832,82.0,1,-1
train_set/malignant/ISIC_0034094_640x480.jpg,train,malignant,1669,0.0,4899,92.0,1,-1
train_set/malignant/ISIC_0034100_640x480.jpg,train,malignant,1633,2.0,4186,84.0,1,-1
train_set/malignant/ISIC_0034101_640x480.jpg,train,malignant,1747,2.0,12592,82.0,1,-1
train_set/malignant/ISIC_0034104_640x480.jpg,train,malignant,1686,2.0,29598,76.0,1,-1
train_set/malignant/ISIC_0034106_640x480.jpg,train,malignant,1580,0.0,3400,82.0,1,-1
train_set/malignant/ISIC_0034107_640x480.jpg,train,malignant,1829,2.0,9615,80.0,1,-1
train_set/malignant/ISIC_0034117_640x480.jpg,train,malignant,1605,2.0,4609,80.0,1,-1
train_set/malignant/ISIC_0034118_640x480.jpg,train,malignant,1505,0.0,24765,70.0,1,-1
train_set/malignant/ISIC_0034120_640x480.jpg,train,malignant,1480,4.0,13618,72.0,1,-1
train_set/malignant/ISIC_0034132_640x480.jpg,train,malignant,1650,0.0,5875,86.0,1,-1
train_set/malignant/ISIC_0034134_640x480.jpg,train,malignant,1836,2.0,1831,76.0,1,-1
train_set/malignant/ISIC_0034140_640x480.jpg,train,malignant,1536,4.0,10828,82.0,1,-1
train_set/malignant/ISIC_0034141_640x480.jpg,train,malignant,1495,4.0,9955,86.0,1,-1
train_set/malignant/ISIC_0034145_640x480.jpg,train,malignant,1666,6.0,48,88.0,1,-1
train_set/malignant/ISIC_0034150_640x480.jpg,train,malignant,1655,2.0,5073,76.0,1,-1
train_set/malignant/ISIC_0034159_640x480.jpg,train,malignant,1673,2.0,7958,88.0,1,-1
train_set/malignant/ISIC_0034162_640x480.jpg,train,malignant,1516,0.0,32655,76.0,1,-1
train_set/malignant/ISIC_0034170_640x480.jpg,train,malignant,1857,4.0,27235,90.0,1,-1
train_set/malignant/ISIC_0034172_640x480.jpg,train,malignant,1852,2.0,2591,86.0,1,-1
train_set/malignant/ISIC_0034173_640x480.jpg,train,malignant,1882,0.0,12148,82.0,1,-1
train_set/malignant/ISIC_0034180_640x480.jpg,train,malignant,1678,0.0,23441,84.0,1,-1
train_set/malignant/ISIC_0034183_640x480.jpg,train,malignant,1742,4.0,5363,90.0,1,-1
train_set/malignant/ISIC_0034188_640x480.jpg,train,malignant,1702,0.0,14821,80.0,1,-1
train_set/malignant/ISIC_0034202_640x480.jpg,train,malignant,1523,0.0,17278,90.0,1,-1
train_set/malignant/ISIC_0034205_640x480.jpg,train,malignant,1790,4.0,16612,48.0,1,-1
train_set/malignant/ISIC_0034208_640x480.jpg,train,malignant,1574,0.0,1103,90.0,1,-1
train_set/malignant/ISIC_0034211_640x480.jpg,train,malignant,1755,2.0,29982,76.0,1,-1
train_set/malignant/ISIC_0034216_640x480.jpg,train,malignant,1895,2.0,27070,80.0,1,-1
train_set/malignant/ISIC_0034218_640x480.jpg,train,malignant,1576,2.0,1912,80.0,1,-1
train_set/malignant/ISIC_0034222_640x480.jpg,train,malignant,1559,2.0,8464,70.0,1,-1
train_set/malignant/ISIC_0034233_640x480.jpg,train,malignant,1905,0.0,2798,88.0,1,-1
train_set/malignant/ISIC_0034236_640x480.jpg,train,malignant,1503,0.0,6186,92.0,1,-1
train_set/malignant/ISIC_0034239_640x480.jpg,train,malignant,1775,2.0,6668,84.0,1,-1
train_set/malignant/ISIC_0034242_640x480.jpg,train,malignant,1684,0.0,4923,82.0,1,-1
train_set/malignant/ISIC_0034243_640x480.jpg,train,malignant,1899,2.0,20164,86.0,1,-1
train_set/malignant/ISIC_0034246_640x480.jpg,train,malignant,1662,2.0,25276,74.0,1,-1
train_set/malignant/ISIC_0034253_640x480.jpg,train,malignant,1752,0.0,5716,86.0,1,-1
train_set/malignant/ISIC_0034256_640x480.jpg,train,malignant,1537,4.0,7446,72.0,1,-1
train_set/malignant/ISIC_0034262_640x480.jpg,train,malignant,1578,0.0,1820,62.0,1,-1
train_set/malignant/ISIC_0034263_640x480.jpg,train,malignant,1577,2.0,15187,90.0,1,-1
train_set/malignant/ISIC_0034269_640x480.jpg,train,malignant,1621,4.0,16711,68.0,1,-1
train_set/malignant/ISIC_0034275_640x480.jpg,train,malignant,1878,0.0,4349,92.0,1,-1
train_set/malignant/ISIC_0034284_640x480.jpg,train,malignant,1725,0.0,18325,74.0,1,-1
train_set/malignant/ISIC_0034287_640x480.jpg,train,malignant,1776,2.0,15466,78.0,1,-1
train_set/malignant/ISIC_0034289_640x480.jpg,train,malignant,1625,2.0,9608,72.0,1,-1
train_set/malignant/ISIC_0034294_640x480.jpg,train,malignant,1522,2.0,9514,92.0,1,-1
train_set/malignant/ISIC_0034313_640x480.jpg,train,malignant,1565,4.0,8119,90.0,1,-1
train_set/malignant/ISIC_0034316_640x480.jpg,train,malignant,1721,0.0,8988,82.0,1,-1
train_set/malignant/ISIC_0034317_640x480.jpg,train,malignant,1888,2.0,12081,68.0,1,-1
train_set/malignant/ISIC_0053454_480x480.jpg,train,malignant,7492,92.0,11670,90.0,-1,-1
train_set/malignant/ISIC_0053456_480x480.jpg,train,malignant,6434,84.0,4837,94.0,-1,-1
train_set/malignant/ISIC_0053469_480x480.jpg,train,malignant,1103,86.0,11147,84.0,-1,-1
train_set/malignant/ISIC_0053470_480x480.jpg,train,malignant,6916,88.0,4534,88.0,-1,-1
train_set/malignant/ISIC_0053473_480x480.jpg,train,malignant,1124,90.0,11818,88.0,-1,-1
train_set/malignant/ISIC_0053479_480x480.jpg,train,malignant,121,94.0,4848,86.0,-1,-1
train_set/malignant/ISIC_0053485_480x480.jpg,train,malignant,1296,92.0,7578,86.0,-1,-1
train_set/malignant/ISIC_0053491_480x480.jpg,train,malignant,5942,88.0,25929,90.0,-1,-1
train_set/malignant/ISIC_0053492_480x480.jpg,train,malignant,293,88.0,21884,86.0,-1,-1
train_set/malignant/ISIC_0053503_480x480.jpg,train,malignant,1078,92.0,29444,62.0,-1,-1
train_set/malignant/ISIC_0053507_480x480.jpg,train,malignant,1588,76.0,29648,72.0,-1,-1
train_set/malignant/ISIC_0053508_480x480.jpg,train,malignant,90,88.0,29444,76.0,-1,-1
train_set/malignant/ISIC_0053509_480x480.jpg,train,malignant,597,82.0,4485,74.0,-1,-1
train_set/malignant/ISIC_0053510_480x480.jpg,train,malignant,3179,94.0,18330,94.0,-1,-1
train_set/malignant/ISIC_0053513_480x480.jpg,train,malignant,7783,80.0,17423,80.0,-1,-1
train_set/malignant/ISIC_0053531_480x480.jpg,train,malignant,1648,80.0,5680,82.0,-1,-1
train_set/malignant/ISIC_0053533_480x480.jpg,train,malignant,9242,86.0,30684,90.0,-1,-1
train_set/malignant/ISIC_0053541_480x480.jpg,train,malignant,4406,82.0,1668,80.0,-1,-1
train_set/malignant/ISIC_0053542_480x480.jpg,train,malignant,5720,88.0,4180,90.0,-1,-1
train_set/malignant/ISIC_0053545_480x480.jpg,train,malignant,29,96.0,8524,88.0,-1,-1
train_set/malignant/ISIC_0053555_480x480.jpg,train,malignant,5691,92.0,9190,90.0,-1,-1
train_set/malignant/ISIC_0053570_480x480.jpg,train,malignant,2137,90.0,462,96.0,-1,-1
train_set/malignant/ISIC_0053582_480x480.jpg,train,malignant,1672,90.0,17442,88.0,-1,-1
train_set/malignant/ISIC_0053594_480x480.jpg,train,malignant,744,92.0,3417,88.0,-1,-1
train_set/malignant/ISIC_0053603_480x480.jpg,train,malignant,7114,82.0,16148,88.0,-1,-1
train_set/malignant/ISIC_0053611_480x480.jpg,train,malignant,7943,72.0,20546,74.0,-1,-1
train_set/malignant/ISIC_0053615_480x480.jpg,train,malignant,1265,92.0,18435,92.0,-1,-1
train_set/malignant/ISIC_0053617_480x480.jpg,train,malignant,1347,78.0,1474,86.0,-1,-1
train_set/malignant/ISIC_0053620_480x480.jpg,train,malignant,5927,90.0,18435,92.0,-1,-1
train_set/malignant/ISIC_0053628_480x480.jpg,train,malignant,1419,92.0,2625,90.0,-1,-1
train_set/malignant/ISIC_0053644_480x480.jpg,train,malignant,5510,94.0,19189,88.0,-1,-1
train_set/malignant/ISIC_0053659_480x480.jpg,train,malignant,7572,88.0,28921,86.0,-1,-1
train_set/malignant/ISIC_0053660_480x480.jpg,train,malignant,1217,88.0,19043,84.0,-1,-1
train_set/malignant/ISIC_0053671_480x480.jpg,train,malignant,9017,86.0,22817,78.0,-1,-1
train_set/malignant/ISIC_0053674_480x480.jpg,train,malignant,102,84.0,95,74.0,-1,-1
train_set/malignant/ISIC_0053686_480x480.jpg,train,malignant,7398,94.0,23204,92.0,-1,-1
train_set/malignant/ISIC_0053691_480x480.jpg,train,malignant,2481,98.0,26563,92.0,-1,-1
train_set/malignant/ISIC_0053698_480x480.jpg,train,malignant,744,94.0,29444,86.0,-1,-1
train_set/malignant/ISIC_0053699_480x480.jpg,train,malignant,2972,96.0,9719,90.0,-1,-1
train_set/malignant/ISIC_0053700_480x480.jpg,train,malignant,7314,88.0,12608,82.0,-1,-1
train_set/malignant/ISIC_0053702_480x480.jpg,train,malignant,307,90.0,12719,88.0,-1,-1
train_set/malignant/ISIC_0053725_480x480.jpg,train,malignant,786,78.0,5893,78.0,-1,-1
train_set/malignant/ISIC_0053734_480x480.jpg,train,malignant,7024,86.0,20363,90.0,-1,-1
train_set/malignant/ISIC_0053740_480x480.jpg,train,malignant,8240,86.0,20546,80.0,-1,-1
train_set/malignant/ISIC_0053742_480x480.jpg,train,malignant,9298,84.0,31035,84.0,-1,-1
train_set/malignant/ISIC_0053751_480x480.jpg,train,malignant,20,92.0,29444,78.0,-1,-1
train_set/malignant/ISIC_0053761_480x480.jpg,train,malignant,865,76.0,2420,84.0,-1,-1
train_set/malignant/ISIC_0053763_480x480.jpg,train,malignant,4051,88.0,2692,78.0,-1,-1
train_set/malignant/ISIC_0053765_480x480.jpg,train,malignant,9382,86.0,32629,88.0,-1,-1
train_set/malignant/ISIC_0053766_480x480.jpg,train,malignant,1014,86.0,5527,84.0,-1,-1
train_set/malignant/ISIC_0053774_480x480.jpg,train,malignant,8142,90.0,15050,88.0,-1,-1
train_set/malignant/ISIC_0053784_480x480.jpg,train,malignant,871,94.0,10191,90.0,-1,-1
train_set/malignant/ISIC_0053790_480x480.jpg,train,malignant,3888,94.0,19189,90.0,-1,-1
train_set/malignant/ISIC_0053791_480x480.jpg,train,malignant,743,74.0,30608,84.0,-1,-1
train_set/malignant/ISIC_0053796_480x480.jpg,train,malignant,1895,74.0,3812,70.0,-1,-1
train_set/malignant/ISIC_0053800_480x480.jpg,train,malignant,1788,84.0,553,78.0,-1,-1
train_set/malignant/ISIC_0053801_480x480.jpg,train,malignant,8695,78.0,23641,82.0,-1,-1
train_set/malignant/ISIC_0053804_480x480.jpg,train,malignant,4085,84.0,4259,92.0,-1,-1
train_set/malignant/ISIC_0053810_480x480.jpg,train,malignant,1893,88.0,25064,82.0,-1,-1
train_set/malignant/ISIC_0053812_480x480.jpg,train,malignant,2131,96.0,7986,94.0,-1,-1
train_set/malignant/ISIC_0053814_480x480.jpg,train,malignant,5607,90.0,6665,90.0,-1,-1
train_set/malignant/ISIC_0053816_480x480.jpg,train,malignant,533,92.0,22167,86.0,-1,-1
train_set/malignant/ISIC_0053824_480x480.jpg,train,malignant,3389,86.0,14061,86.0,-1,-1
train_set/malignant/ISIC_0053827_480x480.jpg,train,malignant,7138,76.0,20945,80.0,-1,-1
train_set/malignant/ISIC_0053828_480x480.jpg,train,malignant,75,86.0,19000,82.0,-1,-1
train_set/malignant/ISIC_0053839_480x480.jpg,train,malignant,3917,92.0,16164,92.0,-1,-1
train_set/malignant/ISIC_0053841_480x480.jpg,train,malignant,4899,92.0,19248,92.0,-1,-1
train_set/malignant/ISIC_0053843_480x480.jpg,train,malignant,3592,96.0,9791,90.0,-1,-1
train_set/malignant/ISIC_0053846_480x480.jpg,train,malignant,6300,86.0,5445,86.0,-1,-1
train_set/malignant/ISIC_0053854_480x480.jpg,train,malignant,3654,74.0,9156,76.0,-1,-1
train_set/malignant/ISIC_0053884_480x480.jpg,train,malignant,7410,80.0,10386,86.0,-1,-1
train_set/malignant/ISIC_0053891_480x480.jpg,train,malignant,8229,88.0,18301,80.0,-1,-1
train_set/malignant/ISIC_0053909_480x480.jpg,train,malignant,1170,74.0,25180,76.0,-1,-1
train_set/malignant/ISIC_0053916_480x480.jpg,train,malignant,322,92.0,10283,94.0,-1,-1
train_set/malignant/ISIC_0053933_480x480.jpg,train,malignant,8864,92.0,19189,84.0,-1,-1
train_set/malignant/ISIC_0053945_480x480.jpg,train,malignant,4920,94.0,11540,90.0,-1,-1
train_set/malignant/ISIC_0053947_480x480.jpg,train,malignant,538,92.0,4752,94.0,-1,-1
train_set/malignant/ISIC_0053953_480x480.jpg,train,malignant,941,92.0,29018,86.0,-1,-1
train_set/malignant/ISIC_0053960_480x480.jpg,train,malignant,1232,92.0,3246,88.0,-1,-1
train_set/malignant/ISIC_0053971_480x480.jpg,train,malignant,1417,94.0,18467,92.0,-1,-1
train_set/malignant/ISIC_0053973_480x480.jpg,train,malignant,7459,84.0,3192,82.0,-1,-1
train_set/malignant/ISIC_0053980_480x480.jpg,train,malignant,1361,88.0,15185,88.0,-1,-1
train_set/malignant/ISIC_0053981_480x480.jpg,train,malignant,7611,90.0,3419,80.0,-1,-1
train_set/malignant/ISIC_0053985_480x480.jpg,train,malignant,3128,88.0,29493,88.0,-1,-1
train_set/malignant/ISIC_0053996_480x480.jpg,train,malignant,9540,88.0,21551,84.0,-1,-1
train_set/malignant/ISIC_0054006_480x480.jpg,train,malignant,214,86.0,6266,86.0,-1,-1
train_set/malignant/ISIC_0054021_480x480.jpg,train,malignant,6607,88.0,18927,92.0,-1,-1
train_set/malignant/ISIC_0054024_480x480.jpg,train,malignant,9880,92.0,16962,90.0,-1,-1
train_set/malignant/ISIC_0054025_480x480.jpg,train,malignant,25,86.0,7119,84.0,-1,-1
train_set/malignant/ISIC_0054038_480x480.jpg,train,malignant,1779,72.0,6072,68.0,-1,-1
train_set/malignant/ISIC_0054043_480x480.jpg,train,malignant,6083,88.0,16899,88.0,-1,-1
train_set/malignant/ISIC_0054048_480x480.jpg,train,malignant,7868,88.0,199,86.0,-1,-1
train_set/malignant/ISIC_0054053_480x480.jpg,train,malignant,7260,84.0,4084,76.0,-1,-1
train_set/malignant/ISIC_0054061_480x480.jpg,train,malignant,6868,84.0,3571,84.0,-1,-1
train_set/malignant/ISIC_0054062_480x480.jpg,train,malignant,6768,78.0,15167,88.0,-1,-1
train_set/malignant/ISIC_0054070_480x480.jpg,train,malignant,8672,90.0,29444,84.0,-1,-1
train_set/malignant/ISIC_0054073_480x480.jpg,train,malignant,893,78.0,32293,82.0,-1,-1
train_set/malignant/ISIC_0054079_480x480.jpg,train,malignant,3073,94.0,19189,84.0,-1,-1
train_set/malignant/ISIC_0054080_480x480.jpg,train,malignant,1669,86.0,12874,88.0,-1,-1
train_set/malignant/ISIC_0054082_480x480.jpg,train,malignant,5332,86.0,7377,86.0,-1,-1
train_set/malignant/ISIC_0054085_480x480.jpg,train,malignant,6656,92.0,11828,92.0,-1,-1
train_set/malignant/ISIC_0054087_480x480.jpg,train,malignant,9378,94.0,485,94.0,-1,-1
train_set/malignant/ISIC_0054089_480x480.jpg,train,malignant,7111,84.0,5357,80.0,-1,-1
train_set/malignant/ISIC_0054090_480x480.jpg,train,malignant,5274,92.0,19189,78.0,-1,-1
train_set/malignant/ISIC_0054110_480x480.jpg,train,malignant,744,90.0,29444,66.0,-1,-1
train_set/malignant/ISIC_0054112_480x480.jpg,train,malignant,6409,88.0,29444,78.0,-1,-1
train_set/malignant/ISIC_0054123_480x480.jpg,train,malignant,20,92.0,16051,86.0,-1,-1
train_set/malignant/ISIC_0054138_480x480.jpg,train,malignant,8349,94.0,18992,82.0,-1,-1
train_set/malignant/ISIC_0054141_480x480.jpg,train,malignant,2394,82.0,7064,88.0,-1,-1
train_set/malignant/ISIC_0054146_480x480.jpg,train,malignant,225,88.0,25583,88.0,-1,-1
train_set/malignant/ISIC_0054151_480x480.jpg,train,malignant,7595,74.0,7857,84.0,-1,-1
train_set/malignant/ISIC_0054159_480x480.jpg,train,malignant,6768,88.0,13729,86.0,-1,-1
train_set/malignant/ISIC_0054167_480x480.jpg,train,malignant,6626,92.0,16484,90.0,-1,-1
train_set/malignant/ISIC_0054179_480x480.jpg,train,malignant,871,84.0,18992,86.0,-1,-1
train_set/malignant/ISIC_0054185_480x480.jpg,train,malignant,1832,80.0,6868,90.0,-1,-1
train_set/malignant/ISIC_0054193_480x480.jpg,train,malignant,1807,98.0,19189,90.0,-1,-1
train_set/malignant/ISIC_0054194_480x480.jpg,train,malignant,3755,92.0,6475,88.0,-1,-1
train_set/malignant/ISIC_0054198_480x480.jpg,train,malignant,7546,78.0,12170,76.0,-1,-1
train_set/malignant/ISIC_0054205_480x480.jpg,train,malignant,4246,94.0,1586,90.0,-1,-1
train_set/malignant/ISIC_0054206_480x480.jpg,train,malignant,6695,72.0,21375,70.0,-1,-1
train_set/malignant/ISIC_0054220_480x480.jpg,train,malignant,2948,92.0,17748,90.0,-1,-1
train_set/malignant/ISIC_0054226_480x480.jpg,train,malignant,3654,84.0,870,84.0,-1,-1
train_set/malignant/ISIC_0054229_480x480.jpg,train,malignant,5026,92.0,20299,78.0,-1,-1
train_set/malignant/ISIC_0054233_480x480.jpg,train,malignant,702,88.0,29444,80.0,-1,-1
train_set/malignant/ISIC_0054239_480x480.jpg,train,malignant,24,94.0,20562,90.0,-1,-1
train_set/malignant/ISIC_0054244_480x480.jpg,train,malignant,7919,86.0,22399,90.0,-1,-1
train_set/malignant/ISIC_0054248_480x480.jpg,train,malignant,4172,94.0,30492,88.0,-1,-1
train_set/malignant/ISIC_0054251_480x480.jpg,train,malignant,2295,86.0,8108,82.0,-1,-1
train_set/malignant/ISIC_0054274_480x480.jpg,train,malignant,6889,86.0,29663,82.0,-1,-1
train_set/malignant/ISIC_0054284_480x480.jpg,train,malignant,7035,88.0,3117,80.0,-1,-1
train_set/malignant/ISIC_0054287_480x480.jpg,train,malignant,8598,82.0,30650,82.0,-1,-1
train_set/malignant/ISIC_0054288_480x480.jpg,train,malignant,90,88.0,29444,64.0,-1,-1
train_set/malignant/ISIC_0054289_480x480.jpg,train,malignant,794,84.0,6000,82.0,-1,-1
train_set/malignant/ISIC_0054290_480x480.jpg,train,malignant,7542,90.0,4219,86.0,-1,-1
train_set/malignant/ISIC_0054292_480x480.jpg,train,malignant,3164,88.0,23632,86.0,-1,-1
train_set/malignant/ISIC_0054302_480x480.jpg,train,malignant,2247,90.0,1349,84.0,-1,-1
train_set/malignant/ISIC_0054312_480x480.jpg,train,malignant,3276,88.0,19664,90.0,-1,-1
train_set/malignant/ISIC_0054317_480x480.jpg,train,malignant,1119,90.0,24557,86.0,-1,-1
train_set/malignant/ISIC_0054329_480x480.jpg,train,malignant,2471,86.0,18616,84.0,-1,-1
train_set/malignant/ISIC_0054332_480x480.jpg,train,malignant,820,74.0,434,86.0,-1,-1
train_set/malignant/ISIC_0054334_480x480.jpg,train,malignant,9675,90.0,10162,86.0,-1,-1
train_set/malignant/ISIC_0054341_480x480.jpg,train,malignant,128,86.0,8108,84.0,-1,-1
train_set/malignant/ISIC_0054350_480x480.jpg,train,malignant,8574,88.0,10118,92.0,-1,-1
train_set/malignant/ISIC_0054351_480x480.jpg,train,malignant,611,94.0,19189,92.0,-1,-1
train_set/malignant/ISIC_0054355_480x480.jpg,train,malignant,7410,76.0,8108,78.0,-1,-1
train_set/malignant/ISIC_0054364_480x480.jpg,train,malignant,7703,84.0,18992,82.0,-1,-1
train_set/malignant/ISIC_0054377_480x480.jpg,train,malignant,734,86.0,26841,84.0,-1,-1
train_set/malignant/ISIC_0054384_480x480.jpg,train,malignant,2508,70.0,5929,74.0,-1,-1
train_set/malignant/ISIC_0054385_480x480.jpg,train,malignant,7711,94.0,28302,92.0,-1,-1
train_set/malignant/ISIC_0054391_480x480.jpg,train,malignant,1385,70.0,29387,60.0,-1,-1
train_set/malignant/ISIC_0054395_480x480.jpg,train,malignant,6869,90.0,32042,84.0,-1,-1
train_set/malignant/ISIC_0054409_480x480.jpg,train,malignant,1791,88.0,16338,86.0,-1,-1
train_set/malignant/ISIC_0054427_480x480.jpg,train,malignant,7427,90.0,17128,90.0,-1,-1
train_set/malignant/ISIC_0054434_480x480.jpg,train,malignant,155,94.0,19189,78.0,-1,-1
train_set/malignant/ISIC_0054444_480x480.jpg,train,malignant,8884,82.0,1729,78.0,-1,-1
train_set/malignant/ISIC_0054445_480x480.jpg,train,malignant,4570,84.0,22600,86.0,-1,-1
train_set/malignant/ISIC_0054459_480x480.jpg,train,malignant,1996,92.0,7432,94.0,-1,-1
train_set/malignant/ISIC_0054462_480x480.jpg,train,malignant,814,88.0,7642,84.0,-1,-1
train_set/malignant/ISIC_0054464_480x480.jpg,train,malignant,5424,90.0,18176,88.0,-1,-1
train_set/malignant/ISIC_0054465_480x480.jpg,train,malignant,9627,90.0,6580,88.0,-1,-1
train_set/malignant/ISIC_0054482_480x480.jpg,train,malignant,6746,90.0,29444,76.0,-1,-1
train_set/malignant/ISIC_0054492_480x480.jpg,train,malignant,20,92.0,6871,88.0,-1,-1
train_set/malignant/ISIC_0054497_480x480.jpg,train,malignant,1600,88.0,7172,90.0,-1,-1
train_set/malignant/ISIC_0054500_480x480.jpg,train,malignant,1107,80.0,3971,80.0,-1,-1
train_set/malignant/ISIC_0054506_480x480.jpg,train,malignant,3979,78.0,27915,76.0,-1,-1
train_set/malignant/ISIC_0054520_480x480.jpg,train,malignant,307,86.0,15958,86.0,-1,-1
train_set/malignant/ISIC_0054523_480x480.jpg,train,malignant,835,64.0,15958,78.0,-1,-1
train_set/malignant/ISIC_0054527_480x480.jpg,train,malignant,9265,78.0,7992,76.0,-1,-1
train_set/malignant/ISIC_0054528_480x480.jpg,train,malignant,6539,82.0,8054,82.0,-1,-1
train_set/malignant/ISIC_0054536_480x480.jpg,train,malignant,20,92.0,29444,76.0,-1,-1
train_set/malignant/ISIC_0054544_480x480.jpg,train,malignant,2495,92.0,7688,88.0,-1,-1
train_set/malignant/ISIC_0054568_480x480.jpg,train,malignant,6622,86.0,19853,86.0,-1,-1
train_set/malignant/ISIC_0054570_480x480.jpg,train,malignant,3254,82.0,3453,82.0,-1,-1
train_set/malignant/ISIC_0054573_480x480.jpg,train,malignant,9467,86.0,3712,88.0,-1,-1
train_set/malignant/ISIC_0054599_480x480.jpg,train,malignant,9352,88.0,22476,92.0,-1,-1
train_set/malignant/ISIC_0054618_480x480.jpg,train,malignant,7138,76.0,231,84.0,-1,-1
train_set/malignant/ISIC_0054624_480x480.jpg,train,malignant,597,74.0,3812,64.0,-1,-1
train_set/malignant/ISIC_0054625_480x480.jpg,train,malignant,3125,78.0,12487,82.0,-1,-1
train_set/malignant/ISIC_0054626_480x480.jpg,train,malignant,1381,90.0,1648,80.0,-1,-1
train_set/malignant/ISIC_0054629_480x480.jpg,train,malignant,8801,84.0,7904,82.0,-1,-1
train_set/malignant/ISIC_0054651_480x480.jpg,train,malignant,959,86.0,17749,92.0,-1,-1
train_set/malignant/ISIC_0054663_480x480.jpg,train,malignant,9143,84.0,8431,76.0,-1,-1
train_set/malignant/ISIC_0054664_480x480.jpg,train,malignant,1390,86.0,6465,78.0,-1,-1
train_set/malignant/ISIC_0054670_480x480.jpg,train,malignant,980,92.0,4782,94.0,-1,-1
train_set/malignant/ISIC_0054671_480x480.jpg,train,malignant,6750,86.0,19440,84.0,-1,-1
train_set/malignant/ISIC_0054673_480x480.jpg,train,malignant,925,78.0,8505,80.0,-1,-1
train_set/malignant/ISIC_0054677_480x480.jpg,train,malignant,1387,86.0,24415,82.0,-1,-1
train_set/malignant/ISIC_0054691_480x480.jpg,train,malignant,6056,82.0,3665,88.0,-1,-1
train_set/malignant/ISIC_0054694_480x480.jpg,train,malignant,606,72.0,8108,80.0,-1,-1
train_set/malignant/ISIC_0054705_480x480.jpg,train,malignant,3203,92.0,29902,86.0,-1,-1
train_set/malignant/ISIC_0054710_480x480.jpg,train,malignant,1075,88.0,14028,88.0,-1,-1
train_set/malignant/ISIC_0054725_480x480.jpg,train,malignant,4281,84.0,17889,82.0,-1,-1
train_set/malignant/ISIC_0054728_480x480.jpg,train,malignant,7623,86.0,1612,84.0,-1,-1
train_set/malignant/ISIC_0054743_480x480.jpg,train,malignant,5106,90.0,10741,90.0,-1,-1
train_set/malignant/ISIC_0054744_480x480.jpg,train,malignant,1943,78.0,1698,86.0,-1,-1
train_set/malignant/ISIC_0054747_480x480.jpg,train,malignant,984,68.0,3677,78.0,-1,-1
train_set/malignant/ISIC_0054748_480x480.jpg,train,malignant,7353,80.0,10791,82.0,-1,-1
train_set/malignant/ISIC_0054756_480x480.jpg,train,malignant,2511,82.0,14357,82.0,-1,-1
train_set/malignant/ISIC_0054763_480x480.jpg,train,malignant,871,96.0,18992,84.0,-1,-1
train_set/malignant/ISIC_0054767_480x480.jpg,train,malignant,2410,82.0,9228,84.0,-1,-1
train_set/malignant/ISIC_0054770_480x480.jpg,train,malignant,28,94.0,32257,88.0,-1,-1
train_set/malignant/ISIC_0054777_480x480.jpg,train,malignant,1619,88.0,14327,84.0,-1,-1
train_set/malignant/ISIC_0054787_480x480.jpg,train,malignant,4582,82.0,15443,80.0,-1,-1
train_set/malignant/ISIC_0054793_480x480.jpg,train,malignant,4694,94.0,13217,92.0,-1,-1
train_set/malignant/ISIC_0054796_480x480.jpg,train,malignant,932,94.0,10191,78.0,-1,-1
train_set/malignant/ISIC_0054802_480x480.jpg,train,malignant,871,96.0,18992,84.0,-1,-1
train_set/malignant/ISIC_0054819_480x480.jpg,train,malignant,1399,90.0,23632,88.0,-1,-1
train_set/malignant/ISIC_0054844_480x480.jpg,train,malignant,2091,90.0,1423,94.0,-1,-1
train_set/malignant/ISIC_0054846_480x480.jpg,train,malignant,90,90.0,29444,82.0,-1,-1
train_set/malignant/ISIC_0054851_480x480.jpg,train,malignant,1769,82.0,8108,88.0,-1,-1
train_set/malignant/ISIC_0054852_480x480.jpg,train,malignant,6492,88.0,8953,94.0,-1,-1
train_set/malignant/ISIC_0054853_480x480.jpg,train,malignant,8662,92.0,25519,92.0,-1,-1
train_set/malignant/ISIC_0054859_480x480.jpg,train,malignant,6796,94.0,1785,92.0,-1,-1
train_set/malignant/ISIC_0054870_480x480.jpg,train,malignant,1212,90.0,19751,80.0,-1,-1
train_set/malignant/ISIC_0054874_480x480.jpg,train,malignant,4647,94.0,8632,96.0,-1,-1
train_set/malignant/ISIC_0054885_480x480.jpg,train,malignant,66,92.0,29444,84.0,-1,-1
train_set/malignant/ISIC_0054886_480x480.jpg,train,malignant,476,90.0,3170,86.0,-1,-1
train_set/malignant/ISIC_0054889_480x480.jpg,train,malignant,65,98.0,19189,90.0,-1,-1
train_set/malignant/ISIC_0054892_480x480.jpg,train,malignant,7560,74.0,10882,82.0,-1,-1
train_set/malignant/ISIC_0054904_480x480.jpg,train,malignant,8672,90.0,18992,82.0,-1,-1
train_set/malignant/ISIC_0054906_480x480.jpg,train,malignant,3943,90.0,1349,90.0,-1,-1
train_set/malignant/ISIC_0054912_480x480.jpg,train,malignant,6999,92.0,19189,86.0,-1,-1
train_set/malignant/ISIC_0054914_480x480.jpg,train,malignant,1950,84.0,28115,82.0,-1,-1
train_set/malignant/ISIC_0054919_480x480.jpg,train,malignant,138,80.0,15958,88.0,-1,-1
train_set/malignant/ISIC_0054932_480x480.jpg,train,malignant,1555,90.0,18492,88.0,-1,-1
train_set/malignant/ISIC_0054936_480x480.jpg,train,malignant,1519,90.0,2557,90.0,-1,-1
train_set/malignant/ISIC_0054941_480x480.jpg,train,malignant,2104,92.0,18492,86.0,-1,-1
train_set/malignant/ISIC_0054954_480x480.jpg,train,malignant,1258,90.0,12673,86.0,-1,-1
train_set/malignant/ISIC_0054963_480x480.jpg,train,malignant,7365,80.0,9061,84.0,-1,-1
train_set/malignant/ISIC_0054973_480x480.jpg,train,malignant,9064,92.0,1099,88.0,-1,-1
train_set/malignant/ISIC_0054974_480x480.jpg,train,malignant,9491,84.0,6931,78.0,-1,-1
train_set/malignant/ISIC_0054976_480x480.jpg,train,malignant,1832,96.0,3016,90.0,-1,-1
train_set/malignant/ISIC_0054979_480x480.jpg,train,malignant,65,90.0,14047,92.0,-1,-1
train_set/malignant/ISIC_0054982_480x480.jpg,train,malignant,604,94.0,29073,88.0,-1,-1
train_set/malignant/ISIC_0054988_480x480.jpg,train,malignant,199,80.0,27050,78.0,-1,-1
train_set/malignant/ISIC_0054995_480x480.jpg,train,malignant,1721,88.0,5796,88.0,-1,-1
train_set/malignant/ISIC_0055003_480x480.jpg,train,malignant,432,78.0,2062,86.0,-1,-1
train_set/malignant/ISIC_0055007_480x480.jpg,train,malignant,5090,90.0,10007,92.0,-1,-1
train_set/malignant/ISIC_0055008_480x480.jpg,train,malignant,870,86.0,13118,90.0,-1,-1
train_set/malignant/ISIC_0055022_480x480.jpg,train,malignant,4638,86.0,13303,86.0,-1,-1
train_set/malignant/ISIC_0055024_480x480.jpg,train,malignant,842,72.0,10882,78.0,-1,-1
train_set/malignant/ISIC_0055039_480x480.jpg,train,malignant,349,88.0,11153,78.0,-1,-1
train_set/malignant/ISIC_0055046_480x480.jpg,train,malignant,7207,88.0,10335,88.0,-1,-1
train_set/malignant/ISIC_0055048_480x480.jpg,train,malignant,806,68.0,11147,78.0,-1,-1
train_set/malignant/ISIC_0055051_480x480.jpg,train,malignant,8035,88.0,6876,80.0,-1,-1
train_set/malignant/ISIC_0055054_480x480.jpg,train,malignant,4711,84.0,19180,84.0,-1,-1
train_set/malignant/ISIC_0055079_480x480.jpg,train,malignant,4681,92.0,18241,88.0,-1,-1
train_set/malignant/ISIC_0055081_480x480.jpg,train,malignant,1289,88.0,24927,90.0,-1,-1
train_set/malignant/ISIC_0055086_480x480.jpg,train,malignant,2127,72.0,3227,74.0,-1,-1
train_set/malignant/ISIC_0055087_480x480.jpg,train,malignant,934,94.0,4994,94.0,-1,-1
train_set/malignant/ISIC_0055091_480x480.jpg,train,malignant,5009,92.0,17462,82.0,-1,-1
train_set/malignant/ISIC_0055105_480x480.jpg,train,malignant,6626,90.0,8428,90.0,-1,-1
train_set/malignant/ISIC_0055136_480x480.jpg,train,malignant,1249,96.0,12536,90.0,-1,-1
train_set/malignant/ISIC_0055140_480x480.jpg,train,malignant,2471,78.0,23540,76.0,-1,-1
train_set/malignant/ISIC_0055141_480x480.jpg,train,malignant,284,94.0,9972,86.0,-1,-1
train_set/malignant/ISIC_0055143_480x480.jpg,train,malignant,5810,94.0,2476,86.0,-1,-1
train_set/malignant/ISIC_0055147_480x480.jpg,train,malignant,7873,86.0,9223,86.0,-1,-1
train_set/malignant/ISIC_0055156_480x480.jpg,train,malignant,46,80.0,29878,76.0,-1,-1
train_set/malignant/ISIC_0055157_480x480.jpg,train,malignant,1394,90.0,16502,88.0,-1,-1
train_set/malignant/ISIC_0055161_480x480.jpg,train,malignant,6481,86.0,20879,86.0,-1,-1
train_set/malignant/ISIC_0055167_480x480.jpg,train,malignant,9170,78.0,28011,78.0,-1,-1
train_set/malignant/ISIC_0055169_480x480.jpg,train,malignant,862,88.0,13168,82.0,-1,-1
train_set/malignant/ISIC_0055179_480x480.jpg,train,malignant,1780,86.0,30861,88.0,-1,-1
train_set/malignant/ISIC_0055181_480x480.jpg,train,malignant,4736,94.0,6439,94.0,-1,-1
train_set/malignant/ISIC_0055191_480x480.jpg,train,malignant,588,80.0,317,64.0,-1,-1
train_set/malignant/ISIC_0055193_480x480.jpg,train,malignant,803,90.0,29444,58.0,-1,-1
train_set/malignant/ISIC_0055205_480x480.jpg,train,malignant,9147,92.0,902,92.0,-1,-1
train_set/malignant/ISIC_0055208_480x480.jpg,train,malignant,8267,92.0,1803,92.0,-1,-1
train_set/malignant/ISIC_0055213_480x480.jpg,train,malignant,871,88.0,18992,82.0,-1,-1
train_set/malignant/ISIC_0055226_480x480.jpg,train,malignant,9447,82.0,29131,72.0,-1,-1
train_set/malignant/ISIC_0055236_480x480.jpg,train,malignant,90,92.0,29444,76.0,-1,-1
train_set/malignant/ISIC_0055241_480x480.jpg,train,malignant,3755,84.0,16869,88.0,-1,-1
train_set/malignant/ISIC_0055246_480x480.jpg,train,malignant,1618,86.0,25717,86.0,-1,-1
train_set/malignant/ISIC_0055249_480x480.jpg,train,malignant,8681,82.0,5362,80.0,-1,-1
train_set/malignant/ISIC_0055253_480x480.jpg,train,malignant,1142,88.0,3435,88.0,-1,-1
train_set/malignant/ISIC_0055254_480x480.jpg,train,malignant,7772,90.0,25202,90.0,-1,-1
train_set/malignant/ISIC_0055264_480x480.jpg,train,malignant,9323,72.0,16231,76.0,-1,-1
train_set/malignant/ISIC_0055265_480x480.jpg,train,malignant,5761,90.0,8989,86.0,-1,-1
train_set/malignant/ISIC_0055276_480x480.jpg,train,malignant,2661,92.0,4324,88.0,-1,-1
train_set/malignant/ISIC_0055279_480x480.jpg,train,malignant,523,92.0,2656,88.0,-1,-1
train_set/malignant/ISIC_0055282_480x480.jpg,train,malignant,8553,78.0,22702,76.0,-1,-1
train_set/malignant/ISIC_0055287_480x480.jpg,train,malignant,611,92.0,19189,86.0,-1,-1
train_set/malignant/ISIC_0055289_480x480.jpg,train,malignant,8356,88.0,24566,86.0,-1,-1
train_set/malignant/ISIC_0055293_480x480.jpg,train,malignant,1231,88.0,6547,86.0,-1,-1
train_set/malignant/ISIC_0055295_480x480.jpg,train,malignant,90,86.0,24461,80.0,-1,-1
train_set/malignant/ISIC_0055297_480x480.jpg,train,malignant,8408,78.0,918,76.0,-1,-1
train_set/malignant/ISIC_0055309_480x480.jpg,train,malignant,4717,90.0,29444,66.0,-1,-1
train_set/malignant/ISIC_0055311_480x480.jpg,train,malignant,1949,86.0,27559,90.0,-1,-1
train_set/malignant/ISIC_0055314_480x480.jpg,train,malignant,5012,84.0,23710,82.0,-1,-1
train_set/malignant/ISIC_0055317_480x480.jpg,train,malignant,38,92.0,2950,92.0,-1,-1
train_set/malignant/ISIC_0055318_480x480.jpg,train,malignant,5634,86.0,11373,92.0,-1,-1
train_set/malignant/ISIC_0055327_480x480.jpg,train,malignant,1669,86.0,28799,88.0,-1,-1
train_set/malignant/ISIC_0055337_480x480.jpg,train,malignant,8224,92.0,6240,96.0,-1,-1
train_set/malignant/ISIC_0055340_480x480.jpg,train,malignant,20,92.0,29444,76.0,-1,-1
train_set/malignant/ISIC_0055359_480x480.jpg,train,malignant,1492,76.0,8552,80.0,-1,-1
train_set/malignant/ISIC_0055361_480x480.jpg,train,malignant,2471,70.0,11147,82.0,-1,-1
train_set/malignant/ISIC_0055362_480x480.jpg,train,malignant,6826,88.0,15360,70.0,-1,-1
train_set/malignant/ISIC_0055367_480x480.jpg,train,malignant,1626,96.0,226,90.0,-1,-1
train_set/malignant/ISIC_0055376_480x480.jpg,train,malignant,142,84.0,2460,86.0,-1,-1
train_set/malignant/ISIC_0055378_480x480.jpg,train,malignant,20,94.0,9949,88.0,-1,-1
train_set/malignant/ISIC_0055393_480x480.jpg,train,malignant,8974,90.0,4561,92.0,-1,-1
train_set/malignant/ISIC_0055403_480x480.jpg,train,malignant,5019,90.0,12735,90.0,-1,-1
train_set/malignant/ISIC_0055404_480x480.jpg,train,malignant,1703,82.0,2827,86.0,-1,-1
train_set/malignant/ISIC_0055405_480x480.jpg,train,malignant,2638,84.0,20889,90.0,-1,-1
train_set/malignant/ISIC_0055412_480x480.jpg,train,malignant,2595,84.0,28090,80.0,-1,-1
train_set/malignant/ISIC_0055438_480x480.jpg,train,malignant,8020,70.0,11156,74.0,-1,-1
train_set/malignant/ISIC_0055440_480x480.jpg,train,malignant,4544,74.0,4483,80.0,-1,-1
train_set/malignant/ISIC_0055450_480x480.jpg,train,malignant,5948,92.0,4195,96.0,-1,-1
train_set/malignant/ISIC_0055451_480x480.jpg,train,malignant,3597,84.0,32011,78.0,-1,-1
train_set/malignant/ISIC_0055453_480x480.jpg,train,malignant,4687,92.0,3536,92.0,-1,-1
train_set/malignant/ISIC_0055454_480x480.jpg,train,malignant,7122,90.0,16422,88.0,-1,-1
train_set/malignant/ISIC_0055459_480x480.jpg,train,malignant,6768,82.0,15779,82.0,-1,-1
train_set/malignant/ISIC_0055460_480x480.jpg,train,malignant,8335,96.0,5694,96.0,-1,-1
train_set/malignant/ISIC_0055462_480x480.jpg,train,malignant,20,88.0,10191,84.0,-1,-1
train_set/malignant/ISIC_0055464_480x480.jpg,train,malignant,4171,90.0,16804,88.0,-1,-1
train_set/malignant/ISIC_0055465_480x480.jpg,train,malignant,314,86.0,10191,86.0,-1,-1
train_set/malignant/ISIC_0055467_480x480.jpg,train,malignant,8615,92.0,5315,92.0,-1,-1
train_set/malignant/ISIC_0055468_480x480.jpg,train,malignant,1519,94.0,10191,84.0,-1,-1
train_set/malignant/ISIC_0055474_480x480.jpg,train,malignant,7134,84.0,29444,82.0,-1,-1
train_set/malignant/ISIC_0055491_480x480.jpg,train,malignant,7474,86.0,8813,88.0,-1,-1
train_set/malignant/ISIC_0055492_480x480.jpg,train,malignant,6289,90.0,3194,92.0,-1,-1
train_set/malignant/ISIC_0055496_480x480.jpg,train,malignant,3858,90.0,16356,90.0,-1,-1
train_set/malignant/ISIC_0055498_480x480.jpg,train,malignant,1945,94.0,12445,90.0,-1,-1
train_set/malignant/ISIC_0055503_480x480.jpg,train,malignant,3004,94.0,23632,90.0,-1,-1
train_set/malignant/ISIC_0055511_480x480.jpg,train,malignant,5274,90.0,32008,90.0,-1,-1
train_set/malignant/ISIC_0055513_480x480.jpg,train,malignant,5203,74.0,2981,76.0,-1,-1
train_set/malignant/ISIC_0055519_480x480.jpg,train,malignant,2385,94.0,2374,92.0,-1,-1
train_set/malignant/ISIC_0055526_480x480.jpg,train,malignant,880,84.0,7928,82.0,-1,-1
train_set/malignant/ISIC_0055527_480x480.jpg,train,malignant,2548,82.0,23591,82.0,-1,-1
train_set/malignant/ISIC_0055528_480x480.jpg,train,malignant,4572,92.0,10994,86.0,-1,-1
train_set/malignant/ISIC_0055546_480x480.jpg,train,malignant,6605,86.0,31554,90.0,-1,-1
train_set/malignant/ISIC_0055549_480x480.jpg,train,malignant,7001,84.0,3419,86.0,-1,-1
train_set/malignant/ISIC_0055550_480x480.jpg,train,malignant,1167,82.0,1532,80.0,-1,-1
train_set/malignant/ISIC_0055556_480x480.jpg,train,malignant,1680,86.0,28790,80.0,-1,-1
train_set/malignant/ISIC_0055563_480x480.jpg,train,malignant,1482,94.0,1146,96.0,-1,-1
train_set/malignant/ISIC_0055623_480x480.jpg,train,malignant,9781,92.0,29944,90.0,-1,-1
train_set/malignant/ISIC_0055624_480x480.jpg,train,malignant,7105,78.0,24815,84.0,-1,-1
train_set/malignant/ISIC_0055643_480x480.jpg,train,malignant,1754,90.0,1710,88.0,-1,-1
train_set/malignant/ISIC_0055659_480x480.jpg,train,malignant,5500,92.0,3193,92.0,-1,-1
train_set/malignant/ISIC_0055660_480x480.jpg,train,malignant,5255,88.0,9820,90.0,-1,-1
train_set/malignant/ISIC_0055665_480x480.jpg,train,malignant,4343,84.0,6174,86.0,-1,-1
train_set/malignant/ISIC_0055675_480x480.jpg,train,malignant,9420,84.0,19981,80.0,-1,-1
train_set/malignant/ISIC_0055680_480x480.jpg,train,malignant,1648,88.0,6030,84.0,-1,-1
train_set/malignant/ISIC_0055690_480x480.jpg,train,malignant,69,92.0,19848,90.0,-1,-1
train_set/malignant/ISIC_0055699_480x480.jpg,train,malignant,4028,90.0,11540,90.0,-1,-1
train_set/malignant/ISIC_0055701_480x480.jpg,train,malignant,1353,96.0,19189,82.0,-1,-1
train_set/malignant/ISIC_0055707_480x480.jpg,train,malignant,7410,74.0,14640,80.0,-1,-1
train_set/malignant/ISIC_0055709_480x480.jpg,train,malignant,7541,94.0,29404,90.0,-1,-1
train_set/malignant/ISIC_0055714_480x480.jpg,train,malignant,1291,92.0,22005,88.0,-1,-1
train_set/malignant/ISIC_0055720_480x480.jpg,train,malignant,3933,86.0,16461,90.0,-1,-1
train_set/malignant/ISIC_0055733_480x480.jpg,train,malignant,99,98.0,3565,86.0,-1,-1
train_set/malignant/ISIC_0055739_480x480.jpg,train,malignant,2007,92.0,1950,92.0,-1,-1
train_set/malignant/ISIC_0055741_480x480.jpg,train,malignant,57,92.0,28549,86.0,-1,-1
train_set/malignant/ISIC_0055742_480x480.jpg,train,malignant,2988,90.0,30141,86.0,-1,-1
train_set/malignant/ISIC_0055743_480x480.jpg,train,malignant,4989,90.0,8718,86.0,-1,-1
train_set/malignant/ISIC_0055747_480x480.jpg,train,malignant,775,66.0,30751,72.0,-1,-1
train_set/malignant/ISIC_0055759_480x480.jpg,train,malignant,6710,78.0,30751,78.0,-1,-1
train_set/malignant/ISIC_0055771_480x480.jpg,train,malignant,3484,92.0,4923,92.0,-1,-1
train_set/malignant/ISIC_0055776_480x480.jpg,train,malignant,20,92.0,29444,80.0,-1,-1
train_set/malignant/ISIC_0055781_480x480.jpg,train,malignant,1752,82.0,17563,86.0,-1,-1
train_set/malignant/ISIC_0055783_480x480.jpg,train,malignant,6686,78.0,18996,72.0,-1,-1
train_set/malignant/ISIC_0055796_480x480.jpg,train,malignant,1218,90.0,2055,90.0,-1,-1
train_set/malignant/ISIC_0055797_480x480.jpg,train,malignant,9256,72.0,20035,78.0,-1,-1
train_set/malignant/ISIC_0055799_480x480.jpg,train,malignant,6560,92.0,3493,92.0,-1,-1
train_set/malignant/ISIC_0055802_480x480.jpg,train,malignant,350,92.0,28564,88.0,-1,-1
train_set/malignant/ISIC_0055803_480x480.jpg,train,malignant,794,88.0,6224,90.0,-1,-1
train_set/malignant/ISIC_0055810_480x480.jpg,train,malignant,1249,84.0,28992,88.0,-1,-1
train_set/malignant/ISIC_0055818_480x480.jpg,train,malignant,9587,88.0,29402,86.0,-1,-1
train_set/malignant/ISIC_0055820_480x480.jpg,train,malignant,5875,88.0,17756,88.0,-1,-1
train_set/malignant/ISIC_0055825_480x480.jpg,train,malignant,2597,86.0,1683,88.0,-1,-1
train_set/malignant/ISIC_0055828_480x480.jpg,train,malignant,1861,92.0,9020,94.0,-1,-1
train_set/malignant/ISIC_0055832_480x480.jpg,train,malignant,4020,92.0,2096,92.0,-1,-1
train_set/malignant/ISIC_0055840_480x480.jpg,train,malignant,7603,94.0,19189,90.0,-1,-1
train_set/malignant/ISIC_0055841_480x480.jpg,train,malignant,7792,80.0,27639,86.0,-1,-1
train_set/malignant/ISIC_0055859_480x480.jpg,train,malignant,7546,86.0,32288,80.0,-1,-1
train_set/malignant/ISIC_0055862_480x480.jpg,train,malignant,780,94.0,30902,90.0,-1,-1
train_set/malignant/ISIC_0055876_480x480.jpg,train,malignant,1626,76.0,20071,70.0,-1,-1
train_set/malignant/ISIC_0055887_480x480.jpg,train,malignant,7178,76.0,30577,74.0,-1,-1
train_set/malignant/ISIC_0055892_480x480.jpg,train,malignant,571,94.0,20280,88.0,-1,-1
train_set/malignant/ISIC_0055899_480x480.jpg,train,malignant,2462,88.0,24144,84.0,-1,-1
train_set/malignant/ISIC_0055902_480x480.jpg,train,malignant,5,84.0,10191,86.0,-1,-1
train_set/malignant/ISIC_0055905_480x480.jpg,train,malignant,6294,92.0,19220,88.0,-1,-1
train_set/malignant/ISIC_0055907_480x480.jpg,train,malignant,9188,92.0,11795,92.0,-1,-1
train_set/malignant/ISIC_0055911_480x480.jpg,train,malignant,5847,86.0,21874,86.0,-1,-1
train_set/malignant/ISIC_0055918_480x480.jpg,train,malignant,5046,88.0,15828,90.0,-1,-1
train_set/malignant/ISIC_0055924_480x480.jpg,train,malignant,6768,86.0,17385,86.0,-1,-1
train_set/malignant/ISIC_0055930_480x480.jpg,train,malignant,4598,88.0,1490,92.0,-1,-1
train_set/malignant/ISIC_0055931_480x480.jpg,train,malignant,7166,84.0,17538,78.0,-1,-1
train_set/malignant/ISIC_0055937_480x480.jpg,train,malignant,90,90.0,15360,80.0,-1,-1
train_set/malignant/ISIC_0055938_480x480.jpg,train,malignant,2522,84.0,2209,86.0,-1,-1
train_set/malignant/ISIC_0055954_480x480.jpg,train,malignant,6779,92.0,19189,84.0,-1,-1
train_set/malignant/ISIC_0055960_480x480.jpg,train,malignant,2878,80.0,879,82.0,-1,-1
train_set/malignant/ISIC_0055976_480x480.jpg,train,malignant,806,94.0,23939,88.0,-1,-1
train_set/malignant/ISIC_0055984_480x480.jpg,train,malignant,4394,92.0,3742,96.0,-1,-1
train_set/malignant/ISIC_0056017_480x480.jpg,train,malignant,2405,88.0,3958,88.0,-1,-1
train_set/malignant/ISIC_0056019_480x480.jpg,train,malignant,8403,94.0,19746,92.0,-1,-1
train_set/malignant/ISIC_0056036_480x480.jpg,train,malignant,5,92.0,19110,88.0,-1,-1
train_set/malignant/ISIC_0056041_480x480.jpg,train,malignant,6088,74.0,13831,78.0,-1,-1
train_set/malignant/ISIC_0056044_480x480.jpg,train,malignant,2578,88.0,1698,88.0,-1,-1
train_set/malignant/ISIC_0056046_480x480.jpg,train,malignant,7281,88.0,9604,86.0,-1,-1
train_set/malignant/ISIC_0056047_480x480.jpg,train,malignant,1059,86.0,11373,80.0,-1,-1
train_set/malignant/ISIC_0056063_480x480.jpg,train,malignant,1553,86.0,21919,84.0,-1,-1
train_set/malignant/ISIC_0056072_480x480.jpg,train,malignant,5829,94.0,13392,92.0,-1,-1
train_set/malignant/ISIC_0056079_480x480.jpg,train,malignant,4171,90.0,25547,92.0,-1,-1
train_set/malignant/ISIC_0056089_480x480.jpg,train,malignant,5019,74.0,9251,74.0,-1,-1
train_set/malignant/ISIC_0056092_480x480.jpg,train,malignant,6862,48.0,32336,48.0,-1,-1
train_set/malignant/ISIC_0056102_480x480.jpg,train,malignant,5129,92.0,31294,90.0,-1,-1
train_set/malignant/ISIC_0056113_480x480.jpg,train,malignant,4944,90.0,14037,90.0,-1,-1
train_set/malignant/ISIC_0056118_480x480.jpg,train,malignant,1671,82.0,9765,82.0,-1,-1
train_set/malignant/ISIC_0056119_480x480.jpg,train,malignant,9686,84.0,6000,88.0,-1,-1
train_set/malignant/ISIC_0056127_480x480.jpg,train,malignant,1023,92.0,1439,84.0,-1,-1
train_set/malignant/ISIC_0056130_480x480.jpg,train,malignant,9675,90.0,10162,86.0,-1,-1
train_set/malignant/ISIC_0056136_480x480.jpg,train,malignant,2595,74.0,3812,78.0,-1,-1
train_set/malignant/ISIC_0056138_480x480.jpg,train,malignant,1217,88.0,25773,88.0,-1,-1
train_set/malignant/ISIC_0056141_480x480.jpg,train,malignant,9491,82.0,29444,78.0,-1,-1
train_set/malignant/ISIC_0056152_480x480.jpg,train,malignant,2766,78.0,3812,80.0,-1,-1
train_set/malignant/ISIC_0056156_480x480.jpg,train,malignant,5571,78.0,20048,70.0,-1,-1
train_set/malignant/ISIC_0056164_480x480.jpg,train,malignant,12,82.0,15607,80.0,-1,-1
train_set/malignant/ISIC_0056167_480x480.jpg,train,malignant,184,84.0,13785,78.0,-1,-1
train_set/malignant/ISIC_0056185_480x480.jpg,train,malignant,3139,92.0,28142,94.0,-1,-1
train_set/malignant/ISIC_0056186_480x480.jpg,train,malignant,3837,96.0,15833,90.0,-1,-1
train_set/malignant/ISIC_0056190_480x480.jpg,train,malignant,9790,86.0,3544,86.0,-1,-1
train_set/malignant/ISIC_0056192_480x480.jpg,train,malignant,9909,90.0,20782,90.0,-1,-1
train_set/malignant/ISIC_0056201_480x480.jpg,train,malignant,1055,90.0,19189,88.0,-1,-1
train_set/malignant/ISIC_0056202_480x480.jpg,train,malignant,3537,90.0,7004,92.0,-1,-1
train_set/malignant/ISIC_0056208_480x480.jpg,train,malignant,3459,94.0,17974,94.0,-1,-1
train_set/malignant/ISIC_0056209_480x480.jpg,train,malignant,871,88.0,18992,78.0,-1,-1
train_set/malignant/ISIC_0056210_480x480.jpg,train,malignant,9751,92.0,1963,92.0,-1,-1
train_set/malignant/ISIC_0056214_480x480.jpg,train,malignant,1868,84.0,22701,86.0,-1,-1
train_set/malignant/ISIC_0056221_480x480.jpg,train,malignant,6738,88.0,3992,86.0,-1,-1
train_set/malignant/ISIC_0056226_480x480.jpg,train,malignant,6395,78.0,27447,84.0,-1,-1
train_set/malignant/ISIC_0056228_480x480.jpg,train,malignant,2739,92.0,10191,74.0,-1,-1
train_set/malignant/ISIC_0056232_480x480.jpg,train,malignant,5637,80.0,1332,88.0,-1,-1
train_set/malignant/ISIC_0056246_480x480.jpg,train,malignant,4322,90.0,8147,90.0,-1,-1
train_set/malignant/ISIC_0056247_480x480.jpg,train,malignant,307,76.0,14514,86.0,-1,-1
train_set/malignant/ISIC_0056261_480x480.jpg,train,malignant,8887,86.0,9251,86.0,-1,-1
train_set/malignant/ISIC_0056263_480x480.jpg,train,malignant,3772,94.0,19189,94.0,-1,-1
train_set/malignant/ISIC_0056269_480x480.jpg,train,malignant,5236,82.0,1902,80.0,-1,-1
train_set/malignant/ISIC_0056271_480x480.jpg,train,malignant,90,88.0,9339,82.0,-1,-1
train_set/malignant/ISIC_0056292_480x480.jpg,train,malignant,1515,88.0,28050,76.0,-1,-1
train_set/malignant/ISIC_0056298_480x480.jpg,train,malignant,261,92.0,24031,86.0,-1,-1
train_set/malignant/ISIC_0056303_480x480.jpg,train,malignant,582,86.0,13227,86.0,-1,-1
train_set/malignant/ISIC_0056309_480x480.jpg,train,malignant,9353,86.0,1760,88.0,-1,-1
train_set/malignant/ISIC_0056319_480x480.jpg,train,malignant,9152,80.0,26453,76.0,-1,-1
train_set/malignant/ISIC_0056330_480x480.jpg,train,malignant,7884,82.0,3323,82.0,-1,-1
train_set/malignant/ISIC_0056346_480x480.jpg,train,malignant,1868,92.0,7512,90.0,-1,-1
train_set/malignant/ISIC_0056364_480x480.jpg,train,malignant,7670,84.0,32559,80.0,-1,-1
train_set/malignant/ISIC_0056389_480x480.jpg,train,malignant,460,90.0,145,88.0,-1,-1
train_set/malignant/ISIC_0056403_480x480.jpg,train,malignant,4040,88.0,5219,90.0,-1,-1
train_set/malignant/ISIC_0056406_480x480.jpg,train,malignant,2894,92.0,11382,86.0,-1,-1
train_set/malignant/ISIC_0056409_480x480.jpg,train,malignant,3751,74.0,2682,84.0,-1,-1
train_set/malignant/ISIC_0056413_480x480.jpg,train,malignant,2355,82.0,28193,80.0,-1,-1
train_set/malignant/ISIC_0056422_480x480.jpg,train,malignant,4011,90.0,27682,88.0,-1,-1
train_set/malignant/ISIC_0056425_480x480.jpg,train,malignant,945,84.0,2188,84.0,-1,-1
train_set/malignant/ISIC_0056428_480x480.jpg,train,malignant,1855,90.0,9698,90.0,-1,-1
train_set/malignant/ISIC_0056436_480x480.jpg,train,malignant,3418,92.0,17366,94.0,-1,-1
train_set/malignant/ISIC_0056440_480x480.jpg,train,malignant,8427,90.0,9972,84.0,-1,-1
train_set/malignant/ISIC_0056448_480x480.jpg,train,malignant,7418,90.0,8636,82.0,-1,-1
train_set/malignant/ISIC_0056479_480x480.jpg,train,malignant,4737,92.0,24267,92.0,-1,-1
train_set/malignant/ISIC_0056483_480x480.jpg,train,malignant,4121,90.0,5970,88.0,-1,-1
train_set/malignant/ISIC_0056484_480x480.jpg,train,malignant,1984,90.0,5457,90.0,-1,-1
train_set/malignant/ISIC_0056487_480x480.jpg,train,malignant,7621,66.0,24139,72.0,-1,-1
train_set/malignant/ISIC_0056496_480x480.jpg,train,malignant,1703,94.0,2767,92.0,-1,-1
train_set/malignant/ISIC_0056501_480x480.jpg,train,malignant,7294,84.0,1803,80.0,-1,-1
train_set/malignant/ISIC_0056511_480x480.jpg,train,malignant,8427,80.0,21368,76.0,-1,-1
train_set/malignant/ISIC_0056525_480x480.jpg,train,malignant,3987,86.0,588,86.0,-1,-1
train_set/malignant/ISIC_0056531_480x480.jpg,train,malignant,2773,92.0,9461,86.0,-1,-1
train_set/malignant/ISIC_0056537_480x480.jpg,train,malignant,6833,92.0,8407,88.0,-1,-1
train_set/malignant/ISIC_0056546_480x480.jpg,train,malignant,8179,88.0,2363,86.0,-1,-1
train_set/malignant/ISIC_0056554_480x480.jpg,train,malignant,1170,78.0,3812,74.0,-1,-1
train_set/malignant/ISIC_0056572_480x480.jpg,train,malignant,794,82.0,14640,86.0,-1,-1
train_set/malignant/ISIC_0056573_480x480.jpg,train,malignant,3192,92.0,9791,92.0,-1,-1
train_set/malignant/ISIC_0056600_480x480.jpg,train,malignant,2127,86.0,13258,90.0,-1,-1
train_set/malignant/ISIC_0056601_480x480.jpg,train,malignant,842,72.0,14640,80.0,-1,-1
train_set/malignant/ISIC_0056604_480x480.jpg,train,malignant,806,84.0,11147,78.0,-1,-1
train_set/malignant/ISIC_0056614_480x480.jpg,train,malignant,7873,84.0,7718,86.0,-1,-1
train_set/malignant/ISIC_0056615_480x480.jpg,train,malignant,1721,94.0,1106,92.0,-1,-1
train_set/malignant/ISIC_0056625_480x480.jpg,train,malignant,1678,88.0,31899,86.0,-1,-1
train_set/malignant/ISIC_0056626_480x480.jpg,train,malignant,6206,92.0,8692,94.0,-1,-1
train_set/malignant/ISIC_0056632_480x480.jpg,train,malignant,7489,72.0,29829,80.0,-1,-1
train_set/malignant/ISIC_0056638_480x480.jpg,train,malignant,7193,84.0,6392,82.0,-1,-1
train_set/malignant/ISIC_0056655_480x480.jpg,train,malignant,1170,78.0,30507,72.0,-1,-1
train_set/malignant/ISIC_0056659_480x480.jpg,train,malignant,1780,84.0,20879,88.0,-1,-1
train_set/malignant/ISIC_0056660_480x480.jpg,train,malignant,7584,90.0,29444,70.0,-1,-1
train_set/malignant/ISIC_0056663_480x480.jpg,train,malignant,8989,86.0,2608,84.0,-1,-1
train_set/malignant/ISIC_0056670_480x480.jpg,train,malignant,6606,90.0,8641,90.0,-1,-1
train_set/malignant/ISIC_0056676_480x480.jpg,train,malignant,308,92.0,20117,92.0,-1,-1
train_set/malignant/ISIC_0056677_480x480.jpg,train,malignant,9908,86.0,7235,86.0,-1,-1
train_set/malignant/ISIC_0056692_480x480.jpg,train,malignant,4149,86.0,29770,82.0,-1,-1
train_set/malignant/ISIC_0056694_480x480.jpg,train,malignant,66,90.0,29444,74.0,-1,-1
train_set/malignant/ISIC_0056710_480x480.jpg,train,malignant,7114,86.0,23209,76.0,-1,-1
train_set/malignant/ISIC_0056717_480x480.jpg,train,malignant,1012,96.0,11276,86.0,-1,-1
train_set/malignant/ISIC_0056721_480x480.jpg,train,malignant,124,76.0,14806,84.0,-1,-1
train_set/malignant/ISIC_0056723_480x480.jpg,train,malignant,7614,88.0,2465,92.0,-1,-1
train_set/malignant/ISIC_0056725_480x480.jpg,train,malignant,9525,88.0,3599,88.0,-1,-1
train_set/malignant/ISIC_0056726_480x480.jpg,train,malignant,2061,94.0,13646,86.0,-1,-1
train_set/malignant/ISIC_0056728_480x480.jpg,train,malignant,1124,82.0,7350,82.0,-1,-1
train_set/malignant/ISIC_0056729_480x480.jpg,train,malignant,3559,90.0,19189,84.0,-1,-1
train_set/malignant/ISIC_0056739_480x480.jpg,train,malignant,2356,88.0,1740,88.0,-1,-1
train_set/malignant/ISIC_0056740_480x480.jpg,train,malignant,6524,92.0,17758,92.0,-1,-1
train_set/malignant/ISIC_0056749_480x480.jpg,train,malignant,1737,86.0,14512,86.0,-1,-1
train_set/malignant/ISIC_0056750_480x480.jpg,train,malignant,5596,94.0,21382,88.0,-1,-1
train_set/malignant/ISIC_0056751_480x480.jpg,train,malignant,1217,86.0,3003,86.0,-1,-1
train_set/malignant/ISIC_0056752_480x480.jpg,train,malignant,2180,86.0,13679,82.0,-1,-1
train_set/malignant/ISIC_0056788_480x480.jpg,train,malignant,6501,74.0,16671,74.0,-1,-1
train_set/malignant/ISIC_0056790_480x480.jpg,train,malignant,2265,66.0,7584,64.0,-1,-1
train_set/malignant/ISIC_0056793_480x480.jpg,train,malignant,1868,78.0,8671,82.0,-1,-1
train_set/malignant/ISIC_0056796_480x480.jpg,train,malignant,5185,66.0,3499,72.0,-1,-1
train_set/malignant/ISIC_0056799_480x480.jpg,train,malignant,8677,88.0,5906,90.0,-1,-1
train_set/malignant/ISIC_0056800_480x480.jpg,train,malignant,607,92.0,29444,74.0,-1,-1
train_set/malignant/ISIC_0056806_480x480.jpg,train,malignant,9201,84.0,20879,76.0,-1,-1
train_set/malignant/ISIC_0056817_480x480.jpg,train,malignant,9395,86.0,6881,84.0,-1,-1
train_set/malignant/ISIC_0056819_480x480.jpg,train,malignant,1382,88.0,28781,86.0,-1,-1
train_set/malignant/ISIC_0056839_480x480.jpg,train,malignant,835,82.0,11147,82.0,-1,-1
train_set/malignant/ISIC_0056849_480x480.jpg,train,malignant,7086,80.0,21884,80.0,-1,-1
train_set/malignant/ISIC_0056860_480x480.jpg,train,malignant,184,86.0,5302,78.0,-1,-1
train_set/malignant/ISIC_0056863_480x480.jpg,train,malignant,72,90.0,5743,80.0,-1,-1
train_set/malignant/ISIC_0056871_480x480.jpg,train,malignant,564,92.0,29444,84.0,-1,-1
train_set/malignant/ISIC_0056876_480x480.jpg,train,malignant,1036,92.0,4219,88.0,-1,-1
train_set/malignant/ISIC_0056900_480x480.jpg,train,malignant,1451,88.0,7660,82.0,-1,-1
train_set/malignant/ISIC_0056901_480x480.jpg,train,malignant,1317,88.0,6860,82.0,-1,-1
train_set/malignant/ISIC_0056902_480x480.jpg,train,malignant,1599,92.0,22020,82.0,-1,-1
train_set/malignant/ISIC_0056914_480x480.jpg,train,malignant,1347,84.0,2691,88.0,-1,-1
train_set/malignant/ISIC_0056915_480x480.jpg,train,malignant,181,84.0,8103,88.0,-1,-1
train_set/malignant/ISIC_0056921_480x480.jpg,train,malignant,900,88.0,455,82.0,-1,-1
train_set/malignant/ISIC_0056922_480x480.jpg,train,malignant,2263,94.0,20199,94.0,-1,-1
train_set/malignant/ISIC_0056926_480x480.jpg,train,malignant,1132,86.0,2024,80.0,-1,-1
train_set/malignant/ISIC_0056937_480x480.jpg,train,malignant,862,86.0,12990,86.0,-1,-1
train_set/malignant/ISIC_0056938_480x480.jpg,train,malignant,820,78.0,14640,76.0,-1,-1
train_set/malignant/ISIC_0056940_480x480.jpg,train,malignant,3481,92.0,1148,90.0,-1,-1
train_set/malignant/ISIC_0056957_480x480.jpg,train,malignant,7055,72.0,5893,82.0,-1,-1
train_set/malignant/ISIC_0056967_480x480.jpg,train,malignant,8386,86.0,5733,82.0,-1,-1
train_set/malignant/ISIC_0056969_480x480.jpg,train,malignant,2392,92.0,4326,92.0,-1,-1
train_set/malignant/ISIC_0056974_480x480.jpg,train,malignant,169,88.0,4077,86.0,-1,-1
train_set/malignant/ISIC_0056979_480x480.jpg,train,malignant,8070,86.0,19877,84.0,-1,-1
train_set/malignant/ISIC_0056981_480x480.jpg,train,malignant,5,86.0,29444,78.0,-1,-1
train_set/malignant/ISIC_0056983_480x480.jpg,train,malignant,1578,88.0,3383,90.0,-1,-1
train_set/malignant/ISIC_0056984_480x480.jpg,train,malignant,7840,86.0,5881,82.0,-1,-1
train_set/malignant/ISIC_0056988_480x480.jpg,train,malignant,2119,86.0,542,92.0,-1,-1
train_set/malignant/ISIC_0056991_480x480.jpg,train,malignant,7536,78.0,7721,90.0,-1,-1
train_set/malignant/ISIC_0056998_480x480.jpg,train,malignant,1813,90.0,6490,88.0,-1,-1
train_set/malignant/ISIC_0057009_480x480.jpg,train,malignant,2587,84.0,6485,88.0,-1,-1
train_set/malignant/ISIC_0057015_480x480.jpg,train,malignant,7873,80.0,362,80.0,-1,-1
train_set/malignant/ISIC_0057016_480x480.jpg,train,malignant,6217,90.0,24998,86.0,-1,-1
train_set/malignant/ISIC_0057019_480x480.jpg,train,malignant,682,86.0,22668,90.0,-1,-1
train_set/malignant/ISIC_0057025_480x480.jpg,train,malignant,7942,92.0,12226,90.0,-1,-1
train_set/malignant/ISIC_0057027_480x480.jpg,train,malignant,8790,92.0,29444,76.0,-1,-1
train_set/malignant/ISIC_0057032_480x480.jpg,train,malignant,2124,86.0,31102,80.0,-1,-1
train_set/malignant/ISIC_0057033_480x480.jpg,train,malignant,6749,90.0,6636,82.0,-1,-1
train_set/malignant/ISIC_0057044_480x480.jpg,train,malignant,4962,94.0,11540,88.0,-1,-1
train_set/malignant/ISIC_0057048_480x480.jpg,train,malignant,2185,90.0,7123,90.0,-1,-1
train_set/malignant/ISIC_0057061_480x480.jpg,train,malignant,893,88.0,16823,82.0,-1,-1
train_set/malignant/ISIC_0057067_480x480.jpg,train,malignant,2494,88.0,4583,92.0,-1,-1
train_set/malignant/ISIC_0057083_480x480.jpg,train,malignant,7128,86.0,15510,86.0,-1,-1
train_set/malignant/ISIC_0057089_480x480.jpg,train,malignant,6836,84.0,15359,70.0,-1,-1
train_set/malignant/ISIC_0057141_480x480.jpg,train,malignant,2609,76.0,18647,78.0,-1,-1
train_set/malignant/ISIC_0057147_480x480.jpg,train,malignant,8011,90.0,30999,88.0,-1,-1
train_set/malignant/ISIC_0057148_480x480.jpg,train,malignant,5567,90.0,13792,88.0,-1,-1
train_set/malignant/ISIC_0057155_480x480.jpg,train,malignant,33,88.0,22370,78.0,-1,-1
train_set/malignant/ISIC_0057164_480x480.jpg,train,malignant,1650,88.0,5647,86.0,-1,-1
train_set/malignant/ISIC_0057169_480x480.jpg,train,malignant,869,74.0,3712,80.0,-1,-1
train_set/malignant/ISIC_0057172_480x480.jpg,train,malignant,903,86.0,1023,88.0,-1,-1
train_set/malignant/ISIC_0057173_480x480.jpg,train,malignant,9240,88.0,15826,86.0,-1,-1
train_set/malignant/ISIC_0057180_480x480.jpg,train,malignant,884,92.0,14266,90.0,-1,-1
train_set/malignant/ISIC_0057188_480x480.jpg,train,malignant,7736,88.0,24073,84.0,-1,-1
train_set/malignant/ISIC_0057192_480x480.jpg,train,malignant,842,80.0,3791,86.0,-1,-1
train_set/malignant/ISIC_0057196_480x480.jpg,train,malignant,9706,94.0,13765,94.0,-1,-1
train_set/malignant/ISIC_0057199_480x480.jpg,train,malignant,988,92.0,19551,90.0,-1,-1
train_set/malignant/ISIC_0057211_480x480.jpg,train,malignant,7364,94.0,9972,80.0,-1,-1
train_set/malignant/ISIC_0057218_480x480.jpg,train,malignant,9201,84.0,28469,82.0,-1,-1
train_set/malignant/ISIC_0057234_480x480.jpg,train,malignant,9907,92.0,18992,82.0,-1,-1
train_set/malignant/ISIC_0057235_480x480.jpg,train,malignant,107,72.0,130,60.0,-1,-1
train_set/malignant/ISIC_0057244_480x480.jpg,train,malignant,773,88.0,27540,82.0,-1,-1
train_set/malignant/ISIC_0057251_480x480.jpg,train,malignant,9134,84.0,11783,82.0,-1,-1
train_set/malignant/ISIC_0057252_480x480.jpg,train,malignant,6768,84.0,19949,88.0,-1,-1
train_set/malignant/ISIC_0057257_480x480.jpg,train,malignant,7665,80.0,14640,80.0,-1,-1
train_set/malignant/ISIC_0057261_480x480.jpg,train,malignant,5629,94.0,19189,82.0,-1,-1
train_set/malignant/ISIC_0057286_480x480.jpg,train,malignant,6647,94.0,11003,94.0,-1,-1
train_set/malignant/ISIC_0057299_480x480.jpg,train,malignant,756,94.0,19422,92.0,-1,-1
train_set/malignant/ISIC_0057302_480x480.jpg,train,malignant,8975,86.0,14493,78.0,-1,-1
train_set/malignant/ISIC_0057307_480x480.jpg,train,malignant,9701,84.0,19418,78.0,-1,-1
train_set/malignant/ISIC_0057313_480x480.jpg,train,malignant,1258,78.0,154,82.0,-1,-1
train_set/malignant/ISIC_0057315_480x480.jpg,train,malignant,2423,92.0,5773,92.0,-1,-1
train_set/malignant/ISIC_0057323_480x480.jpg,train,malignant,9350,92.0,10191,76.0,-1,-1
train_set/malignant/ISIC_0057324_480x480.jpg,train,malignant,1107,80.0,14640,70.0,-1,-1
train_set/malignant/ISIC_0057328_480x480.jpg,train,malignant,2855,92.0,19189,80.0,-1,-1
train_set/malignant/ISIC_0057338_480x480.jpg,train,malignant,8533,90.0,2507,92.0,-1,-1
train_set/malignant/ISIC_0057344_480x480.jpg,train,malignant,7569,70.0,30608,78.0,-1,-1
train_set/malignant/ISIC_0057362_480x480.jpg,train,malignant,408,92.0,1371,88.0,-1,-1
train_set/malignant/ISIC_0057369_480x480.jpg,train,malignant,1289,88.0,15167,88.0,-1,-1
train_set/malignant/ISIC_0057370_480x480.jpg,train,malignant,27,92.0,18846,86.0,-1,-1
train_set/malignant/ISIC_0057371_480x480.jpg,train,malignant,4705,88.0,1632,90.0,-1,-1
train_set/malignant/ISIC_0057374_480x480.jpg,train,malignant,5539,78.0,477,84.0,-1,-1
train_set/malignant/ISIC_0057390_480x480.jpg,train,malignant,6191,90.0,16890,92.0,-1,-1
train_set/malignant/ISIC_0057395_480x480.jpg,train,malignant,4370,90.0,1790,86.0,-1,-1
train_set/malignant/ISIC_0057397_480x480.jpg,train,malignant,2826,92.0,26032,92.0,-1,-1
train_set/malignant/ISIC_0057406_480x480.jpg,train,malignant,77,86.0,26126,88.0,-1,-1
train_set/malignant/ISIC_0057408_480x480.jpg,train,malignant,90,80.0,23420,88.0,-1,-1
train_set/malignant/ISIC_0057412_480x480.jpg,train,malignant,128,90.0,29444,66.0,-1,-1
train_set/malignant/ISIC_0057417_480x480.jpg,train,malignant,5176,86.0,8626,94.0,-1,-1
train_set/malignant/ISIC_0057436_480x480.jpg,train,malignant,1073,92.0,2493,90.0,-1,-1
train_set/malignant/ISIC_0057450_480x480.jpg,train,malignant,20,86.0,29444,70.0,-1,-1
train_set/malignant/ISIC_0057457_480x480.jpg,train,malignant,6820,76.0,7857,78.0,-1,-1
train_set/malignant/ISIC_0057462_480x480.jpg,train,malignant,7750,88.0,15998,84.0,-1,-1
train_set/malignant/ISIC_0057482_480x480.jpg,train,malignant,81,88.0,5555,86.0,-1,-1
train_set/malignant/ISIC_0057496_480x480.jpg,train,malignant,2161,84.0,13825,82.0,-1,-1
train_set/malignant/ISIC_0057518_480x480.jpg,train,malignant,871,94.0,10191,84.0,-1,-1
train_set/malignant/ISIC_0057531_480x480.jpg,train,malignant,842,70.0,14005,78.0,-1,-1
train_set/malignant/ISIC_0057534_480x480.jpg,train,malignant,7774,80.0,18251,78.0,-1,-1
train_set/malignant/ISIC_0057539_480x480.jpg,train,malignant,4970,88.0,8406,88.0,-1,-1
train_set/malignant/ISIC_0057545_480x480.jpg,train,malignant,233,94.0,11084,90.0,-1,-1
train_set/malignant/ISIC_0057550_480x480.jpg,train,malignant,236,90.0,758,90.0,-1,-1
train_set/malignant/ISIC_0057554_480x480.jpg,train,malignant,5697,90.0,13521,90.0,-1,-1
train_set/malignant/ISIC_0057556_480x480.jpg,train,malignant,1780,88.0,10192,84.0,-1,-1
train_set/malignant/ISIC_0057558_480x480.jpg,train,malignant,2269,90.0,19008,92.0,-1,-1
train_set/malignant/ISIC_0057591_480x480.jpg,train,malignant,1118,90.0,12674,90.0,-1,-1
train_set/malignant/ISIC_0057593_480x480.jpg,train,malignant,1802,80.0,5,80.0,-1,-1
train_set/malignant/ISIC_0057594_480x480.jpg,train,malignant,1519,88.0,656,92.0,-1,-1
train_set/malignant/ISIC_0057609_480x480.jpg,train,malignant,7114,64.0,434,78.0,-1,-1
train_set/malignant/ISIC_0057611_480x480.jpg,train,malignant,9492,90.0,29444,78.0,-1,-1
train_set/malignant/ISIC_0057617_480x480.jpg,train,malignant,4252,92.0,25386,90.0,-1,-1
train_set/malignant/ISIC_0057621_480x480.jpg,train,malignant,185,78.0,9412,78.0,-1,-1
train_set/malignant/ISIC_0057631_480x480.jpg,train,malignant,6607,88.0,18653,86.0,-1,-1
train_set/malignant/ISIC_0057634_480x480.jpg,train,malignant,4700,82.0,26306,84.0,-1,-1
train_set/malignant/ISIC_0057655_480x480.jpg,train,malignant,6203,90.0,20838,84.0,-1,-1
train_set/malignant/ISIC_0057656_480x480.jpg,train,malignant,5759,90.0,265,90.0,-1,-1
train_set/malignant/ISIC_0057661_480x480.jpg,train,malignant,2804,68.0,2277,76.0,-1,-1
train_set/malignant/ISIC_0057668_480x480.jpg,train,malignant,4521,86.0,24035,94.0,-1,-1
train_set/malignant/ISIC_0057672_480x480.jpg,train,malignant,9394,82.0,10857,86.0,-1,-1
train_set/malignant/ISIC_0057687_480x480.jpg,train,malignant,6762,90.0,20524,80.0,-1,-1
train_set/malignant/ISIC_0057692_480x480.jpg,train,malignant,377,78.0,21394,72.0,-1,-1
train_set/malignant/ISIC_0057700_480x480.jpg,train,malignant,210,78.0,2039,82.0,-1,-1
train_set/malignant/ISIC_0057702_480x480.jpg,train,malignant,7503,72.0,5883,68.0,-1,-1
train_set/malignant/ISIC_0057707_480x480.jpg,train,malignant,6452,88.0,5418,88.0,-1,-1
train_set/malignant/ISIC_0057716_480x480.jpg,train,malignant,25,88.0,25423,80.0,-1,-1
train_set/malignant/ISIC_0057723_480x480.jpg,train,malignant,6704,84.0,12560,88.0,-1,-1
train_set/malignant/ISIC_0057725_480x480.jpg,train,malignant,1658,92.0,19914,86.0,-1,-1
train_set/malignant/ISIC_0057727_480x480.jpg,train,malignant,20,90.0,22413,86.0,-1,-1
train_set/malignant/ISIC_0057729_480x480.jpg,train,malignant,1972,84.0,17946,90.0,-1,-1
train_set/malignant/ISIC_0057734_480x480.jpg,train,malignant,7434,90.0,24142,88.0,-1,-1
train_set/malignant/ISIC_0057736_480x480.jpg,train,malignant,2119,92.0,11687,90.0,-1,-1
train_set/malignant/ISIC_0057744_480x480.jpg,train,malignant,1467,88.0,30608,82.0,-1,-1
train_set/malignant/ISIC_0057747_480x480.jpg,train,malignant,1840,84.0,10853,84.0,-1,-1
train_set/malignant/ISIC_0057753_480x480.jpg,train,malignant,7208,74.0,18269,74.0,-1,-1
train_set/malignant/ISIC_0057759_480x480.jpg,train,malignant,7407,84.0,19189,86.0,-1,-1
train_set/malignant/ISIC_0057762_480x480.jpg,train,malignant,203,82.0,32426,80.0,-1,-1
train_set/malignant/ISIC_0057771_480x480.jpg,train,malignant,3175,90.0,15107,90.0,-1,-1
train_set/malignant/ISIC_0057782_480x480.jpg,train,malignant,20,88.0,29444,80.0,-1,-1
train_set/malignant/ISIC_0057787_480x480.jpg,train,malignant,217,88.0,17598,90.0,-1,-1
train_set/malignant/ISIC_0057791_480x480.jpg,train,malignant,5373,88.0,2655,86.0,-1,-1
train_set/malignant/ISIC_0057815_480x480.jpg,train,malignant,4664,94.0,5374,90.0,-1,-1
train_set/malignant/ISIC_0057821_480x480.jpg,train,malignant,9324,90.0,13204,90.0,-1,-1
train_set/malignant/ISIC_0057823_480x480.jpg,train,malignant,687,94.0,21897,88.0,-1,-1
train_set/malignant/ISIC_0057828_480x480.jpg,train,malignant,8796,86.0,9288,90.0,-1,-1
train_set/malignant/ISIC_0057837_480x480.jpg,train,malignant,2669,92.0,5369,94.0,-1,-1
train_set/malignant/ISIC_0057845_480x480.jpg,train,malignant,432,90.0,23515,88.0,-1,-1
train_set/malignant/ISIC_0057849_480x480.jpg,train,malignant,5873,92.0,27507,90.0,-1,-1
train_set/malignant/ISIC_0057864_480x480.jpg,train,malignant,7438,70.0,24790,54.0,-1,-1
train_set/malignant/ISIC_0057870_480x480.jpg,train,malignant,877,90.0,3938,84.0,-1,-1
train_set/malignant/ISIC_0057881_480x480.jpg,train,malignant,7099,78.0,3809,82.0,-1,-1
train_set/malignant/ISIC_0057884_480x480.jpg,train,malignant,307,88.0,5805,88.0,-1,-1
train_set/malignant/ISIC_0057889_480x480.jpg,train,malignant,748,92.0,24043,84.0,-1,-1
train_set/malignant/ISIC_0057896_480x480.jpg,train,malignant,173,76.0,8108,78.0,-1,-1
train_set/malignant/ISIC_0057898_480x480.jpg,train,malignant,3211,86.0,16749,84.0,-1,-1
train_set/malignant/ISIC_0057913_480x480.jpg,train,malignant,6873,82.0,18965,90.0,-1,-1
train_set/malignant/ISIC_0057914_480x480.jpg,train,malignant,6777,86.0,4969,80.0,-1,-1
train_set/malignant/ISIC_0057918_480x480.jpg,train,malignant,1758,94.0,3858,94.0,-1,-1
train_set/malignant/ISIC_0057938_480x480.jpg,train,malignant,1078,92.0,29444,48.0,-1,-1
train_set/malignant/ISIC_0057947_480x480.jpg,train,malignant,1170,78.0,3812,74.0,-1,-1
train_set/malignant/ISIC_0057949_480x480.jpg,train,malignant,684,90.0,9972,82.0,-1,-1
train_set/malignant/ISIC_0057953_480x480.jpg,train,malignant,6188,92.0,30057,86.0,-1,-1
train_set/malignant/ISIC_0057960_480x480.jpg,train,malignant,7922,70.0,32699,62.0,-1,-1
train_set/malignant/ISIC_0057963_480x480.jpg,train,malignant,65,90.0,28766,86.0,-1,-1
train_set/malignant/ISIC_0057973_480x480.jpg,train,malignant,30,90.0,2585,88.0,-1,-1
train_set/malignant/ISIC_0057974_480x480.jpg,train,malignant,2059,90.0,21987,88.0,-1,-1
train_set/malignant/ISIC_0057978_480x480.jpg,train,malignant,47,92.0,9345,92.0,-1,-1
train_set/malignant/ISIC_0057980_480x480.jpg,train,malignant,862,88.0,8877,84.0,-1,-1
train_set/malignant/ISIC_0057996_480x480.jpg,train,malignant,7866,90.0,491,94.0,-1,-1
train_set/malignant/ISIC_0057997_480x480.jpg,train,malignant,2036,82.0,17062,86.0,-1,-1
train_set/malignant/ISIC_0057999_480x480.jpg,train,malignant,865,70.0,21837,76.0,-1,-1
train_set/malignant/ISIC_0058000_480x480.jpg,train,malignant,1518,86.0,5194,90.0,-1,-1
train_set/malignant/ISIC_0058003_480x480.jpg,train,malignant,5354,78.0,1639,82.0,-1,-1
train_set/malignant/ISIC_0058010_480x480.jpg,train,malignant,2430,86.0,30800,92.0,-1,-1
train_set/malignant/ISIC_0058016_480x480.jpg,train,malignant,245,86.0,6663,84.0,-1,-1
train_set/malignant/ISIC_0058021_480x480.jpg,train,malignant,1262,92.0,311,82.0,-1,-1
train_set/malignant/ISIC_0058022_480x480.jpg,train,malignant,3,86.0,30608,74.0,-1,-1
train_set/malignant/ISIC_0058024_480x480.jpg,train,malignant,9499,86.0,818,88.0,-1,-1
train_set/malignant/ISIC_0058033_480x480.jpg,train,malignant,9044,90.0,8473,92.0,-1,-1
train_set/malignant/ISIC_0058036_480x480.jpg,train,malignant,121,86.0,12487,88.0,-1,-1
train_set/malignant/ISIC_0058040_480x480.jpg,train,malignant,20,88.0,29444,72.0,-1,-1
train_set/malignant/ISIC_0058046_480x480.jpg,train,malignant,1825,82.0,1468,72.0,-1,-1
train_set/malignant/ISIC_0058047_480x480.jpg,train,malignant,20,90.0,2537,76.0,-1,-1
train_set/malignant/ISIC_0058050_480x480.jpg,train,malignant,7427,92.0,3584,90.0,-1,-1
train_set/malignant/ISIC_0058059_480x480.jpg,train,malignant,597,90.0,4485,86.0,-1,-1
train_set/malignant/ISIC_0058063_480x480.jpg,train,malignant,794,90.0,6458,86.0,-1,-1
train_set/malignant/ISIC_0058075_480x480.jpg,train,malignant,5027,88.0,19401,88.0,-1,-1
train_set/malignant/ISIC_0058087_480x480.jpg,train,malignant,957,94.0,11323,92.0,-1,-1
train_set/malignant/ISIC_0058097_480x480.jpg,train,malignant,4962,92.0,19189,82.0,-1,-1
train_set/malignant/ISIC_0058098_480x480.jpg,train,malignant,9680,78.0,27062,84.0,-1,-1
train_set/malignant/ISIC_0058118_480x480.jpg,train,malignant,8083,82.0,23169,82.0,-1,-1
train_set/malignant/ISIC_0058125_480x480.jpg,train,malignant,6211,92.0,18376,90.0,-1,-1
train_set/malignant/ISIC_0058127_480x480.jpg,train,malignant,4299,90.0,24265,86.0,-1,-1
train_set/malignant/ISIC_0058135_480x480.jpg,train,malignant,4361,92.0,20136,86.0,-1,-1
train_set/malignant/ISIC_0058136_480x480.jpg,train,malignant,2394,82.0,2894,88.0,-1,-1
train_set/malignant/ISIC_0058138_480x480.jpg,train,malignant,4619,90.0,7768,92.0,-1,-1
train_set/malignant/ISIC_0058149_480x480.jpg,train,malignant,5071,90.0,3807,82.0,-1,-1
train_set/malignant/ISIC_0058151_480x480.jpg,train,malignant,775,82.0,17026,82.0,-1,-1
train_set/malignant/ISIC_0058164_480x480.jpg,train,malignant,3654,82.0,14258,84.0,-1,-1
train_set/malignant/ISIC_0058168_480x480.jpg,train,malignant,5001,92.0,25789,86.0,-1,-1
train_set/malignant/ISIC_0058173_480x480.jpg,train,malignant,798,88.0,6218,86.0,-1,-1
train_set/malignant/ISIC_0058174_480x480.jpg,train,malignant,651,92.0,16672,84.0,-1,-1
train_set/malignant/ISIC_0058176_480x480.jpg,train,malignant,4072,92.0,27214,92.0,-1,-1
train_set/malignant/ISIC_0058177_480x480.jpg,train,malignant,7770,84.0,5238,84.0,-1,-1
train_set/malignant/ISIC_0058196_480x480.jpg,train,malignant,862,88.0,13118,82.0,-1,-1
train_set/malignant/ISIC_0058206_480x480.jpg,train,malignant,756,78.0,23924,82.0,-1,-1
train_set/malignant/ISIC_0058218_480x480.jpg,train,malignant,172,88.0,8979,84.0,-1,-1
train_set/malignant/ISIC_0058224_480x480.jpg,train,malignant,7362,86.0,10396,84.0,-1,-1
train_set/malignant/ISIC_0058237_480x480.jpg,train,malignant,5220,94.0,12379,94.0,-1,-1
train_set/malignant/ISIC_0058245_480x480.jpg,train,malignant,1157,92.0,4131,98.0,-1,-1
train_set/malignant/ISIC_0058249_480x480.jpg,train,malignant,1829,92.0,19189,86.0,-1,-1
train_set/malignant/ISIC_0058255_480x480.jpg,train,malignant,7243,72.0,3335,74.0,-1,-1
train_set/malignant/ISIC_0058256_480x480.jpg,train,malignant,9838,74.0,11147,82.0,-1,-1
train_set/malignant/ISIC_0058267_480x480.jpg,train,malignant,8672,86.0,4928,86.0,-1,-1
train_set/malignant/ISIC_0058284_480x480.jpg,train,malignant,650,96.0,19189,92.0,-1,-1
train_set/malignant/ISIC_0058285_480x480.jpg,train,malignant,1601,92.0,6851,92.0,-1,-1
train_set/malignant/ISIC_0058298_480x480.jpg,train,malignant,9988,92.0,23985,96.0,-1,-1
train_set/malignant/ISIC_0058303_480x480.jpg,train,malignant,3972,90.0,5694,90.0,-1,-1
train_set/malignant/ISIC_0058307_480x480.jpg,train,malignant,8543,92.0,20497,88.0,-1,-1
train_set/malignant/ISIC_0058315_480x480.jpg,train,malignant,4883,92.0,18992,80.0,-1,-1
train_set/malignant/ISIC_0058319_480x480.jpg,train,malignant,2638,76.0,32142,82.0,-1,-1
train_set/malignant/ISIC_0058321_480x480.jpg,train,malignant,8392,92.0,6854,90.0,-1,-1
train_set/malignant/ISIC_0058331_480x480.jpg,train,malignant,5005,82.0,19266,90.0,-1,-1
train_set/malignant/ISIC_0058332_480x480.jpg,train,malignant,5759,94.0,31584,88.0,-1,-1
train_set/malignant/ISIC_0058341_480x480.jpg,train,malignant,3732,84.0,27321,76.0,-1,-1
train_set/malignant/ISIC_0058344_480x480.jpg,train,malignant,3205,90.0,29385,90.0,-1,-1
train_set/malignant/ISIC_0058346_480x480.jpg,train,malignant,42,66.0,10590,78.0,-1,-1
train_set/malignant/ISIC_0058362_480x480.jpg,train,malignant,3865,94.0,18828,88.0,-1,-1
train_set/malignant/ISIC_0058366_480x480.jpg,train,malignant,7264,88.0,28515,82.0,-1,-1
train_set/malignant/ISIC_0058367_480x480.jpg,train,malignant,3948,82.0,4103,86.0,-1,-1
train_set/malignant/ISIC_0058368_480x480.jpg,train,malignant,9035,90.0,9872,86.0,-1,-1
train_set/malignant/ISIC_0058376_480x480.jpg,train,malignant,463,92.0,18992,84.0,-1,-1
train_set/malignant/ISIC_0058380_480x480.jpg,train,malignant,1124,96.0,8902,92.0,-1,-1
train_set/malignant/ISIC_0058383_480x480.jpg,train,malignant,9778,96.0,13912,96.0,-1,-1
train_set/malignant/ISIC_0058391_480x480.jpg,train,malignant,6313,88.0,10646,86.0,-1,-1
train_set/malignant/ISIC_0058399_480x480.jpg,train,malignant,6998,86.0,29444,66.0,-1,-1
train_set/malignant/ISIC_0058408_480x480.jpg,train,malignant,9596,70.0,1948,78.0,-1,-1
train_set/malignant/ISIC_0058414_480x480.jpg,train,malignant,5649,84.0,5395,84.0,-1,-1
train_set/malignant/ISIC_0058418_480x480.jpg,train,malignant,3523,82.0,21884,88.0,-1,-1
train_set/malignant/ISIC_0058425_480x480.jpg,train,malignant,1325,94.0,14986,94.0,-1,-1
train_set/malignant/ISIC_0058426_480x480.jpg,train,malignant,5656,80.0,653,78.0,-1,-1
train_set/malignant/ISIC_0058428_480x480.jpg,train,malignant,8385,90.0,31354,86.0,-1,-1
train_set/malignant/ISIC_0058432_480x480.jpg,train,malignant,3490,92.0,23278,90.0,-1,-1
train_set/malignant/ISIC_0058433_480x480.jpg,train,malignant,7114,80.0,3463,82.0,-1,-1
train_set/malignant/ISIC_0058439_480x480.jpg,train,malignant,8233,84.0,29444,76.0,-1,-1
train_set/malignant/ISIC_0058448_480x480.jpg,train,malignant,5529,94.0,29444,80.0,-1,-1
train_set/malignant/ISIC_0058453_480x480.jpg,train,malignant,2208,90.0,11275,88.0,-1,-1
train_set/malignant/ISIC_0058458_480x480.jpg,train,malignant,6996,88.0,1122,84.0,-1,-1
train_set/malignant/ISIC_0058465_480x480.jpg,train,malignant,2811,92.0,13586,86.0,-1,-1
train_set/malignant/ISIC_0058471_480x480.jpg,train,malignant,1361,84.0,12487,88.0,-1,-1
train_set/malignant/ISIC_0058496_480x480.jpg,train,malignant,8170,82.0,5892,86.0,-1,-1
train_set/malignant/ISIC_0058501_480x480.jpg,train,malignant,859,90.0,25121,86.0,-1,-1
train_set/malignant/ISIC_0058508_480x480.jpg,train,malignant,1045,90.0,2691,86.0,-1,-1
train_set/malignant/ISIC_0058513_480x480.jpg,train,malignant,2358,86.0,12943,86.0,-1,-1
train_set/malignant/ISIC_0058518_480x480.jpg,train,malignant,6613,92.0,5635,92.0,-1,-1
train_set/malignant/ISIC_0058526_480x480.jpg,train,malignant,1642,88.0,10572,86.0,-1,-1
train_set/malignant/ISIC_0058544_480x480.jpg,train,malignant,20,90.0,29444,78.0,-1,-1
train_set/malignant/ISIC_0058548_480x480.jpg,train,malignant,7153,90.0,1928,86.0,-1,-1
train_set/malignant/ISIC_0058559_480x480.jpg,train,malignant,9885,82.0,2886,84.0,-1,-1
train_set/malignant/ISIC_0058569_480x480.jpg,train,malignant,3837,92.0,2517,94.0,-1,-1
train_set/malignant/ISIC_0058580_480x480.jpg,train,malignant,1226,80.0,777,82.0,-1,-1
train_set/malignant/ISIC_0058599_480x480.jpg,train,malignant,8499,96.0,3962,94.0,-1,-1
train_set/malignant/ISIC_0058607_480x480.jpg,train,malignant,3528,88.0,600,90.0,-1,-1
train_set/malignant/ISIC_0058608_480x480.jpg,train,malignant,838,92.0,5539,92.0,-1,-1
train_set/malignant/ISIC_0058617_480x480.jpg,train,malignant,7681,74.0,11147,76.0,-1,-1
train_set/malignant/ISIC_0058625_480x480.jpg,train,malignant,1492,78.0,5006,76.0,-1,-1
train_set/malignant/ISIC_0058630_480x480.jpg,train,malignant,1551,90.0,19189,86.0,-1,-1
train_set/malignant/ISIC_0058644_480x480.jpg,train,malignant,5351,86.0,19832,84.0,-1,-1
train_set/malignant/ISIC_0058645_480x480.jpg,train,malignant,7002,82.0,6465,78.0,-1,-1
train_set/malignant/ISIC_0058647_480x480.jpg,train,malignant,6052,84.0,4890,84.0,-1,-1
train_set/malignant/ISIC_0058649_480x480.jpg,train,malignant,6337,90.0,17603,90.0,-1,-1
train_set/malignant/ISIC_0058655_480x480.jpg,train,malignant,9631,90.0,19189,80.0,-1,-1
train_set/malignant/ISIC_0058658_480x480.jpg,train,malignant,3097,88.0,1797,90.0,-1,-1
train_set/malignant/ISIC_0058660_480x480.jpg,train,malignant,9568,82.0,15779,82.0,-1,-1
train_set/malignant/ISIC_0058663_480x480.jpg,train,malignant,4573,84.0,7936,92.0,-1,-1
train_set/malignant/ISIC_0058666_480x480.jpg,train,malignant,3454,90.0,29744,86.0,-1,-1
train_set/malignant/ISIC_0058676_480x480.jpg,train,malignant,2084,94.0,25591,88.0,-1,-1
train_set/malignant/ISIC_0058713_480x480.jpg,train,malignant,9508,88.0,12234,88.0,-1,-1
train_set/malignant/ISIC_0058716_480x480.jpg,train,malignant,842,72.0,15958,76.0,-1,-1
train_set/malignant/ISIC_0058723_480x480.jpg,train,malignant,7773,78.0,3192,86.0,-1,-1
train_set/malignant/ISIC_0058724_480x480.jpg,train,malignant,6051,90.0,5622,90.0,-1,-1
train_set/malignant/ISIC_0058743_480x480.jpg,train,malignant,6973,86.0,14687,82.0,-1,-1
train_set/malignant/ISIC_0058753_480x480.jpg,train,malignant,141,82.0,55,80.0,-1,-1
train_set/malignant/ISIC_0058763_480x480.jpg,train,malignant,8510,88.0,22616,84.0,-1,-1
train_set/malignant/ISIC_0058768_480x480.jpg,train,malignant,4276,96.0,12372,94.0,-1,-1
train_set/malignant/ISIC_0058770_480x480.jpg,train,malignant,5634,94.0,8279,84.0,-1,-1
train_set/malignant/ISIC_0058781_480x480.jpg,train,malignant,9420,84.0,7754,82.0,-1,-1
train_set/malignant/ISIC_0058790_480x480.jpg,train,malignant,9361,86.0,1028,82.0,-1,-1
train_set/malignant/ISIC_0058791_480x480.jpg,train,malignant,438,96.0,2310,94.0,-1,-1
train_set/malignant/ISIC_0058792_480x480.jpg,train,malignant,3336,90.0,4774,90.0,-1,-1
train_set/malignant/ISIC_0058794_480x480.jpg,train,malignant,7568,74.0,3074,84.0,-1,-1
train_set/malignant/ISIC_0058798_480x480.jpg,train,malignant,1603,86.0,28813,82.0,-1,-1
train_set/malignant/ISIC_0058807_480x480.jpg,train,malignant,8469,86.0,18561,88.0,-1,-1
train_set/malignant/ISIC_0058836_480x480.jpg,train,malignant,893,80.0,11147,86.0,-1,-1
train_set/malignant/ISIC_0058837_480x480.jpg,train,malignant,3315,90.0,3769,88.0,-1,-1
train_set/malignant/ISIC_0058840_480x480.jpg,train,malignant,8240,86.0,6949,84.0,-1,-1
train_set/malignant/ISIC_0058851_480x480.jpg,train,malignant,1510,80.0,10766,80.0,-1,-1
train_set/malignant/ISIC_0058858_480x480.jpg,train,malignant,842,82.0,12719,86.0,-1,-1
train_set/malignant/ISIC_0058863_480x480.jpg,train,malignant,128,78.0,17100,66.0,-1,-1
train_set/malignant/ISIC_0058866_480x480.jpg,train,malignant,871,90.0,9972,86.0,-1,-1
train_set/malignant/ISIC_0058876_480x480.jpg,train,malignant,7022,86.0,16549,84.0,-1,-1
train_set/malignant/ISIC_0058877_480x480.jpg,train,malignant,6029,88.0,20350,84.0,-1,-1
train_set/malignant/ISIC_0058880_480x480.jpg,train,malignant,355,92.0,1062,86.0,-1,-1
train_set/malignant/ISIC_0058887_480x480.jpg,train,malignant,2128,86.0,1413,86.0,-1,-1
train_set/malignant/ISIC_0058909_480x480.jpg,train,malignant,7661,82.0,15566,82.0,-1,-1
train_set/malignant/ISIC_0058910_480x480.jpg,train,malignant,4375,86.0,4782,90.0,-1,-1
train_set/malignant/ISIC_0058926_480x480.jpg,train,malignant,4156,86.0,2011,82.0,-1,-1
train_set/malignant/ISIC_0058935_480x480.jpg,train,malignant,6821,92.0,24725,88.0,-1,-1
train_set/malignant/ISIC_0058947_480x480.jpg,train,malignant,104,80.0,10273,82.0,-1,-1
train_set/malignant/ISIC_0058957_480x480.jpg,train,malignant,744,90.0,29444,60.0,-1,-1
train_set/malignant/ISIC_0058959_480x480.jpg,train,malignant,8896,86.0,17136,86.0,-1,-1
train_set/malignant/ISIC_0058999_480x480.jpg,train,malignant,2153,80.0,9604,82.0,-1,-1
train_set/malignant/ISIC_0059005_480x480.jpg,train,malignant,9460,78.0,28580,78.0,-1,-1
train_set/malignant/ISIC_0059027_480x480.jpg,train,malignant,4120,92.0,19189,88.0,-1,-1
train_set/malignant/ISIC_0059029_480x480.jpg,train,malignant,5453,88.0,13215,86.0,-1,-1
train_set/malignant/ISIC_0059037_480x480.jpg,train,malignant,7406,80.0,6423,86.0,-1,-1
train_set/malignant/ISIC_0059046_480x480.jpg,train,malignant,1021,88.0,18079,90.0,-1,-1
train_set/malignant/ISIC_0059052_480x480.jpg,train,malignant,1156,92.0,10353,86.0,-1,-1
train_set/malignant/ISIC_0059065_480x480.jpg,train,malignant,9454,86.0,16734,88.0,-1,-1
train_set/malignant/ISIC_0059066_480x480.jpg,train,malignant,1511,88.0,18229,88.0,-1,-1
train_set/malignant/ISIC_0059069_480x480.jpg,train,malignant,5526,88.0,19189,78.0,-1,-1
train_set/malignant/ISIC_0059074_480x480.jpg,train,malignant,2418,94.0,392,96.0,-1,-1
train_set/malignant/ISIC_0059076_480x480.jpg,train,malignant,2385,94.0,8567,90.0,-1,-1
train_set/malignant/ISIC_0059077_480x480.jpg,train,malignant,673,90.0,19129,90.0,-1,-1
train_set/malignant/ISIC_0059079_480x480.jpg,train,malignant,4972,92.0,8634,92.0,-1,-1
train_set/malignant/ISIC_0059082_480x480.jpg,train,malignant,7189,92.0,16691,86.0,-1,-1
train_set/malignant/ISIC_0059089_480x480.jpg,train,malignant,5648,74.0,315,76.0,-1,-1
train_set/malignant/ISIC_0059092_480x480.jpg,train,malignant,8642,88.0,11545,90.0,-1,-1
train_set/malignant/ISIC_0059093_480x480.jpg,train,malignant,1689,90.0,23277,90.0,-1,-1
train_set/malignant/ISIC_0059104_480x480.jpg,train,malignant,7425,90.0,18559,88.0,-1,-1
train_set/malignant/ISIC_0059129_480x480.jpg,train,malignant,5594,90.0,5872,88.0,-1,-1
train_set/malignant/ISIC_0059140_480x480.jpg,train,malignant,979,94.0,7119,90.0,-1,-1
train_set/malignant/ISIC_0059141_480x480.jpg,train,malignant,1304,86.0,9418,88.0,-1,-1
train_set/malignant/ISIC_0059147_480x480.jpg,train,malignant,20,92.0,15915,84.0,-1,-1
train_set/malignant/ISIC_0059148_480x480.jpg,train,malignant,5219,90.0,7199,92.0,-1,-1
train_set/malignant/ISIC_0059165_480x480.jpg,train,malignant,120,80.0,3173,76.0,-1,-1
train_set/malignant/ISIC_0059170_480x480.jpg,train,malignant,164,78.0,15816,70.0,-1,-1
train_set/malignant/ISIC_0059171_480x480.jpg,train,malignant,4431,84.0,15308,86.0,-1,-1
train_set/malignant/ISIC_0059178_480x480.jpg,train,malignant,7169,94.0,23388,90.0,-1,-1
train_set/malignant/ISIC_0059181_480x480.jpg,train,malignant,6345,88.0,17942,86.0,-1,-1
train_set/malignant/ISIC_0059202_480x480.jpg,train,malignant,8936,90.0,720,86.0,-1,-1
train_set/malignant/ISIC_0059209_480x480.jpg,train,malignant,6695,90.0,4826,76.0,-1,-1
train_set/malignant/ISIC_0059216_480x480.jpg,train,malignant,6691,82.0,4994,82.0,-1,-1
train_set/malignant/ISIC_0059218_480x480.jpg,train,malignant,820,84.0,855,92.0,-1,-1
train_set/malignant/ISIC_0059219_480x480.jpg,train,malignant,793,92.0,2113,88.0,-1,-1
train_set/malignant/ISIC_0059229_480x480.jpg,train,malignant,127,84.0,8355,78.0,-1,-1
train_set/malignant/ISIC_0059232_480x480.jpg,train,malignant,719,94.0,2586,86.0,-1,-1
train_set/malignant/ISIC_0059248_480x480.jpg,train,malignant,672,88.0,18790,82.0,-1,-1
train_set/malignant/ISIC_0059253_480x480.jpg,train,malignant,7390,74.0,12560,76.0,-1,-1
train_set/malignant/ISIC_0059264_480x480.jpg,train,malignant,897,72.0,30751,82.0,-1,-1
train_set/malignant/ISIC_0059270_480x480.jpg,train,malignant,820,82.0,55,84.0,-1,-1
train_set/malignant/ISIC_0059273_480x480.jpg,train,malignant,20,90.0,29444,72.0,-1,-1
train_set/malignant/ISIC_0059281_480x480.jpg,train,malignant,90,92.0,29444,72.0,-1,-1
train_set/malignant/ISIC_0059291_480x480.jpg,train,malignant,8919,94.0,10191,82.0,-1,-1
train_set/malignant/ISIC_0059294_480x480.jpg,train,malignant,1671,74.0,1337,78.0,-1,-1
train_set/malignant/ISIC_0059301_480x480.jpg,train,malignant,421,94.0,18992,78.0,-1,-1
train_set/malignant/ISIC_0059313_480x480.jpg,train,malignant,2369,92.0,22397,90.0,-1,-1
train_set/malignant/ISIC_0059314_480x480.jpg,train,malignant,800,80.0,26207,80.0,-1,-1
train_set/malignant/ISIC_0059318_480x480.jpg,train,malignant,2441,74.0,29218,72.0,-1,-1
train_set/malignant/ISIC_0059330_480x480.jpg,train,malignant,5450,90.0,10118,88.0,-1,-1
train_set/malignant/ISIC_0059336_480x480.jpg,train,malignant,7353,84.0,25025,84.0,-1,-1
train_set/malignant/ISIC_0059343_480x480.jpg,train,malignant,7560,74.0,10882,78.0,-1,-1
train_set/malignant/ISIC_0059346_480x480.jpg,train,malignant,871,90.0,10191,88.0,-1,-1
train_set/malignant/ISIC_0059349_480x480.jpg,train,malignant,7390,84.0,7741,84.0,-1,-1
train_set/malignant/ISIC_0059350_480x480.jpg,train,malignant,6975,88.0,19189,84.0,-1,-1
train_set/malignant/ISIC_0059353_480x480.jpg,train,malignant,1274,84.0,13394,78.0,-1,-1
train_set/malignant/ISIC_0059358_480x480.jpg,train,malignant,1383,86.0,18723,84.0,-1,-1
train_set/malignant/ISIC_0059361_480x480.jpg,train,malignant,1688,76.0,2536,78.0,-1,-1
train_set/malignant/ISIC_0059362_480x480.jpg,train,malignant,597,90.0,5869,88.0,-1,-1
train_set/malignant/ISIC_0059382_480x480.jpg,train,malignant,800,84.0,1637,80.0,-1,-1
train_set/malignant/ISIC_0059386_480x480.jpg,train,malignant,5726,80.0,22281,76.0,-1,-1
train_set/malignant/ISIC_0059387_480x480.jpg,train,malignant,597,84.0,28884,84.0,-1,-1
train_set/malignant/ISIC_0059411_480x480.jpg,train,malignant,267,94.0,26447,86.0,-1,-1
train_set/malignant/ISIC_0059412_480x480.jpg,train,malignant,468,94.0,9758,90.0,-1,-1
train_set/malignant/ISIC_0059420_480x480.jpg,train,malignant,5510,86.0,15823,88.0,-1,-1
train_set/malignant/ISIC_0059421_480x480.jpg,train,malignant,8960,80.0,3317,76.0,-1,-1
train_set/malignant/ISIC_0059423_480x480.jpg,train,malignant,9265,84.0,10653,84.0,-1,-1
train_set/malignant/ISIC_0059424_480x480.jpg,train,malignant,2929,94.0,27863,92.0,-1,-1
train_set/malignant/ISIC_0059427_480x480.jpg,train,malignant,7513,84.0,9108,86.0,-1,-1
train_set/malignant/ISIC_0059433_480x480.jpg,train,malignant,3295,86.0,23659,88.0,-1,-1
train_set/malignant/ISIC_0059435_480x480.jpg,train,malignant,8656,84.0,1625,84.0,-1,-1
train_set/malignant/ISIC_0059440_480x480.jpg,train,malignant,4988,94.0,27932,92.0,-1,-1
train_set/malignant/ISIC_0059443_480x480.jpg,train,malignant,90,92.0,28081,80.0,-1,-1
train_set/malignant/ISIC_0059444_480x480.jpg,train,malignant,7773,80.0,8108,78.0,-1,-1
train_set/malignant/ISIC_0059448_480x480.jpg,train,malignant,6820,76.0,10273,80.0,-1,-1
train_set/malignant/ISIC_0059450_480x480.jpg,train,malignant,7289,82.0,30390,82.0,-1,-1
train_set/malignant/ISIC_0059473_480x480.jpg,train,malignant,7138,86.0,27692,84.0,-1,-1
train_set/malignant/ISIC_0059481_480x480.jpg,train,malignant,2699,94.0,19189,90.0,-1,-1
train_set/malignant/ISIC_0059486_480x480.jpg,train,malignant,7843,94.0,3855,92.0,-1,-1
train_set/malignant/ISIC_0059488_480x480.jpg,train,malignant,1170,84.0,6286,76.0,-1,-1
train_set/malignant/ISIC_0059490_480x480.jpg,train,malignant,803,92.0,29444,72.0,-1,-1
train_set/malignant/ISIC_0059493_480x480.jpg,train,malignant,5899,94.0,8186,90.0,-1,-1
train_set/malignant/ISIC_0059495_480x480.jpg,train,malignant,1094,86.0,29337,88.0,-1,-1
train_set/malignant/ISIC_0059506_480x480.jpg,train,malignant,5,90.0,8027,88.0,-1,-1
train_set/malignant/ISIC_0059512_480x480.jpg,train,malignant,7517,70.0,2761,68.0,-1,-1
train_set/malignant/ISIC_0059513_480x480.jpg,train,malignant,1910,86.0,27780,82.0,-1,-1
train_set/malignant/ISIC_0059525_480x480.jpg,train,malignant,6779,90.0,19189,84.0,-1,-1
train_set/malignant/ISIC_0059532_480x480.jpg,train,malignant,1761,80.0,3952,84.0,-1,-1
train_set/malignant/ISIC_0059538_480x480.jpg,train,malignant,20,90.0,29444,66.0,-1,-1
train_set/malignant/ISIC_0059547_480x480.jpg,train,malignant,442,88.0,1048,84.0,-1,-1
train_set/malignant/ISIC_0059551_480x480.jpg,train,malignant,307,76.0,14640,84.0,-1,-1
train_set/malignant/ISIC_0059554_480x480.jpg,train,malignant,2417,86.0,7922,88.0,-1,-1
train_set/malignant/ISIC_0059569_480x480.jpg,train,malignant,24,86.0,24533,82.0,-1,-1
train_set/malignant/ISIC_0059593_480x480.jpg,train,malignant,8994,78.0,2315,82.0,-1,-1
train_set/malignant/ISIC_0059595_480x480.jpg,train,malignant,786,88.0,13372,88.0,-1,-1
train_set/malignant/ISIC_0059597_480x480.jpg,train,malignant,6673,82.0,1746,78.0,-1,-1
train_set/malignant/ISIC_0059601_480x480.jpg,train,malignant,1467,80.0,5982,78.0,-1,-1
train_set/malignant/ISIC_0059605_480x480.jpg,train,malignant,3126,82.0,741,86.0,-1,-1
train_set/malignant/ISIC_0059608_480x480.jpg,train,malignant,7106,80.0,29831,76.0,-1,-1
train_set/malignant/ISIC_0059611_480x480.jpg,train,malignant,12,86.0,15784,78.0,-1,-1
train_set/malignant/ISIC_0059628_480x480.jpg,train,malignant,842,82.0,4536,86.0,-1,-1
train_set/malignant/ISIC_0059631_480x480.jpg,train,malignant,8246,84.0,17482,88.0,-1,-1
train_set/malignant/ISIC_0059632_480x480.jpg,train,malignant,1022,86.0,16073,88.0,-1,-1
train_set/malignant/ISIC_0059668_480x480.jpg,train,malignant,7875,86.0,15564,88.0,-1,-1
train_set/malignant/ISIC_0059669_480x480.jpg,train,malignant,2549,94.0,22073,92.0,-1,-1
train_set/malignant/ISIC_0059671_480x480.jpg,train,malignant,4159,94.0,2467,90.0,-1,-1
train_set/malignant/ISIC_0059684_480x480.jpg,train,malignant,5675,90.0,3113,94.0,-1,-1
train_set/malignant/ISIC_0059686_480x480.jpg,train,malignant,9905,80.0,5772,80.0,-1,-1
train_set/malignant/ISIC_0059697_480x480.jpg,train,malignant,1107,72.0,14640,78.0,-1,-1
train_set/malignant/ISIC_0059703_480x480.jpg,train,malignant,7138,70.0,13477,70.0,-1,-1
train_set/malignant/ISIC_0059707_480x480.jpg,train,malignant,5,92.0,381,84.0,-1,-1
train_set/malignant/ISIC_0059733_480x480.jpg,train,malignant,6768,82.0,25620,80.0,-1,-1
train_set/malignant/ISIC_0059738_480x480.jpg,train,malignant,2678,84.0,4816,84.0,-1,-1
train_set/malignant/ISIC_0059750_480x480.jpg,train,malignant,4430,98.0,1014,98.0,-1,-1
train_set/malignant/ISIC_0059764_480x480.jpg,train,malignant,228,92.0,2329,94.0,-1,-1
train_set/malignant/ISIC_0059766_480x480.jpg,train,malignant,8081,90.0,14173,86.0,-1,-1
train_set/malignant/ISIC_0059768_480x480.jpg,train,malignant,162,84.0,11147,84.0,-1,-1
train_set/malignant/ISIC_0059770_480x480.jpg,train,malignant,1579,82.0,4050,76.0,-1,-1
train_set/malignant/ISIC_0059773_480x480.jpg,train,malignant,1671,86.0,29337,82.0,-1,-1
train_set/malignant/ISIC_0059785_480x480.jpg,train,malignant,8840,82.0,4630,78.0,-1,-1
train_set/malignant/ISIC_0059786_480x480.jpg,train,malignant,8767,60.0,8026,66.0,-1,-1
train_set/malignant/ISIC_0059804_480x480.jpg,train,malignant,4020,96.0,65,96.0,-1,-1
train_set/malignant/ISIC_0059808_480x480.jpg,train,malignant,173,82.0,16181,84.0,-1,-1
train_set/malignant/ISIC_0059810_480x480.jpg,train,malignant,6156,92.0,5164,84.0,-1,-1
train_set/malignant/ISIC_0059814_480x480.jpg,train,malignant,814,78.0,5326,82.0,-1,-1
train_set/malignant/ISIC_0059816_480x480.jpg,train,malignant,9536,92.0,19189,82.0,-1,-1
train_set/malignant/ISIC_0059830_480x480.jpg,train,malignant,2241,92.0,18992,78.0,-1,-1
train_set/malignant/ISIC_0059836_480x480.jpg,train,malignant,102,80.0,15169,70.0,-1,-1
train_set/malignant/ISIC_0059840_480x480.jpg,train,malignant,1880,86.0,28254,78.0,-1,-1
train_set/malignant/ISIC_0059855_480x480.jpg,train,malignant,1822,92.0,27131,92.0,-1,-1
train_set/malignant/ISIC_0059866_480x480.jpg,train,malignant,2986,90.0,13259,86.0,-1,-1
train_set/malignant/ISIC_0059869_480x480.jpg,train,malignant,4646,88.0,15247,82.0,-1,-1
train_set/malignant/ISIC_0059879_480x480.jpg,train,malignant,723,88.0,19129,78.0,-1,-1
train_set/malignant/ISIC_0059884_480x480.jpg,train,malignant,4196,92.0,1710,88.0,-1,-1
train_set/malignant/ISIC_0059891_480x480.jpg,train,malignant,5908,88.0,23100,84.0,-1,-1
train_set/malignant/ISIC_0059892_480x480.jpg,train,malignant,1973,92.0,5295,92.0,-1,-1
train_set/malignant/ISIC_0059897_480x480.jpg,train,malignant,2797,86.0,5928,88.0,-1,-1
train_set/malignant/ISIC_0059904_480x480.jpg,train,malignant,8085,74.0,3525,74.0,-1,-1
train_set/malignant/ISIC_0059905_480x480.jpg,train,malignant,7455,88.0,8274,88.0,-1,-1
train_set/malignant/ISIC_0059919_480x480.jpg,train,malignant,8334,88.0,8022,92.0,-1,-1
train_set/malignant/ISIC_0059929_480x480.jpg,train,malignant,1950,92.0,11333,92.0,-1,-1
train_set/malignant/ISIC_0059941_480x480.jpg,train,malignant,2762,92.0,1338,92.0,-1,-1
train_set/malignant/ISIC_0059943_480x480.jpg,train,malignant,1329,94.0,19602,86.0,-1,-1
train_set/malignant/ISIC_0059948_480x480.jpg,train,malignant,5258,94.0,7848,94.0,-1,-1
train_set/malignant/ISIC_0059976_480x480.jpg,train,malignant,6996,48.0,29782,52.0,-1,-1
train_set/malignant/ISIC_0059983_480x480.jpg,train,malignant,7321,80.0,19174,74.0,-1,-1
train_set/malignant/ISIC_0059987_480x480.jpg,train,malignant,4202,86.0,11814,88.0,-1,-1
train_set/malignant/ISIC_0059992_480x480.jpg,train,malignant,1124,82.0,29164,80.0,-1,-1
train_set/malignant/ISIC_0060017_480x480.jpg,train,malignant,9999,90.0,14764,92.0,-1,-1
train_set/malignant/ISIC_0060022_480x480.jpg,train,malignant,9201,88.0,18766,84.0,-1,-1
train_set/malignant/ISIC_0060032_480x480.jpg,train,malignant,7933,76.0,11794,84.0,-1,-1
train_set/malignant/ISIC_0060033_480x480.jpg,train,malignant,199,82.0,23260,86.0,-1,-1
train_set/malignant/ISIC_0060080_480x480.jpg,train,malignant,7629,92.0,17875,88.0,-1,-1
train_set/malignant/ISIC_0060091_480x480.jpg,train,malignant,8556,92.0,16120,84.0,-1,-1
train_set/malignant/ISIC_0060094_480x480.jpg,train,malignant,9603,90.0,906,92.0,-1,-1
train_set/malignant/ISIC_0060096_480x480.jpg,train,malignant,7722,90.0,18267,82.0,-1,-1
train_set/malignant/ISIC_0060099_480x480.jpg,train,malignant,20,88.0,29444,72.0,-1,-1
train_set/malignant/ISIC_0060104_480x480.jpg,train,malignant,4646,86.0,28979,80.0,-1,-1
train_set/malignant/ISIC_0060114_480x480.jpg,train,malignant,1780,88.0,16053,88.0,-1,-1
train_set/malignant/ISIC_0060118_480x480.jpg,train,malignant,6768,72.0,16842,80.0,-1,-1
train_set/malignant/ISIC_0060132_480x480.jpg,train,malignant,5725,92.0,10191,82.0,-1,-1
train_set/malignant/ISIC_0060140_480x480.jpg,train,malignant,3440,90.0,432,92.0,-1,-1
train_set/malignant/ISIC_0060143_480x480.jpg,train,malignant,597,78.0,4485,78.0,-1,-1
train_set/malignant/ISIC_0060147_480x480.jpg,train,malignant,581,86.0,22242,86.0,-1,-1
train_set/malignant/ISIC_0060148_480x480.jpg,train,malignant,7774,86.0,24476,86.0,-1,-1
train_set/malignant/ISIC_0060150_480x480.jpg,train,malignant,1361,90.0,17351,92.0,-1,-1
train_set/malignant/ISIC_0060152_480x480.jpg,train,malignant,3037,88.0,4219,90.0,-1,-1
train_set/malignant/ISIC_0060153_480x480.jpg,train,malignant,5673,90.0,2022,88.0,-1,-1
train_set/malignant/ISIC_0060154_480x480.jpg,train,malignant,4196,90.0,3323,90.0,-1,-1
train_set/malignant/ISIC_0060155_480x480.jpg,train,malignant,7901,94.0,8850,88.0,-1,-1
train_set/malignant/ISIC_0060159_480x480.jpg,train,malignant,5458,88.0,870,88.0,-1,-1
train_set/malignant/ISIC_0060163_480x480.jpg,train,malignant,1559,98.0,11271,96.0,-1,-1
train_set/malignant/ISIC_0060194_480x480.jpg,train,malignant,4555,94.0,19823,94.0,-1,-1
train_set/malignant/ISIC_0060215_480x480.jpg,train,malignant,871,94.0,19189,76.0,-1,-1
train_set/malignant/ISIC_0060216_480x480.jpg,train,malignant,9265,82.0,2383,80.0,-1,-1
train_set/malignant/ISIC_0060218_480x480.jpg,train,malignant,1955,92.0,16696,94.0,-1,-1
train_set/malignant/ISIC_0060219_480x480.jpg,train,malignant,167,94.0,9972,90.0,-1,-1
train_set/malignant/ISIC_0060222_480x480.jpg,train,malignant,2050,92.0,23634,88.0,-1,-1
train_set/malignant/ISIC_0060225_480x480.jpg,train,malignant,349,90.0,18992,76.0,-1,-1
train_set/malignant/ISIC_0060228_480x480.jpg,train,malignant,5540,88.0,25968,90.0,-1,-1
train_set/malignant/ISIC_0060233_480x480.jpg,train,malignant,5433,86.0,3337,88.0,-1,-1
train_set/malignant/ISIC_0060238_480x480.jpg,train,malignant,2121,92.0,5246,94.0,-1,-1
train_set/malignant/ISIC_0060239_480x480.jpg,train,malignant,580,84.0,8108,82.0,-1,-1
train_set/malignant/ISIC_0060244_480x480.jpg,train,malignant,622,90.0,4569,94.0,-1,-1
train_set/malignant/ISIC_0060248_480x480.jpg,train,malignant,28,88.0,22696,86.0,-1,-1
train_set/malignant/ISIC_0060256_480x480.jpg,train,malignant,20,92.0,18992,86.0,-1,-1
train_set/malignant/ISIC_0060266_480x480.jpg,train,malignant,4599,94.0,11750,94.0,-1,-1
train_set/malignant/ISIC_0060270_480x480.jpg,train,malignant,5447,90.0,9863,92.0,-1,-1
train_set/malignant/ISIC_0060297_480x480.jpg,train,malignant,6891,92.0,10903,94.0,-1,-1
train_set/malignant/ISIC_0060307_480x480.jpg,train,malignant,2913,96.0,4462,94.0,-1,-1
train_set/malignant/ISIC_0060308_480x480.jpg,train,malignant,7749,86.0,1349,86.0,-1,-1
train_set/malignant/ISIC_0060313_480x480.jpg,train,malignant,1669,94.0,19189,90.0,-1,-1
train_set/malignant/ISIC_0060319_480x480.jpg,train,malignant,2624,92.0,7771,94.0,-1,-1
train_set/malignant/ISIC_0060326_480x480.jpg,train,malignant,3413,94.0,6704,90.0,-1,-1
train_set/malignant/ISIC_0060340_480x480.jpg,train,malignant,4482,88.0,9592,88.0,-1,-1
train_set/malignant/ISIC_0060341_480x480.jpg,train,malignant,627,82.0,8042,86.0,-1,-1
train_set/malignant/ISIC_0060342_480x480.jpg,train,malignant,696,90.0,13308,92.0,-1,-1
train_set/malignant/ISIC_0060355_480x480.jpg,train,malignant,3945,80.0,6513,74.0,-1,-1
train_set/malignant/ISIC_0060375_480x480.jpg,train,malignant,611,94.0,10191,86.0,-1,-1
train_set/malignant/ISIC_0060376_480x480.jpg,train,malignant,841,86.0,19863,82.0,-1,-1
train_set/malignant/ISIC_0060377_480x480.jpg,train,malignant,6402,86.0,18148,88.0,-1,-1
train_set/malignant/ISIC_0060380_480x480.jpg,train,malignant,3007,88.0,11552,92.0,-1,-1
train_set/malignant/ISIC_0060386_480x480.jpg,train,malignant,2483,88.0,10867,84.0,-1,-1
train_set/malignant/ISIC_0060390_480x480.jpg,train,malignant,1610,90.0,10191,80.0,-1,-1
train_set/malignant/ISIC_0060393_480x480.jpg,train,malignant,4533,84.0,13539,88.0,-1,-1
train_set/malignant/ISIC_0060397_480x480.jpg,train,malignant,8785,90.0,699,88.0,-1,-1
train_set/malignant/ISIC_0060399_480x480.jpg,train,malignant,9789,90.0,15360,80.0,-1,-1
train_set/malignant/ISIC_0060403_480x480.jpg,train,malignant,1670,82.0,17282,76.0,-1,-1
train_set/malignant/ISIC_0060406_480x480.jpg,train,malignant,8689,94.0,19189,86.0,-1,-1
train_set/malignant/ISIC_0060431_480x480.jpg,train,malignant,5720,92.0,16954,94.0,-1,-1
train_set/malignant/ISIC_0060446_480x480.jpg,train,malignant,286,92.0,17603,90.0,-1,-1
train_set/malignant/ISIC_0060459_480x480.jpg,train,malignant,3330,94.0,7156,98.0,-1,-1
train_set/malignant/ISIC_0060465_480x480.jpg,train,malignant,8225,88.0,22780,92.0,-1,-1
train_set/malignant/ISIC_0060481_480x480.jpg,train,malignant,4912,92.0,23244,90.0,-1,-1
train_set/malignant/ISIC_0060487_480x480.jpg,train,malignant,865,84.0,2235,84.0,-1,-1
train_set/malignant/ISIC_0060495_480x480.jpg,train,malignant,7590,90.0,19189,80.0,-1,-1
train_set/malignant/ISIC_0060502_480x480.jpg,train,malignant,3698,88.0,28343,88.0,-1,-1
train_set/malignant/ISIC_0060506_480x480.jpg,train,malignant,20,90.0,29444,78.0,-1,-1
train_set/malignant/ISIC_0060508_480x480.jpg,train,malignant,8854,78.0,3193,78.0,-1,-1
train_set/malignant/ISIC_0060510_480x480.jpg,train,malignant,3298,88.0,26715,86.0,-1,-1
train_set/malignant/ISIC_0060511_480x480.jpg,train,malignant,8811,70.0,13673,72.0,-1,-1
train_set/malignant/ISIC_0060521_480x480.jpg,train,malignant,5205,80.0,18564,78.0,-1,-1
train_set/malignant/ISIC_0060525_480x480.jpg,train,malignant,8763,76.0,7313,74.0,-1,-1
train_set/malignant/ISIC_0060526_480x480.jpg,train,malignant,355,90.0,10191,88.0,-1,-1
train_set/malignant/ISIC_0060555_480x480.jpg,train,malignant,2010,94.0,31070,90.0,-1,-1
train_set/malignant/ISIC_0060556_480x480.jpg,train,malignant,5656,92.0,11037,86.0,-1,-1
train_set/malignant/ISIC_0060558_480x480.jpg,train,malignant,2533,88.0,12315,84.0,-1,-1
train_set/malignant/ISIC_0060559_480x480.jpg,train,malignant,7139,84.0,6535,84.0,-1,-1
train_set/malignant/ISIC_0060577_480x480.jpg,train,malignant,90,88.0,29444,78.0,-1,-1
train_set/malignant/ISIC_0060585_480x480.jpg,train,malignant,383,82.0,21186,78.0,-1,-1
train_set/malignant/ISIC_0060586_480x480.jpg,train,malignant,5983,64.0,7206,80.0,-1,-1
train_set/malignant/ISIC_0060589_480x480.jpg,train,malignant,8409,86.0,20514,84.0,-1,-1
train_set/malignant/ISIC_0060621_480x480.jpg,train,malignant,887,86.0,30751,82.0,-1,-1
train_set/malignant/ISIC_0060624_480x480.jpg,train,malignant,3671,90.0,18557,90.0,-1,-1
train_set/malignant/ISIC_0060629_480x480.jpg,train,malignant,973,86.0,11700,86.0,-1,-1
train_set/malignant/ISIC_0060630_480x480.jpg,train,malignant,3264,90.0,12374,88.0,-1,-1
train_set/malignant/ISIC_0060638_480x480.jpg,train,malignant,9450,90.0,29872,94.0,-1,-1
train_set/malignant/ISIC_0060648_480x480.jpg,train,malignant,383,90.0,18249,88.0,-1,-1
train_set/malignant/ISIC_0060653_480x480.jpg,train,malignant,9231,92.0,2435,90.0,-1,-1
train_set/malignant/ISIC_0060654_480x480.jpg,train,malignant,4891,90.0,3742,90.0,-1,-1
train_set/malignant/ISIC_0060656_480x480.jpg,train,malignant,2199,82.0,20553,84.0,-1,-1
train_set/malignant/ISIC_0060659_480x480.jpg,train,malignant,8427,92.0,10191,80.0,-1,-1
train_set/malignant/ISIC_0060660_480x480.jpg,train,malignant,2192,60.0,18764,56.0,-1,-1
train_set/malignant/ISIC_0060665_480x480.jpg,train,malignant,1576,80.0,31900,84.0,-1,-1
train_set/malignant/ISIC_0060671_480x480.jpg,train,malignant,350,90.0,7301,86.0,-1,-1
train_set/malignant/ISIC_0060672_480x480.jpg,train,malignant,3014,94.0,8952,86.0,-1,-1
train_set/malignant/ISIC_0060677_480x480.jpg,train,malignant,437,94.0,10135,88.0,-1,-1
train_set/malignant/ISIC_0060679_480x480.jpg,train,malignant,1518,84.0,29842,82.0,-1,-1
train_set/malignant/ISIC_0060693_480x480.jpg,train,malignant,897,72.0,20735,80.0,-1,-1
train_set/malignant/ISIC_0060696_480x480.jpg,train,malignant,7904,88.0,11247,90.0,-1,-1
train_set/malignant/ISIC_0060698_480x480.jpg,train,malignant,2369,86.0,6331,80.0,-1,-1
train_set/malignant/ISIC_0060700_480x480.jpg,train,malignant,7773,76.0,19418,74.0,-1,-1
train_set/malignant/ISIC_0060703_480x480.jpg,train,malignant,2044,90.0,12325,86.0,-1,-1
train_set/malignant/ISIC_0060713_480x480.jpg,train,malignant,5739,92.0,30903,86.0,-1,-1
train_set/malignant/ISIC_0060717_480x480.jpg,train,malignant,3129,92.0,19122,90.0,-1,-1
train_set/malignant/ISIC_0060718_480x480.jpg,train,malignant,2130,88.0,13869,88.0,-1,-1
train_set/malignant/ISIC_0060728_480x480.jpg,train,malignant,2162,84.0,25051,80.0,-1,-1
train_set/malignant/ISIC_0060731_480x480.jpg,train,malignant,3996,90.0,19189,86.0,-1,-1
train_set/malignant/ISIC_0060736_480x480.jpg,train,malignant,1209,94.0,11454,90.0,-1,-1
train_set/malignant/ISIC_0060741_480x480.jpg,train,malignant,775,70.0,30751,74.0,-1,-1
train_set/malignant/ISIC_0060744_480x480.jpg,train,malignant,7568,88.0,29444,80.0,-1,-1
train_set/malignant/ISIC_0060749_480x480.jpg,train,malignant,7284,92.0,8602,92.0,-1,-1
train_set/malignant/ISIC_0060760_480x480.jpg,train,malignant,4333,74.0,28122,70.0,-1,-1
train_set/malignant/ISIC_0060762_480x480.jpg,train,malignant,9990,94.0,6134,90.0,-1,-1
train_set/malignant/ISIC_0060764_480x480.jpg,train,malignant,1445,92.0,20972,84.0,-1,-1
train_set/malignant/ISIC_0060773_480x480.jpg,train,malignant,5352,90.0,29103,92.0,-1,-1
train_set/malignant/ISIC_0060795_480x480.jpg,train,malignant,6683,84.0,15292,84.0,-1,-1
train_set/malignant/ISIC_0060817_480x480.jpg,train,malignant,1833,90.0,3551,82.0,-1,-1
train_set/malignant/ISIC_0060827_480x480.jpg,train,malignant,8848,92.0,18992,74.0,-1,-1
train_set/malignant/ISIC_0060829_480x480.jpg,train,malignant,6257,90.0,415,92.0,-1,-1
train_set/malignant/ISIC_0060832_480x480.jpg,train,malignant,5632,90.0,5599,86.0,-1,-1
train_set/malignant/ISIC_0060834_480x480.jpg,train,malignant,807,92.0,25247,88.0,-1,-1
train_set/malignant/ISIC_0060845_480x480.jpg,train,malignant,871,94.0,4219,86.0,-1,-1
train_set/malignant/ISIC_0060854_480x480.jpg,train,malignant,1686,92.0,4928,88.0,-1,-1
train_set/malignant/ISIC_0060873_480x480.jpg,train,malignant,4742,94.0,26246,92.0,-1,-1
train_set/malignant/ISIC_0060883_480x480.jpg,train,malignant,2595,84.0,24144,84.0,-1,-1
train_set/malignant/ISIC_0060886_480x480.jpg,train,malignant,3717,88.0,32092,88.0,-1,-1
train_set/malignant/ISIC_0060893_480x480.jpg,train,malignant,7773,82.0,8108,84.0,-1,-1
train_set/malignant/ISIC_0060897_480x480.jpg,train,malignant,2588,94.0,10852,94.0,-1,-1
train_set/malignant/ISIC_0060934_480x480.jpg,train,malignant,1761,76.0,14640,72.0,-1,-1
train_set/malignant/ISIC_0060936_480x480.jpg,train,malignant,9180,94.0,29444,82.0,-1,-1
train_set/malignant/ISIC_0060937_480x480.jpg,train,malignant,1276,76.0,196,72.0,-1,-1
train_set/malignant/ISIC_0060946_480x480.jpg,train,malignant,6516,92.0,18992,80.0,-1,-1
train_set/malignant/ISIC_0060949_480x480.jpg,train,malignant,4588,78.0,22917,76.0,-1,-1
train_set/malignant/ISIC_0060955_480x480.jpg,train,malignant,8133,94.0,18682,88.0,-1,-1
train_set/malignant/ISIC_0060962_480x480.jpg,train,malignant,121,92.0,28704,84.0,-1,-1
train_set/malignant/ISIC_0060967_480x480.jpg,train,malignant,7638,78.0,7262,86.0,-1,-1
train_set/malignant/ISIC_0060968_480x480.jpg,train,malignant,7685,78.0,2553,84.0,-1,-1
train_set/malignant/ISIC_0060972_480x480.jpg,train,malignant,1461,94.0,5063,84.0,-1,-1
train_set/malignant/ISIC_0060975_480x480.jpg,train,malignant,820,80.0,20323,84.0,-1,-1
train_set/malignant/ISIC_0060978_480x480.jpg,train,malignant,1885,72.0,19174,70.0,-1,-1
train_set/malignant/ISIC_0060979_480x480.jpg,train,malignant,7442,88.0,29444,74.0,-1,-1
train_set/malignant/ISIC_0060994_480x480.jpg,train,malignant,9346,88.0,1210,86.0,-1,-1
train_set/malignant/ISIC_0060999_480x480.jpg,train,malignant,862,90.0,5526,88.0,-1,-1
train_set/malignant/ISIC_0061000_480x480.jpg,train,malignant,1000,90.0,29444,76.0,-1,-1
train_set/malignant/ISIC_0061002_480x480.jpg,train,malignant,20,86.0,29444,64.0,-1,-1
train_set/malignant/ISIC_0061003_480x480.jpg,train,malignant,8445,84.0,22032,82.0,-1,-1
train_set/malignant/ISIC_0061008_480x480.jpg,train,malignant,4278,88.0,4908,86.0,-1,-1
train_set/malignant/ISIC_0061010_480x480.jpg,train,malignant,5091,96.0,26774,90.0,-1,-1
train_set/malignant/ISIC_0061011_480x480.jpg,train,malignant,7989,90.0,11704,90.0,-1,-1
train_set/malignant/ISIC_0061021_480x480.jpg,train,malignant,1779,76.0,19961,68.0,-1,-1
train_set/malignant/ISIC_0061025_480x480.jpg,train,malignant,765,94.0,31282,90.0,-1,-1
train_set/malignant/ISIC_0061029_480x480.jpg,train,malignant,4585,86.0,5201,84.0,-1,-1
train_set/malignant/ISIC_0061049_480x480.jpg,train,malignant,1949,88.0,3662,88.0,-1,-1
train_set/malignant/ISIC_0061052_480x480.jpg,train,malignant,8830,76.0,2179,82.0,-1,-1
train_set/malignant/ISIC_0061057_480x480.jpg,train,malignant,1837,94.0,17758,92.0,-1,-1
train_set/malignant/ISIC_0061066_480x480.jpg,train,malignant,3857,88.0,11098,90.0,-1,-1
train_set/malignant/ISIC_0061067_480x480.jpg,train,malignant,263,72.0,4241,70.0,-1,-1
train_set/malignant/ISIC_0061070_480x480.jpg,train,malignant,169,94.0,18992,84.0,-1,-1
train_set/malignant/ISIC_0061077_480x480.jpg,train,malignant,1575,72.0,14493,76.0,-1,-1
train_set/malignant/ISIC_0061078_480x480.jpg,train,malignant,9600,80.0,13571,82.0,-1,-1
train_set/malignant/ISIC_0061079_480x480.jpg,train,malignant,1552,90.0,1648,88.0,-1,-1
train_set/malignant/ISIC_0061085_480x480.jpg,train,malignant,7265,78.0,93,86.0,-1,-1
train_set/malignant/ISIC_0061086_480x480.jpg,train,malignant,90,90.0,29444,88.0,-1,-1
train_set/malignant/ISIC_0061092_480x480.jpg,train,malignant,7686,88.0,31201,92.0,-1,-1
train_set/malignant/ISIC_0061104_480x480.jpg,train,malignant,9567,96.0,9119,90.0,-1,-1
train_set/malignant/ISIC_0061108_480x480.jpg,train,malignant,1050,84.0,32389,84.0,-1,-1
train_set/malignant/ISIC_0061112_480x480.jpg,train,malignant,7942,86.0,578,94.0,-1,-1
train_set/malignant/ISIC_0061125_480x480.jpg,train,malignant,1233,90.0,19275,86.0,-1,-1
train_set/malignant/ISIC_0061127_480x480.jpg,train,malignant,2453,92.0,29962,90.0,-1,-1
train_set/malignant/ISIC_0061131_480x480.jpg,train,malignant,34,90.0,29444,66.0,-1,-1
train_set/malignant/ISIC_0061134_480x480.jpg,train,malignant,4132,94.0,24992,88.0,-1,-1
train_set/malignant/ISIC_0061139_480x480.jpg,train,malignant,1780,90.0,19365,90.0,-1,-1
train_set/malignant/ISIC_0061141_480x480.jpg,train,malignant,4962,80.0,16777,84.0,-1,-1
train_set/malignant/ISIC_0061152_480x480.jpg,train,malignant,9066,86.0,13653,80.0,-1,-1
train_set/malignant/ISIC_0061158_480x480.jpg,train,malignant,14,92.0,19189,82.0,-1,-1
train_set/malignant/ISIC_0061159_480x480.jpg,train,malignant,7340,88.0,10669,90.0,-1,-1
train_set/malignant/ISIC_0061163_480x480.jpg,train,malignant,798,94.0,19189,84.0,-1,-1
train_set/malignant/ISIC_0061165_480x480.jpg,train,malignant,1267,86.0,14812,82.0,-1,-1
train_set/malignant/ISIC_0061183_480x480.jpg,train,malignant,2591,84.0,24594,86.0,-1,-1
train_set/malignant/ISIC_0061184_480x480.jpg,train,malignant,9438,90.0,4219,88.0,-1,-1
train_set/malignant/ISIC_0061188_480x480.jpg,train,malignant,4828,88.0,23208,86.0,-1,-1
train_set/malignant/ISIC_0061189_480x480.jpg,train,malignant,1248,88.0,18992,76.0,-1,-1
train_set/malignant/ISIC_0061194_480x480.jpg,train,malignant,8609,88.0,13242,86.0,-1,-1
train_set/malignant/ISIC_0061195_480x480.jpg,train,malignant,366,96.0,5075,94.0,-1,-1
train_set/malignant/ISIC_0061224_480x480.jpg,train,malignant,2766,86.0,2609,80.0,-1,-1
train_set/malignant/ISIC_0061231_480x480.jpg,train,malignant,5970,68.0,17364,62.0,-1,-1
train_set/malignant/ISIC_0061244_480x480.jpg,train,malignant,7109,76.0,5395,70.0,-1,-1
train_set/malignant/ISIC_0061250_480x480.jpg,train,malignant,7653,82.0,14297,84.0,-1,-1
train_set/malignant/ISIC_0061252_480x480.jpg,train,malignant,1530,90.0,26869,88.0,-1,-1
train_set/malignant/ISIC_0061253_480x480.jpg,train,malignant,5831,88.0,13122,90.0,-1,-1
train_set/malignant/ISIC_0061257_480x480.jpg,train,malignant,180,94.0,30938,92.0,-1,-1
train_set/malignant/ISIC_0061261_480x480.jpg,train,malignant,8392,86.0,24643,94.0,-1,-1
train_set/malignant/ISIC_0061265_480x480.jpg,train,malignant,112,82.0,26841,80.0,-1,-1
train_set/malignant/ISIC_0061278_480x480.jpg,train,malignant,47,90.0,2883,86.0,-1,-1
train_set/malignant/ISIC_0061281_480x480.jpg,train,malignant,580,90.0,21086,88.0,-1,-1
train_set/malignant/ISIC_0061293_480x480.jpg,train,malignant,7890,88.0,8865,90.0,-1,-1
train_set/malignant/ISIC_0061300_480x480.jpg,train,malignant,7230,82.0,24606,78.0,-1,-1
train_set/malignant/ISIC_0061315_480x480.jpg,train,malignant,1456,84.0,30007,78.0,-1,-1
train_set/malignant/ISIC_0061320_480x480.jpg,train,malignant,8701,94.0,28100,88.0,-1,-1
train_set/malignant/ISIC_0061334_480x480.jpg,train,malignant,1575,88.0,19317,86.0,-1,-1
train_set/malignant/ISIC_0061336_480x480.jpg,train,malignant,7388,88.0,7636,92.0,-1,-1
train_set/malignant/ISIC_0061345_480x480.jpg,train,malignant,2523,90.0,18992,84.0,-1,-1
train_set/malignant/ISIC_0061355_480x480.jpg,train,malignant,8936,94.0,22389,84.0,-1,-1
train_set/malignant/ISIC_0061359_480x480.jpg,train,malignant,1868,72.0,11147,80.0,-1,-1
train_set/malignant/ISIC_0061362_480x480.jpg,train,malignant,6169,86.0,14784,88.0,-1,-1
train_set/malignant/ISIC_0061369_480x480.jpg,train,malignant,6743,72.0,6605,74.0,-1,-1
train_set/malignant/ISIC_0061371_480x480.jpg,train,malignant,743,82.0,3572,84.0,-1,-1
train_set/malignant/ISIC_0061378_480x480.jpg,train,malignant,4788,92.0,6807,92.0,-1,-1
train_set/malignant/ISIC_0061379_480x480.jpg,train,malignant,3379,92.0,19660,94.0,-1,-1
train_set/malignant/ISIC_0061382_480x480.jpg,train,malignant,4386,88.0,16125,86.0,-1,-1
train_set/malignant/ISIC_0061404_480x480.jpg,train,malignant,3902,90.0,11060,86.0,-1,-1
train_set/malignant/ISIC_0061407_480x480.jpg,train,malignant,3214,92.0,20893,92.0,-1,-1
train_set/malignant/ISIC_0061411_480x480.jpg,train,malignant,7862,92.0,27519,88.0,-1,-1
train_set/malignant/ISIC_0061418_480x480.jpg,train,malignant,4699,88.0,16353,88.0,-1,-1
train_set/malignant/ISIC_0061441_480x480.jpg,train,malignant,4905,92.0,13265,90.0,-1,-1
train_set/malignant/ISIC_0061446_480x480.jpg,train,malignant,1104,96.0,9402,96.0,-1,-1
train_set/malignant/ISIC_0061448_480x480.jpg,train,malignant,6128,76.0,2209,86.0,-1,-1
train_set/malignant/ISIC_0061454_480x480.jpg,train,malignant,2321,74.0,21253,72.0,-1,-1
train_set/malignant/ISIC_0061475_480x480.jpg,train,malignant,6985,92.0,803,92.0,-1,-1
train_set/malignant/ISIC_0061479_480x480.jpg,train,malignant,363,86.0,28350,76.0,-1,-1
train_set/malignant/ISIC_0061491_480x480.jpg,train,malignant,7143,92.0,19189,90.0,-1,-1
train_set/malignant/ISIC_0061496_480x480.jpg,train,malignant,7660,92.0,4219,86.0,-1,-1
train_set/malignant/ISIC_0061502_480x480.jpg,train,malignant,6779,86.0,19189,82.0,-1,-1
train_set/malignant/ISIC_0061508_480x480.jpg,train,malignant,7454,92.0,19189,82.0,-1,-1
train_set/malignant/ISIC_0061509_480x480.jpg,train,malignant,6998,90.0,8291,86.0,-1,-1
train_set/malignant/ISIC_0061516_480x480.jpg,train,malignant,1107,80.0,17297,80.0,-1,-1
train_set/malignant/ISIC_0061520_480x480.jpg,train,malignant,744,88.0,29444,70.0,-1,-1
train_set/malignant/ISIC_0061531_480x480.jpg,train,malignant,2078,82.0,6352,88.0,-1,-1
train_set/malignant/ISIC_0061532_480x480.jpg,train,malignant,4453,94.0,15154,92.0,-1,-1
train_set/malignant/ISIC_0061533_480x480.jpg,train,malignant,8767,76.0,2385,72.0,-1,-1
train_set/malignant/ISIC_0061544_480x480.jpg,train,malignant,4269,92.0,19963,90.0,-1,-1
train_set/malignant/ISIC_0061549_480x480.jpg,train,malignant,9631,92.0,19189,88.0,-1,-1
train_set/malignant/ISIC_0061553_480x480.jpg,train,malignant,4028,90.0,13121,92.0,-1,-1
train_set/malignant/ISIC_0061554_480x480.jpg,train,malignant,206,86.0,18992,80.0,-1,-1
train_set/malignant/ISIC_0061556_480x480.jpg,train,malignant,3484,90.0,28967,92.0,-1,-1
train_set/malignant/ISIC_0061559_480x480.jpg,train,malignant,2820,92.0,12299,90.0,-1,-1
train_set/malignant/ISIC_0061566_480x480.jpg,train,malignant,4024,86.0,21400,82.0,-1,-1
train_set/malignant/ISIC_0061575_480x480.jpg,train,malignant,8053,74.0,28006,74.0,-1,-1
train_set/malignant/ISIC_0061580_480x480.jpg,train,malignant,820,82.0,22930,80.0,-1,-1
train_set/malignant/ISIC_0061581_480x480.jpg,train,malignant,2879,84.0,20977,78.0,-1,-1
train_set/malignant/ISIC_0061583_480x480.jpg,train,malignant,959,88.0,27754,82.0,-1,-1
train_set/malignant/ISIC_0061595_480x480.jpg,train,malignant,6254,96.0,5229,94.0,-1,-1
train_set/malignant/ISIC_0061606_480x480.jpg,train,malignant,1142,82.0,24182,86.0,-1,-1
train_set/malignant/ISIC_0061623_480x480.jpg,train,malignant,3412,94.0,5838,94.0,-1,-1
train_set/malignant/ISIC_0061624_480x480.jpg,train,malignant,1280,90.0,18992,76.0,-1,-1
train_set/malignant/ISIC_0061625_480x480.jpg,train,malignant,20,88.0,29444,84.0,-1,-1
train_set/malignant/ISIC_0061626_480x480.jpg,train,malignant,1441,80.0,434,84.0,-1,-1
train_set/malignant/ISIC_0061629_480x480.jpg,train,malignant,743,82.0,7410,82.0,-1,-1
train_set/malignant/ISIC_0061630_480x480.jpg,train,malignant,81,88.0,4928,86.0,-1,-1
train_set/malignant/ISIC_0061636_480x480.jpg,train,malignant,1442,82.0,434,86.0,-1,-1
train_set/malignant/ISIC_0061643_480x480.jpg,train,malignant,4971,90.0,8555,88.0,-1,-1
train_set/malignant/ISIC_0061647_480x480.jpg,train,malignant,9902,90.0,1105,88.0,-1,-1
train_set/malignant/ISIC_0061660_480x480.jpg,train,malignant,1334,98.0,3616,90.0,-1,-1
train_set/malignant/ISIC_0061664_480x480.jpg,train,malignant,7697,90.0,1341,96.0,-1,-1
train_set/malignant/ISIC_0061670_480x480.jpg,train,malignant,5046,98.0,18220,94.0,-1,-1
train_set/malignant/ISIC_0061680_480x480.jpg,train,malignant,3026,90.0,9253,84.0,-1,-1
train_set/malignant/ISIC_0061684_480x480.jpg,train,malignant,3499,92.0,818,92.0,-1,-1
train_set/malignant/ISIC_0061685_480x480.jpg,train,malignant,9420,86.0,27578,88.0,-1,-1
train_set/malignant/ISIC_0061686_480x480.jpg,train,malignant,1383,80.0,14640,82.0,-1,-1
train_set/malignant/ISIC_0061699_480x480.jpg,train,malignant,2583,82.0,4832,78.0,-1,-1
train_set/malignant/ISIC_0061701_480x480.jpg,train,malignant,223,92.0,10193,86.0,-1,-1
train_set/malignant/ISIC_0061705_480x480.jpg,train,malignant,1976,70.0,32607,74.0,-1,-1
train_set/malignant/ISIC_0061709_480x480.jpg,train,malignant,20,92.0,29444,76.0,-1,-1
train_set/malignant/ISIC_0061710_480x480.jpg,train,malignant,3922,88.0,485,96.0,-1,-1
train_set/malignant/ISIC_0061713_480x480.jpg,train,malignant,3802,92.0,22318,88.0,-1,-1
train_set/malignant/ISIC_0061715_480x480.jpg,train,malignant,6601,82.0,12486,84.0,-1,-1
train_set/malignant/ISIC_0061735_480x480.jpg,train,malignant,7513,72.0,5876,78.0,-1,-1
train_set/malignant/ISIC_0061741_480x480.jpg,train,malignant,8281,90.0,22218,90.0,-1,-1
train_set/malignant/ISIC_0061751_480x480.jpg,train,malignant,1769,86.0,8689,86.0,-1,-1
train_set/malignant/ISIC_0061756_480x480.jpg,train,malignant,9394,86.0,8589,90.0,-1,-1
train_set/malignant/ISIC_0061761_480x480.jpg,train,malignant,1617,86.0,10191,84.0,-1,-1
train_set/malignant/ISIC_0061770_480x480.jpg,train,malignant,1217,82.0,5177,88.0,-1,-1
train_set/malignant/ISIC_0061791_480x480.jpg,train,malignant,778,94.0,11566,86.0,-1,-1
train_set/malignant/ISIC_0061798_480x480.jpg,train,malignant,905,90.0,29444,82.0,-1,-1
train_set/malignant/ISIC_0061799_480x480.jpg,train,malignant,269,86.0,29833,86.0,-1,-1
train_set/malignant/ISIC_0061806_480x480.jpg,train,malignant,878,88.0,231,90.0,-1,-1
train_set/malignant/ISIC_0061812_480x480.jpg,train,malignant,7120,82.0,28580,84.0,-1,-1
train_set/malignant/ISIC_0061825_480x480.jpg,train,malignant,1914,90.0,5831,90.0,-1,-1
train_set/malignant/ISIC_0061829_480x480.jpg,train,malignant,1124,90.0,16658,86.0,-1,-1
train_set/malignant/ISIC_0061831_480x480.jpg,train,malignant,383,82.0,6932,84.0,-1,-1
train_set/malignant/ISIC_0061833_480x480.jpg,train,malignant,2186,92.0,3718,90.0,-1,-1
train_set/malignant/ISIC_0061848_480x480.jpg,train,malignant,1832,96.0,7323,90.0,-1,-1
train_set/malignant/ISIC_0061870_480x480.jpg,train,malignant,820,78.0,12513,88.0,-1,-1
train_set/malignant/ISIC_0061880_480x480.jpg,train,malignant,4663,84.0,13053,80.0,-1,-1
train_set/malignant/ISIC_0061884_480x480.jpg,train,malignant,8122,78.0,24594,82.0,-1,-1
train_set/malignant/ISIC_0061885_480x480.jpg,train,malignant,9287,90.0,31274,86.0,-1,-1
train_set/malignant/ISIC_0061894_480x480.jpg,train,malignant,7943,78.0,12935,82.0,-1,-1
train_set/malignant/ISIC_0061900_480x480.jpg,train,malignant,8311,92.0,3262,94.0,-1,-1
train_set/malignant/ISIC_0061911_480x480.jpg,train,malignant,5802,90.0,21406,92.0,-1,-1
train_set/malignant/ISIC_0061915_480x480.jpg,train,malignant,7892,84.0,27040,88.0,-1,-1
train_set/malignant/ISIC_0061918_480x480.jpg,train,malignant,6631,84.0,30931,86.0,-1,-1
train_set/malignant/ISIC_0061921_480x480.jpg,train,malignant,307,86.0,3971,84.0,-1,-1
train_set/malignant/ISIC_0061922_480x480.jpg,train,malignant,1139,90.0,4245,92.0,-1,-1
train_set/malignant/ISIC_0061926_480x480.jpg,train,malignant,90,86.0,18992,80.0,-1,-1
train_set/malignant/ISIC_0061928_480x480.jpg,train,malignant,7326,94.0,19189,88.0,-1,-1
train_set/malignant/ISIC_0061936_480x480.jpg,train,malignant,203,80.0,6138,88.0,-1,-1
train_set/malignant/ISIC_0061941_480x480.jpg,train,malignant,2015,92.0,31107,88.0,-1,-1
train_set/malignant/ISIC_0061944_480x480.jpg,train,malignant,795,88.0,19189,84.0,-1,-1
train_set/malignant/ISIC_0061945_480x480.jpg,train,malignant,5019,80.0,10324,84.0,-1,-1
train_set/malignant/ISIC_0061950_480x480.jpg,train,malignant,682,94.0,16075,90.0,-1,-1
train_set/malignant/ISIC_0061956_480x480.jpg,train,malignant,2456,96.0,19406,92.0,-1,-1
train_set/malignant/ISIC_0061960_480x480.jpg,train,malignant,3618,90.0,5851,90.0,-1,-1
train_set/malignant/ISIC_0061971_480x480.jpg,train,malignant,9439,88.0,27742,80.0,-1,-1
train_set/malignant/ISIC_0061994_480x480.jpg,train,malignant,7873,80.0,10646,88.0,-1,-1
train_set/malignant/ISIC_0061997_480x480.jpg,train,malignant,809,92.0,10191,84.0,-1,-1
train_set/malignant/ISIC_0062000_480x480.jpg,train,malignant,6327,88.0,30002,88.0,-1,-1
train_set/malignant/ISIC_0062005_480x480.jpg,train,malignant,2360,88.0,6656,84.0,-1,-1
train_set/malignant/ISIC_0062016_480x480.jpg,train,malignant,1107,70.0,10108,82.0,-1,-1
train_set/malignant/ISIC_0062026_480x480.jpg,train,malignant,256,88.0,21459,90.0,-1,-1
train_set/malignant/ISIC_0062029_480x480.jpg,train,malignant,63,94.0,1101,88.0,-1,-1
train_set/malignant/ISIC_0062031_480x480.jpg,train,malignant,1383,76.0,22930,84.0,-1,-1
train_set/malignant/ISIC_0062037_480x480.jpg,train,malignant,323,94.0,25179,90.0,-1,-1
train_set/malignant/ISIC_0062042_480x480.jpg,train,malignant,60,82.0,434,84.0,-1,-1
train_set/malignant/ISIC_0062048_480x480.jpg,train,malignant,66,92.0,29444,74.0,-1,-1
train_set/malignant/ISIC_0062058_480x480.jpg,train,malignant,8415,90.0,12303,92.0,-1,-1
train_set/malignant/ISIC_0062063_480x480.jpg,train,malignant,291,86.0,27654,88.0,-1,-1
train_set/malignant/ISIC_0062077_480x480.jpg,train,malignant,7478,80.0,28081,82.0,-1,-1
train_set/malignant/ISIC_0062084_480x480.jpg,train,malignant,7086,86.0,29770,82.0,-1,-1
train_set/malignant/ISIC_0062087_480x480.jpg,train,malignant,1423,82.0,6857,84.0,-1,-1
train_set/malignant/ISIC_0062098_480x480.jpg,train,malignant,7727,92.0,29444,84.0,-1,-1
train_set/malignant/ISIC_0062099_480x480.jpg,train,malignant,1094,90.0,1698,94.0,-1,-1
train_set/malignant/ISIC_0062102_480x480.jpg,train,malignant,953,88.0,30608,86.0,-1,-1
train_set/malignant/ISIC_0062103_480x480.jpg,train,malignant,9343,82.0,19184,76.0,-1,-1
train_set/malignant/ISIC_0062111_480x480.jpg,train,malignant,4449,90.0,22824,84.0,-1,-1
train_set/malignant/ISIC_0062112_480x480.jpg,train,malignant,6998,86.0,10191,80.0,-1,-1
train_set/malignant/ISIC_0062114_480x480.jpg,train,malignant,6834,94.0,21917,88.0,-1,-1
train_set/malignant/ISIC_0062115_480x480.jpg,train,malignant,3110,92.0,11118,92.0,-1,-1
train_set/malignant/ISIC_0062125_480x480.jpg,train,malignant,871,90.0,9972,88.0,-1,-1
train_set/malignant/ISIC_0062133_480x480.jpg,train,malignant,7220,78.0,10291,78.0,-1,-1
train_set/malignant/ISIC_0062138_480x480.jpg,train,malignant,90,92.0,29444,74.0,-1,-1
train_set/malignant/ISIC_0062141_480x480.jpg,train,malignant,4257,94.0,10388,92.0,-1,-1
train_set/malignant/ISIC_0062155_480x480.jpg,train,malignant,9374,86.0,14577,82.0,-1,-1
train_set/malignant/ISIC_0062158_480x480.jpg,train,malignant,4982,84.0,3170,88.0,-1,-1
train_set/malignant/ISIC_0062160_480x480.jpg,train,malignant,1743,88.0,17130,88.0,-1,-1
train_set/malignant/ISIC_0062161_480x480.jpg,train,malignant,4703,92.0,19189,90.0,-1,-1
train_set/malignant/ISIC_0062162_480x480.jpg,train,malignant,8894,88.0,9614,88.0,-1,-1
train_set/malignant/ISIC_0062163_480x480.jpg,train,malignant,5366,90.0,1064,94.0,-1,-1
train_set/malignant/ISIC_0062171_480x480.jpg,train,malignant,121,76.0,26683,78.0,-1,-1
train_set/malignant/ISIC_0062181_480x480.jpg,train,malignant,8223,92.0,16050,90.0,-1,-1
train_set/malignant/ISIC_0062196_480x480.jpg,train,malignant,911,86.0,9532,82.0,-1,-1
train_set/malignant/ISIC_0062204_480x480.jpg,train,malignant,832,92.0,6000,90.0,-1,-1
train_set/malignant/ISIC_0062208_480x480.jpg,train,malignant,1441,68.0,434,74.0,-1,-1
train_set/malignant/ISIC_0062234_480x480.jpg,train,malignant,125,92.0,1261,88.0,-1,-1
train_set/malignant/ISIC_0062235_480x480.jpg,train,malignant,1249,74.0,5006,78.0,-1,-1
train_set/malignant/ISIC_0062239_480x480.jpg,train,malignant,1807,94.0,13617,94.0,-1,-1
train_set/malignant/ISIC_0062241_480x480.jpg,train,malignant,2130,84.0,21959,80.0,-1,-1
train_set/malignant/ISIC_0062242_480x480.jpg,train,malignant,9830,94.0,15820,92.0,-1,-1
train_set/malignant/ISIC_0062251_480x480.jpg,train,malignant,8921,72.0,18822,74.0,-1,-1
train_set/malignant/ISIC_0062260_480x480.jpg,train,malignant,3858,88.0,10253,92.0,-1,-1
train_set/malignant/ISIC_0062286_480x480.jpg,train,malignant,7410,78.0,8108,78.0,-1,-1
train_set/malignant/ISIC_0062296_480x480.jpg,train,malignant,1671,84.0,15092,82.0,-1,-1
train_set/malignant/ISIC_0062298_480x480.jpg,train,malignant,7310,88.0,23317,92.0,-1,-1
train_set/malignant/ISIC_0062301_480x480.jpg,train,malignant,1780,86.0,665,86.0,-1,-1
train_set/malignant/ISIC_0062313_480x480.jpg,train,malignant,109,94.0,28358,92.0,-1,-1
train_set/malignant/ISIC_0062318_480x480.jpg,train,malignant,9935,88.0,10179,92.0,-1,-1
train_set/malignant/ISIC_0062323_480x480.jpg,train,malignant,1190,92.0,22832,86.0,-1,-1
train_set/malignant/ISIC_0062325_480x480.jpg,train,malignant,8566,84.0,29786,82.0,-1,-1
train_set/malignant/ISIC_0062339_480x480.jpg,train,malignant,9867,90.0,26920,86.0,-1,-1
train_set/malignant/ISIC_0062340_480x480.jpg,train,malignant,4697,92.0,1220,90.0,-1,-1
train_set/malignant/ISIC_0062350_480x480.jpg,train,malignant,547,88.0,2625,86.0,-1,-1
train_set/malignant/ISIC_0062359_480x480.jpg,train,malignant,597,70.0,28813,72.0,-1,-1
train_set/malignant/ISIC_0062364_480x480.jpg,train,malignant,580,88.0,18512,88.0,-1,-1
train_set/malignant/ISIC_0062382_480x480.jpg,train,malignant,330,78.0,13845,84.0,-1,-1
train_set/malignant/ISIC_0062389_480x480.jpg,train,malignant,8955,80.0,9156,76.0,-1,-1
train_set/malignant/ISIC_0062401_480x480.jpg,train,malignant,7804,92.0,12173,94.0,-1,-1
train_set/malignant/ISIC_0062407_480x480.jpg,train,malignant,953,86.0,1371,86.0,-1,-1
train_set/malignant/ISIC_0062420_480x480.jpg,train,malignant,4116,96.0,14114,92.0,-1,-1
train_set/malignant/ISIC_0062423_480x480.jpg,train,malignant,8117,88.0,1273,90.0,-1,-1
train_set/malignant/ISIC_0062425_480x480.jpg,train,malignant,7514,86.0,18992,80.0,-1,-1
train_set/malignant/ISIC_0062434_480x480.jpg,train,malignant,2104,98.0,10059,94.0,-1,-1
train_set/malignant/ISIC_0062442_480x480.jpg,train,malignant,12,86.0,30751,82.0,-1,-1
train_set/malignant/ISIC_0062443_480x480.jpg,train,malignant,2127,82.0,25068,78.0,-1,-1
train_set/malignant/ISIC_0062447_480x480.jpg,train,malignant,7541,94.0,19189,92.0,-1,-1
train_set/malignant/ISIC_0062454_480x480.jpg,train,malignant,8086,90.0,1534,90.0,-1,-1
train_set/malignant/ISIC_0062458_480x480.jpg,train,malignant,8110,80.0,21699,76.0,-1,-1
train_set/malignant/ISIC_0062463_480x480.jpg,train,malignant,1792,96.0,486,96.0,-1,-1
train_set/malignant/ISIC_0062468_480x480.jpg,train,malignant,6658,84.0,961,84.0,-1,-1
train_set/malignant/ISIC_0062471_480x480.jpg,train,malignant,98,80.0,6463,84.0,-1,-1
train_set/malignant/ISIC_0062474_480x480.jpg,train,malignant,8454,92.0,9972,76.0,-1,-1
train_set/malignant/ISIC_0062477_480x480.jpg,train,malignant,3202,92.0,5066,94.0,-1,-1
train_set/malignant/ISIC_0062481_480x480.jpg,train,malignant,8012,74.0,1985,78.0,-1,-1
train_set/malignant/ISIC_0062491_480x480.jpg,train,malignant,1638,86.0,4335,90.0,-1,-1
train_set/malignant/ISIC_0062497_480x480.jpg,train,malignant,5371,90.0,18476,90.0,-1,-1
train_set/malignant/ISIC_0062505_480x480.jpg,train,malignant,4,86.0,31200,84.0,-1,-1
train_set/malignant/ISIC_0062515_480x480.jpg,train,malignant,7929,82.0,16091,84.0,-1,-1
train_set/malignant/ISIC_0062517_480x480.jpg,train,malignant,3142,92.0,27998,92.0,-1,-1
train_set/malignant/ISIC_0062523_480x480.jpg,train,malignant,509,88.0,7191,86.0,-1,-1
train_set/malignant/ISIC_0062524_480x480.jpg,train,malignant,1849,74.0,4976,78.0,-1,-1
train_set/malignant/ISIC_0062525_480x480.jpg,train,malignant,2855,94.0,19189,84.0,-1,-1
train_set/malignant/ISIC_0062530_480x480.jpg,train,malignant,984,72.0,1307,84.0,-1,-1
train_set/malignant/ISIC_0062531_480x480.jpg,train,malignant,1448,90.0,23349,86.0,-1,-1
train_set/malignant/ISIC_0062536_480x480.jpg,train,malignant,580,84.0,16343,86.0,-1,-1
train_set/malignant/ISIC_0062547_480x480.jpg,train,malignant,9905,88.0,6007,86.0,-1,-1
train_set/malignant/ISIC_0062559_480x480.jpg,train,malignant,3484,96.0,19189,88.0,-1,-1
train_set/malignant/ISIC_0062575_480x480.jpg,train,malignant,8108,78.0,20879,80.0,-1,-1
train_set/malignant/ISIC_0062589_480x480.jpg,train,malignant,3484,92.0,587,90.0,-1,-1
train_set/malignant/ISIC_0062596_480x480.jpg,train,malignant,4873,90.0,448,92.0,-1,-1
train_set/malignant/ISIC_0062602_480x480.jpg,train,malignant,6014,88.0,1658,84.0,-1,-1
train_set/malignant/ISIC_0062626_480x480.jpg,train,malignant,9708,90.0,2732,96.0,-1,-1
train_set/malignant/ISIC_0062628_480x480.jpg,train,malignant,7690,86.0,16803,80.0,-1,-1
train_set/malignant/ISIC_0062632_480x480.jpg,train,malignant,1170,80.0,3812,82.0,-1,-1
train_set/malignant/ISIC_0062633_480x480.jpg,train,malignant,6366,90.0,19189,90.0,-1,-1
train_set/malignant/ISIC_0062636_480x480.jpg,train,malignant,90,90.0,1536,86.0,-1,-1
train_set/malignant/ISIC_0062639_480x480.jpg,train,malignant,7792,72.0,24676,78.0,-1,-1
train_set/malignant/ISIC_0062649_480x480.jpg,train,malignant,6380,82.0,9275,82.0,-1,-1
train_set/malignant/ISIC_0062674_480x480.jpg,train,malignant,1520,90.0,22086,86.0,-1,-1
train_set/malignant/ISIC_0062680_480x480.jpg,train,malignant,523,94.0,22877,92.0,-1,-1
train_set/malignant/ISIC_0062684_480x480.jpg,train,malignant,7541,94.0,9320,94.0,-1,-1
train_set/malignant/ISIC_0062686_480x480.jpg,train,malignant,871,90.0,26402,80.0,-1,-1
train_set/malignant/ISIC_0062688_480x480.jpg,train,malignant,4636,90.0,18992,72.0,-1,-1
train_set/malignant/ISIC_0062702_480x480.jpg,train,malignant,984,88.0,4791,90.0,-1,-1
train_set/malignant/ISIC_0062708_480x480.jpg,train,malignant,806,82.0,14342,86.0,-1,-1
train_set/malignant/ISIC_0062709_480x480.jpg,train,malignant,7595,78.0,8383,80.0,-1,-1
train_set/malignant/ISIC_0062712_480x480.jpg,train,malignant,4708,74.0,21475,68.0,-1,-1
train_set/malignant/ISIC_0062713_480x480.jpg,train,malignant,7636,80.0,23921,76.0,-1,-1
train_set/malignant/ISIC_0062721_480x480.jpg,train,malignant,5458,84.0,4716,88.0,-1,-1
train_set/malignant/ISIC_0062724_480x480.jpg,train,malignant,1798,90.0,16356,84.0,-1,-1
train_set/malignant/ISIC_0062734_480x480.jpg,train,malignant,1620,76.0,32105,84.0,-1,-1
train_set/malignant/ISIC_0062756_480x480.jpg,train,malignant,5985,96.0,2313,96.0,-1,-1
train_set/malignant/ISIC_0062762_480x480.jpg,train,malignant,7114,70.0,29957,82.0,-1,-1
train_set/malignant/ISIC_0062765_480x480.jpg,train,malignant,383,84.0,1351,84.0,-1,-1
train_set/malignant/ISIC_0062767_480x480.jpg,train,malignant,4819,90.0,30589,92.0,-1,-1
train_set/malignant/ISIC_0062770_480x480.jpg,train,malignant,820,80.0,25070,76.0,-1,-1
train_set/malignant/ISIC_0062792_480x480.jpg,train,malignant,7136,94.0,4708,92.0,-1,-1
train_set/malignant/ISIC_0062806_480x480.jpg,train,malignant,7274,76.0,16384,74.0,-1,-1
train_set/malignant/ISIC_0062809_480x480.jpg,train,malignant,3943,86.0,28867,92.0,-1,-1
train_set/malignant/ISIC_0062816_480x480.jpg,train,malignant,2394,86.0,3234,80.0,-1,-1
train_set/malignant/ISIC_0062821_480x480.jpg,train,malignant,7001,88.0,9154,92.0,-1,-1
train_set/malignant/ISIC_0062827_480x480.jpg,train,malignant,1580,82.0,6120,86.0,-1,-1
train_set/malignant/ISIC_0062844_480x480.jpg,train,malignant,276,84.0,17440,82.0,-1,-1
train_set/malignant/ISIC_0062850_480x480.jpg,train,malignant,3707,94.0,3130,94.0,-1,-1
train_set/malignant/ISIC_0062864_480x480.jpg,train,malignant,6207,94.0,19189,86.0,-1,-1
train_set/malignant/ISIC_0062869_480x480.jpg,train,malignant,9170,84.0,449,84.0,-1,-1
train_set/malignant/ISIC_0062891_480x480.jpg,train,malignant,1561,90.0,15360,80.0,-1,-1
train_set/malignant/ISIC_0062908_480x480.jpg,train,malignant,2005,86.0,15372,88.0,-1,-1
train_set/malignant/ISIC_0062912_480x480.jpg,train,malignant,4059,74.0,18730,70.0,-1,-1
train_set/malignant/ISIC_0062914_480x480.jpg,train,malignant,3283,92.0,22481,90.0,-1,-1
train_set/malignant/ISIC_0062919_480x480.jpg,train,malignant,5433,94.0,19261,90.0,-1,-1
train_set/malignant/ISIC_0062925_480x480.jpg,train,malignant,46,86.0,262,80.0,-1,-1
train_set/malignant/ISIC_0062935_480x480.jpg,train,malignant,3190,96.0,7185,94.0,-1,-1
train_set/malignant/ISIC_0062944_480x480.jpg,train,malignant,3400,84.0,23755,84.0,-1,-1
train_set/malignant/ISIC_0062948_480x480.jpg,train,malignant,9799,90.0,18992,88.0,-1,-1
train_set/malignant/ISIC_0062954_480x480.jpg,train,malignant,8311,88.0,11899,92.0,-1,-1
train_set/malignant/ISIC_0062970_480x480.jpg,train,malignant,800,88.0,5201,82.0,-1,-1
train_set/malignant/ISIC_0062978_480x480.jpg,train,malignant,1078,90.0,29444,56.0,-1,-1
train_set/malignant/ISIC_0062980_480x480.jpg,train,malignant,7776,86.0,23471,86.0,-1,-1
train_set/malignant/ISIC_0062983_480x480.jpg,train,malignant,777,94.0,3971,90.0,-1,-1
train_set/malignant/ISIC_0062985_480x480.jpg,train,malignant,3667,90.0,1050,90.0,-1,-1
train_set/malignant/ISIC_0062991_480x480.jpg,train,malignant,7541,92.0,14047,88.0,-1,-1
train_set/malignant/ISIC_0062992_480x480.jpg,train,malignant,2055,90.0,2179,84.0,-1,-1
train_set/malignant/ISIC_0062994_480x480.jpg,train,malignant,7203,86.0,25644,82.0,-1,-1
train_set/malignant/ISIC_0063002_480x480.jpg,train,malignant,61,88.0,149,90.0,-1,-1
train_set/malignant/ISIC_0063018_480x480.jpg,train,malignant,168,90.0,9282,84.0,-1,-1
train_set/malignant/ISIC_0063026_480x480.jpg,train,malignant,362,86.0,8856,82.0,-1,-1
train_set/malignant/ISIC_0063027_480x480.jpg,train,malignant,938,86.0,26303,82.0,-1,-1
train_set/malignant/ISIC_0063032_480x480.jpg,train,malignant,1361,84.0,1566,84.0,-1,-1
train_set/malignant/ISIC_0063046_480x480.jpg,train,malignant,9011,80.0,8789,68.0,-1,-1
train_set/malignant/ISIC_0063056_480x480.jpg,train,malignant,9517,90.0,12561,88.0,-1,-1
train_set/malignant/ISIC_0063061_480x480.jpg,train,malignant,6950,88.0,29444,76.0,-1,-1
train_set/malignant/ISIC_0063067_480x480.jpg,train,malignant,2226,90.0,23141,84.0,-1,-1
train_set/malignant/ISIC_0063070_480x480.jpg,train,malignant,1538,84.0,2698,88.0,-1,-1
train_set/malignant/ISIC_0063072_480x480.jpg,train,malignant,3628,90.0,11373,86.0,-1,-1
train_set/malignant/ISIC_0063077_480x480.jpg,train,malignant,9265,80.0,152,78.0,-1,-1
train_set/malignant/ISIC_0063081_480x480.jpg,train,malignant,149,82.0,15816,82.0,-1,-1
train_set/malignant/ISIC_0063087_480x480.jpg,train,malignant,7942,90.0,4219,94.0,-1,-1
train_set/malignant/ISIC_0063093_480x480.jpg,train,malignant,6028,92.0,11380,88.0,-1,-1
train_set/malignant/ISIC_0063094_480x480.jpg,train,malignant,6191,92.0,5938,84.0,-1,-1
train_set/malignant/ISIC_0063102_480x480.jpg,train,malignant,5444,92.0,19189,92.0,-1,-1
train_set/malignant/ISIC_0063109_480x480.jpg,train,malignant,6712,92.0,6414,90.0,-1,-1
train_set/malignant/ISIC_0063124_480x480.jpg,train,malignant,7337,90.0,6841,80.0,-1,-1
train_set/malignant/ISIC_0063130_480x480.jpg,train,malignant,2226,86.0,8552,84.0,-1,-1
train_set/malignant/ISIC_0063131_480x480.jpg,train,malignant,336,92.0,23586,86.0,-1,-1
train_set/malignant/ISIC_0063133_480x480.jpg,train,malignant,2845,94.0,9972,86.0,-1,-1
train_set/malignant/ISIC_0063135_480x480.jpg,train,malignant,1478,90.0,9282,80.0,-1,-1
train_set/malignant/ISIC_0063143_480x480.jpg,train,malignant,1023,94.0,28432,92.0,-1,-1
train_set/malignant/ISIC_0063148_480x480.jpg,train,malignant,5323,86.0,28958,88.0,-1,-1
train_set/malignant/ISIC_0063151_480x480.jpg,train,malignant,122,86.0,26118,88.0,-1,-1
train_set/malignant/ISIC_0063153_480x480.jpg,train,malignant,7104,86.0,4523,86.0,-1,-1
train_set/malignant/ISIC_0063157_480x480.jpg,train,malignant,1489,88.0,20975,86.0,-1,-1
train_set/malignant/ISIC_0063164_480x480.jpg,train,malignant,7060,80.0,519,84.0,-1,-1
train_set/malignant/ISIC_0063168_480x480.jpg,train,malignant,3888,88.0,14806,84.0,-1,-1
train_set/malignant/ISIC_0063172_480x480.jpg,train,malignant,6310,80.0,26306,72.0,-1,-1
train_set/malignant/ISIC_0063174_480x480.jpg,train,malignant,9257,84.0,18992,80.0,-1,-1
train_set/malignant/ISIC_0063180_480x480.jpg,train,malignant,5395,90.0,15986,92.0,-1,-1
train_set/malignant/ISIC_0063181_480x480.jpg,train,malignant,7790,64.0,1096,72.0,-1,-1
train_set/malignant/ISIC_0063182_480x480.jpg,train,malignant,8860,70.0,670,70.0,-1,-1
train_set/malignant/ISIC_0063190_480x480.jpg,train,malignant,6933,82.0,1350,80.0,-1,-1
train_set/malignant/ISIC_0063191_480x480.jpg,train,malignant,8192,76.0,27568,80.0,-1,-1
train_set/malignant/ISIC_0063198_480x480.jpg,train,malignant,4394,86.0,6000,88.0,-1,-1
train_set/malignant/ISIC_0063207_480x480.jpg,train,malignant,3804,90.0,910,84.0,-1,-1
train_set/malignant/ISIC_0063208_480x480.jpg,train,malignant,7796,88.0,4950,90.0,-1,-1
train_set/malignant/ISIC_0063223_480x480.jpg,train,malignant,3758,84.0,31115,86.0,-1,-1
train_set/malignant/ISIC_0063225_480x480.jpg,train,malignant,6719,84.0,15206,78.0,-1,-1
train_set/malignant/ISIC_0063228_480x480.jpg,train,malignant,1170,82.0,2482,80.0,-1,-1
train_set/malignant/ISIC_0063233_480x480.jpg,train,malignant,1561,92.0,25065,82.0,-1,-1
train_set/malignant/ISIC_0063234_480x480.jpg,train,malignant,8662,82.0,32630,88.0,-1,-1
train_set/malignant/ISIC_0063241_480x480.jpg,train,malignant,1568,72.0,27247,80.0,-1,-1
train_set/malignant/ISIC_0063243_480x480.jpg,train,malignant,3168,88.0,25732,86.0,-1,-1
train_set/malignant/ISIC_0063258_480x480.jpg,train,malignant,8863,88.0,5775,80.0,-1,-1
train_set/malignant/ISIC_0063264_480x480.jpg,train,malignant,1104,94.0,6032,88.0,-1,-1
train_set/malignant/ISIC_0063266_480x480.jpg,train,malignant,1103,78.0,17780,80.0,-1,-1
train_set/malignant/ISIC_0063268_480x480.jpg,train,malignant,1727,78.0,3127,78.0,-1,-1
train_set/malignant/ISIC_0063271_480x480.jpg,train,malignant,1364,94.0,22323,88.0,-1,-1
train_set/malignant/ISIC_0063289_480x480.jpg,train,malignant,3132,96.0,14364,90.0,-1,-1
train_set/malignant/ISIC_0063295_480x480.jpg,train,malignant,153,88.0,7013,82.0,-1,-1
train_set/malignant/ISIC_0063300_480x480.jpg,train,malignant,806,84.0,15958,84.0,-1,-1
train_set/malignant/ISIC_0063302_480x480.jpg,train,malignant,5018,88.0,2508,86.0,-1,-1
train_set/malignant/ISIC_0063318_480x480.jpg,train,malignant,4797,92.0,15405,90.0,-1,-1
train_set/malignant/ISIC_0063324_480x480.jpg,train,malignant,692,86.0,334,92.0,-1,-1
train_set/malignant/ISIC_0063349_480x480.jpg,train,malignant,4318,94.0,1740,92.0,-1,-1
train_set/malignant/ISIC_0063362_480x480.jpg,train,malignant,7128,88.0,15360,80.0,-1,-1
train_set/malignant/ISIC_0063367_480x480.jpg,train,malignant,3653,90.0,18992,84.0,-1,-1
train_set/malignant/ISIC_0063369_480x480.jpg,train,malignant,987,88.0,1581,94.0,-1,-1
train_set/malignant/ISIC_0063373_480x480.jpg,train,malignant,4927,80.0,5074,88.0,-1,-1
train_set/malignant/ISIC_0063394_480x480.jpg,train,malignant,830,88.0,30845,80.0,-1,-1
train_set/malignant/ISIC_0063397_480x480.jpg,train,malignant,1363,92.0,7057,88.0,-1,-1
train_set/malignant/ISIC_0063410_480x480.jpg,train,malignant,8070,82.0,24251,86.0,-1,-1
train_set/malignant/ISIC_0063425_480x480.jpg,train,malignant,5,86.0,16119,88.0,-1,-1
train_set/malignant/ISIC_0063428_480x480.jpg,train,malignant,2399,88.0,14493,84.0,-1,-1
train_set/malignant/ISIC_0063443_480x480.jpg,train,malignant,1507,86.0,2209,86.0,-1,-1
train_set/malignant/ISIC_0063445_480x480.jpg,train,malignant,6758,90.0,29444,64.0,-1,-1
train_set/malignant/ISIC_0063447_480x480.jpg,train,malignant,4560,86.0,4503,86.0,-1,-1
train_set/malignant/ISIC_0063450_480x480.jpg,train,malignant,8213,90.0,1273,96.0,-1,-1
train_set/malignant/ISIC_0063457_480x480.jpg,train,malignant,9623,82.0,1329,84.0,-1,-1
train_set/malignant/ISIC_0063464_480x480.jpg,train,malignant,7873,88.0,3338,94.0,-1,-1
train_set/malignant/ISIC_0063467_480x480.jpg,train,malignant,1458,90.0,7561,88.0,-1,-1
train_set/malignant/ISIC_0063470_480x480.jpg,train,malignant,8334,92.0,8022,88.0,-1,-1
train_set/malignant/ISIC_0063475_480x480.jpg,train,malignant,413,94.0,9309,88.0,-1,-1
train_set/malignant/ISIC_0063492_480x480.jpg,train,malignant,8663,82.0,18718,76.0,-1,-1
train_set/malignant/ISIC_0063493_480x480.jpg,train,malignant,3841,94.0,28376,92.0,-1,-1
train_set/malignant/ISIC_0063496_480x480.jpg,train,malignant,6628,82.0,7492,84.0,-1,-1
train_set/malignant/ISIC_0063521_480x480.jpg,train,malignant,1860,92.0,32239,82.0,-1,-1
train_set/malignant/ISIC_0063528_480x480.jpg,train,malignant,1936,94.0,20327,92.0,-1,-1
train_set/malignant/ISIC_0063537_480x480.jpg,train,malignant,4759,90.0,1912,90.0,-1,-1
train_set/malignant/ISIC_0063551_480x480.jpg,train,malignant,122,92.0,31949,86.0,-1,-1
train_set/malignant/ISIC_0063568_480x480.jpg,train,malignant,2090,88.0,17956,90.0,-1,-1
train_set/malignant/ISIC_0063595_480x480.jpg,train,malignant,807,86.0,2623,88.0,-1,-1
train_set/malignant/ISIC_0063598_480x480.jpg,train,malignant,1697,88.0,16187,84.0,-1,-1
train_set/malignant/ISIC_0063601_480x480.jpg,train,malignant,797,90.0,4219,90.0,-1,-1
train_set/malignant/ISIC_0063606_480x480.jpg,train,malignant,90,90.0,8108,82.0,-1,-1
train_set/malignant/ISIC_0063617_480x480.jpg,train,malignant,1877,84.0,6876,84.0,-1,-1
train_set/malignant/ISIC_0063630_480x480.jpg,train,malignant,9477,82.0,5644,82.0,-1,-1
train_set/malignant/ISIC_0063636_480x480.jpg,train,malignant,2949,90.0,32515,92.0,-1,-1
train_set/malignant/ISIC_0063655_480x480.jpg,train,malignant,871,90.0,22712,82.0,-1,-1
train_set/malignant/ISIC_0063664_480x480.jpg,train,malignant,8674,82.0,13091,78.0,-1,-1
train_set/malignant/ISIC_0063680_480x480.jpg,train,malignant,2879,80.0,1903,80.0,-1,-1
train_set/malignant/ISIC_0063687_480x480.jpg,train,malignant,90,88.0,18992,82.0,-1,-1
train_set/malignant/ISIC_0063690_480x480.jpg,train,malignant,1330,88.0,15919,94.0,-1,-1
train_set/malignant/ISIC_0063691_480x480.jpg,train,malignant,537,92.0,16135,92.0,-1,-1
train_set/malignant/ISIC_0063692_480x480.jpg,train,malignant,343,92.0,18685,84.0,-1,-1
train_set/malignant/ISIC_0063693_480x480.jpg,train,malignant,4759,92.0,26432,94.0,-1,-1
train_set/malignant/ISIC_0063704_480x480.jpg,train,malignant,1768,84.0,18007,86.0,-1,-1
train_set/malignant/ISIC_0063715_480x480.jpg,train,malignant,7104,82.0,14491,84.0,-1,-1
train_set/malignant/ISIC_0063723_480x480.jpg,train,malignant,199,82.0,9028,82.0,-1,-1
train_set/malignant/ISIC_0063725_480x480.jpg,train,malignant,9392,88.0,19117,84.0,-1,-1
train_set/malignant/ISIC_0063727_480x480.jpg,train,malignant,5357,88.0,5731,90.0,-1,-1
train_set/malignant/ISIC_0063732_480x480.jpg,train,malignant,1598,90.0,6296,86.0,-1,-1
train_set/malignant/ISIC_0063742_480x480.jpg,train,malignant,7003,74.0,12951,76.0,-1,-1
train_set/malignant/ISIC_0063748_480x480.jpg,train,malignant,3774,86.0,3426,82.0,-1,-1
train_set/malignant/ISIC_0063753_480x480.jpg,train,malignant,9688,84.0,9621,84.0,-1,-1
train_set/malignant/ISIC_0063757_480x480.jpg,train,malignant,1723,88.0,29444,76.0,-1,-1
train_set/malignant/ISIC_0063766_480x480.jpg,train,malignant,862,86.0,4403,84.0,-1,-1
train_set/malignant/ISIC_0063769_480x480.jpg,train,malignant,1683,86.0,24031,90.0,-1,-1
train_set/malignant/ISIC_0063775_480x480.jpg,train,malignant,7866,86.0,6120,86.0,-1,-1
train_set/malignant/ISIC_0063792_480x480.jpg,train,malignant,871,86.0,18992,82.0,-1,-1
train_set/malignant/ISIC_0063793_480x480.jpg,train,malignant,3810,92.0,2430,90.0,-1,-1
train_set/malignant/ISIC_0063795_480x480.jpg,train,malignant,7603,90.0,1758,92.0,-1,-1
train_set/malignant/ISIC_0063811_480x480.jpg,train,malignant,8836,90.0,7714,90.0,-1,-1
train_set/malignant/ISIC_0063813_480x480.jpg,train,malignant,9215,88.0,4934,92.0,-1,-1
train_set/malignant/ISIC_0063819_480x480.jpg,train,malignant,1431,88.0,29444,80.0,-1,-1
train_set/malignant/ISIC_0063824_480x480.jpg,train,malignant,2394,84.0,5879,78.0,-1,-1
train_set/malignant/ISIC_0063829_480x480.jpg,train,malignant,606,84.0,4264,82.0,-1,-1
train_set/malignant/ISIC_0063836_480x480.jpg,train,malignant,7640,86.0,11130,80.0,-1,-1
train_set/malignant/ISIC_0063842_480x480.jpg,train,malignant,7704,88.0,3438,90.0,-1,-1
train_set/malignant/ISIC_0063845_480x480.jpg,train,malignant,1735,72.0,4427,76.0,-1,-1
train_set/malignant/ISIC_0063852_480x480.jpg,train,malignant,8768,82.0,25132,82.0,-1,-1
train_set/malignant/ISIC_0063866_480x480.jpg,train,malignant,7004,92.0,32243,90.0,-1,-1
train_set/malignant/ISIC_0063871_480x480.jpg,train,malignant,169,98.0,31149,94.0,-1,-1
train_set/malignant/ISIC_0063872_480x480.jpg,train,malignant,3107,92.0,24553,88.0,-1,-1
train_set/malignant/ISIC_0063881_480x480.jpg,train,malignant,2017,94.0,9506,88.0,-1,-1
train_set/malignant/ISIC_0063885_480x480.jpg,train,malignant,999,88.0,9190,80.0,-1,-1
train_set/malignant/ISIC_0063897_480x480.jpg,train,malignant,541,92.0,6932,84.0,-1,-1
train_set/malignant/ISIC_0063926_480x480.jpg,train,malignant,2127,80.0,27568,84.0,-1,-1
train_set/malignant/ISIC_0063930_480x480.jpg,train,malignant,1032,90.0,17168,94.0,-1,-1
train_set/malignant/ISIC_0063937_480x480.jpg,train,malignant,8775,82.0,8792,78.0,-1,-1
train_set/malignant/ISIC_0063945_480x480.jpg,train,malignant,796,88.0,1612,78.0,-1,-1
train_set/malignant/ISIC_0063946_480x480.jpg,train,malignant,90,92.0,9086,84.0,-1,-1
train_set/malignant/ISIC_0063950_480x480.jpg,train,malignant,8213,86.0,4627,90.0,-1,-1
train_set/malignant/ISIC_0063952_480x480.jpg,train,malignant,1693,86.0,18060,94.0,-1,-1
train_set/malignant/ISIC_0063958_480x480.jpg,train,malignant,1130,92.0,23477,88.0,-1,-1
train_set/malignant/ISIC_0063960_480x480.jpg,train,malignant,7773,84.0,28013,86.0,-1,-1
train_set/malignant/ISIC_0063961_480x480.jpg,train,malignant,1389,94.0,8410,90.0,-1,-1
train_set/malignant/ISIC_0063971_480x480.jpg,train,malignant,2548,76.0,8116,88.0,-1,-1
train_set/malignant/ISIC_0063980_480x480.jpg,train,malignant,3740,88.0,5606,90.0,-1,-1
train_set/malignant/ISIC_0063981_480x480.jpg,train,malignant,618,94.0,19189,86.0,-1,-1
train_set/malignant/ISIC_0063988_480x480.jpg,train,malignant,6710,70.0,14401,82.0,-1,-1
train_set/malignant/ISIC_0063992_480x480.jpg,train,malignant,749,92.0,19,86.0,-1,-1
train_set/malignant/ISIC_0063998_480x480.jpg,train,malignant,1885,90.0,1309,88.0,-1,-1
train_set/malignant/ISIC_0064006_480x480.jpg,train,malignant,4958,88.0,9657,92.0,-1,-1
train_set/malignant/ISIC_0064010_480x480.jpg,train,malignant,765,90.0,768,88.0,-1,-1
train_set/malignant/ISIC_0064014_480x480.jpg,train,malignant,5547,86.0,17040,82.0,-1,-1
train_set/malignant/ISIC_0064023_480x480.jpg,train,malignant,6302,80.0,2057,84.0,-1,-1
train_set/malignant/ISIC_0064026_480x480.jpg,train,malignant,7315,86.0,10851,88.0,-1,-1
train_set/malignant/ISIC_0064033_480x480.jpg,train,malignant,6367,84.0,20196,88.0,-1,-1
train_set/malignant/ISIC_0064034_480x480.jpg,train,malignant,2668,92.0,14584,88.0,-1,-1
train_set/malignant/ISIC_0064058_480x480.jpg,train,malignant,871,94.0,19189,88.0,-1,-1
train_set/malignant/ISIC_0064060_480x480.jpg,train,malignant,8685,76.0,9267,72.0,-1,-1
train_set/malignant/ISIC_0064062_480x480.jpg,train,malignant,3054,74.0,16804,68.0,-1,-1
train_set/malignant/ISIC_0064066_480x480.jpg,train,malignant,3401,92.0,1421,88.0,-1,-1
train_set/malignant/ISIC_0064072_480x480.jpg,train,malignant,7086,82.0,16150,84.0,-1,-1
train_set/malignant/ISIC_0064073_480x480.jpg,train,malignant,124,88.0,31034,80.0,-1,-1
train_set/malignant/ISIC_0064079_480x480.jpg,train,malignant,6707,86.0,9866,86.0,-1,-1
train_set/malignant/ISIC_0064080_480x480.jpg,train,malignant,4570,82.0,3391,82.0,-1,-1
train_set/malignant/ISIC_0064089_480x480.jpg,train,malignant,7942,92.0,4923,94.0,-1,-1
train_set/malignant/ISIC_0064102_480x480.jpg,train,malignant,8182,88.0,12637,86.0,-1,-1
train_set/malignant/ISIC_0064107_480x480.jpg,train,malignant,820,84.0,32142,88.0,-1,-1
train_set/malignant/ISIC_0064110_480x480.jpg,train,malignant,1552,88.0,26402,78.0,-1,-1
train_set/malignant/ISIC_0064113_480x480.jpg,train,malignant,1217,86.0,3184,88.0,-1,-1
train_set/malignant/ISIC_0064114_480x480.jpg,train,malignant,7617,90.0,15185,94.0,-1,-1
train_set/malignant/ISIC_0064116_480x480.jpg,train,malignant,7410,74.0,16134,74.0,-1,-1
train_set/malignant/ISIC_0064120_480x480.jpg,train,malignant,3750,90.0,32483,90.0,-1,-1
train_set/malignant/ISIC_0064122_480x480.jpg,train,malignant,756,72.0,18991,84.0,-1,-1
train_set/malignant/ISIC_0064129_480x480.jpg,train,malignant,9077,90.0,14743,84.0,-1,-1
train_set/malignant/ISIC_0064134_480x480.jpg,train,malignant,1170,84.0,3798,78.0,-1,-1
train_set/malignant/ISIC_0064141_480x480.jpg,train,malignant,1813,88.0,4826,82.0,-1,-1
train_set/malignant/ISIC_0064152_480x480.jpg,train,malignant,877,94.0,13581,94.0,-1,-1
train_set/malignant/ISIC_0064157_480x480.jpg,train,malignant,329,88.0,22894,92.0,-1,-1
train_set/malignant/ISIC_0064161_480x480.jpg,train,malignant,1342,88.0,11200,90.0,-1,-1
train_set/malignant/ISIC_0064167_480x480.jpg,train,malignant,939,90.0,9809,92.0,-1,-1
train_set/malignant/ISIC_0064180_480x480.jpg,train,malignant,5252,90.0,2714,88.0,-1,-1
train_set/malignant/ISIC_0064195_480x480.jpg,train,malignant,871,90.0,18992,74.0,-1,-1
train_set/malignant/ISIC_0064201_480x480.jpg,train,malignant,2265,54.0,18209,58.0,-1,-1
train_set/malignant/ISIC_0064212_480x480.jpg,train,malignant,7541,90.0,19189,90.0,-1,-1
train_set/malignant/ISIC_0064213_480x480.jpg,train,malignant,9743,92.0,15927,88.0,-1,-1
train_set/malignant/ISIC_0064229_480x480.jpg,train,malignant,7126,80.0,9232,78.0,-1,-1
train_set/malignant/ISIC_0064240_480x480.jpg,train,malignant,6043,92.0,19189,82.0,-1,-1
train_set/malignant/ISIC_0064247_480x480.jpg,train,malignant,1893,84.0,23946,88.0,-1,-1
train_set/malignant/ISIC_0064261_480x480.jpg,train,malignant,4093,84.0,20936,84.0,-1,-1
train_set/malignant/ISIC_0064266_480x480.jpg,train,malignant,1289,84.0,5074,88.0,-1,-1
train_set/malignant/ISIC_0064270_480x480.jpg,train,malignant,167,86.0,6846,90.0,-1,-1
train_set/malignant/ISIC_0064276_480x480.jpg,train,malignant,2179,82.0,23828,78.0,-1,-1
train_set/malignant/ISIC_0064279_480x480.jpg,train,malignant,7289,84.0,27916,80.0,-1,-1
train_set/malignant/ISIC_0064281_480x480.jpg,train,malignant,4179,92.0,12,94.0,-1,-1
train_set/malignant/ISIC_0064298_480x480.jpg,train,malignant,9258,88.0,6026,90.0,-1,-1
train_set/malignant/ISIC_0064307_480x480.jpg,train,malignant,1973,82.0,6930,82.0,-1,-1
train_set/malignant/ISIC_0064320_480x480.jpg,train,malignant,897,84.0,7717,82.0,-1,-1
train_set/malignant/ISIC_0064321_480x480.jpg,train,malignant,3907,84.0,2508,88.0,-1,-1
train_set/malignant/ISIC_0064328_480x480.jpg,train,malignant,627,88.0,16331,82.0,-1,-1
train_set/malignant/ISIC_0064337_480x480.jpg,train,malignant,149,78.0,17647,76.0,-1,-1
train_set/malignant/ISIC_0064339_480x480.jpg,train,malignant,777,94.0,3971,90.0,-1,-1
train_set/malignant/ISIC_0064341_480x480.jpg,train,malignant,2044,80.0,12764,80.0,-1,-1
train_set/malignant/ISIC_0064342_480x480.jpg,train,malignant,1342,82.0,10911,84.0,-1,-1
train_set/malignant/ISIC_0064344_480x480.jpg,train,malignant,2161,76.0,18326,70.0,-1,-1
train_set/malignant/ISIC_0064349_480x480.jpg,train,malignant,120,90.0,2812,84.0,-1,-1
train_set/malignant/ISIC_0064360_480x480.jpg,train,malignant,1780,92.0,4036,92.0,-1,-1
train_set/malignant/ISIC_0064376_480x480.jpg,train,malignant,2502,76.0,30608,74.0,-1,-1
train_set/malignant/ISIC_0064393_480x480.jpg,train,malignant,1461,72.0,11147,80.0,-1,-1
train_set/malignant/ISIC_0064396_480x480.jpg,train,malignant,6915,84.0,13442,84.0,-1,-1
train_set/malignant/ISIC_0064406_480x480.jpg,train,malignant,4597,90.0,18989,88.0,-1,-1
train_set/malignant/ISIC_0064411_480x480.jpg,train,malignant,742,88.0,4600,90.0,-1,-1
train_set/malignant/ISIC_0064416_480x480.jpg,train,malignant,7155,90.0,21840,90.0,-1,-1
train_set/malignant/ISIC_0064423_480x480.jpg,train,malignant,756,90.0,12346,84.0,-1,-1
train_set/malignant/ISIC_0064427_480x480.jpg,train,malignant,7315,82.0,12448,78.0,-1,-1
train_set/malignant/ISIC_0064428_480x480.jpg,train,malignant,6411,92.0,20838,90.0,-1,-1
train_set/malignant/ISIC_0064444_480x480.jpg,train,malignant,2617,96.0,19189,88.0,-1,-1
train_set/malignant/ISIC_0064448_480x480.jpg,train,malignant,65,94.0,3194,94.0,-1,-1
train_set/malignant/ISIC_0064455_480x480.jpg,train,malignant,2504,92.0,1249,80.0,-1,-1
train_set/malignant/ISIC_0064462_480x480.jpg,train,malignant,1342,82.0,14640,86.0,-1,-1
train_set/malignant/ISIC_0064463_480x480.jpg,train,malignant,8336,94.0,4219,90.0,-1,-1
train_set/malignant/ISIC_0064472_480x480.jpg,train,malignant,42,72.0,14502,78.0,-1,-1
train_set/malignant/ISIC_0064481_480x480.jpg,train,malignant,7315,80.0,29829,84.0,-1,-1
train_set/malignant/ISIC_0064483_480x480.jpg,train,malignant,1802,90.0,4479,88.0,-1,-1
train_set/malignant/ISIC_0064498_480x480.jpg,train,malignant,4900,90.0,2508,92.0,-1,-1
train_set/malignant/ISIC_0064503_480x480.jpg,train,malignant,871,92.0,2380,86.0,-1,-1
train_set/malignant/ISIC_0064507_480x480.jpg,train,malignant,2394,88.0,2168,88.0,-1,-1
train_set/malignant/ISIC_0064515_480x480.jpg,train,malignant,7363,88.0,16213,86.0,-1,-1
train_set/malignant/ISIC_0064517_480x480.jpg,train,malignant,774,94.0,4326,88.0,-1,-1
train_set/malignant/ISIC_0064521_480x480.jpg,train,malignant,4052,88.0,22048,92.0,-1,-1
train_set/malignant/ISIC_0064534_480x480.jpg,train,malignant,806,86.0,18763,88.0,-1,-1
train_set/malignant/ISIC_0064538_480x480.jpg,train,malignant,2050,96.0,5619,94.0,-1,-1
train_set/malignant/ISIC_0064549_480x480.jpg,train,malignant,2522,78.0,3331,76.0,-1,-1
train_set/malignant/ISIC_0064559_480x480.jpg,train,malignant,6125,76.0,24620,82.0,-1,-1
train_set/malignant/ISIC_0064563_480x480.jpg,train,malignant,5891,86.0,3444,90.0,-1,-1
train_set/malignant/ISIC_0064575_480x480.jpg,train,malignant,8401,86.0,22549,88.0,-1,-1
train_set/malignant/ISIC_0064589_480x480.jpg,train,malignant,147,94.0,22590,90.0,-1,-1
train_set/malignant/ISIC_0064606_480x480.jpg,train,malignant,1676,88.0,5731,82.0,-1,-1
train_set/malignant/ISIC_0064619_480x480.jpg,train,malignant,3511,92.0,6439,92.0,-1,-1
train_set/malignant/ISIC_0064623_480x480.jpg,train,malignant,1253,92.0,886,90.0,-1,-1
train_set/malignant/ISIC_0064625_480x480.jpg,train,malignant,2023,94.0,11051,88.0,-1,-1
train_set/malignant/ISIC_0064632_480x480.jpg,train,malignant,2797,88.0,18423,78.0,-1,-1
train_set/malignant/ISIC_0064633_480x480.jpg,train,malignant,8372,88.0,6704,88.0,-1,-1
train_set/malignant/ISIC_0064646_480x480.jpg,train,malignant,5141,94.0,4822,90.0,-1,-1
train_set/malignant/ISIC_0064656_480x480.jpg,train,malignant,7831,80.0,15693,78.0,-1,-1
train_set/malignant/ISIC_0064660_480x480.jpg,train,malignant,820,80.0,7681,74.0,-1,-1
train_set/malignant/ISIC_0064667_480x480.jpg,train,malignant,1107,72.0,25300,80.0,-1,-1
train_set/malignant/ISIC_0064672_480x480.jpg,train,malignant,6743,84.0,11276,76.0,-1,-1
train_set/malignant/ISIC_0064673_480x480.jpg,train,malignant,3125,80.0,12475,82.0,-1,-1
train_set/malignant/ISIC_0064676_480x480.jpg,train,malignant,2044,90.0,24434,88.0,-1,-1
train_set/malignant/ISIC_0064683_480x480.jpg,train,malignant,281,90.0,149,90.0,-1,-1
train_set/malignant/ISIC_0064686_480x480.jpg,train,malignant,7621,84.0,553,82.0,-1,-1
train_set/malignant/ISIC_0064692_480x480.jpg,train,malignant,7335,82.0,29790,80.0,-1,-1
train_set/malignant/ISIC_0064693_480x480.jpg,train,malignant,2422,92.0,18992,84.0,-1,-1
train_set/malignant/ISIC_0064694_480x480.jpg,train,malignant,4461,86.0,15226,94.0,-1,-1
train_set/malignant/ISIC_0064721_480x480.jpg,train,malignant,2626,88.0,12515,86.0,-1,-1
train_set/malignant/ISIC_0064742_480x480.jpg,train,malignant,98,82.0,19177,82.0,-1,-1
train_set/malignant/ISIC_0064752_480x480.jpg,train,malignant,4174,94.0,23141,90.0,-1,-1
train_set/malignant/ISIC_0064759_480x480.jpg,train,malignant,5350,90.0,6634,94.0,-1,-1
train_set/malignant/ISIC_0064761_480x480.jpg,train,malignant,4135,88.0,18450,88.0,-1,-1
train_set/malignant/ISIC_0064783_480x480.jpg,train,malignant,7109,84.0,6592,88.0,-1,-1
train_set/malignant/ISIC_0064784_480x480.jpg,train,malignant,7024,80.0,9282,84.0,-1,-1
train_set/malignant/ISIC_0064785_480x480.jpg,train,malignant,90,80.0,8845,88.0,-1,-1
train_set/malignant/ISIC_0064800_480x480.jpg,train,malignant,417,94.0,2590,88.0,-1,-1
train_set/malignant/ISIC_0064803_480x480.jpg,train,malignant,6768,86.0,19728,84.0,-1,-1
train_set/malignant/ISIC_0064804_480x480.jpg,train,malignant,7427,92.0,22397,88.0,-1,-1
train_set/malignant/ISIC_0064821_480x480.jpg,train,malignant,6318,90.0,29444,78.0,-1,-1
train_set/malignant/ISIC_0064822_480x480.jpg,train,malignant,2300,82.0,2482,84.0,-1,-1
train_set/malignant/ISIC_0064823_480x480.jpg,train,malignant,1428,82.0,2299,90.0,-1,-1
train_set/malignant/ISIC_0064829_480x480.jpg,train,malignant,9889,90.0,29444,76.0,-1,-1
train_set/malignant/ISIC_0064836_480x480.jpg,train,malignant,1299,80.0,10001,80.0,-1,-1
train_set/malignant/ISIC_0064851_480x480.jpg,train,malignant,803,86.0,10191,82.0,-1,-1
train_set/malignant/ISIC_0064860_480x480.jpg,train,malignant,160,84.0,7883,88.0,-1,-1
train_set/malignant/ISIC_0064863_480x480.jpg,train,malignant,7341,88.0,6772,88.0,-1,-1
train_set/malignant/ISIC_0064868_480x480.jpg,train,malignant,7388,92.0,21519,88.0,-1,-1
train_set/malignant/ISIC_0064874_480x480.jpg,train,malignant,102,82.0,11147,78.0,-1,-1
train_set/malignant/ISIC_0064875_480x480.jpg,train,malignant,3523,86.0,18229,90.0,-1,-1
train_set/malignant/ISIC_0064877_480x480.jpg,train,malignant,2797,88.0,29444,64.0,-1,-1
train_set/malignant/ISIC_0064881_480x480.jpg,train,malignant,7702,82.0,32631,78.0,-1,-1
train_set/malignant/ISIC_0064887_480x480.jpg,train,malignant,5510,92.0,11283,92.0,-1,-1
train_set/malignant/ISIC_0064905_480x480.jpg,train,malignant,2614,96.0,24604,96.0,-1,-1
train_set/malignant/ISIC_0064907_480x480.jpg,train,malignant,211,94.0,6804,90.0,-1,-1
train_set/malignant/ISIC_0064909_480x480.jpg,train,malignant,5694,92.0,14957,90.0,-1,-1
train_set/malignant/ISIC_0064910_480x480.jpg,train,malignant,157,92.0,20843,90.0,-1,-1
train_set/malignant/ISIC_0064919_480x480.jpg,train,malignant,5412,90.0,32274,86.0,-1,-1
train_set/malignant/ISIC_0064925_480x480.jpg,train,malignant,8385,86.0,11373,82.0,-1,-1
train_set/malignant/ISIC_0064926_480x480.jpg,train,malignant,2104,88.0,4826,86.0,-1,-1
train_set/malignant/ISIC_0064927_480x480.jpg,train,malignant,3816,76.0,860,82.0,-1,-1
train_set/malignant/ISIC_0064933_480x480.jpg,train,malignant,2243,82.0,15598,92.0,-1,-1
train_set/malignant/ISIC_0064934_480x480.jpg,train,malignant,90,94.0,29444,64.0,-1,-1
train_set/malignant/ISIC_0064936_480x480.jpg,train,malignant,1280,90.0,18992,86.0,-1,-1
train_set/malignant/ISIC_0064941_480x480.jpg,train,malignant,1104,78.0,992,90.0,-1,-1
train_set/malignant/ISIC_0064943_480x480.jpg,train,malignant,203,86.0,24004,80.0,-1,-1
train_set/malignant/ISIC_0064965_480x480.jpg,train,malignant,9583,86.0,7426,86.0,-1,-1
train_set/malignant/ISIC_0064980_480x480.jpg,train,malignant,356,92.0,10191,82.0,-1,-1
train_set/malignant/ISIC_0064982_480x480.jpg,train,malignant,2234,78.0,4501,80.0,-1,-1
train_set/malignant/ISIC_0064986_480x480.jpg,train,malignant,743,84.0,29167,86.0,-1,-1
train_set/malignant/ISIC_0064992_480x480.jpg,train,malignant,1361,90.0,10591,90.0,-1,-1
train_set/malignant/ISIC_0064993_480x480.jpg,train,malignant,4275,92.0,19189,86.0,-1,-1
train_set/malignant/ISIC_0064997_480x480.jpg,train,malignant,8398,86.0,16250,88.0,-1,-1
train_set/malignant/ISIC_0065001_480x480.jpg,train,malignant,7674,76.0,17259,80.0,-1,-1
train_set/malignant/ISIC_0065006_480x480.jpg,train,malignant,4140,90.0,30592,90.0,-1,-1
train_set/malignant/ISIC_0065013_480x480.jpg,train,malignant,907,88.0,5737,86.0,-1,-1
train_set/malignant/ISIC_0065022_480x480.jpg,train,malignant,3087,88.0,10401,86.0,-1,-1
train_set/malignant/ISIC_0065023_480x480.jpg,train,malignant,5791,82.0,28364,88.0,-1,-1
train_set/malignant/ISIC_0065026_480x480.jpg,train,malignant,7792,92.0,2127,90.0,-1,-1
train_set/malignant/ISIC_0065029_480x480.jpg,train,malignant,2028,96.0,22281,94.0,-1,-1
train_set/malignant/ISIC_0065039_480x480.jpg,train,malignant,7114,72.0,30751,72.0,-1,-1
train_set/malignant/ISIC_0065046_480x480.jpg,train,malignant,7942,92.0,4227,92.0,-1,-1
train_set/malignant/ISIC_0065057_480x480.jpg,train,malignant,3580,92.0,1130,92.0,-1,-1
train_set/malignant/ISIC_0065062_480x480.jpg,train,malignant,1613,88.0,11815,88.0,-1,-1
train_set/malignant/ISIC_0065066_480x480.jpg,train,malignant,5763,88.0,27870,82.0,-1,-1
train_set/malignant/ISIC_0065069_480x480.jpg,train,malignant,3304,92.0,627,90.0,-1,-1
train_set/malignant/ISIC_0065089_480x480.jpg,train,malignant,9584,86.0,6217,86.0,-1,-1
train_set/malignant/ISIC_0065091_480x480.jpg,train,malignant,2956,92.0,10191,82.0,-1,-1
train_set/malignant/ISIC_0065099_480x480.jpg,train,malignant,5120,96.0,5369,88.0,-1,-1
train_set/malignant/ISIC_0065110_480x480.jpg,train,malignant,3096,94.0,20781,92.0,-1,-1
train_set/malignant/ISIC_0065121_480x480.jpg,train,malignant,1170,86.0,3812,82.0,-1,-1
train_set/malignant/ISIC_0065128_480x480.jpg,train,malignant,7166,84.0,4758,88.0,-1,-1
train_set/malignant/ISIC_0065132_480x480.jpg,train,malignant,8450,74.0,21383,74.0,-1,-1
train_set/malignant/ISIC_0065133_480x480.jpg,train,malignant,6778,84.0,5337,84.0,-1,-1
train_set/malignant/ISIC_0065142_480x480.jpg,train,malignant,8671,90.0,15154,94.0,-1,-1
train_set/malignant/ISIC_0065156_480x480.jpg,train,malignant,4171,80.0,14226,84.0,-1,-1
train_set/malignant/ISIC_0065173_480x480.jpg,train,malignant,3888,90.0,11700,90.0,-1,-1
train_set/malignant/ISIC_0065180_480x480.jpg,train,malignant,1361,74.0,19180,82.0,-1,-1
train_set/malignant/ISIC_0065181_480x480.jpg,train,malignant,7114,72.0,30751,80.0,-1,-1
train_set/malignant/ISIC_0065186_480x480.jpg,train,malignant,9257,88.0,10191,84.0,-1,-1
train_set/malignant/ISIC_0065191_480x480.jpg,train,malignant,1834,92.0,26451,90.0,-1,-1
train_set/malignant/ISIC_0065192_480x480.jpg,train,malignant,9182,74.0,31801,70.0,-1,-1
train_set/malignant/ISIC_0065195_480x480.jpg,train,malignant,1170,88.0,2207,84.0,-1,-1
train_set/malignant/ISIC_0065206_480x480.jpg,train,malignant,3945,82.0,9959,74.0,-1,-1
train_set/malignant/ISIC_0065210_480x480.jpg,train,malignant,1000,90.0,26402,72.0,-1,-1
train_set/malignant/ISIC_0065213_480x480.jpg,train,malignant,3078,90.0,9177,92.0,-1,-1
train_set/malignant/ISIC_0065215_480x480.jpg,train,malignant,5719,92.0,3428,90.0,-1,-1
train_set/malignant/ISIC_0065218_480x480.jpg,train,malignant,7289,88.0,4595,80.0,-1,-1
train_set/malignant/ISIC_0065229_480x480.jpg,train,malignant,4050,88.0,31949,88.0,-1,-1
train_set/malignant/ISIC_0065235_480x480.jpg,train,malignant,1908,86.0,15360,84.0,-1,-1
train_set/malignant/ISIC_0065236_480x480.jpg,train,malignant,9087,92.0,26371,86.0,-1,-1
train_set/malignant/ISIC_0065247_480x480.jpg,train,malignant,1428,90.0,31269,90.0,-1,-1
train_set/malignant/ISIC_0065248_480x480.jpg,train,malignant,7439,82.0,7262,72.0,-1,-1
train_set/malignant/ISIC_0065253_480x480.jpg,train,malignant,6682,82.0,27067,80.0,-1,-1
train_set/malignant/ISIC_0065278_480x480.jpg,train,malignant,806,72.0,11147,80.0,-1,-1
train_set/malignant/ISIC_0065280_480x480.jpg,train,malignant,8281,88.0,11662,94.0,-1,-1
train_set/malignant/ISIC_0065283_480x480.jpg,train,malignant,6981,66.0,24947,62.0,-1,-1
train_set/malignant/ISIC_0065305_480x480.jpg,train,malignant,9672,82.0,653,80.0,-1,-1
train_set/malignant/ISIC_0065307_480x480.jpg,train,malignant,3812,90.0,29487,90.0,-1,-1
train_set/malignant/ISIC_0065313_480x480.jpg,train,malignant,9443,86.0,26887,78.0,-1,-1
train_set/malignant/ISIC_0065315_480x480.jpg,train,malignant,165,88.0,11722,88.0,-1,-1
train_set/malignant/ISIC_0065324_480x480.jpg,train,malignant,871,94.0,5644,90.0,-1,-1
train_set/malignant/ISIC_0065338_480x480.jpg,train,malignant,5242,92.0,3964,90.0,-1,-1
train_set/malignant/ISIC_0065341_480x480.jpg,train,malignant,5656,88.0,5402,90.0,-1,-1
train_set/malignant/ISIC_0065346_480x480.jpg,train,malignant,8663,84.0,29652,82.0,-1,-1
train_set/malignant/ISIC_0065351_480x480.jpg,train,malignant,141,82.0,8552,80.0,-1,-1
train_set/malignant/ISIC_0065360_480x480.jpg,train,malignant,7916,90.0,4036,90.0,-1,-1
train_set/malignant/ISIC_0065367_480x480.jpg,train,malignant,20,94.0,10191,84.0,-1,-1
train_set/malignant/ISIC_0065374_480x480.jpg,train,malignant,7343,92.0,18992,82.0,-1,-1
train_set/malignant/ISIC_0065379_480x480.jpg,train,malignant,1200,94.0,7699,86.0,-1,-1
train_set/malignant/ISIC_0065382_480x480.jpg,train,malignant,2079,94.0,665,90.0,-1,-1
train_set/malignant/ISIC_0065396_480x480.jpg,train,malignant,20,90.0,29444,82.0,-1,-1
train_set/malignant/ISIC_0065398_480x480.jpg,train,malignant,4701,70.0,24266,74.0,-1,-1
train_set/malignant/ISIC_0065417_480x480.jpg,train,malignant,1754,90.0,1710,88.0,-1,-1
train_set/malignant/ISIC_0065420_480x480.jpg,train,malignant,4390,96.0,8108,92.0,-1,-1
train_set/malignant/ISIC_0065421_480x480.jpg,train,malignant,7665,82.0,11147,88.0,-1,-1
train_set/malignant/ISIC_0065427_480x480.jpg,train,malignant,1860,82.0,22344,88.0,-1,-1
train_set/malignant/ISIC_0065431_480x480.jpg,train,malignant,1140,90.0,18992,86.0,-1,-1
train_set/malignant/ISIC_0065433_480x480.jpg,train,malignant,4275,86.0,32110,84.0,-1,-1
train_set/malignant/ISIC_0065448_480x480.jpg,train,malignant,1588,80.0,15345,78.0,-1,-1
train_set/malignant/ISIC_0065449_480x480.jpg,train,malignant,5326,92.0,25095,90.0,-1,-1
train_set/malignant/ISIC_0065463_480x480.jpg,train,malignant,1660,84.0,22229,80.0,-1,-1
train_set/malignant/ISIC_0065468_480x480.jpg,train,malignant,2994,76.0,21919,78.0,-1,-1
train_set/malignant/ISIC_0065469_480x480.jpg,train,malignant,950,74.0,11379,82.0,-1,-1
train_set/malignant/ISIC_0065477_480x480.jpg,train,malignant,3683,80.0,24343,72.0,-1,-1
train_set/malignant/ISIC_0065513_480x480.jpg,train,malignant,7865,88.0,23472,84.0,-1,-1
train_set/malignant/ISIC_0065516_480x480.jpg,train,malignant,487,90.0,3791,86.0,-1,-1
train_set/malignant/ISIC_0065518_480x480.jpg,train,malignant,90,90.0,12197,84.0,-1,-1
train_set/malignant/ISIC_0065521_480x480.jpg,train,malignant,823,86.0,8355,76.0,-1,-1
train_set/malignant/ISIC_0065523_480x480.jpg,train,malignant,2671,90.0,4416,96.0,-1,-1
train_set/malignant/ISIC_0065525_480x480.jpg,train,malignant,806,76.0,10872,84.0,-1,-1
train_set/malignant/ISIC_0065532_480x480.jpg,train,malignant,4725,90.0,25074,84.0,-1,-1
train_set/malignant/ISIC_0065535_480x480.jpg,train,malignant,2950,86.0,22481,88.0,-1,-1
train_set/malignant/ISIC_0065537_480x480.jpg,train,malignant,3254,80.0,20614,82.0,-1,-1
train_set/malignant/ISIC_0065539_480x480.jpg,train,malignant,7560,86.0,5239,90.0,-1,-1
train_set/malignant/ISIC_0065550_480x480.jpg,train,malignant,886,92.0,8454,84.0,-1,-1
train_set/malignant/ISIC_0065577_480x480.jpg,train,malignant,7244,86.0,2767,80.0,-1,-1
train_set/malignant/ISIC_0065582_480x480.jpg,train,malignant,2299,88.0,12815,86.0,-1,-1
train_set/malignant/ISIC_0065590_480x480.jpg,train,malignant,4057,76.0,32207,74.0,-1,-1
train_set/malignant/ISIC_0065597_480x480.jpg,train,malignant,897,76.0,22325,70.0,-1,-1
train_set/malignant/ISIC_0065598_480x480.jpg,train,malignant,7323,82.0,28081,82.0,-1,-1
train_set/malignant/ISIC_0065615_480x480.jpg,train,malignant,4799,90.0,1740,84.0,-1,-1
train_set/malignant/ISIC_0065622_480x480.jpg,train,malignant,5275,90.0,18576,90.0,-1,-1
train_set/malignant/ISIC_0065627_480x480.jpg,train,malignant,8506,84.0,29120,76.0,-1,-1
train_set/malignant/ISIC_0065644_480x480.jpg,train,malignant,3309,94.0,29499,92.0,-1,-1
train_set/malignant/ISIC_0065655_480x480.jpg,train,malignant,1078,94.0,27932,88.0,-1,-1
train_set/malignant/ISIC_0065658_480x480.jpg,train,malignant,1485,86.0,13083,90.0,-1,-1
train_set/malignant/ISIC_0065668_480x480.jpg,train,malignant,2508,84.0,3920,84.0,-1,-1
train_set/malignant/ISIC_0065671_480x480.jpg,train,malignant,388,90.0,9380,86.0,-1,-1
train_set/malignant/ISIC_0065675_480x480.jpg,train,malignant,756,82.0,28762,80.0,-1,-1
train_set/malignant/ISIC_0065681_480x480.jpg,train,malignant,842,78.0,29246,74.0,-1,-1
train_set/malignant/ISIC_0065694_480x480.jpg,train,malignant,2258,80.0,2837,76.0,-1,-1
train_set/malignant/ISIC_0065697_480x480.jpg,train,malignant,8105,88.0,9026,84.0,-1,-1
train_set/malignant/ISIC_0065709_480x480.jpg,train,malignant,5978,86.0,5475,90.0,-1,-1
train_set/malignant/ISIC_0065714_480x480.jpg,train,malignant,598,88.0,15998,86.0,-1,-1
train_set/malignant/ISIC_0065720_480x480.jpg,train,malignant,6820,84.0,14401,86.0,-1,-1
train_set/malignant/ISIC_0065723_480x480.jpg,train,malignant,1100,86.0,1207,86.0,-1,-1
train_set/malignant/ISIC_0065727_480x480.jpg,train,malignant,6255,88.0,4041,84.0,-1,-1
train_set/malignant/ISIC_0065728_480x480.jpg,train,malignant,911,88.0,188,84.0,-1,-1
train_set/malignant/ISIC_0065735_480x480.jpg,train,malignant,8855,90.0,14983,88.0,-1,-1
train_set/malignant/ISIC_0065740_480x480.jpg,train,malignant,7103,82.0,25180,74.0,-1,-1
train_set/malignant/ISIC_0065742_480x480.jpg,train,malignant,2450,90.0,12418,92.0,-1,-1
train_set/malignant/ISIC_0065746_480x480.jpg,train,malignant,2693,90.0,7771,88.0,-1,-1
train_set/malignant/ISIC_0065748_480x480.jpg,train,malignant,4952,84.0,12226,88.0,-1,-1
train_set/malignant/ISIC_0065766_480x480.jpg,train,malignant,5623,84.0,26591,82.0,-1,-1
train_set/malignant/ISIC_0065767_480x480.jpg,train,malignant,20,86.0,10293,84.0,-1,-1
train_set/malignant/ISIC_0065774_480x480.jpg,train,malignant,9055,84.0,329,86.0,-1,-1
train_set/malignant/ISIC_0065775_480x480.jpg,train,malignant,6631,86.0,12939,88.0,-1,-1
train_set/malignant/ISIC_0065801_480x480.jpg,train,malignant,3054,76.0,5927,84.0,-1,-1
train_set/malignant/ISIC_0065806_480x480.jpg,train,malignant,1465,94.0,14450,94.0,-1,-1
train_set/malignant/ISIC_0065807_480x480.jpg,train,malignant,1376,82.0,11147,82.0,-1,-1
train_set/malignant/ISIC_0065813_480x480.jpg,train,malignant,9458,90.0,24237,84.0,-1,-1
train_set/malignant/ISIC_0065823_480x480.jpg,train,malignant,786,86.0,17230,82.0,-1,-1
train_set/malignant/ISIC_0065843_480x480.jpg,train,malignant,1860,88.0,20879,80.0,-1,-1
train_set/malignant/ISIC_0065853_480x480.jpg,train,malignant,128,84.0,20410,78.0,-1,-1
train_set/malignant/ISIC_0065858_480x480.jpg,train,malignant,4393,90.0,331,98.0,-1,-1
train_set/malignant/ISIC_0065864_480x480.jpg,train,malignant,40,90.0,20880,90.0,-1,-1
train_set/malignant/ISIC_0065872_480x480.jpg,train,malignant,4687,80.0,31439,80.0,-1,-1
train_set/malignant/ISIC_0065883_480x480.jpg,train,malignant,6768,80.0,14493,82.0,-1,-1
train_set/malignant/ISIC_0065889_480x480.jpg,train,malignant,9149,88.0,29444,76.0,-1,-1
train_set/malignant/ISIC_0065904_480x480.jpg,train,malignant,1963,96.0,28456,90.0,-1,-1
train_set/malignant/ISIC_0065918_480x480.jpg,train,malignant,5215,82.0,12132,86.0,-1,-1
train_set/malignant/ISIC_0065921_480x480.jpg,train,malignant,9649,86.0,24909,86.0,-1,-1
train_set/malignant/ISIC_0065927_480x480.jpg,train,malignant,7384,94.0,19189,80.0,-1,-1
train_set/malignant/ISIC_0065928_480x480.jpg,train,malignant,7882,92.0,18464,92.0,-1,-1
train_set/malignant/ISIC_0065943_480x480.jpg,train,malignant,20,90.0,10191,76.0,-1,-1
train_set/malignant/ISIC_0065944_480x480.jpg,train,malignant,2523,90.0,3939,86.0,-1,-1
train_set/malignant/ISIC_0065947_480x480.jpg,train,malignant,3920,86.0,27015,92.0,-1,-1
train_set/malignant/ISIC_0065954_480x480.jpg,train,malignant,2226,84.0,4713,84.0,-1,-1
train_set/malignant/ISIC_0065969_480x480.jpg,train,malignant,6306,84.0,25528,88.0,-1,-1
train_set/malignant/ISIC_0065974_480x480.jpg,train,malignant,5623,88.0,25073,90.0,-1,-1
train_set/malignant/ISIC_0065980_480x480.jpg,train,malignant,1361,90.0,25539,88.0,-1,-1
train_set/malignant/ISIC_0065997_480x480.jpg,train,malignant,1899,86.0,1321,90.0,-1,-1
train_set/malignant/ISIC_0066001_480x480.jpg,train,malignant,236,94.0,28701,88.0,-1,-1
train_set/malignant/ISIC_0066019_480x480.jpg,train,malignant,1096,96.0,2845,92.0,-1,-1
train_set/malignant/ISIC_0066041_480x480.jpg,train,malignant,7431,84.0,19751,82.0,-1,-1
train_set/malignant/ISIC_0066058_480x480.jpg,train,malignant,7138,86.0,28081,88.0,-1,-1
train_set/malignant/ISIC_0066061_480x480.jpg,train,malignant,5053,94.0,9298,94.0,-1,-1
train_set/malignant/ISIC_0066066_480x480.jpg,train,malignant,5575,88.0,31045,86.0,-1,-1
train_set/malignant/ISIC_0066085_480x480.jpg,train,malignant,124,74.0,10144,76.0,-1,-1
train_set/malignant/ISIC_0066086_480x480.jpg,train,malignant,149,88.0,11789,86.0,-1,-1
train_set/malignant/ISIC_0066094_480x480.jpg,train,malignant,550,90.0,17334,90.0,-1,-1
train_set/malignant/ISIC_0066098_480x480.jpg,train,malignant,9170,90.0,24521,80.0,-1,-1
train_set/malignant/ISIC_0066101_480x480.jpg,train,malignant,5463,88.0,15694,88.0,-1,-1
train_set/malignant/ISIC_0066102_480x480.jpg,train,malignant,4252,88.0,21930,88.0,-1,-1
train_set/malignant/ISIC_0066105_480x480.jpg,train,malignant,1735,82.0,522,82.0,-1,-1
train_set/malignant/ISIC_0066106_480x480.jpg,train,malignant,1170,80.0,17708,82.0,-1,-1
train_set/malignant/ISIC_0066109_480x480.jpg,train,malignant,3604,68.0,8930,68.0,-1,-1
train_set/malignant/ISIC_0066114_480x480.jpg,train,malignant,7260,76.0,16537,88.0,-1,-1
train_set/malignant/ISIC_0066116_480x480.jpg,train,malignant,6855,86.0,7199,82.0,-1,-1
train_set/malignant/ISIC_0066122_480x480.jpg,train,malignant,90,84.0,27002,84.0,-1,-1
train_set/malignant/ISIC_0066127_480x480.jpg,train,malignant,2411,86.0,4219,86.0,-1,-1
train_set/malignant/ISIC_0066136_480x480.jpg,train,malignant,4541,94.0,19189,88.0,-1,-1
train_set/malignant/ISIC_0066143_480x480.jpg,train,malignant,7106,84.0,8468,80.0,-1,-1
train_set/malignant/ISIC_0066150_480x480.jpg,train,malignant,9440,82.0,16681,86.0,-1,-1
train_set/malignant/ISIC_0066154_480x480.jpg,train,malignant,8473,92.0,6688,92.0,-1,-1
train_set/malignant/ISIC_0066156_480x480.jpg,train,malignant,4693,92.0,11327,86.0,-1,-1
train_set/malignant/ISIC_0066181_480x480.jpg,train,malignant,2952,94.0,22458,90.0,-1,-1
train_set/malignant/ISIC_0066182_480x480.jpg,train,malignant,2141,92.0,21661,86.0,-1,-1
train_set/malignant/ISIC_0066200_480x480.jpg,train,malignant,8292,86.0,17721,82.0,-1,-1
train_set/malignant/ISIC_0066203_480x480.jpg,train,malignant,5490,78.0,8908,88.0,-1,-1
train_set/malignant/ISIC_0066204_480x480.jpg,train,malignant,905,88.0,15360,76.0,-1,-1
train_set/malignant/ISIC_0066209_480x480.jpg,train,malignant,597,76.0,29100,72.0,-1,-1
train_set/malignant/ISIC_0066213_480x480.jpg,train,malignant,2471,82.0,18616,84.0,-1,-1
train_set/malignant/ISIC_0066217_480x480.jpg,train,malignant,2416,82.0,23519,76.0,-1,-1
train_set/malignant/ISIC_0066225_480x480.jpg,train,malignant,200,96.0,29299,88.0,-1,-1
train_set/malignant/ISIC_0066237_480x480.jpg,train,malignant,216,82.0,1566,80.0,-1,-1
train_set/malignant/ISIC_0066240_480x480.jpg,train,malignant,5743,92.0,2008,92.0,-1,-1
train_set/malignant/ISIC_0066262_480x480.jpg,train,malignant,8213,88.0,1912,94.0,-1,-1
train_set/malignant/ISIC_0066289_480x480.jpg,train,malignant,925,84.0,1612,76.0,-1,-1
train_set/malignant/ISIC_0066308_480x480.jpg,train,malignant,5,92.0,29444,76.0,-1,-1
train_set/malignant/ISIC_0066319_480x480.jpg,train,malignant,8025,92.0,759,92.0,-1,-1
train_set/malignant/ISIC_0066320_480x480.jpg,train,malignant,1842,86.0,19981,86.0,-1,-1
train_set/malignant/ISIC_0066325_480x480.jpg,train,malignant,8663,90.0,2964,92.0,-1,-1
train_set/malignant/ISIC_0066332_480x480.jpg,train,malignant,594,82.0,31056,80.0,-1,-1
train_set/malignant/ISIC_0066336_480x480.jpg,train,malignant,6323,88.0,6967,78.0,-1,-1
train_set/malignant/ISIC_0066338_480x480.jpg,train,malignant,1794,88.0,19189,88.0,-1,-1
train_set/malignant/ISIC_0066347_480x480.jpg,train,malignant,6216,88.0,23170,86.0,-1,-1
train_set/malignant/ISIC_0066350_480x480.jpg,train,malignant,3440,96.0,29073,90.0,-1,-1
train_set/malignant/ISIC_0066354_480x480.jpg,train,malignant,1641,90.0,18992,82.0,-1,-1
train_set/malignant/ISIC_0066355_480x480.jpg,train,malignant,4700,88.0,11259,90.0,-1,-1
train_set/malignant/ISIC_0066358_480x480.jpg,train,malignant,806,84.0,31568,82.0,-1,-1
train_set/malignant/ISIC_0066359_480x480.jpg,train,malignant,877,88.0,3938,84.0,-1,-1
train_set/malignant/ISIC_0066367_480x480.jpg,train,malignant,1971,90.0,17731,90.0,-1,-1
train_set/malignant/ISIC_0066376_480x480.jpg,train,malignant,3631,90.0,28448,82.0,-1,-1
train_set/malignant/ISIC_0066378_480x480.jpg,train,malignant,8411,90.0,12029,88.0,-1,-1
train_set/malignant/ISIC_0066379_480x480.jpg,train,malignant,5497,86.0,30854,86.0,-1,-1
train_set/malignant/ISIC_0066382_480x480.jpg,train,malignant,4504,90.0,23850,86.0,-1,-1
train_set/malignant/ISIC_0066384_480x480.jpg,train,malignant,9064,74.0,10657,76.0,-1,-1
train_set/malignant/ISIC_0066386_480x480.jpg,train,malignant,3132,94.0,27052,92.0,-1,-1
train_set/malignant/ISIC_0066390_480x480.jpg,train,malignant,783,84.0,8744,88.0,-1,-1
train_set/malignant/ISIC_0066399_480x480.jpg,train,malignant,552,98.0,15227,96.0,-1,-1
train_set/malignant/ISIC_0066401_480x480.jpg,train,malignant,6294,92.0,992,90.0,-1,-1
train_set/malignant/ISIC_0066403_480x480.jpg,train,malignant,4031,94.0,14335,92.0,-1,-1
train_set/malignant/ISIC_0066404_480x480.jpg,train,malignant,2044,80.0,542,82.0,-1,-1
train_set/malignant/ISIC_0066407_480x480.jpg,train,malignant,8707,80.0,8538,78.0,-1,-1
train_set/malignant/ISIC_0066408_480x480.jpg,train,malignant,3975,88.0,28857,84.0,-1,-1
train_set/malignant/ISIC_0066412_480x480.jpg,train,malignant,280,88.0,29444,68.0,-1,-1
train_set/malignant/ISIC_0066421_480x480.jpg,train,malignant,2057,94.0,3245,90.0,-1,-1
train_set/malignant/ISIC_0066422_480x480.jpg,train,malignant,102,84.0,8108,80.0,-1,-1
train_set/malignant/ISIC_0066423_480x480.jpg,train,malignant,9444,86.0,32590,80.0,-1,-1
train_set/malignant/ISIC_0066426_480x480.jpg,train,malignant,9346,94.0,31297,96.0,-1,-1
train_set/malignant/ISIC_0066429_480x480.jpg,train,malignant,2180,80.0,27604,88.0,-1,-1
train_set/malignant/ISIC_0066430_480x480.jpg,train,malignant,3958,92.0,6854,86.0,-1,-1
train_set/malignant/ISIC_0066448_480x480.jpg,train,malignant,1280,90.0,10191,82.0,-1,-1
train_set/malignant/ISIC_0066470_480x480.jpg,train,malignant,7746,76.0,11166,74.0,-1,-1
train_set/malignant/ISIC_0066476_480x480.jpg,train,malignant,5371,86.0,20381,86.0,-1,-1
train_set/malignant/ISIC_0066481_480x480.jpg,train,malignant,2191,96.0,19189,90.0,-1,-1
train_set/malignant/ISIC_0066483_480x480.jpg,train,malignant,2223,88.0,552,90.0,-1,-1
train_set/malignant/ISIC_0066492_480x480.jpg,train,malignant,2297,82.0,17609,86.0,-1,-1
train_set/malignant/ISIC_0066497_480x480.jpg,train,malignant,2364,88.0,28302,92.0,-1,-1
train_set/malignant/ISIC_0066500_480x480.jpg,train,malignant,550,90.0,24612,94.0,-1,-1
train_set/malignant/ISIC_0066505_480x480.jpg,train,malignant,8137,92.0,13775,96.0,-1,-1
train_set/malignant/ISIC_0066506_480x480.jpg,train,malignant,5320,88.0,21976,88.0,-1,-1
train_set/malignant/ISIC_0066518_480x480.jpg,train,malignant,9447,80.0,4191,80.0,-1,-1
train_set/malignant/ISIC_0066519_480x480.jpg,train,malignant,4704,86.0,14493,86.0,-1,-1
train_set/malignant/ISIC_0066520_480x480.jpg,train,malignant,2609,88.0,6535,84.0,-1,-1
train_set/malignant/ISIC_0066532_480x480.jpg,train,malignant,7408,76.0,14705,80.0,-1,-1
train_set/malignant/ISIC_0066533_480x480.jpg,train,malignant,1016,92.0,29999,92.0,-1,-1
train_set/malignant/ISIC_0066564_480x480.jpg,train,malignant,1231,78.0,20735,78.0,-1,-1
train_set/malignant/ISIC_0066588_480x480.jpg,train,malignant,3649,88.0,27633,86.0,-1,-1
train_set/malignant/ISIC_0066589_480x480.jpg,train,malignant,121,86.0,20879,80.0,-1,-1
train_set/malignant/ISIC_0066593_480x480.jpg,train,malignant,865,82.0,5294,82.0,-1,-1
train_set/malignant/ISIC_0066600_480x480.jpg,train,malignant,4450,84.0,3821,78.0,-1,-1
train_set/malignant/ISIC_0066603_480x480.jpg,train,malignant,3335,90.0,5457,90.0,-1,-1
train_set/malignant/ISIC_0066613_480x480.jpg,train,malignant,124,86.0,29428,78.0,-1,-1
train_set/malignant/ISIC_0066615_480x480.jpg,train,malignant,1350,86.0,25620,80.0,-1,-1
train_set/malignant/ISIC_0066626_480x480.jpg,train,malignant,8339,82.0,1314,76.0,-1,-1
train_set/malignant/ISIC_0066627_480x480.jpg,train,malignant,5910,88.0,16136,90.0,-1,-1
train_set/malignant/ISIC_0066633_480x480.jpg,train,malignant,3255,88.0,6639,94.0,-1,-1
train_set/malignant/ISIC_0066637_480x480.jpg,train,malignant,7356,56.0,945,52.0,-1,-1
train_set/malignant/ISIC_0066643_480x480.jpg,train,malignant,198,96.0,8001,92.0,-1,-1
train_set/malignant/ISIC_0066649_480x480.jpg,train,malignant,6287,94.0,527,90.0,-1,-1
train_set/malignant/ISIC_0066659_480x480.jpg,train,malignant,1552,86.0,26402,84.0,-1,-1
train_set/malignant/ISIC_0066666_480x480.jpg,train,malignant,1860,88.0,23672,84.0,-1,-1
train_set/malignant/ISIC_0066671_480x480.jpg,train,malignant,1236,92.0,26090,90.0,-1,-1
train_set/malignant/ISIC_0066678_480x480.jpg,train,malignant,9420,82.0,8710,80.0,-1,-1
train_set/malignant/ISIC_0066685_480x480.jpg,train,malignant,127,86.0,2564,86.0,-1,-1
train_set/malignant/ISIC_0066690_480x480.jpg,train,malignant,4717,88.0,29444,64.0,-1,-1
train_set/malignant/ISIC_0066716_480x480.jpg,train,malignant,5486,92.0,19189,86.0,-1,-1
train_set/malignant/ISIC_0066733_480x480.jpg,train,malignant,7109,78.0,15106,68.0,-1,-1
train_set/malignant/ISIC_0066734_480x480.jpg,train,malignant,9242,88.0,31644,84.0,-1,-1
train_set/malignant/ISIC_0066749_480x480.jpg,train,malignant,7873,76.0,1305,82.0,-1,-1
train_set/malignant/ISIC_0066750_480x480.jpg,train,malignant,6258,80.0,23260,80.0,-1,-1
train_set/malignant/ISIC_0066756_480x480.jpg,train,malignant,3776,92.0,20906,92.0,-1,-1
train_set/malignant/ISIC_0066767_480x480.jpg,train,malignant,5325,84.0,8848,80.0,-1,-1
train_set/malignant/ISIC_0066769_480x480.jpg,train,malignant,781,90.0,12111,86.0,-1,-1
train_set/malignant/ISIC_0066776_480x480.jpg,train,malignant,8884,84.0,8739,84.0,-1,-1
train_set/malignant/ISIC_0066783_480x480.jpg,train,malignant,5720,70.0,14890,74.0,-1,-1
train_set/malignant/ISIC_0066792_480x480.jpg,train,malignant,77,74.0,29786,82.0,-1,-1
train_set/malignant/ISIC_0066844_480x480.jpg,train,malignant,3440,92.0,7946,90.0,-1,-1
train_set/malignant/ISIC_0066845_480x480.jpg,train,malignant,3708,94.0,11362,90.0,-1,-1
train_set/malignant/ISIC_0066848_480x480.jpg,train,malignant,7933,80.0,10386,84.0,-1,-1
train_set/malignant/ISIC_0066854_480x480.jpg,train,malignant,8894,82.0,495,76.0,-1,-1
train_set/malignant/ISIC_0066855_480x480.jpg,train,malignant,4708,80.0,32655,76.0,-1,-1
train_set/malignant/ISIC_0066860_480x480.jpg,train,malignant,7773,80.0,29444,82.0,-1,-1
train_set/malignant/ISIC_0066867_480x480.jpg,train,malignant,3545,88.0,21126,90.0,-1,-1
train_set/malignant/ISIC_0066878_480x480.jpg,train,malignant,112,86.0,6392,84.0,-1,-1
train_set/malignant/ISIC_0066882_480x480.jpg,train,malignant,9978,82.0,176,78.0,-1,-1
train_set/malignant/ISIC_0066888_480x480.jpg,train,malignant,582,86.0,7645,84.0,-1,-1
train_set/malignant/ISIC_0066907_480x480.jpg,train,malignant,2162,76.0,16430,70.0,-1,-1
train_set/malignant/ISIC_0066910_480x480.jpg,train,malignant,7483,88.0,18838,88.0,-1,-1
train_set/malignant/ISIC_0066921_480x480.jpg,train,malignant,1233,90.0,3417,88.0,-1,-1
train_set/malignant/ISIC_0066935_480x480.jpg,train,malignant,2071,86.0,10531,90.0,-1,-1
train_set/malignant/ISIC_0066947_480x480.jpg,train,malignant,1291,92.0,19220,88.0,-1,-1
train_set/malignant/ISIC_0066952_480x480.jpg,train,malignant,7746,74.0,14640,80.0,-1,-1
train_set/malignant/ISIC_0066969_480x480.jpg,train,malignant,5780,94.0,714,90.0,-1,-1
train_set/malignant/ISIC_0066992_480x480.jpg,train,malignant,1538,84.0,14640,74.0,-1,-1
train_set/malignant/ISIC_0067005_480x480.jpg,train,malignant,7584,92.0,27966,86.0,-1,-1
train_set/malignant/ISIC_0067006_480x480.jpg,train,malignant,7105,90.0,8253,88.0,-1,-1
train_set/malignant/ISIC_0067008_480x480.jpg,train,malignant,6165,72.0,14873,84.0,-1,-1
train_set/malignant/ISIC_0067009_480x480.jpg,train,malignant,6829,84.0,7956,80.0,-1,-1
train_set/malignant/ISIC_0067043_480x480.jpg,train,malignant,2559,82.0,30608,82.0,-1,-1
train_set/malignant/ISIC_0067054_480x480.jpg,train,malignant,5910,84.0,18121,84.0,-1,-1
train_set/malignant/ISIC_0067097_480x480.jpg,train,malignant,6829,88.0,27874,84.0,-1,-1
train_set/malignant/ISIC_0067102_480x480.jpg,train,malignant,2815,92.0,19189,80.0,-1,-1
train_set/malignant/ISIC_0067109_480x480.jpg,train,malignant,9218,90.0,28115,80.0,-1,-1
train_set/malignant/ISIC_0067120_480x480.jpg,train,malignant,2424,90.0,5869,80.0,-1,-1
train_set/malignant/ISIC_0067126_480x480.jpg,train,malignant,1405,92.0,25932,86.0,-1,-1
train_set/malignant/ISIC_0067127_480x480.jpg,train,malignant,2631,96.0,13254,96.0,-1,-1
train_set/malignant/ISIC_0067128_480x480.jpg,train,malignant,860,86.0,5623,90.0,-1,-1
train_set/malignant/ISIC_0067139_480x480.jpg,train,malignant,9950,88.0,653,82.0,-1,-1
train_set/malignant/ISIC_0067151_480x480.jpg,train,malignant,435,94.0,2567,90.0,-1,-1
train_set/malignant/ISIC_0067159_480x480.jpg,train,malignant,7114,78.0,30608,84.0,-1,-1
train_set/malignant/ISIC_0067160_480x480.jpg,train,malignant,6767,64.0,24947,60.0,-1,-1
train_set/malignant/ISIC_0067167_480x480.jpg,train,malignant,4300,80.0,2415,86.0,-1,-1
train_set/malignant/ISIC_0067170_480x480.jpg,train,malignant,90,92.0,13371,88.0,-1,-1
train_set/malignant/ISIC_0067171_480x480.jpg,train,malignant,412,92.0,14081,92.0,-1,-1
train_set/malignant/ISIC_0067183_480x480.jpg,train,malignant,758,94.0,8679,88.0,-1,-1
train_set/malignant/ISIC_0067200_480x480.jpg,train,malignant,3625,90.0,5391,92.0,-1,-1
train_set/malignant/ISIC_0067205_480x480.jpg,train,malignant,526,92.0,18139,92.0,-1,-1
train_set/malignant/ISIC_0067206_480x480.jpg,train,malignant,8367,84.0,23376,84.0,-1,-1
train_set/malignant/ISIC_0067208_480x480.jpg,train,malignant,1170,84.0,10216,84.0,-1,-1
train_set/malignant/ISIC_0067210_480x480.jpg,train,malignant,307,86.0,4536,88.0,-1,-1
train_set/malignant/ISIC_0067233_480x480.jpg,train,malignant,1648,88.0,5201,86.0,-1,-1
train_set/malignant/ISIC_0067235_480x480.jpg,train,malignant,138,74.0,3025,78.0,-1,-1
train_set/malignant/ISIC_0067240_480x480.jpg,train,malignant,2530,92.0,5918,86.0,-1,-1
train_set/malignant/ISIC_0067243_480x480.jpg,train,malignant,6983,88.0,26402,80.0,-1,-1
train_set/malignant/ISIC_0067248_480x480.jpg,train,malignant,773,94.0,29485,92.0,-1,-1
train_set/malignant/ISIC_0067253_480x480.jpg,train,malignant,9460,76.0,11147,84.0,-1,-1
train_set/malignant/ISIC_0067274_480x480.jpg,train,malignant,9298,78.0,30608,78.0,-1,-1
train_set/malignant/ISIC_0067276_480x480.jpg,train,malignant,9602,88.0,1050,86.0,-1,-1
train_set/malignant/ISIC_0067284_480x480.jpg,train,malignant,2044,90.0,20879,88.0,-1,-1
train_set/malignant/ISIC_0067289_480x480.jpg,train,malignant,8663,84.0,7158,86.0,-1,-1
train_set/malignant/ISIC_0067296_480x480.jpg,train,malignant,3434,86.0,15185,90.0,-1,-1
train_set/malignant/ISIC_0067307_480x480.jpg,train,malignant,7193,84.0,12273,86.0,-1,-1
train_set/malignant/ISIC_0067308_480x480.jpg,train,malignant,8777,88.0,26701,80.0,-1,-1
train_set/malignant/ISIC_0067317_480x480.jpg,train,malignant,1680,86.0,26402,84.0,-1,-1
train_set/malignant/ISIC_0067318_480x480.jpg,train,malignant,9838,76.0,26073,78.0,-1,-1
train_set/malignant/ISIC_0067326_480x480.jpg,train,malignant,3105,82.0,20838,88.0,-1,-1
train_set/malignant/ISIC_0067333_480x480.jpg,train,malignant,90,86.0,29444,78.0,-1,-1
train_set/malignant/ISIC_0067335_480x480.jpg,train,malignant,1361,88.0,15167,90.0,-1,-1
train_set/malignant/ISIC_0067339_480x480.jpg,train,malignant,5681,84.0,17156,84.0,-1,-1
train_set/malignant/ISIC_0067347_480x480.jpg,train,malignant,1202,90.0,18992,80.0,-1,-1
train_set/malignant/ISIC_0067350_480x480.jpg,train,malignant,119,82.0,26839,72.0,-1,-1
train_set/malignant/ISIC_0067375_480x480.jpg,train,malignant,2393,82.0,30387,78.0,-1,-1
train_set/malignant/ISIC_0067395_480x480.jpg,train,malignant,4693,86.0,27953,84.0,-1,-1
train_set/malignant/ISIC_0067417_480x480.jpg,train,malignant,7818,86.0,9340,84.0,-1,-1
train_set/malignant/ISIC_0067418_480x480.jpg,train,malignant,2855,80.0,17945,88.0,-1,-1
train_set/malignant/ISIC_0067438_480x480.jpg,train,malignant,4621,90.0,31796,88.0,-1,-1
train_set/malignant/ISIC_0067443_480x480.jpg,train,malignant,199,84.0,9028,82.0,-1,-1
train_set/malignant/ISIC_0067452_480x480.jpg,train,malignant,2387,92.0,20784,86.0,-1,-1
train_set/malignant/ISIC_0067458_480x480.jpg,train,malignant,7227,74.0,6000,82.0,-1,-1
train_set/malignant/ISIC_0067460_480x480.jpg,train,malignant,1107,70.0,13628,78.0,-1,-1
train_set/malignant/ISIC_0067461_480x480.jpg,train,malignant,2034,90.0,5606,88.0,-1,-1
train_set/malignant/ISIC_0067466_480x480.jpg,train,malignant,571,86.0,2978,90.0,-1,-1
train_set/malignant/ISIC_0067485_480x480.jpg,train,malignant,2327,68.0,11251,62.0,-1,-1
train_set/malignant/ISIC_0067487_480x480.jpg,train,malignant,1361,82.0,28174,84.0,-1,-1
train_set/malignant/ISIC_0067488_480x480.jpg,train,malignant,865,80.0,21837,84.0,-1,-1
train_set/malignant/ISIC_0067495_480x480.jpg,train,malignant,104,92.0,17117,86.0,-1,-1
train_set/malignant/ISIC_0067502_480x480.jpg,train,malignant,8130,82.0,23488,82.0,-1,-1
train_set/malignant/ISIC_0067510_480x480.jpg,train,malignant,3638,86.0,281,90.0,-1,-1
train_set/malignant/ISIC_0067511_480x480.jpg,train,malignant,1017,84.0,3303,90.0,-1,-1
train_set/malignant/ISIC_0067512_480x480.jpg,train,malignant,4790,90.0,25146,90.0,-1,-1
train_set/malignant/ISIC_0067513_480x480.jpg,train,malignant,4965,90.0,29264,86.0,-1,-1
train_set/malignant/ISIC_0067515_480x480.jpg,train,malignant,5174,88.0,30671,82.0,-1,-1
train_set/malignant/ISIC_0067521_480x480.jpg,train,malignant,2316,82.0,17632,76.0,-1,-1
train_set/malignant/ISIC_0067536_480x480.jpg,train,malignant,231,84.0,8211,82.0,-1,-1
train_set/malignant/ISIC_0067539_480x480.jpg,train,malignant,9555,94.0,24760,88.0,-1,-1
train_set/malignant/ISIC_0067543_480x480.jpg,train,malignant,1802,84.0,22242,82.0,-1,-1
train_set/malignant/ISIC_0067549_480x480.jpg,train,malignant,1625,84.0,19262,80.0,-1,-1
train_set/malignant/ISIC_0067564_480x480.jpg,train,malignant,6284,92.0,26143,78.0,-1,-1
train_set/malignant/ISIC_0067565_480x480.jpg,train,malignant,1261,92.0,5555,88.0,-1,-1
train_set/malignant/ISIC_0067567_480x480.jpg,train,malignant,1860,84.0,5201,78.0,-1,-1
train_set/malignant/ISIC_0067576_480x480.jpg,train,malignant,1769,82.0,3920,90.0,-1,-1
train_set/malignant/ISIC_0067577_480x480.jpg,train,malignant,453,76.0,28454,80.0,-1,-1
train_set/malignant/ISIC_0067597_480x480.jpg,train,malignant,1935,82.0,9643,82.0,-1,-1
train_set/malignant/ISIC_0067598_480x480.jpg,train,malignant,7499,70.0,20629,74.0,-1,-1
train_set/malignant/ISIC_0067601_480x480.jpg,train,malignant,7114,74.0,30751,76.0,-1,-1
train_set/malignant/ISIC_0067614_480x480.jpg,train,malignant,1231,86.0,870,88.0,-1,-1
train_set/malignant/ISIC_0067621_480x480.jpg,train,malignant,2938,90.0,4219,88.0,-1,-1
train_set/malignant/ISIC_0067628_480x480.jpg,train,malignant,6257,96.0,19189,94.0,-1,-1
train_set/malignant/ISIC_0067653_480x480.jpg,train,malignant,7919,86.0,5788,86.0,-1,-1
train_set/malignant/ISIC_0067655_480x480.jpg,train,malignant,5716,86.0,28680,88.0,-1,-1
train_set/malignant/ISIC_0067666_480x480.jpg,train,malignant,3810,94.0,29988,90.0,-1,-1
train_set/malignant/ISIC_0067667_480x480.jpg,train,malignant,9420,84.0,7350,82.0,-1,-1
train_set/malignant/ISIC_0067689_480x480.jpg,train,malignant,5297,90.0,24852,94.0,-1,-1
train_set/malignant/ISIC_0067694_480x480.jpg,train,malignant,871,90.0,9972,82.0,-1,-1
train_set/malignant/ISIC_0067695_480x480.jpg,train,malignant,7114,80.0,2707,80.0,-1,-1
train_set/malignant/ISIC_0067696_480x480.jpg,train,malignant,1600,86.0,16595,90.0,-1,-1
train_set/malignant/ISIC_0067697_480x480.jpg,train,malignant,180,84.0,3416,88.0,-1,-1
train_set/malignant/ISIC_0067699_480x480.jpg,train,malignant,682,90.0,730,86.0,-1,-1
train_set/malignant/ISIC_0067704_480x480.jpg,train,malignant,1342,80.0,4007,88.0,-1,-1
train_set/malignant/ISIC_0067719_480x480.jpg,train,malignant,7112,80.0,17571,80.0,-1,-1
train_set/malignant/ISIC_0067733_480x480.jpg,train,malignant,5387,84.0,18992,84.0,-1,-1
train_set/malignant/ISIC_0067743_480x480.jpg,train,malignant,7648,86.0,7405,92.0,-1,-1
train_set/malignant/ISIC_0067747_480x480.jpg,train,malignant,3869,90.0,27932,86.0,-1,-1
train_set/malignant/ISIC_0067756_480x480.jpg,train,malignant,1289,76.0,23536,88.0,-1,-1
train_set/malignant/ISIC_0067757_480x480.jpg,train,malignant,4899,94.0,1210,94.0,-1,-1
train_set/malignant/ISIC_0067758_480x480.jpg,train,malignant,6041,90.0,13956,92.0,-1,-1
train_set/malignant/ISIC_0067767_480x480.jpg,train,malignant,2818,90.0,10191,84.0,-1,-1
train_set/malignant/ISIC_0067776_480x480.jpg,train,malignant,4582,86.0,28385,80.0,-1,-1
train_set/malignant/ISIC_0067789_480x480.jpg,train,malignant,775,84.0,999,88.0,-1,-1
train_set/malignant/ISIC_0067798_480x480.jpg,train,malignant,7117,88.0,10114,86.0,-1,-1
train_set/malignant/ISIC_0067804_480x480.jpg,train,malignant,7266,68.0,5338,64.0,-1,-1
train_set/malignant/ISIC_0067805_480x480.jpg,train,malignant,6166,88.0,10784,90.0,-1,-1
train_set/malignant/ISIC_0067808_480x480.jpg,train,malignant,12,86.0,17131,88.0,-1,-1
train_set/malignant/ISIC_0067816_480x480.jpg,train,malignant,5139,94.0,19189,88.0,-1,-1
train_set/malignant/ISIC_0067821_480x480.jpg,train,malignant,1170,88.0,8042,84.0,-1,-1
train_set/malignant/ISIC_0067830_480x480.jpg,train,malignant,5475,94.0,2067,86.0,-1,-1
train_set/malignant/ISIC_0067831_480x480.jpg,train,malignant,1381,90.0,18992,84.0,-1,-1
train_set/malignant/ISIC_0067836_480x480.jpg,train,malignant,4144,94.0,13819,94.0,-1,-1
train_set/malignant/ISIC_0067843_480x480.jpg,train,malignant,2478,82.0,25268,84.0,-1,-1
train_set/malignant/ISIC_0067845_480x480.jpg,train,malignant,2180,92.0,29444,82.0,-1,-1
train_set/malignant/ISIC_0067857_480x480.jpg,train,malignant,1521,82.0,14736,82.0,-1,-1
train_set/malignant/ISIC_0067873_480x480.jpg,train,malignant,835,78.0,5942,82.0,-1,-1
train_set/malignant/ISIC_0067889_480x480.jpg,train,malignant,3901,82.0,9671,82.0,-1,-1
train_set/malignant/ISIC_0067890_480x480.jpg,train,malignant,1748,92.0,27071,92.0,-1,-1
train_set/malignant/ISIC_0067891_480x480.jpg,train,malignant,2161,66.0,18326,72.0,-1,-1
train_set/malignant/ISIC_0067893_480x480.jpg,train,malignant,8002,84.0,10528,84.0,-1,-1
train_set/malignant/ISIC_0067896_480x480.jpg,train,malignant,1562,86.0,10353,86.0,-1,-1
train_set/malignant/ISIC_0067903_480x480.jpg,train,malignant,484,94.0,3548,82.0,-1,-1
train_set/malignant/ISIC_0067905_480x480.jpg,train,malignant,2995,86.0,30586,76.0,-1,-1
train_set/malignant/ISIC_0067914_480x480.jpg,train,malignant,3306,94.0,14682,92.0,-1,-1
train_set/malignant/ISIC_0067927_480x480.jpg,train,malignant,1009,86.0,25402,86.0,-1,-1
train_set/malignant/ISIC_0067933_480x480.jpg,train,malignant,3818,84.0,12192,84.0,-1,-1
train_set/malignant/ISIC_0067934_480x480.jpg,train,malignant,7873,92.0,18579,92.0,-1,-1
train_set/malignant/ISIC_0067947_480x480.jpg,train,malignant,3010,86.0,2734,82.0,-1,-1
train_set/malignant/ISIC_0067949_480x480.jpg,train,malignant,978,92.0,7810,96.0,-1,-1
train_set/malignant/ISIC_0067953_480x480.jpg,train,malignant,2462,84.0,16812,76.0,-1,-1
train_set/malignant/ISIC_0067960_480x480.jpg,train,malignant,7113,84.0,9922,80.0,-1,-1
train_set/malignant/ISIC_0067969_480x480.jpg,train,malignant,151,86.0,15081,84.0,-1,-1
train_set/malignant/ISIC_0067972_480x480.jpg,train,malignant,7208,74.0,17399,74.0,-1,-1
train_set/malignant/ISIC_0067979_480x480.jpg,train,malignant,744,92.0,29444,62.0,-1,-1
train_set/malignant/ISIC_0067985_480x480.jpg,train,malignant,3711,90.0,8221,90.0,-1,-1
train_set/malignant/ISIC_0068000_480x480.jpg,train,malignant,6656,88.0,27560,90.0,-1,-1
train_set/malignant/ISIC_0068003_480x480.jpg,train,malignant,1647,84.0,5745,72.0,-1,-1
train_set/malignant/ISIC_0068011_480x480.jpg,train,malignant,7235,90.0,25676,86.0,-1,-1
train_set/malignant/ISIC_0068012_480x480.jpg,train,malignant,1696,92.0,1423,80.0,-1,-1
train_set/malignant/ISIC_0068015_480x480.jpg,train,malignant,8889,82.0,18657,80.0,-1,-1
train_set/malignant/ISIC_0068023_480x480.jpg,train,malignant,7088,76.0,11483,78.0,-1,-1
train_set/malignant/ISIC_0068048_480x480.jpg,train,malignant,2398,78.0,28485,74.0,-1,-1
train_set/malignant/ISIC_0068051_480x480.jpg,train,malignant,4457,88.0,15590,86.0,-1,-1
train_set/malignant/ISIC_0068054_480x480.jpg,train,malignant,1312,82.0,5006,78.0,-1,-1
train_set/malignant/ISIC_0068064_480x480.jpg,train,malignant,6998,88.0,9005,86.0,-1,-1
train_set/malignant/ISIC_0068074_480x480.jpg,train,malignant,7833,86.0,23329,92.0,-1,-1
train_set/malignant/ISIC_0068080_480x480.jpg,train,malignant,7260,88.0,5201,88.0,-1,-1
train_set/malignant/ISIC_0068106_480x480.jpg,train,malignant,12,80.0,17655,88.0,-1,-1
train_set/malignant/ISIC_0068107_480x480.jpg,train,malignant,1552,86.0,9950,88.0,-1,-1
train_set/malignant/ISIC_0068115_480x480.jpg,train,malignant,744,92.0,18992,78.0,-1,-1
train_set/malignant/ISIC_0068116_480x480.jpg,train,malignant,885,88.0,10191,84.0,-1,-1
train_set/malignant/ISIC_0068117_480x480.jpg,train,malignant,744,84.0,6979,82.0,-1,-1
train_set/malignant/ISIC_0068118_480x480.jpg,train,malignant,1813,84.0,28081,82.0,-1,-1
train_set/malignant/ISIC_0068119_480x480.jpg,train,malignant,8701,88.0,7927,82.0,-1,-1
train_set/malignant/ISIC_0068128_480x480.jpg,train,malignant,7872,64.0,30368,66.0,-1,-1
train_set/malignant/ISIC_0068129_480x480.jpg,train,malignant,4281,88.0,3234,88.0,-1,-1
train_set/malignant/ISIC_0068137_480x480.jpg,train,malignant,6712,86.0,3971,86.0,-1,-1
train_set/malignant/ISIC_0068143_480x480.jpg,train,malignant,75,92.0,3996,90.0,-1,-1
train_set/malignant/ISIC_0068145_480x480.jpg,train,malignant,7725,84.0,5729,82.0,-1,-1
train_set/malignant/ISIC_0068152_480x480.jpg,train,malignant,6716,82.0,246,70.0,-1,-1
train_set/malignant/ISIC_0068153_480x480.jpg,train,malignant,871,92.0,1743,84.0,-1,-1
train_set/malignant/ISIC_0068164_480x480.jpg,train,malignant,5884,90.0,14493,88.0,-1,-1
train_set/malignant/ISIC_0068166_480x480.jpg,train,malignant,5,94.0,29444,66.0,-1,-1
train_set/malignant/ISIC_0068176_480x480.jpg,train,malignant,2620,94.0,9685,94.0,-1,-1
train_set/malignant/ISIC_0068178_480x480.jpg,train,malignant,8801,92.0,17163,92.0,-1,-1
train_set/malignant/ISIC_0068188_480x480.jpg,train,malignant,8717,84.0,9574,88.0,-1,-1
train_set/malignant/ISIC_0068200_480x480.jpg,train,malignant,7105,78.0,30608,72.0,-1,-1
train_set/malignant/ISIC_0068209_480x480.jpg,train,malignant,668,88.0,17006,88.0,-1,-1
train_set/malignant/ISIC_0068218_480x480.jpg,train,malignant,6607,90.0,5652,88.0,-1,-1
train_set/malignant/ISIC_0068221_480x480.jpg,train,malignant,1309,92.0,3967,88.0,-1,-1
train_set/malignant/ISIC_0068227_480x480.jpg,train,malignant,5316,90.0,2957,90.0,-1,-1
train_set/malignant/ISIC_0068233_480x480.jpg,train,malignant,2554,78.0,21649,80.0,-1,-1
train_set/malignant/ISIC_0068234_480x480.jpg,train,malignant,4683,88.0,22099,92.0,-1,-1
train_set/malignant/ISIC_0068239_480x480.jpg,train,malignant,2626,90.0,4732,86.0,-1,-1
train_set/malignant/ISIC_0068252_480x480.jpg,train,malignant,1911,92.0,30702,90.0,-1,-1
train_set/malignant/ISIC_0068255_480x480.jpg,train,malignant,2508,86.0,11147,86.0,-1,-1
train_set/malignant/ISIC_0068273_480x480.jpg,train,malignant,4951,86.0,97,88.0,-1,-1
train_set/malignant/ISIC_0068275_480x480.jpg,train,malignant,5369,86.0,1299,86.0,-1,-1
train_set/malignant/ISIC_0068276_480x480.jpg,train,malignant,2595,80.0,18785,78.0,-1,-1
train_set/malignant/ISIC_0068280_480x480.jpg,train,malignant,1170,88.0,1612,82.0,-1,-1
train_set/malignant/ISIC_0068291_480x480.jpg,train,malignant,7276,82.0,11483,80.0,-1,-1
train_set/malignant/ISIC_0068294_480x480.jpg,train,malignant,1053,86.0,6511,94.0,-1,-1
train_set/malignant/ISIC_0068295_480x480.jpg,train,malignant,5394,90.0,19189,86.0,-1,-1
train_set/malignant/ISIC_0068299_480x480.jpg,train,malignant,2855,94.0,19189,84.0,-1,-1
train_set/malignant/ISIC_0068303_480x480.jpg,train,malignant,9083,92.0,11348,92.0,-1,-1
train_set/malignant/ISIC_0068309_480x480.jpg,train,malignant,804,92.0,11610,86.0,-1,-1
train_set/malignant/ISIC_0068310_480x480.jpg,train,malignant,905,90.0,29444,88.0,-1,-1
train_set/malignant/ISIC_0068315_480x480.jpg,train,malignant,627,88.0,3488,82.0,-1,-1
train_set/malignant/ISIC_0068318_480x480.jpg,train,malignant,5439,88.0,22671,78.0,-1,-1
train_set/malignant/ISIC_0068331_480x480.jpg,train,malignant,3125,80.0,17887,82.0,-1,-1
train_set/malignant/ISIC_0068343_480x480.jpg,train,malignant,1124,82.0,7350,82.0,-1,-1
train_set/malignant/ISIC_0068381_480x480.jpg,train,malignant,8794,80.0,23152,78.0,-1,-1
train_set/malignant/ISIC_0068382_480x480.jpg,train,malignant,9038,76.0,5873,70.0,-1,-1
train_set/malignant/ISIC_0068383_480x480.jpg,train,malignant,911,90.0,18935,92.0,-1,-1
train_set/malignant/ISIC_0068385_480x480.jpg,train,malignant,7154,84.0,4278,86.0,-1,-1
train_set/malignant/ISIC_0068394_480x480.jpg,train,malignant,4595,90.0,29855,86.0,-1,-1
train_set/malignant/ISIC_0068396_480x480.jpg,train,malignant,1268,84.0,23971,78.0,-1,-1
train_set/malignant/ISIC_0068401_480x480.jpg,train,malignant,4143,96.0,22608,90.0,-1,-1
train_set/malignant/ISIC_0068403_480x480.jpg,train,malignant,585,96.0,7709,88.0,-1,-1
train_set/malignant/ISIC_0068407_480x480.jpg,train,malignant,1603,82.0,30689,78.0,-1,-1
train_set/malignant/ISIC_0068420_480x480.jpg,train,malignant,4546,92.0,19189,92.0,-1,-1
train_set/malignant/ISIC_0068427_480x480.jpg,train,malignant,2217,88.0,12131,82.0,-1,-1
train_set/malignant/ISIC_0068438_480x480.jpg,train,malignant,8145,90.0,19189,80.0,-1,-1
train_set/malignant/ISIC_0068460_480x480.jpg,train,malignant,3592,94.0,11633,92.0,-1,-1
train_set/malignant/ISIC_0068477_480x480.jpg,train,malignant,734,88.0,736,84.0,-1,-1
train_set/malignant/ISIC_0068488_480x480.jpg,train,malignant,3908,90.0,4267,90.0,-1,-1
train_set/malignant/ISIC_0068495_480x480.jpg,train,malignant,871,94.0,19189,86.0,-1,-1
train_set/malignant/ISIC_0068515_480x480.jpg,train,malignant,1928,86.0,25063,88.0,-1,-1
train_set/malignant/ISIC_0068527_480x480.jpg,train,malignant,3022,92.0,10646,90.0,-1,-1
train_set/malignant/ISIC_0068528_480x480.jpg,train,malignant,7425,66.0,10949,80.0,-1,-1
train_set/malignant/ISIC_0068545_480x480.jpg,train,malignant,1416,88.0,19278,86.0,-1,-1
train_set/malignant/ISIC_0068548_480x480.jpg,train,malignant,1126,90.0,8658,86.0,-1,-1
train_set/malignant/ISIC_0068554_480x480.jpg,train,malignant,1641,84.0,13664,90.0,-1,-1
train_set/malignant/ISIC_0068555_480x480.jpg,train,malignant,2203,92.0,15280,84.0,-1,-1
train_set/malignant/ISIC_0068560_480x480.jpg,train,malignant,820,74.0,13669,82.0,-1,-1
train_set/malignant/ISIC_0068576_480x480.jpg,train,malignant,1098,84.0,24459,76.0,-1,-1
train_set/malignant/ISIC_0068578_480x480.jpg,train,malignant,7395,74.0,1463,74.0,-1,-1
train_set/malignant/ISIC_0068580_480x480.jpg,train,malignant,5823,90.0,22103,86.0,-1,-1
train_set/malignant/ISIC_0068581_480x480.jpg,train,malignant,5111,82.0,11098,90.0,-1,-1
train_set/malignant/ISIC_0068583_480x480.jpg,train,malignant,128,78.0,8078,80.0,-1,-1
train_set/malignant/ISIC_0068584_480x480.jpg,train,malignant,871,92.0,29444,78.0,-1,-1
train_set/malignant/ISIC_0068586_480x480.jpg,train,malignant,6233,86.0,25296,90.0,-1,-1
train_set/malignant/ISIC_0068614_480x480.jpg,train,malignant,77,90.0,6281,86.0,-1,-1
train_set/malignant/ISIC_0068616_480x480.jpg,train,malignant,90,92.0,10191,88.0,-1,-1
train_set/malignant/ISIC_0068617_480x480.jpg,train,malignant,622,86.0,24456,88.0,-1,-1
train_set/malignant/ISIC_0068627_480x480.jpg,train,malignant,5006,88.0,4191,84.0,-1,-1
train_set/malignant/ISIC_0068628_480x480.jpg,train,malignant,4904,90.0,6344,88.0,-1,-1
train_set/malignant/ISIC_0068629_480x480.jpg,train,malignant,167,88.0,12627,92.0,-1,-1
train_set/malignant/ISIC_0068633_480x480.jpg,train,malignant,9101,82.0,3234,82.0,-1,-1
train_set/malignant/ISIC_0068646_480x480.jpg,train,malignant,9420,88.0,358,90.0,-1,-1
train_set/malignant/ISIC_0068673_480x480.jpg,train,malignant,5396,90.0,13248,88.0,-1,-1
train_set/malignant/ISIC_0068677_480x480.jpg,train,malignant,90,90.0,26402,88.0,-1,-1
train_set/malignant/ISIC_0068682_480x480.jpg,train,malignant,453,84.0,18657,80.0,-1,-1
train_set/malignant/ISIC_0068692_480x480.jpg,train,malignant,832,84.0,19724,82.0,-1,-1
train_set/malignant/ISIC_0068696_480x480.jpg,train,malignant,98,88.0,1019,90.0,-1,-1
train_set/malignant/ISIC_0068700_480x480.jpg,train,malignant,859,74.0,30608,76.0,-1,-1
train_set/malignant/ISIC_0068713_480x480.jpg,train,malignant,1616,90.0,29444,84.0,-1,-1
train_set/malignant/ISIC_0068717_480x480.jpg,train,malignant,9568,88.0,15998,82.0,-1,-1
train_set/malignant/ISIC_0068721_480x480.jpg,train,malignant,403,90.0,7816,94.0,-1,-1
train_set/malignant/ISIC_0068727_480x480.jpg,train,malignant,4693,80.0,9156,78.0,-1,-1
train_set/malignant/ISIC_0068744_480x480.jpg,train,malignant,3436,94.0,4524,90.0,-1,-1
train_set/malignant/ISIC_0068747_480x480.jpg,train,malignant,7541,86.0,18644,86.0,-1,-1
train_set/malignant/ISIC_0068761_480x480.jpg,train,malignant,4683,92.0,6703,90.0,-1,-1
train_set/malignant/ISIC_0068762_480x480.jpg,train,malignant,950,92.0,16803,86.0,-1,-1
train_set/malignant/ISIC_0068763_480x480.jpg,train,malignant,322,94.0,27412,88.0,-1,-1
train_set/malignant/ISIC_0068766_480x480.jpg,train,malignant,164,80.0,30508,82.0,-1,-1
train_set/malignant/ISIC_0068768_480x480.jpg,train,malignant,90,86.0,29444,66.0,-1,-1
train_set/malignant/ISIC_0068769_480x480.jpg,train,malignant,5383,86.0,25187,90.0,-1,-1
train_set/malignant/ISIC_0068776_480x480.jpg,train,malignant,6824,86.0,1767,78.0,-1,-1
train_set/malignant/ISIC_0068778_480x480.jpg,train,malignant,2005,84.0,2007,86.0,-1,-1
train_set/malignant/ISIC_0068782_480x480.jpg,train,malignant,6768,88.0,3096,86.0,-1,-1
train_set/malignant/ISIC_0068798_480x480.jpg,train,malignant,162,90.0,23845,86.0,-1,-1
train_set/malignant/ISIC_0068800_480x480.jpg,train,malignant,4015,92.0,17876,82.0,-1,-1
train_set/malignant/ISIC_0068808_480x480.jpg,train,malignant,1552,94.0,19189,80.0,-1,-1
train_set/malignant/ISIC_0068817_480x480.jpg,train,malignant,315,90.0,11279,88.0,-1,-1
train_set/malignant/ISIC_0068818_480x480.jpg,train,malignant,9820,90.0,10010,92.0,-1,-1
train_set/malignant/ISIC_0068840_480x480.jpg,train,malignant,8114,94.0,4928,90.0,-1,-1
train_set/malignant/ISIC_0068847_480x480.jpg,train,malignant,6790,90.0,25044,88.0,-1,-1
train_set/malignant/ISIC_0068850_480x480.jpg,train,malignant,576,86.0,18992,84.0,-1,-1
train_set/malignant/ISIC_0068851_480x480.jpg,train,malignant,3893,94.0,4219,84.0,-1,-1
train_set/malignant/ISIC_0068874_480x480.jpg,train,malignant,1467,90.0,1329,84.0,-1,-1
train_set/malignant/ISIC_0068881_480x480.jpg,train,malignant,8504,86.0,11846,82.0,-1,-1
train_set/malignant/ISIC_0068882_480x480.jpg,train,malignant,5217,96.0,29845,88.0,-1,-1
train_set/malignant/ISIC_0068884_480x480.jpg,train,malignant,114,92.0,5929,88.0,-1,-1
train_set/malignant/ISIC_0068886_480x480.jpg,train,malignant,582,84.0,17458,88.0,-1,-1
train_set/malignant/ISIC_0068895_480x480.jpg,train,malignant,5425,86.0,26693,92.0,-1,-1
train_set/malignant/ISIC_0068897_480x480.jpg,train,malignant,5678,80.0,17205,82.0,-1,-1
train_set/malignant/ISIC_0068900_480x480.jpg,train,malignant,2400,94.0,8838,92.0,-1,-1
train_set/malignant/ISIC_0068905_480x480.jpg,train,malignant,806,80.0,14640,82.0,-1,-1
train_set/malignant/ISIC_0068907_480x480.jpg,train,malignant,9882,78.0,7891,78.0,-1,-1
train_set/malignant/ISIC_0068910_480x480.jpg,train,malignant,307,82.0,7857,84.0,-1,-1
train_set/malignant/ISIC_0068918_480x480.jpg,train,malignant,9631,88.0,19189,90.0,-1,-1
train_set/malignant/ISIC_0068924_480x480.jpg,train,malignant,3650,94.0,10787,90.0,-1,-1
train_set/malignant/ISIC_0068928_480x480.jpg,train,malignant,1361,84.0,19816,82.0,-1,-1
train_set/malignant/ISIC_0068931_480x480.jpg,train,malignant,9329,92.0,19189,88.0,-1,-1
train_set/malignant/ISIC_0068932_480x480.jpg,train,malignant,4597,82.0,16250,80.0,-1,-1
train_set/malignant/ISIC_0068936_480x480.jpg,train,malignant,6560,92.0,19189,92.0,-1,-1
train_set/malignant/ISIC_0068941_480x480.jpg,train,malignant,4171,86.0,19802,88.0,-1,-1
train_set/malignant/ISIC_0068950_480x480.jpg,train,malignant,8030,88.0,4568,84.0,-1,-1
train_set/malignant/ISIC_0068961_480x480.jpg,train,malignant,9145,70.0,17939,80.0,-1,-1
train_set/malignant/ISIC_0068962_480x480.jpg,train,malignant,4535,94.0,14047,88.0,-1,-1
train_set/malignant/ISIC_0068966_480x480.jpg,train,malignant,597,78.0,8415,78.0,-1,-1
train_set/malignant/ISIC_0068975_480x480.jpg,train,malignant,1170,82.0,8505,80.0,-1,-1
train_set/malignant/ISIC_0068979_480x480.jpg,train,malignant,1552,90.0,18992,86.0,-1,-1
train_set/malignant/ISIC_0068993_480x480.jpg,train,malignant,1369,78.0,20843,66.0,-1,-1
train_set/malignant/ISIC_0069003_480x480.jpg,train,malignant,90,90.0,13039,80.0,-1,-1
train_set/malignant/ISIC_0069029_480x480.jpg,train,malignant,1579,84.0,6697,78.0,-1,-1
train_set/malignant/ISIC_0069058_480x480.jpg,train,malignant,2573,82.0,11147,76.0,-1,-1
train_set/malignant/ISIC_0069059_480x480.jpg,train,malignant,5,84.0,6727,86.0,-1,-1
train_set/malignant/ISIC_0069063_480x480.jpg,train,malignant,4623,92.0,28343,82.0,-1,-1
train_set/malignant/ISIC_0069065_480x480.jpg,train,malignant,9966,92.0,7650,88.0,-1,-1
train_set/malignant/ISIC_0069068_480x480.jpg,train,malignant,3919,86.0,3372,86.0,-1,-1
train_set/malignant/ISIC_0069076_480x480.jpg,train,malignant,5369,84.0,27204,78.0,-1,-1
train_set/malignant/ISIC_0069077_480x480.jpg,train,malignant,2732,90.0,5582,84.0,-1,-1
train_set/malignant/ISIC_0069084_480x480.jpg,train,malignant,7961,96.0,27451,92.0,-1,-1
train_set/malignant/ISIC_0069087_480x480.jpg,train,malignant,4947,92.0,8623,84.0,-1,-1
train_set/malignant/ISIC_0069091_480x480.jpg,train,malignant,1289,90.0,23110,90.0,-1,-1
train_set/malignant/ISIC_0069093_480x480.jpg,train,malignant,7060,82.0,29766,80.0,-1,-1
train_set/malignant/ISIC_0069098_480x480.jpg,train,malignant,1769,88.0,8709,86.0,-1,-1
train_set/malignant/ISIC_0069105_480x480.jpg,train,malignant,7128,84.0,25344,86.0,-1,-1
train_set/malignant/ISIC_0069112_480x480.jpg,train,malignant,1926,92.0,17424,92.0,-1,-1
train_set/malignant/ISIC_0069119_480x480.jpg,train,malignant,4573,76.0,10949,80.0,-1,-1
train_set/malignant/ISIC_0069148_480x480.jpg,train,malignant,932,92.0,23653,80.0,-1,-1
train_set/malignant/ISIC_0069154_480x480.jpg,train,malignant,5044,94.0,9029,92.0,-1,-1
train_set/malignant/ISIC_0069167_480x480.jpg,train,malignant,1123,90.0,5647,86.0,-1,-1
train_set/malignant/ISIC_0069179_480x480.jpg,train,malignant,7146,88.0,8245,88.0,-1,-1
train_set/malignant/ISIC_0069192_480x480.jpg,train,malignant,3789,90.0,31097,90.0,-1,-1
train_set/malignant/ISIC_0069193_480x480.jpg,train,malignant,6477,92.0,18992,82.0,-1,-1
train_set/malignant/ISIC_0069197_480x480.jpg,train,malignant,636,94.0,28554,86.0,-1,-1
train_set/malignant/ISIC_0069204_480x480.jpg,train,malignant,5019,66.0,12192,76.0,-1,-1
train_set/malignant/ISIC_0069210_480x480.jpg,train,malignant,8625,88.0,2378,84.0,-1,-1
train_set/malignant/ISIC_0069245_480x480.jpg,train,malignant,8196,92.0,22914,88.0,-1,-1
train_set/malignant/ISIC_0069248_480x480.jpg,train,malignant,2004,94.0,28106,94.0,-1,-1
train_set/malignant/ISIC_0069250_480x480.jpg,train,malignant,2063,92.0,10180,88.0,-1,-1
train_set/malignant/ISIC_0069253_480x480.jpg,train,malignant,8213,82.0,972,92.0,-1,-1
train_set/malignant/ISIC_0069254_480x480.jpg,train,malignant,1107,84.0,12485,86.0,-1,-1
train_set/malignant/ISIC_0069257_480x480.jpg,train,malignant,124,76.0,8771,78.0,-1,-1
train_set/malignant/ISIC_0069260_480x480.jpg,train,malignant,1217,82.0,27029,80.0,-1,-1
train_set/malignant/ISIC_0069262_480x480.jpg,train,malignant,823,90.0,11052,86.0,-1,-1
train_set/malignant/ISIC_0069264_480x480.jpg,train,malignant,9667,84.0,7228,78.0,-1,-1
train_set/malignant/ISIC_0069267_480x480.jpg,train,malignant,2837,72.0,20222,76.0,-1,-1
train_set/malignant/ISIC_0069268_480x480.jpg,train,malignant,9537,92.0,494,92.0,-1,-1
train_set/malignant/ISIC_0069273_480x480.jpg,train,malignant,9838,84.0,547,82.0,-1,-1
train_set/malignant/ISIC_0069277_480x480.jpg,train,malignant,1466,94.0,25557,90.0,-1,-1
train_set/malignant/ISIC_0069292_480x480.jpg,train,malignant,474,88.0,7764,96.0,-1,-1
train_set/malignant/ISIC_0069293_480x480.jpg,train,malignant,9420,88.0,24459,80.0,-1,-1
train_set/malignant/ISIC_0069324_480x480.jpg,train,malignant,212,94.0,27,92.0,-1,-1
train_set/malignant/ISIC_0069361_480x480.jpg,train,malignant,20,94.0,29444,80.0,-1,-1
train_set/malignant/ISIC_0069365_480x480.jpg,train,malignant,6829,84.0,11642,92.0,-1,-1
train_set/malignant/ISIC_0069370_480x480.jpg,train,malignant,6691,82.0,4602,86.0,-1,-1
train_set/malignant/ISIC_0069373_480x480.jpg,train,malignant,6690,82.0,7963,86.0,-1,-1
train_set/malignant/ISIC_0069380_480x480.jpg,train,malignant,3629,92.0,14754,92.0,-1,-1
train_set/malignant/ISIC_0069381_480x480.jpg,train,malignant,9266,92.0,17428,92.0,-1,-1
train_set/malignant/ISIC_0069385_480x480.jpg,train,malignant,5098,76.0,9446,74.0,-1,-1
train_set/malignant/ISIC_0069386_480x480.jpg,train,malignant,2265,88.0,2002,84.0,-1,-1
train_set/malignant/ISIC_0069391_480x480.jpg,train,malignant,1602,84.0,14663,84.0,-1,-1
train_set/malignant/ISIC_0069395_480x480.jpg,train,malignant,2946,94.0,2102,90.0,-1,-1
train_set/malignant/ISIC_0069402_480x480.jpg,train,malignant,819,82.0,26004,82.0,-1,-1
train_set/malignant/ISIC_0069410_480x480.jpg,train,malignant,9390,84.0,12187,86.0,-1,-1
train_set/malignant/ISIC_0069411_480x480.jpg,train,malignant,2929,84.0,1996,80.0,-1,-1
train_set/malignant/ISIC_0069432_480x480.jpg,train,malignant,2638,96.0,7768,94.0,-1,-1
train_set/malignant/ISIC_0069437_480x480.jpg,train,malignant,6661,88.0,8769,92.0,-1,-1
train_set/malignant/ISIC_0069457_480x480.jpg,train,malignant,7209,86.0,5526,82.0,-1,-1
train_set/malignant/ISIC_0069459_480x480.jpg,train,malignant,4384,90.0,4323,94.0,-1,-1
train_set/malignant/ISIC_0069475_480x480.jpg,train,malignant,2356,82.0,1740,80.0,-1,-1
train_set/malignant/ISIC_0069481_480x480.jpg,train,malignant,4701,80.0,15305,84.0,-1,-1
train_set/malignant/ISIC_0069488_480x480.jpg,train,malignant,46,78.0,14640,74.0,-1,-1
train_set/malignant/ISIC_0069504_480x480.jpg,train,malignant,1377,86.0,23146,80.0,-1,-1
train_set/malignant/ISIC_0069508_480x480.jpg,train,malignant,1895,92.0,17008,92.0,-1,-1
train_set/malignant/ISIC_0069511_480x480.jpg,train,malignant,7595,86.0,29766,84.0,-1,-1
train_set/malignant/ISIC_0069514_480x480.jpg,train,malignant,9211,80.0,8059,72.0,-1,-1
train_set/malignant/ISIC_0069515_480x480.jpg,train,malignant,7497,76.0,1594,72.0,-1,-1
train_set/malignant/ISIC_0069536_480x480.jpg,train,malignant,259,92.0,3122,94.0,-1,-1
train_set/malignant/ISIC_0069540_480x480.jpg,train,malignant,2462,84.0,6792,78.0,-1,-1
train_set/malignant/ISIC_0069556_480x480.jpg,train,malignant,770,88.0,10,84.0,-1,-1
train_set/malignant/ISIC_0069558_480x480.jpg,train,malignant,185,90.0,23223,90.0,-1,-1
train_set/malignant/ISIC_0069583_480x480.jpg,train,malignant,1103,74.0,11147,78.0,-1,-1
train_set/malignant/ISIC_0069591_480x480.jpg,train,malignant,1011,88.0,12617,92.0,-1,-1
train_set/malignant/ISIC_0069592_480x480.jpg,train,malignant,2239,92.0,17882,86.0,-1,-1
train_set/malignant/ISIC_0069593_480x480.jpg,train,malignant,1499,86.0,6668,92.0,-1,-1
train_set/malignant/ISIC_0069595_480x480.jpg,train,malignant,9419,86.0,29428,78.0,-1,-1
train_set/malignant/ISIC_0069617_480x480.jpg,train,malignant,7150,76.0,6233,76.0,-1,-1
train_set/malignant/ISIC_0069620_480x480.jpg,train,malignant,7166,90.0,27758,88.0,-1,-1
train_set/malignant/ISIC_0069622_480x480.jpg,train,malignant,4705,92.0,1273,88.0,-1,-1
train_set/malignant/ISIC_0069624_480x480.jpg,train,malignant,1498,76.0,3226,74.0,-1,-1
train_set/malignant/ISIC_0069626_480x480.jpg,train,malignant,871,94.0,18992,88.0,-1,-1
train_set/malignant/ISIC_0069635_480x480.jpg,train,malignant,1377,90.0,18992,78.0,-1,-1
train_set/malignant/ISIC_0069638_480x480.jpg,train,malignant,7990,92.0,19189,90.0,-1,-1
train_set/malignant/ISIC_0069667_480x480.jpg,train,malignant,1442,86.0,18991,84.0,-1,-1
train_set/malignant/ISIC_0069668_480x480.jpg,train,malignant,2054,90.0,4800,86.0,-1,-1
train_set/malignant/ISIC_0069669_480x480.jpg,train,malignant,4692,90.0,541,92.0,-1,-1
train_set/malignant/ISIC_0069671_480x480.jpg,train,malignant,9110,90.0,6831,90.0,-1,-1
train_set/malignant/ISIC_0069705_480x480.jpg,train,malignant,1006,88.0,13475,88.0,-1,-1
train_set/malignant/ISIC_0069706_480x480.jpg,train,malignant,1107,88.0,14005,86.0,-1,-1
train_set/malignant/ISIC_0069727_480x480.jpg,train,malignant,8755,88.0,22980,86.0,-1,-1
train_set/malignant/ISIC_0069736_480x480.jpg,train,malignant,24,92.0,6465,84.0,-1,-1
train_set/malignant/ISIC_0069743_480x480.jpg,train,malignant,7475,78.0,27029,82.0,-1,-1
train_set/malignant/ISIC_0069747_480x480.jpg,train,malignant,744,88.0,29444,64.0,-1,-1
train_set/malignant/ISIC_0069753_480x480.jpg,train,malignant,820,82.0,27253,86.0,-1,-1
train_set/malignant/ISIC_0069781_480x480.jpg,train,malignant,4028,94.0,18992,80.0,-1,-1
train_set/malignant/ISIC_0069791_480x480.jpg,train,malignant,8081,92.0,7893,86.0,-1,-1
train_set/malignant/ISIC_0069821_480x480.jpg,train,malignant,301,86.0,29444,84.0,-1,-1
train_set/malignant/ISIC_0069851_480x480.jpg,train,malignant,8949,72.0,9431,70.0,-1,-1
train_set/malignant/ISIC_0069859_480x480.jpg,train,malignant,9239,62.0,7681,70.0,-1,-1
train_set/malignant/ISIC_0069864_480x480.jpg,train,malignant,2406,78.0,3488,82.0,-1,-1
train_set/malignant/ISIC_0069865_480x480.jpg,train,malignant,9586,88.0,18992,70.0,-1,-1
train_set/malignant/ISIC_0069873_480x480.jpg,train,malignant,509,92.0,6906,90.0,-1,-1
train_set/malignant/ISIC_0069889_480x480.jpg,train,malignant,1457,90.0,18992,84.0,-1,-1
train_set/malignant/ISIC_0069891_480x480.jpg,train,malignant,9592,82.0,2101,84.0,-1,-1
train_set/malignant/ISIC_0069908_480x480.jpg,train,malignant,5983,86.0,6349,86.0,-1,-1
train_set/malignant/ISIC_0069918_480x480.jpg,train,malignant,5067,80.0,2957,86.0,-1,-1
train_set/malignant/ISIC_0069920_480x480.jpg,train,malignant,6768,82.0,20992,82.0,-1,-1
train_set/malignant/ISIC_0069922_480x480.jpg,train,malignant,7333,88.0,5746,88.0,-1,-1
train_set/malignant/ISIC_0069929_480x480.jpg,train,malignant,5124,92.0,32617,92.0,-1,-1
train_set/malignant/ISIC_0069933_480x480.jpg,train,malignant,6708,92.0,1384,84.0,-1,-1
train_set/malignant/ISIC_0069938_480x480.jpg,train,malignant,6685,86.0,17039,86.0,-1,-1
train_set/malignant/ISIC_0069946_480x480.jpg,train,malignant,9631,86.0,19189,78.0,-1,-1
train_set/malignant/ISIC_0069951_480x480.jpg,train,malignant,4736,94.0,6129,86.0,-1,-1
train_set/malignant/ISIC_0069967_480x480.jpg,train,malignant,8396,86.0,766,90.0,-1,-1
train_set/malignant/ISIC_0069970_480x480.jpg,train,malignant,9215,88.0,3915,86.0,-1,-1
train_set/malignant/ISIC_0069984_480x480.jpg,train,malignant,2356,92.0,21814,92.0,-1,-1
train_set/malignant/ISIC_0069986_480x480.jpg,train,malignant,550,94.0,4219,90.0,-1,-1
train_set/malignant/ISIC_0069987_480x480.jpg,train,malignant,8250,90.0,25187,88.0,-1,-1
train_set/malignant/ISIC_0069988_480x480.jpg,train,malignant,871,92.0,9972,82.0,-1,-1
train_set/malignant/ISIC_0069995_480x480.jpg,train,malignant,480,84.0,4243,78.0,-1,-1
train_set/malignant/ISIC_0070006_480x480.jpg,train,malignant,6146,86.0,2008,92.0,-1,-1
train_set/malignant/ISIC_0070009_480x480.jpg,train,malignant,1787,84.0,17012,86.0,-1,-1
train_set/malignant/ISIC_0070012_480x480.jpg,train,malignant,162,78.0,1192,86.0,-1,-1
train_set/malignant/ISIC_0070017_480x480.jpg,train,malignant,9360,86.0,10190,84.0,-1,-1
train_set/malignant/ISIC_0070018_480x480.jpg,train,malignant,865,74.0,9412,80.0,-1,-1
train_set/malignant/ISIC_0070020_480x480.jpg,train,malignant,7311,94.0,1288,92.0,-1,-1
train_set/malignant/ISIC_0070032_480x480.jpg,train,malignant,7942,78.0,23861,92.0,-1,-1
train_set/malignant/ISIC_0070046_480x480.jpg,train,malignant,4981,88.0,5175,88.0,-1,-1
train_set/malignant/ISIC_0070050_480x480.jpg,train,malignant,7107,92.0,17440,90.0,-1,-1
train_set/malignant/ISIC_0070051_480x480.jpg,train,malignant,8266,88.0,31428,88.0,-1,-1
train_set/malignant/ISIC_0070061_480x480.jpg,train,malignant,2275,84.0,21177,82.0,-1,-1
train_set/malignant/ISIC_0070065_480x480.jpg,train,malignant,1217,88.0,26384,86.0,-1,-1
train_set/malignant/ISIC_0070068_480x480.jpg,train,malignant,1882,94.0,19735,90.0,-1,-1
train_set/malignant/ISIC_0070070_480x480.jpg,train,malignant,3264,92.0,6808,90.0,-1,-1
train_set/malignant/ISIC_0070074_480x480.jpg,train,malignant,800,90.0,24182,88.0,-1,-1
train_set/malignant/ISIC_0070092_480x480.jpg,train,malignant,1905,86.0,957,92.0,-1,-1
train_set/malignant/ISIC_0070105_480x480.jpg,train,malignant,6962,76.0,7924,74.0,-1,-1
train_set/malignant/ISIC_0070108_480x480.jpg,train,malignant,1170,86.0,19117,82.0,-1,-1
train_set/malignant/ISIC_0070110_480x480.jpg,train,malignant,1231,78.0,30608,76.0,-1,-1
train_set/malignant/ISIC_0070111_480x480.jpg,train,malignant,1807,90.0,3345,88.0,-1,-1
train_set/malignant/ISIC_0070118_480x480.jpg,train,malignant,349,88.0,18992,84.0,-1,-1
train_set/malignant/ISIC_0070120_480x480.jpg,train,malignant,2167,90.0,2007,90.0,-1,-1
train_set/malignant/ISIC_0070123_480x480.jpg,train,malignant,7156,86.0,21863,84.0,-1,-1
train_set/malignant/ISIC_0070129_480x480.jpg,train,malignant,203,82.0,22059,86.0,-1,-1
train_set/malignant/ISIC_0070137_480x480.jpg,train,malignant,5425,88.0,6559,94.0,-1,-1
train_set/malignant/ISIC_0070140_480x480.jpg,train,malignant,2749,92.0,29444,86.0,-1,-1
train_set/malignant/ISIC_0070149_480x480.jpg,train,malignant,6335,92.0,5995,88.0,-1,-1
train_set/malignant/ISIC_0070160_480x480.jpg,train,malignant,168,84.0,6281,84.0,-1,-1
train_set/malignant/ISIC_0070163_480x480.jpg,train,malignant,9721,92.0,11661,92.0,-1,-1
train_set/malignant/ISIC_0070166_480x480.jpg,train,malignant,980,74.0,12847,80.0,-1,-1
train_set/malignant/ISIC_0070170_480x480.jpg,train,malignant,153,86.0,24719,84.0,-1,-1
train_set/malignant/ISIC_0070198_480x480.jpg,train,malignant,9522,90.0,3324,88.0,-1,-1
train_set/malignant/ISIC_0070207_480x480.jpg,train,malignant,2375,90.0,15498,80.0,-1,-1
train_set/malignant/ISIC_0070215_480x480.jpg,train,malignant,9008,88.0,1203,86.0,-1,-1
train_set/malignant/ISIC_0070217_480x480.jpg,train,malignant,3010,90.0,15974,84.0,-1,-1
train_set/malignant/ISIC_0070220_480x480.jpg,train,malignant,121,82.0,20879,78.0,-1,-1
train_set/malignant/ISIC_0070227_480x480.jpg,train,malignant,198,88.0,14640,80.0,-1,-1
train_set/malignant/ISIC_0070235_480x480.jpg,train,malignant,5157,92.0,275,88.0,-1,-1
train_set/malignant/ISIC_0070246_480x480.jpg,train,malignant,214,90.0,558,90.0,-1,-1
train_set/malignant/ISIC_0070248_480x480.jpg,train,malignant,307,76.0,32142,76.0,-1,-1
train_set/malignant/ISIC_0070250_480x480.jpg,train,malignant,2127,76.0,20722,78.0,-1,-1
train_set/malignant/ISIC_0070253_480x480.jpg,train,malignant,770,90.0,2295,80.0,-1,-1
train_set/malignant/ISIC_0070275_480x480.jpg,train,malignant,6605,92.0,161,90.0,-1,-1
train_set/malignant/ISIC_0070283_480x480.jpg,train,malignant,2240,92.0,10191,82.0,-1,-1
train_set/malignant/ISIC_0070285_480x480.jpg,train,malignant,840,92.0,8681,94.0,-1,-1
train_set/malignant/ISIC_0070308_480x480.jpg,train,malignant,376,62.0,31998,56.0,-1,-1
train_set/malignant/ISIC_0070313_480x480.jpg,train,malignant,6997,80.0,19252,82.0,-1,-1
train_set/malignant/ISIC_0070316_480x480.jpg,train,malignant,9350,86.0,18992,84.0,-1,-1
train_set/malignant/ISIC_0070327_480x480.jpg,train,malignant,1347,82.0,14640,84.0,-1,-1
train_set/malignant/ISIC_0070333_480x480.jpg,train,malignant,155,88.0,26591,86.0,-1,-1
train_set/malignant/ISIC_0070342_480x480.jpg,train,malignant,1893,90.0,7991,90.0,-1,-1
train_set/malignant/ISIC_0070344_480x480.jpg,train,malignant,4705,94.0,19189,86.0,-1,-1
train_set/malignant/ISIC_0070347_480x480.jpg,train,malignant,6560,86.0,15222,80.0,-1,-1
train_set/malignant/ISIC_0070351_480x480.jpg,train,malignant,2518,80.0,4602,76.0,-1,-1
train_set/malignant/ISIC_0070352_480x480.jpg,train,malignant,820,74.0,5893,74.0,-1,-1
train_set/malignant/ISIC_0070363_480x480.jpg,train,malignant,2153,88.0,2747,88.0,-1,-1
train_set/malignant/ISIC_0070364_480x480.jpg,train,malignant,743,76.0,30608,84.0,-1,-1
train_set/malignant/ISIC_0070372_480x480.jpg,train,malignant,280,88.0,7091,86.0,-1,-1
train_set/malignant/ISIC_0070374_480x480.jpg,train,malignant,8631,88.0,14176,84.0,-1,-1
train_set/malignant/ISIC_0070380_480x480.jpg,train,malignant,318,90.0,22560,88.0,-1,-1
train_set/malignant/ISIC_0070387_480x480.jpg,train,malignant,6945,82.0,30525,82.0,-1,-1
train_set/malignant/ISIC_0070398_480x480.jpg,train,malignant,550,94.0,31779,90.0,-1,-1
train_set/malignant/ISIC_0070400_480x480.jpg,train,malignant,3791,90.0,5321,90.0,-1,-1
train_set/malignant/ISIC_0070403_480x480.jpg,train,malignant,203,86.0,25423,84.0,-1,-1
train_set/malignant/ISIC_0070410_480x480.jpg,train,malignant,4085,94.0,18208,92.0,-1,-1
train_set/malignant/ISIC_0070412_480x480.jpg,train,malignant,1610,82.0,32273,86.0,-1,-1
train_set/malignant/ISIC_0070417_480x480.jpg,train,malignant,1982,88.0,8330,88.0,-1,-1
train_set/malignant/ISIC_0070419_480x480.jpg,train,malignant,627,86.0,219,88.0,-1,-1
train_set/malignant/ISIC_0070422_480x480.jpg,train,malignant,2394,84.0,311,84.0,-1,-1
train_set/malignant/ISIC_0070427_480x480.jpg,train,malignant,3871,82.0,20911,92.0,-1,-1
train_set/malignant/ISIC_0070431_480x480.jpg,train,malignant,866,94.0,7945,88.0,-1,-1
train_set/malignant/ISIC_0070432_480x480.jpg,train,malignant,1412,90.0,17385,88.0,-1,-1
train_set/malignant/ISIC_0070435_480x480.jpg,train,malignant,6785,84.0,2643,84.0,-1,-1
train_set/malignant/ISIC_0070447_480x480.jpg,train,malignant,6650,84.0,2433,88.0,-1,-1
train_set/malignant/ISIC_0070463_480x480.jpg,train,malignant,20,84.0,29444,78.0,-1,-1
train_set/malignant/ISIC_0070465_480x480.jpg,train,malignant,6115,68.0,13243,56.0,-1,-1
train_set/malignant/ISIC_0070489_480x480.jpg,train,malignant,6392,90.0,2589,94.0,-1,-1
train_set/malignant/ISIC_0070501_480x480.jpg,train,malignant,7702,80.0,3542,70.0,-1,-1
train_set/malignant/ISIC_0070516_480x480.jpg,train,malignant,7055,84.0,1612,90.0,-1,-1
train_set/malignant/ISIC_0070521_480x480.jpg,train,malignant,6969,88.0,16701,92.0,-1,-1
train_set/malignant/ISIC_0070549_480x480.jpg,train,malignant,8443,88.0,15862,84.0,-1,-1
train_set/malignant/ISIC_0070551_480x480.jpg,train,malignant,9391,78.0,7004,78.0,-1,-1
train_set/malignant/ISIC_0070553_480x480.jpg,train,malignant,820,78.0,7717,82.0,-1,-1
train_set/malignant/ISIC_0070561_480x480.jpg,train,malignant,1005,92.0,4997,94.0,-1,-1
train_set/malignant/ISIC_0070566_480x480.jpg,train,malignant,5530,92.0,10669,88.0,-1,-1
train_set/malignant/ISIC_0070581_480x480.jpg,train,malignant,1353,92.0,4219,80.0,-1,-1
train_set/malignant/ISIC_0070585_480x480.jpg,train,malignant,7520,86.0,28582,78.0,-1,-1
train_set/malignant/ISIC_0070588_480x480.jpg,train,malignant,226,92.0,24936,92.0,-1,-1
train_set/malignant/ISIC_0070593_480x480.jpg,train,malignant,25,86.0,26395,82.0,-1,-1
train_set/malignant/ISIC_0070596_480x480.jpg,train,malignant,2398,92.0,580,92.0,-1,-1
train_set/malignant/ISIC_0070601_480x480.jpg,train,malignant,6602,90.0,2761,86.0,-1,-1
train_set/malignant/ISIC_0070611_480x480.jpg,train,malignant,6112,86.0,2126,88.0,-1,-1
train_set/malignant/ISIC_0070614_480x480.jpg,train,malignant,2090,94.0,16353,92.0,-1,-1
train_set/malignant/ISIC_0070623_480x480.jpg,train,malignant,806,80.0,31782,86.0,-1,-1
train_set/malignant/ISIC_0070629_480x480.jpg,train,malignant,963,94.0,19189,82.0,-1,-1
train_set/malignant/ISIC_0070657_480x480.jpg,train,malignant,1276,88.0,8897,86.0,-1,-1
train_set/malignant/ISIC_0070666_480x480.jpg,train,malignant,2104,82.0,8127,84.0,-1,-1
train_set/malignant/ISIC_0070689_480x480.jpg,train,malignant,1624,74.0,22401,82.0,-1,-1
train_set/malignant/ISIC_0070709_480x480.jpg,train,malignant,779,94.0,2762,82.0,-1,-1
train_set/malignant/ISIC_0070710_480x480.jpg,train,malignant,9329,88.0,8491,88.0,-1,-1
train_set/malignant/ISIC_0070711_480x480.jpg,train,malignant,1488,76.0,5879,74.0,-1,-1
train_set/malignant/ISIC_0070727_480x480.jpg,train,malignant,851,92.0,7542,92.0,-1,-1
train_set/malignant/ISIC_0070731_480x480.jpg,train,malignant,6824,82.0,19806,82.0,-1,-1
train_set/malignant/ISIC_0070738_480x480.jpg,train,malignant,20,90.0,29444,70.0,-1,-1
train_set/malignant/ISIC_0070743_480x480.jpg,train,malignant,5325,90.0,10191,70.0,-1,-1
train_set/malignant/ISIC_0070747_480x480.jpg,train,malignant,5661,92.0,6659,90.0,-1,-1
train_set/malignant/ISIC_0070752_480x480.jpg,train,malignant,7517,72.0,2025,78.0,-1,-1
train_set/malignant/ISIC_0070756_480x480.jpg,train,malignant,5938,94.0,17235,84.0,-1,-1
train_set/malignant/ISIC_0070778_480x480.jpg,train,malignant,255,92.0,27754,88.0,-1,-1
train_set/malignant/ISIC_0070784_480x480.jpg,train,malignant,8186,88.0,23142,88.0,-1,-1
train_set/malignant/ISIC_0070794_480x480.jpg,train,malignant,3153,88.0,20961,86.0,-1,-1
train_set/malignant/ISIC_0070805_480x480.jpg,train,malignant,1170,84.0,16160,78.0,-1,-1
train_set/malignant/ISIC_0070809_480x480.jpg,train,malignant,2597,82.0,22320,84.0,-1,-1
train_set/malignant/ISIC_0070814_480x480.jpg,train,malignant,7425,76.0,3153,86.0,-1,-1
train_set/malignant/ISIC_0070815_480x480.jpg,train,malignant,1338,86.0,5752,88.0,-1,-1
train_set/malignant/ISIC_0070816_480x480.jpg,train,malignant,1333,94.0,16558,88.0,-1,-1
train_set/malignant/ISIC_0070822_480x480.jpg,train,malignant,775,80.0,30608,84.0,-1,-1
train_set/malignant/ISIC_0070830_480x480.jpg,train,malignant,5442,88.0,15168,86.0,-1,-1
train_set/malignant/ISIC_0070846_480x480.jpg,train,malignant,321,92.0,19078,94.0,-1,-1
train_set/malignant/ISIC_0070852_480x480.jpg,train,malignant,1552,92.0,4219,82.0,-1,-1
train_set/malignant/ISIC_0070856_480x480.jpg,train,malignant,4260,90.0,9257,92.0,-1,-1
train_set/malignant/ISIC_0070888_480x480.jpg,train,malignant,878,80.0,27718,78.0,-1,-1
train_set/malignant/ISIC_0070892_480x480.jpg,train,malignant,1005,92.0,5838,92.0,-1,-1
train_set/malignant/ISIC_0070913_480x480.jpg,train,malignant,1945,92.0,586,90.0,-1,-1
train_set/malignant/ISIC_0070920_480x480.jpg,train,malignant,9759,92.0,1095,92.0,-1,-1
train_set/malignant/ISIC_0070927_480x480.jpg,train,malignant,1233,84.0,6641,86.0,-1,-1
train_set/malignant/ISIC_0070931_480x480.jpg,train,malignant,9201,76.0,2209,90.0,-1,-1
train_set/malignant/ISIC_0070933_480x480.jpg,train,malignant,984,96.0,19189,88.0,-1,-1
train_set/malignant/ISIC_0070938_480x480.jpg,train,malignant,7427,94.0,27863,92.0,-1,-1
train_set/malignant/ISIC_0070940_480x480.jpg,train,malignant,7194,92.0,5257,92.0,-1,-1
train_set/malignant/ISIC_0070956_480x480.jpg,train,malignant,9523,84.0,10210,90.0,-1,-1
train_set/malignant/ISIC_0070959_480x480.jpg,train,malignant,6768,80.0,17370,82.0,-1,-1
train_set/malignant/ISIC_0070961_480x480.jpg,train,malignant,3680,82.0,27031,82.0,-1,-1
train_set/malignant/ISIC_0070968_480x480.jpg,train,malignant,3413,90.0,22581,90.0,-1,-1
train_set/malignant/ISIC_0070973_480x480.jpg,train,malignant,7223,86.0,29444,78.0,-1,-1
train_set/malignant/ISIC_0070974_480x480.jpg,train,malignant,1217,88.0,10591,88.0,-1,-1
train_set/malignant/ISIC_0070976_480x480.jpg,train,malignant,9373,80.0,16024,80.0,-1,-1
train_set/malignant/ISIC_0070990_480x480.jpg,train,malignant,9801,84.0,29130,90.0,-1,-1
train_set/malignant/ISIC_0070991_480x480.jpg,train,malignant,2295,84.0,1779,90.0,-1,-1
train_set/malignant/ISIC_0070992_480x480.jpg,train,malignant,1893,82.0,16422,76.0,-1,-1
train_set/malignant/ISIC_0070998_480x480.jpg,train,malignant,8585,84.0,3008,88.0,-1,-1
train_set/malignant/ISIC_0071000_480x480.jpg,train,malignant,1170,86.0,25957,86.0,-1,-1
train_set/malignant/ISIC_0071012_480x480.jpg,train,malignant,7105,70.0,20735,80.0,-1,-1
train_set/malignant/ISIC_0071017_480x480.jpg,train,malignant,9307,78.0,14947,80.0,-1,-1
train_set/malignant/ISIC_0071035_480x480.jpg,train,malignant,5586,96.0,7364,96.0,-1,-1
train_set/malignant/ISIC_0071040_480x480.jpg,train,malignant,1471,92.0,9109,88.0,-1,-1
train_set/malignant/ISIC_0071043_480x480.jpg,train,malignant,525,88.0,2537,84.0,-1,-1
train_set/malignant/ISIC_0071045_480x480.jpg,train,malignant,1170,80.0,22742,78.0,-1,-1
train_set/malignant/ISIC_0071048_480x480.jpg,train,malignant,3280,88.0,4212,88.0,-1,-1
train_set/malignant/ISIC_0071050_480x480.jpg,train,malignant,312,90.0,25976,82.0,-1,-1
train_set/malignant/ISIC_0071060_480x480.jpg,train,malignant,3270,86.0,19481,88.0,-1,-1
train_set/malignant/ISIC_0071069_480x480.jpg,train,malignant,567,94.0,10607,90.0,-1,-1
train_set/malignant/ISIC_0071089_480x480.jpg,train,malignant,8882,90.0,20182,88.0,-1,-1
train_set/malignant/ISIC_0071095_480x480.jpg,train,malignant,6506,90.0,1803,94.0,-1,-1
train_set/malignant/ISIC_0071101_480x480.jpg,train,malignant,2131,96.0,7986,94.0,-1,-1
train_set/malignant/ISIC_0071111_480x480.jpg,train,malignant,2790,92.0,24557,88.0,-1,-1
train_set/malignant/ISIC_0071119_480x480.jpg,train,malignant,9327,90.0,664,86.0,-1,-1
train_set/malignant/ISIC_0071132_480x480.jpg,train,malignant,6195,82.0,13113,80.0,-1,-1
train_set/malignant/ISIC_0071133_480x480.jpg,train,malignant,1862,84.0,3752,84.0,-1,-1
train_set/malignant/ISIC_0071134_480x480.jpg,train,malignant,8376,80.0,19481,88.0,-1,-1
train_set/malignant/ISIC_0071138_480x480.jpg,train,malignant,6768,80.0,20879,80.0,-1,-1
train_set/malignant/ISIC_0071169_480x480.jpg,train,malignant,90,90.0,17062,80.0,-1,-1
train_set/malignant/ISIC_0071176_480x480.jpg,train,malignant,5,88.0,29444,70.0,-1,-1
train_set/malignant/ISIC_0071179_480x480.jpg,train,malignant,6738,84.0,10144,74.0,-1,-1
train_set/malignant/ISIC_0071180_480x480.jpg,train,malignant,9007,84.0,8547,90.0,-1,-1
train_set/malignant/ISIC_0071192_480x480.jpg,train,malignant,5944,82.0,12139,82.0,-1,-1
train_set/malignant/ISIC_0071193_480x480.jpg,train,malignant,1868,88.0,12289,86.0,-1,-1
train_set/malignant/ISIC_0071196_480x480.jpg,train,malignant,4142,90.0,8000,92.0,-1,-1
train_set/malignant/ISIC_0071197_480x480.jpg,train,malignant,1005,96.0,7713,92.0,-1,-1
train_set/malignant/ISIC_0071208_480x480.jpg,train,malignant,3264,92.0,7519,90.0,-1,-1
train_set/malignant/ISIC_0071218_480x480.jpg,train,malignant,7427,88.0,2750,90.0,-1,-1
train_set/malignant/ISIC_0071239_480x480.jpg,train,malignant,9390,78.0,7717,84.0,-1,-1
train_set/malignant/ISIC_0071245_480x480.jpg,train,malignant,3096,88.0,5121,90.0,-1,-1
train_set/malignant/ISIC_0071257_480x480.jpg,train,malignant,8934,84.0,6841,88.0,-1,-1
train_set/malignant/ISIC_0071258_480x480.jpg,train,malignant,5193,88.0,5192,84.0,-1,-1
train_set/malignant/ISIC_0071289_480x480.jpg,train,malignant,1491,92.0,15100,88.0,-1,-1
train_set/malignant/ISIC_0071303_480x480.jpg,train,malignant,7289,74.0,20548,78.0,-1,-1
train_set/malignant/ISIC_0071314_480x480.jpg,train,malignant,51,88.0,10191,78.0,-1,-1
train_set/malignant/ISIC_0071315_480x480.jpg,train,malignant,980,92.0,5749,86.0,-1,-1
train_set/malignant/ISIC_0071316_480x480.jpg,train,malignant,1203,94.0,5398,92.0,-1,-1
train_set/malignant/ISIC_0071321_480x480.jpg,train,malignant,7760,80.0,28084,84.0,-1,-1
train_set/malignant/ISIC_0071324_480x480.jpg,train,malignant,9210,88.0,18699,90.0,-1,-1
train_set/malignant/ISIC_0071335_480x480.jpg,train,malignant,7674,76.0,8108,82.0,-1,-1
train_set/malignant/ISIC_0071342_480x480.jpg,train,malignant,9522,80.0,20704,84.0,-1,-1
train_set/malignant/ISIC_0071346_480x480.jpg,train,malignant,1780,92.0,14042,88.0,-1,-1
train_set/malignant/ISIC_0071367_480x480.jpg,train,malignant,113,92.0,5159,88.0,-1,-1
train_set/malignant/ISIC_0071388_480x480.jpg,train,malignant,842,82.0,22741,84.0,-1,-1
train_set/malignant/ISIC_0071392_480x480.jpg,train,malignant,412,88.0,3051,88.0,-1,-1
train_set/malignant/ISIC_0071401_480x480.jpg,train,malignant,4273,92.0,153,94.0,-1,-1
train_set/malignant/ISIC_0071408_480x480.jpg,train,malignant,1895,90.0,5448,86.0,-1,-1
train_set/malignant/ISIC_0071415_480x480.jpg,train,malignant,1769,82.0,9866,86.0,-1,-1
train_set/malignant/ISIC_0071430_480x480.jpg,train,malignant,2461,88.0,21602,88.0,-1,-1
train_set/malignant/ISIC_0071431_480x480.jpg,train,malignant,4955,94.0,5749,88.0,-1,-1
train_set/malignant/ISIC_0071434_480x480.jpg,train,malignant,1545,82.0,10324,80.0,-1,-1
train_set/malignant/ISIC_0071455_480x480.jpg,train,malignant,6768,88.0,5879,86.0,-1,-1
train_set/malignant/ISIC_0071458_480x480.jpg,train,malignant,453,88.0,26257,84.0,-1,-1
train_set/malignant/ISIC_0071470_480x480.jpg,train,malignant,9631,90.0,19189,90.0,-1,-1
train_set/malignant/ISIC_0071471_480x480.jpg,train,malignant,9329,88.0,22945,82.0,-1,-1
train_set/malignant/ISIC_0071492_480x480.jpg,train,malignant,4357,92.0,12762,88.0,-1,-1
train_set/malignant/ISIC_0071528_480x480.jpg,train,malignant,3858,92.0,21227,90.0,-1,-1
train_set/malignant/ISIC_0071532_480x480.jpg,train,malignant,5318,80.0,8908,82.0,-1,-1
train_set/malignant/ISIC_0071536_480x480.jpg,train,malignant,5813,90.0,6217,88.0,-1,-1
train_set/malignant/ISIC_0071537_480x480.jpg,train,malignant,6946,94.0,9298,92.0,-1,-1
train_set/malignant/ISIC_0071538_480x480.jpg,train,malignant,7134,90.0,3233,88.0,-1,-1
train_set/malignant/ISIC_0071541_480x480.jpg,train,malignant,383,88.0,11265,88.0,-1,-1
train_set/malignant/ISIC_0071550_480x480.jpg,train,malignant,2397,76.0,24424,72.0,-1,-1
train_set/malignant/ISIC_0071558_480x480.jpg,train,malignant,1214,86.0,474,84.0,-1,-1
train_set/malignant/ISIC_0071559_480x480.jpg,train,malignant,9827,82.0,2188,82.0,-1,-1
train_set/malignant/ISIC_0071568_480x480.jpg,train,malignant,911,88.0,22522,82.0,-1,-1
train_set/malignant/ISIC_0071576_480x480.jpg,train,malignant,6234,94.0,3579,94.0,-1,-1
train_set/malignant/ISIC_0071580_480x480.jpg,train,malignant,69,96.0,28690,92.0,-1,-1
train_set/malignant/ISIC_0071583_480x480.jpg,train,malignant,1552,86.0,10191,80.0,-1,-1
train_set/malignant/ISIC_0071586_480x480.jpg,train,malignant,5,90.0,29444,76.0,-1,-1
train_set/malignant/ISIC_0071594_480x480.jpg,train,malignant,1291,80.0,29950,80.0,-1,-1
train_set/malignant/ISIC_0071600_480x480.jpg,train,malignant,58,84.0,26972,78.0,-1,-1
train_set/malignant/ISIC_0071612_480x480.jpg,train,malignant,2815,90.0,26402,86.0,-1,-1
train_set/malignant/ISIC_0071632_480x480.jpg,train,malignant,1671,90.0,29444,82.0,-1,-1
train_set/malignant/ISIC_0071642_480x480.jpg,train,malignant,3397,90.0,19518,90.0,-1,-1
train_set/malignant/ISIC_0071648_480x480.jpg,train,malignant,7152,90.0,8973,88.0,-1,-1
train_set/malignant/ISIC_0071651_480x480.jpg,train,malignant,7873,84.0,14346,90.0,-1,-1
train_set/malignant/ISIC_0071666_480x480.jpg,train,malignant,871,90.0,29444,72.0,-1,-1
train_set/malignant/ISIC_0071668_480x480.jpg,train,malignant,2471,66.0,30608,78.0,-1,-1
train_set/malignant/ISIC_0071673_480x480.jpg,train,malignant,4675,92.0,9308,92.0,-1,-1
train_set/malignant/ISIC_0071678_480x480.jpg,train,malignant,2946,90.0,5317,94.0,-1,-1
train_set/malignant/ISIC_0071681_480x480.jpg,train,malignant,461,86.0,9643,86.0,-1,-1
train_set/malignant/ISIC_0071693_480x480.jpg,train,malignant,214,86.0,28944,86.0,-1,-1
train_set/malignant/ISIC_0071699_480x480.jpg,train,malignant,8667,86.0,13655,86.0,-1,-1
train_set/malignant/ISIC_0071700_480x480.jpg,train,malignant,1807,94.0,19189,86.0,-1,-1
train_set/malignant/ISIC_0071706_480x480.jpg,train,malignant,81,90.0,8291,90.0,-1,-1
train_set/malignant/ISIC_0071707_480x480.jpg,train,malignant,1686,90.0,5186,86.0,-1,-1
train_set/malignant/ISIC_0071710_480x480.jpg,train,malignant,3230,88.0,20630,84.0,-1,-1
train_set/malignant/ISIC_0071712_480x480.jpg,train,malignant,3537,94.0,7499,82.0,-1,-1
train_set/malignant/ISIC_0071713_480x480.jpg,train,malignant,7638,78.0,11147,80.0,-1,-1
train_set/malignant/ISIC_0071720_480x480.jpg,train,malignant,9935,92.0,4960,92.0,-1,-1
train_set/malignant/ISIC_0071722_480x480.jpg,train,malignant,1109,88.0,3983,88.0,-1,-1
train_set/malignant/ISIC_0071725_480x480.jpg,train,malignant,186,86.0,32597,90.0,-1,-1
train_set/malignant/ISIC_0071726_480x480.jpg,train,malignant,2601,92.0,3897,88.0,-1,-1
train_set/malignant/ISIC_0071740_480x480.jpg,train,malignant,7992,94.0,1544,96.0,-1,-1
train_set/malignant/ISIC_0071746_480x480.jpg,train,malignant,173,66.0,14640,82.0,-1,-1
train_set/malignant/ISIC_0071765_480x480.jpg,train,malignant,24,80.0,3435,82.0,-1,-1
train_set/malignant/ISIC_0071767_480x480.jpg,train,malignant,9944,92.0,810,92.0,-1,-1
train_set/malignant/ISIC_0071768_480x480.jpg,train,malignant,1343,88.0,23836,88.0,-1,-1
train_set/malignant/ISIC_0071771_480x480.jpg,train,malignant,442,84.0,8108,84.0,-1,-1
train_set/malignant/ISIC_0071776_480x480.jpg,train,malignant,3484,88.0,5686,94.0,-1,-1
train_set/malignant/ISIC_0071778_480x480.jpg,train,malignant,7536,76.0,17234,88.0,-1,-1
train_set/malignant/ISIC_0071782_480x480.jpg,train,malignant,9447,82.0,30997,72.0,-1,-1
train_set/malignant/ISIC_0071783_480x480.jpg,train,malignant,7120,84.0,29557,90.0,-1,-1
train_set/malignant/ISIC_0071788_480x480.jpg,train,malignant,7410,74.0,32142,78.0,-1,-1
train_set/malignant/ISIC_0071797_480x480.jpg,train,malignant,322,90.0,29370,84.0,-1,-1
train_set/malignant/ISIC_0071800_480x480.jpg,train,malignant,77,86.0,28597,86.0,-1,-1
train_set/malignant/ISIC_0071806_480x480.jpg,train,malignant,6068,88.0,24903,86.0,-1,-1
train_set/malignant/ISIC_0071808_480x480.jpg,train,malignant,6487,88.0,7599,76.0,-1,-1
train_set/malignant/ISIC_0071815_480x480.jpg,train,malignant,6768,80.0,16222,86.0,-1,-1
train_set/malignant/ISIC_0071826_480x480.jpg,train,malignant,2153,84.0,25809,86.0,-1,-1
train_set/malignant/ISIC_0071827_480x480.jpg,train,malignant,5745,92.0,14654,90.0,-1,-1
train_set/malignant/ISIC_0071834_480x480.jpg,train,malignant,7641,88.0,15731,88.0,-1,-1
train_set/malignant/ISIC_0071857_480x480.jpg,train,malignant,4749,84.0,9156,78.0,-1,-1
train_set/malignant/ISIC_0071865_480x480.jpg,train,malignant,7739,84.0,31149,84.0,-1,-1
train_set/malignant/ISIC_0071869_480x480.jpg,train,malignant,7024,92.0,9194,94.0,-1,-1
train_set/malignant/ISIC_0071875_480x480.jpg,train,malignant,580,88.0,6842,88.0,-1,-1
train_set/malignant/ISIC_0071891_480x480.jpg,train,malignant,3218,92.0,21295,86.0,-1,-1
train_set/malignant/ISIC_0071892_480x480.jpg,train,malignant,6651,86.0,16749,86.0,-1,-1
train_set/malignant/ISIC_0071901_480x480.jpg,train,malignant,537,96.0,2351,94.0,-1,-1
train_set/malignant/ISIC_0071904_480x480.jpg,train,malignant,810,90.0,25795,84.0,-1,-1
train_set/malignant/ISIC_0071906_480x480.jpg,train,malignant,7449,84.0,7206,86.0,-1,-1
train_set/malignant/ISIC_0071910_480x480.jpg,train,malignant,4072,94.0,24379,94.0,-1,-1
train_set/malignant/ISIC_0071913_480x480.jpg,train,malignant,7109,84.0,7628,84.0,-1,-1
train_set/malignant/ISIC_0071916_480x480.jpg,train,malignant,5252,86.0,21930,88.0,-1,-1
train_set/malignant/ISIC_0071931_480x480.jpg,train,malignant,756,76.0,15806,82.0,-1,-1
train_set/malignant/ISIC_0071944_480x480.jpg,train,malignant,4562,94.0,389,96.0,-1,-1
train_set/malignant/ISIC_0071950_480x480.jpg,train,malignant,7194,90.0,9402,94.0,-1,-1
train_set/malignant/ISIC_0071951_480x480.jpg,train,malignant,1424,94.0,2113,92.0,-1,-1
train_set/malignant/ISIC_0071957_480x480.jpg,train,malignant,3073,90.0,19189,76.0,-1,-1
train_set/malignant/ISIC_0071959_480x480.jpg,train,malignant,2136,92.0,2537,82.0,-1,-1
train_set/malignant/ISIC_0071972_480x480.jpg,train,malignant,7586,64.0,24323,70.0,-1,-1
train_set/malignant/ISIC_0071988_480x480.jpg,train,malignant,2199,80.0,2184,86.0,-1,-1
train_set/malignant/ISIC_0071992_480x480.jpg,train,malignant,2162,70.0,27953,70.0,-1,-1
train_set/malignant/ISIC_0071996_480x480.jpg,train,malignant,8140,92.0,19189,78.0,-1,-1
train_set/malignant/ISIC_0071997_480x480.jpg,train,malignant,4329,88.0,10353,90.0,-1,-1
train_set/malignant/ISIC_0072001_480x480.jpg,train,malignant,7618,78.0,8986,80.0,-1,-1
train_set/malignant/ISIC_0072002_480x480.jpg,train,malignant,3380,90.0,19261,86.0,-1,-1
train_set/malignant/ISIC_0072004_480x480.jpg,train,malignant,1347,72.0,14640,78.0,-1,-1
train_set/malignant/ISIC_0072010_480x480.jpg,train,malignant,9631,90.0,4219,90.0,-1,-1
train_set/malignant/ISIC_0072021_480x480.jpg,train,malignant,2237,82.0,8313,84.0,-1,-1
train_set/malignant/ISIC_0072025_480x480.jpg,train,malignant,1970,92.0,5516,80.0,-1,-1
train_set/malignant/ISIC_0072030_480x480.jpg,train,malignant,2984,90.0,19448,90.0,-1,-1
train_set/malignant/ISIC_0072041_480x480.jpg,train,malignant,7811,88.0,4319,88.0,-1,-1
train_set/malignant/ISIC_0072051_480x480.jpg,train,malignant,5803,94.0,25408,92.0,-1,-1
train_set/malignant/ISIC_0072061_480x480.jpg,train,malignant,9492,92.0,31345,94.0,-1,-1
train_set/malignant/ISIC_0072063_480x480.jpg,train,malignant,3666,88.0,3582,90.0,-1,-1
train_set/malignant/ISIC_0072077_480x480.jpg,train,malignant,9197,88.0,29444,70.0,-1,-1
train_set/malignant/ISIC_0072078_480x480.jpg,train,malignant,3647,86.0,3936,86.0,-1,-1
train_set/malignant/ISIC_0072087_480x480.jpg,train,malignant,6747,84.0,2698,84.0,-1,-1
train_set/malignant/ISIC_0072093_480x480.jpg,train,malignant,1289,94.0,20656,86.0,-1,-1
train_set/malignant/ISIC_0072099_480x480.jpg,train,malignant,1866,88.0,15902,80.0,-1,-1
train_set/malignant/ISIC_0072101_480x480.jpg,train,malignant,2471,56.0,30914,72.0,-1,-1
train_set/malignant/ISIC_0072103_480x480.jpg,train,malignant,7597,88.0,5670,90.0,-1,-1
train_set/malignant/ISIC_0072109_480x480.jpg,train,malignant,865,74.0,27070,74.0,-1,-1
train_set/malignant/ISIC_0072111_480x480.jpg,train,malignant,580,88.0,10995,90.0,-1,-1
train_set/malignant/ISIC_0072121_480x480.jpg,train,malignant,1226,86.0,28432,84.0,-1,-1
train_set/malignant/ISIC_0072136_480x480.jpg,train,malignant,7120,80.0,3012,84.0,-1,-1
train_set/malignant/ISIC_0072143_480x480.jpg,train,malignant,545,82.0,2006,84.0,-1,-1
train_set/malignant/ISIC_0072151_480x480.jpg,train,malignant,9256,84.0,11212,86.0,-1,-1
train_set/malignant/ISIC_0072157_480x480.jpg,train,malignant,9134,82.0,28849,78.0,-1,-1
train_set/malignant/ISIC_0072171_480x480.jpg,train,malignant,859,82.0,24815,80.0,-1,-1
train_set/malignant/ISIC_0072173_480x480.jpg,train,malignant,4577,86.0,6390,82.0,-1,-1
train_set/malignant/ISIC_0072174_480x480.jpg,train,malignant,6981,86.0,25922,80.0,-1,-1
train_set/malignant/ISIC_0072175_480x480.jpg,train,malignant,1724,88.0,12939,88.0,-1,-1
train_set/malignant/ISIC_0072182_480x480.jpg,train,malignant,4559,90.0,16530,86.0,-1,-1
train_set/malignant/ISIC_0072194_480x480.jpg,train,malignant,884,80.0,15958,86.0,-1,-1
train_set/malignant/ISIC_0072195_480x480.jpg,train,malignant,173,78.0,11147,80.0,-1,-1
train_set/malignant/ISIC_0072204_480x480.jpg,train,malignant,160,84.0,6000,88.0,-1,-1
train_set/malignant/ISIC_0072215_480x480.jpg,train,malignant,5922,94.0,4267,92.0,-1,-1
train_set/malignant/ISIC_0072218_480x480.jpg,train,malignant,20,88.0,28081,88.0,-1,-1
train_set/malignant/ISIC_0072223_480x480.jpg,train,malignant,5334,92.0,18311,92.0,-1,-1
train_set/malignant/ISIC_0072230_480x480.jpg,train,malignant,7132,82.0,21590,82.0,-1,-1
train_set/malignant/ISIC_0072241_480x480.jpg,train,malignant,8231,82.0,6501,90.0,-1,-1
train_set/malignant/ISIC_0072252_480x480.jpg,train,malignant,7881,76.0,7891,76.0,-1,-1
train_set/malignant/ISIC_0072271_480x480.jpg,train,malignant,307,66.0,30914,76.0,-1,-1
train_set/malignant/ISIC_0072280_480x480.jpg,train,malignant,7499,64.0,5483,66.0,-1,-1
train_set/malignant/ISIC_0072286_480x480.jpg,train,malignant,1913,90.0,10574,88.0,-1,-1
train_set/malignant/ISIC_0072287_480x480.jpg,train,malignant,1361,88.0,9209,90.0,-1,-1
train_set/malignant/ISIC_0072292_480x480.jpg,train,malignant,8206,90.0,9614,92.0,-1,-1
train_set/malignant/ISIC_0072294_480x480.jpg,train,malignant,842,66.0,15958,78.0,-1,-1
train_set/malignant/ISIC_0072299_480x480.jpg,train,malignant,7586,88.0,29444,72.0,-1,-1
train_set/malignant/ISIC_0072301_480x480.jpg,train,malignant,3837,92.0,25235,90.0,-1,-1
train_set/malignant/ISIC_0072330_480x480.jpg,train,malignant,3849,86.0,2699,90.0,-1,-1
train_set/malignant/ISIC_0072337_480x480.jpg,train,malignant,744,76.0,277,80.0,-1,-1
train_set/malignant/ISIC_0072348_480x480.jpg,train,malignant,2595,90.0,5248,86.0,-1,-1
train_set/malignant/ISIC_0072353_480x480.jpg,train,malignant,144,98.0,18910,92.0,-1,-1
train_set/malignant/ISIC_0072358_480x480.jpg,train,malignant,6252,88.0,30026,84.0,-1,-1
train_set/malignant/ISIC_0072360_480x480.jpg,train,malignant,3816,94.0,3682,92.0,-1,-1
train_set/malignant/ISIC_0072363_480x480.jpg,train,malignant,2471,82.0,816,88.0,-1,-1
train_set/malignant/ISIC_0072371_480x480.jpg,train,malignant,162,68.0,13489,80.0,-1,-1
train_set/malignant/ISIC_0072373_480x480.jpg,train,malignant,3164,92.0,22818,92.0,-1,-1
train_set/malignant/ISIC_0072374_480x480.jpg,train,malignant,6550,74.0,14334,78.0,-1,-1
train_set/malignant/ISIC_0072375_480x480.jpg,train,malignant,7989,82.0,14944,76.0,-1,-1
train_set/malignant/ISIC_0072377_480x480.jpg,train,malignant,7114,66.0,6392,82.0,-1,-1
train_set/malignant/ISIC_0072380_480x480.jpg,train,malignant,4645,86.0,15273,90.0,-1,-1
train_set/malignant/ISIC_0072382_480x480.jpg,train,malignant,1237,90.0,29444,82.0,-1,-1
train_set/malignant/ISIC_0072383_480x480.jpg,train,malignant,3843,80.0,16680,88.0,-1,-1
train_set/malignant/ISIC_0072393_480x480.jpg,train,malignant,2092,92.0,4562,88.0,-1,-1
train_set/malignant/ISIC_0072405_480x480.jpg,train,malignant,6082,90.0,31635,82.0,-1,-1
train_set/malignant/ISIC_0072418_480x480.jpg,train,malignant,988,92.0,9648,92.0,-1,-1
train_set/malignant/ISIC_0072422_480x480.jpg,train,malignant,609,94.0,19154,90.0,-1,-1
train_set/malignant/ISIC_0072424_480x480.jpg,train,malignant,4711,92.0,21644,88.0,-1,-1
train_set/malignant/ISIC_0072429_480x480.jpg,train,malignant,5654,90.0,34,88.0,-1,-1
train_set/malignant/ISIC_0072439_480x480.jpg,train,malignant,7117,90.0,17044,92.0,-1,-1
train_set/malignant/ISIC_0072440_480x480.jpg,train,malignant,9414,82.0,27058,74.0,-1,-1
train_set/malignant/ISIC_0072441_480x480.jpg,train,malignant,2044,78.0,16887,82.0,-1,-1
train_set/malignant/ISIC_0072454_480x480.jpg,train,malignant,1011,94.0,17924,86.0,-1,-1
train_set/malignant/ISIC_0072459_480x480.jpg,train,malignant,3007,86.0,25425,84.0,-1,-1
train_set/malignant/ISIC_0072473_480x480.jpg,train,malignant,5387,88.0,4069,86.0,-1,-1
train_set/malignant/ISIC_0072495_480x480.jpg,train,malignant,2417,86.0,22344,84.0,-1,-1
train_set/malignant/ISIC_0072496_480x480.jpg,train,malignant,7128,80.0,2788,88.0,-1,-1
train_set/malignant/ISIC_0072507_480x480.jpg,train,malignant,9992,76.0,1339,76.0,-1,-1
train_set/malignant/ISIC_0072508_480x480.jpg,train,malignant,66,90.0,8250,82.0,-1,-1
train_set/malignant/ISIC_0072516_480x480.jpg,train,malignant,7595,70.0,7741,82.0,-1,-1
train_set/malignant/ISIC_0072522_480x480.jpg,train,malignant,6445,78.0,3542,72.0,-1,-1
train_set/malignant/ISIC_0072523_480x480.jpg,train,malignant,1943,94.0,4094,94.0,-1,-1
train_set/malignant/ISIC_0072531_480x480.jpg,train,malignant,58,82.0,26841,84.0,-1,-1
train_set/malignant/ISIC_0072534_480x480.jpg,train,malignant,4015,88.0,1746,90.0,-1,-1
train_set/malignant/ISIC_0072535_480x480.jpg,train,malignant,1892,82.0,20512,82.0,-1,-1
train_set/malignant/ISIC_0072542_480x480.jpg,train,malignant,7246,94.0,1549,88.0,-1,-1
train_set/malignant/ISIC_0072557_480x480.jpg,train,malignant,6756,82.0,11105,88.0,-1,-1
train_set/malignant/ISIC_0072559_480x480.jpg,train,malignant,5972,86.0,4667,84.0,-1,-1
train_set/malignant/ISIC_0072564_480x480.jpg,train,malignant,7114,86.0,3948,88.0,-1,-1
train_set/malignant/ISIC_0072568_480x480.jpg,train,malignant,6258,84.0,8706,88.0,-1,-1
train_set/malignant/ISIC_0072569_480x480.jpg,train,malignant,3213,90.0,20656,90.0,-1,-1
train_set/malignant/ISIC_0072574_480x480.jpg,train,malignant,8656,92.0,18992,84.0,-1,-1
train_set/malignant/ISIC_0072582_480x480.jpg,train,malignant,4800,84.0,15682,84.0,-1,-1
train_set/malignant/ISIC_0072585_480x480.jpg,train,malignant,8145,92.0,19189,76.0,-1,-1
train_set/malignant/ISIC_0072586_480x480.jpg,train,malignant,2969,92.0,5842,88.0,-1,-1
train_set/malignant/ISIC_0072594_480x480.jpg,train,malignant,1343,88.0,19597,84.0,-1,-1
train_set/malignant/ISIC_0072595_480x480.jpg,train,malignant,4983,88.0,1008,88.0,-1,-1
train_set/malignant/ISIC_0072601_480x480.jpg,train,malignant,9213,92.0,10191,86.0,-1,-1
train_set/malignant/ISIC_0072612_480x480.jpg,train,malignant,2369,84.0,19284,84.0,-1,-1
train_set/malignant/ISIC_0072624_480x480.jpg,train,malignant,2422,92.0,19383,90.0,-1,-1
train_set/malignant/ISIC_0072626_480x480.jpg,train,malignant,4775,86.0,28254,84.0,-1,-1
train_set/malignant/ISIC_0072631_480x480.jpg,train,malignant,984,80.0,27062,80.0,-1,-1
train_set/malignant/ISIC_0072641_480x480.jpg,train,malignant,5614,94.0,9268,92.0,-1,-1
train_set/malignant/ISIC_0072642_480x480.jpg,train,malignant,1673,84.0,26764,88.0,-1,-1
train_set/malignant/ISIC_0072653_480x480.jpg,train,malignant,3528,96.0,1582,96.0,-1,-1
train_set/malignant/ISIC_0072654_480x480.jpg,train,malignant,20,88.0,5675,90.0,-1,-1
train_set/malignant/ISIC_0072691_480x480.jpg,train,malignant,8038,94.0,18492,90.0,-1,-1
train_set/malignant/ISIC_0072694_480x480.jpg,train,malignant,8151,82.0,818,88.0,-1,-1
train_set/malignant/ISIC_0072713_480x480.jpg,train,malignant,7328,90.0,30466,86.0,-1,-1
train_set/malignant/ISIC_0072714_480x480.jpg,train,malignant,7315,88.0,23946,88.0,-1,-1
train_set/malignant/ISIC_0072730_480x480.jpg,train,malignant,3305,86.0,17254,88.0,-1,-1
train_set/malignant/ISIC_0072733_480x480.jpg,train,malignant,2471,82.0,11147,76.0,-1,-1
train_set/malignant/ISIC_0072738_480x480.jpg,train,malignant,3380,88.0,21291,92.0,-1,-1
train_set/malignant/ISIC_0072747_480x480.jpg,train,malignant,1170,72.0,55,70.0,-1,-1
train_set/malignant/ISIC_0072748_480x480.jpg,train,malignant,981,90.0,30707,86.0,-1,-1
train_set/malignant/ISIC_0072755_480x480.jpg,train,malignant,938,84.0,12520,84.0,-1,-1
train_set/malignant/ISIC_0072768_480x480.jpg,train,malignant,5163,88.0,792,84.0,-1,-1
train_set/malignant/ISIC_0072773_480x480.jpg,train,malignant,7556,60.0,21528,38.0,-1,-1
train_set/malignant/ISIC_0072785_480x480.jpg,train,malignant,5420,90.0,540,88.0,-1,-1
train_set/malignant/ISIC_0072786_480x480.jpg,train,malignant,3025,92.0,2211,92.0,-1,-1
train_set/malignant/ISIC_0072799_480x480.jpg,train,malignant,2394,86.0,19816,84.0,-1,-1
train_set/malignant/ISIC_0072820_480x480.jpg,train,malignant,121,90.0,1848,90.0,-1,-1
train_set/malignant/ISIC_0072824_480x480.jpg,train,malignant,9552,86.0,8213,88.0,-1,-1
train_set/malignant/ISIC_0072825_480x480.jpg,train,malignant,878,90.0,3997,84.0,-1,-1
train_set/malignant/ISIC_0072826_480x480.jpg,train,malignant,20,86.0,29444,80.0,-1,-1
train_set/malignant/ISIC_0072827_480x480.jpg,train,malignant,1170,88.0,4936,80.0,-1,-1
train_set/malignant/ISIC_0072828_480x480.jpg,train,malignant,5269,92.0,16437,92.0,-1,-1
train_set/malignant/ISIC_0072843_480x480.jpg,train,malignant,6871,72.0,18613,64.0,-1,-1
train_set/malignant/ISIC_0072844_480x480.jpg,train,malignant,7542,90.0,10786,88.0,-1,-1
train_set/malignant/ISIC_0072865_480x480.jpg,train,malignant,8663,84.0,1117,88.0,-1,-1
train_set/malignant/ISIC_0072868_480x480.jpg,train,malignant,90,90.0,3417,84.0,-1,-1
train_set/malignant/ISIC_0072872_480x480.jpg,train,malignant,2847,92.0,4578,88.0,-1,-1
train_set/malignant/ISIC_0072876_480x480.jpg,train,malignant,9464,88.0,18992,88.0,-1,-1
train_set/malignant/ISIC_0072887_480x480.jpg,train,malignant,8840,86.0,16722,82.0,-1,-1
train_set/malignant/ISIC_0072889_480x480.jpg,train,malignant,770,88.0,2657,84.0,-1,-1
train_set/malignant/ISIC_0072896_480x480.jpg,train,malignant,9675,82.0,22692,78.0,-1,-1
train_set/malignant/ISIC_0072909_480x480.jpg,train,malignant,7099,94.0,9390,90.0,-1,-1
train_set/malignant/ISIC_0072917_480x480.jpg,train,malignant,8110,84.0,16947,80.0,-1,-1
train_set/malignant/ISIC_0072923_480x480.jpg,train,malignant,9701,90.0,8108,90.0,-1,-1
train_set/malignant/ISIC_0072924_480x480.jpg,train,malignant,7750,84.0,18988,88.0,-1,-1
train_set/malignant/ISIC_0072939_480x480.jpg,train,malignant,1822,88.0,2812,92.0,-1,-1
train_set/malignant/ISIC_0072953_480x480.jpg,train,malignant,921,92.0,10191,88.0,-1,-1
train_set/malignant/ISIC_0072966_480x480.jpg,train,malignant,6128,88.0,29984,84.0,-1,-1
train_set/malignant/ISIC_0072976_480x480.jpg,train,malignant,8952,90.0,4521,94.0,-1,-1
train_set/malignant/ISIC_0072977_480x480.jpg,train,malignant,8663,88.0,28606,84.0,-1,-1
train_set/malignant/ISIC_0072983_480x480.jpg,train,malignant,7515,78.0,10001,80.0,-1,-1
train_set/malignant/ISIC_0072985_480x480.jpg,train,malignant,1241,68.0,14767,72.0,-1,-1
train_set/malignant/ISIC_0072989_480x480.jpg,train,malignant,90,92.0,6727,90.0,-1,-1
train_set/malignant/ISIC_0072990_480x480.jpg,train,malignant,794,80.0,32142,80.0,-1,-1
train_set/malignant/ISIC_0072991_480x480.jpg,train,malignant,9599,88.0,12453,86.0,-1,-1
train_set/malignant/ISIC_0073016_480x480.jpg,train,malignant,1960,86.0,9937,86.0,-1,-1
train_set/malignant/ISIC_0073018_480x480.jpg,train,malignant,3922,88.0,485,96.0,-1,-1
train_set/malignant/ISIC_0073032_480x480.jpg,train,malignant,6568,88.0,7475,90.0,-1,-1
train_set/malignant/ISIC_0073038_480x480.jpg,train,malignant,8230,82.0,23672,80.0,-1,-1
train_set/malignant/ISIC_0073044_480x480.jpg,train,malignant,1761,86.0,6000,86.0,-1,-1
train_set/malignant/ISIC_0073054_480x480.jpg,train,malignant,1002,94.0,20917,92.0,-1,-1
train_set/malignant/ISIC_0073065_480x480.jpg,train,malignant,8641,84.0,29444,80.0,-1,-1
train_set/malignant/ISIC_0073075_480x480.jpg,train,malignant,7444,74.0,22738,70.0,-1,-1
train_set/malignant/ISIC_0073097_480x480.jpg,train,malignant,1467,94.0,30854,92.0,-1,-1
train_set/malignant/ISIC_0073102_480x480.jpg,train,malignant,2423,64.0,8876,64.0,-1,-1
train_set/malignant/ISIC_0073115_480x480.jpg,train,malignant,871,92.0,10191,78.0,-1,-1
train_set/malignant/ISIC_0073119_480x480.jpg,train,malignant,7536,82.0,13409,86.0,-1,-1
train_set/malignant/ISIC_0073127_480x480.jpg,train,malignant,6255,88.0,25781,88.0,-1,-1
train_set/malignant/ISIC_0073136_480x480.jpg,train,malignant,3330,90.0,17275,88.0,-1,-1
train_set/malignant/ISIC_0073143_480x480.jpg,train,malignant,9257,84.0,18992,80.0,-1,-1
train_set/malignant/ISIC_0073147_480x480.jpg,train,malignant,7665,86.0,10324,84.0,-1,-1
train_set/malignant/ISIC_0073156_480x480.jpg,train,malignant,7444,68.0,6166,68.0,-1,-1
train_set/malignant/ISIC_0073168_480x480.jpg,train,malignant,5458,92.0,56,86.0,-1,-1
train_set/malignant/ISIC_0073173_480x480.jpg,train,malignant,5634,94.0,8279,84.0,-1,-1
train_set/malignant/ISIC_0073194_480x480.jpg,train,malignant,6973,76.0,30712,70.0,-1,-1
train_set/malignant/ISIC_0073203_480x480.jpg,train,malignant,2301,88.0,10663,92.0,-1,-1
train_set/malignant/ISIC_0073210_480x480.jpg,train,malignant,112,90.0,16546,86.0,-1,-1
train_set/malignant/ISIC_0073218_480x480.jpg,train,malignant,7231,86.0,10191,78.0,-1,-1
train_set/malignant/ISIC_0073227_480x480.jpg,train,malignant,20,84.0,29444,74.0,-1,-1
train_set/malignant/ISIC_0073231_480x480.jpg,train,malignant,9940,86.0,14047,88.0,-1,-1
train_set/malignant/ISIC_0073237_480x480.jpg,train,malignant,8385,90.0,11990,90.0,-1,-1
train_set/malignant/ISIC_0073238_480x480.jpg,train,malignant,4300,90.0,5850,92.0,-1,-1
train_set/malignant/ISIC_0073241_480x480.jpg,train,malignant,7289,80.0,4260,78.0,-1,-1
train_set/malignant/ISIC_0073249_480x480.jpg,train,malignant,8517,90.0,16729,86.0,-1,-1
train_set/malignant/ISIC_0149568_640x427.jpg,train,malignant,7932,88.0,91,2.0,-1,1
train_set/malignant/ISIC_0188432_640x480.jpg,train,malignant,469,90.0,235,2.0,-1,1
train_set/malignant/ISIC_0207268_640x427.jpg,train,malignant,7567,68.0,314,2.0,-1,1
train_set/malignant/ISIC_0232101_640x425.jpg,train,malignant,24,74.0,399,4.0,-1,1
train_set/malignant/ISIC_0247330_640x427.jpg,train,malignant,2630,90.0,459,2.0,-1,1
train_set/malignant/ISIC_0250839_640x425.jpg,train,malignant,71,86.0,475,2.0,-1,1
train_set/malignant/ISIC_0272509_640x427.jpg,train,malignant,9280,58.0,544,6.0,-1,1
train_set/malignant/ISIC_0273046_640x360.jpg,train,malignant,96,88.0,546,2.0,-1,1
train_set/malignant/ISIC_0274382_640x360.jpg,train,malignant,5490,88.0,551,2.0,-1,1
train_set/malignant/ISIC_0275828_640x480.jpg,train,malignant,8840,82.0,558,0.0,-1,1
train_set/malignant/ISIC_0280912_640x427.jpg,train,malignant,662,90.0,580,2.0,-1,1
train_set/malignant/ISIC_0286360_640x427.jpg,train,malignant,1363,90.0,607,0.0,-1,1
train_set/malignant/ISIC_0327406_640x360.jpg,train,malignant,5080,82.0,747,4.0,-1,1
train_set/malignant/ISIC_0333091_640x425.jpg,train,malignant,8110,80.0,758,2.0,-1,1
train_set/malignant/ISIC_0337631_640x425.jpg,train,malignant,9038,74.0,774,2.0,-1,1
train_set/malignant/ISIC_0351666_640x427.jpg,train,malignant,9249,92.0,826,4.0,-1,1
train_set/malignant/ISIC_0369831_640x360.jpg,train,malignant,92,92.0,886,2.0,-1,1
train_set/malignant/ISIC_0489267_640x360.jpg,train,malignant,119,92.0,1286,6.0,-1,1
train_set/malignant/ISIC_0502582_640x480.jpg,train,malignant,6997,84.0,1330,0.0,-1,1
train_set/malignant/ISIC_0504165_640x427.jpg,train,malignant,3684,88.0,1333,2.0,-1,1
train_set/malignant/ISIC_0528044_480x480.jpg,train,malignant,322,90.0,1421,0.0,-1,1
train_set/malignant/ISIC_0533122_640x480.jpg,train,malignant,1170,82.0,1433,0.0,-1,1
train_set/malignant/ISIC_0559335_640x427.jpg,train,malignant,264,86.0,1518,2.0,-1,1
train_set/malignant/ISIC_0572205_640x360.jpg,train,malignant,121,62.0,1566,6.0,-1,1
train_set/malignant/ISIC_0599605_640x480.jpg,train,malignant,9828,76.0,1652,2.0,-1,1
train_set/malignant/ISIC_0624498_640x360.jpg,train,malignant,2356,72.0,1740,4.0,-1,1
train_set/malignant/ISIC_0639769_640x425.jpg,train,malignant,856,80.0,1788,0.0,-1,1
train_set/malignant/ISIC_0645454_640x478.jpg,train,malignant,2970,80.0,1807,0.0,-1,1
train_set/malignant/ISIC_0647224_640x480.jpg,train,malignant,6345,72.0,1815,2.0,-1,1
train_set/malignant/ISIC_0662000_640x480.jpg,train,malignant,6300,88.0,1871,0.0,-1,1
train_set/malignant/ISIC_0744013_640x360.jpg,train,malignant,5232,92.0,2140,0.0,-1,1
train_set/malignant/ISIC_0779920_480x480.jpg,train,malignant,5823,86.0,2285,4.0,-1,1
train_set/malignant/ISIC_0833889_640x360.jpg,train,malignant,2019,86.0,2453,4.0,-1,1
train_set/malignant/ISIC_0844312_640x425.jpg,train,malignant,1170,56.0,2482,2.0,-1,1
train_set/malignant/ISIC_0862745_640x480.jpg,train,malignant,9038,78.0,2539,4.0,-1,1
train_set/malignant/ISIC_0911264_640x478.jpg,train,malignant,4857,82.0,2706,0.0,-1,1
train_set/malignant/ISIC_0914168_640x360.jpg,train,malignant,685,92.0,2719,2.0,-1,1
train_set/malignant/ISIC_0924427_640x480.jpg,train,malignant,9462,88.0,2750,2.0,-1,1
train_set/malignant/ISIC_0946787_640x360.jpg,train,malignant,2991,78.0,2830,4.0,-1,1
train_set/malignant/ISIC_0952472_640x480.jpg,train,malignant,2145,96.0,2849,2.0,-1,1
train_set/malignant/ISIC_0953317_640x478.jpg,train,malignant,7776,84.0,2853,2.0,-1,1
train_set/malignant/ISIC_0961235_640x478.jpg,train,malignant,7356,58.0,2883,2.0,-1,1
train_set/malignant/ISIC_0981639_640x360.jpg,train,malignant,6357,80.0,2936,2.0,-1,1
train_set/malignant/ISIC_0986600_640x478.jpg,train,malignant,6891,86.0,2959,0.0,-1,1
train_set/malignant/ISIC_1009042_640x480.jpg,train,malignant,2554,80.0,3025,2.0,-1,1
train_set/malignant/ISIC_1037315_640x480.jpg,train,malignant,16,82.0,3116,2.0,-1,1
train_set/malignant/ISIC_1068686_640x480.jpg,train,malignant,6743,80.0,3201,2.0,-1,1
train_set/malignant/ISIC_1071355_640x478.jpg,train,malignant,494,84.0,3208,2.0,-1,1
train_set/malignant/ISIC_1110583_480x480.jpg,train,malignant,9170,68.0,3337,2.0,-1,1
train_set/malignant/ISIC_1113490_640x480.jpg,train,malignant,1355,84.0,3348,0.0,-1,1
train_set/malignant/ISIC_1116483_640x480.jpg,train,malignant,903,88.0,3360,4.0,-1,1
train_set/malignant/ISIC_1124434_640x480.jpg,train,malignant,9681,70.0,3381,0.0,-1,1
train_set/malignant/ISIC_1132496_640x478.jpg,train,malignant,8760,84.0,3406,0.0,-1,1
train_set/malignant/ISIC_1157032_640x425.jpg,train,malignant,2587,74.0,3489,2.0,-1,1
train_set/malignant/ISIC_1159891_640x360.jpg,train,malignant,1824,88.0,3498,2.0,-1,1
train_set/malignant/ISIC_1162337_640x480.jpg,train,malignant,6361,88.0,3512,2.0,-1,1
train_set/malignant/ISIC_1177153_640x425.jpg,train,malignant,5812,84.0,3568,0.0,-1,1
train_set/malignant/ISIC_1177505_640x480.jpg,train,malignant,9600,84.0,3569,2.0,-1,1
train_set/malignant/ISIC_1200192_640x480.jpg,train,malignant,8657,80.0,3647,0.0,-1,1
train_set/malignant/ISIC_1210011_640x480.jpg,train,malignant,7264,78.0,3685,0.0,-1,1
train_set/malignant/ISIC_1231419_640x360.jpg,train,malignant,4981,84.0,3742,4.0,-1,1
train_set/malignant/ISIC_1241817_640x480.jpg,train,malignant,1170,84.0,3775,4.0,-1,1
train_set/malignant/ISIC_1247683_640x480.jpg,train,malignant,7393,88.0,3795,0.0,-1,1
train_set/malignant/ISIC_1255336_640x425.jpg,train,malignant,1170,80.0,3830,4.0,-1,1
train_set/malignant/ISIC_1330008_640x360.jpg,train,malignant,1999,72.0,4067,4.0,-1,1
train_set/malignant/ISIC_1356715_640x360.jpg,train,malignant,2003,50.0,4164,2.0,-1,1
train_set/malignant/ISIC_1369967_640x480.jpg,train,malignant,5320,78.0,4214,2.0,-1,1
train_set/malignant/ISIC_1375476_640x480.jpg,train,malignant,193,90.0,4229,2.0,-1,1
train_set/malignant/ISIC_1388552_480x480.jpg,train,malignant,5505,90.0,4267,2.0,-1,1
train_set/malignant/ISIC_1393771_640x360.jpg,train,malignant,4294,90.0,4291,0.0,-1,1
train_set/malignant/ISIC_1412843_640x480.jpg,train,malignant,7947,70.0,4357,0.0,-1,1
train_set/malignant/ISIC_1440985_640x480.jpg,train,malignant,768,90.0,4444,0.0,-1,1
train_set/malignant/ISIC_1460932_640x360.jpg,train,malignant,7356,60.0,4508,6.0,-1,1
train_set/malignant/ISIC_1473522_640x360.jpg,train,malignant,4827,78.0,4561,2.0,-1,1
train_set/malignant/ISIC_1474461_640x360.jpg,train,malignant,4368,90.0,4562,2.0,-1,1
train_set/malignant/ISIC_1484659_640x478.jpg,train,malignant,6691,74.0,4602,2.0,-1,1
train_set/malignant/ISIC_1566428_640x427.jpg,train,malignant,5718,88.0,4869,2.0,-1,1
train_set/malignant/ISIC_1569119_640x360.jpg,train,malignant,8909,92.0,4879,4.0,-1,1
train_set/malignant/ISIC_1589997_640x480.jpg,train,malignant,1167,90.0,4952,2.0,-1,1
train_set/malignant/ISIC_1605629_640x425.jpg,train,malignant,2583,66.0,5006,2.0,-1,1
train_set/malignant/ISIC_1616031_640x427.jpg,train,malignant,5212,82.0,5038,2.0,-1,1
train_set/malignant/ISIC_1620401_640x480.jpg,train,malignant,1893,84.0,5055,6.0,-1,1
train_set/malignant/ISIC_1630301_319x480.jpg,train,malignant,7223,76.0,5085,0.0,-1,1
train_set/malignant/ISIC_1654342_640x427.jpg,train,malignant,3114,88.0,5186,0.0,-1,1
train_set/malignant/ISIC_1684127_640x427.jpg,train,malignant,3440,84.0,5293,2.0,-1,1
train_set/malignant/ISIC_1698942_640x427.jpg,train,malignant,1324,90.0,5353,2.0,-1,1
train_set/malignant/ISIC_1706912_640x360.jpg,train,malignant,4906,88.0,5365,4.0,-1,1
train_set/malignant/ISIC_1728564_640x480.jpg,train,malignant,1846,86.0,5431,2.0,-1,1
train_set/malignant/ISIC_1729223_640x478.jpg,train,malignant,9447,62.0,5434,4.0,-1,1
train_set/malignant/ISIC_1752943_640x427.jpg,train,malignant,3264,86.0,5523,2.0,-1,1
train_set/malignant/ISIC_1785627_640x427.jpg,train,malignant,2392,88.0,5618,2.0,-1,1
train_set/malignant/ISIC_1797795_640x478.jpg,train,malignant,7190,84.0,5658,0.0,-1,1
train_set/malignant/ISIC_1834920_640x480.jpg,train,malignant,6664,86.0,5767,2.0,-1,1
train_set/malignant/ISIC_1866770_640x360.jpg,train,malignant,9151,84.0,5884,2.0,-1,1
train_set/malignant/ISIC_1870415_640x427.jpg,train,malignant,5121,62.0,5902,0.0,-1,1
train_set/malignant/ISIC_1881133_640x427.jpg,train,malignant,6683,72.0,5936,4.0,-1,1
train_set/malignant/ISIC_1948545_640x480.jpg,train,malignant,5277,86.0,6167,2.0,-1,1
train_set/malignant/ISIC_1952749_640x480.jpg,train,malignant,2071,90.0,6185,0.0,-1,1
train_set/malignant/ISIC_1956504_640x425.jpg,train,malignant,1170,54.0,6194,2.0,-1,1
train_set/malignant/ISIC_1959939_640x480.jpg,train,malignant,6255,94.0,6209,2.0,-1,1
train_set/malignant/ISIC_1968421_640x360.jpg,train,malignant,1148,86.0,6240,10.0,-1,1
train_set/malignant/ISIC_1975042_640x478.jpg,train,malignant,6693,58.0,6265,4.0,-1,1
train_set/malignant/ISIC_2027582_640x480.jpg,train,malignant,4846,84.0,6439,0.0,-1,1
train_set/malignant/ISIC_2033237_640x360.jpg,train,malignant,8015,92.0,6461,2.0,-1,1
train_set/malignant/ISIC_2071966_640x478.jpg,train,malignant,7293,88.0,6590,0.0,-1,1
train_set/malignant/ISIC_2072219_640x425.jpg,train,malignant,787,80.0,6591,4.0,-1,1
train_set/malignant/ISIC_2077116_640x480.jpg,train,malignant,7002,70.0,6612,0.0,-1,1
train_set/malignant/ISIC_2101624_640x480.jpg,train,malignant,1316,76.0,6686,0.0,-1,1
train_set/malignant/ISIC_2105563_319x480.jpg,train,malignant,36,64.0,6698,2.0,-1,1
train_set/malignant/ISIC_2141237_640x360.jpg,train,malignant,8964,92.0,6811,2.0,-1,1
train_set/malignant/ISIC_2153401_640x427.jpg,train,malignant,9170,88.0,6859,4.0,-1,1
train_set/malignant/ISIC_2153686_640x425.jpg,train,malignant,838,82.0,6860,2.0,-1,1
train_set/malignant/ISIC_2176112_640x480.jpg,train,malignant,10007,80.0,6942,0.0,-1,1
train_set/malignant/ISIC_2182856_640x360.jpg,train,malignant,9918,86.0,6960,2.0,-1,1
train_set/malignant/ISIC_2200197_640x427.jpg,train,malignant,3721,84.0,7020,4.0,-1,1
train_set/malignant/ISIC_2212473_640x480.jpg,train,malignant,8421,90.0,7063,0.0,-1,1
train_set/malignant/ISIC_2221217_480x480.jpg,train,malignant,7059,90.0,7089,0.0,-1,1
train_set/malignant/ISIC_2232442_640x480.jpg,train,malignant,9273,88.0,7126,2.0,-1,1
train_set/malignant/ISIC_2255411_640x360.jpg,train,malignant,9441,86.0,7193,4.0,-1,1
train_set/malignant/ISIC_2268341_640x427.jpg,train,malignant,1170,88.0,7231,4.0,-1,1
train_set/malignant/ISIC_2272218_640x427.jpg,train,malignant,8604,72.0,7238,0.0,-1,1
train_set/malignant/ISIC_2306349_640x480.jpg,train,malignant,9263,90.0,7361,2.0,-1,1
train_set/malignant/ISIC_2309744_640x425.jpg,train,malignant,2905,86.0,7370,0.0,-1,1
train_set/malignant/ISIC_2311665_640x480.jpg,train,malignant,1333,90.0,7376,0.0,-1,1
train_set/malignant/ISIC_2320481_640x360.jpg,train,malignant,5902,84.0,7405,2.0,-1,1
train_set/malignant/ISIC_2337907_640x480.jpg,train,malignant,1882,90.0,7459,0.0,-1,1
train_set/malignant/ISIC_2341875_480x480.jpg,train,malignant,1394,88.0,7475,4.0,-1,1
train_set/malignant/ISIC_2342769_640x425.jpg,train,malignant,770,78.0,7476,0.0,-1,1
train_set/malignant/ISIC_2351999_640x427.jpg,train,malignant,1868,88.0,7500,0.0,-1,1
train_set/malignant/ISIC_2358454_640x480.jpg,train,malignant,6282,92.0,7527,2.0,-1,1
train_set/malignant/ISIC_2364150_640x360.jpg,train,malignant,943,94.0,7543,4.0,-1,1
train_set/malignant/ISIC_2406492_640x480.jpg,train,malignant,6248,70.0,7696,2.0,-1,1
train_set/malignant/ISIC_2408815_640x360.jpg,train,malignant,9183,90.0,7705,6.0,-1,1
train_set/malignant/ISIC_2412113_640x427.jpg,train,malignant,8427,80.0,7716,2.0,-1,1
train_set/malignant/ISIC_2437633_640x478.jpg,train,malignant,7766,88.0,7795,0.0,-1,1
train_set/malignant/ISIC_2447578_640x478.jpg,train,malignant,7634,80.0,7826,0.0,-1,1
train_set/malignant/ISIC_2448123_640x480.jpg,train,malignant,5068,84.0,7827,0.0,-1,1
train_set/malignant/ISIC_2481044_640x360.jpg,train,malignant,5960,84.0,7936,2.0,-1,1
train_set/malignant/ISIC_2525084_640x360.jpg,train,malignant,3861,88.0,8095,4.0,-1,1
train_set/malignant/ISIC_2535541_640x480.jpg,train,malignant,2067,84.0,8116,0.0,-1,1
train_set/malignant/ISIC_2565206_640x427.jpg,train,malignant,4656,96.0,8203,0.0,-1,1
train_set/malignant/ISIC_2607827_640x427.jpg,train,malignant,7670,70.0,8339,2.0,-1,1
train_set/malignant/ISIC_2609984_640x425.jpg,train,malignant,9038,76.0,8342,2.0,-1,1
train_set/malignant/ISIC_2637608_480x480.jpg,train,malignant,1059,90.0,8428,2.0,-1,1
train_set/malignant/ISIC_2646829_640x427.jpg,train,malignant,6992,86.0,8460,4.0,-1,1
train_set/malignant/ISIC_2668481_640x478.jpg,train,malignant,7275,84.0,8534,2.0,-1,1
train_set/malignant/ISIC_2685593_640x480.jpg,train,malignant,820,90.0,8597,2.0,-1,1
train_set/malignant/ISIC_2697083_640x427.jpg,train,malignant,6684,86.0,8631,0.0,-1,1
train_set/malignant/ISIC_2700320_640x360.jpg,train,malignant,6787,80.0,8642,2.0,-1,1
train_set/malignant/ISIC_2720971_640x360.jpg,train,malignant,6218,78.0,8706,2.0,-1,1
train_set/malignant/ISIC_2724529_640x360.jpg,train,malignant,6205,84.0,8719,6.0,-1,1
train_set/malignant/ISIC_2739449_640x480.jpg,train,malignant,6310,86.0,8773,2.0,-1,1
train_set/malignant/ISIC_2750230_640x478.jpg,train,malignant,2695,90.0,8817,0.0,-1,1
train_set/malignant/ISIC_2757355_640x427.jpg,train,malignant,6971,88.0,8840,0.0,-1,1
train_set/malignant/ISIC_2776906_480x480.jpg,train,malignant,336,84.0,8897,2.0,-1,1
train_set/malignant/ISIC_2787702_640x478.jpg,train,malignant,1142,92.0,8941,2.0,-1,1
train_set/malignant/ISIC_2797353_640x425.jpg,train,malignant,7870,74.0,8980,2.0,-1,1
train_set/malignant/ISIC_2822718_640x480.jpg,train,malignant,7620,82.0,9072,2.0,-1,1
train_set/malignant/ISIC_2823287_640x425.jpg,train,malignant,814,82.0,9074,0.0,-1,1
train_set/malignant/ISIC_2837581_640x360.jpg,train,malignant,6464,90.0,9119,6.0,-1,1
train_set/malignant/ISIC_2844539_640x478.jpg,train,malignant,9317,84.0,9141,8.0,-1,1
train_set/malignant/ISIC_2871230_640x427.jpg,train,malignant,8076,92.0,9222,2.0,-1,1
train_set/malignant/ISIC_2895555_640x360.jpg,train,malignant,9999,90.0,9298,2.0,-1,1
train_set/malignant/ISIC_2937642_480x480.jpg,train,malignant,4075,88.0,9429,0.0,-1,1
train_set/malignant/ISIC_2957732_640x360.jpg,train,malignant,7375,72.0,9501,2.0,-1,1
train_set/malignant/ISIC_2967024_640x478.jpg,train,malignant,770,80.0,9524,2.0,-1,1
train_set/malignant/ISIC_2974214_640x427.jpg,train,malignant,5019,84.0,9551,4.0,-1,1
train_set/malignant/ISIC_2975580_640x427.jpg,train,malignant,320,84.0,9554,0.0,-1,1
train_set/malignant/ISIC_2979268_640x427.jpg,train,malignant,7944,64.0,9567,2.0,-1,1
train_set/malignant/ISIC_2987613_640x427.jpg,train,malignant,7966,86.0,9601,0.0,-1,1
train_set/malignant/ISIC_3002956_640x480.jpg,train,malignant,82,90.0,9651,2.0,-1,1
train_set/malignant/ISIC_3009877_640x480.jpg,train,malignant,4369,82.0,9679,2.0,-1,1
train_set/malignant/ISIC_3023646_640x425.jpg,train,malignant,1170,76.0,9722,0.0,-1,1
train_set/malignant/ISIC_3025889_640x425.jpg,train,malignant,1317,82.0,9732,4.0,-1,1
train_set/malignant/ISIC_3028754_640x360.jpg,train,malignant,7617,84.0,9740,2.0,-1,1
train_set/malignant/ISIC_3065032_640x427.jpg,train,malignant,6115,74.0,9832,4.0,-1,1
train_set/malignant/ISIC_3068885_640x360.jpg,train,malignant,1209,92.0,9844,4.0,-1,1
train_set/malignant/ISIC_3084312_640x360.jpg,train,malignant,5963,90.0,9893,0.0,-1,1
train_set/malignant/ISIC_3093026_640x478.jpg,train,malignant,3839,76.0,9928,2.0,-1,1
train_set/malignant/ISIC_3097354_480x480.jpg,train,malignant,322,92.0,9940,0.0,-1,1
train_set/malignant/ISIC_3144222_640x478.jpg,train,malignant,6486,88.0,10104,0.0,-1,1
train_set/malignant/ISIC_3159924_640x360.jpg,train,malignant,8308,86.0,10153,2.0,-1,1
train_set/malignant/ISIC_3203344_640x478.jpg,train,malignant,6780,76.0,10291,2.0,-1,1
train_set/malignant/ISIC_3207651_640x480.jpg,train,malignant,7109,88.0,10306,2.0,-1,1
train_set/malignant/ISIC_3241636_640x360.jpg,train,malignant,4257,88.0,10434,2.0,-1,1
train_set/malignant/ISIC_3244067_640x480.jpg,train,malignant,8949,42.0,10443,0.0,-1,1
train_set/malignant/ISIC_3253484_640x478.jpg,train,malignant,21,80.0,10479,2.0,-1,1
train_set/malignant/ISIC_3286186_640x480.jpg,train,malignant,1424,88.0,10592,2.0,-1,1
train_set/malignant/ISIC_3301933_640x427.jpg,train,malignant,6475,82.0,10648,4.0,-1,1
train_set/malignant/ISIC_3319229_640x480.jpg,train,malignant,9479,76.0,10723,2.0,-1,1
train_set/malignant/ISIC_3338629_640x480.jpg,train,malignant,7569,90.0,10762,2.0,-1,1
train_set/malignant/ISIC_3341710_640x480.jpg,train,malignant,4965,90.0,10773,2.0,-1,1
train_set/malignant/ISIC_3343475_640x480.jpg,train,malignant,7460,90.0,10780,2.0,-1,1
train_set/malignant/ISIC_3359880_640x360.jpg,train,malignant,4058,92.0,10835,4.0,-1,1
train_set/malignant/ISIC_3372750_640x480.jpg,train,malignant,1711,72.0,10872,2.0,-1,1
train_set/malignant/ISIC_3391427_640x427.jpg,train,malignant,683,70.0,10940,0.0,-1,1
train_set/malignant/ISIC_3394520_640x480.jpg,train,malignant,5009,92.0,10953,0.0,-1,1
train_set/malignant/ISIC_3399306_640x427.jpg,train,malignant,353,88.0,10969,2.0,-1,1
train_set/malignant/ISIC_3408231_640x478.jpg,train,malignant,6808,74.0,10995,0.0,-1,1
train_set/malignant/ISIC_3416107_480x480.jpg,train,malignant,8249,80.0,11022,2.0,-1,1
train_set/malignant/ISIC_3435596_640x427.jpg,train,malignant,1478,88.0,11099,2.0,-1,1
train_set/malignant/ISIC_3436033_640x480.jpg,train,malignant,9634,84.0,11101,2.0,-1,1
train_set/malignant/ISIC_3440759_640x360.jpg,train,malignant,6636,88.0,11118,2.0,-1,1
train_set/malignant/ISIC_3446357_640x360.jpg,train,malignant,4424,86.0,11142,2.0,-1,1
train_set/malignant/ISIC_3464344_480x480.jpg,train,malignant,9608,68.0,11201,0.0,-1,1
train_set/malignant/ISIC_3475660_640x427.jpg,train,malignant,9100,80.0,11223,4.0,-1,1
train_set/malignant/ISIC_3517311_640x427.jpg,train,malignant,1119,90.0,11352,6.0,-1,1
train_set/malignant/ISIC_3561065_640x425.jpg,train,malignant,770,82.0,11489,2.0,-1,1
train_set/malignant/ISIC_3590167_640x360.jpg,train,malignant,9491,74.0,11583,6.0,-1,1
train_set/malignant/ISIC_3673080_640x480.jpg,train,malignant,8184,82.0,11859,2.0,-1,1
train_set/malignant/ISIC_3684488_640x478.jpg,train,malignant,6270,86.0,11895,2.0,-1,1
train_set/malignant/ISIC_3696488_640x360.jpg,train,malignant,6231,90.0,11944,4.0,-1,1
train_set/malignant/ISIC_3697702_640x480.jpg,train,malignant,4040,88.0,11948,4.0,-1,1
train_set/malignant/ISIC_3733653_640x478.jpg,train,malignant,710,92.0,12066,4.0,-1,1
train_set/malignant/ISIC_3738751_640x427.jpg,train,malignant,1165,90.0,12087,2.0,-1,1
train_set/malignant/ISIC_3775417_640x480.jpg,train,malignant,7389,64.0,12203,2.0,-1,1
train_set/malignant/ISIC_3778192_640x360.jpg,train,malignant,5318,82.0,12209,6.0,-1,1
train_set/malignant/ISIC_3817719_640x427.jpg,train,malignant,3354,94.0,12333,2.0,-1,1
train_set/malignant/ISIC_3821242_640x480.jpg,train,malignant,4795,92.0,12344,0.0,-1,1
train_set/malignant/ISIC_3824206_640x480.jpg,train,malignant,7232,88.0,12353,2.0,-1,1
train_set/malignant/ISIC_3909039_640x360.jpg,train,malignant,4285,76.0,12611,4.0,-1,1
train_set/malignant/ISIC_3915890_640x427.jpg,train,malignant,802,92.0,12635,4.0,-1,1
train_set/malignant/ISIC_3936223_640x360.jpg,train,malignant,9508,84.0,12706,2.0,-1,1
train_set/malignant/ISIC_3941123_640x480.jpg,train,malignant,1056,86.0,12720,4.0,-1,1
train_set/malignant/ISIC_3944634_640x478.jpg,train,malignant,104,78.0,12733,4.0,-1,1
train_set/malignant/ISIC_3963183_640x425.jpg,train,malignant,1170,70.0,12799,0.0,-1,1
train_set/malignant/ISIC_3965087_640x360.jpg,train,malignant,4890,90.0,12804,0.0,-1,1
train_set/malignant/ISIC_3969411_640x360.jpg,train,malignant,2462,90.0,12817,4.0,-1,1
train_set/malignant/ISIC_3976496_480x480.jpg,train,malignant,9863,80.0,12847,0.0,-1,1
train_set/malignant/ISIC_3979826_640x427.jpg,train,malignant,435,90.0,12858,2.0,-1,1
train_set/malignant/ISIC_3985031_640x360.jpg,train,malignant,2199,86.0,12874,0.0,-1,1
train_set/malignant/ISIC_3993924_640x478.jpg,train,malignant,9902,84.0,12902,4.0,-1,1
train_set/malignant/ISIC_3996796_640x480.jpg,train,malignant,2135,76.0,12914,2.0,-1,1
train_set/malignant/ISIC_4000481_640x480.jpg,train,malignant,1492,88.0,12932,0.0,-1,1
train_set/malignant/ISIC_4009870_640x425.jpg,train,malignant,1170,72.0,12961,4.0,-1,1
train_set/malignant/ISIC_4012047_640x480.jpg,train,malignant,5480,94.0,12964,0.0,-1,1
train_set/malignant/ISIC_4120174_640x480.jpg,train,malignant,385,92.0,13335,0.0,-1,1
train_set/malignant/ISIC_4163686_640x427.jpg,train,malignant,9447,64.0,13486,4.0,-1,1
train_set/malignant/ISIC_4170698_640x480.jpg,train,malignant,8176,86.0,13511,0.0,-1,1
train_set/malignant/ISIC_4223155_640x480.jpg,train,malignant,629,70.0,13671,2.0,-1,1
train_set/malignant/ISIC_4229473_640x480.jpg,train,malignant,773,90.0,13690,4.0,-1,1
train_set/malignant/ISIC_4230049_640x480.jpg,train,malignant,2481,92.0,13693,0.0,-1,1
train_set/malignant/ISIC_4266533_640x427.jpg,train,malignant,359,76.0,13818,2.0,-1,1
train_set/malignant/ISIC_4276255_640x360.jpg,train,malignant,1006,90.0,13848,2.0,-1,1
train_set/malignant/ISIC_4346693_640x360.jpg,train,malignant,2935,88.0,14075,6.0,-1,1
train_set/malignant/ISIC_4362713_640x360.jpg,train,malignant,4293,82.0,14132,2.0,-1,1
train_set/malignant/ISIC_4377208_640x427.jpg,train,malignant,2416,78.0,14194,0.0,-1,1
train_set/malignant/ISIC_4378189_623x480.jpg,train,malignant,3380,90.0,14198,2.0,-1,1
train_set/malignant/ISIC_4398011_640x360.jpg,train,malignant,141,92.0,14266,2.0,-1,1
train_set/malignant/ISIC_4404772_640x427.jpg,train,malignant,5293,82.0,14282,0.0,-1,1
train_set/malignant/ISIC_4408559_640x480.jpg,train,malignant,1170,80.0,14292,4.0,-1,1
train_set/malignant/ISIC_4425322_640x427.jpg,train,malignant,924,78.0,14342,2.0,-1,1
train_set/malignant/ISIC_4425657_640x427.jpg,train,malignant,1387,86.0,14344,0.0,-1,1
train_set/malignant/ISIC_4439054_640x427.jpg,train,malignant,3498,90.0,14394,0.0,-1,1
train_set/malignant/ISIC_4469476_640x360.jpg,train,malignant,1602,78.0,14482,4.0,-1,1
train_set/malignant/ISIC_4493482_640x478.jpg,train,malignant,6175,90.0,14556,4.0,-1,1
train_set/malignant/ISIC_4508878_640x480.jpg,train,malignant,388,88.0,14617,4.0,-1,1
train_set/malignant/ISIC_4517738_640x480.jpg,train,malignant,3241,90.0,14647,2.0,-1,1
train_set/malignant/ISIC_4523238_640x360.jpg,train,malignant,4727,92.0,14662,2.0,-1,1
train_set/malignant/ISIC_4523382_640x480.jpg,train,malignant,7969,88.0,14663,0.0,-1,1
train_set/malignant/ISIC_4525317_640x480.jpg,train,malignant,911,86.0,14674,2.0,-1,1
train_set/malignant/ISIC_4584265_640x480.jpg,train,malignant,8050,82.0,14877,2.0,-1,1
train_set/malignant/ISIC_4619789_640x478.jpg,train,malignant,145,78.0,14981,2.0,-1,1
train_set/malignant/ISIC_4619903_640x480.jpg,train,malignant,7413,82.0,14983,0.0,-1,1
train_set/malignant/ISIC_4649440_640x480.jpg,train,malignant,9621,68.0,15080,0.0,-1,1
train_set/malignant/ISIC_4653503_640x480.jpg,train,malignant,8558,64.0,15092,2.0,-1,1
train_set/malignant/ISIC_4676270_640x478.jpg,train,malignant,1170,84.0,15170,2.0,-1,1
train_set/malignant/ISIC_4730066_640x478.jpg,train,malignant,9681,70.0,15345,2.0,-1,1
train_set/malignant/ISIC_4810142_640x427.jpg,train,malignant,6743,84.0,15618,2.0,-1,1
train_set/malignant/ISIC_4842587_640x480.jpg,train,malignant,6847,82.0,15713,2.0,-1,1
train_set/malignant/ISIC_4851366_640x427.jpg,train,malignant,4,94.0,15738,0.0,-1,1
train_set/malignant/ISIC_4874581_640x480.jpg,train,malignant,7002,86.0,15815,2.0,-1,1
train_set/malignant/ISIC_4916704_640x478.jpg,train,malignant,773,88.0,15944,2.0,-1,1
train_set/malignant/ISIC_4936662_640x480.jpg,train,malignant,1711,82.0,16014,6.0,-1,1
train_set/malignant/ISIC_4938994_640x427.jpg,train,malignant,8894,68.0,16024,0.0,-1,1
train_set/malignant/ISIC_4960784_480x480.jpg,train,malignant,994,92.0,16095,0.0,-1,1
train_set/malignant/ISIC_4960802_640x480.jpg,train,malignant,7686,88.0,16096,0.0,-1,1
train_set/malignant/ISIC_4967564_640x427.jpg,train,malignant,4783,88.0,16123,0.0,-1,1
train_set/malignant/ISIC_4967586_640x360.jpg,train,malignant,8555,90.0,16124,4.0,-1,1
train_set/malignant/ISIC_4980656_640x480.jpg,train,malignant,8534,84.0,16173,2.0,-1,1
train_set/malignant/ISIC_5021861_640x480.jpg,train,malignant,561,86.0,16286,0.0,-1,1
train_set/malignant/ISIC_5037784_640x360.jpg,train,malignant,3867,86.0,16335,4.0,-1,1
train_set/malignant/ISIC_5044438_640x360.jpg,train,malignant,9531,78.0,16361,0.0,-1,1
train_set/malignant/ISIC_5045600_640x360.jpg,train,malignant,518,84.0,16370,2.0,-1,1
train_set/malignant/ISIC_5046082_640x360.jpg,train,malignant,2825,88.0,16372,4.0,-1,1
train_set/malignant/ISIC_5084113_640x480.jpg,train,malignant,6877,78.0,16490,0.0,-1,1
train_set/malignant/ISIC_5086349_640x480.jpg,train,malignant,6752,84.0,16501,4.0,-1,1
train_set/malignant/ISIC_5137933_640x427.jpg,train,malignant,862,92.0,16672,2.0,-1,1
train_set/malignant/ISIC_5140952_640x425.jpg,train,malignant,770,76.0,16676,0.0,-1,1
train_set/malignant/ISIC_5147292_640x360.jpg,train,malignant,2410,76.0,16703,4.0,-1,1
train_set/malignant/ISIC_5166798_640x480.jpg,train,malignant,113,92.0,16768,2.0,-1,1
train_set/malignant/ISIC_5167209_640x360.jpg,train,malignant,7913,70.0,16773,0.0,-1,1
train_set/malignant/ISIC_5191344_640x480.jpg,train,malignant,1346,86.0,16856,2.0,-1,1
train_set/malignant/ISIC_5216586_640x427.jpg,train,malignant,4723,88.0,16948,2.0,-1,1
train_set/malignant/ISIC_5247508_640x480.jpg,train,malignant,7001,82.0,17056,2.0,-1,1
train_set/malignant/ISIC_5247560_640x425.jpg,train,malignant,9420,80.0,17057,2.0,-1,1
train_set/malignant/ISIC_5258657_640x427.jpg,train,malignant,6787,90.0,17091,0.0,-1,1
train_set/malignant/ISIC_5260050_640x480.jpg,train,malignant,1434,94.0,17096,6.0,-1,1
train_set/malignant/ISIC_5267208_640x425.jpg,train,malignant,3347,80.0,17117,2.0,-1,1
train_set/malignant/ISIC_5272223_640x478.jpg,train,malignant,9239,86.0,17131,2.0,-1,1
train_set/malignant/ISIC_5315062_640x480.jpg,train,malignant,9323,80.0,17273,2.0,-1,1
train_set/malignant/ISIC_5331102_480x480.jpg,train,malignant,7062,86.0,17332,0.0,-1,1
train_set/malignant/ISIC_5343231_640x480.jpg,train,malignant,6743,74.0,17374,2.0,-1,1
train_set/malignant/ISIC_5365617_640x480.jpg,train,malignant,1415,80.0,17463,0.0,-1,1
train_set/malignant/ISIC_5369000_640x425.jpg,train,malignant,1170,72.0,17475,2.0,-1,1
train_set/malignant/ISIC_5388184_640x480.jpg,train,malignant,9022,82.0,17529,0.0,-1,1
train_set/malignant/ISIC_5391758_640x480.jpg,train,malignant,1345,74.0,17544,0.0,-1,1
train_set/malignant/ISIC_5415761_640x480.jpg,train,malignant,9447,80.0,17638,2.0,-1,1
train_set/malignant/ISIC_5425721_640x425.jpg,train,malignant,1170,78.0,17671,0.0,-1,1
train_set/malignant/ISIC_5434661_640x360.jpg,train,malignant,1184,90.0,17697,8.0,-1,1
train_set/malignant/ISIC_5495413_640x478.jpg,train,malignant,1850,64.0,17891,2.0,-1,1
train_set/malignant/ISIC_5527224_480x480.jpg,train,malignant,9132,80.0,17997,2.0,-1,1
train_set/malignant/ISIC_5533992_640x480.jpg,train,malignant,720,92.0,18013,2.0,-1,1
train_set/malignant/ISIC_5561003_640x480.jpg,train,malignant,3549,86.0,18120,0.0,-1,1
train_set/malignant/ISIC_5576354_640x360.jpg,train,malignant,3920,86.0,18180,2.0,-1,1
train_set/malignant/ISIC_5581297_640x427.jpg,train,malignant,7133,82.0,18193,2.0,-1,1
train_set/malignant/ISIC_5581931_640x480.jpg,train,malignant,199,88.0,18194,0.0,-1,1
train_set/malignant/ISIC_5602826_640x360.jpg,train,malignant,2118,88.0,18273,2.0,-1,1
train_set/malignant/ISIC_5642824_640x427.jpg,train,malignant,3339,94.0,18432,0.0,-1,1
train_set/malignant/ISIC_5667461_640x427.jpg,train,malignant,8516,90.0,18526,0.0,-1,1
train_set/malignant/ISIC_5673518_640x360.jpg,train,malignant,2333,82.0,18542,4.0,-1,1
train_set/malignant/ISIC_5714411_640x480.jpg,train,malignant,165,84.0,18675,0.0,-1,1
train_set/malignant/ISIC_5732201_640x427.jpg,train,malignant,5847,78.0,18733,4.0,-1,1
train_set/malignant/ISIC_5733748_640x360.jpg,train,malignant,9412,92.0,18740,4.0,-1,1
train_set/malignant/ISIC_5747486_640x480.jpg,train,malignant,9491,80.0,18791,2.0,-1,1
train_set/malignant/ISIC_5747942_640x478.jpg,train,malignant,7830,78.0,18797,2.0,-1,1
train_set/malignant/ISIC_5758388_640x480.jpg,train,malignant,250,92.0,18827,0.0,-1,1
train_set/malignant/ISIC_5797062_640x478.jpg,train,malignant,9447,80.0,18957,2.0,-1,1
train_set/malignant/ISIC_5829938_640x360.jpg,train,malignant,4263,90.0,19057,2.0,-1,1
train_set/malignant/ISIC_5867911_640x478.jpg,train,malignant,4094,92.0,19173,0.0,-1,1
train_set/malignant/ISIC_5868291_640x360.jpg,train,malignant,6123,90.0,19175,0.0,-1,1
train_set/malignant/ISIC_5869480_640x480.jpg,train,malignant,2232,78.0,19180,2.0,-1,1
train_set/malignant/ISIC_5891384_640x480.jpg,train,malignant,1514,92.0,19249,2.0,-1,1
train_set/malignant/ISIC_5922588_480x480.jpg,train,malignant,120,86.0,19352,0.0,-1,1
train_set/malignant/ISIC_5983500_640x360.jpg,train,malignant,7639,78.0,19543,4.0,-1,1
train_set/malignant/ISIC_6017985_640x480.jpg,train,malignant,2622,80.0,19655,0.0,-1,1
train_set/malignant/ISIC_6024335_480x480.jpg,train,malignant,3756,86.0,19680,4.0,-1,1
train_set/malignant/ISIC_6056121_640x480.jpg,train,malignant,7084,84.0,19773,0.0,-1,1
train_set/malignant/ISIC_6089318_480x480.jpg,train,malignant,8404,86.0,19878,4.0,-1,1
train_set/malignant/ISIC_6110888_640x360.jpg,train,malignant,1980,92.0,19950,2.0,-1,1
train_set/malignant/ISIC_6124481_640x360.jpg,train,malignant,2489,86.0,19986,6.0,-1,1
train_set/malignant/ISIC_6125652_640x360.jpg,train,malignant,3369,92.0,19990,4.0,-1,1
train_set/malignant/ISIC_6220625_640x425.jpg,train,malignant,2583,66.0,20274,2.0,-1,1
train_set/malignant/ISIC_6228963_640x480.jpg,train,malignant,7085,86.0,20309,2.0,-1,1
train_set/malignant/ISIC_6248008_640x480.jpg,train,malignant,877,84.0,20365,2.0,-1,1
train_set/malignant/ISIC_6251753_640x360.jpg,train,malignant,6945,82.0,20381,2.0,-1,1
train_set/malignant/ISIC_6255113_640x425.jpg,train,malignant,9978,82.0,20393,4.0,-1,1
train_set/malignant/ISIC_6269166_640x360.jpg,train,malignant,3183,92.0,20445,2.0,-1,1
train_set/malignant/ISIC_6278273_640x427.jpg,train,malignant,8397,92.0,20476,2.0,-1,1
train_set/malignant/ISIC_6285925_640x427.jpg,train,malignant,9064,72.0,20500,6.0,-1,1
train_set/malignant/ISIC_6303107_640x360.jpg,train,malignant,180,86.0,20568,2.0,-1,1
train_set/malignant/ISIC_6313487_640x427.jpg,train,malignant,8691,88.0,20607,2.0,-1,1
train_set/malignant/ISIC_6348638_640x425.jpg,train,malignant,9011,82.0,20733,0.0,-1,1
train_set/malignant/ISIC_6352565_640x427.jpg,train,malignant,8516,82.0,20743,0.0,-1,1
train_set/malignant/ISIC_6355353_640x480.jpg,train,malignant,1624,80.0,20758,2.0,-1,1
train_set/malignant/ISIC_6392461_640x427.jpg,train,malignant,22,90.0,20874,2.0,-1,1
train_set/malignant/ISIC_6398283_640x480.jpg,train,malignant,7459,74.0,20889,2.0,-1,1
train_set/malignant/ISIC_6398669_640x480.jpg,train,malignant,7124,76.0,20891,0.0,-1,1
train_set/malignant/ISIC_6404049_640x480.jpg,train,malignant,1749,92.0,20917,0.0,-1,1
train_set/malignant/ISIC_6450034_640x480.jpg,train,malignant,7675,80.0,21080,2.0,-1,1
train_set/malignant/ISIC_6496251_640x480.jpg,train,malignant,828,82.0,21228,0.0,-1,1
train_set/malignant/ISIC_6496370_640x478.jpg,train,malignant,597,90.0,21229,0.0,-1,1
train_set/malignant/ISIC_6509682_640x360.jpg,train,malignant,6044,82.0,21274,2.0,-1,1
train_set/malignant/ISIC_6512653_640x360.jpg,train,malignant,7634,86.0,21285,2.0,-1,1
train_set/malignant/ISIC_6516710_640x360.jpg,train,malignant,5960,84.0,21300,2.0,-1,1
train_set/malignant/ISIC_6526489_640x360.jpg,train,malignant,7650,86.0,21325,2.0,-1,1
train_set/malignant/ISIC_6535558_640x480.jpg,train,malignant,8033,76.0,21360,2.0,-1,1
train_set/malignant/ISIC_6539127_640x427.jpg,train,malignant,6486,78.0,21373,2.0,-1,1
train_set/malignant/ISIC_6541615_640x478.jpg,train,malignant,1714,84.0,21378,2.0,-1,1
train_set/malignant/ISIC_6555290_640x427.jpg,train,malignant,3694,88.0,21439,2.0,-1,1
train_set/malignant/ISIC_6561111_640x480.jpg,train,malignant,7335,88.0,21462,0.0,-1,1
train_set/malignant/ISIC_6581411_640x427.jpg,train,malignant,3232,92.0,21549,2.0,-1,1
train_set/malignant/ISIC_6584579_640x427.jpg,train,malignant,8516,82.0,20743,0.0,-1,1
train_set/malignant/ISIC_6613150_640x480.jpg,train,malignant,5599,82.0,21661,2.0,-1,1
train_set/malignant/ISIC_6620377_640x480.jpg,train,malignant,7231,64.0,21699,0.0,-1,1
train_set/malignant/ISIC_6625102_640x478.jpg,train,malignant,6682,68.0,21707,2.0,-1,1
train_set/malignant/ISIC_6634951_640x427.jpg,train,malignant,1601,86.0,21732,0.0,-1,1
train_set/malignant/ISIC_6671773_640x480.jpg,train,malignant,462,88.0,21846,2.0,-1,1
train_set/malignant/ISIC_6688417_640x480.jpg,train,malignant,6771,46.0,21904,4.0,-1,1
train_set/malignant/ISIC_6692344_640x360.jpg,train,malignant,8604,70.0,21918,0.0,-1,1
train_set/malignant/ISIC_6695831_640x480.jpg,train,malignant,9658,90.0,21921,0.0,-1,1
train_set/malignant/ISIC_6713432_640x360.jpg,train,malignant,5172,92.0,21984,2.0,-1,1
train_set/malignant/ISIC_6714082_640x480.jpg,train,malignant,6379,72.0,21987,0.0,-1,1
train_set/malignant/ISIC_6767569_640x478.jpg,train,malignant,7564,94.0,22140,0.0,-1,1
train_set/malignant/ISIC_6784593_640x478.jpg,train,malignant,9111,72.0,22196,0.0,-1,1
train_set/malignant/ISIC_6785680_640x360.jpg,train,malignant,7859,80.0,22201,2.0,-1,1
train_set/malignant/ISIC_6786198_640x478.jpg,train,malignant,791,90.0,22203,2.0,-1,1
train_set/malignant/ISIC_6809586_640x427.jpg,train,malignant,1469,82.0,22279,2.0,-1,1
train_set/malignant/ISIC_6829008_640x480.jpg,train,malignant,4338,86.0,22328,2.0,-1,1
train_set/malignant/ISIC_6841294_640x360.jpg,train,malignant,7070,88.0,22358,0.0,-1,1
train_set/malignant/ISIC_6851408_640x480.jpg,train,malignant,1436,86.0,22389,2.0,-1,1
train_set/malignant/ISIC_6904082_640x480.jpg,train,malignant,5814,84.0,22539,0.0,-1,1
train_set/malignant/ISIC_6927840_640x480.jpg,train,malignant,1111,86.0,22602,0.0,-1,1
train_set/malignant/ISIC_6931277_640x360.jpg,train,malignant,5539,82.0,22617,2.0,-1,1
train_set/malignant/ISIC_6945634_480x480.jpg,train,malignant,5288,84.0,22663,2.0,-1,1
train_set/malignant/ISIC_6961503_640x480.jpg,train,malignant,9089,76.0,22703,2.0,-1,1
train_set/malignant/ISIC_6966001_640x360.jpg,train,malignant,1855,80.0,22717,0.0,-1,1
train_set/malignant/ISIC_6971606_640x427.jpg,train,malignant,2456,82.0,22744,0.0,-1,1
train_set/malignant/ISIC_6982386_640x427.jpg,train,malignant,7140,84.0,22780,2.0,-1,1
train_set/malignant/ISIC_7035246_640x427.jpg,train,malignant,5920,88.0,22945,2.0,-1,1
train_set/malignant/ISIC_7070020_640x360.jpg,train,malignant,5114,88.0,23062,2.0,-1,1
train_set/malignant/ISIC_7074321_640x480.jpg,train,malignant,6649,86.0,23078,0.0,-1,1
train_set/malignant/ISIC_7075474_640x478.jpg,train,malignant,1170,74.0,23081,2.0,-1,1
train_set/malignant/ISIC_7079349_640x480.jpg,train,malignant,7408,74.0,23093,2.0,-1,1
train_set/malignant/ISIC_7084553_640x480.jpg,train,malignant,5580,82.0,23111,2.0,-1,1
train_set/malignant/ISIC_7098141_640x360.jpg,train,malignant,188,88.0,23149,6.0,-1,1
train_set/malignant/ISIC_7100755_640x478.jpg,train,malignant,9882,82.0,23150,2.0,-1,1
train_set/malignant/ISIC_7101732_640x425.jpg,train,malignant,638,84.0,23152,0.0,-1,1
train_set/malignant/ISIC_7130929_640x478.jpg,train,malignant,7776,74.0,23262,4.0,-1,1
train_set/malignant/ISIC_7181296_640x478.jpg,train,malignant,9089,84.0,23437,2.0,-1,1
train_set/malignant/ISIC_7183212_640x478.jpg,train,malignant,2135,84.0,23444,4.0,-1,1
train_set/malignant/ISIC_7190243_640x360.jpg,train,malignant,8204,80.0,23481,4.0,-1,1
train_set/malignant/ISIC_7205745_640x427.jpg,train,malignant,6909,52.0,23522,0.0,-1,1
train_set/malignant/ISIC_7218890_640x360.jpg,train,malignant,1325,84.0,23558,6.0,-1,1
train_set/malignant/ISIC_7233368_640x480.jpg,train,malignant,2199,88.0,23611,4.0,-1,1
train_set/malignant/ISIC_7242384_640x478.jpg,train,malignant,667,94.0,23640,2.0,-1,1
train_set/malignant/ISIC_7253401_640x427.jpg,train,malignant,116,78.0,23672,4.0,-1,1
train_set/malignant/ISIC_7261174_640x425.jpg,train,malignant,246,78.0,23700,0.0,-1,1
train_set/malignant/ISIC_7265673_640x427.jpg,train,malignant,2631,90.0,23713,0.0,-1,1
train_set/malignant/ISIC_7287303_640x360.jpg,train,malignant,9353,80.0,23782,2.0,-1,1
train_set/malignant/ISIC_7293518_640x427.jpg,train,malignant,4287,80.0,23811,0.0,-1,1
train_set/malignant/ISIC_7295035_640x480.jpg,train,malignant,9537,84.0,23816,2.0,-1,1
train_set/malignant/ISIC_7312977_640x427.jpg,train,malignant,8445,82.0,23873,0.0,-1,1
train_set/malignant/ISIC_7320371_640x478.jpg,train,malignant,801,90.0,23901,0.0,-1,1
train_set/malignant/ISIC_7327423_640x425.jpg,train,malignant,7099,86.0,23920,0.0,-1,1
train_set/malignant/ISIC_7346228_640x478.jpg,train,malignant,502,94.0,23985,0.0,-1,1
train_set/malignant/ISIC_7346739_640x480.jpg,train,malignant,7832,90.0,23986,0.0,-1,1
train_set/malignant/ISIC_7349772_640x480.jpg,train,malignant,944,82.0,23991,2.0,-1,1
train_set/malignant/ISIC_7371801_640x360.jpg,train,malignant,1067,88.0,24068,2.0,-1,1
train_set/malignant/ISIC_7372719_640x427.jpg,train,malignant,1428,94.0,24072,2.0,-1,1
train_set/malignant/ISIC_7410175_640x478.jpg,train,malignant,795,96.0,24194,0.0,-1,1
train_set/malignant/ISIC_7460887_640x480.jpg,train,malignant,9460,88.0,24353,0.0,-1,1
train_set/malignant/ISIC_7466678_640x360.jpg,train,malignant,449,86.0,24376,6.0,-1,1
train_set/malignant/ISIC_7489564_640x480.jpg,train,malignant,759,92.0,24439,2.0,-1,1
train_set/malignant/ISIC_7503950_640x427.jpg,train,malignant,7799,86.0,24485,0.0,-1,1
train_set/malignant/ISIC_7520843_640x427.jpg,train,malignant,1909,72.0,24551,0.0,-1,1
train_set/malignant/ISIC_7536704_640x360.jpg,train,malignant,7942,76.0,24595,2.0,-1,1
train_set/malignant/ISIC_7546219_640x478.jpg,train,malignant,855,88.0,24623,0.0,-1,1
train_set/malignant/ISIC_7577395_640x480.jpg,train,malignant,4929,90.0,24731,2.0,-1,1
train_set/malignant/ISIC_7612992_640x480.jpg,train,malignant,7865,78.0,24845,2.0,-1,1
train_set/malignant/ISIC_7614221_640x427.jpg,train,malignant,4134,80.0,24848,2.0,-1,1
train_set/malignant/ISIC_7626256_480x480.jpg,train,malignant,8237,88.0,24887,0.0,-1,1
train_set/malignant/ISIC_7658729_640x478.jpg,train,malignant,1790,70.0,25001,2.0,-1,1
train_set/malignant/ISIC_7662910_640x480.jpg,train,malignant,7428,86.0,25012,0.0,-1,1
train_set/malignant/ISIC_7680948_640x360.jpg,train,malignant,445,86.0,25066,4.0,-1,1
train_set/malignant/ISIC_7693611_640x480.jpg,train,malignant,7744,60.0,25104,0.0,-1,1
train_set/malignant/ISIC_7724762_640x480.jpg,train,malignant,190,90.0,25211,0.0,-1,1
train_set/malignant/ISIC_7730937_640x480.jpg,train,malignant,9584,88.0,25236,0.0,-1,1
train_set/malignant/ISIC_7748311_640x425.jpg,train,malignant,6904,84.0,25282,2.0,-1,1
train_set/malignant/ISIC_7763042_640x427.jpg,train,malignant,7722,66.0,25334,0.0,-1,1
train_set/malignant/ISIC_7785723_640x425.jpg,train,malignant,1170,74.0,25417,2.0,-1,1
train_set/malignant/ISIC_7788318_640x480.jpg,train,malignant,7474,84.0,25423,0.0,-1,1
train_set/malignant/ISIC_7800750_640x427.jpg,train,malignant,4731,90.0,25460,0.0,-1,1
train_set/malignant/ISIC_7844825_640x360.jpg,train,malignant,1518,92.0,25619,4.0,-1,1
train_set/malignant/ISIC_7872595_480x480.jpg,train,malignant,68,64.0,25694,2.0,-1,1
train_set/malignant/ISIC_7897925_640x360.jpg,train,malignant,5596,84.0,25771,4.0,-1,1
train_set/malignant/ISIC_7914631_640x360.jpg,train,malignant,1843,86.0,25817,2.0,-1,1
train_set/malignant/ISIC_7927525_640x480.jpg,train,malignant,925,82.0,25859,2.0,-1,1
train_set/malignant/ISIC_7936755_640x480.jpg,train,malignant,1174,84.0,25894,2.0,-1,1
train_set/malignant/ISIC_7939816_640x425.jpg,train,malignant,1170,70.0,25906,4.0,-1,1
train_set/malignant/ISIC_7948290_640x360.jpg,train,malignant,7460,64.0,25923,8.0,-1,1
train_set/malignant/ISIC_7960321_640x480.jpg,train,malignant,7757,80.0,25966,0.0,-1,1
train_set/malignant/ISIC_7960869_640x360.jpg,train,malignant,271,90.0,25968,4.0,-1,1
train_set/malignant/ISIC_7961365_640x360.jpg,train,malignant,8836,70.0,25972,6.0,-1,1
train_set/malignant/ISIC_7973598_640x425.jpg,train,malignant,6767,76.0,26010,0.0,-1,1
train_set/malignant/ISIC_8002875_640x480.jpg,train,malignant,1214,90.0,26112,2.0,-1,1
train_set/malignant/ISIC_8006211_480x480.jpg,train,malignant,5987,92.0,26126,0.0,-1,1
train_set/malignant/ISIC_8009536_640x480.jpg,train,malignant,3335,94.0,26136,4.0,-1,1
train_set/malignant/ISIC_8011058_640x427.jpg,train,malignant,765,94.0,26143,4.0,-1,1
train_set/malignant/ISIC_8027899_640x480.jpg,train,malignant,3653,84.0,26209,2.0,-1,1
train_set/malignant/ISIC_8040024_640x360.jpg,train,malignant,7163,82.0,26257,4.0,-1,1
train_set/malignant/ISIC_8052769_640x480.jpg,train,malignant,9446,86.0,26302,2.0,-1,1
train_set/malignant/ISIC_8066110_640x360.jpg,train,malignant,4048,82.0,26348,4.0,-1,1
train_set/malignant/ISIC_8068693_640x480.jpg,train,malignant,3447,84.0,26360,4.0,-1,1
train_set/malignant/ISIC_8106899_640x480.jpg,train,malignant,7094,82.0,26468,0.0,-1,1
train_set/malignant/ISIC_8124900_640x427.jpg,train,malignant,5907,84.0,26528,2.0,-1,1
train_set/malignant/ISIC_8133350_640x480.jpg,train,malignant,7438,82.0,26561,2.0,-1,1
train_set/malignant/ISIC_8145348_640x480.jpg,train,malignant,5810,86.0,26601,2.0,-1,1
train_set/malignant/ISIC_8157654_640x480.jpg,train,malignant,6730,84.0,26646,2.0,-1,1
train_set/malignant/ISIC_8167374_640x427.jpg,train,malignant,1354,78.0,26682,2.0,-1,1
train_set/malignant/ISIC_8175453_640x480.jpg,train,malignant,1776,76.0,26710,2.0,-1,1
train_set/malignant/ISIC_8194835_640x480.jpg,train,malignant,7646,86.0,26775,2.0,-1,1
train_set/malignant/ISIC_8207974_640x480.jpg,train,malignant,6601,86.0,26824,0.0,-1,1
train_set/malignant/ISIC_8230318_640x480.jpg,train,malignant,6466,90.0,26893,2.0,-1,1
train_set/malignant/ISIC_8231999_640x480.jpg,train,malignant,2147,94.0,26899,2.0,-1,1
train_set/malignant/ISIC_8249854_640x427.jpg,train,malignant,2260,92.0,26967,2.0,-1,1
train_set/malignant/ISIC_8252406_640x360.jpg,train,malignant,1039,86.0,26977,6.0,-1,1
train_set/malignant/ISIC_8263489_640x427.jpg,train,malignant,210,86.0,27008,2.0,-1,1
train_set/malignant/ISIC_8281208_640x425.jpg,train,malignant,120,76.0,27065,2.0,-1,1
train_set/malignant/ISIC_8306697_640x480.jpg,train,malignant,227,94.0,27155,0.0,-1,1
train_set/malignant/ISIC_8325226_640x425.jpg,train,malignant,9660,80.0,27222,2.0,-1,1
train_set/malignant/ISIC_8355446_640x427.jpg,train,malignant,8476,70.0,27325,0.0,-1,1
train_set/malignant/ISIC_8379956_640x480.jpg,train,malignant,1259,92.0,27404,2.0,-1,1
train_set/malignant/ISIC_8381531_640x478.jpg,train,malignant,7164,84.0,27414,2.0,-1,1
train_set/malignant/ISIC_8397285_640x427.jpg,train,malignant,1038,86.0,27462,4.0,-1,1
train_set/malignant/ISIC_8414609_640x480.jpg,train,malignant,122,94.0,27507,2.0,-1,1
train_set/malignant/ISIC_8417873_640x478.jpg,train,malignant,7104,86.0,27518,6.0,-1,1
train_set/malignant/ISIC_8437493_640x480.jpg,train,malignant,4483,92.0,27591,6.0,-1,1
train_set/malignant/ISIC_8450656_640x480.jpg,train,malignant,730,82.0,27631,2.0,-1,1
train_set/malignant/ISIC_8483382_480x480.jpg,train,malignant,4135,88.0,27733,2.0,-1,1
train_set/malignant/ISIC_8485716_640x480.jpg,train,malignant,4939,76.0,27741,0.0,-1,1
train_set/malignant/ISIC_8493108_640x360.jpg,train,malignant,5395,78.0,27764,4.0,-1,1
train_set/malignant/ISIC_8496052_640x480.jpg,train,malignant,1126,92.0,27774,0.0,-1,1
train_set/malignant/ISIC_8497457_640x480.jpg,train,malignant,597,78.0,27778,2.0,-1,1
train_set/malignant/ISIC_8509577_640x480.jpg,train,malignant,6201,82.0,27821,0.0,-1,1
train_set/malignant/ISIC_8521610_640x480.jpg,train,malignant,8045,90.0,27855,2.0,-1,1
train_set/malignant/ISIC_8527092_640x480.jpg,train,malignant,2967,80.0,27877,0.0,-1,1
train_set/malignant/ISIC_8545949_640x360.jpg,train,malignant,6671,92.0,27932,0.0,-1,1
train_set/malignant/ISIC_8564474_640x360.jpg,train,malignant,7983,94.0,27985,4.0,-1,1
train_set/malignant/ISIC_8566006_640x480.jpg,train,malignant,7338,80.0,27992,4.0,-1,1
train_set/malignant/ISIC_8609756_640x425.jpg,train,malignant,7033,62.0,28138,2.0,-1,1
train_set/malignant/ISIC_8615491_640x480.jpg,train,malignant,1415,84.0,28153,2.0,-1,1
train_set/malignant/ISIC_8617277_640x360.jpg,train,malignant,9410,84.0,28157,0.0,-1,1
train_set/malignant/ISIC_8621568_640x360.jpg,train,malignant,2997,90.0,28168,0.0,-1,1
train_set/malignant/ISIC_8672524_640x425.jpg,train,malignant,2587,82.0,28359,2.0,-1,1
train_set/malignant/ISIC_8677053_640x480.jpg,train,malignant,9288,86.0,28373,2.0,-1,1
train_set/malignant/ISIC_8692218_640x480.jpg,train,malignant,850,84.0,28416,2.0,-1,1
train_set/malignant/ISIC_8702237_640x360.jpg,train,malignant,1041,80.0,28450,4.0,-1,1
train_set/malignant/ISIC_8724944_640x360.jpg,train,malignant,8531,90.0,28525,2.0,-1,1
train_set/malignant/ISIC_8732757_640x360.jpg,train,malignant,4890,84.0,28545,2.0,-1,1
train_set/malignant/ISIC_8737794_640x427.jpg,train,malignant,1169,88.0,28551,2.0,-1,1
train_set/malignant/ISIC_8789051_640x480.jpg,train,malignant,9392,90.0,28712,8.0,-1,1
train_set/malignant/ISIC_8838753_640x480.jpg,train,malignant,3542,70.0,28893,2.0,-1,1
train_set/malignant/ISIC_8859274_640x478.jpg,train,malignant,3700,96.0,28965,2.0,-1,1
train_set/malignant/ISIC_8866651_640x360.jpg,train,malignant,257,94.0,28988,2.0,-1,1
train_set/malignant/ISIC_8872158_640x478.jpg,train,malignant,2595,90.0,29008,0.0,-1,1
train_set/malignant/ISIC_8882374_640x478.jpg,train,malignant,1170,70.0,29041,4.0,-1,1
train_set/malignant/ISIC_8892236_640x480.jpg,train,malignant,4865,76.0,29076,0.0,-1,1
train_set/malignant/ISIC_8922893_640x360.jpg,train,malignant,4432,70.0,29166,4.0,-1,1
train_set/malignant/ISIC_8951909_640x478.jpg,train,malignant,3338,76.0,29245,0.0,-1,1
train_set/malignant/ISIC_8985109_640x478.jpg,train,malignant,7922,78.0,29369,2.0,-1,1
train_set/malignant/ISIC_9000234_640x360.jpg,train,malignant,5207,64.0,29414,4.0,-1,1
train_set/malignant/ISIC_9000824_640x360.jpg,train,malignant,983,94.0,29416,2.0,-1,1
train_set/malignant/ISIC_9001948_640x360.jpg,train,malignant,4645,80.0,29420,6.0,-1,1
train_set/malignant/ISIC_9012513_480x480.jpg,train,malignant,9315,92.0,29444,0.0,-1,1
train_set/malignant/ISIC_9022005_640x427.jpg,train,malignant,7932,88.0,91,2.0,-1,1
train_set/malignant/ISIC_9038318_640x427.jpg,train,malignant,7626,92.0,29532,0.0,-1,1
train_set/malignant/ISIC_9048507_640x480.jpg,train,malignant,9338,68.0,29561,0.0,-1,1
train_set/malignant/ISIC_9052500_640x427.jpg,train,malignant,94,94.0,29573,0.0,-1,1
train_set/malignant/ISIC_9053910_640x478.jpg,train,malignant,6984,80.0,29581,2.0,-1,1
train_set/malignant/ISIC_9124447_640x480.jpg,train,malignant,2855,92.0,29839,0.0,-1,1
train_set/malignant/ISIC_9130157_640x480.jpg,train,malignant,3871,66.0,29857,2.0,-1,1
train_set/malignant/ISIC_9164054_480x480.jpg,train,malignant,6824,82.0,29970,0.0,-1,1
train_set/malignant/ISIC_9174306_480x480.jpg,train,malignant,9280,86.0,29999,2.0,-1,1
train_set/malignant/ISIC_9193127_640x360.jpg,train,malignant,2018,58.0,30057,0.0,-1,1
train_set/malignant/ISIC_9199429_640x480.jpg,train,malignant,4686,94.0,30082,2.0,-1,1
train_set/malignant/ISIC_9210255_640x427.jpg,train,malignant,8232,80.0,30115,2.0,-1,1
train_set/malignant/ISIC_9228573_640x425.jpg,train,malignant,9368,82.0,30173,2.0,-1,1
train_set/malignant/ISIC_9268487_640x425.jpg,train,malignant,2583,78.0,30298,0.0,-1,1
train_set/malignant/ISIC_9286292_640x360.jpg,train,malignant,1416,90.0,30351,0.0,-1,1
train_set/malignant/ISIC_9312164_640x427.jpg,train,malignant,4548,86.0,30441,2.0,-1,1
train_set/malignant/ISIC_9317483_640x480.jpg,train,malignant,3147,80.0,30456,4.0,-1,1
train_set/malignant/ISIC_9351516_640x480.jpg,train,malignant,1666,86.0,30581,2.0,-1,1
train_set/malignant/ISIC_9367522_640x478.jpg,train,malignant,9685,86.0,30636,0.0,-1,1
train_set/malignant/ISIC_9402324_640x480.jpg,train,malignant,7433,88.0,30723,2.0,-1,1
train_set/malignant/ISIC_9509757_640x478.jpg,train,malignant,823,80.0,31087,2.0,-1,1
train_set/malignant/ISIC_9544832_640x480.jpg,train,malignant,7499,78.0,31190,0.0,-1,1
train_set/malignant/ISIC_9547725_640x480.jpg,train,malignant,7768,86.0,31199,2.0,-1,1
train_set/malignant/ISIC_9548821_640x478.jpg,train,malignant,672,88.0,31201,0.0,-1,1
train_set/malignant/ISIC_9556334_640x478.jpg,train,malignant,750,90.0,31219,2.0,-1,1
train_set/malignant/ISIC_9571842_640x427.jpg,train,malignant,2773,92.0,31272,0.0,-1,1
train_set/malignant/ISIC_9579703_640x360.jpg,train,malignant,8255,90.0,31303,4.0,-1,1
train_set/malignant/ISIC_9583969_640x360.jpg,train,malignant,8754,88.0,31320,2.0,-1,1
train_set/malignant/ISIC_9585329_640x425.jpg,train,malignant,6820,82.0,31322,6.0,-1,1
train_set/malignant/ISIC_9593940_480x480.jpg,train,malignant,4593,92.0,31350,4.0,-1,1
train_set/malignant/ISIC_9596721_640x427.jpg,train,malignant,1769,94.0,31364,2.0,-1,1
train_set/malignant/ISIC_9612481_480x480.jpg,train,malignant,6579,90.0,31413,6.0,-1,1
train_set/malignant/ISIC_9626843_640x480.jpg,train,malignant,2135,80.0,31454,6.0,-1,1
train_set/malignant/ISIC_9677503_640x478.jpg,train,malignant,415,74.0,31631,0.0,-1,1
train_set/malignant/ISIC_9685931_640x427.jpg,train,malignant,7920,66.0,31659,4.0,-1,1
train_set/malignant/ISIC_9754098_640x480.jpg,train,malignant,6830,70.0,31890,2.0,-1,1
train_set/malignant/ISIC_9770677_640x480.jpg,train,malignant,7417,90.0,31943,2.0,-1,1
train_set/malignant/ISIC_9785077_640x360.jpg,train,malignant,5313,80.0,31988,4.0,-1,1
train_set/malignant/ISIC_9821002_640x425.jpg,train,malignant,2508,88.0,32104,2.0,-1,1
train_set/malignant/ISIC_9828846_640x480.jpg,train,malignant,7410,76.0,32142,2.0,-1,1
train_set/malignant/ISIC_9863642_640x478.jpg,train,malignant,1355,90.0,32257,0.0,-1,1
train_set/malignant/ISIC_9870885_640x360.jpg,train,malignant,7352,86.0,32284,2.0,-1,1
train_set/malignant/ISIC_9900191_640x478.jpg,train,malignant,2544,88.0,32388,0.0,-1,1
train_set/malignant/ISIC_9910791_640x478.jpg,train,malignant,2375,82.0,32418,2.0,-1,1
train_set/malignant/ISIC_9955163_640x480.jpg,train,malignant,1470,80.0,32545,2.0,-1,1
train_set/malignant/ISIC_9963177_640x360.jpg,train,malignant,3643,88.0,32576,2.0,-1,1
train_set/malignant/ISIC_9967383_640x427.jpg,train,malignant,7670,70.0,8339,2.0,-1,1
train_set/malignant/ISIC_9978107_640x425.jpg,train,malignant,1170,80.0,32625,4.0,-1,1
train_set/malignant/ISIC_9998682_640x480.jpg,train,malignant,3918,92.0,32692,0.0,-1,1
val_set/benign/ISIC_1017035_640x360.jpg,val,benign,3705,86.0,3049,4.0,-1,0
val_set/benign/ISIC_1018265_640x427.jpg,val,benign,8481,90.0,3056,2.0,-1,0
val_set/benign/ISIC_1020208_640x480.jpg,val,benign,7911,76.0,3058,2.0,-1,0
val_set/benign/ISIC_1020569_640x427.jpg,val,benign,7497,70.0,3061,4.0,-1,0
val_set/benign/ISIC_1020809_640x360.jpg,val,benign,8421,86.0,3064,2.0,-1,0
val_set/benign/ISIC_1021110_640x480.jpg,val,benign,5103,82.0,3068,2.0,-1,0
val_set/benign/ISIC_1021883_640x427.jpg,val,benign,2781,84.0,3069,0.0,-1,0
val_set/benign/ISIC_1022958_640x425.jpg,val,benign,7094,82.0,3072,2.0,-1,0
val_set/benign/ISIC_1023339_640x480.jpg,val,benign,8757,78.0,3074,2.0,-1,0
val_set/benign/ISIC_1023810_640x427.jpg,val,benign,7033,80.0,3079,0.0,-1,0
val_set/benign/ISIC_1025481_640x427.jpg,val,benign,973,80.0,3085,0.0,-1,0
val_set/benign/ISIC_1026382_640x360.jpg,val,benign,3892,94.0,3087,4.0,-1,0
val_set/benign/ISIC_1028550_640x427.jpg,val,benign,408,84.0,3092,0.0,-1,0
val_set/benign/ISIC_1033336_640x360.jpg,val,benign,3647,90.0,3106,2.0,-1,0
val_set/benign/ISIC_1034492_640x427.jpg,val,benign,1393,64.0,3112,0.0,-1,0
val_set/benign/ISIC_1037380_640x427.jpg,val,benign,8949,48.0,3117,4.0,-1,0
val_set/benign/ISIC_1037947_640x427.jpg,val,benign,2392,44.0,3120,2.0,-1,0
val_set/benign/ISIC_1039431_640x480.jpg,val,benign,275,90.0,3122,0.0,-1,0
val_set/benign/ISIC_1043157_640x360.jpg,val,benign,5055,90.0,3131,4.0,-1,0
val_set/benign/ISIC_1044344_640x427.jpg,val,benign,8949,52.0,3139,4.0,-1,0
val_set/benign/ISIC_1046786_640x480.jpg,val,benign,2283,92.0,3146,0.0,-1,0
val_set/benign/ISIC_1048077_640x427.jpg,val,benign,7459,90.0,3147,4.0,-1,0
val_set/benign/ISIC_1048856_640x427.jpg,val,benign,9432,72.0,3149,6.0,-1,0
val_set/benign/ISIC_1050158_640x427.jpg,val,benign,7338,80.0,3154,2.0,-1,0
val_set/benign/ISIC_1052148_640x480.jpg,val,benign,5966,74.0,3164,2.0,-1,0
val_set/benign/ISIC_1053427_640x360.jpg,val,benign,1895,88.0,3167,6.0,-1,0
val_set/benign/ISIC_1059054_640x480.jpg,val,benign,7439,78.0,3178,0.0,-1,0
val_set/benign/ISIC_1059147_640x426.jpg,val,benign,1644,84.0,3179,4.0,-1,0
val_set/benign/ISIC_1060161_640x360.jpg,val,benign,682,84.0,3182,4.0,-1,0
val_set/benign/ISIC_1060448_640x480.jpg,val,benign,783,94.0,3183,2.0,-1,0
val_set/benign/ISIC_1063407_640x480.jpg,val,benign,6867,80.0,3187,0.0,-1,0
val_set/benign/ISIC_1066801_640x360.jpg,val,benign,8014,88.0,3194,4.0,-1,0
val_set/benign/ISIC_1066973_640x360.jpg,val,benign,5775,74.0,3195,4.0,-1,0
val_set/benign/ISIC_1069587_640x427.jpg,val,benign,4683,86.0,3202,4.0,-1,0
val_set/benign/ISIC_1070631_640x360.jpg,val,benign,7027,86.0,3204,6.0,-1,0
val_set/benign/ISIC_1071458_640x480.jpg,val,benign,2914,88.0,3210,2.0,-1,0
val_set/benign/ISIC_1074629_640x427.jpg,val,benign,2234,82.0,3220,0.0,-1,0
val_set/benign/ISIC_1074939_640x360.jpg,val,benign,6464,82.0,3221,2.0,-1,0
val_set/benign/ISIC_1074985_640x480.jpg,val,benign,3751,86.0,3222,0.0,-1,0
val_set/benign/ISIC_1076091_640x427.jpg,val,benign,5676,68.0,3230,2.0,-1,0
val_set/benign/ISIC_1076474_640x427.jpg,val,benign,2371,76.0,3232,0.0,-1,0
val_set/benign/ISIC_1076554_640x360.jpg,val,benign,8110,70.0,3233,0.0,-1,0
val_set/benign/ISIC_1078823_640x478.jpg,val,benign,9233,84.0,3240,2.0,-1,0
val_set/benign/ISIC_1079829_640x480.jpg,val,benign,2335,86.0,3243,2.0,-1,0
val_set/benign/ISIC_1080647_640x478.jpg,val,benign,7784,70.0,3245,2.0,-1,0
val_set/benign/ISIC_1083365_640x480.jpg,val,benign,888,82.0,3252,2.0,-1,0
val_set/benign/ISIC_1083392_640x360.jpg,val,benign,7610,80.0,3253,4.0,-1,0
val_set/benign/ISIC_1083584_640x360.jpg,val,benign,2270,88.0,3255,2.0,-1,0
val_set/benign/ISIC_1084298_640x425.jpg,val,benign,1098,80.0,3260,0.0,-1,0
val_set/benign/ISIC_1084452_640x427.jpg,val,benign,8799,74.0,3261,2.0,-1,0
val_set/benign/ISIC_1087923_640x480.jpg,val,benign,1130,84.0,3269,2.0,-1,0
val_set/benign/ISIC_1090983_640x427.jpg,val,benign,2443,78.0,3278,2.0,-1,0
val_set/benign/ISIC_1091253_640x427.jpg,val,benign,2974,94.0,3279,2.0,-1,0
val_set/benign/ISIC_1091280_640x480.jpg,val,benign,606,88.0,3280,4.0,-1,0
val_set/benign/ISIC_1092432_640x427.jpg,val,benign,9973,92.0,3285,2.0,-1,0
val_set/benign/ISIC_1093390_640x360.jpg,val,benign,6927,80.0,3289,6.0,-1,0
val_set/benign/ISIC_1095325_640x360.jpg,val,benign,8392,90.0,3294,0.0,-1,0
val_set/benign/ISIC_1100216_640x427.jpg,val,benign,1606,86.0,3299,2.0,-1,0
val_set/benign/ISIC_1106211_640x425.jpg,val,benign,1170,74.0,3320,2.0,-1,0
val_set/benign/ISIC_1107954_640x427.jpg,val,benign,5019,72.0,3329,0.0,-1,0
val_set/benign/ISIC_1109516_640x360.jpg,val,benign,1553,72.0,3333,4.0,-1,0
val_set/benign/ISIC_1113686_640x480.jpg,val,benign,1468,78.0,3350,2.0,-1,0
val_set/benign/ISIC_1114860_640x480.jpg,val,benign,7373,86.0,3353,2.0,-1,0
val_set/benign/ISIC_1115013_640x480.jpg,val,benign,1350,84.0,3355,0.0,-1,0
val_set/benign/ISIC_1115160_640x427.jpg,val,benign,2174,86.0,3356,2.0,-1,0
val_set/benign/ISIC_1117976_640x360.jpg,val,benign,2444,44.0,3364,2.0,-1,0
val_set/benign/ISIC_1117996_640x427.jpg,val,benign,8925,70.0,3365,0.0,-1,0
val_set/benign/ISIC_1118894_640x480.jpg,val,benign,2609,86.0,3367,2.0,-1,0
val_set/benign/ISIC_1119559_640x427.jpg,val,benign,7545,68.0,3369,4.0,-1,0
val_set/benign/ISIC_1120654_640x480.jpg,val,benign,9617,88.0,3371,2.0,-1,0
val_set/benign/ISIC_1121984_640x427.jpg,val,benign,588,72.0,3374,2.0,-1,0
val_set/benign/ISIC_1124696_640x480.jpg,val,benign,9323,88.0,3383,0.0,-1,0
val_set/benign/ISIC_1127057_640x427.jpg,val,benign,2392,54.0,3389,2.0,-1,0
val_set/benign/ISIC_1127430_640x427.jpg,val,benign,692,92.0,3390,2.0,-1,0
val_set/benign/ISIC_1127639_640x360.jpg,val,benign,5026,86.0,3391,2.0,-1,0
val_set/benign/ISIC_1128858_640x360.jpg,val,benign,4574,82.0,3397,6.0,-1,0
val_set/benign/ISIC_1129825_640x480.jpg,val,benign,7666,90.0,3399,0.0,-1,0
val_set/benign/ISIC_1134437_640x360.jpg,val,benign,5256,84.0,3413,4.0,-1,0
val_set/benign/ISIC_1135485_640x427.jpg,val,benign,90,92.0,3417,4.0,-1,0
val_set/benign/ISIC_1135977_640x427.jpg,val,benign,1724,92.0,3418,2.0,-1,0
val_set/benign/ISIC_1136589_640x480.jpg,val,benign,7001,72.0,3419,0.0,-1,0
val_set/benign/ISIC_1137455_640x425.jpg,val,benign,1316,90.0,3424,4.0,-1,0
val_set/benign/ISIC_1138868_640x480.jpg,val,benign,8489,90.0,3427,0.0,-1,0
val_set/benign/ISIC_1142158_640x360.jpg,val,benign,3873,80.0,3437,2.0,-1,0
val_set/benign/ISIC_1144286_640x360.jpg,val,benign,180,90.0,3444,4.0,-1,0
val_set/benign/ISIC_1144466_640x427.jpg,val,benign,8839,64.0,3445,2.0,-1,0
val_set/benign/ISIC_1146341_640x427.jpg,val,benign,6310,70.0,3453,0.0,-1,0
val_set/benign/ISIC_1147795_640x427.jpg,val,benign,2837,86.0,3457,2.0,-1,0
val_set/benign/ISIC_1147965_640x480.jpg,val,benign,3192,90.0,3458,2.0,-1,0
val_set/benign/ISIC_1151929_640x360.jpg,val,benign,376,90.0,3469,6.0,-1,0
val_set/benign/ISIC_1152051_640x480.jpg,val,benign,9526,80.0,3470,2.0,-1,0
val_set/benign/ISIC_1153069_640x360.jpg,val,benign,478,80.0,3474,4.0,-1,0
val_set/benign/ISIC_1154109_640x480.jpg,val,benign,7244,60.0,3480,2.0,-1,0
val_set/benign/ISIC_1156392_640x480.jpg,val,benign,1241,88.0,3487,4.0,-1,0
val_set/benign/ISIC_1157007_640x480.jpg,val,benign,5697,82.0,3488,6.0,-1,0
val_set/benign/ISIC_1157099_640x427.jpg,val,benign,6795,84.0,3490,4.0,-1,0
val_set/benign/ISIC_1157850_640x360.jpg,val,benign,345,92.0,3492,2.0,-1,0
val_set/benign/ISIC_1159773_640x480.jpg,val,benign,5455,86.0,3497,0.0,-1,0
val_set/benign/ISIC_1164529_640x425.jpg,val,benign,2554,86.0,3521,4.0,-1,0
val_set/benign/ISIC_1166337_640x360.jpg,val,benign,5363,76.0,3528,2.0,-1,0
val_set/benign/ISIC_1171426_640x427.jpg,val,benign,8949,42.0,3544,6.0,-1,0
val_set/benign/ISIC_1172855_640x480.jpg,val,benign,217,92.0,3550,0.0,-1,0
val_set/benign/ISIC_1172952_640x478.jpg,val,benign,6738,88.0,3551,0.0,-1,0
val_set/benign/ISIC_1175170_640x427.jpg,val,benign,9302,86.0,3559,2.0,-1,0
val_set/benign/ISIC_1175291_640x480.jpg,val,benign,1885,90.0,3561,0.0,-1,0
val_set/benign/ISIC_1176987_640x480.jpg,val,benign,7543,58.0,3567,0.0,-1,0
val_set/benign/ISIC_1178367_640x427.jpg,val,benign,299,78.0,3572,6.0,-1,0
val_set/benign/ISIC_1178518_640x360.jpg,val,benign,4931,80.0,3575,4.0,-1,0
val_set/benign/ISIC_1178847_640x360.jpg,val,benign,1222,90.0,3576,4.0,-1,0
val_set/benign/ISIC_1181626_640x360.jpg,val,benign,4486,94.0,3582,0.0,-1,0
val_set/benign/ISIC_1182470_640x480.jpg,val,benign,7983,88.0,3584,0.0,-1,0
val_set/benign/ISIC_1182612_640x360.jpg,val,benign,9506,78.0,3585,6.0,-1,0
val_set/benign/ISIC_1185134_640x360.jpg,val,benign,3475,82.0,3591,6.0,-1,0
val_set/benign/ISIC_1185497_640x360.jpg,val,benign,217,92.0,3593,2.0,-1,0
val_set/benign/ISIC_1190567_640x360.jpg,val,benign,848,90.0,3608,4.0,-1,0
val_set/benign/ISIC_1194836_640x427.jpg,val,benign,2443,66.0,3618,0.0,-1,0
val_set/benign/ISIC_1195961_640x427.jpg,val,benign,9309,82.0,3624,2.0,-1,0
val_set/benign/ISIC_1199236_640x360.jpg,val,benign,4223,90.0,3642,2.0,-1,0
val_set/benign/ISIC_1200790_640x427.jpg,val,benign,9652,90.0,3649,0.0,-1,0
val_set/benign/ISIC_1202785_640x480.jpg,val,benign,666,82.0,3657,2.0,-1,0
val_set/benign/ISIC_1203254_640x480.jpg,val,benign,24,76.0,3660,0.0,-1,0
val_set/benign/ISIC_1203983_640x427.jpg,val,benign,9038,84.0,3663,2.0,-1,0
val_set/benign/ISIC_1205826_640x427.jpg,val,benign,1331,90.0,3669,2.0,-1,0
val_set/benign/ISIC_1207387_640x360.jpg,val,benign,7920,80.0,3675,2.0,-1,0
val_set/benign/ISIC_1207456_640x427.jpg,val,benign,7807,66.0,3676,2.0,-1,0
val_set/benign/ISIC_1211506_640x427.jpg,val,benign,6487,60.0,3691,2.0,-1,0
val_set/benign/ISIC_1212587_640x360.jpg,val,benign,1084,90.0,3693,2.0,-1,0
val_set/benign/ISIC_1216201_640x427.jpg,val,benign,6696,78.0,3699,2.0,-1,0
val_set/benign/ISIC_1217717_640x427.jpg,val,benign,5335,70.0,3704,0.0,-1,0
val_set/benign/ISIC_1218358_640x480.jpg,val,benign,8012,76.0,3705,0.0,-1,0
val_set/benign/ISIC_1219783_640x427.jpg,val,benign,894,94.0,3709,2.0,-1,0
val_set/benign/ISIC_1223648_640x360.jpg,val,benign,3945,72.0,3718,2.0,-1,0
val_set/benign/ISIC_1224329_640x360.jpg,val,benign,8086,84.0,3722,2.0,-1,0
val_set/benign/ISIC_1225511_640x360.jpg,val,benign,5772,80.0,3727,2.0,-1,0
val_set/benign/ISIC_1228909_640x478.jpg,val,benign,7104,84.0,3734,2.0,-1,0
val_set/benign/ISIC_1229548_640x427.jpg,val,benign,3649,82.0,3737,2.0,-1,0
val_set/benign/ISIC_1233068_640x480.jpg,val,benign,1840,90.0,3747,2.0,-1,0
val_set/benign/ISIC_1234310_640x427.jpg,val,benign,6909,46.0,3753,0.0,-1,0
val_set/benign/ISIC_1234463_640x427.jpg,val,benign,7728,74.0,3754,6.0,-1,0
val_set/benign/ISIC_1235335_640x360.jpg,val,benign,7785,90.0,3757,2.0,-1,0
val_set/benign/ISIC_1236761_640x480.jpg,val,benign,788,92.0,3761,0.0,-1,0
val_set/benign/ISIC_1239785_640x427.jpg,val,benign,6767,86.0,3769,2.0,-1,0
val_set/benign/ISIC_1241680_640x360.jpg,val,benign,1755,82.0,3774,6.0,-1,0
val_set/benign/ISIC_1242543_640x480.jpg,val,benign,8971,80.0,3778,4.0,-1,0
val_set/benign/ISIC_1246016_640x360.jpg,val,benign,2341,84.0,3787,2.0,-1,0
val_set/benign/ISIC_1246184_640x427.jpg,val,benign,6684,58.0,3788,2.0,-1,0
val_set/benign/ISIC_1246630_640x427.jpg,val,benign,8949,62.0,3790,2.0,-1,0
val_set/benign/ISIC_1248740_640x427.jpg,val,benign,1366,72.0,3801,2.0,-1,0
val_set/benign/ISIC_1250266_640x480.jpg,val,benign,1707,92.0,3808,0.0,-1,0
val_set/benign/ISIC_1251020_640x480.jpg,val,benign,2047,90.0,3813,0.0,-1,0
val_set/benign/ISIC_1253009_640x427.jpg,val,benign,6683,62.0,3822,4.0,-1,0
val_set/benign/ISIC_1256143_640x480.jpg,val,benign,2676,92.0,3833,0.0,-1,0
val_set/benign/ISIC_1258127_640x360.jpg,val,benign,1539,84.0,3837,2.0,-1,0
val_set/benign/ISIC_1258271_640x360.jpg,val,benign,1791,78.0,3838,2.0,-1,0
val_set/benign/ISIC_1259091_640x360.jpg,val,benign,6274,90.0,3845,4.0,-1,0
val_set/benign/ISIC_1263585_640x427.jpg,val,benign,9447,82.0,3860,0.0,-1,0
val_set/benign/ISIC_1264722_640x427.jpg,val,benign,4092,86.0,3862,2.0,-1,0
val_set/benign/ISIC_1264993_640x360.jpg,val,benign,4709,68.0,3866,2.0,-1,0
val_set/benign/ISIC_1265230_640x425.jpg,val,benign,7094,84.0,3867,2.0,-1,0
val_set/benign/ISIC_1265653_640x480.jpg,val,benign,820,90.0,3872,0.0,-1,0
val_set/benign/ISIC_1266424_640x480.jpg,val,benign,2398,82.0,3874,2.0,-1,0
val_set/benign/ISIC_1267108_640x427.jpg,val,benign,33,76.0,3878,8.0,-1,0
val_set/benign/ISIC_1267793_640x480.jpg,val,benign,4367,82.0,3879,2.0,-1,0
val_set/benign/ISIC_1269048_640x360.jpg,val,benign,4588,56.0,3881,4.0,-1,0
val_set/benign/ISIC_1270305_640x427.jpg,val,benign,7435,88.0,3885,4.0,-1,0
val_set/benign/ISIC_1272071_640x360.jpg,val,benign,3245,94.0,3892,4.0,-1,0
val_set/benign/ISIC_1274220_640x480.jpg,val,benign,9372,90.0,3900,0.0,-1,0
val_set/benign/ISIC_1274851_640x427.jpg,val,benign,6822,86.0,3903,6.0,-1,0
val_set/benign/ISIC_1276130_640x360.jpg,val,benign,9152,66.0,3907,2.0,-1,0
val_set/benign/ISIC_1277620_640x427.jpg,val,benign,8332,72.0,3908,2.0,-1,0
val_set/benign/ISIC_1280780_640x360.jpg,val,benign,4372,90.0,3914,2.0,-1,0
val_set/benign/ISIC_1281285_640x360.jpg,val,benign,1170,90.0,3915,2.0,-1,0
val_set/benign/ISIC_1282857_640x427.jpg,val,benign,5137,84.0,3919,4.0,-1,0
val_set/benign/ISIC_1283518_640x480.jpg,val,benign,4887,92.0,3922,0.0,-1,0
val_set/benign/ISIC_1284496_640x427.jpg,val,benign,1245,92.0,3926,0.0,-1,0
val_set/benign/ISIC_1290184_640x427.jpg,val,benign,9019,86.0,3940,2.0,-1,0
val_set/benign/ISIC_1290366_640x360.jpg,val,benign,2277,88.0,3942,6.0,-1,0
val_set/benign/ISIC_1290465_640x427.jpg,val,benign,7265,86.0,3943,4.0,-1,0
val_set/benign/ISIC_1290920_640x478.jpg,val,benign,9713,88.0,3946,0.0,-1,0
val_set/benign/ISIC_1292006_640x478.jpg,val,benign,68,80.0,3947,0.0,-1,0
val_set/benign/ISIC_1293403_640x480.jpg,val,benign,5386,88.0,3953,0.0,-1,0
val_set/benign/ISIC_1293501_640x480.jpg,val,benign,6871,70.0,3954,4.0,-1,0
val_set/benign/ISIC_1296073_640x360.jpg,val,benign,2423,88.0,3958,10.0,-1,0
val_set/benign/ISIC_1296490_640x480.jpg,val,benign,2394,76.0,3960,2.0,-1,0
val_set/benign/ISIC_1298253_640x427.jpg,val,benign,141,84.0,3965,4.0,-1,0
val_set/benign/ISIC_1300006_640x427.jpg,val,benign,9503,82.0,3969,2.0,-1,0
val_set/benign/ISIC_1303205_640x360.jpg,val,benign,2353,90.0,3978,8.0,-1,0
val_set/benign/ISIC_1303315_640x360.jpg,val,benign,1416,76.0,3979,4.0,-1,0
val_set/benign/ISIC_1304761_640x427.jpg,val,benign,9661,84.0,3985,4.0,-1,0
val_set/benign/ISIC_1305924_640x360.jpg,val,benign,8113,94.0,3988,2.0,-1,0
val_set/benign/ISIC_1306050_640x478.jpg,val,benign,109,92.0,3990,2.0,-1,0
val_set/benign/ISIC_1307651_640x427.jpg,val,benign,7811,78.0,3996,2.0,-1,0
val_set/benign/ISIC_1308938_640x427.jpg,val,benign,7460,68.0,4002,2.0,-1,0
val_set/benign/ISIC_1309130_640x427.jpg,val,benign,6376,90.0,4004,2.0,-1,0
val_set/benign/ISIC_1312208_640x427.jpg,val,benign,7736,82.0,4009,0.0,-1,0
val_set/benign/ISIC_1319537_640x427.jpg,val,benign,6771,54.0,4029,2.0,-1,0
val_set/benign/ISIC_1321376_640x360.jpg,val,benign,4994,88.0,4033,2.0,-1,0
val_set/benign/ISIC_1322621_640x425.jpg,val,benign,1101,86.0,4036,4.0,-1,0
val_set/benign/ISIC_1323909_640x480.jpg,val,benign,7320,96.0,4043,2.0,-1,0
val_set/benign/ISIC_1326366_640x427.jpg,val,benign,109,82.0,4053,0.0,-1,0
val_set/benign/ISIC_1328804_640x478.jpg,val,benign,5511,86.0,4062,0.0,-1,0
val_set/benign/ISIC_1328868_319x480.jpg,val,benign,7065,64.0,4063,0.0,-1,0
val_set/benign/ISIC_1331993_640x427.jpg,val,benign,5262,78.0,4073,0.0,-1,0
val_set/benign/ISIC_1332281_640x427.jpg,val,benign,2457,86.0,4074,2.0,-1,0
val_set/benign/ISIC_1332597_640x360.jpg,val,benign,5546,82.0,4076,6.0,-1,0
val_set/benign/ISIC_1333230_640x360.jpg,val,benign,9183,74.0,4079,4.0,-1,0
val_set/benign/ISIC_1334038_640x427.jpg,val,benign,102,84.0,4081,2.0,-1,0
val_set/benign/ISIC_1336250_640x360.jpg,val,benign,7787,70.0,4084,6.0,-1,0
val_set/benign/ISIC_1336519_640x480.jpg,val,benign,4772,84.0,4086,0.0,-1,0
val_set/benign/ISIC_1336572_640x480.jpg,val,benign,9281,82.0,4087,2.0,-1,0
val_set/benign/ISIC_1337534_640x478.jpg,val,benign,6956,90.0,4091,0.0,-1,0
val_set/benign/ISIC_1338055_640x360.jpg,val,benign,399,86.0,4094,2.0,-1,0
val_set/benign/ISIC_1340435_640x427.jpg,val,benign,6832,80.0,4101,4.0,-1,0
val_set/benign/ISIC_1341106_640x360.jpg,val,benign,7879,76.0,4103,0.0,-1,0
val_set/benign/ISIC_1342851_640x360.jpg,val,benign,3074,94.0,4111,4.0,-1,0
val_set/benign/ISIC_1349213_640x360.jpg,val,benign,8407,86.0,4132,0.0,-1,0
val_set/benign/ISIC_1350991_640x360.jpg,val,benign,5561,90.0,4139,2.0,-1,0
val_set/benign/ISIC_1351965_640x360.jpg,val,benign,9447,72.0,4143,2.0,-1,0
val_set/benign/ISIC_1352190_640x360.jpg,val,benign,6806,82.0,4144,4.0,-1,0
val_set/benign/ISIC_1352911_640x480.jpg,val,benign,4267,86.0,4148,0.0,-1,0
val_set/benign/ISIC_1353094_640x427.jpg,val,benign,1778,84.0,4150,6.0,-1,0
val_set/benign/ISIC_1355494_640x360.jpg,val,benign,4591,92.0,4160,2.0,-1,0
val_set/benign/ISIC_1355722_640x427.jpg,val,benign,7439,86.0,4161,2.0,-1,0
val_set/benign/ISIC_1355907_640x480.jpg,val,benign,651,88.0,4163,2.0,-1,0
val_set/benign/ISIC_1358147_640x480.jpg,val,benign,1167,72.0,4170,0.0,-1,0
val_set/benign/ISIC_1358441_640x427.jpg,val,benign,1293,90.0,4172,4.0,-1,0
val_set/benign/ISIC_1358527_640x427.jpg,val,benign,8650,86.0,4173,4.0,-1,0
val_set/benign/ISIC_1359156_640x480.jpg,val,benign,8949,58.0,4175,2.0,-1,0
val_set/benign/ISIC_1361124_640x360.jpg,val,benign,6640,88.0,4180,8.0,-1,0
val_set/benign/ISIC_1363372_640x427.jpg,val,benign,9343,64.0,4191,2.0,-1,0
val_set/benign/ISIC_1363787_640x427.jpg,val,benign,9205,52.0,4194,0.0,-1,0
val_set/benign/ISIC_1364368_640x427.jpg,val,benign,6434,94.0,4195,0.0,-1,0
val_set/benign/ISIC_1366765_640x480.jpg,val,benign,8228,78.0,4202,2.0,-1,0
val_set/benign/ISIC_1370142_640x360.jpg,val,benign,5020,84.0,4216,4.0,-1,0
val_set/benign/ISIC_1371223_640x480.jpg,val,benign,8597,94.0,4219,0.0,-1,0
val_set/benign/ISIC_1373908_640x360.jpg,val,benign,4590,78.0,4226,6.0,-1,0
val_set/benign/ISIC_1374795_640x478.jpg,val,benign,9414,84.0,4227,0.0,-1,0
val_set/benign/ISIC_1376098_640x427.jpg,val,benign,3369,86.0,4230,0.0,-1,0
val_set/benign/ISIC_1377409_640x427.jpg,val,benign,9828,72.0,4234,4.0,-1,0
val_set/benign/ISIC_1382271_640x427.jpg,val,benign,7868,88.0,4242,4.0,-1,0
val_set/benign/ISIC_1383347_640x480.jpg,val,benign,4333,90.0,4245,2.0,-1,0
val_set/benign/ISIC_1384331_640x480.jpg,val,benign,3498,82.0,4251,0.0,-1,0
val_set/benign/ISIC_1384614_640x480.jpg,val,benign,3539,94.0,4254,4.0,-1,0
val_set/benign/ISIC_1385033_640x478.jpg,val,benign,900,86.0,4256,2.0,-1,0
val_set/benign/ISIC_1385549_640x360.jpg,val,benign,4133,86.0,4258,4.0,-1,0
val_set/benign/ISIC_1386612_640x480.jpg,val,benign,9371,88.0,4259,2.0,-1,0
val_set/benign/ISIC_1386874_480x480.jpg,val,benign,2229,88.0,4260,4.0,-1,0
val_set/benign/ISIC_1388297_640x480.jpg,val,benign,5075,92.0,4266,0.0,-1,0
val_set/benign/ISIC_1389438_640x480.jpg,val,benign,8249,84.0,4273,0.0,-1,0
val_set/benign/ISIC_1390308_640x360.jpg,val,benign,8740,78.0,4278,4.0,-1,0
val_set/benign/ISIC_1392459_640x360.jpg,val,benign,2916,64.0,4284,4.0,-1,0
val_set/benign/ISIC_1392702_640x427.jpg,val,benign,2642,80.0,4285,4.0,-1,0
val_set/benign/ISIC_1393672_640x360.jpg,val,benign,3876,80.0,4290,8.0,-1,0
val_set/benign/ISIC_1396306_640x427.jpg,val,benign,7776,82.0,4301,2.0,-1,0
val_set/benign/ISIC_1398625_640x427.jpg,val,benign,9113,82.0,4311,2.0,-1,0
val_set/benign/ISIC_1402009_640x360.jpg,val,benign,809,88.0,4323,0.0,-1,0
val_set/benign/ISIC_1402840_640x427.jpg,val,benign,1459,82.0,4328,4.0,-1,0
val_set/benign/ISIC_1404472_640x360.jpg,val,benign,3474,88.0,4333,0.0,-1,0
val_set/benign/ISIC_1404780_640x360.jpg,val,benign,6231,78.0,4334,4.0,-1,0
val_set/benign/ISIC_1405454_640x480.jpg,val,benign,1479,92.0,4336,2.0,-1,0
val_set/benign/ISIC_1405602_640x360.jpg,val,benign,4697,88.0,4337,2.0,-1,0
val_set/benign/ISIC_1409677_640x427.jpg,val,benign,1610,86.0,4341,4.0,-1,0
val_set/benign/ISIC_1410408_640x427.jpg,val,benign,6961,76.0,4344,4.0,-1,0
val_set/benign/ISIC_1410481_640x480.jpg,val,benign,6785,78.0,4345,2.0,-1,0
val_set/benign/ISIC_1410927_640x427.jpg,val,benign,1447,88.0,4347,6.0,-1,0
val_set/benign/ISIC_1411384_640x360.jpg,val,benign,93,86.0,4350,2.0,-1,0
val_set/benign/ISIC_1412137_640x478.jpg,val,benign,6463,80.0,4352,4.0,-1,0
val_set/benign/ISIC_1412620_640x360.jpg,val,benign,8202,90.0,4355,2.0,-1,0
val_set/benign/ISIC_1412759_640x360.jpg,val,benign,1701,86.0,4356,2.0,-1,0
val_set/benign/ISIC_1412906_640x480.jpg,val,benign,1170,82.0,4358,2.0,-1,0
val_set/benign/ISIC_1413120_640x425.jpg,val,benign,1553,82.0,4360,0.0,-1,0
val_set/benign/ISIC_1415237_640x427.jpg,val,benign,6748,76.0,4369,2.0,-1,0
val_set/benign/ISIC_1416995_640x360.jpg,val,benign,7469,84.0,4371,6.0,-1,0
val_set/benign/ISIC_1418788_640x360.jpg,val,benign,7500,80.0,4376,0.0,-1,0
val_set/benign/ISIC_1418941_640x427.jpg,val,benign,7124,76.0,4377,2.0,-1,0
val_set/benign/ISIC_1421568_640x360.jpg,val,benign,715,90.0,4384,4.0,-1,0
val_set/benign/ISIC_1421644_640x427.jpg,val,benign,2350,86.0,4385,0.0,-1,0
val_set/benign/ISIC_1423497_640x360.jpg,val,benign,107,94.0,4389,2.0,-1,0
val_set/benign/ISIC_1424529_640x427.jpg,val,benign,9279,78.0,4390,6.0,-1,0
val_set/benign/ISIC_1426279_640x480.jpg,val,benign,8801,80.0,4395,2.0,-1,0
val_set/benign/ISIC_1426781_640x360.jpg,val,benign,4732,78.0,4397,2.0,-1,0
val_set/benign/ISIC_1426974_640x480.jpg,val,benign,7620,82.0,4398,2.0,-1,0
val_set/benign/ISIC_1429437_640x480.jpg,val,benign,8727,76.0,4404,4.0,-1,0
val_set/benign/ISIC_1429954_640x480.jpg,val,benign,219,84.0,4407,4.0,-1,0
val_set/benign/ISIC_1432058_640x427.jpg,val,benign,9504,90.0,4411,2.0,-1,0
val_set/benign/ISIC_1434141_640x480.jpg,val,benign,125,88.0,4416,0.0,-1,0
val_set/benign/ISIC_1434244_640x427.jpg,val,benign,8839,66.0,4417,2.0,-1,0
val_set/benign/ISIC_1435102_640x427.jpg,val,benign,7494,54.0,4420,4.0,-1,0
val_set/benign/ISIC_1435455_640x480.jpg,val,benign,2825,90.0,4421,4.0,-1,0
val_set/benign/ISIC_1435656_640x360.jpg,val,benign,8915,84.0,4422,6.0,-1,0
val_set/benign/ISIC_1436572_640x480.jpg,val,benign,1974,82.0,4427,0.0,-1,0
val_set/benign/ISIC_1437817_640x360.jpg,val,benign,2948,80.0,4433,8.0,-1,0
val_set/benign/ISIC_1437974_640x427.jpg,val,benign,5269,84.0,4434,2.0,-1,0
val_set/benign/ISIC_1438584_640x360.jpg,val,benign,7739,74.0,4437,2.0,-1,0
val_set/benign/ISIC_1440377_640x427.jpg,val,benign,9529,74.0,4443,2.0,-1,0
val_set/benign/ISIC_1442157_640x427.jpg,val,benign,5076,90.0,4447,0.0,-1,0
val_set/benign/ISIC_1442601_640x480.jpg,val,benign,1375,68.0,4449,2.0,-1,0
val_set/benign/ISIC_1444214_640x480.jpg,val,benign,165,80.0,4452,0.0,-1,0
val_set/benign/ISIC_1447330_640x480.jpg,val,benign,1655,92.0,4461,0.0,-1,0
val_set/benign/ISIC_1449915_640x360.jpg,val,benign,189,84.0,4467,4.0,-1,0
val_set/benign/ISIC_1450315_640x427.jpg,val,benign,145,82.0,4470,4.0,-1,0
val_set/benign/ISIC_1451092_640x427.jpg,val,benign,1363,82.0,4474,2.0,-1,0
val_set/benign/ISIC_1452259_640x480.jpg,val,benign,7776,90.0,4478,2.0,-1,0
val_set/benign/ISIC_1456827_640x428.jpg,val,benign,199,90.0,4500,2.0,-1,0
val_set/benign/ISIC_1459948_640x480.jpg,val,benign,210,84.0,4505,2.0,-1,0
val_set/benign/ISIC_1461940_640x480.jpg,val,benign,3125,68.0,4512,0.0,-1,0
val_set/benign/ISIC_1463850_640x427.jpg,val,benign,1588,86.0,4518,8.0,-1,0
val_set/benign/ISIC_1464862_640x425.jpg,val,benign,1098,72.0,4523,0.0,-1,0
val_set/benign/ISIC_1466047_640x427.jpg,val,benign,9462,92.0,4528,2.0,-1,0
val_set/benign/ISIC_1466584_640x480.jpg,val,benign,7881,90.0,4530,2.0,-1,0
val_set/benign/ISIC_1467232_640x480.jpg,val,benign,1975,74.0,4533,2.0,-1,0
val_set/benign/ISIC_1467430_640x427.jpg,val,benign,7494,68.0,4535,0.0,-1,0
val_set/benign/ISIC_1469380_640x427.jpg,val,benign,7021,90.0,4541,0.0,-1,0
val_set/benign/ISIC_1469861_640x360.jpg,val,benign,1900,82.0,4543,6.0,-1,0
val_set/benign/ISIC_1472637_640x480.jpg,val,benign,8760,78.0,4554,8.0,-1,0
val_set/benign/ISIC_1474577_640x480.jpg,val,benign,7538,90.0,4563,2.0,-1,0
val_set/benign/ISIC_1475867_640x360.jpg,val,benign,582,92.0,4566,2.0,-1,0
val_set/benign/ISIC_1477076_640x427.jpg,val,benign,1547,90.0,4573,4.0,-1,0
val_set/benign/ISIC_1477534_640x478.jpg,val,benign,411,88.0,4574,0.0,-1,0
val_set/benign/ISIC_1479073_640x480.jpg,val,benign,4467,88.0,4579,0.0,-1,0
val_set/benign/ISIC_1479592_640x480.jpg,val,benign,2613,80.0,4582,2.0,-1,0
val_set/benign/ISIC_1479822_640x360.jpg,val,benign,2428,82.0,4584,2.0,-1,0
val_set/benign/ISIC_1480119_640x478.jpg,val,benign,7587,80.0,4587,0.0,-1,0
val_set/benign/ISIC_1481473_640x427.jpg,val,benign,9064,62.0,4590,2.0,-1,0
val_set/benign/ISIC_1484841_640x427.jpg,val,benign,757,90.0,4603,2.0,-1,0
val_set/benign/ISIC_1486076_640x427.jpg,val,benign,7636,62.0,4607,2.0,-1,0
val_set/benign/ISIC_1486154_640x427.jpg,val,benign,27,84.0,4608,4.0,-1,0
val_set/benign/ISIC_1487510_640x360.jpg,val,benign,1383,90.0,4613,4.0,-1,0
val_set/benign/ISIC_1487640_640x360.jpg,val,benign,4729,76.0,4615,2.0,-1,0
val_set/benign/ISIC_1487670_640x427.jpg,val,benign,8208,82.0,4616,2.0,-1,0
val_set/benign/ISIC_1487856_640x425.jpg,val,benign,9950,86.0,4617,2.0,-1,0
val_set/benign/ISIC_1488127_640x360.jpg,val,benign,677,90.0,4619,2.0,-1,0
val_set/benign/ISIC_1488725_640x427.jpg,val,benign,6763,86.0,4623,2.0,-1,0
val_set/benign/ISIC_1490117_640x480.jpg,val,benign,6132,84.0,4627,0.0,-1,0
val_set/benign/ISIC_1490986_640x480.jpg,val,benign,9387,84.0,4629,2.0,-1,0
val_set/benign/ISIC_1495793_640x360.jpg,val,benign,597,92.0,4644,2.0,-1,0
val_set/benign/ISIC_1497121_640x480.jpg,val,benign,723,86.0,4649,0.0,-1,0
val_set/benign/ISIC_1499915_640x480.jpg,val,benign,2129,84.0,4658,0.0,-1,0
val_set/benign/ISIC_1503257_640x425.jpg,val,benign,1259,92.0,4671,2.0,-1,0
val_set/benign/ISIC_1507577_640x480.jpg,val,benign,3619,88.0,4687,0.0,-1,0
val_set/benign/ISIC_1508162_640x427.jpg,val,benign,6090,82.0,4689,2.0,-1,0
val_set/benign/ISIC_1508810_640x427.jpg,val,benign,9628,58.0,4692,2.0,-1,0
val_set/benign/ISIC_1509246_640x480.jpg,val,benign,7338,74.0,4694,2.0,-1,0
val_set/benign/ISIC_1511109_640x427.jpg,val,benign,1570,90.0,4704,2.0,-1,0
val_set/benign/ISIC_1513596_640x480.jpg,val,benign,97,88.0,4710,2.0,-1,0
val_set/benign/ISIC_1513720_640x360.jpg,val,benign,940,92.0,4711,0.0,-1,0
val_set/benign/ISIC_1514642_640x480.jpg,val,benign,1576,88.0,4717,0.0,-1,0
val_set/benign/ISIC_1515947_640x360.jpg,val,benign,4598,82.0,4723,6.0,-1,0
val_set/benign/ISIC_1518461_640x427.jpg,val,benign,6359,78.0,4727,4.0,-1,0
val_set/benign/ISIC_1519000_640x360.jpg,val,benign,6088,74.0,4729,8.0,-1,0
val_set/benign/ISIC_1519698_640x480.jpg,val,benign,7185,72.0,4732,0.0,-1,0
val_set/benign/ISIC_1520897_640x427.jpg,val,benign,4870,88.0,4735,2.0,-1,0
val_set/benign/ISIC_1521135_640x425.jpg,val,benign,3052,84.0,4736,2.0,-1,0
val_set/benign/ISIC_1525284_640x360.jpg,val,benign,7341,82.0,4743,4.0,-1,0
val_set/benign/ISIC_1531048_640x480.jpg,val,benign,8979,92.0,4755,4.0,-1,0
val_set/benign/ISIC_1531971_640x480.jpg,val,benign,3088,82.0,4758,2.0,-1,0
val_set/benign/ISIC_1533305_640x427.jpg,val,benign,27,82.0,4763,2.0,-1,0
val_set/benign/ISIC_1534391_640x427.jpg,val,benign,8949,68.0,4766,4.0,-1,0
val_set/benign/ISIC_1534800_640x360.jpg,val,benign,7756,90.0,4768,2.0,-1,0
val_set/benign/ISIC_1535599_640x360.jpg,val,benign,9733,94.0,4770,2.0,-1,0
val_set/benign/ISIC_1536014_640x427.jpg,val,benign,9302,62.0,4772,6.0,-1,0
val_set/benign/ISIC_1537638_640x480.jpg,val,benign,6537,90.0,4777,2.0,-1,0
val_set/benign/ISIC_1539069_640x427.jpg,val,benign,9065,68.0,4783,4.0,-1,0
val_set/benign/ISIC_1540317_640x360.jpg,val,benign,3693,86.0,4786,4.0,-1,0
val_set/benign/ISIC_1541028_640x427.jpg,val,benign,1393,50.0,4787,0.0,-1,0
val_set/benign/ISIC_1541362_640x360.jpg,val,benign,5022,68.0,4790,6.0,-1,0
val_set/benign/ISIC_1544093_640x427.jpg,val,benign,647,88.0,4799,0.0,-1,0
val_set/benign/ISIC_1545213_640x480.jpg,val,benign,76,84.0,4801,0.0,-1,0
val_set/benign/ISIC_1545544_640x360.jpg,val,benign,875,88.0,4804,4.0,-1,0
val_set/benign/ISIC_1546149_640x427.jpg,val,benign,5121,70.0,4808,4.0,-1,0
val_set/benign/ISIC_1549804_640x480.jpg,val,benign,4429,84.0,4818,0.0,-1,0
val_set/benign/ISIC_1550427_640x360.jpg,val,benign,1619,84.0,4821,0.0,-1,0
val_set/benign/ISIC_1552507_640x360.jpg,val,benign,6233,84.0,4830,4.0,-1,0
val_set/benign/ISIC_1555147_640x360.jpg,val,benign,8610,84.0,4837,0.0,-1,0
val_set/benign/ISIC_1556906_640x360.jpg,val,benign,521,90.0,4840,2.0,-1,0
val_set/benign/ISIC_1564127_640x360.jpg,val,benign,7054,84.0,4857,6.0,-1,0
val_set/benign/ISIC_1565384_640x360.jpg,val,benign,8227,78.0,4860,4.0,-1,0
val_set/benign/ISIC_1565767_640x360.jpg,val,benign,4935,80.0,4863,2.0,-1,0
val_set/benign/ISIC_1566381_640x480.jpg,val,benign,6235,88.0,4868,0.0,-1,0
val_set/benign/ISIC_1566523_640x360.jpg,val,benign,8051,78.0,4870,2.0,-1,0
val_set/benign/ISIC_1569524_640x360.jpg,val,benign,243,88.0,4881,2.0,-1,0
val_set/benign/ISIC_1570758_640x480.jpg,val,benign,7460,74.0,4886,2.0,-1,0
val_set/benign/ISIC_1573974_640x360.jpg,val,benign,7859,70.0,4896,4.0,-1,0
val_set/benign/ISIC_1574123_640x360.jpg,val,benign,4967,94.0,4898,2.0,-1,0
val_set/benign/ISIC_1574374_640x360.jpg,val,benign,1669,88.0,4899,4.0,-1,0
val_set/benign/ISIC_1574947_640x360.jpg,val,benign,3612,90.0,4900,4.0,-1,0
val_set/benign/ISIC_1578194_640x478.jpg,val,benign,1467,80.0,4908,2.0,-1,0
val_set/benign/ISIC_1578998_640x427.jpg,val,benign,8799,74.0,4916,0.0,-1,0
val_set/benign/ISIC_1579497_640x427.jpg,val,benign,9195,52.0,4919,2.0,-1,0
val_set/benign/ISIC_1580767_640x360.jpg,val,benign,7238,78.0,4925,6.0,-1,0
val_set/benign/ISIC_1581026_640x427.jpg,val,benign,7061,66.0,4926,0.0,-1,0
val_set/benign/ISIC_1584206_640x360.jpg,val,benign,541,96.0,4937,2.0,-1,0
val_set/benign/ISIC_1585370_640x427.jpg,val,benign,9152,64.0,4943,2.0,-1,0
val_set/benign/ISIC_1588022_640x360.jpg,val,benign,8894,52.0,4949,8.0,-1,0
val_set/benign/ISIC_1589136_640x480.jpg,val,benign,7704,86.0,4951,0.0,-1,0
val_set/benign/ISIC_1591931_640x480.jpg,val,benign,6469,90.0,4959,4.0,-1,0
val_set/benign/ISIC_1593260_640x480.jpg,val,benign,8865,70.0,4964,0.0,-1,0
val_set/benign/ISIC_1595157_640x360.jpg,val,benign,6352,84.0,4972,6.0,-1,0
val_set/benign/ISIC_1595760_640x360.jpg,val,benign,9133,66.0,4976,4.0,-1,0
val_set/benign/ISIC_1596297_640x480.jpg,val,benign,7211,90.0,4977,0.0,-1,0
val_set/benign/ISIC_1596868_640x427.jpg,val,benign,7474,70.0,4978,0.0,-1,0
val_set/benign/ISIC_1602440_640x360.jpg,val,benign,2766,92.0,4994,0.0,-1,0
val_set/benign/ISIC_1606398_640x427.jpg,val,benign,6962,70.0,5009,2.0,-1,0
val_set/benign/ISIC_1607971_640x360.jpg,val,benign,9526,86.0,5012,4.0,-1,0
val_set/benign/ISIC_1608524_640x480.jpg,val,benign,1039,84.0,5015,0.0,-1,0
val_set/benign/ISIC_1611092_640x480.jpg,val,benign,8717,82.0,5021,2.0,-1,0
val_set/benign/ISIC_1613292_640x427.jpg,val,benign,2542,88.0,5030,4.0,-1,0
val_set/benign/ISIC_1617139_640x360.jpg,val,benign,5290,88.0,5041,4.0,-1,0
val_set/benign/ISIC_1617520_640x427.jpg,val,benign,376,64.0,5043,2.0,-1,0
val_set/benign/ISIC_1620841_640x480.jpg,val,benign,7388,80.0,5059,4.0,-1,0
val_set/benign/ISIC_1627900_640x478.jpg,val,benign,859,84.0,5078,4.0,-1,0
val_set/benign/ISIC_1630515_640x480.jpg,val,benign,7139,56.0,5086,0.0,-1,0
val_set/benign/ISIC_1631125_640x480.jpg,val,benign,7620,80.0,5089,2.0,-1,0
val_set/benign/ISIC_1632118_640x427.jpg,val,benign,3339,76.0,5094,4.0,-1,0
val_set/benign/ISIC_1632696_640x360.jpg,val,benign,1159,92.0,5097,4.0,-1,0
val_set/benign/ISIC_1633379_640x480.jpg,val,benign,8550,72.0,5101,2.0,-1,0
val_set/benign/ISIC_1634561_640x480.jpg,val,benign,2947,86.0,5104,2.0,-1,0
val_set/benign/ISIC_1636931_640x427.jpg,val,benign,2392,78.0,5110,0.0,-1,0
val_set/benign/ISIC_1637536_640x480.jpg,val,benign,7065,80.0,5113,0.0,-1,0
val_set/benign/ISIC_1637671_640x427.jpg,val,benign,7636,74.0,5115,8.0,-1,0
val_set/benign/ISIC_1638230_640x480.jpg,val,benign,54,80.0,5117,2.0,-1,0
val_set/benign/ISIC_1638953_640x360.jpg,val,benign,7984,74.0,5121,4.0,-1,0
val_set/benign/ISIC_1639343_640x427.jpg,val,benign,7550,74.0,5123,0.0,-1,0
val_set/benign/ISIC_1639570_640x480.jpg,val,benign,7621,64.0,5124,2.0,-1,0
val_set/benign/ISIC_1640023_640x360.jpg,val,benign,9073,70.0,5128,4.0,-1,0
val_set/benign/ISIC_1640823_640x427.jpg,val,benign,9226,72.0,5135,4.0,-1,0
val_set/benign/ISIC_1641301_640x427.jpg,val,benign,420,92.0,5139,2.0,-1,0
val_set/benign/ISIC_1641839_640x360.jpg,val,benign,7056,90.0,5144,4.0,-1,0
val_set/benign/ISIC_1642421_640x427.jpg,val,benign,847,60.0,5147,2.0,-1,0
val_set/benign/ISIC_1642441_640x427.jpg,val,benign,7257,70.0,5148,2.0,-1,0
val_set/benign/ISIC_1643439_640x427.jpg,val,benign,2443,78.0,5151,0.0,-1,0
val_set/benign/ISIC_1643979_640x427.jpg,val,benign,562,86.0,5154,2.0,-1,0
val_set/benign/ISIC_1644520_640x478.jpg,val,benign,2545,84.0,5155,2.0,-1,0
val_set/benign/ISIC_1645535_640x360.jpg,val,benign,7493,86.0,5157,6.0,-1,0
val_set/benign/ISIC_1645567_640x480.jpg,val,benign,1658,66.0,5158,2.0,-1,0
val_set/benign/ISIC_1645738_640x427.jpg,val,benign,6487,56.0,5160,0.0,-1,0
val_set/benign/ISIC_1646954_640x360.jpg,val,benign,6479,78.0,5164,2.0,-1,0
val_set/benign/ISIC_1650523_640x360.jpg,val,benign,2448,82.0,5171,2.0,-1,0
val_set/benign/ISIC_1651402_640x427.jpg,val,benign,7744,56.0,5172,0.0,-1,0
val_set/benign/ISIC_1652746_640x360.jpg,val,benign,9620,90.0,5178,6.0,-1,0
val_set/benign/ISIC_1653156_640x360.jpg,val,benign,9442,82.0,5180,2.0,-1,0
val_set/benign/ISIC_1653283_640x360.jpg,val,benign,1199,92.0,5181,4.0,-1,0
val_set/benign/ISIC_1653309_640x427.jpg,val,benign,3749,76.0,5182,0.0,-1,0
val_set/benign/ISIC_1655469_640x360.jpg,val,benign,5530,76.0,5188,2.0,-1,0
val_set/benign/ISIC_1655475_640x360.jpg,val,benign,785,88.0,5189,4.0,-1,0
val_set/benign/ISIC_1655731_640x360.jpg,val,benign,4585,86.0,5194,2.0,-1,0
val_set/benign/ISIC_1656752_640x427.jpg,val,benign,6996,66.0,5200,0.0,-1,0
val_set/benign/ISIC_1660381_640x427.jpg,val,benign,119,72.0,5216,0.0,-1,0
val_set/benign/ISIC_1662872_640x360.jpg,val,benign,4989,86.0,5222,6.0,-1,0
val_set/benign/ISIC_1663144_640x360.jpg,val,benign,842,90.0,5224,2.0,-1,0
val_set/benign/ISIC_1664345_640x427.jpg,val,benign,9182,56.0,5225,4.0,-1,0
val_set/benign/ISIC_1664845_640x480.jpg,val,benign,1767,74.0,5228,0.0,-1,0
val_set/benign/ISIC_1665118_640x360.jpg,val,benign,3033,90.0,5229,4.0,-1,0
val_set/benign/ISIC_1666715_640x360.jpg,val,benign,1012,84.0,5238,6.0,-1,0
val_set/benign/ISIC_1668831_640x360.jpg,val,benign,4279,84.0,5247,0.0,-1,0
val_set/benign/ISIC_1669804_640x480.jpg,val,benign,7014,74.0,5252,0.0,-1,0
val_set/benign/ISIC_1672458_640x480.jpg,val,benign,1034,92.0,5258,0.0,-1,0
val_set/benign/ISIC_1672688_640x480.jpg,val,benign,9261,66.0,5260,6.0,-1,0
val_set/benign/ISIC_1674126_640x360.jpg,val,benign,2332,78.0,5263,4.0,-1,0
val_set/benign/ISIC_1675800_640x480.jpg,val,benign,8744,78.0,5268,2.0,-1,0
val_set/benign/ISIC_1675814_640x360.jpg,val,benign,453,86.0,5270,2.0,-1,0
val_set/benign/ISIC_1676778_640x427.jpg,val,benign,6115,56.0,5275,2.0,-1,0
val_set/benign/ISIC_1676939_640x478.jpg,val,benign,150,92.0,5278,0.0,-1,0
val_set/benign/ISIC_1677088_640x427.jpg,val,benign,6909,62.0,5279,4.0,-1,0
val_set/benign/ISIC_1683052_640x360.jpg,val,benign,6360,88.0,5290,6.0,-1,0
val_set/benign/ISIC_1684948_640x360.jpg,val,benign,6013,88.0,5297,2.0,-1,0
val_set/benign/ISIC_1685333_640x360.jpg,val,benign,8098,90.0,5299,2.0,-1,0
val_set/benign/ISIC_1685833_640x480.jpg,val,benign,1659,78.0,5301,2.0,-1,0
val_set/benign/ISIC_1687004_640x360.jpg,val,benign,5669,70.0,5305,0.0,-1,0
val_set/benign/ISIC_1690665_640x480.jpg,val,benign,7480,80.0,5318,0.0,-1,0
val_set/benign/ISIC_1691732_640x360.jpg,val,benign,2834,82.0,5324,8.0,-1,0
val_set/benign/ISIC_1691740_640x480.jpg,val,benign,2234,74.0,5325,4.0,-1,0
val_set/benign/ISIC_1692734_640x427.jpg,val,benign,3867,90.0,5329,2.0,-1,0
val_set/benign/ISIC_1695065_640x427.jpg,val,benign,68,58.0,5337,4.0,-1,0
val_set/benign/ISIC_1695360_640x360.jpg,val,benign,1386,90.0,5339,2.0,-1,0
val_set/benign/ISIC_1696516_640x360.jpg,val,benign,1626,82.0,5344,8.0,-1,0
val_set/benign/ISIC_1696845_640x360.jpg,val,benign,4575,86.0,5345,4.0,-1,0
val_set/benign/ISIC_1697381_640x480.jpg,val,benign,8158,88.0,5347,2.0,-1,0
val_set/benign/ISIC_1698302_640x480.jpg,val,benign,6923,82.0,5351,2.0,-1,0
val_set/benign/ISIC_1698805_640x427.jpg,val,benign,87,92.0,5352,2.0,-1,0
val_set/benign/ISIC_1699530_640x427.jpg,val,benign,6966,82.0,5356,2.0,-1,0
val_set/benign/ISIC_1700687_640x360.jpg,val,benign,1560,88.0,5360,4.0,-1,0
val_set/benign/ISIC_1702152_640x427.jpg,val,benign,7825,88.0,1570,4.0,-1,0
val_set/benign/ISIC_1704026_640x360.jpg,val,benign,5447,84.0,5363,2.0,-1,0
val_set/benign/ISIC_1709900_640x427.jpg,val,benign,7039,82.0,5377,2.0,-1,0
val_set/benign/ISIC_1710179_640x427.jpg,val,benign,6904,86.0,5378,4.0,-1,0
val_set/benign/ISIC_1711134_640x360.jpg,val,benign,4216,86.0,5380,6.0,-1,0
val_set/benign/ISIC_1711706_640x360.jpg,val,benign,7920,74.0,5384,6.0,-1,0
val_set/benign/ISIC_1711973_640x360.jpg,val,benign,6726,80.0,5385,2.0,-1,0
val_set/benign/ISIC_1714635_640x360.jpg,val,benign,6160,86.0,5388,0.0,-1,0
val_set/benign/ISIC_1715110_640x427.jpg,val,benign,7681,86.0,5392,2.0,-1,0
val_set/benign/ISIC_1716135_640x360.jpg,val,benign,291,92.0,5396,6.0,-1,0
val_set/benign/ISIC_1719523_640x478.jpg,val,benign,7139,72.0,5406,2.0,-1,0
val_set/benign/ISIC_1720840_640x360.jpg,val,benign,8718,90.0,5408,2.0,-1,0
val_set/benign/ISIC_1722254_640x427.jpg,val,benign,8865,66.0,5411,0.0,-1,0
val_set/benign/ISIC_1725541_640x427.jpg,val,benign,7259,62.0,5419,2.0,-1,0
val_set/benign/ISIC_1727818_640x478.jpg,val,benign,8550,86.0,5428,4.0,-1,0
val_set/benign/ISIC_1729351_640x360.jpg,val,benign,9299,70.0,5435,4.0,-1,0
val_set/benign/ISIC_1730477_640x480.jpg,val,benign,938,76.0,5441,0.0,-1,0
val_set/benign/ISIC_1731109_640x360.jpg,val,benign,7953,74.0,5443,2.0,-1,0
val_set/benign/ISIC_1732652_640x480.jpg,val,benign,7882,94.0,5448,0.0,-1,0
val_set/benign/ISIC_1735204_640x427.jpg,val,benign,9658,82.0,5459,2.0,-1,0
val_set/benign/ISIC_1739120_640x427.jpg,val,benign,7774,84.0,5474,2.0,-1,0
val_set/benign/ISIC_1740430_640x480.jpg,val,benign,7264,86.0,5482,0.0,-1,0
val_set/benign/ISIC_1741747_640x480.jpg,val,benign,7387,78.0,5487,2.0,-1,0
val_set/benign/ISIC_1744866_640x360.jpg,val,benign,3825,80.0,5492,4.0,-1,0
val_set/benign/ISIC_1748818_640x427.jpg,val,benign,8949,40.0,5511,0.0,-1,0
val_set/benign/ISIC_1752665_640x427.jpg,val,benign,6807,80.0,5522,0.0,-1,0
val_set/benign/ISIC_1753360_640x480.jpg,val,benign,7394,80.0,5525,2.0,-1,0
val_set/benign/ISIC_1756982_640x360.jpg,val,benign,7228,78.0,5535,2.0,-1,0
val_set/benign/ISIC_1757941_640x427.jpg,val,benign,7856,76.0,5537,2.0,-1,0
val_set/benign/ISIC_1761083_640x360.jpg,val,benign,8830,86.0,5544,2.0,-1,0
val_set/benign/ISIC_1761878_640x480.jpg,val,benign,9353,82.0,5547,2.0,-1,0
val_set/benign/ISIC_1763257_640x360.jpg,val,benign,3748,90.0,5551,2.0,-1,0
val_set/benign/ISIC_1763264_640x360.jpg,val,benign,3774,78.0,5552,2.0,-1,0
val_set/benign/ISIC_1765453_640x427.jpg,val,benign,1790,76.0,5555,0.0,-1,0
val_set/benign/ISIC_1766413_640x480.jpg,val,benign,1741,90.0,5557,2.0,-1,0
val_set/benign/ISIC_1766425_640x360.jpg,val,benign,2437,78.0,5558,6.0,-1,0
val_set/benign/ISIC_1766619_640x360.jpg,val,benign,2319,92.0,5560,4.0,-1,0
val_set/benign/ISIC_1766774_640x360.jpg,val,benign,1564,86.0,5561,4.0,-1,0
val_set/benign/ISIC_1768978_640x480.jpg,val,benign,6377,72.0,5571,2.0,-1,0
val_set/benign/ISIC_1774797_640x427.jpg,val,benign,75,54.0,5588,2.0,-1,0
val_set/benign/ISIC_1777710_640x360.jpg,val,benign,6884,76.0,5593,4.0,-1,0
val_set/benign/ISIC_1783889_640x480.jpg,val,benign,7999,80.0,5610,2.0,-1,0
val_set/benign/ISIC_1784717_640x427.jpg,val,benign,9182,58.0,5614,2.0,-1,0
val_set/benign/ISIC_1785671_640x360.jpg,val,benign,4180,88.0,5619,2.0,-1,0
val_set/benign/ISIC_1786025_640x360.jpg,val,benign,801,94.0,5622,2.0,-1,0
val_set/benign/ISIC_1788746_640x360.jpg,val,benign,603,86.0,5631,2.0,-1,0
val_set/benign/ISIC_1790808_640x360.jpg,val,benign,1430,84.0,5637,6.0,-1,0
val_set/benign/ISIC_1791075_640x427.jpg,val,benign,9252,60.0,5640,4.0,-1,0
val_set/benign/ISIC_1793200_320x480.jpg,val,benign,1517,88.0,5643,0.0,-1,0
val_set/benign/ISIC_1795004_640x427.jpg,val,benign,6924,80.0,5649,2.0,-1,0
val_set/benign/ISIC_1796387_640x360.jpg,val,benign,3353,90.0,5654,2.0,-1,0
val_set/benign/ISIC_1799917_640x427.jpg,val,benign,6962,66.0,5670,2.0,-1,0
val_set/benign/ISIC_1801190_640x360.jpg,val,benign,2650,88.0,5673,4.0,-1,0
val_set/benign/ISIC_1803544_640x427.jpg,val,benign,8889,78.0,5681,2.0,-1,0
val_set/benign/ISIC_1807307_640x427.jpg,val,benign,7784,78.0,5691,2.0,-1,0
val_set/benign/ISIC_1807319_640x480.jpg,val,benign,437,86.0,5692,0.0,-1,0
val_set/benign/ISIC_1807395_640x480.jpg,val,benign,7512,82.0,5694,2.0,-1,0
val_set/benign/ISIC_1809444_640x360.jpg,val,benign,7299,74.0,5700,2.0,-1,0
val_set/benign/ISIC_1809912_640x360.jpg,val,benign,7545,88.0,5702,2.0,-1,0
val_set/benign/ISIC_1813164_640x427.jpg,val,benign,1697,72.0,5711,2.0,-1,0
val_set/benign/ISIC_1813445_640x427.jpg,val,benign,9765,82.0,5713,2.0,-1,0
val_set/benign/ISIC_1813911_640x360.jpg,val,benign,8794,84.0,5714,6.0,-1,0
val_set/benign/ISIC_1815346_640x480.jpg,val,benign,9475,74.0,5717,0.0,-1,0
val_set/benign/ISIC_1818920_640x360.jpg,val,benign,4624,86.0,5723,4.0,-1,0
val_set/benign/ISIC_1819289_640x427.jpg,val,benign,7035,72.0,5726,2.0,-1,0
val_set/benign/ISIC_1819358_640x360.jpg,val,benign,6205,88.0,5727,2.0,-1,0
val_set/benign/ISIC_1820193_640x427.jpg,val,benign,1699,82.0,5730,4.0,-1,0
val_set/benign/ISIC_1820389_640x480.jpg,val,benign,9421,90.0,5731,0.0,-1,0
val_set/malignant/ISIC_0015219_downsampled_640x428.jpg,val,malignant,29,86.0,23318,86.0,-1,-1
val_set/malignant/ISIC_0015229_downsampled_640x424.jpg,val,malignant,570,98.0,5768,94.0,-1,-1
val_set/malignant/ISIC_0015243_downsampled_640x426.jpg,val,malignant,1631,90.0,5790,92.0,-1,-1
val_set/malignant/ISIC_0015251_downsampled_640x426.jpg,val,malignant,8421,84.0,27494,88.0,-1,-1
val_set/malignant/ISIC_0015256_downsampled_640x428.jpg,val,malignant,5830,90.0,12461,92.0,-1,-1
val_set/malignant/ISIC_0015284_downsampled_640x425.jpg,val,malignant,3196,90.0,6158,88.0,-1,-1
val_set/malignant/ISIC_0024310_640x480.jpg,val,malignant,1451,0.0,25716,84.0,1,-1
val_set/malignant/ISIC_0024313_640x480.jpg,val,malignant,2130,0.0,29993,66.0,1,-1
val_set/malignant/ISIC_0024315_640x480.jpg,val,malignant,1327,0.0,32264,76.0,1,-1
val_set/malignant/ISIC_0024323_640x480.jpg,val,malignant,2126,2.0,30195,90.0,1,-1
val_set/malignant/ISIC_0024333_640x480.jpg,val,malignant,2241,4.0,20616,86.0,1,-1
val_set/malignant/ISIC_0024351_640x480.jpg,val,malignant,2082,2.0,20815,88.0,1,-1
val_set/malignant/ISIC_0024367_640x480.jpg,val,malignant,1248,2.0,23209,78.0,1,-1
val_set/malignant/ISIC_0024400_640x480.jpg,val,malignant,1400,0.0,7839,78.0,1,-1
val_set/malignant/ISIC_0024410_640x480.jpg,val,malignant,2271,0.0,29226,76.0,1,-1
val_set/malignant/ISIC_0024449_640x480.jpg,val,malignant,1958,2.0,25262,92.0,1,-1
val_set/malignant/ISIC_0024459_640x480.jpg,val,malignant,1932,4.0,19897,88.0,1,-1
val_set/malignant/ISIC_0024481_640x480.jpg,val,malignant,1250,6.0,29306,52.0,1,-1
val_set/malignant/ISIC_0024482_640x480.jpg,val,malignant,1674,0.0,4752,90.0,1,-1
val_set/malignant/ISIC_0024496_640x480.jpg,val,malignant,1416,2.0,3979,76.0,1,-1
val_set/malignant/ISIC_0024516_640x480.jpg,val,malignant,2071,2.0,24015,82.0,1,-1
val_set/malignant/ISIC_0024525_640x480.jpg,val,malignant,2061,2.0,11800,88.0,1,-1
val_set/malignant/ISIC_0024537_640x480.jpg,val,malignant,1429,2.0,14915,82.0,1,-1
val_set/malignant/ISIC_0024545_640x480.jpg,val,malignant,1275,0.0,31227,88.0,1,-1
val_set/malignant/ISIC_0024546_640x480.jpg,val,malignant,2060,2.0,24683,86.0,1,-1
val_set/malignant/ISIC_0024552_640x480.jpg,val,malignant,1966,2.0,21635,84.0,1,-1
val_set/malignant/ISIC_0024554_640x480.jpg,val,malignant,2184,2.0,2768,84.0,1,-1
val_set/malignant/ISIC_0024571_640x480.jpg,val,malignant,2056,6.0,22918,88.0,1,-1
val_set/malignant/ISIC_0024586_640x480.jpg,val,malignant,1226,2.0,10939,62.0,1,-1
val_set/malignant/ISIC_0024624_640x480.jpg,val,malignant,1319,4.0,5073,84.0,1,-1
val_set/malignant/ISIC_0024630_640x480.jpg,val,malignant,2240,0.0,13614,88.0,1,-1
val_set/malignant/ISIC_0024640_640x480.jpg,val,malignant,1952,2.0,8982,90.0,1,-1
val_set/malignant/ISIC_0024644_640x480.jpg,val,malignant,2034,4.0,30796,84.0,1,-1
val_set/malignant/ISIC_0024647_640x480.jpg,val,malignant,2180,6.0,3856,86.0,1,-1
val_set/malignant/ISIC_0024652_640x480.jpg,val,malignant,2154,0.0,9906,82.0,1,-1
val_set/malignant/ISIC_0024675_640x480.jpg,val,malignant,1369,2.0,22445,68.0,1,-1
val_set/malignant/ISIC_0024679_640x480.jpg,val,malignant,2187,0.0,1061,86.0,1,-1
val_set/malignant/ISIC_0024688_640x480.jpg,val,malignant,1965,0.0,31282,84.0,1,-1
val_set/malignant/ISIC_0024700_640x480.jpg,val,malignant,2008,2.0,13592,88.0,1,-1
val_set/malignant/ISIC_0024701_640x480.jpg,val,malignant,1989,4.0,12284,90.0,1,-1
val_set/malignant/ISIC_0024702_640x480.jpg,val,malignant,1335,0.0,30053,78.0,1,-1
val_set/malignant/ISIC_0024729_640x480.jpg,val,malignant,1265,2.0,5125,80.0,1,-1
val_set/malignant/ISIC_0024732_640x480.jpg,val,malignant,1433,0.0,1371,84.0,1,-1
val_set/malignant/ISIC_0024733_640x480.jpg,val,malignant,2221,2.0,17851,86.0,1,-1
val_set/malignant/ISIC_0024739_640x480.jpg,val,malignant,2307,2.0,46,92.0,1,-1
val_set/malignant/ISIC_0024756_640x480.jpg,val,malignant,1460,6.0,13978,88.0,1,-1
val_set/malignant/ISIC_0024767_640x480.jpg,val,malignant,1347,2.0,14640,84.0,1,-1
val_set/malignant/ISIC_0024792_640x480.jpg,val,malignant,1302,2.0,6257,86.0,1,-1
val_set/malignant/ISIC_0024805_640x480.jpg,val,malignant,2204,0.0,10628,76.0,1,-1
val_set/malignant/ISIC_0024806_640x480.jpg,val,malignant,1940,2.0,15175,88.0,1,-1
val_set/malignant/ISIC_0024823_640x480.jpg,val,malignant,1954,2.0,1763,86.0,1,-1
val_set/malignant/ISIC_0024853_640x480.jpg,val,malignant,1424,2.0,10592,86.0,1,-1
val_set/malignant/ISIC_0024864_640x480.jpg,val,malignant,2276,4.0,13115,90.0,1,-1
val_set/malignant/ISIC_0024865_640x480.jpg,val,malignant,1454,0.0,9412,76.0,1,-1
val_set/malignant/ISIC_0024875_640x480.jpg,val,malignant,1387,2.0,26156,64.0,1,-1
val_set/malignant/ISIC_0024886_640x480.jpg,val,malignant,1311,2.0,15434,82.0,1,-1
val_set/malignant/ISIC_0024898_640x480.jpg,val,malignant,1284,4.0,1684,88.0,1,-1
val_set/malignant/ISIC_0024900_640x480.jpg,val,malignant,1630,6.0,2336,70.0,1,-1
val_set/malignant/ISIC_0024911_640x480.jpg,val,malignant,1404,2.0,13343,68.0,1,-1
val_set/malignant/ISIC_0024918_640x480.jpg,val,malignant,2258,2.0,2940,72.0,1,-1
val_set/malignant/ISIC_0024929_640x480.jpg,val,malignant,1928,0.0,27464,90.0,1,-1
val_set/malignant/ISIC_0024930_640x480.jpg,val,malignant,1957,0.0,12376,86.0,1,-1
val_set/malignant/ISIC_0024932_640x480.jpg,val,malignant,2242,2.0,28018,76.0,1,-1
val_set/malignant/ISIC_0024940_640x480.jpg,val,malignant,2081,0.0,9407,86.0,1,-1
val_set/malignant/ISIC_0024951_640x480.jpg,val,malignant,1333,2.0,11670,76.0,1,-1
val_set/malignant/ISIC_0024967_640x480.jpg,val,malignant,1350,2.0,1803,80.0,1,-1
val_set/malignant/ISIC_0024972_640x480.jpg,val,malignant,1336,2.0,19627,84.0,1,-1
val_set/malignant/ISIC_0024987_640x480.jpg,val,malignant,1281,2.0,4791,80.0,1,-1
val_set/malignant/ISIC_0024999_640x480.jpg,val,malignant,1962,0.0,126,92.0,1,-1
val_set/malignant/ISIC_0025018_640x480.jpg,val,malignant,1345,4.0,32288,62.0,1,-1
val_set/malignant/ISIC_0025035_640x480.jpg,val,malignant,1466,0.0,16276,78.0,1,-1
val_set/malignant/ISIC_0025081_640x480.jpg,val,malignant,1293,4.0,5585,70.0,1,-1
val_set/malignant/ISIC_0025085_640x480.jpg,val,malignant,1975,0.0,4533,72.0,1,-1
val_set/malignant/ISIC_0025097_640x480.jpg,val,malignant,1977,2.0,29526,90.0,1,-1
val_set/malignant/ISIC_0025105_640x480.jpg,val,malignant,2211,2.0,3695,88.0,1,-1
val_set/malignant/ISIC_0025121_640x480.jpg,val,malignant,1985,0.0,20514,92.0,1,-1
val_set/malignant/ISIC_0025127_640x480.jpg,val,malignant,2094,2.0,14687,80.0,1,-1
val_set/malignant/ISIC_0025128_640x480.jpg,val,malignant,2252,2.0,17553,56.0,1,-1
val_set/malignant/ISIC_0025132_640x480.jpg,val,malignant,2084,2.0,31575,84.0,1,-1
val_set/malignant/ISIC_0025145_640x480.jpg,val,malignant,2015,0.0,8185,94.0,1,-1
val_set/malignant/ISIC_0025153_640x480.jpg,val,malignant,1361,4.0,32070,74.0,1,-1
val_set/malignant/ISIC_0025155_640x480.jpg,val,malignant,1300,0.0,3414,78.0,1,-1
val_set/malignant/ISIC_0025188_640x480.jpg,val,malignant,2308,2.0,2974,90.0,1,-1
val_set/malignant/ISIC_0025195_640x480.jpg,val,malignant,2167,2.0,28595,88.0,1,-1
val_set/malignant/ISIC_0025219_640x480.jpg,val,malignant,1331,0.0,1160,76.0,1,-1
val_set/malignant/ISIC_0025234_640x480.jpg,val,malignant,1267,0.0,30120,88.0,1,-1
val_set/malignant/ISIC_0025235_640x480.jpg,val,malignant,2291,4.0,30642,84.0,1,-1
val_set/malignant/ISIC_0025238_640x480.jpg,val,malignant,2040,2.0,23522,76.0,1,-1
val_set/malignant/ISIC_0025248_640x480.jpg,val,malignant,2073,0.0,6674,90.0,1,-1
val_set/malignant/ISIC_0025265_640x480.jpg,val,malignant,1435,2.0,31669,62.0,1,-1
val_set/malignant/ISIC_0025268_640x480.jpg,val,malignant,2076,4.0,2448,86.0,1,-1
val_set/malignant/ISIC_0025277_640x480.jpg,val,malignant,1264,2.0,12695,86.0,1,-1
val_set/malignant/ISIC_0025303_640x480.jpg,val,malignant,1242,4.0,6824,64.0,1,-1
val_set/malignant/ISIC_0025313_640x480.jpg,val,malignant,1972,2.0,15187,80.0,1,-1
val_set/malignant/ISIC_0025316_640x480.jpg,val,malignant,1999,4.0,4067,72.0,1,-1
val_set/malignant/ISIC_0025317_640x480.jpg,val,malignant,2296,0.0,477,82.0,1,-1
val_set/malignant/ISIC_0025324_640x480.jpg,val,malignant,1455,2.0,388,84.0,1,-1
val_set/malignant/ISIC_0025363_640x480.jpg,val,malignant,1363,0.0,5873,70.0,1,-1
val_set/malignant/ISIC_0025391_640x480.jpg,val,malignant,2123,0.0,17842,86.0,1,-1
val_set/malignant/ISIC_0025394_640x480.jpg,val,malignant,1443,2.0,3677,90.0,1,-1
val_set/malignant/ISIC_0025409_640x480.jpg,val,malignant,2170,2.0,22485,74.0,1,-1
val_set/malignant/ISIC_0025413_640x480.jpg,val,malignant,2124,4.0,2251,86.0,1,-1
val_set/malignant/ISIC_0025414_640x480.jpg,val,malignant,2269,4.0,14610,88.0,1,-1
val_set/malignant/ISIC_0025439_640x480.jpg,val,malignant,1993,0.0,9665,92.0,1,-1
val_set/malignant/ISIC_0025450_640x480.jpg,val,malignant,1225,2.0,28979,76.0,1,-1
val_set/malignant/ISIC_0025451_640x480.jpg,val,malignant,1227,0.0,9497,76.0,1,-1
val_set/malignant/ISIC_0025472_640x480.jpg,val,malignant,1945,2.0,28115,84.0,1,-1
val_set/malignant/ISIC_0025489_640x480.jpg,val,malignant,1434,2.0,7989,80.0,1,-1
val_set/malignant/ISIC_0025500_640x480.jpg,val,malignant,2313,2.0,13032,88.0,1,-1
val_set/malignant/ISIC_0025512_640x480.jpg,val,malignant,1961,0.0,1672,92.0,1,-1
val_set/malignant/ISIC_0025520_640x480.jpg,val,malignant,1947,2.0,1454,90.0,1,-1
val_set/malignant/ISIC_0025524_640x480.jpg,val,malignant,1983,0.0,9298,92.0,1,-1
val_set/malignant/ISIC_0025531_640x480.jpg,val,malignant,1736,0.0,7180,86.0,1,-1
val_set/malignant/ISIC_0025543_640x480.jpg,val,malignant,2206,0.0,25726,90.0,1,-1
val_set/malignant/ISIC_0025546_640x480.jpg,val,malignant,2110,2.0,9329,82.0,1,-1
val_set/malignant/ISIC_0025550_640x480.jpg,val,malignant,2268,0.0,22168,76.0,1,-1
val_set/malignant/ISIC_0025573_640x480.jpg,val,malignant,2217,2.0,7260,88.0,1,-1
val_set/malignant/ISIC_0025589_640x480.jpg,val,malignant,1459,2.0,8402,70.0,1,-1
val_set/malignant/ISIC_0025592_640x480.jpg,val,malignant,1786,0.0,29387,46.0,1,-1
val_set/malignant/ISIC_0025603_640x480.jpg,val,malignant,1307,2.0,27780,80.0,1,-1
val_set/malignant/ISIC_0025611_640x480.jpg,val,malignant,2319,2.0,27845,84.0,1,-1
val_set/malignant/ISIC_0025616_640x480.jpg,val,malignant,2301,0.0,20642,84.0,1,-1
val_set/malignant/ISIC_0025651_640x480.jpg,val,malignant,2046,0.0,18075,90.0,1,-1
val_set/malignant/ISIC_0025663_640x480.jpg,val,malignant,2210,2.0,2896,82.0,1,-1
val_set/malignant/ISIC_0025674_640x480.jpg,val,malignant,1320,2.0,21531,82.0,1,-1
val_set/malignant/ISIC_0025708_640x480.jpg,val,malignant,1939,2.0,2520,86.0,1,-1
val_set/malignant/ISIC_0025709_640x480.jpg,val,malignant,2311,2.0,15942,90.0,1,-1
val_set/malignant/ISIC_0025724_640x480.jpg,val,malignant,2266,2.0,11171,70.0,1,-1
val_set/malignant/ISIC_0025732_640x480.jpg,val,malignant,2165,0.0,299,86.0,1,-1
val_set/malignant/ISIC_0025744_640x480.jpg,val,malignant,1239,0.0,5295,86.0,1,-1
val_set/malignant/ISIC_0025748_640x480.jpg,val,malignant,2051,2.0,19524,84.0,1,-1
val_set/malignant/ISIC_0025751_640x480.jpg,val,malignant,1270,2.0,5047,76.0,1,-1
val_set/malignant/ISIC_0025755_640x480.jpg,val,malignant,2107,0.0,13303,82.0,1,-1
val_set/malignant/ISIC_0025766_640x480.jpg,val,malignant,2214,2.0,9462,80.0,1,-1
val_set/malignant/ISIC_0025783_640x480.jpg,val,malignant,1379,0.0,26459,86.0,1,-1
val_set/malignant/ISIC_0025791_640x480.jpg,val,malignant,2260,2.0,4164,64.0,1,-1
val_set/malignant/ISIC_0025800_640x480.jpg,val,malignant,2078,2.0,1901,92.0,1,-1
val_set/malignant/ISIC_0025814_640x480.jpg,val,malignant,2172,6.0,15828,90.0,1,-1
val_set/malignant/ISIC_0025832_640x480.jpg,val,malignant,2196,4.0,29417,82.0,1,-1
val_set/malignant/ISIC_0025835_640x480.jpg,val,malignant,1468,0.0,22374,62.0,1,-1
val_set/malignant/ISIC_0025891_640x480.jpg,val,malignant,1370,2.0,12945,62.0,1,-1
val_set/malignant/ISIC_0025904_640x480.jpg,val,malignant,1313,0.0,15726,80.0,1,-1
val_set/malignant/ISIC_0025927_640x480.jpg,val,malignant,1376,4.0,10713,86.0,1,-1
val_set/malignant/ISIC_0025941_640x480.jpg,val,malignant,2315,4.0,15967,82.0,1,-1
val_set/malignant/ISIC_0025955_640x480.jpg,val,malignant,1269,0.0,13881,64.0,1,-1
val_set/malignant/ISIC_0025963_640x480.jpg,val,malignant,1984,2.0,11146,90.0,1,-1
val_set/malignant/ISIC_0025964_640x480.jpg,val,malignant,1211,2.0,9929,42.0,1,-1
val_set/malignant/ISIC_0025987_640x480.jpg,val,malignant,1508,0.0,10131,74.0,1,-1
val_set/malignant/ISIC_0025996_640x480.jpg,val,malignant,1330,2.0,15759,92.0,1,-1
val_set/malignant/ISIC_0026009_640x480.jpg,val,malignant,2067,2.0,30768,78.0,1,-1
val_set/malignant/ISIC_0026045_640x480.jpg,val,malignant,2253,0.0,20045,90.0,1,-1
val_set/malignant/ISIC_0026081_640x480.jpg,val,malignant,1908,0.0,10348,82.0,1,-1
val_set/malignant/ISIC_0026086_640x480.jpg,val,malignant,1465,2.0,6876,90.0,1,-1
val_set/malignant/ISIC_0026089_640x480.jpg,val,malignant,1956,2.0,5790,90.0,1,-1
val_set/malignant/ISIC_0026094_640x480.jpg,val,malignant,2055,0.0,12338,80.0,1,-1
val_set/malignant/ISIC_0026105_640x480.jpg,val,malignant,2197,0.0,7611,74.0,1,-1
val_set/malignant/ISIC_0026113_640x480.jpg,val,malignant,1290,2.0,19033,74.0,1,-1
val_set/malignant/ISIC_0026115_640x480.jpg,val,malignant,1255,2.0,7198,80.0,1,-1
val_set/malignant/ISIC_0026120_640x480.jpg,val,malignant,1218,2.0,16356,88.0,1,-1
val_set/malignant/ISIC_0026131_640x480.jpg,val,malignant,2209,0.0,22877,90.0,1,-1
val_set/malignant/ISIC_0026150_640x480.jpg,val,malignant,1260,2.0,32248,64.0,1,-1
val_set/malignant/ISIC_0026158_640x480.jpg,val,malignant,1395,0.0,20815,80.0,1,-1
val_set/malignant/ISIC_0026167_640x480.jpg,val,malignant,1980,2.0,542,88.0,1,-1
val_set/malignant/ISIC_0026188_640x480.jpg,val,malignant,1488,2.0,1390,88.0,1,-1
val_set/malignant/ISIC_0026207_640x480.jpg,val,malignant,2044,4.0,32070,70.0,1,-1
val_set/malignant/ISIC_0026229_640x480.jpg,val,malignant,2149,0.0,17331,86.0,1,-1
val_set/malignant/ISIC_0026236_640x480.jpg,val,malignant,1437,4.0,11884,64.0,1,-1
val_set/malignant/ISIC_0026239_640x480.jpg,val,malignant,2191,0.0,30212,78.0,1,-1
val_set/malignant/ISIC_0026247_640x480.jpg,val,malignant,1393,0.0,31551,38.0,1,-1
val_set/malignant/ISIC_0026258_640x480.jpg,val,malignant,2290,4.0,7468,82.0,1,-1
val_set/malignant/ISIC_0026266_640x480.jpg,val,malignant,2074,2.0,2688,70.0,1,-1
val_set/malignant/ISIC_0026268_640x480.jpg,val,malignant,1936,2.0,28511,88.0,1,-1
val_set/malignant/ISIC_0026281_640x480.jpg,val,malignant,1256,2.0,20276,76.0,1,-1
val_set/malignant/ISIC_0026296_640x480.jpg,val,malignant,1344,4.0,30603,56.0,1,-1
val_set/malignant/ISIC_0026314_640x480.jpg,val,malignant,1386,2.0,32336,44.0,1,-1
val_set/malignant/ISIC_0026352_640x480.jpg,val,malignant,1964,2.0,31282,86.0,1,-1
val_set/malignant/ISIC_0026360_640x480.jpg,val,malignant,1329,0.0,505,60.0,1,-1
val_set/malignant/ISIC_0026369_640x480.jpg,val,malignant,1353,0.0,17848,86.0,1,-1
val_set/malignant/ISIC_0026420_640x480.jpg,val,malignant,2297,0.0,13559,80.0,1,-1
val_set/malignant/ISIC_0026430_640x480.jpg,val,malignant,1758,0.0,27841,90.0,1,-1
val_set/malignant/ISIC_0026438_640x480.jpg,val,malignant,1967,6.0,20541,80.0,1,-1
val_set/malignant/ISIC_0026458_640x480.jpg,val,malignant,1332,4.0,7103,86.0,1,-1
val_set/malignant/ISIC_0026475_640x480.jpg,val,malignant,2270,4.0,15089,70.0,1,-1
val_set/malignant/ISIC_0026489_640x480.jpg,val,malignant,1397,0.0,13620,88.0,1,-1
val_set/malignant/ISIC_0026500_640x480.jpg,val,malignant,1960,0.0,12453,88.0,1,-1
val_set/malignant/ISIC_0026506_640x480.jpg,val,malignant,2014,2.0,25519,84.0,1,-1
val_set/malignant/ISIC_0026516_640x480.jpg,val,malignant,2265,0.0,7584,42.0,1,-1
val_set/malignant/ISIC_0026531_640x480.jpg,val,malignant,1221,0.0,14164,78.0,1,-1
val_set/malignant/ISIC_0026545_640x480.jpg,val,malignant,1935,2.0,15380,88.0,1,-1
val_set/malignant/ISIC_0026558_640x480.jpg,val,malignant,2225,0.0,5453,86.0,1,-1
val_set/malignant/ISIC_0026571_640x480.jpg,val,malignant,2141,0.0,20514,88.0,1,-1
val_set/malignant/ISIC_0026586_640x480.jpg,val,malignant,2163,0.0,5001,88.0,1,-1
val_set/malignant/ISIC_0026596_640x480.jpg,val,malignant,1297,4.0,14961,80.0,1,-1
val_set/malignant/ISIC_0026604_640x480.jpg,val,malignant,2101,2.0,20303,88.0,1,-1
val_set/malignant/ISIC_0026622_640x480.jpg,val,malignant,1323,2.0,29787,86.0,1,-1
val_set/malignant/ISIC_0026647_640x480.jpg,val,malignant,2295,2.0,8108,80.0,1,-1
val_set/malignant/ISIC_0026652_640x480.jpg,val,malignant,2168,2.0,8137,94.0,1,-1
val_set/malignant/ISIC_0026664_640x480.jpg,val,malignant,1414,0.0,4600,80.0,1,-1
val_set/malignant/ISIC_0026690_640x480.jpg,val,malignant,2188,2.0,2632,90.0,1,-1
val_set/malignant/ISIC_0026694_640x480.jpg,val,malignant,2129,2.0,18203,78.0,1,-1
val_set/malignant/ISIC_0026697_640x480.jpg,val,malignant,1409,2.0,16884,86.0,1,-1
val_set/malignant/ISIC_0026735_640x480.jpg,val,malignant,2249,0.0,15090,86.0,1,-1
val_set/malignant/ISIC_0026738_640x480.jpg,val,malignant,2208,4.0,6720,88.0,1,-1
val_set/malignant/ISIC_0026745_640x480.jpg,val,malignant,1520,0.0,5503,84.0,1,-1
val_set/malignant/ISIC_0026746_640x480.jpg,val,malignant,2133,0.0,14929,72.0,1,-1
val_set/malignant/ISIC_0026754_640x480.jpg,val,malignant,1271,2.0,25190,84.0,1,-1
val_set/malignant/ISIC_0026770_640x480.jpg,val,malignant,1950,0.0,24031,86.0,1,-1
val_set/malignant/ISIC_0026774_640x480.jpg,val,malignant,2134,2.0,9646,84.0,1,-1
val_set/malignant/ISIC_0026796_640x480.jpg,val,malignant,2097,2.0,18021,84.0,1,-1
val_set/malignant/ISIC_0026802_640x480.jpg,val,malignant,2237,2.0,11811,80.0,1,-1
val_set/malignant/ISIC_0026811_640x480.jpg,val,malignant,2098,0.0,9117,92.0,1,-1
val_set/malignant/ISIC_0026823_640x480.jpg,val,malignant,2303,2.0,9995,90.0,1,-1
val_set/malignant/ISIC_0026847_640x480.jpg,val,malignant,2147,0.0,5876,80.0,1,-1
val_set/malignant/ISIC_0026853_640x480.jpg,val,malignant,2173,2.0,32510,90.0,1,-1
val_set/malignant/ISIC_0026868_640x480.jpg,val,malignant,2112,0.0,6919,88.0,1,-1
val_set/malignant/ISIC_0026870_640x480.jpg,val,malignant,2207,0.0,21485,76.0,1,-1
val_set/malignant/ISIC_0026877_640x480.jpg,val,malignant,2103,4.0,8808,92.0,1,-1
val_set/malignant/ISIC_0026892_640x480.jpg,val,malignant,1280,2.0,290,68.0,1,-1
val_set/malignant/ISIC_0026897_640x480.jpg,val,malignant,2161,0.0,1566,72.0,1,-1
val_set/malignant/ISIC_0026909_640x480.jpg,val,malignant,1289,2.0,28851,82.0,1,-1
val_set/malignant/ISIC_0026916_640x480.jpg,val,malignant,2087,0.0,24470,80.0,1,-1
val_set/malignant/ISIC_0026930_640x480.jpg,val,malignant,2200,2.0,9968,84.0,1,-1
val_set/malignant/ISIC_0026950_640x480.jpg,val,malignant,1388,2.0,17087,84.0,1,-1
val_set/malignant/ISIC_0026954_640x480.jpg,val,malignant,2002,2.0,23421,90.0,1,-1
val_set/malignant/ISIC_0026963_640x480.jpg,val,malignant,1447,0.0,5346,70.0,1,-1
val_set/malignant/ISIC_0026976_640x480.jpg,val,malignant,1597,0.0,28791,86.0,1,-1
val_set/malignant/ISIC_0026989_640x480.jpg,val,malignant,2010,4.0,23617,92.0,1,-1
val_set/malignant/ISIC_0026993_640x480.jpg,val,malignant,1217,2.0,1566,78.0,1,-1
val_set/malignant/ISIC_0026996_640x480.jpg,val,malignant,1456,2.0,26487,58.0,1,-1
val_set/malignant/ISIC_0027021_640x480.jpg,val,malignant,2144,2.0,7958,88.0,1,-1
val_set/malignant/ISIC_0027030_640x480.jpg,val,malignant,2069,2.0,354,86.0,1,-1
val_set/malignant/ISIC_0027033_640x480.jpg,val,malignant,1389,2.0,28615,90.0,1,-1
val_set/malignant/ISIC_0027043_640x480.jpg,val,malignant,1262,2.0,9322,76.0,1,-1
val_set/malignant/ISIC_0027060_640x480.jpg,val,malignant,1325,4.0,28107,78.0,1,-1
val_set/malignant/ISIC_0027063_640x480.jpg,val,malignant,1272,0.0,10012,82.0,1,-1
val_set/malignant/ISIC_0027065_640x480.jpg,val,malignant,2036,0.0,11921,84.0,1,-1
val_set/malignant/ISIC_0027067_640x480.jpg,val,malignant,2286,0.0,5527,74.0,1,-1
val_set/malignant/ISIC_0027069_640x480.jpg,val,malignant,1930,4.0,10048,92.0,1,-1
val_set/malignant/ISIC_0027071_640x480.jpg,val,malignant,2120,0.0,5006,72.0,1,-1
val_set/malignant/ISIC_0027076_640x480.jpg,val,malignant,1230,4.0,629,64.0,1,-1
val_set/malignant/ISIC_0027089_640x480.jpg,val,malignant,2190,4.0,10550,78.0,1,-1
val_set/malignant/ISIC_0027100_640x480.jpg,val,malignant,1558,4.0,16868,86.0,1,-1
val_set/malignant/ISIC_0027101_640x480.jpg,val,malignant,2164,0.0,2111,92.0,1,-1
val_set/malignant/ISIC_0027102_640x480.jpg,val,malignant,1312,0.0,2775,90.0,1,-1
val_set/malignant/ISIC_0027105_640x480.jpg,val,malignant,2114,2.0,12332,78.0,1,-1
val_set/malignant/ISIC_0027125_640x480.jpg,val,malignant,1235,2.0,3226,64.0,1,-1
val_set/malignant/ISIC_0027126_640x480.jpg,val,malignant,2279,2.0,11736,80.0,1,-1
val_set/malignant/ISIC_0027130_640x480.jpg,val,malignant,2052,2.0,24594,84.0,1,-1
val_set/malignant/ISIC_0027144_640x480.jpg,val,malignant,1974,2.0,3165,68.0,1,-1
val_set/malignant/ISIC_0027149_640x480.jpg,val,malignant,1866,2.0,27201,88.0,1,-1
val_set/malignant/ISIC_0027155_640x480.jpg,val,malignant,2057,0.0,12131,82.0,1,-1
val_set/malignant/ISIC_0027163_640x480.jpg,val,malignant,2176,0.0,9077,84.0,1,-1
val_set/malignant/ISIC_0027171_640x480.jpg,val,malignant,2043,0.0,4923,84.0,1,-1
val_set/malignant/ISIC_0027174_640x480.jpg,val,malignant,1263,2.0,23432,46.0,1,-1
val_set/malignant/ISIC_0027179_640x480.jpg,val,malignant,2199,4.0,9384,86.0,1,-1
val_set/malignant/ISIC_0027187_640x480.jpg,val,malignant,2288,0.0,28240,92.0,1,-1
val_set/malignant/ISIC_0027190_640x480.jpg,val,malignant,1213,2.0,10504,90.0,1,-1
val_set/malignant/ISIC_0027204_640x480.jpg,val,malignant,1918,2.0,10280,84.0,1,-1
val_set/malignant/ISIC_0027234_640x480.jpg,val,malignant,1868,2.0,7500,86.0,1,-1
val_set/malignant/ISIC_0027238_640x480.jpg,val,malignant,1367,2.0,12798,82.0,1,-1
val_set/malignant/ISIC_0027253_640x480.jpg,val,malignant,1315,2.0,18367,82.0,1,-1
val_set/malignant/ISIC_0027260_640x480.jpg,val,malignant,1444,0.0,19700,74.0,1,-1
val_set/malignant/ISIC_0027261_640x480.jpg,val,malignant,1359,2.0,16314,82.0,1,-1
val_set/malignant/ISIC_0027263_640x480.jpg,val,malignant,1392,2.0,31556,80.0,1,-1
val_set/malignant/ISIC_0027277_640x480.jpg,val,malignant,1257,0.0,32233,82.0,1,-1
val_set/malignant/ISIC_0027282_640x480.jpg,val,malignant,1937,2.0,6675,80.0,1,-1
val_set/malignant/ISIC_0027300_640x480.jpg,val,malignant,1449,0.0,14799,86.0,1,-1
val_set/malignant/ISIC_0027302_640x480.jpg,val,malignant,2025,0.0,26459,82.0,1,-1
val_set/malignant/ISIC_0027306_640x480.jpg,val,malignant,1751,0.0,22451,88.0,1,-1
val_set/malignant/ISIC_0027327_640x480.jpg,val,malignant,1458,0.0,28664,64.0,1,-1
val_set/malignant/ISIC_0027328_640x480.jpg,val,malignant,2058,2.0,26953,92.0,1,-1
val_set/malignant/ISIC_0027350_640x480.jpg,val,malignant,2202,0.0,30132,78.0,1,-1
val_set/malignant/ISIC_0027352_640x480.jpg,val,malignant,1381,2.0,2539,76.0,1,-1
val_set/malignant/ISIC_0027359_640x480.jpg,val,malignant,2300,0.0,5879,80.0,1,-1
val_set/malignant/ISIC_0027387_640x480.jpg,val,malignant,1403,0.0,14954,78.0,1,-1
val_set/malignant/ISIC_0027402_640x480.jpg,val,malignant,1766,0.0,13703,70.0,1,-1
val_set/malignant/ISIC_0027407_640x480.jpg,val,malignant,2007,0.0,269,92.0,1,-1
val_set/malignant/ISIC_0027420_640x480.jpg,val,malignant,2117,2.0,12939,74.0,1,-1
val_set/malignant/ISIC_0027436_640x480.jpg,val,malignant,2127,2.0,6535,70.0,1,-1
val_set/malignant/ISIC_0027442_640x480.jpg,val,malignant,2080,0.0,9746,90.0,1,-1
val_set/malignant/ISIC_0027480_640x480.jpg,val,malignant,2223,4.0,15913,82.0,1,-1
val_set/malignant/ISIC_0027487_640x480.jpg,val,malignant,1355,6.0,11992,70.0,1,-1
val_set/malignant/ISIC_0027502_640x480.jpg,val,malignant,2115,0.0,5881,68.0,1,-1
val_set/malignant/ISIC_0027507_640x480.jpg,val,malignant,2236,0.0,20750,68.0,1,-1
val_set/malignant/ISIC_0027517_640x480.jpg,val,malignant,2148,2.0,24996,74.0,1,-1
val_set/malignant/ISIC_0027552_640x480.jpg,val,malignant,2001,2.0,32431,74.0,1,-1
val_set/malignant/ISIC_0027560_640x480.jpg,val,malignant,2216,4.0,25049,86.0,1,-1
val_set/malignant/ISIC_0027561_640x480.jpg,val,malignant,1992,2.0,16459,90.0,1,-1
val_set/malignant/ISIC_0027573_640x480.jpg,val,malignant,2146,2.0,11175,90.0,1,-1
val_set/malignant/ISIC_0027590_640x480.jpg,val,malignant,2226,0.0,13258,82.0,1,-1
val_set/malignant/ISIC_0027604_640x480.jpg,val,malignant,1445,0.0,19936,78.0,1,-1
val_set/malignant/ISIC_0027616_640x480.jpg,val,malignant,1358,0.0,9232,64.0,1,-1
val_set/malignant/ISIC_0027620_640x480.jpg,val,malignant,2004,0.0,20660,88.0,1,-1
val_set/malignant/ISIC_0027622_640x480.jpg,val,malignant,1963,0.0,24979,80.0,1,-1
val_set/malignant/ISIC_0027651_640x480.jpg,val,malignant,1365,4.0,5633,70.0,1,-1
val_set/malignant/ISIC_0027659_640x480.jpg,val,malignant,1405,0.0,29191,76.0,1,-1
val_set/malignant/ISIC_0027663_640x480.jpg,val,malignant,2139,2.0,2577,84.0,1,-1
val_set/malignant/ISIC_0027669_640x480.jpg,val,malignant,1969,2.0,16689,92.0,1,-1
val_set/malignant/ISIC_0027673_640x480.jpg,val,malignant,1988,0.0,11699,90.0,1,-1
val_set/malignant/ISIC_0027693_640x480.jpg,val,malignant,1371,4.0,15412,88.0,1,-1
val_set/malignant/ISIC_0027702_640x480.jpg,val,malignant,2089,2.0,13385,88.0,1,-1
val_set/malignant/ISIC_0027721_640x480.jpg,val,malignant,1408,2.0,15533,84.0,1,-1
val_set/malignant/ISIC_0027742_640x480.jpg,val,malignant,2113,0.0,23285,86.0,1,-1
val_set/malignant/ISIC_0027769_640x480.jpg,val,malignant,1287,0.0,1322,64.0,1,-1
val_set/malignant/ISIC_0027776_640x480.jpg,val,malignant,1467,2.0,20735,82.0,1,-1
val_set/malignant/ISIC_0027793_640x480.jpg,val,malignant,2009,2.0,654,86.0,1,-1
val_set/malignant/ISIC_0027797_640x480.jpg,val,malignant,2318,0.0,6741,56.0,1,-1
val_set/malignant/ISIC_0027822_640x480.jpg,val,malignant,1390,2.0,20400,74.0,1,-1
val_set/malignant/ISIC_0027832_640x480.jpg,val,malignant,2316,4.0,277,72.0,1,-1
val_set/malignant/ISIC_0027838_640x480.jpg,val,malignant,1943,0.0,10328,88.0,1,-1
val_set/malignant/ISIC_0027863_640x480.jpg,val,malignant,2088,0.0,2531,84.0,1,-1
val_set/malignant/ISIC_0027872_640x480.jpg,val,malignant,1232,6.0,5063,84.0,1,-1
val_set/malignant/ISIC_0027900_640x480.jpg,val,malignant,2047,2.0,11707,72.0,1,-1
val_set/malignant/ISIC_0027904_640x480.jpg,val,malignant,2239,2.0,22840,84.0,1,-1
val_set/malignant/ISIC_0027956_640x480.jpg,val,malignant,2157,4.0,14717,90.0,1,-1
val_set/malignant/ISIC_0027964_640x480.jpg,val,malignant,2104,2.0,5201,82.0,1,-1
val_set/malignant/ISIC_0028003_640x480.jpg,val,malignant,2013,0.0,1375,82.0,1,-1
val_set/malignant/ISIC_0028017_640x480.jpg,val,malignant,2063,2.0,5236,80.0,1,-1
val_set/malignant/ISIC_0028022_640x480.jpg,val,malignant,1349,2.0,15913,90.0,1,-1
val_set/malignant/ISIC_0028026_640x480.jpg,val,malignant,2238,0.0,13347,90.0,1,-1
val_set/malignant/ISIC_0028029_640x480.jpg,val,malignant,1426,0.0,10846,60.0,1,-1
val_set/malignant/ISIC_0028033_640x480.jpg,val,malignant,2230,0.0,22913,78.0,1,-1
val_set/malignant/ISIC_0028041_640x480.jpg,val,malignant,1418,4.0,17856,72.0,1,-1
val_set/malignant/ISIC_0028051_640x480.jpg,val,malignant,2054,0.0,10432,86.0,1,-1
val_set/malignant/ISIC_0028056_640x480.jpg,val,malignant,1298,0.0,5376,72.0,1,-1
val_set/malignant/ISIC_0028065_640x480.jpg,val,malignant,2140,0.0,7954,86.0,1,-1
val_set/malignant/ISIC_0028069_640x480.jpg,val,malignant,1245,0.0,21098,62.0,1,-1
val_set/malignant/ISIC_0028075_640x480.jpg,val,malignant,2302,2.0,9438,86.0,1,-1
val_set/malignant/ISIC_0028082_640x480.jpg,val,malignant,1656,2.0,27483,90.0,1,-1
val_set/malignant/ISIC_0028086_640x480.jpg,val,malignant,1215,2.0,11479,88.0,1,-1
val_set/malignant/ISIC_0028087_640x480.jpg,val,malignant,1413,2.0,7071,68.0,1,-1
val_set/malignant/ISIC_0028103_640x480.jpg,val,malignant,2182,2.0,7601,90.0,1,-1
val_set/malignant/ISIC_0028109_640x480.jpg,val,malignant,1276,0.0,32509,48.0,1,-1
val_set/malignant/ISIC_0028114_640x480.jpg,val,malignant,1987,2.0,22696,90.0,1,-1
val_set/malignant/ISIC_0028126_640x480.jpg,val,malignant,1968,0.0,9528,86.0,1,-1
val_set/malignant/ISIC_0028127_640x480.jpg,val,malignant,1374,2.0,3349,88.0,1,-1
val_set/malignant/ISIC_0028148_640x480.jpg,val,malignant,1929,0.0,22747,78.0,1,-1
val_set/malignant/ISIC_0028156_640x480.jpg,val,malignant,2257,2.0,10784,90.0,1,-1
val_set/malignant/ISIC_0028173_640x480.jpg,val,malignant,1946,2.0,831,92.0,1,-1
val_set/malignant/ISIC_0028198_640x480.jpg,val,malignant,1973,0.0,5177,72.0,1,-1
val_set/malignant/ISIC_0028211_640x480.jpg,val,malignant,1448,4.0,25777,80.0,1,-1
val_set/malignant/ISIC_0028215_640x480.jpg,val,malignant,1241,2.0,20803,74.0,1,-1
val_set/malignant/ISIC_0028218_640x480.jpg,val,malignant,2203,2.0,27953,82.0,1,-1
val_set/malignant/ISIC_0028219_640x480.jpg,val,malignant,1385,2.0,152,38.0,1,-1
val_set/malignant/ISIC_0028220_640x480.jpg,val,malignant,2246,2.0,17301,92.0,1,-1
val_set/malignant/ISIC_0028225_640x480.jpg,val,malignant,1885,2.0,1579,82.0,1,-1
val_set/malignant/ISIC_0028227_640x480.jpg,val,malignant,2175,2.0,13584,84.0,1,-1
val_set/malignant/ISIC_0028228_640x480.jpg,val,malignant,2037,2.0,1284,92.0,1,-1
val_set/malignant/ISIC_0028285_640x480.jpg,val,malignant,2289,2.0,13805,90.0,1,-1
val_set/malignant/ISIC_0028288_640x480.jpg,val,malignant,2066,2.0,12479,82.0,1,-1
val_set/malignant/ISIC_0028291_640x480.jpg,val,malignant,1283,0.0,21866,82.0,1,-1
val_set/malignant/ISIC_0028306_640x480.jpg,val,malignant,2086,0.0,9816,82.0,1,-1
val_set/malignant/ISIC_0028317_640x480.jpg,val,malignant,1438,2.0,18384,74.0,1,-1
val_set/malignant/ISIC_0028325_640x480.jpg,val,malignant,1428,2.0,3857,78.0,1,-1
val_set/malignant/ISIC_0028326_640x480.jpg,val,malignant,1324,2.0,11868,58.0,1,-1
val_set/malignant/ISIC_0028352_640x480.jpg,val,malignant,2250,0.0,9355,82.0,1,-1
val_set/malignant/ISIC_0028361_640x480.jpg,val,malignant,1237,2.0,7510,82.0,1,-1
val_set/malignant/ISIC_0028410_640x480.jpg,val,malignant,1756,4.0,20364,78.0,1,-1
val_set/malignant/ISIC_0028412_640x480.jpg,val,malignant,1219,2.0,21699,78.0,1,-1
val_set/malignant/ISIC_0028415_640x480.jpg,val,malignant,1417,2.0,16828,90.0,1,-1
val_set/malignant/ISIC_0028418_640x480.jpg,val,malignant,2075,2.0,16560,88.0,1,-1
val_set/malignant/ISIC_0028442_640x480.jpg,val,malignant,1338,0.0,24480,84.0,1,-1
val_set/malignant/ISIC_0028445_640x480.jpg,val,malignant,1229,0.0,22702,62.0,1,-1
val_set/malignant/ISIC_0028460_640x480.jpg,val,malignant,1664,0.0,13789,74.0,1,-1
val_set/malignant/ISIC_0028463_640x480.jpg,val,malignant,1951,0.0,17680,94.0,1,-1
val_set/malignant/ISIC_0028465_640x480.jpg,val,malignant,1949,2.0,19174,88.0,1,-1
val_set/malignant/ISIC_0028467_640x480.jpg,val,malignant,1394,2.0,22741,68.0,1,-1
val_set/malignant/ISIC_0028481_640x480.jpg,val,malignant,2021,2.0,18946,86.0,1,-1
val_set/malignant/ISIC_0028489_640x480.jpg,val,malignant,1436,0.0,532,66.0,1,-1
val_set/malignant/ISIC_0028493_640x480.jpg,val,malignant,2305,2.0,199,84.0,1,-1
val_set/malignant/ISIC_0028505_640x480.jpg,val,malignant,1360,2.0,14736,86.0,1,-1
val_set/malignant/ISIC_0028508_640x480.jpg,val,malignant,2254,0.0,28597,80.0,1,-1
val_set/malignant/ISIC_0028512_640x480.jpg,val,malignant,1450,2.0,27740,74.0,1,-1
val_set/malignant/ISIC_0028519_640x480.jpg,val,malignant,1346,4.0,29955,82.0,1,-1
val_set/malignant/ISIC_0028520_640x480.jpg,val,malignant,1872,2.0,31556,84.0,1,-1
val_set/malignant/ISIC_0028537_640x480.jpg,val,malignant,2039,2.0,630,86.0,1,-1
val_set/malignant/ISIC_0028543_640x480.jpg,val,malignant,2045,2.0,13469,90.0,1,-1
val_set/malignant/ISIC_0028548_640x480.jpg,val,malignant,2027,0.0,29282,80.0,1,-1
val_set/malignant/ISIC_0028565_640x480.jpg,val,malignant,1411,0.0,17503,70.0,1,-1
val_set/malignant/ISIC_0028567_640x480.jpg,val,malignant,2181,0.0,23964,72.0,1,-1
val_set/malignant/ISIC_0028579_640x480.jpg,val,malignant,1246,2.0,12954,72.0,1,-1
val_set/malignant/ISIC_0028582_640x480.jpg,val,malignant,1821,2.0,19368,82.0,1,-1
val_set/malignant/ISIC_0028584_640x480.jpg,val,malignant,1942,2.0,25671,84.0,1,-1
val_set/malignant/ISIC_0028642_640x480.jpg,val,malignant,1258,2.0,522,74.0,1,-1
val_set/malignant/ISIC_0028655_640x480.jpg,val,malignant,1763,2.0,17406,86.0,1,-1
val_set/malignant/ISIC_0028666_640x480.jpg,val,malignant,2248,2.0,277,88.0,1,-1
val_set/malignant/ISIC_0028685_640x480.jpg,val,malignant,2138,2.0,338,84.0,1,-1
val_set/malignant/ISIC_0028696_640x480.jpg,val,malignant,1419,2.0,5986,80.0,1,-1
val_set/malignant/ISIC_0028709_640x480.jpg,val,malignant,2171,0.0,25318,84.0,1,-1
val_set/malignant/ISIC_0028718_640x480.jpg,val,malignant,2050,2.0,9142,88.0,1,-1
val_set/malignant/ISIC_0028746_640x480.jpg,val,malignant,1491,0.0,9987,84.0,1,-1
val_set/malignant/ISIC_0028760_640x480.jpg,val,malignant,2003,2.0,4164,48.0,1,-1
val_set/malignant/ISIC_0028764_640x480.jpg,val,malignant,2298,2.0,30922,78.0,1,-1
val_set/malignant/ISIC_0028773_640x480.jpg,val,malignant,2233,0.0,1742,86.0,1,-1
val_set/malignant/ISIC_0028777_640x480.jpg,val,malignant,2102,2.0,21171,72.0,1,-1
val_set/malignant/ISIC_0028847_640x480.jpg,val,malignant,2090,2.0,21600,88.0,1,-1
val_set/malignant/ISIC_0028860_640x480.jpg,val,malignant,2212,0.0,23048,90.0,1,-1
val_set/malignant/ISIC_0028878_640x480.jpg,val,malignant,1398,2.0,2415,88.0,1,-1
val_set/malignant/ISIC_0028897_640x480.jpg,val,malignant,2256,0.0,19143,80.0,1,-1
val_set/malignant/ISIC_0028898_640x480.jpg,val,malignant,2119,6.0,7506,86.0,1,-1
val_set/malignant/ISIC_0028899_640x480.jpg,val,malignant,2032,0.0,11937,86.0,1,-1
val_set/malignant/ISIC_0028900_640x480.jpg,val,malignant,1402,2.0,29674,84.0,1,-1
val_set/malignant/ISIC_0028901_640x480.jpg,val,malignant,1305,4.0,25835,74.0,1,-1
val_set/malignant/ISIC_0028915_640x480.jpg,val,malignant,2292,2.0,21403,80.0,1,-1
val_set/malignant/ISIC_0028916_640x480.jpg,val,malignant,1425,2.0,15110,84.0,1,-1
val_set/malignant/ISIC_0028929_640x480.jpg,val,malignant,2132,0.0,10494,88.0,1,-1
val_set/malignant/ISIC_0028930_640x480.jpg,val,malignant,2272,0.0,765,60.0,1,-1
val_set/malignant/ISIC_0028965_640x480.jpg,val,malignant,2005,4.0,5478,90.0,1,-1
val_set/malignant/ISIC_0028968_640x480.jpg,val,malignant,2306,0.0,11898,90.0,1,-1
val_set/malignant/ISIC_0028969_640x480.jpg,val,malignant,1440,0.0,3384,88.0,1,-1
val_set/malignant/ISIC_0028984_640x480.jpg,val,malignant,1981,2.0,16680,86.0,1,-1
val_set/malignant/ISIC_0029000_640x480.jpg,val,malignant,1268,0.0,13831,72.0,1,-1
val_set/malignant/ISIC_0029013_640x480.jpg,val,malignant,2016,4.0,10531,70.0,1,-1
val_set/malignant/ISIC_0029017_640x480.jpg,val,malignant,1372,0.0,1779,64.0,1,-1
val_set/malignant/ISIC_0029021_640x480.jpg,val,malignant,2299,0.0,10825,88.0,1,-1
val_set/malignant/ISIC_0029028_640x480.jpg,val,malignant,1234,0.0,28403,82.0,1,-1
val_set/malignant/ISIC_0029033_640x480.jpg,val,malignant,2064,2.0,29033,86.0,1,-1
val_set/malignant/ISIC_0029056_640x480.jpg,val,malignant,2026,2.0,1096,80.0,1,-1
val_set/malignant/ISIC_0029081_640x480.jpg,val,malignant,1238,0.0,9785,84.0,1,-1
val_set/malignant/ISIC_0029089_640x480.jpg,val,malignant,2068,4.0,29742,80.0,1,-1
val_set/malignant/ISIC_0029092_640x480.jpg,val,malignant,1938,2.0,1747,80.0,1,-1
val_set/malignant/ISIC_0029094_640x480.jpg,val,malignant,2251,0.0,932,90.0,1,-1
val_set/malignant/ISIC_0029146_640x480.jpg,val,malignant,2065,2.0,8673,90.0,1,-1
val_set/malignant/ISIC_0029157_640x480.jpg,val,malignant,2108,0.0,9987,80.0,1,-1
val_set/malignant/ISIC_0029163_640x480.jpg,val,malignant,1317,6.0,30751,74.0,1,-1
val_set/malignant/ISIC_0029170_640x480.jpg,val,malignant,2158,0.0,6694,80.0,1,-1
val_set/malignant/ISIC_0029172_640x480.jpg,val,malignant,2022,0.0,4871,90.0,1,-1
val_set/malignant/ISIC_0029209_640x480.jpg,val,malignant,1596,0.0,13167,76.0,1,-1
val_set/malignant/ISIC_0029212_640x480.jpg,val,malignant,1356,0.0,582,88.0,1,-1
val_set/malignant/ISIC_0029216_640x480.jpg,val,malignant,1396,2.0,29642,72.0,1,-1
val_set/malignant/ISIC_0029238_640x480.jpg,val,malignant,2137,4.0,3006,92.0,1,-1
val_set/malignant/ISIC_0029241_640x480.jpg,val,malignant,1380,0.0,5215,86.0,1,-1
val_set/malignant/ISIC_0029242_640x480.jpg,val,malignant,1391,2.0,2698,78.0,1,-1
val_set/malignant/ISIC_0029265_640x480.jpg,val,malignant,1772,2.0,22776,84.0,1,-1
val_set/malignant/ISIC_0029271_640x480.jpg,val,malignant,2229,0.0,20672,82.0,1,-1
val_set/malignant/ISIC_0029272_640x480.jpg,val,malignant,2309,0.0,24408,80.0,1,-1
val_set/malignant/ISIC_0029281_640x480.jpg,val,malignant,1247,2.0,9968,80.0,1,-1
val_set/malignant/ISIC_0029316_640x480.jpg,val,malignant,2000,0.0,2313,94.0,1,-1
val_set/malignant/ISIC_0029318_640x480.jpg,val,malignant,2095,2.0,9987,90.0,1,-1
val_set/malignant/ISIC_0029319_640x480.jpg,val,malignant,2092,0.0,12582,86.0,1,-1
val_set/malignant/ISIC_0029343_640x480.jpg,val,malignant,1420,2.0,2456,74.0,1,-1
val_set/malignant/ISIC_0029353_640x480.jpg,val,malignant,2155,2.0,7692,76.0,1,-1
val_set/malignant/ISIC_0029363_640x480.jpg,val,malignant,1542,0.0,8663,82.0,1,-1
val_set/malignant/ISIC_0029370_640x480.jpg,val,malignant,1351,2.0,3448,88.0,1,-1
val_set/malignant/ISIC_0029397_640x480.jpg,val,malignant,1998,4.0,21801,84.0,1,-1
val_set/malignant/ISIC_0029434_640x480.jpg,val,malignant,1446,0.0,31532,88.0,1,-1
val_set/malignant/ISIC_0029453_640x480.jpg,val,malignant,1462,2.0,5965,68.0,1,-1
val_set/malignant/ISIC_0029454_640x480.jpg,val,malignant,2053,2.0,17608,88.0,1,-1
val_set/malignant/ISIC_0029473_640x480.jpg,val,malignant,1364,4.0,10248,90.0,1,-1
val_set/malignant/ISIC_0029480_640x480.jpg,val,malignant,2243,4.0,18041,64.0,1,-1
val_set/malignant/ISIC_0029495_640x480.jpg,val,malignant,2193,4.0,14125,60.0,1,-1
val_set/malignant/ISIC_0029502_640x480.jpg,val,malignant,1931,4.0,2865,60.0,1,-1
val_set/malignant/ISIC_0029512_640x480.jpg,val,malignant,1231,2.0,15345,74.0,1,-1
val_set/malignant/ISIC_0029513_640x480.jpg,val,malignant,1423,4.0,25832,88.0,1,-1
val_set/malignant/ISIC_0029538_640x480.jpg,val,malignant,1285,2.0,6264,58.0,1,-1
val_set/malignant/ISIC_0029547_640x480.jpg,val,malignant,1322,2.0,3175,66.0,1,-1
val_set/malignant/ISIC_0029558_640x480.jpg,val,malignant,1382,0.0,3995,86.0,1,-1
val_set/malignant/ISIC_0029562_640x480.jpg,val,malignant,1461,0.0,27327,74.0,1,-1
val_set/malignant/ISIC_0029570_640x480.jpg,val,malignant,2267,4.0,8610,64.0,1,-1
val_set/malignant/ISIC_0029571_640x480.jpg,val,malignant,1368,0.0,13378,68.0,1,-1
val_set/malignant/ISIC_0029574_640x480.jpg,val,malignant,2198,0.0,1311,92.0,1,-1
val_set/malignant/ISIC_0029575_640x480.jpg,val,malignant,1236,0.0,20604,92.0,1,-1
val_set/malignant/ISIC_0029591_640x480.jpg,val,malignant,2030,2.0,1138,92.0,1,-1
val_set/malignant/ISIC_0029606_640x480.jpg,val,malignant,1795,2.0,22702,62.0,1,-1
val_set/malignant/ISIC_0029630_640x480.jpg,val,malignant,1318,2.0,12461,86.0,1,-1
val_set/malignant/ISIC_0029632_640x480.jpg,val,malignant,1586,2.0,31489,84.0,1,-1
val_set/malignant/ISIC_0029642_640x480.jpg,val,malignant,2177,0.0,11396,88.0,1,-1
val_set/malignant/ISIC_0029651_640x480.jpg,val,malignant,1308,2.0,21068,82.0,1,-1
val_set/malignant/ISIC_0029652_640x480.jpg,val,malignant,2293,2.0,32450,82.0,1,-1
val_set/malignant/ISIC_0029660_640x480.jpg,val,malignant,1415,0.0,8381,70.0,1,-1
val_set/malignant/ISIC_0029698_640x480.jpg,val,malignant,2041,2.0,9374,78.0,1,-1
val_set/malignant/ISIC_0029705_640x480.jpg,val,malignant,2218,2.0,20952,82.0,1,-1
val_set/malignant/ISIC_0029726_640x480.jpg,val,malignant,1422,2.0,9282,88.0,1,-1
val_set/malignant/ISIC_0029740_640x480.jpg,val,malignant,1823,0.0,5186,88.0,1,-1
val_set/malignant/ISIC_0029744_640x480.jpg,val,malignant,2077,0.0,30779,88.0,1,-1
val_set/malignant/ISIC_0029780_640x480.jpg,val,malignant,2121,0.0,24501,88.0,1,-1
val_set/malignant/ISIC_0029819_640x480.jpg,val,malignant,1979,2.0,9320,90.0,1,-1
val_set/malignant/ISIC_0029839_640x480.jpg,val,malignant,2099,2.0,13056,80.0,1,-1
val_set/malignant/ISIC_0029843_640x480.jpg,val,malignant,2049,2.0,2887,76.0,1,-1
val_set/malignant/ISIC_0029859_640x480.jpg,val,malignant,2012,2.0,93,84.0,1,-1
val_set/malignant/ISIC_0029884_640x480.jpg,val,malignant,1401,0.0,14353,88.0,1,-1
val_set/malignant/ISIC_0029885_640x480.jpg,val,malignant,2169,2.0,27816,86.0,1,-1
val_set/malignant/ISIC_0029893_640x480.jpg,val,malignant,2178,0.0,6475,86.0,1,-1
val_set/malignant/ISIC_0029909_640x480.jpg,val,malignant,1500,2.0,27307,86.0,1,-1
val_set/malignant/ISIC_0029913_640x480.jpg,val,malignant,1288,2.0,24361,58.0,1,-1
val_set/malignant/ISIC_0029914_640x480.jpg,val,malignant,1955,2.0,21274,90.0,1,-1
val_set/malignant/ISIC_0029933_640x480.jpg,val,malignant,1933,2.0,20514,84.0,1,-1
val_set/malignant/ISIC_0029937_640x480.jpg,val,malignant,2042,0.0,20594,88.0,1,-1
val_set/malignant/ISIC_0029958_640x480.jpg,val,malignant,2150,4.0,32342,82.0,1,-1
val_set/malignant/ISIC_0029995_640x480.jpg,val,malignant,2159,0.0,10789,82.0,1,-1
val_set/malignant/ISIC_0030002_640x480.jpg,val,malignant,2228,0.0,15852,84.0,1,-1
val_set/malignant/ISIC_0030014_640x480.jpg,val,malignant,1366,2.0,10038,70.0,1,-1
val_set/malignant/ISIC_0030031_640x480.jpg,val,malignant,1762,2.0,7986,86.0,1,-1
val_set/malignant/ISIC_0030032_640x480.jpg,val,malignant,2205,0.0,26298,70.0,1,-1
val_set/malignant/ISIC_0030034_640x480.jpg,val,malignant,1997,4.0,23813,78.0,1,-1
val_set/malignant/ISIC_0030047_640x480.jpg,val,malignant,2135,2.0,8488,68.0,1,-1
val_set/malignant/ISIC_0030060_640x480.jpg,val,malignant,1278,0.0,9560,82.0,1,-1
val_set/malignant/ISIC_0030080_640x480.jpg,val,malignant,1252,2.0,17376,82.0,1,-1
val_set/malignant/ISIC_0030083_640x480.jpg,val,malignant,2227,0.0,21760,88.0,1,-1
val_set/malignant/ISIC_0030089_640x480.jpg,val,malignant,1357,0.0,55,72.0,1,-1
val_set/malignant/ISIC_0030106_640x480.jpg,val,malignant,1334,0.0,12176,84.0,1,-1
val_set/malignant/ISIC_0030107_640x480.jpg,val,malignant,2038,2.0,9497,78.0,1,-1
val_set/malignant/ISIC_0030110_640x480.jpg,val,malignant,2083,0.0,6837,82.0,1,-1
val_set/malignant/ISIC_0030119_640x480.jpg,val,malignant,1240,0.0,14182,84.0,1,-1
val_set/malignant/ISIC_0030122_640x480.jpg,val,malignant,2275,0.0,6716,82.0,1,-1
val_set/malignant/ISIC_0030129_640x480.jpg,val,malignant,1243,2.0,9934,70.0,1,-1
val_set/malignant/ISIC_0030134_640x480.jpg,val,malignant,1294,4.0,9681,90.0,1,-1
val_set/malignant/ISIC_0030150_640x480.jpg,val,malignant,1903,2.0,3602,82.0,1,-1
val_set/malignant/ISIC_0030165_640x480.jpg,val,malignant,1375,0.0,11660,64.0,1,-1
val_set/malignant/ISIC_0030171_640x480.jpg,val,malignant,1282,2.0,31954,58.0,1,-1
val_set/malignant/ISIC_0030183_640x480.jpg,val,malignant,2186,2.0,7230,88.0,1,-1
val_set/malignant/ISIC_0030187_640x480.jpg,val,malignant,1994,2.0,14041,94.0,1,-1
val_set/malignant/ISIC_0030192_640x480.jpg,val,malignant,2011,2.0,8428,92.0,1,-1
val_set/malignant/ISIC_0030211_640x480.jpg,val,malignant,1279,0.0,6234,94.0,1,-1
val_set/malignant/ISIC_0030223_640x480.jpg,val,malignant,1406,0.0,25688,86.0,1,-1
val_set/malignant/ISIC_0030238_640x480.jpg,val,malignant,1770,2.0,22704,90.0,1,-1
val_set/malignant/ISIC_0030246_640x480.jpg,val,malignant,2201,2.0,24845,86.0,1,-1
val_set/malignant/ISIC_0030255_640x480.jpg,val,malignant,2192,2.0,2783,50.0,1,-1
val_set/malignant/ISIC_0030277_640x480.jpg,val,malignant,2314,2.0,15894,86.0,1,-1
val_set/malignant/ISIC_0030281_640x480.jpg,val,malignant,1249,4.0,31119,68.0,1,-1
val_set/malignant/ISIC_0030324_640x480.jpg,val,malignant,1442,2.0,8985,84.0,1,-1
val_set/malignant/ISIC_0030333_640x480.jpg,val,malignant,1748,2.0,11722,80.0,1,-1
val_set/malignant/ISIC_0030356_640x480.jpg,val,malignant,2006,4.0,20553,88.0,1,-1
val_set/malignant/ISIC_0030360_640x480.jpg,val,malignant,2048,2.0,393,84.0,1,-1
val_set/malignant/ISIC_0030366_640x480.jpg,val,malignant,2019,4.0,2453,80.0,1,-1
val_set/malignant/ISIC_0030382_640x480.jpg,val,malignant,2062,2.0,4923,90.0,1,-1
val_set/malignant/ISIC_0030390_640x480.jpg,val,malignant,1990,2.0,6356,86.0,1,-1
val_set/malignant/ISIC_0030391_640x480.jpg,val,malignant,1767,0.0,18029,58.0,1,-1
val_set/malignant/ISIC_0030417_640x480.jpg,val,malignant,1220,0.0,5582,84.0,1,-1
val_set/malignant/ISIC_0030423_640x480.jpg,val,malignant,2153,0.0,21525,82.0,1,-1
val_set/malignant/ISIC_0030440_640x480.jpg,val,malignant,1432,2.0,24086,70.0,1,-1
val_set/malignant/ISIC_0030443_640x480.jpg,val,malignant,1223,0.0,6245,82.0,1,-1
val_set/malignant/ISIC_0030445_640x480.jpg,val,malignant,1295,0.0,3580,82.0,1,-1
val_set/malignant/ISIC_0030486_640x480.jpg,val,malignant,1233,0.0,29829,86.0,1,-1
val_set/malignant/ISIC_0030501_640x480.jpg,val,malignant,2059,0.0,30327,80.0,1,-1
val_set/malignant/ISIC_0030507_640x480.jpg,val,malignant,2247,2.0,3337,88.0,1,-1
val_set/malignant/ISIC_0030512_640x480.jpg,val,malignant,2028,4.0,5128,78.0,1,-1
val_set/malignant/ISIC_0030521_640x480.jpg,val,malignant,1354,6.0,18425,58.0,1,-1
val_set/malignant/ISIC_0030539_640x480.jpg,val,malignant,1342,4.0,9436,76.0,1,-1
val_set/malignant/ISIC_0030552_640x480.jpg,val,malignant,1421,0.0,20264,78.0,1,-1
val_set/malignant/ISIC_0030564_640x480.jpg,val,malignant,1593,4.0,10131,90.0,1,-1
val_set/malignant/ISIC_0030575_640x480.jpg,val,malignant,1472,2.0,14924,80.0,1,-1
val_set/malignant/ISIC_0030604_640x480.jpg,val,malignant,2280,2.0,3934,90.0,1,-1
val_set/malignant/ISIC_0030616_640x480.jpg,val,malignant,2122,0.0,9077,88.0,1,-1
val_set/malignant/ISIC_0030623_640x480.jpg,val,malignant,1212,4.0,1779,82.0,1,-1
val_set/malignant/ISIC_0030653_640x480.jpg,val,malignant,2162,2.0,17953,54.0,1,-1
val_set/malignant/ISIC_0030681_640x480.jpg,val,malignant,1457,2.0,16724,86.0,1,-1
val_set/malignant/ISIC_0030689_640x480.jpg,val,malignant,2070,0.0,5525,76.0,1,-1
val_set/malignant/ISIC_0030695_640x480.jpg,val,malignant,2183,0.0,16923,84.0,1,-1
val_set/malignant/ISIC_0030747_640x480.jpg,val,malignant,2100,4.0,1458,68.0,1,-1
